{"type": "FeatureCollection", "generator": "kokudo-quiz tools/fetch_raw.py (Overpass API)", "copyright": "The data included in this document is from www.openstreetmap.org. The data is made available under ODbL.", "timestamp": "2026-09-30T14:37:59Z", "features": [{"type": "Feature", "properties": {"@id": "relation/3118577", "colour": "red", "from": "宮城県石巻市", "name": "国道108号", "name:en": "National Highway Route 108", "name:ja": "国道108号", "name:ja-Hira": "こくどうひゃくはちごう", "name:ja-Latn": "kokudou 108 gou", "network": "JP:national", "official_name": "一般国道108号", "operator": "宮城県;秋田県;仙台河川国道事務所;秋田河川国道事務所", "ref": "108", "route": "road", "to": "秋田県由利本荘市", "type": "route", "wikidata": "Q6156718", "wikipedia": "ja:国道108号"}, "geometry": {"type": "MultiLineString", "coordinates": [[[141.2858227, 38.4428826], [141.2857945, 38.4429115], [141.2857512, 38.4429439], [141.2856198, 38.4430318], [141.2852262, 38.4432724], [141.2851072, 38.4433451], [141.2850394, 38.4433936], [141.2848904, 38.4435264], [141.2845213, 38.4438558], [141.2844505, 38.4439138], [141.2843897, 38.4439493], [141.2842224, 38.4440234], [141.2838334, 38.4441998], [141.2838113, 38.4442098], [141.2836028, 38.4443058], [141.2835675, 38.4443229], [141.2832118, 38.4444953], [141.2828676, 38.4446888], [141.2826902, 38.4447686], [141.282519, 38.4448338], [141.2824419, 38.4448632], [141.2819518, 38.4450314], [141.2818488, 38.4450657], [141.2816057, 38.4451466], [141.2813009, 38.4452465], [141.2811973, 38.4452804], [141.2811534, 38.4452948], [141.2808712, 38.4453873], [141.2806072, 38.4454738], [141.2804934, 38.4455119], [141.2803528, 38.4455607], [141.2802517, 38.4455933], [141.2801104, 38.445639], [141.2800358, 38.4456631], [141.2799554, 38.445689], [141.2797802, 38.4457457], [141.2794442, 38.4458307], [141.2791335, 38.4458979], [141.2790515, 38.4459116], [141.2790042, 38.4459194], [141.2787782, 38.4459581], [141.2784302, 38.4460048], [141.2780737, 38.4460455], [141.2776698, 38.4461017], [141.277468, 38.4461565], [141.2772807, 38.4462135], [141.2770969, 38.4462745], [141.2769124, 38.446339], [141.2765838, 38.4464421], [141.2765178, 38.4464564], [141.2762771, 38.4465087], [141.2761479, 38.4465316], [141.2759217, 38.4465716], [141.275904, 38.4465747], [141.2754949, 38.4466456], [141.2753907, 38.4466766], [141.2752579, 38.4467161], [141.2751095, 38.4467652], [141.2749133, 38.4468586], [141.2745908, 38.4470412], [141.2744837, 38.4470979], [141.2743668, 38.4471542], [141.2742827, 38.447194], [141.2742077, 38.4472276], [141.274134, 38.4472607], [141.273701, 38.4474544], [141.2735715, 38.4475149], [141.2729423, 38.4478259], [141.272534, 38.4480468], [141.2724056, 38.4481155], [141.2722776, 38.4481844], [141.2716726, 38.4484688], [141.271631, 38.4484954], [141.2715971, 38.4485222], [141.2714943, 38.4486337], [141.2713864, 38.4487877], [141.2710567, 38.4492677], [141.2708499, 38.4495896], [141.2706034, 38.4499692], [141.2705154, 38.4500877], [141.2704596, 38.4501401], [141.2703833, 38.4501903], [141.2703049, 38.450231], [141.2701765, 38.4502804], [141.2694016, 38.4505168], [141.2691195, 38.4506045], [141.2679719, 38.4509767], [141.267832, 38.4510193], [141.2677579, 38.4510354], [141.2676667, 38.4510445], [141.2675961, 38.4510479], [141.267499, 38.4510439], [141.2674127, 38.451032], [141.2673285, 38.4510172], [141.2672533, 38.4509933], [141.2671815, 38.4509648], [141.2670847, 38.4509033], [141.2669674, 38.4508076], [141.2668774, 38.4507176], [141.2668056, 38.4506338], [141.266655, 38.4507617], [141.2655907, 38.4516656], [141.2648805, 38.4522571], [141.2647722, 38.4523479], [141.2645749, 38.4525203], [141.2642672, 38.452789], [141.2640215, 38.4529936], [141.263468, 38.4534811], [141.2639535, 38.4531403], [141.2641277, 38.453018], [141.2646601, 38.4525797], [141.2648232, 38.4524453], [141.2649752, 38.4523168], [141.2658143, 38.4516123], [141.2667468, 38.4508275], [141.2668774, 38.4507176]], [[141.263468, 38.4534811], [141.2630616, 38.4538435], [141.2629882, 38.4539065], [141.262906, 38.4539515], [141.2628217, 38.4539831], [141.2624008, 38.4541117], [141.2618962, 38.4542681], [141.2598462, 38.4549021], [141.2591324, 38.4550966], [141.2589853, 38.4551356], [141.258834, 38.4551836], [141.258705, 38.455249], [141.2586021, 38.4553179], [141.2571001, 38.4563558], [141.2569495, 38.456441], [141.256793, 38.4564952], [141.2561903, 38.4566135], [141.2560891, 38.4566334], [141.255361, 38.4567805], [141.254743, 38.456907], [141.253705, 38.457051], [141.2527527, 38.4571137], [141.2525442, 38.4571239], [141.2522139, 38.4571262], [141.2519172, 38.4571289], [141.2513775, 38.4571104], [141.2509728, 38.4570965], [141.2506637, 38.4571331], [141.249722, 38.4575715], [141.2495871, 38.4576343], [141.2489953, 38.4579098], [141.248612, 38.4580882], [141.2484288, 38.4581735], [141.2470511, 38.4588148], [141.2445632, 38.4599729], [141.24374, 38.460401], [141.2434793, 38.4605346], [141.2433167, 38.460652], [141.2432586, 38.460694], [141.242981, 38.4609321], [141.2426541, 38.4611788], [141.2424507, 38.4614121], [141.2423823, 38.4615059], [141.2420398, 38.4620187], [141.241755, 38.4624101], [141.241103, 38.463306], [141.2410608, 38.4633639], [141.2410005, 38.4634505], [141.2409253, 38.4635781], [141.2405608, 38.4642455], [141.2403763, 38.4645758], [141.2400452, 38.4651845], [141.2395613, 38.4660195], [141.2394982, 38.4661319], [141.2391098, 38.4668395], [141.2390132, 38.4669661], [141.2388566, 38.4671327], [141.2383814, 38.4675186], [141.2379807, 38.4678175], [141.2378279, 38.4679072], [141.2376407, 38.4679993], [141.2374837, 38.4680638], [141.2373276, 38.4681262], [141.2370764, 38.468236], [141.2370275, 38.4682581], [141.2350458, 38.469118], [141.2349453, 38.4691629], [141.2337834, 38.4696597], [141.2325234, 38.4702004], [141.231279, 38.4707343], [141.2305353, 38.4710534], [141.2304555, 38.4710882], [141.229284, 38.4715903], [141.228152, 38.472076], [141.2280307, 38.4721161], [141.2274235, 38.4722942], [141.2267609, 38.4724682], [141.2265638, 38.47252], [141.2264055, 38.472544], [141.2260422, 38.4725398], [141.2253412, 38.472536], [141.2246703, 38.472525], [141.2240117, 38.4725113], [141.2233238, 38.4725008], [141.222651, 38.4724932], [141.221959, 38.4724776], [141.2212817, 38.4724667], [141.2209051, 38.4724618], [141.2206056, 38.4724578], [141.2192092, 38.4724259], [141.218572, 38.4724086], [141.2178635, 38.472395], [141.2169395, 38.4723807], [141.2165327, 38.4723744], [141.216507, 38.4723782], [141.2162916, 38.4723718], [141.2157665, 38.4723561], [141.2151474, 38.4723547], [141.2140475, 38.4723269], [141.2138172, 38.4723232], [141.2138031, 38.472323], [141.212951, 38.4723069], [141.2128513, 38.4723066], [141.2126837, 38.4722912], [141.2126103, 38.47227], [141.2124257, 38.4722074], [141.2124109, 38.4722024], [141.2123904, 38.4721954], [141.2120608, 38.4720822], [141.2118419, 38.4719896], [141.211575, 38.4718647], [141.2113997, 38.4717815], [141.2112026, 38.4716878], [141.2111284, 38.4716526], [141.210262, 38.4712308], [141.2099978, 38.4716547], [141.2099117, 38.4717989], [141.2098034, 38.4719802], [141.209741, 38.4720537], [141.2096679, 38.4721317], [141.2095397, 38.4722366], [141.2092914, 38.472432], [141.2091435, 38.4725682], [141.2090242, 38.472711], [141.2088794, 38.4728874], [141.2088338, 38.472943], [141.2084441, 38.4734493], [141.208339, 38.4735826], [141.2080438, 38.4739604], [141.2078923, 38.4741567], [141.2077469, 38.4743488], [141.2076913, 38.4744239], [141.2076575, 38.4744696], [141.2076071, 38.4745376], [141.2074967, 38.4747121], [141.2074229, 38.4748906], [141.207376, 38.4750313], [141.2073332, 38.4752087], [141.2073036, 38.4752907], [141.2072727, 38.4753589], [141.2072245, 38.4754429], [141.2071802, 38.4754996], [141.2071664, 38.4755184], [141.2070693, 38.4756504], [141.2070072, 38.47574], [141.2069052, 38.4758954], [141.2067617, 38.4761159], [141.2066065, 38.4763782], [141.2064815, 38.4765894], [141.2063201, 38.4768712], [141.2062977, 38.4769086], [141.206212, 38.477047], [141.2061697, 38.4771309], [141.2060992, 38.4773366], [141.2058659, 38.4781564], [141.205666, 38.478483], [141.205485, 38.4786986], [141.2053603, 38.4788676], [141.20527, 38.4790503], [141.2051497, 38.479381], [141.2048993, 38.4800674], [141.2048908, 38.4800883], [141.20486, 38.4801637], [141.2048462, 38.4801977], [141.2048323, 38.480227], [141.2047753, 38.4803654], [141.2047243, 38.480515], [141.2047244, 38.4806319], [141.2047477, 38.4807188], [141.2047851, 38.4808172], [141.2049894, 38.4811264], [141.2050465, 38.4812435], [141.2050834, 38.4813434], [141.2051792, 38.4819405], [141.2052732, 38.4825472], [141.2053469, 38.4829988], [141.2053582, 38.4831068], [141.2053552, 38.4831989], [141.2053316, 38.4833113], [141.2052731, 38.4834428], [141.2050118, 38.4839014], [141.2049204, 38.4840423], [141.2048237, 38.4841685], [141.2039264, 38.4849945], [141.2034315, 38.4855381], [141.2033064, 38.4856966], [141.2032373, 38.4858334], [141.2031991, 38.485962], [141.2031883, 38.4860928], [141.203192, 38.4862515], [141.2032039, 38.4863576], [141.2032262, 38.4865012], [141.20324, 38.4865943], [141.2032489, 38.4867022], [141.2032521, 38.4867811], [141.2032483, 38.4868534], [141.2032387, 38.4869333], [141.2032118, 38.4870214], [141.2031823, 38.4871044], [141.2031194, 38.4872153], [141.2029825, 38.4874089], [141.2024152, 38.4881972], [141.2023984, 38.4882175], [141.2023808, 38.4882489], [141.2017676, 38.4891773], [141.2015462, 38.4895125], [141.201168, 38.4901014], [141.2008528, 38.4905811], [141.2007132, 38.4908129], [141.2006316, 38.4909611], [141.2005867, 38.4910922], [141.2005605, 38.4912162], [141.2005464, 38.4913216], [141.200543, 38.4914733], [141.2005566, 38.491609], [141.2006684, 38.4921862], [141.2007051, 38.4923685], [141.2007469, 38.4925262], [141.2008099, 38.4926689], [141.200874, 38.492773], [141.2010165, 38.4929523], [141.2013159, 38.493211], [141.2015366, 38.4933785], [141.2016629, 38.4935055], [141.2017232, 38.4935877], [141.2017586, 38.4936359], [141.2018431, 38.4938104], [141.2019124, 38.4940901], [141.2021077, 38.4949011], [141.2021898, 38.4951948], [141.2022462, 38.4954316], [141.2022936, 38.4956913], [141.2023507, 38.4962696], [141.2023683, 38.4965946], [141.2024064, 38.4969052], [141.2024543, 38.4971109], [141.2025307, 38.497284], [141.2028712, 38.4979021], [141.2029383, 38.4980514], [141.2029756, 38.4981789], [141.2029772, 38.4983169], [141.2029777, 38.4983647], [141.2029385, 38.498778], [141.2029139, 38.4990574], [141.202898, 38.4992658], [141.2028822, 38.4994996], [141.2028672, 38.4996048], [141.2028471, 38.4996923], [141.2027558, 38.4999379], [141.2025107, 38.5003649], [141.2020259, 38.5011482], [141.2017594, 38.5015702], [141.2017079, 38.5016522], [141.2007567, 38.5032086], [141.2007351, 38.5032361], [141.2006683, 38.5033212], [141.2006208, 38.5034104], [141.2005635, 38.5035098], [141.2005492, 38.5035513], [141.200527, 38.5036161], [141.2005036, 38.5037089], [141.200481, 38.5038339], [141.2004808, 38.5040281], [141.2005096, 38.5043319], [141.2005308, 38.5045451], [141.200551, 38.5046188], [141.200594, 38.5047758], [141.2006088, 38.5048145], [141.2006609, 38.5049513], [141.2006946, 38.5050707], [141.2007205, 38.5052216], [141.200718, 38.505249], [141.2007085, 38.5053573], [141.2006869, 38.5054858], [141.2006353, 38.5056321], [141.200496, 38.505899], [141.2003876, 38.5060873], [141.2003679, 38.5061216], [141.2003514, 38.506147], [141.200291, 38.5062187], [141.200264, 38.5062487], [141.2000953, 38.5063607], [141.1999552, 38.5064424], [141.1995112, 38.50661], [141.1992391, 38.5067044], [141.1987609, 38.5068438], [141.1986245, 38.5068836], [141.1985118, 38.5069145], [141.1984051, 38.5069437], [141.1979942, 38.5070397], [141.1977754, 38.5070939], [141.1975666, 38.5071693], [141.19742, 38.5072386], [141.1970717, 38.5074032], [141.1968713, 38.5074645], [141.1967192, 38.5074918], [141.1963826, 38.5075116], [141.1958838, 38.5075563], [141.1957679, 38.5075723], [141.1955845, 38.5076108], [141.1954455, 38.5076482], [141.1952859, 38.5076975], [141.1950505, 38.5077702], [141.1941542, 38.5080519], [141.1936727, 38.5082322], [141.1923389, 38.5087369], [141.1919675, 38.5088724], [141.1904895, 38.509413], [141.1894725, 38.5097854], [141.1880355, 38.5103172], [141.1863664, 38.5109309], [141.1844805, 38.5116243], [141.1838738, 38.5118484], [141.183819, 38.5118686], [141.1829048, 38.5122062], [141.1825455, 38.5123568], [141.1816426, 38.5126994], [141.1806895, 38.5130626], [141.180325, 38.5132009], [141.1802686, 38.5132226], [141.1790317, 38.5136759], [141.1786683, 38.5138145], [141.178498, 38.5139047], [141.1784189, 38.5139638], [141.1782873, 38.5140953], [141.1781774, 38.5142269], [141.1780983, 38.5143623], [141.1780273, 38.5145912], [141.1779857, 38.5149877], [141.1779776, 38.5150957], [141.1779977, 38.515272], [141.1779733, 38.5154877], [141.1779146, 38.5156645], [141.1778314, 38.5157957], [141.1777617, 38.5158754], [141.1776713, 38.5159516], [141.1774023, 38.5161136], [141.177116, 38.516259], [141.1769356, 38.516335], [141.1768082, 38.516419], [141.1767103, 38.5165354], [141.1766251, 38.516667], [141.1764823, 38.516994], [141.1763313, 38.5173239], [141.1762148, 38.5176593], [141.1761932, 38.5178134], [141.1761913, 38.5179604], [141.1762048, 38.5181076], [141.1762607, 38.5182936], [141.1763407, 38.5185031], [141.176694, 38.519273], [141.17662, 38.5198524], [141.1765888, 38.5199189], [141.1764983, 38.5200812], [141.1762356, 38.5204677], [141.1760531, 38.5206826], [141.1758168, 38.5208822], [141.1756158, 38.5210124], [141.1752265, 38.5211807], [141.1751709, 38.5212047], [141.174774, 38.5213681], [141.1747025, 38.5213928], [141.1737978, 38.5218164], [141.173441, 38.521974], [141.1721131, 38.5227501], [141.1720935, 38.5227662], [141.1716026, 38.5230439], [141.1711607, 38.5232204], [141.1708658, 38.5232621], [141.1706032, 38.5232843], [141.1702585, 38.5232647], [141.1699316, 38.5232221], [141.1695554, 38.5231736], [141.1692921, 38.5231489], [141.1688264, 38.5231122], [141.1682978, 38.5230892], [141.1679478, 38.5230779], [141.1676019, 38.5230781], [141.166918, 38.5230943], [141.1662802, 38.5231341], [141.1657969, 38.5231388], [141.1655228, 38.5231047], [141.1644304, 38.5228758], [141.1639695, 38.5228251], [141.163525, 38.522853], [141.1632507, 38.5228947], [141.1628635, 38.5229893], [141.162667, 38.5230746], [141.1625154, 38.5231394], [141.1623545, 38.5232132], [141.1621025, 38.5233383], [141.1618567, 38.5234761], [141.1613021, 38.5238473], [141.1607592, 38.5242234], [141.1602144, 38.5245889], [141.1597037, 38.5249282], [141.1579533, 38.5260712], [141.157585, 38.526337], [141.1573161, 38.5263787], [141.156669, 38.526479], [141.1539253, 38.5265526], [141.1537131, 38.5265584], [141.1526701, 38.5268394], [141.1520383, 38.526878], [141.151202, 38.526948], [141.1510405, 38.5269813], [141.150398, 38.527004], [141.149473, 38.527143], [141.148675, 38.527529], [141.1477469, 38.5282183], [141.147256, 38.528583], [141.14516, 38.529858], [141.1438361, 38.5309134], [141.1431657, 38.5314938], [141.1430218, 38.5315996], [141.1427753, 38.5317188], [141.1426939, 38.5317672], [141.1426318, 38.5318014], [141.1425806, 38.5318179], [141.1425242, 38.531835], [141.1424695, 38.5318435], [141.1424427, 38.5318451], [141.1424213, 38.5318463], [141.1423176, 38.5318387], [141.1421806, 38.5318187], [141.1418359, 38.5316344], [141.1417468, 38.5315989], [141.1416708, 38.5315873], [141.1415973, 38.5315832], [141.141485, 38.531579], [141.1413989, 38.5315904], [141.1412829, 38.5316213], [141.1411482, 38.5316672], [141.1410824, 38.5316805], [141.140971, 38.5316887], [141.1409079, 38.5316818], [141.1408313, 38.5316578], [141.140069, 38.5313132]], [[141.1430218, 38.5315996], [141.1425051, 38.5320261], [141.1422287, 38.5323052], [141.142165, 38.5323792], [141.1420053, 38.5325683], [141.1419341, 38.5325214], [141.1418678, 38.5324777], [141.1415091, 38.5322582], [141.1412527, 38.5321004], [141.1407394, 38.5317689], [141.140069, 38.5313132], [141.1397375, 38.5311306], [141.1381647, 38.5302722], [141.1375368, 38.5299413], [141.1370327, 38.5296749], [141.1368878, 38.5296025], [141.1367426, 38.5295431], [141.1366008, 38.5294886], [141.1364708, 38.5294426], [141.1362492, 38.5293971], [141.1361145, 38.5293713], [141.1360213, 38.5293561], [141.1357583, 38.5293307], [141.1354874, 38.529336], [141.1351924, 38.5293685], [141.1349842, 38.5294156], [141.1336192, 38.5298154], [141.1329843, 38.5300012], [141.131631, 38.530402], [141.1313597, 38.530492], [141.1310694, 38.5305872], [141.130019, 38.530898], [141.128236, 38.5314628], [141.1267176, 38.5319566], [141.1251632, 38.5324675], [141.1235836, 38.5329987], [141.1230568, 38.533259], [141.1224778, 38.5335848], [141.1220118, 38.533937], [141.1209973, 38.5346983], [141.1203812, 38.5351731], [141.1196658, 38.5357266], [141.118833, 38.5363813], [141.1182096, 38.5368848], [141.1176566, 38.5373539], [141.11744, 38.5375184], [141.1172712, 38.5376383], [141.1170662, 38.5377618], [141.1166429, 38.5379802], [141.1146859, 38.5388499], [141.1125137, 38.5398235], [141.1110627, 38.5404766], [141.1103884, 38.5407884], [141.109843, 38.5411049], [141.1093665, 38.541508], [141.1091027, 38.5417917], [141.1087851, 38.5422253], [141.1085866, 38.5425701], [141.1084754, 38.5428703], [141.1084143, 38.5430494], [141.108338, 38.543273], [141.108336, 38.5432974], [141.1081294, 38.545847], [141.108078, 38.546164], [141.107992, 38.546416], [141.107856, 38.54669], [141.107748, 38.54684], [141.107462, 38.547183], [141.106642, 38.547689], [141.1057, 38.548012], [141.1044321, 38.5481619], [141.103137, 38.548315], [141.101961, 38.548612], [141.099432, 38.549476], [141.0990612, 38.549598], [141.0976723, 38.5500377], [141.0964188, 38.5504527], [141.095729, 38.550658], [141.0934591, 38.5514356], [141.092407, 38.551796], [141.0919192, 38.5519456], [141.0918976, 38.5519522], [141.0910099, 38.5522473], [141.090032, 38.55255], [141.0882526, 38.5531764], [141.0874181, 38.5534701], [141.0872815, 38.5535182], [141.086819, 38.553681], [141.082378, 38.5551052], [141.0787436, 38.5563509], [141.0779074, 38.5565793], [141.0768776, 38.5567683], [141.0760117, 38.5569132], [141.0755366, 38.5569697], [141.0747068, 38.5570173], [141.0735745, 38.5569966], [141.07242, 38.556927], [141.070308, 38.556474], [141.068339, 38.555956], [141.0664117, 38.5553494], [141.062102, 38.554103], [141.0604981, 38.5535987], [141.0597007, 38.5533758], [141.0590947, 38.5531936], [141.0584343, 38.5530099], [141.0568835, 38.5525734], [141.0558792, 38.5524119], [141.0551379, 38.552349], [141.0544485, 38.5523156], [141.0535111, 38.5523088], [141.0526767, 38.5523408], [141.0519337, 38.5524146], [141.0513065, 38.5525056], [141.0502904, 38.5526914], [141.0491344, 38.5529551], [141.0491, 38.552963], [141.0484251, 38.5531257], [141.0474725, 38.5533876], [141.0449305, 38.5541853], [141.0438334, 38.5545798], [141.0432555, 38.5548132], [141.0430867, 38.5548813], [141.0424371, 38.5551659], [141.0423652, 38.5551975], [141.041599, 38.555557], [141.040734, 38.556037], [141.0398244, 38.5565739], [141.039381, 38.5568773], [141.038207, 38.557697], [141.0375599, 38.5581183], [141.0370856, 38.5584028], [141.0365732, 38.5586643], [141.0360448, 38.5589052], [141.0355226, 38.559096], [141.0347683, 38.5593219], [141.0341879, 38.5594543], [141.0340822, 38.55948], [141.0339879, 38.5595002], [141.033598, 38.5595591], [141.0331346, 38.5596109], [141.0325725, 38.5596551], [141.0320747, 38.559667], [141.0303763, 38.5595837], [141.0300841, 38.5595665], [141.029317, 38.5595287], [141.028484, 38.5594979], [141.0277996, 38.5594906], [141.0271844, 38.5595115], [141.0270943, 38.5595237], [141.0269052, 38.5595493], [141.02674, 38.5595866], [141.0266961, 38.5595965], [141.0262402, 38.559714], [141.024231, 38.5603728], [141.0241276, 38.5604067], [141.0240198, 38.5604411], [141.0233329, 38.5606604], [141.0228764, 38.5608061], [141.0227871, 38.5608346], [141.022722, 38.5608533], [141.0217263, 38.5611405], [141.0212352, 38.5612807], [141.0203259, 38.5616037], [141.0189794, 38.5620651], [141.0182767, 38.5622937], [141.0179504, 38.5623944], [141.0178556, 38.5624237], [141.0176117, 38.5625017], [141.0162554, 38.5629357], [141.0162279, 38.5629445], [141.0148042, 38.5634001], [141.0146393, 38.5634533], [141.0133717, 38.5638624], [141.0121359, 38.5642613], [141.0109799, 38.564632], [141.0106196, 38.5647477], [141.0100224, 38.5649395], [141.0099554, 38.5649603], [141.0099083, 38.5649767], [141.0095601, 38.5650848], [141.0090546, 38.5652384], [141.0085982, 38.5653637], [141.0082, 38.5654557], [141.008092, 38.5654852], [141.0070163, 38.5656876], [141.0063582, 38.5658114], [141.0048898, 38.5660876], [141.0034622, 38.5663589], [141.0025593, 38.566527], [140.9994033, 38.5671148], [140.9993433, 38.5671258], [140.9974936, 38.5674664], [140.9958066, 38.567785], [140.9953716, 38.5678656], [140.9926343, 38.568373], [140.9925567, 38.5683874], [140.9924739, 38.5684027], [140.9918224, 38.5685407], [140.9915126, 38.5685961], [140.9909749, 38.5686895], [140.9898645, 38.5688736], [140.9882206, 38.5691775], [140.9868458, 38.5694317], [140.9864495, 38.569505], [140.9853236, 38.5697172], [140.98392, 38.5699819], [140.9834788, 38.570065], [140.9833742, 38.5700878], [140.981826, 38.5703806], [140.9818025, 38.570385], [140.9804386, 38.570654], [140.9803633, 38.5706687], [140.9790374, 38.5709268], [140.9780918, 38.5711109], [140.9760916, 38.5715003], [140.9756199, 38.5715883], [140.9737051, 38.5719649], [140.97286, 38.5721294], [140.9724026, 38.5722185], [140.9723148, 38.5722356], [140.9713833, 38.5724169], [140.9707338, 38.5725433], [140.9686918, 38.5729408], [140.9681993, 38.5730367], [140.9664701, 38.5733683], [140.9647534, 38.5737075], [140.9649078, 38.5742507], [140.964913, 38.5742674], [140.9650721, 38.5747759], [140.9652224, 38.5752679], [140.9655763, 38.5763389], [140.9651609, 38.5764079], [140.9648561, 38.5764683], [140.9645806, 38.5765572], [140.9642283, 38.5766709], [140.9635586, 38.576956], [140.9635239, 38.576973], [140.9626084, 38.5774215], [140.9625972, 38.577427], [140.9615691, 38.5779306], [140.9610121, 38.5783388], [140.9608839, 38.5784327], [140.959994, 38.5791334], [140.9597178, 38.5793509], [140.959201, 38.5797497], [140.9588029, 38.5800568], [140.9584556, 38.5803253], [140.9583968, 38.5803723], [140.9582777, 38.5804674], [140.9581057, 38.5805931], [140.9573539, 38.5811428], [140.9566224, 38.5815806], [140.9560823, 38.5818626], [140.9557636, 38.5820153], [140.9555547, 38.5821145], [140.9552646, 38.5822367], [140.955016, 38.5823414], [140.9544014, 38.5825659], [140.9536367, 38.5827836], [140.9528865, 38.5829583], [140.9527849, 38.5829763], [140.9522603, 38.5830693], [140.9520962, 38.5830996], [140.9504803, 38.5833355], [140.9502965, 38.5833457], [140.9502427, 38.5833547], [140.9500729, 38.5834045], [140.9497508, 38.5835622], [140.949319, 38.5837641], [140.9490302, 38.5839079], [140.9486956, 38.5840651], [140.9481917, 38.5843017], [140.9480525, 38.5843537], [140.9479087, 38.5844227], [140.9462348, 38.5852256], [140.9453834, 38.5856232], [140.945246, 38.5856877], [140.945118, 38.5857477], [140.9448384, 38.5858943], [140.9445411, 38.5860493], [140.9441695, 38.5862734], [140.9438297, 38.5864781], [140.9435183, 38.5866883], [140.9429631, 38.5870447], [140.941606, 38.5879156], [140.9408592, 38.5883921], [140.9403613, 38.5887217], [140.9401313, 38.5888849], [140.9400074, 38.5889955], [140.93988, 38.5891145], [140.9397667, 38.5892445], [140.9396818, 38.5893635], [140.9395721, 38.5895543], [140.9394227, 38.5898622], [140.9391757, 38.5904064], [140.9390766, 38.5905779], [140.938963, 38.590724], [140.938889, 38.5908102], [140.938751, 38.5909375], [140.9385988, 38.591073], [140.938436, 38.5912058], [140.9380167, 38.5914964], [140.937537, 38.5918504], [140.9369055, 38.5922922], [140.9358665, 38.5930454], [140.9354454, 38.5933663], [140.9350631, 38.5936512], [140.9347906, 38.5938476], [140.9345004, 38.5940495], [140.9339766, 38.5943898], [140.9339535, 38.5944052], [140.9336581, 38.5946028], [140.933474, 38.5947217], [140.9333041, 38.5948904], [140.9332049, 38.5950389]], [[140.9504803, 38.5833355], [140.950294, 38.583394], [140.9501825, 38.5834497], [140.9497308, 38.5836752], [140.9486872, 38.5841891], [140.9482795, 38.5843716], [140.9481258, 38.584426], [140.9474919, 38.584715], [140.9462862, 38.5852972], [140.9455079, 38.5856539], [140.9452989, 38.5857555], [140.9447938, 38.5860028], [140.9441583, 38.5863757], [140.943057, 38.5870844], [140.9425806, 38.5873917], [140.9416885, 38.5879603], [140.9409379, 38.588441], [140.9405183, 38.588712], [140.9402493, 38.5888938], [140.9400822, 38.5890374], [140.9399307, 38.5891921], [140.9397845, 38.5893735], [140.9396815, 38.5895447], [140.9396285, 38.5896539], [140.9395281, 38.5898866], [140.9393378, 38.5902902], [140.9391811, 38.5905988], [140.9390402, 38.590772], [140.9389315, 38.5908946], [140.9384969, 38.5912555], [140.9380846, 38.5915708], [140.937306, 38.5921313], [140.9366969, 38.5925614], [140.9360799, 38.5930015], [140.9350874, 38.593745], [140.9344648, 38.5941841], [140.9339384, 38.59454], [140.9336765, 38.5947176], [140.9333173, 38.5949729], [140.9332049, 38.5950389], [140.9331011, 38.5951681], [140.932994, 38.5953214], [140.932945, 38.5953974], [140.9328663, 38.5955458], [140.9327612, 38.5957216], [140.9326991, 38.5958254], [140.9325067, 38.5961839], [140.9324602, 38.5962716], [140.9320984, 38.5969538], [140.9318604, 38.5973573], [140.9318245, 38.5974004], [140.9315473, 38.5977337], [140.9312969, 38.5979767], [140.9310256, 38.5981853], [140.9309218, 38.598249], [140.9303139, 38.5986605], [140.9298809, 38.5989602], [140.9296923, 38.5990982], [140.9294195, 38.5992979], [140.928608, 38.5999115], [140.9283474, 38.6000964], [140.9282196, 38.6002009], [140.9279639, 38.6004098], [140.9276053, 38.6007405], [140.9273556, 38.6009758], [140.9273228, 38.6010068], [140.9272511, 38.6010815], [140.9268148, 38.6015366], [140.9264153, 38.6019894], [140.9258992, 38.6026654], [140.9254043, 38.603339], [140.9250169, 38.6038205], [140.9245314, 38.6044903], [140.9243281, 38.6047938], [140.9242257, 38.6049894], [140.9242168, 38.6050063], [140.9241297, 38.6052149], [140.9241236, 38.605239], [140.9240627, 38.6054251], [140.923989, 38.6056407], [140.9238916, 38.6058771], [140.9237042, 38.6062209], [140.9229208, 38.6074233], [140.9227409, 38.6077179], [140.9223253, 38.6083986], [140.9220417, 38.6088549], [140.9219678, 38.6089521], [140.9218747, 38.6090744], [140.921746, 38.6092131], [140.9215964, 38.6093575], [140.9213106, 38.6095282], [140.9202563, 38.6100517], [140.9196161, 38.6104125], [140.9194581, 38.6105185], [140.9190568, 38.6107878], [140.9183719, 38.6112835], [140.918147, 38.6114465], [140.917801, 38.6116973], [140.9175811, 38.6118457], [140.9172222, 38.6120878], [140.9165891, 38.6125008], [140.9158023, 38.6130369], [140.9156487, 38.6131608], [140.9154481, 38.6133225], [140.9152805, 38.6134577], [140.9148235, 38.6138664], [140.9145866, 38.6141146], [140.9142732, 38.614443], [140.9137202, 38.6151325], [140.9133122, 38.6156559], [140.9128253, 38.6162789], [140.9120263, 38.6173595], [140.9116148, 38.6178723], [140.9109552, 38.6186088], [140.9104683, 38.6190665], [140.9098334, 38.6196675], [140.9091966, 38.6202462], [140.9087807, 38.6205801], [140.9082586, 38.620955], [140.9076014, 38.6213405], [140.9070014, 38.6216575], [140.9064626, 38.6219355], [140.9061081, 38.6221396], [140.9057817, 38.6223519], [140.9054996, 38.6225442], [140.905165, 38.6228021], [140.904364, 38.6234293], [140.9041267, 38.6236267], [140.9019074, 38.6253748], [140.9011651, 38.6259778], [140.9002622, 38.6267113], [140.899043, 38.6276487], [140.8984146, 38.6281351], [140.8983779, 38.6281659], [140.898117, 38.6283698], [140.8980801, 38.6283994], [140.8976167, 38.6287717], [140.8965452, 38.6296562], [140.896455, 38.6297306], [140.8958997, 38.6302348], [140.8949114, 38.6311601], [140.8947009, 38.6313573], [140.8935659, 38.6324213], [140.8934973, 38.6324868], [140.8921441, 38.6337787], [140.8907553, 38.6350892], [140.8906349, 38.6352028], [140.8900072, 38.6357933], [140.8892951, 38.6364633], [140.8881932, 38.6375061], [140.8870889, 38.6385463], [140.8870231, 38.6386092], [140.8863767, 38.6392275], [140.886084, 38.6394619], [140.885716, 38.6397247], [140.8854584, 38.6398793], [140.8841539, 38.6407255], [140.8833408, 38.6412528], [140.8829783, 38.6414855], [140.8825778, 38.6417424], [140.8820691, 38.6420673], [140.8817486, 38.6422716], [140.8813427, 38.6425303], [140.8810379, 38.6427246], [140.8808348, 38.642857], [140.8798887, 38.6434736], [140.8793757, 38.6438748], [140.8788877, 38.6442969], [140.8783405, 38.6448757], [140.8781495, 38.6451287], [140.8780708, 38.645233], [140.8780147, 38.6453252], [140.8778882, 38.6454605], [140.8776992, 38.6458187], [140.8776185, 38.6460232], [140.8775552, 38.6462487], [140.8774844, 38.6464935], [140.8774267, 38.6467742], [140.8773858, 38.6470891], [140.8773755, 38.6472895], [140.8773825, 38.6478771], [140.8773925, 38.6480801], [140.8775048, 38.6487573], [140.8775199, 38.6488486], [140.877784, 38.6495587], [140.8778293, 38.6496806], [140.8779078, 38.6498434], [140.8780295, 38.6500954], [140.8783553, 38.6507904], [140.8786877, 38.6515515], [140.8789025, 38.6520135], [140.8789233, 38.6520582], [140.879192, 38.6526394], [140.880262, 38.6549535], [140.8802828, 38.6549993], [140.8804748, 38.6554217], [140.880568, 38.6556711], [140.8806157, 38.6558671], [140.8806432, 38.6560664], [140.8806388, 38.6563563], [140.8806083, 38.6566462], [140.8805901, 38.6567048], [140.8804792, 38.6570619], [140.8803038, 38.6574167], [140.8801418, 38.6576293], [140.8797413, 38.6580433], [140.8794201, 38.6583094], [140.8790274, 38.6585955], [140.8767474, 38.6599683], [140.8757548, 38.6605699], [140.8746942, 38.6611958], [140.874371, 38.6614009], [140.8742039, 38.6615054], [140.8739339, 38.6616782], [140.8733734, 38.662077], [140.8729624, 38.6624013], [140.872582, 38.6627329], [140.8720009, 38.663299], [140.8719311, 38.6633626], [140.8715998, 38.663748], [140.8712788, 38.6641488], [140.869139, 38.6666958], [140.8690786, 38.6667673], [140.867427, 38.6687366], [140.867364, 38.6688099], [140.8660704, 38.6703877], [140.8659988, 38.6704751], [140.8659297, 38.6705596], [140.8641052, 38.6727911], [140.8634543, 38.67369], [140.8626831, 38.6748595], [140.8619846, 38.6759048], [140.8617302, 38.6762379], [140.8616039, 38.6763796], [140.8614625, 38.6765382], [140.8611955, 38.6768466], [140.8608416, 38.6771926], [140.8601511, 38.6778186], [140.8599335, 38.6780348]], [[140.8780147, 38.6453252], [140.8779495, 38.6454869], [140.8777751, 38.6458409], [140.8776963, 38.6460378], [140.8776175, 38.6462671], [140.8775461, 38.6465165], [140.8774874, 38.6467775], [140.87744, 38.6470816], [140.8774196, 38.6472938], [140.8774227, 38.6478813], [140.8774387, 38.6480749], [140.8774656, 38.6482678], [140.8775606, 38.6487506], [140.8775751, 38.6488242], [140.8778394, 38.6495455], [140.8778853, 38.6496707], [140.8779572, 38.6498274], [140.8788321, 38.6517343], [140.8789449, 38.6519864], [140.8789678, 38.6520377], [140.8803023, 38.6549394], [140.8803209, 38.6549794], [140.8805641, 38.6555035], [140.8806168, 38.655666], [140.8806643, 38.6558326], [140.8806983, 38.6561195], [140.880688, 38.6563921], [140.8806568, 38.6566849], [140.8806061, 38.656905], [140.8805217, 38.6571394], [140.8803841, 38.6573972], [140.880213, 38.6576497], [140.8801383, 38.6577204], [140.8798076, 38.6580467], [140.879483, 38.6583251], [140.8790504, 38.6586166], [140.8788522, 38.6587417], [140.8747581, 38.661195], [140.8743558, 38.6614498], [140.8741771, 38.661563], [140.8739581, 38.6617017], [140.8733812, 38.6621153], [140.8730129, 38.6624094], [140.8726507, 38.6627395], [140.8720481, 38.663322], [140.8719785, 38.6633889], [140.8691866, 38.6667204], [140.8691242, 38.6667923], [140.8683466, 38.6677264], [140.8674779, 38.668764], [140.8674167, 38.6688387], [140.8661224, 38.6704163], [140.8660463, 38.6705091], [140.8659789, 38.6705887], [140.8650526, 38.6716835], [140.8646914, 38.6721079], [140.8640481, 38.6729152], [140.8634651, 38.6737282], [140.8627169, 38.6748775], [140.8619871, 38.6759763], [140.8617453, 38.6763155], [140.8616612, 38.6764164], [140.8615253, 38.6765794], [140.8611855, 38.6769464], [140.8608836, 38.677244], [140.8601701, 38.6778499], [140.8599335, 38.6780348], [140.859272, 38.6786389], [140.8591047, 38.6788207], [140.8588302, 38.6791481], [140.8585509, 38.6795177], [140.8582911, 38.6799335], [140.8579688, 38.6804492], [140.8575015, 38.6812701], [140.8573192, 38.6815951], [140.8571204, 38.6819981], [140.8568698, 38.6825702], [140.8565744, 38.6831308], [140.8562728, 38.6835326], [140.8560388, 38.6838005], [140.8550218, 38.6847877], [140.853712, 38.6859899], [140.8536087, 38.6860847], [140.852653, 38.6869619], [140.8517263, 38.6878791], [140.8515137, 38.688085], [140.8514509, 38.6881457], [140.849436, 38.6900623], [140.8476279, 38.6917792], [140.8475678, 38.691836], [140.8474412, 38.6919557], [140.8469902, 38.6924119], [140.8467572, 38.6926696], [140.8465218, 38.6929651], [140.8463356, 38.6932572], [140.8461783, 38.6935495], [140.8460659, 38.6938407], [140.8459102, 38.6944495], [140.845784, 38.6949236], [140.8456975, 38.6951704], [140.8455938, 38.6953909], [140.8454359, 38.6956103], [140.8452509, 38.6958268], [140.8448597, 38.6961852], [140.8446832, 38.696343], [140.8429487, 38.6979546], [140.8429234, 38.6979781], [140.8421884, 38.6986167], [140.8412741, 38.6994447], [140.8405255, 38.7001533], [140.8402101, 38.7004663], [140.8398658, 38.7008512], [140.8395682, 38.701236], [140.8392747, 38.701696], [140.83801, 38.7037001], [140.837572, 38.7044187], [140.8373705, 38.7047129], [140.8371108, 38.7050646], [140.8369112, 38.7053023], [140.8366755, 38.7055564], [140.8356289, 38.7065899], [140.8355726, 38.7066455], [140.8345264, 38.7077025], [140.8340511, 38.7081827], [140.8339607, 38.7082747], [140.8338644, 38.7083741], [140.8327938, 38.7094796], [140.8324247, 38.7098554], [140.832191, 38.7100933], [140.8321405, 38.710148], [140.8319965, 38.7103054], [140.8314883, 38.710861], [140.8311733, 38.7112392], [140.8305124, 38.7121417], [140.8302214, 38.7125214], [140.8300118, 38.7127456], [140.8298057, 38.712929], [140.8296483, 38.7130537], [140.8295089, 38.7131537], [140.8294403, 38.7131985], [140.8293717, 38.7132432], [140.8289849, 38.7134483], [140.8285801, 38.7136429], [140.8280933, 38.7138421], [140.8280375, 38.7138638], [140.827303, 38.7141425], [140.8264935, 38.7144497], [140.8259959, 38.7146706], [140.8247176, 38.7153624], [140.8233398, 38.7161418], [140.8230279, 38.7163095], [140.8228281, 38.716395], [140.822676, 38.7164601], [140.8224521, 38.7165394], [140.822237, 38.7165856], [140.8219703, 38.7166094], [140.821462, 38.716634], [140.820677, 38.716561], [140.8198802, 38.7163158], [140.819829, 38.7163], [140.818991, 38.715965], [140.8183288, 38.7158089], [140.817788, 38.7158542], [140.8170992, 38.7160729], [140.8148144, 38.7169847], [140.8144634, 38.7170538], [140.814103, 38.717064], [140.8136178, 38.7170223], [140.8133128, 38.7169771], [140.8130087, 38.7169113], [140.8127057, 38.7168284], [140.8121798, 38.7166806], [140.8104026, 38.7161926], [140.8101229, 38.7161369], [140.8098042, 38.7160816], [140.8094524, 38.7160514], [140.8090057, 38.7160424], [140.808501, 38.716067], [140.8075491, 38.7162678], [140.804261, 38.7175131], [140.8039833, 38.7176745], [140.8034979, 38.7179555], [140.8032604, 38.7181452], [140.8029833, 38.7184471], [140.8027293, 38.7187867], [140.8005781, 38.7232751], [140.800329, 38.7236622], [140.7999738, 38.7241291], [140.7998413, 38.7243096], [140.7993765, 38.7248048], [140.7980845, 38.7259206], [140.7970931, 38.7267389], [140.7969328, 38.726874], [140.792806, 38.7303765], [140.7918802, 38.7312129], [140.7915987, 38.7314331], [140.7911959, 38.7316585], [140.7908509, 38.7318262], [140.7902435, 38.7320674], [140.7888131, 38.7325789], [140.7884702, 38.7327088], [140.787984, 38.73288], [140.78638, 38.733426], [140.7861714, 38.73348], [140.7860529, 38.7335107], [140.785472, 38.733661], [140.7849284, 38.7337396], [140.7848357, 38.733753], [140.784476, 38.733805], [140.783358, 38.733823], [140.782245, 38.733694], [140.7808196, 38.7334036], [140.7806858, 38.7333764], [140.779025, 38.733038], [140.777988, 38.732909], [140.7775091, 38.7329026], [140.7771724, 38.732885], [140.7768375, 38.7328904], [140.7765842, 38.7329163], [140.7758445, 38.7330299], [140.7755422, 38.7331181], [140.7758619, 38.7330786], [140.776867, 38.7329574], [140.7771751, 38.7329436], [140.7775091, 38.7329026]], [[140.7755422, 38.7331181], [140.7747779, 38.7332724], [140.7743356, 38.7333719], [140.7729986, 38.7336724], [140.7691961, 38.7345411], [140.7684282, 38.7347629], [140.7677154, 38.7349848], [140.766007, 38.7355664], [140.765551, 38.7357095], [140.7650675, 38.7358245], [140.7645834, 38.7359015], [140.7641103, 38.7359419], [140.7636698, 38.7359413], [140.7632872, 38.7359042], [140.7628704, 38.73583], [140.7625516, 38.735756], [140.7623321, 38.7356755], [140.7621943, 38.7356164], [140.7617303, 38.7354111], [140.7613495, 38.7351951], [140.7598229, 38.7341365], [140.759383, 38.7338845], [140.7592943, 38.733825], [140.7589075, 38.7336143], [140.7585372, 38.7334596], [140.7580985, 38.7333113], [140.7576971, 38.7332298], [140.75726, 38.7331668], [140.7568043, 38.7331526], [140.7563406, 38.7331583], [140.7558986, 38.7331925], [140.7557445, 38.7332157], [140.7554444, 38.7332608], [140.7550131, 38.7333702], [140.7545873, 38.7335183], [140.7535052, 38.7339725], [140.7533683, 38.73403], [140.7510828, 38.7350377], [140.7510262, 38.7350617], [140.7498159, 38.7355751], [140.7497082, 38.735619], [140.7491455, 38.7358483], [140.7488124, 38.7360107], [140.7480594, 38.7363778], [140.7477169, 38.7365448], [140.7474037, 38.7366878], [140.7461724, 38.7372499], [140.7452884, 38.7376374], [140.7448049, 38.7378494], [140.7439516, 38.7382221], [140.7433275, 38.7385126], [140.742729, 38.738814], [140.742, 38.739297], [140.7414636, 38.7397283], [140.7413685, 38.7398048], [140.7408167, 38.7402485], [140.7401852, 38.7408203], [140.739701, 38.7414447], [140.7393938, 38.7418787], [140.7391135, 38.7424256], [140.7389554, 38.7429907], [140.7387867, 38.7434831], [140.7386748, 38.7438803], [140.7386396, 38.7440051], [140.7385199, 38.7444786], [140.7383985, 38.7448642], [140.7382368, 38.74521], [140.7379411, 38.7456981], [140.7378515, 38.7458034], [140.7377075, 38.7459728], [140.7376085, 38.7460892], [140.7374717, 38.7462072], [140.7367619, 38.7468574], [140.7362799, 38.7472314], [140.736165, 38.74731], [140.735813, 38.7475428], [140.7354003, 38.7477901], [140.7350792, 38.7479564], [140.7347417, 38.7480973], [140.7343996, 38.7482265], [140.7340839, 38.7483193], [140.7334722, 38.7484862], [140.7333313, 38.748515], [140.7322939, 38.7486998], [140.7315677, 38.7488189], [140.7309567, 38.7489106], [140.7304296, 38.7489233], [140.7292936, 38.7489197], [140.7281207, 38.748897], [140.7269666, 38.7488882], [140.7259388, 38.7488723], [140.7244223, 38.7488153], [140.7236528, 38.748769], [140.723025, 38.7487011], [140.7223449, 38.7485683], [140.7217321, 38.7484189], [140.7214837, 38.7483489], [140.7213332, 38.7482956], [140.7211946, 38.7482383], [140.7211572, 38.7482949], [140.7204318, 38.7494277], [140.7203999, 38.749478], [140.7203748, 38.7495176], [140.720247, 38.7497097], [140.7201773, 38.749807], [140.7200924, 38.7498996], [140.720019, 38.7499566], [140.7199278, 38.7500036], [140.7198611, 38.7500252], [140.7197468, 38.7500465], [140.7196368, 38.7500549], [140.7195067, 38.7500517], [140.7193431, 38.750031], [140.719038, 38.7499769], [140.718808, 38.7499252], [140.7185894, 38.7498582], [140.7183709, 38.7497756], [140.7181935, 38.7496943], [140.7173618, 38.7492944], [140.7164897, 38.7488965], [140.716251, 38.7487876], [140.7160665, 38.7487179], [140.7159261, 38.7486737], [140.7158012, 38.748646], [140.7156296, 38.7486303], [140.7154563, 38.7486363], [140.7150958, 38.7486764], [140.7149067, 38.7486855], [140.714723, 38.7486732], [140.714574, 38.7486387], [140.7143917, 38.7485749], [140.7142213, 38.7484902], [140.7137815, 38.748242], [140.7135991, 38.7481565], [140.7134033, 38.7480882], [140.7132545, 38.7480457], [140.7131001, 38.748025], [140.7129863, 38.7480153], [140.7125695, 38.74801], [140.7123479, 38.7479881], [140.7121735, 38.7479526], [140.7120031, 38.7479074], [140.7118867, 38.7478572], [140.7112082, 38.7474969], [140.7106144, 38.7471437], [140.7103059, 38.7469235], [140.7099903, 38.7466745], [140.7092494, 38.746006], [140.708568, 38.7453945], [140.7084131, 38.7452683], [140.7082656, 38.7451773], [140.7081221, 38.7451097], [140.7079804, 38.7450586], [140.7077881, 38.7450145], [140.7075816, 38.7449967], [140.7073789, 38.7450061], [140.7071737, 38.7450422], [140.7067922, 38.7451375], [140.7065999, 38.7451776], [140.7064269, 38.7451839], [140.7062166, 38.7451678], [140.7057979, 38.7450971], [140.7056075, 38.7450783], [140.705456, 38.7450772], [140.7053151, 38.7450804], [140.7051448, 38.7451086], [140.7049591, 38.7451689], [140.7048002, 38.7452425], [140.7046497, 38.7453345], [140.703368, 38.746184], [140.7027342, 38.7465665], [140.7021656, 38.7468351], [140.7019349, 38.747026], [140.701728, 38.747245], [140.701497, 38.7476913], [140.7013456, 38.7481616], [140.7011539, 38.749115], [140.7010335, 38.749441], [140.7010368, 38.7498096], [140.7011107, 38.750609], [140.7012752, 38.7511817], [140.701406, 38.751476], [140.7014246, 38.7515093], [140.7015738, 38.7517871], [140.701763, 38.7520341], [140.7021965, 38.7522062], [140.7024609, 38.7522905], [140.7026033, 38.7523962], [140.703221, 38.7527797], [140.7038765, 38.7529759], [140.7042352, 38.7532883], [140.7046475, 38.753479], [140.7050805, 38.753613], [140.7055519, 38.7534738], [140.7060609, 38.7537165], [140.7064333, 38.7537851], [140.7069541, 38.7537526], [140.707685, 38.7538503], [140.7080087, 38.753876], [140.708135, 38.7539446], [140.7082018, 38.7542444], [140.7083834, 38.7546831], [140.7087334, 38.7549048], [140.7090252, 38.7551402], [140.7094282, 38.7554112], [140.7098651, 38.7555234], [140.7100911, 38.7556584], [140.7101352, 38.7559514], [140.7102311, 38.7561806], [140.7105106, 38.7563793], [140.7108022, 38.7565347], [140.7110828, 38.7566765], [140.7112982, 38.7571132], [140.7114679, 38.7575104], [140.7114021, 38.7577146], [140.7113125, 38.7578289], [140.7111998, 38.7579727], [140.711156, 38.7581393], [140.7112827, 38.7583597], [140.7114605, 38.7586095], [140.7114871, 38.758851], [140.711102, 38.759208], [140.7108968, 38.7594681], [140.7109432, 38.7598052], [140.7111129, 38.7601], [140.7114117, 38.7603053], [140.7115992, 38.7606809], [140.7117941, 38.7611147], [140.7117903, 38.7612958], [140.711622, 38.7617247], [140.7115703, 38.7625054], [140.711556, 38.7637357], [140.7115125, 38.7642971], [140.7114933, 38.7644906], [140.7114293, 38.7646649], [140.7113129, 38.7648016], [140.7109224, 38.765155], [140.7106261, 38.7654923], [140.7105934, 38.7656029], [140.7105856, 38.765688], [140.7106096, 38.7657763], [140.7106725, 38.7658643], [140.7108142, 38.7660088], [140.710955, 38.766154], [140.7115771, 38.7666667], [140.7117183, 38.7668175], [140.7118183, 38.767019], [140.7117921, 38.7672265], [140.7117373, 38.7678607], [140.7118232, 38.768108], [140.7121603, 38.7684456], [140.7123663, 38.7686662], [140.7123971, 38.7690603], [140.7118476, 38.769855], [140.711307, 38.7706507], [140.7111023, 38.771421], [140.7108404, 38.772542], [140.7106577, 38.7730618], [140.7104869, 38.7735905], [140.7103526, 38.7739316], [140.7101789, 38.7742792], [140.7098246, 38.7747867], [140.7095379, 38.7751721], [140.7092893, 38.7755633], [140.7092343, 38.7759803], [140.7092593, 38.7761575], [140.7093668, 38.776428], [140.7095181, 38.7766161], [140.7097342, 38.7767852], [140.7099544, 38.7769862], [140.7100897, 38.7771334], [140.7101998, 38.77726], [140.7102609, 38.7773947], [140.7102719, 38.7777694], [140.7102995, 38.7780796], [140.7102375, 38.7783694], [140.7100698, 38.7785878], [140.7097689, 38.778825], [140.7095557, 38.7791456], [140.7094537, 38.7795033], [140.7094296, 38.7796388], [140.7093527, 38.7797845], [140.7091195, 38.7799936], [140.7087616, 38.7802314], [140.7083943, 38.7805463], [140.7079186, 38.7810866], [140.7075299, 38.7815501], [140.7074475, 38.7816294], [140.7071272, 38.781866], [140.7068327, 38.7820023], [140.706736, 38.782047], [140.7049412, 38.7826308], [140.7036781, 38.7830187], [140.7032121, 38.7831729], [140.7030579, 38.7832453], [140.7029969, 38.7832997], [140.7028819, 38.7834211], [140.7028339, 38.7835183], [140.7028373, 38.7836013], [140.702858, 38.7836725], [140.7029536, 38.7838905], [140.703015, 38.7841823], [140.7030048, 38.7843389], [140.7029534, 38.7844496], [140.7023417, 38.7849193], [140.7022327, 38.7849775], [140.7021144, 38.7850227], [140.7016995, 38.7850526], [140.7000285, 38.7850625], [140.6998167, 38.7850566], [140.6996183, 38.7849883], [140.6976823, 38.7843874], [140.6970764, 38.7842061], [140.6969396, 38.7841706], [140.6965028, 38.7840254], [140.696345, 38.7839712], [140.6962484, 38.7838831], [140.6961925, 38.7838076], [140.6959517, 38.783879], [140.6957973, 38.7839161], [140.6955819, 38.7839568], [140.6953467, 38.7839826], [140.6950442, 38.7839913], [140.6946162, 38.783991], [140.6943687, 38.783989], [140.6942094, 38.783964], [140.6939237, 38.7839056], [140.6935518, 38.7838249], [140.6925972, 38.783587], [140.6921371, 38.7834954], [140.691412, 38.7833702], [140.6906489, 38.7832734], [140.6891898, 38.7831089], [140.6881628, 38.7829805], [140.687913, 38.7829694], [140.6876406, 38.7829861], [140.6875027, 38.78302], [140.6873914, 38.7830473], [140.6872974, 38.7830704], [140.6856682, 38.7836314], [140.6847305, 38.7839795], [140.6838622, 38.7843958], [140.6829833, 38.7848982], [140.6812618, 38.7860722], [140.6805867, 38.7866924], [140.6802762, 38.786938], [140.6785731, 38.7878891], [140.6780129, 38.7882728], [140.6777099, 38.7883747], [140.677395, 38.7884135], [140.676655, 38.788434], [140.6758803, 38.7884283], [140.675368, 38.7884568], [140.6751894, 38.7885538], [140.6750815, 38.7886508], [140.6748416, 38.789266], [140.6746581, 38.7896719], [140.6745878, 38.7897467], [140.6744378, 38.7898528], [140.6742018, 38.7898528], [140.6737995, 38.7897998], [140.673452, 38.7898636], [140.6733017, 38.7899474], [140.6731938, 38.7900754], [140.6728002, 38.7911314], [140.6726537, 38.7913733], [140.6722598, 38.7915486], [140.6719192, 38.7917045], [140.6717186, 38.7917963], [140.6713695, 38.7919955], [140.6712273, 38.7921552], [140.6711559, 38.7923148], [140.6709291, 38.7931919], [140.6707382, 38.7934892], [140.6705654, 38.793679], [140.6703927, 38.793797], [140.6701365, 38.7939016], [140.6698166, 38.7939565], [140.6693994, 38.7939246], [140.6689326, 38.7938762], [140.6688554, 38.7938655], [140.6677615, 38.7936896], [140.6674321, 38.7936681], [140.6671008, 38.7936648], [140.666607, 38.7937231], [140.6665106, 38.7937341], [140.6663532, 38.7937613], [140.6641369, 38.7943929], [140.6630609, 38.7947273], [140.6613218, 38.7952278], [140.6606848, 38.795389], [140.6601687, 38.795484], [140.6593812, 38.795589], [140.6588815, 38.795643], [140.6584788, 38.7956951], [140.6579902, 38.7957555], [140.6565128, 38.7959232], [140.6557302, 38.796012], [140.6548141, 38.7962482], [140.6542604, 38.7964573], [140.6539046, 38.7966413], [140.6538556, 38.7966667], [140.6528826, 38.7971811], [140.6499572, 38.7987584], [140.6496344, 38.7989354], [140.6489748, 38.7993389], [140.6483684, 38.7997796], [140.6479878, 38.8001775], [140.6476554, 38.8005964], [140.6474393, 38.8010114], [140.6472554, 38.8014474], [140.6471969, 38.8017039], [140.6471525, 38.8018984], [140.6471118, 38.8021299], [140.6470986, 38.8022976], [140.6471048, 38.8025658], [140.6471165, 38.8029763], [140.6471621, 38.8035982], [140.6472304, 38.8046153], [140.6472589, 38.8050151], [140.6472896, 38.805383], [140.6473318, 38.8057395], [140.6473785, 38.8060698], [140.6474377, 38.8064104], [140.647571, 38.8070346], [140.6476256, 38.8073956], [140.6476644, 38.8076929], [140.6476735, 38.8080095], [140.6476518, 38.80839], [140.6475892, 38.8087681], [140.6475474, 38.8089585], [140.6475218, 38.8090658], [140.6474227, 38.8093357], [140.6472125, 38.8098609], [140.6469343, 38.8103811], [140.646598, 38.8108813], [140.6464411, 38.8112361], [140.6463669, 38.8114164], [140.646249, 38.8116812], [140.6459859, 38.8119754], [140.6457327, 38.8121289], [140.6453439, 38.8122756], [140.6449873, 38.8124448], [140.6448465, 38.8125892], [140.6447114, 38.8127762], [140.6445965, 38.8129354], [140.6444228, 38.8132949], [140.644009, 38.8139049], [140.6439236, 38.8141245], [140.6440343, 38.8143513], [140.6441458, 38.8144967], [140.6443566, 38.814656], [140.6446508, 38.814813], [140.6450578, 38.8150202], [140.6455197, 38.8152756], [140.6459039, 38.815556], [140.6460057, 38.8156964], [140.6460332, 38.8158665], [140.6460307, 38.8160281], [140.6459915, 38.8161981], [140.6457855, 38.8164758], [140.6454975, 38.8168259], [140.644878, 38.8172868], [140.6444825, 38.817628], [140.6442275, 38.8178239], [140.6441554, 38.8179124], [140.6439941, 38.8181156], [140.6436001, 38.8190608], [140.6435062, 38.8193023], [140.643462, 38.8195696], [140.6435007, 38.8197955], [140.6435646, 38.8199787], [140.6438702, 38.820487], [140.6438886, 38.8207035], [140.6438445, 38.8210151], [140.6437924, 38.8213035], [140.6437262, 38.8216249], [140.6436413, 38.8223822], [140.6433853, 38.8239354], [140.6433091, 38.8240958], [140.6432047, 38.8242562], [140.6423486, 38.8251011], [140.641854, 38.8255693], [140.6416378, 38.8257476], [140.6414216, 38.8258156], [140.640866, 38.8258132], [140.6404555, 38.8258536], [140.6399294, 38.8259251], [140.6385845, 38.8262962], [140.637471, 38.8266734], [140.6369237, 38.8268935], [140.6367866, 38.8269656], [140.6367212, 38.8270819], [140.6361907, 38.8288994], [140.6361318, 38.829228], [140.636162, 38.8295241], [140.6362193, 38.8297242], [140.636337, 38.82998], [140.6366706, 38.830291], [140.6371906, 38.8306645], [140.6374732, 38.8309474], [140.6376474, 38.8311872], [140.6377973, 38.8315055], [140.6379262, 38.8319377], [140.6380335, 38.8324323], [140.6381513, 38.8327527], [140.6384691, 38.8331828], [140.6388097, 38.8336511], [140.6388857, 38.8338265], [140.6389277, 38.8340276], [140.6389752, 38.8343267], [140.6390375, 38.8348761], [140.6390715, 38.8358747], [140.6392337, 38.8367675], [140.6393138, 38.8375908], [140.6392936, 38.8380937], [140.6392816, 38.8383068], [140.6391975, 38.8384723], [140.6389507, 38.8388151], [140.6384061, 38.8395329], [140.6376745, 38.8404269], [140.6373309, 38.8407834], [140.6369549, 38.8411114], [140.6365718, 38.8414266], [140.635786, 38.842013], [140.6351854, 38.8424102], [140.6347487, 38.8427918], [140.6343718, 38.843322], [140.6342941, 38.8435157], [140.6342767, 38.8437657], [140.6342723, 38.8438749], [140.6343252, 38.8441465], [140.634438, 38.8443761], [140.6347217, 38.8447979], [140.6352082, 38.8455494], [140.6354069, 38.8457493], [140.6356224, 38.8458975], [140.6360391, 38.8460508], [140.6362747, 38.8460952], [140.6366529, 38.8460662], [140.6373945, 38.8459599], [140.6378992, 38.8458373], [140.6384528, 38.8457021], [140.6390295, 38.8456067], [140.6398539, 38.8455412], [140.6404881, 38.8454146], [140.6412317, 38.845151], [140.6414704, 38.8451417], [140.6417333, 38.845217], [140.6420607, 38.84541], [140.6422144, 38.845603], [140.6422511, 38.8458296], [140.6422266, 38.8461859], [140.6420545, 38.8466122], [140.6418136, 38.8469501], [140.640906, 38.8479719], [140.6400682, 38.8488948], [140.6397654, 38.849245], [140.6394008, 38.849664], [140.6392865, 38.8498291], [140.6392345, 38.8499731], [140.6391853, 38.8501399], [140.6391299, 38.8503888], [140.639074, 38.8506379], [140.6389689, 38.8508734], [140.6388689, 38.8510654], [140.6387302, 38.8512452], [140.6385181, 38.8514337], [140.6382903, 38.8515586], [140.6380247, 38.8516736], [140.6377029, 38.8517466], [140.6374594, 38.8517765], [140.6371448, 38.851776], [140.6368203, 38.85171], [140.6365153, 38.8515943], [140.6362173, 38.8514228], [140.6358113, 38.8510353], [140.635297, 38.8499965], [140.6349155, 38.8496019], [140.634503, 38.8493956], [140.6342904, 38.8493241], [140.6340504, 38.8492434], [140.6337423, 38.8492234], [140.6334843, 38.8492067], [140.6329672, 38.849267], [140.6313097, 38.8496911], [140.6302921, 38.8499552], [140.6296771, 38.8502152], [140.6291521, 38.8504577], [140.6260043, 38.8527135], [140.6258525, 38.8528263], [140.624532, 38.8534405], [140.6244302, 38.8534829], [140.62397, 38.8536996], [140.623476, 38.853797], [140.6229829, 38.8539001], [140.6223357, 38.8540011], [140.6216579, 38.854017], [140.6205632, 38.853876], [140.6196971, 38.8537654], [140.6188551, 38.8535966], [140.6186163, 38.8535479], [140.6172001, 38.853334], [140.6170188, 38.8533168], [140.6159019, 38.853215], [140.6150168, 38.8532025], [140.6140298, 38.8532442], [140.6131126, 38.8533295], [140.6127825, 38.8533654], [140.6119564, 38.8534615], [140.6115338, 38.853513], [140.6084625, 38.8538988], [140.6082389, 38.8539231], [140.6063801, 38.8541445], [140.6040871, 38.8543945], [140.6031722, 38.8544787], [140.6023648, 38.8545351], [140.6019512, 38.8545525], [140.6018257, 38.854556], [140.6012464, 38.8545309], [140.6004984, 38.8544832], [140.5995592, 38.8543805], [140.5990135, 38.8543353], [140.5985802, 38.8543471], [140.5981134, 38.8543734], [140.5977917, 38.854416], [140.5973893, 38.854462], [140.5968553, 38.8545575], [140.5962923, 38.8546771], [140.5956812, 38.8548396], [140.5838523, 38.8577257], [140.5837262, 38.8577621], [140.5834016, 38.8578676], [140.5830055, 38.8580258], [140.5824548, 38.8582279], [140.5820694, 38.8584179], [140.5814672, 38.8587728], [140.580596, 38.8593516], [140.5801599, 38.8595935], [140.5799255, 38.8597171], [140.5796119, 38.8598528], [140.57944, 38.8599155], [140.579043, 38.8600575], [140.5784878, 38.8602538], [140.5782893, 38.8603186], [140.5779705, 38.8604506], [140.5777235, 38.8605975], [140.5774943, 38.8607256], [140.5772697, 38.8609284], [140.5770934, 38.8611327], [140.5769693, 38.8613037], [140.5766934, 38.8618537], [140.5764728, 38.8622627], [140.5762918, 38.8625514], [140.5760248, 38.8628261], [140.575603, 38.8632353], [140.5753013, 38.8634347], [140.5741786, 38.8640909], [140.5737913, 38.8643891], [140.5734277, 38.8647441], [140.5729866, 38.8653623], [140.5728793, 38.8655962], [140.5727415, 38.8659239], [140.5724984, 38.8666028], [140.5724441, 38.8667783], [140.5702556, 38.8741179], [140.5699588, 38.8751193], [140.5692238, 38.8767281], [140.5684772, 38.8783749], [140.56789, 38.8807551], [140.5670585, 38.8838318], [140.564783, 38.892627], [140.5633692, 38.8977129], [140.5633066, 38.8980049], [140.5632667, 38.8982094], [140.5632189, 38.898447], [140.5631855, 38.8986803], [140.5631564, 38.8988923], [140.5631717, 38.8992115], [140.5631926, 38.899611], [140.5631874, 38.8998457], [140.563125, 38.9000893], [140.5630532, 38.9003402], [140.5629156, 38.900753], [140.562623, 38.90142], [140.562546, 38.901651], [140.562498, 38.901797], [140.562473, 38.901933], [140.562459, 38.902047], [140.562473, 38.902217], [140.5625087, 38.9023802], [140.5625914, 38.9026316], [140.5626632, 38.9029072], [140.5626966, 38.9030679], [140.5627027, 38.9032469], [140.562695, 38.9033929], [140.5626392, 38.9035721], [140.5625954, 38.9037079], [140.5624624, 38.9039744], [140.5623189, 38.9042114], [140.5621405, 38.9044151], [140.561994, 38.904614], [140.561877, 38.904799], [140.56179, 38.904974], [140.561722, 38.905154], [140.561679, 38.905294], [140.561645, 38.905411], [140.561566, 38.90582], [140.561523, 38.906119], [140.5614792, 38.9063075], [140.5614346, 38.9064916], [140.561358, 38.906719], [140.5612841, 38.9068849], [140.561215, 38.9070078], [140.56112, 38.907141], [140.5602112, 38.9082066], [140.5600354, 38.9084617], [140.5599298, 38.9086383], [140.5598384, 38.9088447], [140.5597653, 38.9090996], [140.5596949, 38.9094473], [140.5596185, 38.9097192], [140.55955, 38.9099331], [140.5594512, 38.9101576], [140.559265, 38.910547], [140.558945, 38.911102], [140.558742, 38.911518], [140.55864, 38.911825], [140.558577, 38.912077], [140.558528, 38.912349], [140.558495, 38.912641], [140.558509, 38.91291], [140.558543, 38.913184], [140.558592, 38.91351], [140.558708, 38.913983], [140.558859, 38.914496], [140.559455, 38.91644], [140.5595619, 38.9167977], [140.5596244, 38.9170657], [140.5596581, 38.9173224], [140.5596876, 38.9176482], [140.5596689, 38.9179415], [140.5596211, 38.9181833], [140.559561, 38.918393], [140.5594813, 38.9185933], [140.5593229, 38.9188977], [140.5591336, 38.9191974], [140.5588712, 38.9195332], [140.5587099, 38.9197937], [140.558618, 38.9199642], [140.5585268, 38.9202376], [140.558474, 38.920454], [140.558439, 38.920984], [140.558412, 38.921222], [140.5583471, 38.9215001], [140.5582744, 38.9216889], [140.5581791, 38.9218381], [140.557861, 38.922223], [140.557555, 38.922739], [140.5574051, 38.9230723], [140.5572849, 38.9234261], [140.5571589, 38.9236724], [140.5569904, 38.9238762], [140.556467, 38.924337], [140.556132, 38.924592], [140.555763, 38.9249012], [140.5556132, 38.9250884], [140.5555246, 38.9252702], [140.5554852, 38.9255316], [140.5554825, 38.9257653], [140.5555074, 38.9261787], [140.5555233, 38.9263321], [140.5555327, 38.9264589], [140.5555332, 38.9266002], [140.5555188, 38.9267621], [140.5554957, 38.9268934], [140.5554336, 38.9270654], [140.55537, 38.9271911], [140.555247, 38.9273779], [140.5549636, 38.9277355], [140.5538736, 38.9289557], [140.5535018, 38.9293944], [140.5533981, 38.9296243], [140.5533808, 38.9298061], [140.5534089, 38.9300353], [140.553472, 38.930292], [140.553472, 38.930415], [140.5535073, 38.9307655], [140.553481, 38.931116], [140.553341, 38.931554], [140.5533237, 38.9317248], [140.5533585, 38.9319185], [140.5536521, 38.9324191], [140.5537218, 38.9326532], [140.553724, 38.932837], [140.553612, 38.933048], [140.5533417, 38.9333993], [140.5530581, 38.9336605], [140.5528185, 38.9337656], [140.5519674, 38.9339137], [140.5517545, 38.9340242], [140.5515491, 38.9341926], [140.5509246, 38.9348212], [140.5507508, 38.9351166], [140.5504154, 38.9358663], [140.5502772, 38.9363477], [140.5501408, 38.9370776], [140.549836, 38.9387128], [140.5496527, 38.9397514], [140.5496007, 38.9401961], [140.5496084, 38.9407535], [140.5496884, 38.9415188], [140.5500163, 38.9432564], [140.550153, 38.9437767], [140.5504322, 38.9443771], [140.5505664, 38.9447135], [140.5505401, 38.9449402], [140.5504504, 38.9451352], [140.550337, 38.945309], [140.5500728, 38.9456583], [140.5499625, 38.945765], [140.5496333, 38.9461015], [140.5485931, 38.9471731], [140.548393, 38.9474322], [140.5483073, 38.9476152], [140.5482709, 38.9478461], [140.5483795, 38.9484976], [140.5485078, 38.9489095], [140.5485411, 38.9491107], [140.5485128, 38.9493215], [140.5483661, 38.9495086], [140.5482004, 38.9496258], [140.5479892, 38.9496986], [140.5477501, 38.9496878], [140.5469717, 38.9496585], [140.5466851, 38.9497186], [140.5464079, 38.949875], [140.545759, 38.950442], [140.5456, 38.950704], [140.54538, 38.951481], [140.545156, 38.951831], [140.544904, 38.952086], [140.542802, 38.953457], [140.5425878, 38.9536075], [140.5419576, 38.9540504], [140.5411628, 38.9546089], [140.5410048, 38.9547752], [140.5408006, 38.9550264], [140.5406638, 38.9552396], [140.5406207, 38.9553067], [140.5404428, 38.9556253], [140.5399206, 38.9566089], [140.5397884, 38.9568599], [140.539774, 38.9568878], [140.5396328, 38.9571615], [140.5394907, 38.9573818], [140.5392826, 38.9576121], [140.5390906, 38.957749], [140.5388932, 38.9578566], [140.5386327, 38.9579591], [140.5383859, 38.9580186], [140.5381203, 38.9580562], [140.537985, 38.9580654], [140.5373532, 38.9581083], [140.5369483, 38.9582015], [140.5366319, 38.9583095], [140.5363262, 38.9584383], [140.5356867, 38.9587305], [140.5347173, 38.9591616], [140.5340199, 38.9595245], [140.533403, 38.9600084], [140.533124, 38.9602712], [140.5327014, 38.9608136], [140.5324037, 38.9612514], [140.5320779, 38.9617095], [140.5319897, 38.9618334], [140.5315517, 38.9624493], [140.5312549, 38.9628259], [140.5310813, 38.963003], [140.5307221, 38.9632909], [140.5303897, 38.9635678], [140.5299849, 38.9639321], [140.5299378, 38.9639745], [140.5294511, 38.9644258], [140.5287138, 38.9652215], [140.5285844, 38.9653625], [140.5284495, 38.9655615], [140.528353, 38.9658323], [140.5283064, 38.9661824], [140.5282549, 38.9663188], [140.5281708, 38.9664458], [140.5280742, 38.9665656], [140.5278831, 38.9667345], [140.5274722, 38.9670606], [140.5270539, 38.9673403], [140.5265949, 38.967608], [140.5257634, 38.9680429], [140.5255348, 38.9681855], [140.5252792, 38.9683709], [140.5251169, 38.9685377], [140.5247869, 38.9688946], [140.5245511, 38.9691696], [140.5243918, 38.9693009], [140.5242131, 38.9694195], [140.5237014, 38.9696423], [140.5228652, 38.9699734], [140.5217294, 38.9704047], [140.5211954, 38.9706354], [140.5208415, 38.9708062], [140.5205861, 38.9709423], [140.5202839, 38.9711419], [140.5200418, 38.9713585], [140.5197658, 38.9716494], [140.5194056, 38.9720631], [140.5191699, 38.9724137], [140.5191131, 38.9725788], [140.5191011, 38.9728142], [140.5191536, 38.9735058], [140.5192184, 38.9741613], [140.5192338, 38.9743377], [140.5192869, 38.9748521], [140.5193252, 38.9750533], [140.5194636, 38.9753455], [140.5195959, 38.9755701], [140.5202802, 38.9765734], [140.5204204, 38.9768604], [140.5204668, 38.9770309], [140.5204948, 38.9772014], [140.5204845, 38.9773952], [140.5204219, 38.9775676], [140.5203602, 38.9777393], [140.5202341, 38.9778923], [140.5200298, 38.9780386], [140.5197881, 38.9781927], [140.5192302, 38.978517], [140.5190259, 38.9786532], [140.5188449, 38.9788482], [140.518412, 38.9794238], [140.5182142, 38.9796007], [140.517925, 38.979771], [140.517495, 38.979978], [140.5170707, 38.9801973], [140.5167423, 38.98043], [140.5162172, 38.9809382], [140.5157198, 38.9814528], [140.515443, 38.98172], [140.5152227, 38.9818877], [140.5150458, 38.9819892], [140.5148134, 38.9820987], [140.5145202, 38.9821438], [140.5142677, 38.9821647], [140.514005, 38.9821599], [140.5137615, 38.9821257], [140.5134786, 38.9820364], [140.5131397, 38.9818814], [140.5128661, 38.9817081], [140.5124459, 38.9813972], [140.5118777, 38.9810384], [140.5116198, 38.9809134], [140.5113312, 38.9808074], [140.5110713, 38.9807296], [140.5100512, 38.9807026], [140.50971, 38.980667], [140.5093136, 38.9805777], [140.5087528, 38.9803574], [140.5080854, 38.9801245], [140.5075054, 38.9799519], [140.5065072, 38.9797664], [140.5056635, 38.9796408], [140.5047112, 38.9795425], [140.5030988, 38.9794646], [140.5023203, 38.9793688], [140.5016035, 38.9791743], [140.5006676, 38.9788538], [140.499944, 38.978688], [140.4996253, 38.978628], [140.4993354, 38.978601], [140.49917, 38.978586], [140.498415, 38.978525], [140.4977215, 38.978484], [140.497375, 38.978459], [140.4967926, 38.9784345], [140.4958533, 38.9783944], [140.49571, 38.9784065], [140.4951252, 38.9784512], [140.494817, 38.978496], [140.494246, 38.978588], [140.493945, 38.978652], [140.4935195, 38.9787904], [140.4929826, 38.978964], [140.4926729, 38.9790946], [140.4924555, 38.9792169], [140.4922416, 38.9793095], [140.4920093, 38.9794522], [140.4917723, 38.9795922], [140.4913496, 38.9798727], [140.4907899, 38.9803223], [140.4904251, 38.9805926], [140.4902361, 38.9807202], [140.4900662, 38.9808218], [140.489819, 38.9809495], [140.4889708, 38.9812802], [140.4884018, 38.9815066], [140.4880223, 38.9816872], [140.4877145, 38.9818652], [140.4875467, 38.9819861], [140.4873146, 38.9821547], [140.4871244, 38.982335], [140.4869026, 38.9825952], [140.4867496, 38.982699], [140.4862211, 38.9832546], [140.4857223, 38.983777], [140.485012, 38.98453], [140.4845, 38.985097], [140.4839749, 38.9856446], [140.4834539, 38.9861816], [140.4831606, 38.9864688], [140.4829529, 38.9866514], [140.4827412, 38.9867963], [140.4825258, 38.9869173], [140.4822791, 38.9870309], [140.4819958, 38.9871143], [140.4816769, 38.9871981], [140.481228, 38.987289], [140.480853, 38.987314], [140.479488, 38.987364], [140.47822, 38.98741], [140.477462, 38.987422], [140.477075, 38.987422], [140.476806, 38.987414], [140.475957, 38.98735], [140.475454, 38.987298], [140.474874, 38.987251], [140.4744714, 38.9872606], [140.4743912, 38.9872717], [140.47408, 38.987406], [140.473857, 38.987556], [140.473565, 38.987783], [140.473405, 38.987906], [140.473054, 38.988171], [140.472919, 38.988273], [140.472771, 38.988416], [140.472616, 38.988597], [140.472488, 38.988788], [140.472412, 38.988924], [140.472328, 38.9891], [140.472106, 38.989691], [140.472072, 38.989794], [140.472014, 38.989968], [140.471814, 38.990583], [140.471755, 38.990779], [140.471604, 38.991323], [140.4713925, 38.99203], [140.4711737, 38.9928102], [140.4709759, 38.993525], [140.4708827, 38.9937482], [140.470752, 38.9939873], [140.4705837, 38.994244], [140.4703894, 38.9944791], [140.4700021, 38.9948216], [140.469261, 38.995321], [140.468792, 38.995683], [140.468427, 38.995998], [140.4681492, 38.9962698], [140.467959, 38.996448], [140.467639, 38.996835], [140.4671629, 38.9974821], [140.4669216, 38.9977994], [140.466536, 38.9983308], [140.465983, 38.9990524], [140.4658526, 38.99923], [140.4655233, 38.9996786], [140.4654879, 38.9997367], [140.4650675, 39.0003142], [140.464854, 39.0006015], [140.464328, 39.001296], [140.464082, 39.001658], [140.463781, 39.002132], [140.463563, 39.002531], [140.463377, 39.002898], [140.4632525, 39.0031505], [140.4630281, 39.0036256], [140.4627889, 39.004261], [140.4625745, 39.0048072], [140.4623779, 39.0053283], [140.4623052, 39.0055585], [140.4622601, 39.005756], [140.4622367, 39.0059128], [140.4622316, 39.0061165], [140.4622477, 39.0063285], [140.4622929, 39.0066321], [140.4623593, 39.006872], [140.462488, 39.007402], [140.462591, 39.007883], [140.462724, 39.008533], [140.462865, 39.0091631], [140.4629155, 39.0094188], [140.4629395, 39.0095483], [140.4629532, 39.009714], [140.4629612, 39.0099026], [140.4629403, 39.0101471], [140.462919, 39.0103191], [140.4628674, 39.0105018], [140.4628132, 39.0106631], [140.4627003, 39.010927], [140.4625213, 39.0113506], [140.4623546, 39.0116631], [140.4622155, 39.0119616], [140.4621251, 39.0121673], [140.4620581, 39.0123283], [140.4620117, 39.0125533], [140.461999, 39.012615], [140.46194, 39.0130543], [140.461921, 39.0135], [140.461916, 39.0137417], [140.4618508, 39.0143499], [140.4617538, 39.0149908], [140.4616397, 39.0155348], [140.46158, 39.015713], [140.4614882, 39.0159717], [140.4613683, 39.0162304], [140.4611154, 39.0167273], [140.4608893, 39.0171911], [140.4606186, 39.0176408], [140.460243, 39.0181499], [140.4598459, 39.0186779], [140.4595029, 39.0191272], [140.4591199, 39.0196512], [140.4588832, 39.0199553], [140.4587072, 39.0202485], [140.4584718, 39.0206976], [140.4582308, 39.0211861], [140.4581405, 39.0214217], [140.4580829, 39.0216319], [140.4580071, 39.02197], [140.4577616, 39.0233719], [140.4576439, 39.0240503], [140.4575755, 39.0242938], [140.4574792, 39.0245519], [140.4573343, 39.024861], [140.4570725, 39.0252564], [140.4567707, 39.0256317], [140.4565387, 39.0258695], [140.4563067, 39.0261161], [140.4554164, 39.0268995], [140.4541575, 39.0278106], [140.4540833, 39.0278643], [140.4539498, 39.0279608], [140.453131, 39.0285597], [140.4528546, 39.028785], [140.4527069, 39.028916], [140.4526036, 39.0290351], [140.4525409, 39.0291355], [140.4524868, 39.0292574], [140.4524585, 39.0293442], [140.4524443, 39.0294476], [140.4524453, 39.0295739], [140.4524884, 39.0297111], [140.4525314, 39.0297933], [140.4535304, 39.0312604], [140.4535789, 39.0313369], [140.4536374, 39.0314653], [140.4536697, 39.0315723], [140.4536727, 39.0316834], [140.4536632, 39.0317893], [140.453627, 39.0319143], [140.4535818, 39.0320241], [140.4535048, 39.0321367], [140.4533656, 39.032309], [140.4530074, 39.0326717], [140.4521574, 39.0336182], [140.4520247, 39.033766], [140.4519119, 39.0338785], [140.451774, 39.034016], [140.451595, 39.034228], [140.4513681, 39.0345103], [140.4511518, 39.0348475], [140.4508245, 39.0353957], [140.4503622, 39.036148], [140.449739, 39.037195], [140.4492238, 39.0380279], [140.4491605, 39.0381376], [140.448578, 39.0392309], [140.4481768, 39.0399009], [140.4479679, 39.0402599], [140.4477451, 39.0407012], [140.4476206, 39.0409897], [140.447488, 39.0413161], [140.4474079, 39.041575], [140.447325, 39.0418727], [140.4472557, 39.0422397], [140.447161, 39.0432039], [140.4471208, 39.0436665], [140.447082, 39.0439161], [140.4469756, 39.045334], [140.4469517, 39.045745], [140.446974, 39.046001], [140.4470423, 39.0464939], [140.4471618, 39.0470861], [140.4472823, 39.0477148], [140.4473843, 39.0483988], [140.4475599, 39.0494861], [140.4476604, 39.0501321], [140.4476981, 39.0503671], [140.4477076, 39.0505601], [140.4477103, 39.050754], [140.447702, 39.050976], [140.4475941, 39.0514113], [140.4473641, 39.0513714], [140.4470313, 39.0513417], [140.446748, 39.051326], [140.44644, 39.0513167], [140.4461159, 39.0513222], [140.445791, 39.0513481], [140.4454355, 39.0513991], [140.4449521, 39.0514985], [140.4446516, 39.051568], [140.444368, 39.051653], [140.444177, 39.051708], [140.443981, 39.051775], [140.443766, 39.051853], [140.443609, 39.051916], [140.443398, 39.052], [140.443197, 39.0521], [140.4426927, 39.0523887], [140.4425756, 39.0524607], [140.442091, 39.052737], [140.4416353, 39.0529878], [140.4413267, 39.053141], [140.440963, 39.0532937], [140.4406456, 39.0534069], [140.440334, 39.0535127], [140.4400008, 39.0536097], [140.439667, 39.0536835], [140.4393028, 39.0537363], [140.4389539, 39.0537649], [140.4385684, 39.0537773], [140.4381859, 39.0537688], [140.437786, 39.0537407], [140.4373797, 39.0536928], [140.4369817, 39.053632], [140.4366432, 39.0535622], [140.4363166, 39.0534761], [140.4359719, 39.0533687], [140.4356068, 39.0532468], [140.4347514, 39.0529527], [140.4343924, 39.0528342], [140.4340475, 39.0527335], [140.433681, 39.0526402], [140.4333218, 39.052556], [140.432924, 39.052477], [140.4325108, 39.0524102], [140.4321027, 39.0523578], [140.4316717, 39.0523115], [140.4312037, 39.0522828], [140.4310949, 39.0522787], [140.4305601, 39.0522574], [140.4301615, 39.052236], [140.4296663, 39.0521859], [140.4294278, 39.0521486], [140.4292509, 39.0521162], [140.4290931, 39.0520831], [140.4286254, 39.0519578], [140.4283752, 39.0518792], [140.4279597, 39.0517229], [140.4276205, 39.0515605], [140.4273229, 39.0514016], [140.426878, 39.0511438], [140.4264922, 39.0508851], [140.4261347, 39.0506169], [140.4256152, 39.0501945], [140.4252972, 39.0499051], [140.424673, 39.049274], [140.423906, 39.048549], [140.423379, 39.048079], [140.423164, 39.047929], [140.422715, 39.04767], [140.422376, 39.047498], [140.4221461, 39.047403], [140.4218797, 39.0473166], [140.421566, 39.0472415], [140.421183, 39.047158], [140.4208252, 39.0471294], [140.4203785, 39.0471464], [140.4198518, 39.047195], [140.4192149, 39.0472884], [140.4188042, 39.0473338], [140.4183194, 39.0474196], [140.4178612, 39.0475116], [140.4175539, 39.0475852], [140.4172194, 39.0476789], [140.4171021, 39.0477206], [140.4167744, 39.0478418], [140.4167244, 39.0478603], [140.4162994, 39.0480263], [140.4162325, 39.0480558], [140.4155566, 39.0483536], [140.414681, 39.0487482], [140.4137754, 39.0491538], [140.4127137, 39.0495626], [140.4115024, 39.0499786], [140.4099768, 39.0504277], [140.4089941, 39.05067], [140.408576, 39.0507769], [140.4084311, 39.050814], [140.406545, 39.0512149], [140.4064012, 39.0508186], [140.4063088, 39.050564], [140.4062087, 39.0503046], [140.4061297, 39.0501531], [140.406039, 39.050008], [140.405961, 39.049931], [140.405821, 39.049824], [140.405614, 39.049723], [140.40542, 39.049658], [140.405242, 39.049625], [140.405053, 39.049608], [140.404895, 39.049614], [140.404678, 39.049649], [140.404478, 39.049704], [140.4043163, 39.0497654], [140.4041403, 39.0498775], [140.4041287, 39.0498905], [140.403946, 39.0500951], [140.4035363, 39.0508009], [140.4032423, 39.0512841], [140.403022, 39.0515977], [140.4027687, 39.0518877], [140.4025914, 39.052064], [140.402404, 39.0522306], [140.402034, 39.0524949], [140.4017998, 39.0526589], [140.4014913, 39.052813], [140.4009431, 39.0530204], [140.4006025, 39.0531263], [140.4002421, 39.0532168], [140.3997851, 39.0532751], [140.3993393, 39.0533201], [140.3989517, 39.0533173], [140.398752, 39.0533098], [140.3983243, 39.0532645], [140.3976975, 39.0531714], [140.3942105, 39.0525418], [140.392067, 39.052134], [140.3905257, 39.0518508], [140.3899764, 39.0517655], [140.3896251, 39.0517403], [140.389333, 39.051744], [140.38913, 39.051741], [140.388874, 39.051785], [140.388419, 39.051888], [140.38792, 39.052003], [140.387279, 39.052197], [140.386922, 39.0523188], [140.386717, 39.052395], [140.386602, 39.052455], [140.3864765, 39.0525335], [140.386423, 39.052567], [140.386343, 39.052624], [140.386209, 39.05272], [140.3859182, 39.0529472], [140.385839, 39.053009], [140.385579, 39.053206], [140.38531, 39.053386], [140.385072, 39.053512], [140.384641, 39.053743], [140.3844364, 39.0538494], [140.384368, 39.053885], [140.383871, 39.054169], [140.383652, 39.05432], [140.3834096, 39.0545097], [140.383256, 39.054637], [140.383088, 39.054757], [140.382948, 39.054842], [140.382773, 39.054932], [140.382486, 39.055087], [140.382209, 39.05524], [140.382024, 39.055365], [140.381828, 39.05551], [140.381546, 39.055732], [140.38129, 39.055943], [140.381003, 39.056216], [140.380767, 39.056426], [140.380613, 39.056541], [140.380494, 39.056624], [140.380365, 39.056684], [140.380186, 39.056736], [140.379969, 39.056769], [140.379729, 39.056793], [140.379337, 39.056807], [140.377997, 39.056807], [140.377757, 39.056808], [140.377557, 39.056819], [140.377424, 39.056843], [140.377298, 39.056898], [140.377211, 39.056983], [140.377141, 39.057133], [140.377106, 39.057283], [140.377109, 39.057829], [140.377109, 39.057983], [140.3770519, 39.0582471], [140.376983, 39.0583891], [140.3768782, 39.0584645], [140.3767429, 39.0585154], [140.3763956, 39.058588], [140.3759824, 39.0586063], [140.375757, 39.0586384], [140.3755801, 39.058705], [140.375357, 39.058758], [140.375199, 39.058826], [140.3751, 39.05888], [140.374989, 39.058941], [140.374674, 39.059165], [140.374411, 39.059386], [140.374229, 39.059555], [140.37404, 39.059779], [140.373781, 39.060099], [140.373621, 39.060261], [140.373577, 39.060298], [140.373474, 39.060382], [140.373275, 39.060524], [140.373075, 39.060624], [140.3726848, 39.0608415], [140.372228, 39.061017], [140.37158, 39.061298], [140.37069, 39.061673], [140.369299, 39.062242], [140.367927, 39.062775], [140.366576, 39.063294], [140.366441, 39.063346], [140.3650186, 39.0639205], [140.3647208, 39.0640465], [140.3643683, 39.0641605], [140.3641265, 39.0642277], [140.3638337, 39.0642594], [140.3635934, 39.064284], [140.3627594, 39.0642877], [140.3625057, 39.0642906], [140.3621916, 39.0643036], [140.36189, 39.06436], [140.361616, 39.064433], [140.3607878, 39.0647035], [140.3603396, 39.0648315], [140.3600286, 39.0648824], [140.359666, 39.0649057], [140.3593399, 39.0648856], [140.358973, 39.064835], [140.358711, 39.064784], [140.358395, 39.064684], [140.358137, 39.064588], [140.35798, 39.064529], [140.356967, 39.064153], [140.35681, 39.064094], [140.356502, 39.064003], [140.356126, 39.06391], [140.355822, 39.063854], [140.355439, 39.063794], [140.355004, 39.063744], [140.354551, 39.0637], [140.3542141, 39.0636648], [140.3538528, 39.0636384], [140.3535122, 39.0636365], [140.3531368, 39.0636445], [140.3525198, 39.0636878], [140.3500926, 39.0638977], [140.3495093, 39.0639392], [140.3489983, 39.0639837], [140.348806, 39.064001], [140.348397, 39.064055], [140.348097, 39.064109], [140.347704, 39.064202], [140.347551, 39.0642489], [140.3470795, 39.0643961], [140.346584, 39.0645764], [140.345208, 39.065107], [140.344058, 39.065551], [140.342625, 39.066103], [140.341087, 39.066691], [140.339879, 39.067152], [140.338454, 39.067702], [140.337923, 39.067914], [140.3356558, 39.0688565], [140.3325744, 39.0699968], [140.3296851, 39.0710931], [140.3296196, 39.0711175], [140.3286099, 39.0714963], [140.3284714, 39.0715486], [140.3280501, 39.0717222], [140.3269243, 39.0721631], [140.3253161, 39.0728498], [140.3251668, 39.0729271], [140.3240313, 39.073487], [140.3228379, 39.0742669], [140.3206349, 39.075712], [140.3205337, 39.0757754], [140.3196942, 39.0763231], [140.3195938, 39.0763895], [140.3186794, 39.0769242], [140.3184485, 39.0770262], [140.3179662, 39.0772666], [140.3174261, 39.0774253], [140.3173037, 39.0774579], [140.3164239, 39.0776723], [140.3152126, 39.0779264], [140.3142778, 39.0781767], [140.3138521, 39.0783518], [140.312147, 39.079166], [140.3119137, 39.0792682], [140.311414, 39.079539], [140.3106651, 39.0799374], [140.3104298, 39.0800863], [140.3102337, 39.0802385], [140.3100332, 39.080455], [140.3097804, 39.08079], [140.3094535, 39.081196], [140.3092748, 39.0814125], [140.3090351, 39.0816595], [140.3088041, 39.0818591], [140.3087605, 39.0818909], [140.3085819, 39.0820214], [140.3082332, 39.0822346], [140.3077886, 39.0824613], [140.3067644, 39.0829687], [140.3061891, 39.08328], [140.3059843, 39.0834187], [140.3058666, 39.0835134], [140.3057795, 39.0836047], [140.3056749, 39.0837367], [140.3055485, 39.0839261], [140.3053436, 39.0842847], [140.3052608, 39.0844471], [140.3051693, 39.0845824], [140.304994, 39.0847942], [140.3048216, 39.0849538], [140.3039902, 39.0855442], [140.3036573, 39.0857709], [140.3033187, 39.086033], [140.302975, 39.0863514], [140.3028894, 39.0864542], [140.3028158, 39.0865547], [140.3027797, 39.086601], [140.3026594, 39.086788], [140.3025499, 39.0869742], [140.3022758, 39.0877267], [140.3021573, 39.0880644], [140.3019633, 39.0885576], [140.3018308, 39.0887535], [140.3016345, 39.0890296], [140.3011857, 39.089477], [140.3009839, 39.0896344], [140.3006769, 39.089848], [140.2996546, 39.090485], [140.2994391, 39.0907039], [140.2992899, 39.0909044], [140.2990767, 39.0913498], [140.2989472, 39.0916733], [140.2987742, 39.0921858], [140.2987119, 39.0924143], [140.298666, 39.092648], [140.2986247, 39.092998], [140.2986353, 39.0934587], [140.2986714, 39.0937296], [140.2987108, 39.0938898], [140.299656, 39.0976971], [140.2997301, 39.0980421], [140.299746, 39.0983469], [140.2997432, 39.0986069], [140.2997083, 39.0989012], [140.2996255, 39.0992361], [140.2995645, 39.0994322], [140.2992333, 39.1001222], [140.2988889, 39.100731], [140.2988181, 39.100859], [140.2987378, 39.1010117], [140.2983573, 39.1017265], [140.2980892, 39.1021887], [140.2977863, 39.1027434], [140.2975204, 39.1031222], [140.2973592, 39.1033184], [140.2971478, 39.1035129], [140.2969739, 39.103682], [140.2967706, 39.1038556], [140.2966588, 39.1039495], [140.2952635, 39.1050919], [140.2938487, 39.1062735], [140.2934077, 39.1066193], [140.2929096, 39.1070215], [140.2928385, 39.1070649], [140.2923338, 39.1074722], [140.2921354, 39.1076291], [140.2918842, 39.1078328], [140.2917763, 39.1079221], [140.2915984, 39.1080762], [140.2915126, 39.108155], [140.2914318, 39.1082459], [140.2913717, 39.1083303], [140.2913064, 39.1084268], [140.291256, 39.1085077], [140.2912035, 39.1086076], [140.2911589, 39.1087107], [140.2911163, 39.1088334], [140.2910878, 39.1089638], [140.2910738, 39.1090592], [140.2910626, 39.1091714], [140.2910479, 39.1095018], [140.2910319, 39.109812], [140.2910061, 39.1102669], [140.2909954, 39.1103542], [140.2909831, 39.1104117], [140.2909604, 39.1104692], [140.2909317, 39.1105286], [140.290894, 39.1105926], [140.2905514, 39.1110698], [140.2902145, 39.1115024], [140.2896723, 39.1122123], [140.2896447, 39.1122759], [140.289495, 39.1125101], [140.2893811, 39.1127426], [140.2891841, 39.1131885], [140.2889277, 39.113769], [140.2887632, 39.114096], [140.2886188, 39.1144139], [140.2883862, 39.1148707], [140.2883532, 39.1149404], [140.2882718, 39.1150594], [140.2879102, 39.1154134], [140.287778, 39.1155511], [140.2875435, 39.1157954], [140.2870217, 39.1162898], [140.2865847, 39.1167815], [140.2862834, 39.1171718], [140.2862281, 39.1172778], [140.2861626, 39.1174186], [140.2860118, 39.1178515], [140.2859556, 39.1180975], [140.2856998, 39.1188552], [140.2855355, 39.119249], [140.2852756, 39.1199237], [140.2851873, 39.1201524], [140.2851762, 39.1201853], [140.2851103, 39.1204545], [140.2848678, 39.1218582], [140.2848423, 39.1219725], [140.2848213, 39.1220375], [140.2847013, 39.1222017], [140.284627, 39.1222696], [140.2845436, 39.1223275], [140.2840952, 39.1225233], [140.2837908, 39.1226597], [140.2825147, 39.1232], [140.2819176, 39.1234642], [140.2814443, 39.1236768], [140.2810401, 39.1238729], [140.2807574, 39.1240601], [140.280575, 39.1241991], [140.2803663, 39.1243952], [140.2802643, 39.1245226], [140.2801931, 39.1246605], [140.2800788, 39.1249917], [140.2799908, 39.1252346], [140.2799067, 39.1254624], [140.2798195, 39.1256522], [140.2797063, 39.1258396], [140.2794517, 39.1261715], [140.2791769, 39.1265588], [140.2788288, 39.127088], [140.2785354, 39.1275319], [140.2782922, 39.1279151], [140.2779415, 39.1285483], [140.2774746, 39.1294621], [140.2771189, 39.1300845], [140.2768413, 39.130624], [140.2767569, 39.1307691], [140.2766703, 39.1308848], [140.2765204, 39.1310927], [140.2762893, 39.1313242], [140.2759768, 39.1315497], [140.2757223, 39.131746], [140.2756134, 39.1318316], [140.2750974, 39.1322036], [140.274853, 39.1323791], [140.2747664, 39.1324359], [140.274454, 39.1326248], [140.2743257, 39.1326934], [140.2740959, 39.1327973], [140.2738038, 39.1329128], [140.2732841, 39.1330848], [140.2732029, 39.1331089], [140.2730636, 39.1331482], [140.2725846, 39.1333355], [140.2721224, 39.1335589], [140.2718307, 39.1337479], [140.2711849, 39.1341451], [140.270497, 39.1345679], [140.2702839, 39.1347041], [140.2701837, 39.1347885], [140.2700199, 39.1349782], [140.2696674, 39.1353865], [140.2689836, 39.1361382], [140.2689062, 39.1362385], [140.2684425, 39.1368394], [140.2680751, 39.1373281], [140.2679969, 39.137409], [140.2678902, 39.1375049], [140.2676084, 39.1376645], [140.2675011, 39.1377155], [140.267051, 39.1379292], [140.2668151, 39.1380481], [140.2667492, 39.1380886], [140.2666826, 39.1381297], [140.2665068, 39.1382384], [140.2661771, 39.1385312], [140.2660065, 39.1386827], [140.2652845, 39.1393154], [140.2648602, 39.1397676], [140.2647933, 39.1398363], [140.2644648, 39.1401738], [140.2643851, 39.1402557], [140.2640271, 39.1405764], [140.2636323, 39.1408264], [140.2629685, 39.1412175], [140.2624347, 39.1414794], [140.2623576, 39.1415141], [140.2619941, 39.1416684], [140.2616136, 39.1418301], [140.2614095, 39.1419179], [140.2611553, 39.1420273], [140.2608897, 39.142136], [140.2606602, 39.1422712], [140.2603583, 39.1424822], [140.2602699, 39.142544], [140.259847, 39.1428689], [140.2595901, 39.1430539], [140.2595672, 39.1430714], [140.2591312, 39.1434043], [140.2587261, 39.1436795], [140.2580475, 39.1440612], [140.2577235, 39.1442024], [140.2573902, 39.1443654], [140.2572912, 39.1444276], [140.2571983, 39.1444956], [140.2571421, 39.1445459], [140.2570913, 39.1445983], [140.2570404, 39.1446602], [140.2569836, 39.1447404], [140.2567636, 39.1451281], [140.2563353, 39.1458468], [140.2559999, 39.1463281], [140.2559255, 39.1464133], [140.2558377, 39.1464909], [140.2556966, 39.1465839], [140.2552918, 39.1467879], [140.2547409, 39.1470495], [140.2541962, 39.1472821], [140.2539676, 39.1473864], [140.2531379, 39.1477477], [140.2530536, 39.1477842], [140.252843, 39.1478926], [140.2525776, 39.1480292], [140.252389, 39.1481279], [140.2522505, 39.1482389], [140.251959, 39.1485294], [140.2514224, 39.1490122], [140.2507335, 39.1496137], [140.250559, 39.1498156], [140.2504189, 39.1500151], [140.2498934, 39.1509967], [140.2497553, 39.1512183], [140.24962, 39.1514043], [140.2494977, 39.1515337], [140.2493227, 39.1516856], [140.249078, 39.1518811], [140.2488239, 39.1521019], [140.2486952, 39.1522324], [140.2485081, 39.1524222], [140.2482877, 39.1526828], [140.2477785, 39.1533318], [140.2475901, 39.1535694], [140.2474351, 39.1536961], [140.2472752, 39.1537995], [140.2471386, 39.1538744], [140.2450034, 39.155051], [140.2447687, 39.1551158], [140.2445189, 39.1551573]], [[140.2369569, 39.1568255], [140.2367934, 39.1570081], [140.2365467, 39.1572836], [140.2361228, 39.1577859], [140.2354239, 39.1585961], [140.2351548, 39.1589301], [140.2346907, 39.1594296], [140.2344722, 39.1595869], [140.2343062, 39.159712], [140.2341302, 39.1598339], [140.2339701, 39.1599389], [140.2337632, 39.1600395], [140.2336158, 39.1601068], [140.233323, 39.1602285], [140.2323541, 39.1605965], [140.2313947, 39.1609982], [140.2309883, 39.1612358], [140.2309473, 39.1612726], [140.2307393, 39.161459], [140.2306352, 39.1615959], [140.2305546, 39.1617657], [140.2305405, 39.1619156], [140.2305062, 39.1621263], [140.2304844, 39.162516], [140.2305059, 39.162899], [140.2304832, 39.1632969], [140.2304852, 39.1643034], [140.2304888, 39.1646092], [140.2304165, 39.1650766], [140.2302487, 39.1656919], [140.2301652, 39.1658909], [140.2300509, 39.166081], [140.2297991, 39.1664757], [140.2295108, 39.1669521], [140.2292027, 39.1673856], [140.2289586, 39.1676453], [140.2287069, 39.1678093], [140.2286269, 39.1678614], [140.2283721, 39.1679721], [140.228256, 39.1680172], [140.2280172, 39.16811], [140.2274886, 39.1683137], [140.2271242, 39.1684559], [140.2269854, 39.1684965], [140.2268527, 39.1685353], [140.226518, 39.1686213], [140.2261478, 39.1686797], [140.2256238, 39.168751], [140.2252929, 39.168796], [140.2243293, 39.1689492], [140.2235323, 39.1690877], [140.2230539, 39.1691406], [140.2228463, 39.1691651], [140.2226518, 39.1692258], [140.2223726, 39.1693405], [140.2221941, 39.1694493], [140.2221333, 39.1694863], [140.2216716, 39.1697752], [140.2214908, 39.1699443], [140.2214254, 39.1700055], [140.2212507, 39.1702174], [140.2210264, 39.1705113], [140.220983, 39.1705775], [140.2209512, 39.1706482], [140.2208555, 39.170854], [140.2208402, 39.1709138], [140.2207698, 39.1711298], [140.2207286, 39.1713501], [140.2206977, 39.1715233], [140.2206547, 39.1717641], [140.2204758, 39.1724598], [140.2202369, 39.1730742], [140.2200058, 39.1736177], [140.2197542, 39.1741558], [140.2196779, 39.1743268], [140.2196164, 39.174431], [140.2195775, 39.1744969], [140.2192544, 39.1748329], [140.2189553, 39.1750734], [140.2187646, 39.1752498], [140.2186144, 39.1753622], [140.2184415, 39.1754512], [140.2183013, 39.1754996], [140.2181862, 39.1755413], [140.2179812, 39.1755951], [140.217752, 39.1756444], [140.2175128, 39.1756708], [140.2169326, 39.1757162], [140.2166686, 39.1757321], [140.2163984, 39.1757609], [140.2160998, 39.1758045], [140.2158053, 39.1758726], [140.2155661, 39.1759441], [140.2154272, 39.1759898], [140.2153819, 39.1760083], [140.2138342, 39.1766346], [140.2129573, 39.1770165], [140.21225, 39.1773464], [140.2113817, 39.177746], [140.2107542, 39.1780779], [140.2101156, 39.1784157], [140.2093182, 39.178836], [140.2086376, 39.1791996], [140.2080388, 39.1795425], [140.2075831, 39.179813], [140.2069276, 39.1802255], [140.2066426, 39.1804338], [140.2064173, 39.180638], [140.2061007, 39.1809132], [140.2058417, 39.1811258], [140.2057345, 39.1812095], [140.2055588, 39.1813219], [140.2053973, 39.1814023], [140.2052068, 39.1814713], [140.2050738, 39.1815164], [140.2049195, 39.1815601], [140.2046497, 39.1815968], [140.2044139, 39.181614], [140.2041165, 39.1816323], [140.2037103, 39.1816568], [140.2032321, 39.1816856], [140.2022303, 39.1817546], [140.2014074, 39.1817938], [140.2010726, 39.1818124], [140.2009421, 39.1818161], [140.2007488, 39.1818254], [140.1993569, 39.1818535], [140.1992701, 39.1818525], [140.1984797, 39.1818793], [140.1968952, 39.1819099], [140.1966935, 39.1819293], [140.1963464, 39.1819645], [140.1957983, 39.1820292], [140.1951967, 39.1821401], [140.1944245, 39.1823326], [140.1940133, 39.1824549], [140.1929433, 39.1828236], [140.1928181, 39.1828863], [140.1923649, 39.1831042], [140.1922698, 39.1831746], [140.1919508, 39.1833778], [140.1917166, 39.1835905], [140.1914499, 39.1838731], [140.1912299, 39.1841525], [140.1910115, 39.1845328], [140.1909208, 39.184818], [140.1908532, 39.1851139], [140.1908001, 39.1854012], [140.1907861, 39.1857776], [140.1907755, 39.1859182], [140.1907313, 39.1863005], [140.1906582, 39.1868947], [140.1905956, 39.1870959], [140.1905101, 39.18734], [140.1904105, 39.1875266], [140.190282, 39.1877465], [140.1900851, 39.1880056], [140.1899107, 39.1881839], [140.1897935, 39.1882909], [140.189518, 39.1885201], [140.1891103, 39.1888461], [140.1886267, 39.1892258], [140.1880734, 39.189672], [140.1879963, 39.1897351], [140.1879084, 39.1898244], [140.1877702, 39.190036], [140.1876614, 39.1902591], [140.1876103, 39.1904174], [140.1875585, 39.1906506], [140.1875521, 39.1909249], [140.187541, 39.1912961], [140.1876591, 39.1916129], [140.1879109, 39.1923485], [140.18823, 39.1933037], [140.1885391, 39.1942069], [140.1887144, 39.1947945], [140.1889033, 39.1956169], [140.1892315, 39.1970154], [140.1892767, 39.1972111], [140.1896443, 39.1988036], [140.1897531, 39.1991075], [140.1898423, 39.1993302], [140.1901973, 39.2001227], [140.1905113, 39.2007365], [140.190547, 39.2008144], [140.1906457, 39.2010293], [140.1907599, 39.2012904], [140.1908763, 39.2017243], [140.1909716, 39.202678], [140.1910216, 39.2035617], [140.1910455, 39.2043557], [140.191091, 39.2050681], [140.1910665, 39.2053019], [140.1910548, 39.2054261], [140.191014, 39.2055598], [140.190975, 39.2056867], [140.1909089, 39.2058363], [140.19079, 39.2060567], [140.1906827, 39.2062245], [140.1905129, 39.2064686], [140.1902222, 39.2068069], [140.1896432, 39.2073964], [140.1891178, 39.2079322], [140.1889424, 39.2081141], [140.1887751, 39.208323], [140.1886253, 39.208545], [140.1884889, 39.2087919], [140.1884007, 39.208998], [140.1883032, 39.2093077], [140.1882557, 39.209566], [140.1882499, 39.2098894], [140.1882648, 39.2101542], [140.1883257, 39.21043], [140.1884395, 39.2107708], [140.1885691, 39.2110702], [140.1887756, 39.2114189], [140.1889844, 39.2117701], [140.1892726, 39.2122479], [140.1893817, 39.2124985], [140.1894387, 39.2126752], [140.189483, 39.2128764], [140.189502, 39.213058], [140.1895147, 39.2132249], [140.1894966, 39.2134264], [140.1894604, 39.2136305], [140.1894197, 39.2137273], [140.1893393, 39.2139398], [140.1891156, 39.2143194], [140.1889509, 39.214506], [140.1887355, 39.2147219], [140.1885455, 39.214879], [140.1883385, 39.2150077], [140.1880897, 39.2151519], [140.1877155, 39.2153267], [140.1875618, 39.2153924], [140.1873878, 39.2154838], [140.1865792, 39.215919], [140.1861042, 39.2161403], [140.1856569, 39.2162579], [140.1853783, 39.2163062], [140.1848272, 39.2164201], [140.1842233, 39.2165947], [140.1839641, 39.2166826], [140.1836734, 39.2167746], [140.1831792, 39.2169142], [140.1827734, 39.2170008], [140.1824342, 39.2170607], [140.1820891, 39.2170816], [140.181814, 39.21709], [140.1814711, 39.2170898], [140.1811176, 39.2170742], [140.1807718, 39.2170757], [140.1806785, 39.217081], [140.1803212, 39.2171061], [140.1800206, 39.2171399], [140.1794133, 39.2172564], [140.1789211, 39.217369], [140.178564, 39.2174845], [140.1781852, 39.2176144], [140.1778602, 39.2177114], [140.1775564, 39.2177898], [140.1771753, 39.2178924], [140.1768511, 39.2179744], [140.176366, 39.2181268], [140.1758678, 39.2182644], [140.1756491, 39.2183212], [140.1753589, 39.2184416], [140.1752158, 39.2185066], [140.1750885, 39.2185791], [140.1748759, 39.2187132], [140.174573, 39.2189308], [140.1742624, 39.2191529], [140.1739, 39.2193354], [140.173589, 39.2194484], [140.173231, 39.219576], [140.172836, 39.219721], [140.172465, 39.219851], [140.1721171, 39.2198678], [140.1719577, 39.219859], [140.171697, 39.2198649], [140.1714801, 39.2198815], [140.1713357, 39.2199006], [140.171209, 39.219922], [140.170596, 39.220066], [140.1697948, 39.2202848], [140.169348, 39.22041], [140.1689807, 39.2205927], [140.1683602, 39.2209227], [140.167695, 39.221305], [140.167514, 39.22138], [140.1670525, 39.2215463], [140.1666655, 39.2216764], [140.1654708, 39.2220105], [140.1645586, 39.2222762], [140.1637857, 39.2225181], [140.162179, 39.2230804], [140.1609401, 39.2235297], [140.1590697, 39.2241838], [140.1573632, 39.2248175], [140.1565853, 39.2250836], [140.1551759, 39.2255952], [140.1539865, 39.2260261], [140.1529754, 39.2263674], [140.1524666, 39.2265146], [140.1519456, 39.2266427], [140.1518236, 39.2266727], [140.151467, 39.2267481], [140.1510829, 39.2268195], [140.1505418, 39.2269258], [140.1502202, 39.2269877], [140.1499423, 39.2270503], [140.1494909, 39.2271975], [140.1491924, 39.2273708], [140.1489121, 39.2276165], [140.1487978, 39.2277714], [140.1487059, 39.227894], [140.1486597, 39.2280954], [140.1486046, 39.2283607], [140.1485842, 39.2285961], [140.1485718, 39.2289202], [140.1485475, 39.2294444], [140.1484447, 39.229714], [140.148135, 39.2299351], [140.1474334, 39.2303487], [140.1470411, 39.2305658], [140.1468187, 39.2306655], [140.1466489, 39.2307065], [140.1463201, 39.2307781], [140.1459459, 39.2308298], [140.1445639, 39.2310193], [140.1443606, 39.2310454], [140.1442004, 39.2310574], [140.1441552, 39.2310611], [140.1439428, 39.2310898], [140.1437124, 39.2311185], [140.1433362, 39.2311789], [140.1431214, 39.231216], [140.1430003, 39.2312419], [140.142864, 39.2312794], [140.1427251, 39.2313254], [140.1425813, 39.2313847], [140.1424437, 39.2314486], [140.1422807, 39.2315439], [140.1421413, 39.2316298], [140.1419931, 39.2317361], [140.1418831, 39.2318276], [140.1417716, 39.2319302], [140.1415687, 39.2321114], [140.1414877, 39.2322117], [140.1412372, 39.232454], [140.140317, 39.233268], [140.1402459, 39.233331], [140.139575, 39.233959], [140.1390926, 39.2344099], [140.1385477, 39.2349494], [140.1376755, 39.2357963], [140.137232, 39.236169], [140.136954, 39.236434], [140.136483, 39.236882], [140.136316, 39.2371317], [140.1361641, 39.2375903], [140.1361397, 39.2379178], [140.1362008, 39.2381973], [140.1362727, 39.2383648], [140.1362897, 39.2384043], [140.1363653, 39.2385862], [140.1367027, 39.239429], [140.1368008, 39.2397115], [140.1368878, 39.2403077], [140.1368715, 39.2408241], [140.1367091, 39.2418136], [140.1366918, 39.241919], [140.1364934, 39.2432926], [140.1364434, 39.2438438], [140.1363471, 39.2445993], [140.1362205, 39.2457435], [140.1364651, 39.2464687], [140.1367555, 39.2472716], [140.1367626, 39.2477631], [140.1366007, 39.2481093], [140.136521, 39.24829], [140.13638, 39.2484223], [140.1360743, 39.2486716], [140.1354949, 39.2489291], [140.1345682, 39.2492749], [140.1343208, 39.2493585], [140.1335815, 39.249537], [140.1327745, 39.2495644], [140.1325268, 39.2495151], [140.1309992, 39.2490199], [140.1293008, 39.2483656], [140.1291879, 39.248289], [140.1289653, 39.2481342], [140.12875, 39.2479382], [140.1282052, 39.2473811], [140.1280676, 39.2472355], [140.1276901, 39.2468451], [140.1274492, 39.2466371], [140.1271848, 39.2464671], [140.126627, 39.24627], [140.125937, 39.246023], [140.125362, 39.245821], [140.1251387, 39.2457416], [140.124931, 39.245719], [140.124454, 39.245753], [140.1243295, 39.2457866], [140.1241877, 39.2458249], [140.124013, 39.245872], [140.123412, 39.246075], [140.1223637, 39.2465258], [140.1220565, 39.2467418], [140.1219269, 39.2468392], [140.1211611, 39.2473289], [140.1207266, 39.2475967], [140.1205139, 39.2477366], [140.1203386, 39.2478837], [140.1201984, 39.2480537], [140.1198805, 39.2485544], [140.1196745, 39.2488148], [140.1192827, 39.2494913], [140.1189058, 39.2502356], [140.1187418, 39.2506314], [140.1187198, 39.2507564], [140.1186942, 39.2509921], [140.1187285, 39.2518187], [140.1187814, 39.2527113], [140.1187888, 39.2531518], [140.1187754, 39.2532724], [140.1187817, 39.2535804], [140.1186597, 39.2540632], [140.1186267, 39.2545105], [140.1186537, 39.2550132], [140.1187001, 39.2554505], [140.118784, 39.2558508], [140.1187889, 39.2561188], [140.1187684, 39.2562983], [140.1186476, 39.2566263], [140.1185316, 39.2569573], [140.118393, 39.2574111], [140.1183551, 39.2575622], [140.118365, 39.2576735], [140.1184104, 39.2578628], [140.1184753, 39.2580476], [140.1186211, 39.2582994], [140.1190174, 39.2587655], [140.1193379, 39.2591434], [140.1199519, 39.2598269], [140.1200559, 39.2599272], [140.120559, 39.2605155], [140.1208968, 39.2609519], [140.1210848, 39.2612681], [140.1211986, 39.2614863], [140.1212366, 39.2615724], [140.1212815, 39.2616797], [140.1213108, 39.2618378], [140.121394, 39.262471], [140.121405, 39.262713], [140.121408, 39.262918], [140.121474, 39.2633406], [140.1214391, 39.2635782], [140.1214148, 39.2636261], [140.121368, 39.263666], [140.121355, 39.263714], [140.1212745, 39.263866], [140.1212135, 39.2639343], [140.1211366, 39.2640246], [140.1209709, 39.2641606], [140.1207882, 39.2642596], [140.1205439, 39.2643346], [140.1199516, 39.2644803], [140.1193755, 39.2645764], [140.119159, 39.264585], [140.118939, 39.264688], [140.1183521, 39.2649681], [140.117896, 39.265207], [140.117636, 39.265318], [140.117449, 39.265378], [140.1169404, 39.2654894], [140.1165497, 39.2656276], [140.115926, 39.265828], [140.115647, 39.265948], [140.115424, 39.266074], [140.115127, 39.266286], [140.113899, 39.267064], [140.113587, 39.267222], [140.1129432, 39.2675607], [140.112532, 39.267777], [140.1118954, 39.2681168], [140.1116437, 39.2682609], [140.1113651, 39.268467], [140.1112851, 39.2685311], [140.1111249, 39.2686785], [140.1109725, 39.2688594], [140.1107461, 39.2691542], [140.1106226, 39.269407], [140.1104561, 39.2698034], [140.1103971, 39.2700979], [140.1103751, 39.2703853], [140.1104353, 39.2707593], [140.1105085, 39.271072], [140.1106166, 39.2713478], [140.1110023, 39.2720908], [140.1113611, 39.2726913], [140.1113913, 39.2727491], [140.111435, 39.2728381], [140.1116714, 39.2733195], [140.1118104, 39.2736005], [140.1119616, 39.2738805], [140.1121198, 39.2741735], [140.1123975, 39.2745543], [140.1124727, 39.2746353], [140.1127265, 39.2749087], [140.112954, 39.2751361], [140.1138032, 39.2759745], [140.114555, 39.2767046], [140.1147024, 39.2768646], [140.1148035, 39.2769897], [140.1150291, 39.27732], [140.1150985, 39.2774078], [140.1152265, 39.2776898], [140.1153771, 39.2779753], [140.1154806, 39.2782373], [140.1157158, 39.2789627], [140.115871, 39.2794134], [140.1158957, 39.2797095], [140.1158977, 39.2800385], [140.1158572, 39.2803555], [140.1158065, 39.2805318], [140.1157334, 39.2806996], [140.1156346, 39.2808902], [140.1154372, 39.2811571], [140.11504, 39.281608], [140.1147075, 39.2819413], [140.1143382, 39.2823203], [140.1142174, 39.2824112], [140.113616, 39.28306], [140.1131422, 39.2835473], [140.1130696, 39.283622], [140.1126243, 39.2840592], [140.1114461, 39.285216], [140.1113403, 39.2853147], [140.1111998, 39.2854178], [140.1109022, 39.2855951], [140.1096824, 39.2863265], [140.1095859, 39.286377], [140.1083833, 39.2871453], [140.1080883, 39.2873194], [140.1075535, 39.2876446], [140.1069952, 39.2879978], [140.1068384, 39.2881405], [140.1066153, 39.2883559], [140.105809, 39.289374], [140.105634, 39.289585], [140.1049521, 39.2904621], [140.104559, 39.290901], [140.1041968, 39.2914], [140.1041401, 39.2914781], [140.1037788, 39.2919258], [140.1032071, 39.2925636], [140.1030906, 39.2927194], [140.1028329, 39.293064], [140.1026915, 39.2933156], [140.1026286, 39.2934979], [140.1026097, 39.2937521], [140.1026433, 39.2943531], [140.1026828, 39.2950624], [140.1027827, 39.2958997], [140.1028404, 39.2965192], [140.1029214, 39.2971047], [140.1029911, 39.2975362], [140.1030319, 39.2979204], [140.1030407, 39.2991238], [140.1030919, 39.3000445], [140.1030958, 39.3001731], [140.1031152, 39.3014802], [140.1031295, 39.3021092], [140.103152, 39.302726], [140.1031027, 39.3032614], [140.1029819, 39.3040822], [140.1029196, 39.3044712], [140.1028074, 39.3049555], [140.102587, 39.305782], [140.1024949, 39.3060917], [140.102153, 39.306706], [140.1020643, 39.3068836], [140.101833, 39.307347], [140.1016153, 39.3077536], [140.101441, 39.308102], [140.1012992, 39.308375], [140.1012122, 39.3086494], [140.1011422, 39.3090222], [140.1011141, 39.3094727], [140.1011061, 39.3096653], [140.1011042, 39.3097994], [140.1011114, 39.3100312], [140.101168, 39.310512], [140.1011878, 39.3107149], [140.1011687, 39.3109026], [140.1010362, 39.3116857], [140.1009893, 39.3119172], [140.1008397, 39.3126403], [140.1006663, 39.3131399], [140.1004941, 39.3135047], [140.0999196, 39.3142839], [140.0996961, 39.3146528], [140.0993143, 39.3152614], [140.0990285, 39.3160437], [140.0988718, 39.3167202], [140.0985895, 39.3176627], [140.0984749, 39.3179244], [140.098226, 39.3184561], [140.097912, 39.3189615], [140.0978114, 39.3190992], [140.097765, 39.3191512], [140.0977083, 39.3192147], [140.09756, 39.319365], [140.096711, 39.319953], [140.0955851, 39.3206499], [140.0953831, 39.3207707], [140.0953782, 39.320774], [140.0953739, 39.3207767], [140.0950944, 39.3209456], [140.0946359, 39.3212615], [140.0944573, 39.3214184], [140.0944351, 39.3214379], [140.0943765, 39.3215177], [140.094136, 39.3218209], [140.0939318, 39.3221382], [140.0936296, 39.3226757], [140.0933119, 39.3232068], [140.093086, 39.3234693], [140.092939, 39.323654], [140.092785, 39.3237969], [140.0925516, 39.323916], [140.0923281, 39.323989], [140.0921685, 39.3240259], [140.0920227, 39.3240483], [140.0918592, 39.324052], [140.0917116, 39.3240448], [140.0906917, 39.3239746], [140.0897713, 39.3238986], [140.0893022, 39.3238568], [140.0890557, 39.3238529], [140.088796, 39.3238549], [140.0882749, 39.3239087], [140.087991, 39.3239553], [140.087079, 39.324099], [140.085823, 39.3243375], [140.085745, 39.3243524], [140.085539, 39.3244016], [140.0853674, 39.3244602], [140.0850264, 39.3245736], [140.0835124, 39.3253276], [140.0813634, 39.3264059], [140.0813411, 39.32642], [140.0811808, 39.326522], [140.0808456, 39.3267791], [140.0794677, 39.3278854], [140.079351, 39.32798], [140.0777085, 39.3293747], [140.0773371, 39.3296766], [140.0769208, 39.3300327], [140.076615, 39.3302513], [140.0761607, 39.3305286], [140.0758448, 39.3306814], [140.0750752, 39.3310728], [140.0740965, 39.3315494], [140.0739609, 39.3316431], [140.0738427, 39.3317334], [140.0737482, 39.33185], [140.0736456, 39.3319673], [140.0735804, 39.3320987], [140.0734784, 39.3322813], [140.073453, 39.332355], [140.073447, 39.332493], [140.0734403, 39.3327323], [140.0734679, 39.3328194], [140.073511, 39.332955], [140.073599, 39.333245], [140.073715, 39.333503], [140.073768, 39.3336141], [140.073817, 39.333705], [140.073852, 39.333758], [140.073921, 39.3338633], [140.073968, 39.333935], [140.07432, 39.3345319], [140.07436, 39.3345926], [140.0744, 39.3346604], [140.0746911, 39.3350796], [140.0748109, 39.3353379], [140.0748749, 39.3355036], [140.074901, 39.3356136], [140.0749148, 39.3357768], [140.0749205, 39.3359122], [140.0749047, 39.3361048], [140.0748599, 39.3362977], [140.0747654, 39.3366032], [140.0744434, 39.3376204], [140.0741424, 39.3385414], [140.0738175, 39.3395], [140.073644, 39.340042], [140.073514, 39.3404597], [140.073309, 39.341077], [140.0731427, 39.3413439], [140.0730631, 39.3414562], [140.072702, 39.3418296], [140.0722981, 39.3421288], [140.0718332, 39.3423903], [140.0712617, 39.3426731], [140.070136, 39.3431659], [140.0693898, 39.3434098], [140.0689789, 39.3435478], [140.0684259, 39.3437109], [140.0681975, 39.343816], [140.067987, 39.34389], [140.0678, 39.343985], [140.067552, 39.344171], [140.0673027, 39.3443774], [140.066567, 39.345022], [140.066429, 39.34513], [140.065584, 39.3457949], [140.0644233, 39.3467578], [140.0638549, 39.3472861], [140.0631081, 39.3478967], [140.0624789, 39.3484447], [140.0619478, 39.3488847], [140.0614859, 39.3493053], [140.0613737, 39.3494238], [140.0612822, 39.3495556], [140.0610755, 39.3498776], [140.0609034, 39.3501168], [140.060758, 39.3502858], [140.0606012, 39.3504431], [140.0603832, 39.3506405], [140.0603453, 39.3506668], [140.0595925, 39.3511501], [140.0591106, 39.3514653], [140.0586588, 39.3518317], [140.0576604, 39.352868], [140.0572608, 39.3532881], [140.0565413, 39.3540263], [140.0543723, 39.3562455], [140.0524597, 39.3581894], [140.052332, 39.3583363], [140.0498884, 39.3608475], [140.0488267, 39.3619304], [140.0485135, 39.3622584], [140.0482473, 39.3625994], [140.0480371, 39.3629401], [140.0478546, 39.3633631], [140.0477919, 39.3636054], [140.0477472, 39.3638149], [140.0477254, 39.3640423], [140.0477219, 39.3642361], [140.0477304, 39.364487], [140.0477629, 39.3646877], [140.0478557, 39.3650544], [140.0479563, 39.3653374], [140.0483096, 39.3663961], [140.048449, 39.3667546], [140.0485885, 39.3671131], [140.0487438, 39.3674219], [140.0487778, 39.3674987], [140.0491993, 39.3684498], [140.0494452, 39.3688371], [140.0495563, 39.3690121], [140.0499615, 39.369585], [140.0505913, 39.3705569], [140.0511507, 39.3714922], [140.0514749, 39.3720152], [140.051757, 39.3724184], [140.0523526, 39.3733355], [140.0529555, 39.374275], [140.0530177, 39.3743726], [140.0535456, 39.3752011], [140.0541431, 39.3761277], [140.0548042, 39.377067], [140.0554039, 39.3779598], [140.0559622, 39.3789044], [140.0563122, 39.379428], [140.0565278, 39.3797735], [140.0562725, 39.3798732], [140.0548111, 39.3804738], [140.0542301, 39.3807024], [140.0538709, 39.3808367], [140.0536594, 39.3809157], [140.0521944, 39.3814527], [140.0516833, 39.3816508], [140.0511894, 39.3818473], [140.0508525, 39.3819815], [140.0503441, 39.3821759], [140.0489949, 39.3827378], [140.0483027, 39.3830215], [140.0477386, 39.3832551], [140.047514, 39.3833526], [140.0473068, 39.3834643], [140.047118, 39.3835819], [140.0470425, 39.3836344], [140.0469931, 39.3837009], [140.0468915, 39.3838711], [140.0468239, 39.3839926], [140.0466071, 39.3843616], [140.046528, 39.3844783], [140.046425, 39.3846304], [140.0462632, 39.3847867], [140.0460778, 39.3848988], [140.0458848, 39.3849896], [140.0455049, 39.3851153], [140.045402, 39.385151], [140.0451747, 39.385218], [140.0450841, 39.3852392], [140.0449915, 39.3852608], [140.0444826, 39.3854104], [140.0438099, 39.3856346], [140.0426962, 39.3860126], [140.042189, 39.386125], [140.0420069, 39.3861601], [140.041608, 39.386237], [140.0413673, 39.386258], [140.0406645, 39.3863195], [140.0403947, 39.3863321], [140.040155, 39.386345], [140.0395691, 39.3863787], [140.037735, 39.3864391], [140.0356317, 39.3864159], [140.0354426, 39.3864179], [140.0351933, 39.3863995], [140.0330075, 39.386406], [140.0321738, 39.3864085], [140.0319995, 39.3864148]], [[140.2369569, 39.1568255], [140.2379588, 39.1556617], [140.2381735, 39.1554703], [140.2384119, 39.1553057], [140.2386042, 39.1551928], [140.2388394, 39.1550966], [140.2390921, 39.1550131], [140.2394037, 39.1549567], [140.2396783, 39.1549228], [140.239999, 39.1549249], [140.2403573, 39.1549478], [140.2415038, 39.155039], [140.2425063, 39.155125], [140.2428807, 39.1551483], [140.2434602, 39.1551844], [140.2438389, 39.155208], [140.2439999, 39.1552108], [140.2442907, 39.1551946], [140.2445189, 39.1551573]]]}, "id": "relation/3118577"}]}