{"type": "FeatureCollection", "generator": "kokudo-quiz tools/fetch_raw.py (Overpass API)", "copyright": "The data included in this document is from www.openstreetmap.org. The data is made available under ODbL.", "timestamp": "2026-09-30T14:41:44Z", "features": [{"type": "Feature", "properties": {"@id": "relation/8822215", "colour": "red", "from": "静岡県下田市", "name": "国道136号", "name:en": "National Highway Route 136", "name:ja": "国道136号", "name:ja-Hira": "こくどうひゃくさんじゅうろくごう", "name:ja-Latn": "kokudou 136 gou", "network": "JP:national", "ref": "136", "route": "road", "to": "静岡県三島市", "type": "route", "wikidata": "Q11421406", "wikipedia": "ja:国道136号"}, "geometry": {"type": "MultiLineString", "coordinates": [[[138.941372, 34.6776271], [138.9405702, 34.6767368], [138.9404798, 34.6766325], [138.9403962, 34.676523], [138.9403275, 34.6763931], [138.9402472, 34.6762231], [138.940095, 34.6758658], [138.9399929, 34.6756236], [138.9396703, 34.6748479], [138.9396315, 34.6747686], [138.9395305, 34.6745354], [138.9393772, 34.6741839], [138.9391465, 34.6736667], [138.9390837, 34.6735448], [138.9390152, 34.6734441], [138.9389403, 34.6733698], [138.9388519, 34.6733008], [138.9387515, 34.6732465], [138.938667, 34.6732079], [138.9381947, 34.6730335], [138.9380958, 34.6729953], [138.9375918, 34.6728262], [138.9372168, 34.6727], [138.9362887, 34.6723837], [138.9357288, 34.6721912], [138.9354081, 34.6720773], [138.9353083, 34.6720341], [138.9352466, 34.6719946], [138.9351871, 34.6719435], [138.9351346, 34.6718733], [138.9350808, 34.6717902], [138.9348039, 34.671256], [138.9347456, 34.6711542], [138.934679, 34.671049], [138.9346221, 34.6709834], [138.9345525, 34.6709226], [138.9344863, 34.6708721], [138.9337666, 34.6703869], [138.9335755, 34.6702482], [138.9334716, 34.6701653], [138.9333573, 34.6700484], [138.9333053, 34.6699933], [138.9332524, 34.6699277], [138.9332139, 34.6698578], [138.9331198, 34.6696774], [138.9329092, 34.669261], [138.9327818, 34.6690097], [138.9327313, 34.6689339], [138.9326688, 34.6688586], [138.9325818, 34.6687749], [138.9324286, 34.6686398], [138.9322075, 34.668445], [138.9318775, 34.6681632], [138.931707, 34.6680086], [138.9316031, 34.6678982], [138.9315346, 34.6678053], [138.9314796, 34.6676879], [138.9314433, 34.6675697], [138.9313366, 34.6671274], [138.9311636, 34.6664702], [138.9311032, 34.6662282], [138.9310612, 34.6660398], [138.9310433, 34.6659074], [138.9310419, 34.6657848], [138.9310501, 34.665606], [138.9310727, 34.6654176], [138.9311433, 34.6649281], [138.9311559, 34.6647489], [138.9311522, 34.6646692], [138.9311322, 34.6645696], [138.9311082, 34.6644988], [138.9310807, 34.6644325], [138.9310185, 34.6643346], [138.9309472, 34.6642534], [138.9308672, 34.6641732], [138.93078, 34.6640944], [138.9306949, 34.6640278], [138.9305376, 34.6639157], [138.9302189, 34.6636754], [138.9298319, 34.6633849], [138.929731, 34.6633151], [138.9296645, 34.6632802], [138.9295584, 34.6632343], [138.9294927, 34.6632195], [138.9293789, 34.6632063], [138.9293168, 34.6632055], [138.9292734, 34.6632109], [138.9292219, 34.6632173], [138.9291057, 34.6632524], [138.9290119, 34.6632869], [138.9287157, 34.6633927], [138.9285024, 34.6634772], [138.9283584, 34.6635332], [138.9282065, 34.6635718], [138.9281239, 34.6635801], [138.9280502, 34.6635792], [138.9279452, 34.6635645], [138.9278258, 34.6635185], [138.9277699, 34.6634901], [138.9276851, 34.663423], [138.9276326, 34.6633597], [138.9276058, 34.6633064], [138.9275801, 34.6632357], [138.927569, 34.6631659], [138.9275801, 34.6630529], [138.9276114, 34.6629042], [138.9276136, 34.6627664], [138.9275958, 34.6626691], [138.92755, 34.6625846], [138.9274595, 34.662478], [138.9273077, 34.6623485], [138.9271023, 34.6621924], [138.926803, 34.66195], [138.9266177, 34.6617975], [138.9262741, 34.6615314], [138.9261478, 34.6614431], [138.926028, 34.6613736], [138.9258406, 34.6612996], [138.9257047, 34.6612622], [138.9255748, 34.66123], [138.9253998, 34.6612015], [138.9251929, 34.6611894], [138.9249944, 34.6611947], [138.9248055, 34.6612114], [138.9243433, 34.6612649], [138.9236908, 34.6613549], [138.9231463, 34.6614274], [138.9225937, 34.6615018], [138.9222264, 34.6615538], [138.9220212, 34.6615722], [138.9218673, 34.6615758], [138.9217088, 34.6615722], [138.9215655, 34.6615611], [138.9214213, 34.6615349], [138.9211109, 34.6614641], [138.9205269, 34.6613273], [138.9202085, 34.6612518], [138.9198302, 34.6611592], [138.9192731, 34.6610196], [138.9188666, 34.6609306], [138.9187624, 34.6609258], [138.9186571, 34.6609296], [138.9185545, 34.6609423], [138.9184455, 34.6609684], [138.9183723, 34.6609984], [138.9183139, 34.6610224], [138.9182247, 34.6610679], [138.9180985, 34.6611629], [138.9180437, 34.6612226], [138.9179823, 34.6613154], [138.9179044, 34.6614468], [138.9178247, 34.6615816], [138.9177192, 34.6617345], [138.9172135, 34.6624508], [138.9169998, 34.6627563], [138.9168144, 34.6630254], [138.9167441, 34.6631218], [138.91658, 34.6633532], [138.9164348, 34.6635562], [138.9162863, 34.6637481], [138.9161546, 34.6638785], [138.9160786, 34.6639548], [138.9159446, 34.6640714], [138.9157861, 34.6641871], [138.9156599, 34.6642652], [138.9153753, 34.6644201], [138.9148424, 34.6646668], [138.9142523, 34.6649424], [138.9140596, 34.6650398], [138.9139609, 34.6650976], [138.9138938, 34.6651489], [138.9137391, 34.6652723], [138.9136443, 34.6653645], [138.9134912, 34.6655282], [138.9131548, 34.6659515], [138.9129176, 34.6662151], [138.9128099, 34.666319], [138.9127086, 34.6664124], [138.9125823, 34.6665184], [138.9124478, 34.6666225], [138.9123105, 34.6667209], [138.9122556, 34.6667575], [138.912148, 34.666828], [138.9119844, 34.666922], [138.9118142, 34.6670069], [138.9116438, 34.667083], [138.9114435, 34.667159], [138.911199, 34.6672352], [138.9108656, 34.6673102], [138.9107148, 34.6673351], [138.9105575, 34.6673555], [138.9104458, 34.6673647], [138.9103154, 34.6673693], [138.910184, 34.6673704], [138.9100762, 34.6673689], [138.9095551, 34.6673488], [138.9094119, 34.6673378], [138.9085289, 34.6673004], [138.9080813, 34.6672761], [138.9078766, 34.6672689], [138.9076966, 34.6672598], [138.907455, 34.6672436], [138.907275, 34.6672196], [138.9071826, 34.6671988], [138.9070278, 34.6671579], [138.9068597, 34.6670904], [138.9067736, 34.6670488], [138.9066512, 34.6669702], [138.9065091, 34.6668579], [138.9064104, 34.6667865], [138.9062494, 34.6666637], [138.9061262, 34.6665689], [138.9060504, 34.6665157], [138.9059873, 34.6664741], [138.9058973, 34.6664261], [138.9058128, 34.6663878], [138.9056612, 34.6663358], [138.9048891, 34.6661144], [138.9029374, 34.6655501], [138.9024258, 34.6654053], [138.9021802, 34.6653436], [138.9020594, 34.6653202], [138.9019213, 34.6652981], [138.9017136, 34.6652845], [138.9015036, 34.6652825], [138.9012857, 34.6652994], [138.9010338, 34.6653345], [138.9008373, 34.6653812], [138.9003722, 34.6654968], [138.8999412, 34.6656118], [138.8995575, 34.6657124], [138.8994327, 34.6657371], [138.8992606, 34.6657507], [138.8991193, 34.6657475], [138.8989985, 34.6657326], [138.898929, 34.6657222], [138.8986266, 34.6656475], [138.8985058, 34.6656202], [138.8980878, 34.6655191], [138.8978942, 34.6654706], [138.8975924, 34.6654014], [138.8974471, 34.6653683], [138.8972063, 34.6653248], [138.8970397, 34.6652981], [138.8968289, 34.6652676], [138.8965668, 34.6652248], [138.8963836, 34.6651981], [138.8960654, 34.6651501], [138.8959123, 34.6651273], [138.8957338, 34.6650923], [138.8955862, 34.6650553], [138.895497, 34.6650228], [138.8954196, 34.6649936], [138.8952751, 34.6649182], [138.8951103, 34.664818], [138.8948245, 34.6646401], [138.894278, 34.6642695], [138.894023, 34.6641137], [138.8938564, 34.6639877], [138.8937624, 34.6639039], [138.8936685, 34.6637864], [138.8935982, 34.6636695], [138.8934545, 34.6634494], [138.8933503, 34.6633253], [138.8932587, 34.6632299], [138.8931774, 34.6631636], [138.893089, 34.6631136], [138.8930187, 34.6630708], [138.892875, 34.6630188], [138.8925916, 34.6629182], [138.892331, 34.6628331], [138.8922227, 34.6627957], [138.8918281, 34.6626636], [138.8917136, 34.6626228], [138.8915881, 34.6625738], [138.8915564, 34.6625579], [138.8914566, 34.6625095], [138.8913411, 34.6624523], [138.8913047, 34.6624298], [138.8911223, 34.6623058], [138.8910953, 34.6622867], [138.8909993, 34.6622132], [138.8909201, 34.6621445], [138.8908453, 34.6620697], [138.8907711, 34.6619833], [138.8906857, 34.6618675], [138.8906186, 34.6617713], [138.8905751, 34.6616986], [138.8905057, 34.6615642], [138.890453, 34.661431], [138.8904082, 34.6612947], [138.8903685, 34.6611315], [138.8903343, 34.6609648], [138.8902785, 34.6606986], [138.8901875, 34.6602797], [138.8901669, 34.6601858], [138.8901018, 34.6598886], [138.8900201, 34.659516], [138.8899942, 34.6594043], [138.889876, 34.6588753], [138.8898109, 34.6585808], [138.889634, 34.6578317], [138.8894904, 34.6571202], [138.8893601, 34.6565351], [138.889316, 34.6563224], [138.8891248, 34.6554518], [138.8890719, 34.6552388], [138.8890364, 34.6551258], [138.8889922, 34.6550265], [138.8889077, 34.6549154], [138.8888043, 34.6548076], [138.8887245, 34.6547413], [138.8885658, 34.6546472], [138.888404, 34.6545842], [138.8882982, 34.6545543], [138.8882113, 34.6545368], [138.887969, 34.6544829], [138.887755, 34.6544329], [138.8876318, 34.6544023], [138.8875071, 34.6543744], [138.8873058, 34.6543231], [138.8872134, 34.654288], [138.8871155, 34.6542419], [138.8868684, 34.6541185], [138.8866299, 34.6539945], [138.8863655, 34.6538535], [138.8862044, 34.6537678], [138.8860678, 34.6537029], [138.8859399, 34.6536314], [138.8858475, 34.6535691], [138.8857646, 34.6534795], [138.8857173, 34.6534009], [138.8856652, 34.6532567], [138.8855933, 34.653121], [138.8855649, 34.6530761], [138.8855167, 34.6530138], [138.8853872, 34.6528982], [138.8852167, 34.652754], [138.8850209, 34.6525923], [138.884698, 34.6523189], [138.8845401, 34.6521844], [138.8844477, 34.6520967], [138.8843672, 34.6520052], [138.8843285, 34.6519487], [138.8842906, 34.6518714], [138.884259, 34.6517798], [138.8842448, 34.6517207], [138.8842385, 34.6516077], [138.8842401, 34.6511888], [138.8842453, 34.6508907], [138.8842485, 34.6506971], [138.8842658, 34.6498724], [138.8842693, 34.6497054], [138.8842689, 34.6495344], [138.8842689, 34.6492901], [138.8842762, 34.6491716], [138.8842933, 34.6490666], [138.8843226, 34.6489544], [138.8843559, 34.6488476], [138.8844135, 34.6487049], [138.8844666, 34.6485826]], [[138.8631654, 34.6499202], [138.863127, 34.6498596], [138.8630379, 34.6496935], [138.8629242, 34.6494798], [138.8628031, 34.6492813]], [[138.8579479, 34.6492863], [138.8578389, 34.6493389], [138.8576487, 34.6494064], [138.8574602, 34.6494556], [138.85727, 34.6494902], [138.8571202, 34.6495072], [138.856959, 34.6495106], [138.8568062, 34.6495036], [138.8566537, 34.649486]], [[138.8425743, 34.6491972], [138.8425641, 34.6491073], [138.8425475, 34.6489943], [138.8425017, 34.6486839], [138.8424727, 34.6484845], [138.8424615, 34.6484368], [138.8424548, 34.6483991], [138.8424225, 34.6483367], [138.8423566, 34.6482705], [138.8422282, 34.6482072], [138.8419591, 34.6480978], [138.8417804, 34.6480023], [138.8416788, 34.6479325], [138.8415906, 34.6478471], [138.8415035, 34.647735], [138.8413193, 34.6474723], [138.8412144, 34.6473575], [138.8411172, 34.6472813], [138.8410223, 34.6472023], [138.8409363, 34.6471224], [138.8408338, 34.647003], [138.8406143, 34.646675], [138.8404951, 34.6464873], [138.8404739, 34.6464569], [138.840421, 34.6463965], [138.8403041, 34.6463101], [138.8402702, 34.6462952], [138.8401589, 34.6462596], [138.840061, 34.6462504], [138.8399204, 34.6462517], [138.8397412, 34.6462848], [138.8394728, 34.6463511], [138.8392091, 34.6464439], [138.8388862, 34.646568], [138.8385143, 34.6467141], [138.8381077, 34.6468648], [138.8375945, 34.6470447], [138.8374666, 34.6470863], [138.8373466, 34.6471123], [138.8372187, 34.6471259], [138.8369337, 34.647137], [138.8364402, 34.6471402], [138.8361584, 34.6471513], [138.8360431, 34.647172], [138.835796, 34.6472337], [138.8356144, 34.647287], [138.8354691, 34.6473331], [138.8353683, 34.6473717], [138.8352287, 34.6474425], [138.8350673, 34.6475733], [138.8350076, 34.6476216], [138.834887, 34.6477144], [138.8346314, 34.6478687], [138.8341713, 34.6481396], [138.8339034, 34.6482884], [138.8335673, 34.6484924], [138.8333942, 34.6485824], [138.8332803, 34.6486283], [138.8331776, 34.6486347], [138.8330291, 34.6486081], [138.8326551, 34.6484336], [138.832434, 34.6483243], [138.8323101, 34.648259], [138.8321817, 34.6481406], [138.8320588, 34.6480028], [138.8318378, 34.6477309], [138.8316681, 34.6475159], [138.8315017, 34.6472983], [138.8313063, 34.647053], [138.8310953, 34.6467728], [138.8308876, 34.6465303], [138.8307503, 34.6463944], [138.8305638, 34.646264], [138.8304387, 34.646218], [138.830269, 34.6461758], [138.8302244, 34.6461657], [138.8301261, 34.6461574], [138.8300122, 34.6461721], [138.8298548, 34.6462134], [138.8296493, 34.6462686], [138.8294059, 34.6463209], [138.8292295, 34.6463641], [138.8290419, 34.646388], [138.8289147, 34.6463852], [138.8288313, 34.6463583], [138.8287773, 34.6463209], [138.8286735, 34.6462226], [138.8283676, 34.6459177], [138.8282715, 34.6458194], [138.8281945, 34.6457248], [138.8280348, 34.6454382], [138.8279454, 34.6452481], [138.8279039, 34.6451598], [138.8278551, 34.6450662], [138.827778, 34.6449339], [138.8276913, 34.6448381], [138.8271416, 34.644301], [138.8269864, 34.6441448], [138.8268926, 34.6440658], [138.8268144, 34.6440328], [138.8267128, 34.6440089], [138.8266492, 34.6440006], [138.8265141, 34.6439501], [138.8261809, 34.6437694], [138.8260398, 34.6436845], [138.8260069, 34.6436501], [138.8259596, 34.6435847], [138.8259192, 34.6435103], [138.8258804, 34.6434239], [138.8258442, 34.6433677], [138.8257956, 34.6432942], [138.825699, 34.6432336], [138.8255751, 34.6431812], [138.8254712, 34.6431555], [138.8253473, 34.6431473], [138.8251899, 34.6431445], [138.824904, 34.6431326], [138.8246394, 34.6431307], [138.824357, 34.6431561], [138.8241691, 34.6431769], [138.8240427, 34.6431795], [138.8239385, 34.6431405], [138.8237775, 34.6430015], [138.8236069, 34.6428547], [138.8234569, 34.6427183], [138.8232248, 34.6425378], [138.8230748, 34.6424494], [138.8228032, 34.6422675], [138.8226951, 34.6421914], [138.8225727, 34.6421104], [138.8223863, 34.642009], [138.8222032, 34.6419441], [138.8220405, 34.6419142], [138.8218668, 34.6418791], [138.8216647, 34.6418155], [138.8214816, 34.6417219], [138.8213505, 34.6416505], [138.8210078, 34.6414647], [138.8206841, 34.6413348], [138.8203826, 34.64124], [138.8201946, 34.6411594], [138.8200525, 34.641062], [138.8198825, 34.6409185], [138.8197841, 34.6408502], [138.8195978, 34.6407346], [138.8193562, 34.6406398], [138.8191114, 34.6405605], [138.8189093, 34.6404956], [138.8184991, 34.6403987], [138.8182357, 34.6403441], [138.8179936, 34.6402987], [138.8177103, 34.6402498], [138.8175373, 34.6402107], [138.8175859, 34.6403353], [138.8176371, 34.6404713], [138.8176873, 34.6406269], [138.8176994, 34.6407509], [138.8176952, 34.6408931], [138.8176818, 34.6409767], [138.8176628, 34.6410713], [138.8176349, 34.6412265], [138.8175947, 34.6414093], [138.8175623, 34.6415416], [138.8175143, 34.6416482], [138.8174272, 34.6418034], [138.8173846, 34.6418824], [138.8173655, 34.6419381], [138.8173586, 34.6419938], [138.8173601, 34.6420407], [138.8173781, 34.6420814], [138.8174084, 34.6421218], [138.8174542, 34.6421604], [138.8175199, 34.6422122], [138.8176259, 34.6422976], [138.8177755, 34.6424069], [138.817943, 34.6425254], [138.81824, 34.6427422], [138.81846, 34.6428947], [138.8187503, 34.6430849], [138.8188552, 34.6431547], [138.8189524, 34.6432337], [138.8190026, 34.6432888], [138.8191042, 34.6434211], [138.8192427, 34.6436011], [138.8194783, 34.6439245], [138.8195654, 34.6440365], [138.819725, 34.6442487], [138.8199137, 34.6445068], [138.8200298, 34.6447291], [138.820098, 34.644922], [138.820156, 34.6451094], [138.8201594, 34.6452463], [138.820137, 34.645317], [138.820098, 34.6453877], [138.8200019, 34.6455476], [138.819907, 34.6457028], [138.819823, 34.6458501], [138.8197874, 34.6459439], [138.8197675, 34.6460372], [138.8197636, 34.6461321], [138.8197499, 34.6462587], [138.8197172, 34.6463431], [138.8196536, 34.646429], [138.8195642, 34.6465212], [138.8195022, 34.6465659], [138.8193599, 34.6466857], [138.8192242, 34.6468104], [138.8190594, 34.646972], [138.8188575, 34.6471486], [138.8187268, 34.6472506], [138.8186476, 34.6473139], [138.8185415, 34.6474012], [138.8183751, 34.647528], [138.8182378, 34.6476409], [138.8179508, 34.6478651], [138.8177309, 34.6480424], [138.8175891, 34.6481719], [138.8175143, 34.6482527], [138.8174975, 34.6482766], [138.8174104, 34.6483859], [138.8173613, 34.6484768], [138.8173055, 34.6485843], [138.8172675, 34.6487138], [138.8172463, 34.6488387], [138.8172485, 34.6490252], [138.8172876, 34.649208], [138.8173501, 34.6493356], [138.8174238, 34.6494624], [138.8175478, 34.6496387], [138.8176404, 34.6497481], [138.8177119, 34.6498564], [138.8177521, 34.6499529], [138.81777, 34.6500199], [138.8177758, 34.6501312], [138.817761, 34.6502586], [138.8177222, 34.650431], [138.8176259, 34.650757], [138.8175864, 34.6509051], [138.8175299, 34.6511131], [138.8174048, 34.6515533], [138.8173196, 34.6518612], [138.8172945, 34.6519497], [138.8172652, 34.6520531], [138.8172171, 34.6522305], [138.8171304, 34.6522233], [138.8163191, 34.6521476], [138.8160427, 34.6521212], [138.8158211, 34.6521067], [138.8156237, 34.6521086], [138.8154271, 34.6521261], [138.8152195, 34.6521645], [138.8149321, 34.6522314], [138.8147917, 34.6522637], [138.8144663, 34.652347], [138.8141789, 34.652421], [138.8139349, 34.6524756], [138.8137676, 34.6525152], [138.8135631, 34.6525671], [138.8131944, 34.6526561], [138.812517, 34.652825], [138.8123243, 34.6528633], [138.8120819, 34.6529088], [138.8119738, 34.6529152], [138.8119059, 34.6529152], [138.811845, 34.652914], [138.81173, 34.652904], [138.8116422, 34.6528912], [138.8115293, 34.6528672], [138.8114282, 34.6528334], [138.8112419, 34.6527581], [138.8110382, 34.6526522], [138.8109237, 34.6526126], [138.8106166, 34.652558], [138.810499, 34.6525399], [138.8104176, 34.6525243], [138.8102037, 34.6524924], [138.8101066, 34.6524782], [138.8097734, 34.6524294], [138.8093171, 34.6523587], [138.8089973, 34.6523054], [138.808792, 34.6522755], [138.8086854, 34.6522755], [138.8085678, 34.6522976], [138.8083586, 34.6523697], [138.8081407, 34.6524463], [138.8080783, 34.6524606], [138.807902, 34.652475], [138.8077862, 34.6524645], [138.8076393, 34.6524275], [138.8075217, 34.6523755], [138.8073622, 34.6522833], [138.8071467, 34.6521476], [138.8069201, 34.6520125], [138.8067353, 34.6518975], [138.8064732, 34.651743], [138.8063059, 34.6516384], [138.8061764, 34.6515631], [138.8060153, 34.651502], [138.8057279, 34.6513968], [138.8055969, 34.6513539], [138.805285, 34.6512442], [138.8047102, 34.6510435], [138.8042736, 34.6508934], [138.8039981, 34.650798], [138.8038236, 34.6507441], [138.8036902, 34.6507122], [138.8035883, 34.6506992], [138.803482, 34.650695], [138.8032165, 34.6507135], [138.8030065, 34.6507369], [138.8028233, 34.6507545], [138.8026954, 34.6507778], [138.8026022, 34.6507999], [138.802232, 34.6508999], [138.8021396, 34.6509318], [138.8020662, 34.6509603], [138.8018759, 34.6510448], [138.8015948, 34.6511695], [138.801279, 34.6513078], [138.8012024, 34.6513292], [138.8011298, 34.6513377], [138.8009245, 34.6513507], [138.8006, 34.6513721], [138.8003782, 34.6513812], [138.8002897, 34.6513754], [138.800171, 34.651331], [138.799579, 34.65097], [138.7993676, 34.6508415], [138.7993044, 34.6508071], [138.7992373, 34.6507895], [138.7991797, 34.6507824], [138.7991015, 34.6507778], [138.7990352, 34.6507791], [138.7989113, 34.6508019], [138.7986949, 34.650848], [138.7986199, 34.6508675], [138.7984541, 34.6509032], [138.7981691, 34.6509649], [138.7978786, 34.6510279], [138.7977459, 34.6510565], [138.7973022, 34.6511467], [138.797187, 34.6511617], [138.796868, 34.6511675], [138.7967471, 34.6511628], [138.796636, 34.65115], [138.7963461, 34.6511305], [138.7961076, 34.6511255], [138.7958044, 34.6511179], [138.795398, 34.651145], [138.7950859, 34.6512743], [138.7947335, 34.6515224], [138.7944849, 34.6517571], [138.7942933, 34.6519982], [138.794257, 34.6520593], [138.7942286, 34.6521372], [138.794215, 34.6521899], [138.7942118, 34.6522588], [138.7942118, 34.6523153], [138.7942205, 34.6524068], [138.7942694, 34.6525419], [138.7943271, 34.6526478], [138.794406, 34.6527751], [138.7944273, 34.652827], [138.7944392, 34.6528764], [138.7944415, 34.6529329], [138.794421, 34.6530414], [138.7943476, 34.6531342], [138.7942473, 34.6531972], [138.7940207, 34.6532784], [138.7937521, 34.6533718], [138.7936795, 34.6533798], [138.7936013, 34.6533746], [138.7934829, 34.6533512], [138.7933044, 34.6533084], [138.7932002, 34.6532817], [138.7930992, 34.6532941], [138.7930407, 34.6533194], [138.7930052, 34.653348], [138.7929684, 34.6533941], [138.7929483, 34.6534299], [138.7929126, 34.6534878], [138.7928579, 34.6535245], [138.792773, 34.6535466], [138.792658, 34.6535438], [138.7924984, 34.6534859], [138.792372, 34.653505], [138.792283, 34.653544], [138.79224, 34.653585], [138.7921744, 34.6536679], [138.7921602, 34.6537549], [138.7921712, 34.6538992], [138.792195, 34.654069], [138.7922312, 34.6542433], [138.7923291, 34.6545927], [138.7924617, 34.6548655], [138.7926386, 34.6551422], [138.7927333, 34.6553006], [138.7927949, 34.6554162], [138.792774, 34.655539], [138.7926844, 34.6556812], [138.7925786, 34.6557617], [138.7923528, 34.6558228], [138.7922896, 34.6558578], [138.7921633, 34.655967], [138.7921002, 34.6560631], [138.7920354, 34.656228], [138.7919849, 34.6563592], [138.791947, 34.6564553], [138.7918665, 34.6565748], [138.7918049, 34.656645], [138.7917228, 34.6567125], [138.7915996, 34.6567995], [138.7915033, 34.6568476], [138.7914503, 34.656852], [138.791385, 34.6568413], [138.7912901, 34.6567969], [138.7911354, 34.6566904], [138.7910717, 34.6566423], [138.7909333, 34.6565422], [138.7907937, 34.6564045], [138.7907435, 34.6563291], [138.7905961, 34.6561243], [138.7905101, 34.6560132], [138.7904777, 34.6559866], [138.7904085, 34.6559498], [138.7903315, 34.6559214], [138.790174, 34.6558653], [138.7899887, 34.6557937], [138.7898659, 34.655756], [138.7898, 34.6557542], [138.789752, 34.6557689], [138.7896749, 34.6558001], [138.7896269, 34.6558506], [138.7896024, 34.6559195], [138.7896158, 34.6559958], [138.7896414, 34.6560637], [138.7896727, 34.6561271], [138.789695, 34.6561987], [138.7896939, 34.6562878], [138.7896537, 34.6563567], [138.7896158, 34.6564045], [138.7895086, 34.6565229], [138.7893891, 34.6566524], [138.7893143, 34.6567443], [138.7892942, 34.656838], [138.7893121, 34.6569013], [138.7893344, 34.6569546], [138.7893791, 34.6570152], [138.7894551, 34.6570491], [138.7895532, 34.6570575], [138.7896247, 34.6570455], [138.7896917, 34.6570226], [138.789776, 34.656998], [138.7898882, 34.656973], [138.7899619, 34.6569766], [138.7900345, 34.6570051], [138.7900769, 34.65704], [138.7900959, 34.6570731], [138.7900992, 34.6571218], [138.7900892, 34.6571631], [138.790049, 34.65728], [138.7900099, 34.6574212], [138.7900133, 34.6574983], [138.7900512, 34.6575461], [138.7900992, 34.6575654], [138.7902198, 34.65757], [138.7903516, 34.6575488], [138.7903973, 34.6575433], [138.7904632, 34.6575479], [138.7905068, 34.6575599], [138.7905537, 34.6575929], [138.7905726, 34.6576113], [138.7906173, 34.6576829], [138.7906419, 34.6577435], [138.790662, 34.6578317], [138.7906597, 34.6579033], [138.7906542, 34.6579594], [138.7906664, 34.6579961], [138.7907089, 34.658087], [138.790758, 34.6582083], [138.7907915, 34.6582716], [138.790812, 34.658323], [138.7908373, 34.6584379], [138.7908395, 34.6585288], [138.790835, 34.6586069], [138.7908252, 34.6586866], [138.7907993, 34.6587653], [138.790791, 34.6587901], [138.7907449, 34.6588857], [138.7906999, 34.6589733], [138.7906664, 34.6590514], [138.7906486, 34.6591294], [138.7906408, 34.6591873], [138.7906409, 34.65922], [138.7906609, 34.6592856], [138.7906859, 34.6593317], [138.7907162, 34.6593831], [138.7907245, 34.6593962], [138.7907632, 34.6594326], [138.790806, 34.659471], [138.7910851, 34.6597148], [138.791193, 34.659809], [138.7912942, 34.6598926], [138.791418, 34.659984], [138.7915865, 34.6600928], [138.7917015, 34.6601461], [138.7918288, 34.6601929], [138.791954, 34.6602452], [138.7920621, 34.6602903], [138.7921615, 34.6603592], [138.7928572, 34.6610722], [138.793053, 34.6612423], [138.7932757, 34.6615306], [138.7933625, 34.66168], [138.7934178, 34.6618384], [138.7934446, 34.6619943], [138.7934494, 34.6621047], [138.7934131, 34.6622476], [138.7933088, 34.6625086], [138.7932378, 34.6626814], [138.7930136, 34.6632216], [138.7929362, 34.6633957], [138.7927957, 34.6637204], [138.7927435, 34.6638515], [138.7926393, 34.6640918], [138.7925604, 34.6642256], [138.7924704, 34.6643022], [138.7923898, 34.6643451], [138.7923109, 34.6643646], [138.7921877, 34.6643762], [138.7920409, 34.6643529], [138.791834, 34.6643217], [138.7917061, 34.6643204], [138.7916051, 34.664336], [138.7915277, 34.6643566], [138.7914614, 34.6643832], [138.7914211, 34.6643995], [138.7913508, 34.6644469], [138.7912364, 34.6645449], [138.7911448, 34.6646306], [138.79105, 34.664744], [138.7909679, 34.6648819], [138.790919, 34.6650034], [138.7908732, 34.6651878], [138.7908268, 34.6659698], [138.7908457, 34.6661581], [138.7908725, 34.6662646], [138.7909451, 34.6664464], [138.7910288, 34.6665713], [138.7911238, 34.6667109], [138.7912443, 34.6668689], [138.7912868, 34.6669488], [138.7913214, 34.667047], [138.7913303, 34.6671857], [138.7913303, 34.667317], [138.7913147, 34.6676898], [138.7913214, 34.667845], [138.7913281, 34.6679102], [138.7913471, 34.6679681], [138.7914074, 34.6680783], [138.7915458, 34.6682739], [138.7916173, 34.6683712], [138.7916552, 34.6684649], [138.7916608, 34.6685062], [138.7916675, 34.6685824], [138.7916575, 34.6686587], [138.7916139, 34.6687514], [138.7914956, 34.6688671], [138.7914007, 34.6689167], [138.7912455, 34.6689562], [138.7909898, 34.6689773], [138.7906682, 34.6689975], [138.7905711, 34.6690113], [138.7904672, 34.6690343], [138.7903656, 34.6690747], [138.7902741, 34.6691316], [138.7901535, 34.6692409], [138.7900519, 34.6693768], [138.789919, 34.6695412], [138.789823, 34.6696966], [138.7897847, 34.6698212], [138.7898077, 34.6699497], [138.789893, 34.6700892], [138.7900226, 34.6702497], [138.7901164, 34.6703659], [138.7901748, 34.6704889], [138.7901998, 34.6706474], [138.7901825, 34.6707554], [138.7901173, 34.670947], [138.7900732, 34.6711109], [138.7900646, 34.6712402], [138.790102, 34.6713577], [138.7901557, 34.6714436], [138.790286, 34.6715335], [138.7904336, 34.6715863], [138.7911363, 34.6716896], [138.7914459, 34.6717684], [138.7916663, 34.6718654], [138.7918408, 34.6720025], [138.7919606, 34.6721563], [138.7920143, 34.6722824], [138.792044, 34.6724227], [138.7920306, 34.6726285], [138.7919529, 34.6728011], [138.7918374, 34.6729449], [138.7917233, 34.6730388], [138.7915249, 34.6731389], [138.7912977, 34.6732035], [138.7910523, 34.6732209], [138.7907417, 34.6732127], [138.7901072, 34.6731712], [138.7887202, 34.6730861], [138.7885409, 34.6730624], [138.7883301, 34.6730072], [138.7881326, 34.6729118], [138.7879466, 34.6727628], [138.7877386, 34.672509], [138.7876073, 34.6724073], [138.7874559, 34.6723474], [138.7872862, 34.6723285], [138.7870188, 34.6723671], [138.7865242, 34.6725183], [138.7851267, 34.6729495], [138.7848832, 34.6730268], [138.7846915, 34.6730552], [138.7845103, 34.673052], [138.7843387, 34.6729905], [138.7841691, 34.6728825], [138.7839393, 34.6726615], [138.7836026, 34.672393], [138.7834003, 34.6723118], [138.7831827, 34.6722582], [138.7829546, 34.6722526], [138.7827753, 34.6722692], [138.7826066, 34.6723141], [138.7824609, 34.6723811], [138.7823459, 34.6724655], [138.7822175, 34.6726003], [138.7819893, 34.6729196], [138.781882, 34.6730165], [138.7817458, 34.6730764], [138.7816546, 34.6730904], [138.7815695, 34.6730891], [138.7814267, 34.6730591], [138.7813087, 34.6729826], [138.7811861, 34.6728691], [138.7810049, 34.6726255], [138.780957, 34.6725607], [138.7808541, 34.6724644], [138.7807487, 34.6724073], [138.7806405, 34.6723745], [138.78044, 34.672373], [138.7803562, 34.6724026], [138.7802694, 34.6724449], [138.7802039, 34.672537], [138.7801687, 34.6726347], [138.7801719, 34.6727136], [138.7801936, 34.6727672], [138.7802511, 34.672861], [138.7803054, 34.6729104], [138.7803796, 34.6729508], [138.7805149, 34.6730003], [138.7807256, 34.6730549], [138.7808416, 34.6730975], [138.7809046, 34.6731332], [138.7809538, 34.6731739], [138.7810477, 34.6733127], [138.7811023, 34.6734948], [138.7811656, 34.673628], [138.7812557, 34.6737265], [138.7813111, 34.6737585], [138.7813788, 34.6737854], [138.7815068, 34.6737999], [138.7815655, 34.6737933], [138.781642, 34.6737738], [138.7817695, 34.6737139], [138.7819065, 34.6735783], [138.7821903, 34.6733214], [138.7822786, 34.6732662], [138.7823456, 34.6732244], [138.7825129, 34.673176], [138.7826212, 34.6731674], [138.7827295, 34.6731689], [138.7828601, 34.673195], [138.7829567, 34.6732327], [138.7830565, 34.6732908], [138.7831254, 34.6733415], [138.783195, 34.6734187], [138.7832442, 34.673496], [138.783297, 34.6736766], [138.7832701, 34.6738752], [138.7831676, 34.6740384], [138.7830602, 34.6741298], [138.7828905, 34.6742103], [138.7825891, 34.6742444], [138.7823667, 34.6742034], [138.7820274, 34.6740883], [138.7818204, 34.6740505], [138.7816603, 34.6740623], [138.7815203, 34.6741112], [138.7813631, 34.6742136], [138.7811072, 34.6744265], [138.7809701, 34.6745077], [138.7807765, 34.6745526], [138.7806561, 34.6745455], [138.7805666, 34.674525], [138.7804761, 34.674483], [138.7804103, 34.6744131], [138.7803356, 34.6742893], [138.7803026, 34.67413], [138.7803179, 34.6738896], [138.7802863, 34.6737201], [138.7802311, 34.6736303], [138.780176, 34.6735672], [138.7801117, 34.6735203], [138.7800313, 34.6734844], [138.7799373, 34.6734688], [138.7798587, 34.6734655], [138.7797988, 34.6734686], [138.7797297, 34.6734747], [138.7795624, 34.6735193], [138.7794819, 34.6735608], [138.7794278, 34.6736028], [138.7793755, 34.6737724], [138.7793877, 34.6739054], [138.7794376, 34.6740098], [138.7795121, 34.6740973], [138.7797455, 34.6744007], [138.7800542, 34.6748706], [138.7801349, 34.6750611], [138.7801525, 34.6752139], [138.7801322, 34.6756275], [138.7801315, 34.6758344], [138.780188, 34.6760117], [138.7803529, 34.6762064], [138.7807593, 34.6764942], [138.7808628, 34.6765919], [138.7809424, 34.6767306], [138.7809568, 34.6768938], [138.7809462, 34.6769876], [138.7808973, 34.677098], [138.7806155, 34.6774724], [138.7805417, 34.6776411], [138.780535, 34.677809], [138.7805868, 34.6779698], [138.7807718, 34.6782702], [138.7808494, 34.6783671], [138.7810938, 34.6786028], [138.7813162, 34.6787549], [138.7818683, 34.6790545], [138.7820725, 34.6792255], [138.7821588, 34.6793863], [138.7821875, 34.6795598], [138.7821434, 34.6797361], [138.7820336, 34.6798838], [138.7819014, 34.6799791], [138.7817428, 34.6800477], [138.7815442, 34.6800738], [138.7813463, 34.6800633], [138.7811626, 34.680027], [138.7804902, 34.6798665], [138.7800998, 34.6797807], [138.7798748, 34.6797534], [138.7797379, 34.6797645], [138.7796274, 34.6797913], [138.7794905, 34.679852], [138.7793583, 34.679954], [138.779264, 34.6800739], [138.7791136, 34.6803676], [138.7789658, 34.6805471], [138.7788248, 34.6806547], [138.7786533, 34.6807322], [138.7782385, 34.6808353], [138.778006, 34.6809217], [138.7778779, 34.6810259], [138.7777925, 34.6811441], [138.7777553, 34.6812399], [138.777737, 34.6813815], [138.777758, 34.6815052], [138.7778204, 34.6816396], [138.7780102, 34.6818592], [138.7781667, 34.6820543], [138.778225, 34.6822193], [138.7782332, 34.6823965], [138.7781794, 34.682668], [138.7781198, 34.6828776], [138.7780967, 34.6830431], [138.7781191, 34.6832455], [138.7781733, 34.6834132], [138.7783211, 34.6836451], [138.7785271, 34.6839767], [138.7785874, 34.68413], [138.7786125, 34.6842649], [138.7786197, 34.6844091], [138.7786124, 34.684488], [138.7785957, 34.6845838], [138.7785512, 34.684682], [138.7784543, 34.684884], [138.7783066, 34.6851297], [138.7781168, 34.6853655], [138.7778314, 34.6856247], [138.7776017, 34.6857785], [138.7773502, 34.6859189], [138.7771218, 34.6860181], [138.7768439, 34.6861107], [138.776507, 34.6861854], [138.7760495, 34.6862494], [138.7755628, 34.6863141], [138.7752348, 34.6863793], [138.7748132, 34.686493], [138.7744296, 34.6866368], [138.7740771, 34.686804], [138.7737186, 34.6870108], [138.7734833, 34.6871756], [138.7732408, 34.6873648], [138.7730079, 34.6875815], [138.7727874, 34.6878314], [138.7725957, 34.6881104], [138.7724692, 34.6883737], [138.7724031, 34.6886424], [138.7723877, 34.6888954], [138.7724174, 34.6891311], [138.7724692, 34.6893471], [138.7726274, 34.6896946], [138.7727596, 34.6899894], [138.7728008, 34.6901557], [138.7728076, 34.6902771], [138.7727874, 34.6904347], [138.7727625, 34.6905388], [138.7727107, 34.6906696], [138.7726302, 34.6908004], [138.7725181, 34.6909431], [138.7723235, 34.6911047], [138.7719995, 34.6913182], [138.7717857, 34.6915011], [138.7716506, 34.6916571], [138.7715777, 34.6917959], [138.7715327, 34.6919464], [138.7715068, 34.6921702], [138.7715289, 34.6924122], [138.7716027, 34.6927897], [138.7715892, 34.6930411], [138.7715591, 34.6931393], [138.7714301, 34.6934013], [138.7712911, 34.6935613], [138.7710774, 34.6937276], [138.7708953, 34.6938269], [138.770671, 34.6939025], [138.7704256, 34.6939443], [138.7701485, 34.6939711], [138.7698322, 34.6940121], [138.7695734, 34.6940909], [138.7691593, 34.6942603], [138.7689245, 34.6943258], [138.7687404, 34.694351], [138.7684356, 34.6943423], [138.7682401, 34.6943037], [138.7674015, 34.6939863], [138.7671465, 34.693917], [138.7669012, 34.6938886], [138.7665637, 34.6938894], [138.7662503, 34.6939311], [138.7660107, 34.6940013], [138.7656707, 34.6941455], [138.7646949, 34.6945876], [138.7643402, 34.6947508], [138.7640642, 34.6949029], [138.7638475, 34.6950447], [138.763444, 34.6953679], [138.763189, 34.6955389], [138.7629848, 34.6956595], [138.7626033, 34.6958289], [138.7619132, 34.6960898], [138.7615087, 34.6962174], [138.7608655, 34.6963979], [138.7602616, 34.6965429], [138.7599827, 34.6966233], [138.7597708, 34.69671], [138.7596079, 34.6968172], [138.7594631, 34.6969717], [138.7593663, 34.6971119], [138.7593015, 34.6973272], [138.7592977, 34.6975549], [138.7593312, 34.6977078], [138.759406, 34.6978678], [138.7595105, 34.6980065], [138.7596276, 34.6981131], [138.7601985, 34.6986412], [138.7607335, 34.6991502], [138.7607884, 34.6992683], [138.76081, 34.6993536], [138.7607991, 34.6995191], [138.7607409, 34.6996562], [138.7606527, 34.6997593], [138.7605463, 34.6998396], [138.760387, 34.6999148], [138.7602142, 34.6999599], [138.7598543, 34.7000273], [138.7596537, 34.7000842], [138.7594903, 34.7001611], [138.759327, 34.7002748], [138.7591968, 34.7004007], [138.7591053, 34.70053], [138.7590321, 34.7006944], [138.7588918, 34.7010995], [138.7587637, 34.7014583], [138.7583789, 34.7025728], [138.7583237, 34.7028219], [138.7582997, 34.7030236], [138.7583054, 34.7032356], [138.75835, 34.7034932], [138.7585886, 34.7040984], [138.7587171, 34.7044562], [138.7587573, 34.704639], [138.7587708, 34.7048526], [138.7587573, 34.7053246], [138.7587315, 34.7060905], [138.7587094, 34.7064223], [138.7586768, 34.7066398], [138.7585468, 34.7071429], [138.7584634, 34.7074443], [138.7584207, 34.707709], [138.7584065, 34.707855], [138.7584077, 34.7080493], [138.758464, 34.7084941], [138.7585349, 34.7087549], [138.7586484, 34.7089988], [138.7587375, 34.7091596], [138.7588592, 34.7093369], [138.7589963, 34.7095197], [138.759559, 34.7101122], [138.7596529, 34.7102501], [138.7597143, 34.7104006], [138.7597459, 34.7105322], [138.7597796, 34.7110676], [138.7598246, 34.7111842], [138.7598687, 34.7112819], [138.7599512, 34.7114057], [138.7601505, 34.7116515], [138.7602541, 34.7117965], [138.76032, 34.7119254], [138.7603584, 34.7120538], [138.760367, 34.7121495], [138.7603871, 34.7125384], [138.7603977, 34.712655], [138.7604322, 34.7128], [138.7605041, 34.7129899], [138.760776, 34.7135109], [138.7608236, 34.7136774], [138.7608494, 34.7138267], [138.7608494, 34.7148084], [138.7608453, 34.7152274], [138.760867, 34.7153834], [138.7609511, 34.7155661], [138.7610514, 34.7157209], [138.7613798, 34.7160821], [138.7614661, 34.7162263], [138.761518, 34.7164293], [138.7615153, 34.7167068], [138.7614082, 34.7169764], [138.7613295, 34.7171436], [138.7612326, 34.7172669], [138.7611463, 34.7173347], [138.7610641, 34.7173859], [138.760957, 34.7174148], [138.7608377, 34.7174137], [138.7607455, 34.7173892], [138.7606405, 34.717334], [138.7605981, 34.717304], [138.7605598, 34.7172405], [138.760532, 34.7171736], [138.7605252, 34.7170616], [138.7605645, 34.7169491], [138.7606506, 34.716807], [138.7608296, 34.7165591], [138.7609353, 34.7163591], [138.7609556, 34.7162432], [138.7609448, 34.7161128], [138.7608906, 34.7159802], [138.7607936, 34.715861], [138.7607621, 34.7158263], [138.760656, 34.7157679], [138.7605252, 34.715725], [138.7603931, 34.7157128], [138.7602757, 34.7157462], [138.7601931, 34.7158003], [138.7601341, 34.7158719], [138.7601192, 34.7159212], [138.7601092, 34.7159704], [138.7601283, 34.7160878], [138.7602798, 34.7163832], [138.7603057, 34.716488], [138.7603095, 34.716622], [138.7602645, 34.7167788], [138.7601178, 34.7170876], [138.7600817, 34.7172103], [138.7600702, 34.7174333], [138.7601056, 34.717676], [138.7600855, 34.7178706], [138.7600222, 34.7179974], [138.7599043, 34.7181133], [138.7596398, 34.7183268], [138.7593743, 34.7185088], [138.7591529, 34.7186361], [138.7589124, 34.718752], [138.7585759, 34.7188757], [138.7583957, 34.7189088], [138.7582097, 34.7189111], [138.7579394, 34.7188875], [138.7576423, 34.7188717], [138.7574141, 34.7188977], [138.7572157, 34.7189489], [138.757094, 34.7190057], [138.7568438, 34.7191822], [138.7560568, 34.7199748], [138.7558345, 34.720141], [138.7541819, 34.7209588], [138.7539806, 34.7210329], [138.7538225, 34.7210667], [138.7536499, 34.7210817], [138.7534573, 34.7210809], [138.7531611, 34.7210526], [138.7529396, 34.7210447], [138.7527153, 34.7210534], [138.7525275, 34.7210786], [138.7519236, 34.7211707], [138.7517204, 34.7211597], [138.7515171, 34.7211077], [138.751035, 34.7209856], [138.7507819, 34.7209375], [138.7505346, 34.7209084], [138.7502049, 34.7209021], [138.7487684, 34.7209002], [138.7485684, 34.7209113], [138.7483915, 34.7209475], [138.7482472, 34.720996], [138.7481008, 34.721064], [138.7479781, 34.7211498], [138.7478398, 34.7212823], [138.7475795, 34.7216077], [138.7473064, 34.722016], [138.7472237, 34.7221393], [138.7471527, 34.7222779], [138.7471139, 34.7223575], [138.747063, 34.7225073], [138.7470358, 34.7226587], [138.7470245, 34.7227467], [138.7469898, 34.7228817], [138.7469244, 34.722992], [138.746873, 34.7230425], [138.7468058, 34.7230865], [138.7466984, 34.7231188], [138.7466365, 34.7231231], [138.7465796, 34.7231196], [138.7465143, 34.7231041], [138.7464607, 34.723081], [138.7464066, 34.7230464], [138.7463735, 34.7230022], [138.7463435, 34.7229509], [138.7463322, 34.7228785], [138.7463342, 34.722758], [138.7463625, 34.7226852], [138.7464097, 34.722609], [138.746984, 34.7219327], [138.7470942, 34.7217878], [138.7471651, 34.7216625], [138.7471929, 34.7215199], [138.747167, 34.7213757], [138.7471339, 34.7213006], [138.7470689, 34.7212314], [138.7469859, 34.7211827], [138.7468814, 34.7211402], [138.7468056, 34.7211345], [138.7467069, 34.7211504], [138.7466301, 34.7211804], [138.7465823, 34.7212156], [138.746534, 34.721264], [138.7464999, 34.7213211], [138.7464865, 34.7213901], [138.7464903, 34.7214472], [138.7465626, 34.7217977], [138.7465697, 34.7218652], [138.7465478, 34.7219743], [138.7464817, 34.7221161], [138.7463139, 34.7223075], [138.7460496, 34.7225676], [138.7455314, 34.7230837], [138.7454481, 34.7231625], [138.7450689, 34.7235429], [138.744701, 34.7239009], [138.7445841, 34.7240004], [138.7445562, 34.7240241], [138.7444109, 34.7241296], [138.7442822, 34.7242025], [138.7440199, 34.7243526], [138.7433754, 34.7246574], [138.743175, 34.7247665], [138.74306, 34.7248468], [138.7429809, 34.7249175], [138.7429253, 34.7249987], [138.7428591, 34.7251851], [138.7428427, 34.7253014], [138.7428644, 34.7254078], [138.7429109, 34.7255187], [138.742965, 34.725594], [138.7430271, 34.7256556], [138.7431099, 34.7257183], [138.743183, 34.7257607], [138.7432592, 34.7257941], [138.7433252, 34.72582], [138.7433959, 34.7258409], [138.7434737, 34.7258554], [138.74361, 34.7258718], [138.7437548, 34.7258864], [138.7444094, 34.7259478], [138.7447937, 34.7259821], [138.7448735, 34.7259954], [138.7449426, 34.7260156], [138.745, 34.7260406], [138.7450576, 34.7260746], [138.7451067, 34.7261101], [138.7451432, 34.7261412], [138.7451763, 34.7261756], [138.7452087, 34.726213], [138.7452326, 34.7262464], [138.7452719, 34.7263211], [138.7452934, 34.7263939], [138.7453141, 34.7265112], [138.7453278, 34.7266422], [138.7453324, 34.7268931], [138.7452748, 34.7272899], [138.7452712, 34.7274228], [138.7453204, 34.7275864], [138.7453874, 34.7277054], [138.7455218, 34.7278355], [138.7456547, 34.7278851], [138.745855, 34.7279118], [138.7460539, 34.7278983], [138.747288, 34.7276405], [138.7475964, 34.7275478], [138.7477277, 34.7275456], [138.7479893, 34.7275892], [138.7481729, 34.7275886], [138.7485017, 34.7275509], [138.7485944, 34.7275543], [138.74867, 34.727585], [138.7487249, 34.7276349], [138.7487394, 34.7277116], [138.7487155, 34.7278142], [138.748534, 34.7280978], [138.7483192, 34.7283958], [138.7481127, 34.7286257], [138.7480496, 34.7287373], [138.7480294, 34.728901], [138.747937, 34.7292735], [138.747896, 34.7293653], [138.7478308, 34.7294503], [138.7476035, 34.7296128], [138.7474695, 34.7296872], [138.7473971, 34.7298175], [138.7473582, 34.7300509], [138.7472921, 34.7302803], [138.7472026, 34.7303849], [138.747209, 34.730461], [138.7472603, 34.7305546], [138.7476002, 34.7307928], [138.7476562, 34.730865], [138.7476528, 34.7309817], [138.747605, 34.7310737], [138.7473194, 34.7314061], [138.7472697, 34.7315443], [138.7472536, 34.7317141], [138.7472671, 34.73187], [138.7473756, 34.7322789], [138.7474749, 34.7324051], [138.7476617, 34.7325014], [138.7479313, 34.732549], [138.7481307, 34.7325572], [138.7484223, 34.7325274], [138.7485384, 34.7324878], [138.7488416, 34.7322282], [138.749762, 34.7316114], [138.7498761, 34.7315683], [138.7499928, 34.7315692], [138.7501029, 34.7316144], [138.7501688, 34.7317198], [138.7502476, 34.7321119], [138.7503113, 34.7322696], [138.7504837, 34.732468], [138.7505852, 34.7325966], [138.7505849, 34.7326917], [138.7505423, 34.7327843], [138.7504602, 34.7328802], [138.7501603, 34.7330841], [138.7501115, 34.7331678], [138.7500996, 34.7332495], [138.7501423, 34.7333827], [138.7502373, 34.7335179], [138.7503293, 34.7336141], [138.7508509, 34.7340568], [138.7510336, 34.7341672], [138.7512197, 34.7342499], [138.7514313, 34.7342671], [138.7516249, 34.7342617], [138.7519012, 34.7342186], [138.7521727, 34.7341702], [138.7523045, 34.7341243], [138.7524837, 34.734025], [138.7526753, 34.7338675], [138.7528648, 34.7337064], [138.7530751, 34.7335193], [138.7531956, 34.7334121], [138.7533838, 34.7331711], [138.7535648, 34.7328945], [138.7536825, 34.7327731], [138.7538558, 34.7326531], [138.7540638, 34.7325494], [138.7543575, 34.7324558], [138.7546672, 34.7323727], [138.7548864, 34.7323323], [138.7550864, 34.7322932], [138.7551853, 34.7322856], [138.7552841, 34.7323015], [138.7557749, 34.7324531], [138.755961, 34.7325336], [138.7559855, 34.732544], [138.7560183, 34.7325647], [138.7561047, 34.7326462], [138.7561865, 34.732705], [138.7563671, 34.7327745], [138.7564794, 34.7328051], [138.7566048, 34.732867], [138.7567363, 34.7329801], [138.7567812, 34.7330998], [138.7567988, 34.7332394], [138.75683, 34.7333789], [138.756884, 34.7334654], [138.7573445, 34.7337677], [138.7574736, 34.7338609], [138.757616, 34.7338901], [138.7578375, 34.7339625], [138.758059, 34.7340437], [138.7582153, 34.7340866], [138.7585464, 34.7342002], [138.7585773, 34.7342496], [138.7585671, 34.734335], [138.7585269, 34.7344136], [138.7584215, 34.7344746], [138.7576376, 34.7346501], [138.7574093, 34.7347379], [138.7572137, 34.7348528], [138.7571818, 34.7348952], [138.7571634, 34.7349442], [138.7571865, 34.7350249], [138.7572528, 34.7351151], [138.7573299, 34.7352053], [138.7574867, 34.7353813], [138.7576049, 34.7355729], [138.7576365, 34.7357127], [138.7576795, 34.7358202], [138.7577114, 34.7359081], [138.7577653, 34.7361215], [138.7577836, 34.7362132], [138.7578341, 34.7362938], [138.7579532, 34.7363701], [138.7582705, 34.7364742], [138.7584732, 34.7366358], [138.7586009, 34.7367052], [138.7590751, 34.7368189], [138.7592897, 34.736895], [138.7594498, 34.7369102], [138.7596537, 34.7368826], [138.7597435, 34.7368925], [138.7599902, 34.7369768], [138.7600412, 34.7369869], [138.7600922, 34.7369745], [138.7606071, 34.7366466], [138.7607223, 34.7366175], [138.7608351, 34.7366288], [138.7612877, 34.7368318], [138.7614584, 34.7368741], [138.7616349, 34.7368919], [138.7626253, 34.7368963], [138.7627261, 34.7369057], [138.7628146, 34.7369458], [138.7628819, 34.7369899], [138.7629483, 34.737042], [138.7630202, 34.7371137], [138.7630881, 34.7372054], [138.7631094, 34.7373274], [138.7631042, 34.7374573], [138.7630898, 34.7377262], [138.7630365, 34.7391744], [138.7630157, 34.7393904], [138.7629992, 34.7395201], [138.7629267, 34.739647], [138.7625338, 34.7399975], [138.7624734, 34.7400724], [138.7624559, 34.7401392], [138.7624658, 34.7402295], [138.7625686, 34.7404625], [138.7625753, 34.7405463], [138.7625364, 34.7406572], [138.7622347, 34.7409423], [138.7621254, 34.7411315], [138.7621148, 34.7413323], [138.7621415, 34.7414301], [138.7622233, 34.7415866], [138.7624638, 34.7418189], [138.7627273, 34.7422082], [138.7627666, 34.7423545], [138.762747, 34.7424644], [138.7626907, 34.742547], [138.7623931, 34.7427149], [138.7622119, 34.7428402], [138.761599, 34.7435198], [138.7612504, 34.7438929], [138.7611695, 34.7440463], [138.7611323, 34.7442331], [138.7611832, 34.7444579], [138.7613568, 34.7449775], [138.7614737, 34.745263], [138.7615144, 34.7453676], [138.761587, 34.7456754], [138.7615866, 34.7458241], [138.7615691, 34.7460327], [138.7615803, 34.7462526], [138.7616603, 34.7463957], [138.7618709, 34.7466216], [138.761904, 34.746693], [138.7619179, 34.7467933], [138.761901, 34.746874], [138.7616995, 34.7471082], [138.7614181, 34.7474354], [138.7613844, 34.7475082], [138.7613723, 34.7476283], [138.7614313, 34.7478255], [138.7615909, 34.7483256], [138.7616123, 34.7487753], [138.7616566, 34.7488702], [138.7617196, 34.7489396], [138.7618663, 34.7489953], [138.7625588, 34.7490092], [138.7626943, 34.749054], [138.7627778, 34.7491478], [138.7628014, 34.7492568], [138.7628164, 34.7494555], [138.7628636, 34.7495412], [138.7629092, 34.7496029], [138.7630106, 34.7496587], [138.7634997, 34.7499048], [138.7635905, 34.7499776], [138.763649, 34.7500478], [138.7637563, 34.7503311], [138.7638137, 34.7504243], [138.7638807, 34.750505], [138.7640175, 34.7505935], [138.7641532, 34.7506472], [138.7642937, 34.7506581], [138.7644308, 34.750622], [138.7651385, 34.7503203], [138.7652742, 34.7502457], [138.7653813, 34.7501745], [138.7655557, 34.7499985], [138.7660668, 34.7494885], [138.766233, 34.7493805], [138.7663988, 34.7493374], [138.7665369, 34.7493385], [138.7666906, 34.7493778], [138.7670053, 34.7496866], [138.7671252, 34.7500335], [138.7673545, 34.7507658], [138.7674069, 34.7508843], [138.7674772, 34.7509639], [138.7675536, 34.7510089], [138.7676748, 34.7510279], [138.7678055, 34.7510042], [138.7685267, 34.750829], [138.7688491, 34.750772], [138.7690732, 34.7508436], [138.7693679, 34.7510179], [138.7694998, 34.7511329], [138.7695415, 34.7512231], [138.7695252, 34.7514286], [138.7694385, 34.7516274], [138.7694497, 34.7517573], [138.7695242, 34.7518755], [138.7696466, 34.751954], [138.7700581, 34.7521192], [138.7702811, 34.752252], [138.7705806, 34.7524797], [138.7708514, 34.7526808], [138.7710072, 34.7527958], [138.7711586, 34.7528823], [138.771313, 34.752957], [138.7715063, 34.753009], [138.7717299, 34.7530518], [138.771897, 34.7530459], [138.7720746, 34.7529985], [138.7722001, 34.7529155], [138.7722744, 34.7528699], [138.772355, 34.7528473], [138.7724743, 34.752854], [138.7725702, 34.7528925], [138.7730526, 34.7533075], [138.773094, 34.7533346], [138.7731649, 34.7533383], [138.7732444, 34.753314], [138.7732939, 34.7532683], [138.7735352, 34.7528649], [138.7736405, 34.7526721], [138.7737517, 34.7522321], [138.7738262, 34.7521031], [138.7738935, 34.7520402], [138.7740944, 34.7519447], [138.7741801, 34.7518567], [138.7742751, 34.751682], [138.7743189, 34.7515588], [138.7743118, 34.7515169], [138.7742659, 34.7514381], [138.7737005, 34.750865], [138.7736442, 34.750808], [138.7736039, 34.7507212], [138.7735821, 34.7506066], [138.773604, 34.7504597], [138.7736377, 34.7503518], [138.773688, 34.7502854], [138.7738027, 34.7501188], [138.7739282, 34.7499575], [138.7740108, 34.7498484], [138.7740737, 34.7497713], [138.7741313, 34.7496903], [138.7748869, 34.7487189], [138.774932, 34.7486377], [138.7750596, 34.7486936], [138.7757386, 34.7489572], [138.7762033, 34.7491285], [138.7763258, 34.7491721], [138.7765616, 34.749256], [138.776643, 34.7492849], [138.777426, 34.7495741], [138.7779471, 34.7497642], [138.7780549, 34.7498018], [138.7785395, 34.7499838], [138.778793, 34.7500791], [138.7792956, 34.7502594], [138.7801835, 34.7505759], [138.780865, 34.7508329], [138.7812392, 34.7509966], [138.7814968, 34.7511637], [138.7817503, 34.7514132], [138.7818617, 34.7515893], [138.7819295, 34.7517541], [138.7819695, 34.7518793], [138.7819567, 34.7522328], [138.781923, 34.7523784], [138.7818964, 34.7524664], [138.7818127, 34.7526709], [138.7814396, 34.7534199], [138.7814243, 34.7534495], [138.7812114, 34.753852], [138.7811804, 34.7539214], [138.7811271, 34.7540095], [138.7807159, 34.7547579], [138.780419, 34.7553343], [138.7803202, 34.7555245], [138.7800697, 34.755962], [138.7798963, 34.7563251], [138.7797407, 34.7566152], [138.7795048, 34.757069], [138.7793435, 34.7573714], [138.7792813, 34.7574753], [138.7792429, 34.7575576], [138.7791012, 34.757832], [138.7789258, 34.7581687], [138.7788872, 34.7582313], [138.778781, 34.7584359], [138.7786553, 34.7586825], [138.7780994, 34.7597169], [138.7779688, 34.7599004], [138.777723, 34.7601426], [138.7775363, 34.7603085], [138.777315, 34.7604929], [138.7771263, 34.7606571], [138.776652, 34.7610351], [138.776193, 34.7614239], [138.77609, 34.7615303], [138.7760106, 34.7616571], [138.7759572, 34.7618254], [138.7758314, 34.7622751], [138.7756124, 34.7632972], [138.7756081, 34.7635058], [138.7756629, 34.7637262], [138.7759063, 34.7642294], [138.7763087, 34.7649618], [138.7763996, 34.7650898], [138.7765251, 34.7651929], [138.7771122, 34.7655401], [138.7772291, 34.7656124], [138.7774056, 34.765753], [138.7780167, 34.7662902], [138.7781247, 34.766411], [138.7781885, 34.7665128], [138.7782166, 34.7665922], [138.7782374, 34.7667369], [138.7782504, 34.7669194], [138.778233, 34.7670142], [138.778171, 34.7671659], [138.7779958, 34.767418], [138.777971, 34.7674485], [138.7776338, 34.7678743], [138.7776103, 34.7679039], [138.7775811, 34.7679407], [138.7775286, 34.7680068], [138.7768731, 34.7688119], [138.7766562, 34.7690727], [138.7761701, 34.7696901], [138.7761112, 34.7697552], [138.7760551, 34.7698231], [138.7759282, 34.7699764], [138.7758306, 34.7700778], [138.7756994, 34.7701998], [138.7755271, 34.7702834], [138.7748048, 34.7706768], [138.7742236, 34.7709858], [138.7728438, 34.771728], [138.7722946, 34.7720159], [138.772101, 34.7721219], [138.7719096, 34.7722344], [138.7717349, 34.7723298], [138.7715964, 34.7724268], [138.7714925, 34.7725371], [138.7713915, 34.772661], [138.7713224, 34.7728573], [138.7713046, 34.7731698], [138.7713405, 34.773772], [138.7713448, 34.7739335], [138.7713401, 34.7740893], [138.7712437, 34.7744485], [138.7711333, 34.7746955], [138.7711136, 34.7747444], [138.7710133, 34.7748992], [138.7707266, 34.7752182], [138.7706377, 34.7753322], [138.7705402, 34.7754552], [138.7704318, 34.775618], [138.7702877, 34.7758908], [138.7702372, 34.7760017], [138.770227, 34.7760227], [138.770209, 34.7760598], [138.7699585, 34.7765763], [138.7697239, 34.7770751], [138.7697112, 34.7771019], [138.7695173, 34.7775094], [138.7692985, 34.7779693], [138.7690406, 34.7785126], [138.7685273, 34.7794165], [138.7683875, 34.7796771], [138.7683641, 34.7797558], [138.7683477, 34.7798405], [138.7683518, 34.7799259], [138.7684375, 34.7801739], [138.7684569, 34.7802811], [138.7684344, 34.7804261], [138.7683406, 34.7805861], [138.7682172, 34.7807377], [138.7681652, 34.7808349], [138.7681346, 34.7809312], [138.7681193, 34.7810443], [138.7681172, 34.7811332], [138.7681244, 34.7812354], [138.7681998, 34.7814322], [138.7683153, 34.7817213], [138.7683675, 34.7818833], [138.768362, 34.7819879], [138.7683247, 34.7820842], [138.7682528, 34.7821927], [138.7680957, 34.7823846], [138.7678882, 34.7826381], [138.7677793, 34.7827593], [138.7677144, 34.7828314], [138.7676562, 34.7828888], [138.7675912, 34.7829455], [138.7674982, 34.7830221], [138.7672573, 34.7831605], [138.7667881, 34.7833934], [138.7665811, 34.7835074], [138.7664362, 34.7836154], [138.7663628, 34.7837001], [138.7662873, 34.783809], [138.7662027, 34.7839497], [138.7660866, 34.7843104], [138.7658327, 34.785026], [138.7657318, 34.7852499], [138.7656048, 34.785475], [138.7654219, 34.7857191], [138.7652514, 34.7859181], [138.7649843, 34.7861684], [138.7647097, 34.7863988], [138.7645489, 34.7865152], [138.7640007, 34.7869429], [138.7637728, 34.7871087], [138.7636286, 34.7872426], [138.7634872, 34.7874203], [138.763444, 34.7875138], [138.7634237, 34.7875577], [138.7634069, 34.7876287], [138.7633848, 34.7877224], [138.763379, 34.7878705], [138.7634093, 34.788034], [138.7638247, 34.7892767], [138.7639041, 34.7895942], [138.7639243, 34.7897956], [138.7639084, 34.789952], [138.7638478, 34.7901154], [138.7637295, 34.790363], [138.7636848, 34.7905597], [138.7636489, 34.7908173], [138.7636819, 34.7912752], [138.7637353, 34.7917337], [138.7637815, 34.7922715], [138.7638045, 34.7924314], [138.764133, 34.7935061], [138.7643707, 34.7941859], [138.7644889, 34.7944511], [138.7647644, 34.7949024], [138.7652015, 34.7955836], [138.7656029, 34.7962477], [138.7658511, 34.7966445], [138.7660242, 34.7969051], [138.7662968, 34.7972202], [138.7666361, 34.7975087], [138.7677319, 34.798402], [138.76797, 34.7985513], [138.768169, 34.798665], [138.7684359, 34.7987835], [138.7687763, 34.7989102], [138.769375, 34.7991104], [138.7697396, 34.7992406], [138.7699411, 34.7993247], [138.7704408, 34.7995858], [138.7706809, 34.7997245], [138.7709016, 34.7998778], [138.7710557, 34.800007], [138.7711954, 34.8001558], [138.7712728, 34.8003], [138.7713039, 34.8004229], [138.7713065, 34.8005568], [138.7712962, 34.8006687], [138.7712285, 34.800861], [138.771011, 34.8016251], [138.7710102, 34.8016803], [138.7710162, 34.8017536], [138.7710403, 34.8018441], [138.7711161, 34.8020375], [138.7711911, 34.8021843], [138.771332, 34.8024647], [138.7721158, 34.8038845], [138.772643, 34.8047641], [138.7727815, 34.8049382], [138.7729285, 34.8050879], [138.7730948, 34.8051976], [138.7732743, 34.8052898], [138.7735069, 34.805366], [138.7737129, 34.8054104], [138.7741352, 34.8054883], [138.7744606, 34.8055536], [138.7747319, 34.805639], [138.7749665, 34.8057621], [138.7751358, 34.8058794], [138.775233, 34.8059744], [138.7752888, 34.8060426], [138.7755392, 34.8063346], [138.775882, 34.8068874], [138.7761626, 34.8074122], [138.7762186, 34.8075909], [138.776241, 34.8077232], [138.7762318, 34.8078622], [138.7762125, 34.8079485], [138.7761681, 34.8080219], [138.7760947, 34.8081409], [138.776006, 34.8082347], [138.7756357, 34.8085328], [138.7751961, 34.8088862], [138.7743046, 34.8095989], [138.7733986, 34.8103303], [138.7732659, 34.8104702], [138.7730772, 34.8106972], [138.7729511, 34.810879], [138.7728808, 34.8109847], [138.7727983, 34.8111783], [138.7727741, 34.8113015], [138.7727047, 34.8116797], [138.772648, 34.8119472], [138.7725756, 34.8121304], [138.7725101, 34.812297], [138.7723594, 34.8125546], [138.7722216, 34.812766], [138.772011, 34.8130811], [138.7718343, 34.8133647], [138.7717528, 34.8135293], [138.7716547, 34.8137757], [138.7715939, 34.8140758], [138.7715681, 34.814378], [138.7716652, 34.815008], [138.7719131, 34.8165651], [138.7721042, 34.8177321], [138.7720781, 34.8179092], [138.7720117, 34.8180931], [138.7718867, 34.8183153], [138.7717894, 34.8184409], [138.7717012, 34.8185315], [138.7708312, 34.8193491], [138.7706964, 34.8194836], [138.7705926, 34.8196099], [138.7705079, 34.8197444], [138.7704573, 34.8198686], [138.7704251, 34.8199556], [138.77039, 34.8201159], [138.7702364, 34.8211977], [138.7702281, 34.8215226], [138.7702406, 34.8218545], [138.7703056, 34.8223404], [138.7703413, 34.8227091], [138.7705433, 34.8230007], [138.7707474, 34.8233185], [138.7710936, 34.8236936], [138.7719584, 34.8245917], [138.7721385, 34.8249032], [138.772204, 34.8251073], [138.7722229, 34.8252825], [138.7722165, 34.8254717], [138.7721791, 34.8256719], [138.7721135, 34.8258438], [138.7719996, 34.8260274], [138.7718667, 34.8261915], [138.7713766, 34.826671], [138.7709644, 34.8270922], [138.7709345, 34.8271153], [138.7708638, 34.8271927], [138.7705079, 34.8275407], [138.770099, 34.8280169], [138.7685021, 34.8295623], [138.7680418, 34.8299735], [138.7677927, 34.8302984], [138.7676595, 34.8306113], [138.7676313, 34.8308733], [138.7676439, 34.8310966], [138.767721, 34.8316335], [138.7678305, 34.8328714], [138.7679263, 34.833491], [138.768956, 34.8415412], [138.7691024, 34.8426895], [138.7691862, 34.8432899], [138.7692897, 34.8436282], [138.7693875, 34.8438375], [138.7695803, 34.8440645], [138.769857, 34.84429], [138.7701565, 34.8444932], [138.7702737, 34.8445551], [138.7704655, 34.8446343], [138.7706486, 34.8447077], [138.7708879, 34.8447489], [138.7710623, 34.8447663], [138.771466, 34.8448064], [138.7738996, 34.8449665], [138.7747343, 34.8450309], [138.7750163, 34.8450703], [138.7752944, 34.8451327], [138.7756653, 34.8452723], [138.7760229, 34.845445], [138.7763768, 34.8457359], [138.7766589, 34.8461645], [138.776732, 34.8463409], [138.7767708, 34.8464361], [138.7767961, 34.8465226], [138.7768235, 34.8466036], [138.7768444, 34.8466923], [138.7768578, 34.8467702], [138.7768813, 34.8474474], [138.7769265, 34.8481375], [138.7769427, 34.8484252], [138.7769542, 34.8488378], [138.7769558, 34.848865], [138.7769964, 34.8495442], [138.7770078, 34.8497257], [138.7770567, 34.8506072], [138.7770547, 34.8509087], [138.7770521, 34.8511055], [138.7770507, 34.8511376], [138.7770211, 34.8515446], [138.7768738, 34.8536441], [138.7768688, 34.8537617], [138.7768508, 34.8543185], [138.7768681, 34.8546061], [138.776887, 34.8547958], [138.776903, 34.8548395], [138.7769201, 34.8548893], [138.7769616, 34.8550102], [138.7769901, 34.8550598], [138.7771013, 34.8551737], [138.777306, 34.8553039], [138.7774452, 34.8553686], [138.7775907, 34.8554363], [138.7776429, 34.8554562], [138.778043, 34.8556156], [138.7781154, 34.8556443], [138.7783138, 34.8557316], [138.7784644, 34.855821], [138.7786281, 34.8559645], [138.7787221, 34.8561037], [138.7787978, 34.8562697], [138.7788218, 34.8564089], [138.7788215, 34.8565429], [138.7787917, 34.8567044], [138.7787242, 34.8568787], [138.7784752, 34.8573266], [138.778203, 34.8576097], [138.7780722, 34.8577058], [138.7778431, 34.8578238], [138.7775353, 34.857915], [138.7770825, 34.8580296], [138.7766338, 34.8581697], [138.7763213, 34.8582993], [138.774801, 34.8589871], [138.7739394, 34.8594247], [138.7735891, 34.8596128], [138.7696726, 34.8617154], [138.7692733, 34.8618159], [138.7689248, 34.8619127], [138.7687296, 34.8619972], [138.7685913, 34.8621252], [138.768521, 34.8622463], [138.7680539, 34.8632918], [138.767861, 34.8635668], [138.7676263, 34.8637816], [138.7672243, 34.8640459], [138.7668082, 34.8642315], [138.7662455, 34.8643433], [138.7659401, 34.8643863], [138.764602, 34.864579], [138.7642, 34.864609], [138.7641113, 34.8646114], [138.7636706, 34.8646446], [138.7634333, 34.8646702], [138.7632639, 34.8647325], [138.763112, 34.8648126], [138.7629872, 34.8649138], [138.7628718, 34.8650788], [138.7619613, 34.8671182], [138.7617039, 34.8676509], [138.7615166, 34.8681446], [138.7614264, 34.8684408], [138.7613578, 34.8688606], [138.7612741, 34.8700848], [138.7613107, 34.8702672], [138.7613595, 34.8704085], [138.7614931, 34.8706233], [138.7616618, 34.8707984], [138.7619364, 34.8710515], [138.7625908, 34.8716734], [138.7628798, 34.8719705], [138.7629476, 34.8721004], [138.7629843, 34.8722264], [138.7629938, 34.8724334], [138.7629979, 34.8726532], [138.7629958, 34.8734412], [138.7629444, 34.8735746], [138.7627898, 34.8737927], [138.7627078, 34.8738529], [138.7626081, 34.8739261], [138.762411, 34.8740186], [138.762116, 34.8740896], [138.7612063, 34.8742186], [138.7609691, 34.8742542], [138.7606751, 34.8743331], [138.7605625, 34.8743903], [138.760481, 34.87445], [138.7603346, 34.8745645], [138.7598262, 34.8750762], [138.7596204, 34.875362], [138.7595659, 34.8754844], [138.7595157, 34.8756256], [138.7595022, 34.8758036], [138.759517, 34.8762165], [138.7595686, 34.8765554], [138.7596032, 34.8766551], [138.7596336, 34.8767427], [138.7597191, 34.8768913], [138.759913, 34.8771271], [138.7601204, 34.8773031], [138.7602722, 34.8774252], [138.7611826, 34.8780913], [138.7616663, 34.8784406], [138.7618925, 34.8785586], [138.7621961, 34.8786918], [138.7627158, 34.878848], [138.7630385, 34.8789838], [138.7631259, 34.8790284], [138.7633023, 34.8791473], [138.7634221, 34.8792635], [138.7635048, 34.879373], [138.7635588, 34.8795156], [138.7635943, 34.8796831], [138.7636019, 34.879864], [138.7635642, 34.8801078], [138.763539, 34.8802099], [138.7634214, 34.8806801], [138.7634027, 34.8807737], [138.7633135, 34.8812203], [138.7631767, 34.8814961], [138.763159, 34.8815317], [138.7628809, 34.8820485], [138.762831, 34.8821775], [138.7628281, 34.8823127], [138.7628463, 34.8823976], [138.7628747, 34.8824727], [138.7629507, 34.8825824], [138.7631691, 34.8827956], [138.7633737, 34.8830029], [138.7635023, 34.8831343], [138.7636826, 34.8833184], [138.7638142, 34.8835357], [138.7638541, 34.8837943], [138.7638282, 34.8840365], [138.7637577, 34.8841811], [138.763553, 34.8844357], [138.763191, 34.8848083], [138.7630744, 34.8849684], [138.7630107, 34.8851008], [138.7629768, 34.8852442], [138.7629808, 34.8855322], [138.762993, 34.8858948], [138.7629782, 34.8861417], [138.7629166, 34.8863116], [138.7627907, 34.8864876], [138.7627128, 34.8865457], [138.7625797, 34.8866268], [138.7620921, 34.8868921], [138.7619108, 34.8870278], [138.7618304, 34.8871168], [138.7616197, 34.8874523], [138.7615433, 34.8876317], [138.7615301, 34.8878157], [138.7615916, 34.8879595], [138.7616306, 34.8880306], [138.7617291, 34.8881102], [138.7618397, 34.8881795], [138.761944, 34.8882076], [138.762014, 34.8882183], [138.7625124, 34.8881832], [138.7627664, 34.8881806], [138.763006, 34.8882273], [138.7632226, 34.8883001], [138.7638895, 34.8885911], [138.7642872, 34.8888011], [138.7645313, 34.8889762], [138.7647746, 34.8892805], [138.7648022, 34.8893153], [138.7650741, 34.889764], [138.7651187, 34.8898984], [138.7651294, 34.8900133], [138.7651057, 34.8902234], [138.7648746, 34.8908812], [138.7646965, 34.8916483], [138.7646547, 34.8918938], [138.7646693, 34.8919915], [138.7646852, 34.8920976], [138.7650833, 34.892743], [138.7652668, 34.8932138], [138.7654823, 34.8937665], [138.7656431, 34.8940097], [138.7659531, 34.894316], [138.7660561, 34.8944354], [138.7661341, 34.8945627], [138.7663592, 34.8951437], [138.7664965, 34.8953509], [138.7666891, 34.895499], [138.7669994, 34.8955846], [138.7671719, 34.895576], [138.7673827, 34.8955319], [138.7675675, 34.8954165], [138.7677247, 34.8952624], [138.768051, 34.8945203], [138.7682247, 34.8943551], [138.7684108, 34.8942609], [138.768918, 34.8940933], [138.7691272, 34.89398], [138.7692947, 34.8938507], [138.7699788, 34.893078], [138.770052, 34.8929974], [138.770555, 34.8923934], [138.7707802, 34.8919286], [138.7709169, 34.8916525], [138.7710919, 34.8913734], [138.7711758, 34.8912752], [138.7714074, 34.8911253], [138.7715815, 34.8910506], [138.7718162, 34.8909989], [138.7719174, 34.8909942], [138.7721547, 34.8909924], [138.7724117, 34.8910616], [138.7727512, 34.8912072], [138.7734969, 34.8915255], [138.7741473, 34.89183], [138.7744762, 34.8920182], [138.7745876, 34.8920965], [138.7746097, 34.8921127], [138.7748351, 34.8923217], [138.7750846, 34.8925778], [138.7751305, 34.8926222], [138.7759662, 34.8936061], [138.7760581, 34.8937116], [138.7763806, 34.8940897], [138.7771649, 34.8949874], [138.7772183, 34.8950603], [138.7777828, 34.8957084], [138.7786561, 34.896933], [138.7788808, 34.8973353], [138.7792575, 34.8985186], [138.7793811, 34.8988073], [138.7795101, 34.8990475], [138.7796252, 34.8991753], [138.7797301, 34.8992917], [138.7799325, 34.8994733], [138.7804674, 34.8999535], [138.7810901, 34.9005983], [138.7813375, 34.900917], [138.7816448, 34.9013491], [138.7820119, 34.9019948], [138.782149, 34.9022134], [138.7822092, 34.9022879], [138.7822757, 34.9023682], [138.7824891, 34.9025845], [138.7830348, 34.9030015], [138.7831885, 34.9031976], [138.7832834, 34.9034185], [138.7833929, 34.9038228], [138.7834842, 34.9041411], [138.7835649, 34.9042326], [138.7837138, 34.9042878], [138.7839289, 34.9042934], [138.7842905, 34.9042927], [138.7844452, 34.9043497], [138.7849262, 34.9046321], [138.7851459, 34.9050074], [138.7854074, 34.905246], [138.7857078, 34.9055006], [138.7858536, 34.9055936], [138.7860144, 34.9056648], [138.7861735, 34.9056845], [138.7864973, 34.9056982], [138.7871609, 34.9056941], [138.7872926, 34.9056805], [138.7874095, 34.9056077], [138.7875128, 34.905452], [138.7876783, 34.905207], [138.7878404, 34.9050907], [138.7880273, 34.904994], [138.788137, 34.9049704], [138.788362, 34.9049692], [138.7888224, 34.9051006], [138.7889355, 34.9051525], [138.788972, 34.9051713], [138.7890739, 34.9052318], [138.7892338, 34.9053475], [138.7893219, 34.9054185], [138.789378, 34.905473], [138.7900394, 34.9065637], [138.7901921, 34.9067479], [138.7903988, 34.9069179], [138.7904232, 34.906938], [138.7907186, 34.9071419], [138.7912109, 34.9075329], [138.7913884, 34.907742], [138.7915131, 34.9079854], [138.7915607, 34.9081812], [138.7916167, 34.9088295], [138.791618, 34.9088948], [138.7916279, 34.9094129], [138.7916149, 34.9098997], [138.7916086, 34.9101334], [138.7916069, 34.9102109], [138.7915909, 34.9103264], [138.7915049, 34.9105826], [138.7914784, 34.9107733], [138.7914796, 34.9108781], [138.7914844, 34.9109313], [138.7914922, 34.9110701], [138.791514, 34.9112646], [138.7915271, 34.9113265], [138.7915743, 34.9117092], [138.791607, 34.9120969], [138.791613, 34.9121452], [138.7916291, 34.9122933], [138.7918986, 34.9121567], [138.792091, 34.9120696], [138.7925282, 34.9118743], [138.7929927, 34.9116714], [138.7934189, 34.9114797], [138.793863, 34.911284], [138.7946727, 34.9109269], [138.7953771, 34.9106338], [138.7957779, 34.9104744], [138.7962839, 34.910267], [138.7967194, 34.9100642], [138.797181, 34.9098493], [138.7975426, 34.9096879], [138.799532, 34.9088015], [138.7998413, 34.9086056], [138.7998945, 34.908568], [138.7999472, 34.9085273], [138.7999688, 34.908511], [138.8006553, 34.907931], [138.8009222, 34.9077078], [138.8011561, 34.9075414], [138.8014696, 34.9073605], [138.8017698, 34.9072249], [138.8019669, 34.9071463], [138.8026743, 34.9068749], [138.8027328, 34.9068538], [138.8028636, 34.9068057], [138.8029808, 34.9067477], [138.8030114, 34.9067184], [138.8030386, 34.9066891], [138.8030562, 34.906634], [138.8030699, 34.906486], [138.8030954, 34.9064009], [138.8031487, 34.9063552], [138.8039718, 34.9060179], [138.8046065, 34.905707], [138.8050138, 34.9055467], [138.8053834, 34.9054248], [138.8058878, 34.905287], [138.8061673, 34.9051903], [138.8066096, 34.9049983], [138.8071628, 34.9048123], [138.8075022, 34.9047007], [138.8079695, 34.9046034], [138.808385, 34.9044927], [138.8087234, 34.9044205], [138.8089876, 34.9044129], [138.809136, 34.9044319], [138.8092284, 34.9044683], [138.8094095, 34.9045621], [138.8095159, 34.9046581], [138.8101322, 34.9052986], [138.8104158, 34.9055228], [138.8108511, 34.9057955], [138.8109367, 34.9058243], [138.8110643, 34.9058487], [138.8111789, 34.9058466], [138.8112825, 34.9058258], [138.8114077, 34.9057684], [138.8115302, 34.9056701], [138.8115838, 34.9056013], [138.8117414, 34.9053991], [138.8118739, 34.9052899], [138.8120615, 34.9051913], [138.8123661, 34.9050573], [138.812453, 34.9050367], [138.812594, 34.9050485], [138.8127665, 34.9051138], [138.8136867, 34.9055726], [138.8142771, 34.9058653], [138.814364, 34.9059145], [138.8148187, 34.9061378], [138.8150903, 34.9061985], [138.8153276, 34.9062091], [138.8154402, 34.9061966], [138.8156612, 34.9061541], [138.8159721, 34.9060784], [138.8164226, 34.9059828], [138.8168263, 34.9059248], [138.8178802, 34.905868], [138.8180561, 34.9058612], [138.8182847, 34.9058688], [138.8185535, 34.9059023], [138.8191401, 34.9059711], [138.8192975, 34.9059942], [138.8193312, 34.9059988], [138.8195288, 34.9060274], [138.8198649, 34.9061189], [138.820157, 34.9062297], [138.8204477, 34.9063687], [138.8207808, 34.9064839], [138.820995, 34.9065347], [138.8212424, 34.9065824], [138.8215313, 34.9066265], [138.8218387, 34.906681], [138.8222183, 34.9067858], [138.8241526, 34.9073708], [138.8243173, 34.9074252], [138.8244544, 34.9074877], [138.8245778, 34.9075797], [138.8246694, 34.9076716], [138.8247375, 34.9078127], [138.824746, 34.9079722], [138.8247063, 34.9081251], [138.824651, 34.908244], [138.824531, 34.9083492], [138.8244508, 34.9083923], [138.8243726, 34.9084275], [138.8242777, 34.9084576], [138.8241829, 34.9084754], [138.8240468, 34.9084813], [138.8239224, 34.9084664], [138.8238023, 34.9084297], [138.8237023, 34.9083958], [138.8235789, 34.9083366], [138.8228282, 34.9079693], [138.8225119, 34.9078606], [138.8222126, 34.907785], [138.8219466, 34.9077416], [138.8217042, 34.9077199], [138.8214078, 34.9077322], [138.8212516, 34.9077424], [138.8201695, 34.9079039], [138.8199829, 34.9079316], [138.8195951, 34.9079837], [138.8193684, 34.9080226], [138.8189792, 34.9080788], [138.8185953, 34.9081624], [138.8183933, 34.9082208], [138.8182213, 34.9082875], [138.818073, 34.9083771], [138.8179579, 34.9084654], [138.8178512, 34.9085794], [138.8177695, 34.9087084], [138.8177166, 34.9088336], [138.8176822, 34.9089643], [138.8176742, 34.9091039], [138.8177, 34.9092463], [138.8178023, 34.9096593], [138.817811, 34.9098181], [138.8177937, 34.9099691], [138.8177527, 34.9101084], [138.8176954, 34.910227], [138.8176013, 34.9103474], [138.817449, 34.9104983], [138.8172391, 34.9107169], [138.8171542, 34.9108384], [138.8170913, 34.9109751], [138.8170444, 34.9111391], [138.8169526, 34.9116591], [138.8169155, 34.9117905], [138.816875, 34.9119025], [138.8167798, 34.9120432], [138.8166644, 34.9121658], [138.816552, 34.9122464], [138.816405, 34.9123296], [138.8162267, 34.9123917], [138.8160465, 34.9124299], [138.8159071, 34.912442], [138.8157242, 34.9124365], [138.8155479, 34.9124033], [138.8154109, 34.9123562], [138.8152489, 34.9122773], [138.8151116, 34.9121768], [138.8149892, 34.9120631], [138.8148958, 34.9119635], [138.8144673, 34.9114008], [138.8142016, 34.9110322], [138.8140672, 34.9108835], [138.8139049, 34.9107618], [138.8137579, 34.9106794], [138.8136077, 34.9106239], [138.8133798, 34.9105844], [138.8131678, 34.9105821], [138.8129961, 34.9106057], [138.8128473, 34.9106478], [138.8126501, 34.9107338], [138.8124919, 34.9108499], [138.8123586, 34.9109828], [138.8122174, 34.9112239], [138.8119768, 34.9122055], [138.8119409, 34.9124253], [138.8119468, 34.9125792], [138.8119828, 34.9127183], [138.8120814, 34.9128829], [138.8124886, 34.9132869], [138.8128564, 34.9135518], [138.8132334, 34.9137737], [138.813626, 34.9139381], [138.8140746, 34.9140206], [138.8144026, 34.9140735], [138.8147114, 34.9140974], [138.8150619, 34.9140898], [138.8154879, 34.9140424], [138.8161808, 34.9139495], [138.8174086, 34.91379], [138.8176244, 34.9137626], [138.8186725, 34.9136292], [138.819684, 34.9134965], [138.8199526, 34.9134717], [138.8201652, 34.9134644], [138.8203427, 34.9134667], [138.8205237, 34.9134795], [138.8207229, 34.9135025], [138.8209755, 34.9135546], [138.8213571, 34.913662], [138.8215993, 34.9137675], [138.8221458, 34.9140505], [138.8228163, 34.9144182], [138.8232151, 34.9146512], [138.8235954, 34.9148712], [138.8240143, 34.9151683], [138.8241874, 34.9153232], [138.824307, 34.915438], [138.8244564, 34.9156019], [138.8245672, 34.9157382], [138.824637, 34.9158328], [138.824779, 34.9160536], [138.824885, 34.9162682], [138.8249521, 34.9164332], [138.8250138, 34.9166443], [138.8250411, 34.9167603], [138.8250683, 34.9168907], [138.8250901, 34.9170249], [138.8251077, 34.9172141], [138.8251091, 34.9173778], [138.8250989, 34.9175653], [138.8250647, 34.9177308], [138.8250338, 34.9178468], [138.8249625, 34.9180886], [138.8247891, 34.918514], [138.8247145, 34.918673], [138.8246368, 34.9188217], [138.824532, 34.9190083], [138.8240575, 34.9197844], [138.8238751, 34.9200903], [138.8237038, 34.9204132], [138.8236177, 34.9206219], [138.8235654, 34.9208147], [138.8235692, 34.9211409], [138.8236735, 34.92143], [138.8238496, 34.921667], [138.8240048, 34.921804], [138.8241374, 34.9218916], [138.8243462, 34.9219961], [138.8246198, 34.9220784], [138.8248405, 34.9221137], [138.825028, 34.9221228], [138.8258198, 34.9220921], [138.8259357, 34.9220935], [138.8261208, 34.922122], [138.8262819, 34.9221653], [138.8264447, 34.9222271], [138.8265868, 34.9223106], [138.8268209, 34.9225037], [138.8276834, 34.9232885], [138.8278224, 34.9234091], [138.8279339, 34.9235006], [138.8280428, 34.9235661], [138.8282095, 34.9236344], [138.8283389, 34.9236653], [138.82847, 34.9236762], [138.8286282, 34.9236657], [138.828783, 34.9236353], [138.8289535, 34.9235856], [138.8295471, 34.9233434], [138.8297897, 34.9232799], [138.8300003, 34.9232463], [138.8303525, 34.9232272], [138.8305829, 34.9232385], [138.8310298, 34.9232846], [138.8313011, 34.923307], [138.8315536, 34.9233067], [138.831877, 34.9232597], [138.8321578, 34.9231755], [138.8328368, 34.9228439], [138.8331706, 34.9227425], [138.8334319, 34.9226957], [138.8337422, 34.9226856], [138.8343576, 34.9226996], [138.8345437, 34.9227001], [138.8347127, 34.9226847], [138.8348693, 34.9226566], [138.8350292, 34.9226121], [138.8351814, 34.9225533], [138.8353666, 34.9224611], [138.8360202, 34.9220611], [138.8364786, 34.9217924], [138.8371209, 34.9214471], [138.8375099, 34.9212585], [138.837858, 34.9211169], [138.8383241, 34.9209872], [138.8387931, 34.9209092], [138.8392944, 34.9208488], [138.8413751, 34.9206456], [138.8430053, 34.9204863], [138.845396, 34.9202255], [138.8458233, 34.9201934], [138.8461244, 34.920176], [138.8464424, 34.9201844], [138.8468302, 34.9202236], [138.8481676, 34.920428], [138.8485191, 34.920507], [138.849219, 34.9206531], [138.8495104, 34.9207021], [138.8500555, 34.9207805], [138.850608, 34.9208128], [138.8511649, 34.9207892], [138.8513638, 34.9207662], [138.8517226, 34.9206726], [138.8524504, 34.9204389], [138.8528622, 34.9203343], [138.8535406, 34.920183], [138.8554848, 34.9200329], [138.8565573, 34.9200885], [138.8570964, 34.9201459], [138.8572721, 34.9201895], [138.8579518, 34.9204605], [138.8580902, 34.9205003], [138.8582786, 34.9205099], [138.8584336, 34.9204893], [138.8585915, 34.9204377], [138.8586829, 34.9203769], [138.8587677, 34.9203008], [138.8588789, 34.9201412], [138.8589043, 34.9200384], [138.8588998, 34.9199112], [138.8588488, 34.9197592], [138.8587143, 34.9195824], [138.8585588, 34.9194969], [138.8583776, 34.9194382], [138.8582378, 34.9194251], [138.8581088, 34.919434], [138.8578269, 34.9194913], [138.8570973, 34.9197046], [138.8569271, 34.9197411], [138.8566799, 34.9197542], [138.8565566, 34.9197437], [138.8564202, 34.9197115], [138.8562551, 34.919624], [138.8561924, 34.9195754], [138.8561227, 34.9194969], [138.8560704, 34.9194168], [138.8560429, 34.919327], [138.8560274, 34.9192201], [138.8560404, 34.9190855], [138.8560693, 34.9189994], [138.8561438, 34.9188967], [138.8562249, 34.9188196], [138.8563388, 34.9187486], [138.8565309, 34.9186716], [138.856735, 34.9186344], [138.8575161, 34.9185478], [138.8577109, 34.9185427], [138.8578669, 34.9185596], [138.8580405, 34.9186006], [138.8582265, 34.9186807], [138.8584136, 34.9187808], [138.8585907, 34.9188837], [138.8587666, 34.9189845], [138.8601175, 34.9197333], [138.86025, 34.9197875], [138.860456, 34.9198228], [138.8606115, 34.9198144], [138.8610241, 34.9197652], [138.8613075, 34.9197431], [138.8617866, 34.9197561], [138.8621308, 34.919778], [138.8624509, 34.9198264], [138.862717, 34.9198854], [138.8630776, 34.9199632], [138.8637194, 34.9201221], [138.8640442, 34.9201738], [138.8644761, 34.9201968], [138.8648925, 34.920189], [138.8650975, 34.9201507], [138.8653211, 34.9200658], [138.8655627, 34.9199176], [138.8657582, 34.9198021], [138.8662844, 34.9195314], [138.8664091, 34.9194672], [138.8665742, 34.9194196], [138.8667449, 34.9194122], [138.8669083, 34.9194257], [138.8674335, 34.9195266], [138.8676338, 34.9195324], [138.8678266, 34.9195004], [138.8682788, 34.9193346], [138.8684374, 34.9192877], [138.8686125, 34.9192577], [138.869588, 34.9191809], [138.8702788, 34.9190295], [138.8704706, 34.919016], [138.8707227, 34.9190383], [138.871298, 34.9191571], [138.8715672, 34.9191585], [138.8722046, 34.9189878], [138.8727216, 34.9189531], [138.8729302, 34.9189038], [138.8730936, 34.9188362], [138.8732179, 34.9187545], [138.8733951, 34.9186174], [138.873578, 34.9185094], [138.8737797, 34.9184156], [138.87433, 34.9182138], [138.8745329, 34.9181135], [138.8749219, 34.917859], [138.8750854, 34.9177341], [138.8752296, 34.9175965], [138.8753209, 34.9174852], [138.8753736, 34.9173789], [138.8756057, 34.9168878], [138.8756754, 34.9167786], [138.8757708, 34.9166766], [138.8759322, 34.9165605], [138.876222, 34.9163983], [138.8764339, 34.9162675], [138.8765808, 34.9161665], [138.8766624, 34.9160958], [138.876941, 34.9157491], [138.8771377, 34.9155268], [138.8772357, 34.9154473], [138.8774255, 34.9153436], [138.8776149, 34.9153003], [138.8780323, 34.9152311], [138.8797264, 34.9149913], [138.8798877, 34.9149885], [138.8800398, 34.9149912], [138.8805288, 34.9150454], [138.880678, 34.9150499], [138.8808759, 34.9150329], [138.8811327, 34.9149595], [138.8813559, 34.9148782], [138.8819161, 34.9146978], [138.8820398, 34.9146376], [138.8821309, 34.914559], [138.882347, 34.9143229], [138.8824922, 34.914203], [138.882572, 34.9141746], [138.8826608, 34.9141682], [138.8827671, 34.9141797], [138.8828195, 34.9141955], [138.8829723, 34.914247], [138.8834758, 34.9144695], [138.8837621, 34.9146552], [138.8843331, 34.9150148], [138.8844895, 34.9151036], [138.8846487, 34.9151509], [138.8851972, 34.9152389], [138.8853333, 34.915236], [138.8858179, 34.9151665], [138.8861644, 34.9151411], [138.8865745, 34.9151224], [138.8869585, 34.9150332], [138.8875698, 34.9148398], [138.8883218, 34.9145682], [138.8884979, 34.9144756], [138.888677, 34.9143366], [138.889426, 34.9135783], [138.8895651, 34.9134375], [138.889636, 34.9133367], [138.8896476, 34.91328], [138.8896404, 34.9132178], [138.8896093, 34.9131205], [138.8895409, 34.9129764], [138.8894847, 34.9127975], [138.8894905, 34.9126848], [138.88952, 34.9125914], [138.8896242, 34.9124104], [138.889878, 34.9122273], [138.8901821, 34.9120959], [138.8907075, 34.9119198], [138.8910832, 34.9118239], [138.8915625, 34.9117955], [138.8922103, 34.9117941], [138.8926058, 34.9117677], [138.8935595, 34.911583], [138.8938602, 34.9115218], [138.8945722, 34.9112771], [138.8955697, 34.9109321], [138.8958366, 34.9108443], [138.8959869, 34.9108044], [138.8961047, 34.9107855], [138.8962115, 34.9107993], [138.8963394, 34.9108458], [138.8965979, 34.9109987], [138.8970702, 34.9112949], [138.8974047, 34.9115129], [138.8977478, 34.9118025], [138.8980108, 34.9120673], [138.8982116, 34.9122787], [138.8982814, 34.9124078], [138.8984125, 34.9127288], [138.8985289, 34.9129071], [138.8987209, 34.9130558], [138.8989827, 34.9132157], [138.8991558, 34.913287], [138.8995584, 34.9133977], [138.8998147, 34.9134538], [138.899929, 34.9135026], [138.900029, 34.9135953], [138.9004142, 34.91423], [138.900742, 34.9147244], [138.9008769, 34.9148835], [138.9012959, 34.9152748], [138.9016692, 34.9155893], [138.9017538, 34.9156623], [138.90202, 34.9158919], [138.9021133, 34.915959], [138.9022061, 34.9160182], [138.902344, 34.9160712], [138.9029124, 34.9162062], [138.9032447, 34.9163112], [138.9033354, 34.9163593], [138.9037179, 34.9166716], [138.9044428, 34.9173497], [138.9045189, 34.9174509], [138.9046901, 34.9177308], [138.9047541, 34.917809], [138.9047907, 34.9178416], [138.9049271, 34.9179174], [138.9050372, 34.9179741], [138.9051241, 34.9180077], [138.9055969, 34.9181285], [138.9058525, 34.9182122], [138.906033, 34.9182936], [138.9062113, 34.9183893], [138.9063634, 34.9184857], [138.906431, 34.9185286], [138.9067258, 34.9187155], [138.9070114, 34.9188901], [138.9072322, 34.9189989], [138.907383, 34.9190475], [138.907605, 34.9190916], [138.9079025, 34.9191133], [138.9081323, 34.9191128], [138.9084274, 34.9191041], [138.9087603, 34.919089], [138.9089793, 34.9190841], [138.9092005, 34.9191108], [138.9094916, 34.9191825], [138.9097341, 34.9192781], [138.9103196, 34.9195306], [138.9106472, 34.9196212], [138.9109992, 34.9196822], [138.9113538, 34.9197516], [138.9115588, 34.9198083], [138.9117572, 34.9198926], [138.9124052, 34.9202461], [138.9128074, 34.9204411], [138.9130988, 34.920559], [138.9135023, 34.9207012], [138.9140047, 34.9208747], [138.9142632, 34.9209639], [138.9145191, 34.9210521], [138.9146627, 34.9210986], [138.9147895, 34.9211293], [138.9149534, 34.9211622], [138.9151352, 34.921189], [138.9158612, 34.9212654], [138.9164479, 34.921329], [138.9166155, 34.921355], [138.9167831, 34.921394], [138.9170157, 34.9214537], [138.9170902, 34.9214799], [138.9171618, 34.921505], [138.9173742, 34.9215944], [138.9174463, 34.921627], [138.9180064, 34.9219438], [138.9183055, 34.9221207], [138.9189532, 34.9226127], [138.9190685, 34.9227002], [138.9195163, 34.9230235], [138.9197054, 34.9231219], [138.9198228, 34.9231738], [138.9198301, 34.923177], [138.9199756, 34.9232283], [138.9215785, 34.9237106], [138.9217659, 34.9237601], [138.9219151, 34.9237787], [138.9220505, 34.9237754], [138.9222182, 34.923749], [138.922367, 34.9237084], [138.9225224, 34.9236553], [138.9226487, 34.923616], [138.9228154, 34.9235772], [138.9229955, 34.923538], [138.9233047, 34.9235039], [138.9234756, 34.9235038], [138.9237767, 34.9235303], [138.9239484, 34.9235501], [138.9241549, 34.9235765], [138.9244848, 34.9236029], [138.9248577, 34.9236358], [138.9258528, 34.9236666], [138.9264509, 34.9236732], [138.927176, 34.9236716], [138.927567, 34.9236548], [138.9277235, 34.9236401], [138.9280146, 34.9235897], [138.9285216, 34.9234863], [138.9288783, 34.9233609], [138.9293209, 34.923174], [138.9297822, 34.9229684], [138.9299939, 34.9228749], [138.9301997, 34.9227804], [138.9303358, 34.9229821], [138.9305703, 34.9233308], [138.9308078, 34.9236826], [138.9309525, 34.9238751], [138.931028, 34.923972], [138.9312344, 34.9241687], [138.93222, 34.9250657], [138.9322788, 34.9251276], [138.9323315, 34.9251954], [138.9323791, 34.925289], [138.932402, 34.9253697], [138.9324142, 34.9254416], [138.9324244, 34.9255702], [138.9324276, 34.9258357], [138.9324544, 34.9264392], [138.9324616, 34.9266022], [138.9324562, 34.9270613], [138.9324388, 34.9274843], [138.9324309, 34.9277775], [138.9324345, 34.9278888], [138.9324389, 34.9279434], [138.9324517, 34.928003], [138.9324755, 34.9280696], [138.9325787, 34.9283097], [138.932659, 34.9284734], [138.9327726, 34.9287075], [138.9327965, 34.9287568], [138.9329706, 34.9291319], [138.9330389, 34.9292907], [138.9331881, 34.9296461], [138.9332406, 34.9297793], [138.9332483, 34.9298053], [138.93326, 34.9298453], [138.9332667, 34.9298886], [138.9332703, 34.9299116], [138.9332881, 34.9300248], [138.9333443, 34.9304917], [138.9333616, 34.9306422], [138.9333969, 34.9309495], [138.9334778, 34.9316117], [138.9334976, 34.9317743], [138.9335098, 34.9319113], [138.9335136, 34.9320297], [138.9335108, 34.9320972], [138.9334973, 34.932231], [138.9334782, 34.9324211], [138.9334008, 34.9329873], [138.9333775, 34.9331942], [138.9333612, 34.9333399], [138.9333551, 34.9334731], [138.9333583, 34.933584], [138.9333709, 34.9340212], [138.9333797, 34.934324], [138.933374, 34.9343959], [138.9333651, 34.9344485], [138.9333504, 34.9345037], [138.9333215, 34.9345912], [138.9332603, 34.9347622], [138.9331899, 34.9349126], [138.9331215, 34.9350312], [138.9330145, 34.9351826], [138.9329992, 34.9352031], [138.9329414, 34.9352802], [138.9329332, 34.9352919], [138.9328523, 34.9354006], [138.932707, 34.9355897], [138.9326046, 34.9357256], [138.932524, 34.9358454], [138.9324643, 34.9359603], [138.9324503, 34.9359872], [138.9323465, 34.9362149], [138.9322111, 34.9365765], [138.9320891, 34.9368794], [138.9318502, 34.9374961], [138.9315786, 34.9381502], [138.9312789, 34.9387802], [138.9311877, 34.9389737], [138.9311293, 34.9391132], [138.9310643, 34.9392772], [138.9308633, 34.9398816], [138.9307822, 34.9401279], [138.9307472, 34.9403589], [138.9307451, 34.9405112], [138.9307546, 34.940627], [138.9307689, 34.9407041], [138.9307991, 34.9408092], [138.9308263, 34.9408822], [138.9308791, 34.9410272], [138.9309828, 34.9412716], [138.9310218, 34.9413848], [138.931058, 34.9414958], [138.9310953, 34.9416542], [138.9311378, 34.9418875], [138.9311728, 34.9421701], [138.9312108, 34.94244], [138.9312487, 34.9426804], [138.9313279, 34.9431735], [138.9313671, 34.9433672], [138.9314197, 34.9435301], [138.9315565, 34.9439651], [138.9317778, 34.9446442], [138.9318822, 34.9449209], [138.9319373, 34.9450521], [138.9321267, 34.9454349], [138.9321452, 34.9454717], [138.9323347, 34.9458487], [138.9324416, 34.9460037], [138.932592, 34.9461671], [138.9327085, 34.9462733], [138.932858, 34.9463741], [138.9335326, 34.9467843], [138.9342293, 34.9471989], [138.9343651, 34.9472866], [138.9344415, 34.9473463], [138.9345245, 34.9474416], [138.9346094, 34.9475723], [138.9346618, 34.9476834], [138.9347908, 34.9480083], [138.935111, 34.9489049], [138.9351869, 34.9491226], [138.9352351, 34.9492968], [138.9352888, 34.9495338], [138.9354111, 34.9501431], [138.9355936, 34.9511833], [138.9357233, 34.9519328], [138.9357562, 34.9521263], [138.9358125, 34.9524475], [138.9360094, 34.9535709], [138.9362622, 34.9549544], [138.9363301, 34.955326], [138.9363845, 34.9556715], [138.9363952, 34.9557761], [138.9364193, 34.9561903], [138.936423, 34.9562576], [138.9364368, 34.9564623], [138.9364451, 34.9565798], [138.9364652, 34.9567403], [138.9364945, 34.9569082], [138.9365459, 34.9571457], [138.9366209, 34.9575178], [138.9366995, 34.9578695], [138.936747, 34.9580913], [138.9367979, 34.9583148], [138.936806, 34.9583454], [138.936827, 34.9584241], [138.9368544, 34.9585055], [138.9369486, 34.9587338], [138.937105, 34.959096], [138.9371185, 34.9591266], [138.9371897, 34.9592936], [138.9373195, 34.9596255], [138.9373333, 34.9596619], [138.9374225, 34.9599465], [138.9374756, 34.9601195], [138.9375577, 34.9603687], [138.937709, 34.9608676], [138.9379683, 34.9616867], [138.9380694, 34.9620059], [138.9386791, 34.9638172], [138.9387227, 34.963952], [138.9387625, 34.9640911], [138.9388172, 34.9643096], [138.9388878, 34.9646345], [138.9390157, 34.9654137], [138.9392184, 34.9667531], [138.9392853, 34.9672099], [138.9393085, 34.9674159], [138.9393162, 34.9676299], [138.9393136, 34.9679653], [138.9393042, 34.9691938], [138.9392836, 34.9706231], [138.9392745, 34.9707454], [138.9392503, 34.9708566], [138.9392074, 34.9709815], [138.9391322, 34.9711076], [138.9390074, 34.9712796], [138.9382458, 34.9722901], [138.9378136, 34.9728397], [138.9375305, 34.9733828], [138.9374253, 34.9736993], [138.9374049, 34.9738411], [138.9374071, 34.973961], [138.9374229, 34.9741177], [138.9374548, 34.974259], [138.9375649, 34.9746475], [138.9375842, 34.9747336], [138.9375928, 34.9748099], [138.9375912, 34.9748832], [138.9375796, 34.9749536], [138.9375585, 34.9750285], [138.9375246, 34.97511], [138.9374874, 34.9751763], [138.9374476, 34.9752294], [138.9372352, 34.9754266], [138.9369988, 34.9756227], [138.9368936, 34.9757153], [138.9370284, 34.9759568], [138.9370885, 34.9760554], [138.9371511, 34.9761378], [138.9373099, 34.9763107], [138.9375211, 34.9764968], [138.9377583, 34.9766462], [138.9384917, 34.9770441], [138.9387228, 34.9771675], [138.9396972, 34.9777156], [138.93986, 34.9778225], [138.9400286, 34.9779596], [138.9401758, 34.9780916], [138.9403249, 34.9782492], [138.9409699, 34.9789883], [138.9411308, 34.9791549], [138.9412893, 34.9792811], [138.9414086, 34.9793687], [138.9415535, 34.9794542], [138.9417368, 34.9795377], [138.9419053, 34.979601], [138.9422232, 34.9797064], [138.9427285, 34.9798603], [138.9429036, 34.9799003], [138.9431294, 34.9799196], [138.9433964, 34.9799119], [138.943615, 34.9798786], [138.943857, 34.9798057], [138.9441444, 34.9796932], [138.944238, 34.9796599], [138.9443627, 34.9796393], [138.9444355, 34.9796381], [138.944496, 34.9796469], [138.9446236, 34.9796778], [138.9447064, 34.9797175], [138.9450595, 34.9798973], [138.9451566, 34.9799431], [138.9452686, 34.9799821], [138.9453889, 34.9800057], [138.9455106, 34.9800166], [138.9456287, 34.9800202], [138.945889, 34.9800147], [138.9463061, 34.9799862], [138.946857, 34.9799282], [138.9474124, 34.9798977], [138.9475007, 34.9799001], [138.9475884, 34.9799082], [138.9476298, 34.9799304], [138.9476709, 34.9799634], [138.9478711, 34.9801576], [138.9479859, 34.9802874], [138.9480748, 34.980411], [138.9481956, 34.9806206], [138.948258, 34.9807538], [138.9482919, 34.9808306], [138.9483218, 34.9809206], [138.9483505, 34.9810105], [138.948373, 34.9810917], [138.9483979, 34.9811849], [138.9484405, 34.9813693], [138.9484767, 34.981526], [138.9486317, 34.9821895], [138.9488336, 34.983055], [138.948913, 34.9834269], [138.9489797, 34.9837101], [138.9490772, 34.9841472], [138.9491319, 34.9843923], [138.9491906, 34.9846557], [138.9492642, 34.9849855], [138.9493849, 34.9854429], [138.9493897, 34.9855272], [138.9493968, 34.9856527], [138.9493931, 34.9859334], [138.9493812, 34.986021], [138.9492538, 34.9866151], [138.9492255, 34.9867876], [138.9490137, 34.9878911], [138.9489918, 34.9879859], [138.9489081, 34.9884081], [138.9488636, 34.9885637], [138.9488016, 34.9887288], [138.9487043, 34.9888985], [138.9486331, 34.9890134], [138.9485379, 34.9891481], [138.9484937, 34.9892106], [138.948308, 34.9893917], [138.9481093, 34.9895803], [138.9479161, 34.9897416], [138.9478986, 34.989754], [138.9477119, 34.9898861], [138.9473404, 34.9900915], [138.9470582, 34.9902269], [138.946748, 34.9903258], [138.9464732, 34.990405], [138.9461742, 34.9904597], [138.9459992, 34.9904932], [138.9456626, 34.9905163], [138.9452999, 34.9905296], [138.94451, 34.9905456], [138.9442394, 34.9905437], [138.9439672, 34.9905385], [138.9436974, 34.9905272], [138.9434502, 34.9905133], [138.9433189, 34.9904997], [138.943208, 34.9904858], [138.9431426, 34.9904767], [138.9430772, 34.9904675], [138.9430215, 34.9904567], [138.9427414, 34.9904025], [138.9423483, 34.9903263], [138.9422335, 34.9903041], [138.9421544, 34.9902888], [138.9421103, 34.9902803], [138.9419499, 34.9902625], [138.941814, 34.9902534], [138.9417244, 34.9902475], [138.9416143, 34.9902454], [138.9400353, 34.9901936], [138.9392421, 34.9902008], [138.9386895, 34.9902224], [138.9384325, 34.9902376], [138.9380104, 34.9902945], [138.937707, 34.990349], [138.9374962, 34.9903898], [138.9371682, 34.9904862], [138.9368867, 34.9905786], [138.9366263, 34.9906869], [138.936399, 34.9907985], [138.9361753, 34.9909274], [138.9359317, 34.991085], [138.9355528, 34.9913378], [138.9354904, 34.9913752], [138.9353802, 34.991441], [138.9352587, 34.9915183], [138.9345179, 34.9919807], [138.9336899, 34.9925334], [138.9335732, 34.9926078], [138.9334469, 34.9926916], [138.9327332, 34.9931449], [138.9325953, 34.9932472], [138.9325189, 34.9933268], [138.9324167, 34.9934537], [138.9323417, 34.9936012], [138.9323162, 34.9936803], [138.9322934, 34.9937958], [138.9322925, 34.9939485], [138.9323121, 34.9940748], [138.932353, 34.9941766], [138.9324258, 34.9942898], [138.9325291, 34.9944181], [138.9331148, 34.9948927], [138.9331457, 34.9949148], [138.9347697, 34.9961518], [138.9347928, 34.99617], [138.9348827, 34.996239], [138.93501, 34.996346], [138.9350963, 34.9964206], [138.9351907, 34.9964998], [138.9354544, 34.9967013], [138.9355923, 34.9968071], [138.9363399, 34.9973513], [138.9367751, 34.9976647], [138.9368976, 34.9977529], [138.9376391, 34.9983116], [138.9376796, 34.9983419], [138.9380112, 34.9985991], [138.9381724, 34.99874], [138.9383221, 34.9988709], [138.9384553, 34.9990133], [138.9386111, 34.9991764], [138.9387226, 34.9993173], [138.9389529, 34.9996854], [138.9390644, 34.9998716], [138.9391242, 35.0000096], [138.9394918, 35.0009766], [138.9397453, 35.0016175], [138.9401031, 35.0025284], [138.9406615, 35.0039466], [138.9413193, 35.0055183], [138.9419478, 35.0071021], [138.9419613, 35.007135], [138.9419725, 35.0071622], [138.9420042, 35.0072394], [138.9423388, 35.0080531], [138.9424498, 35.0083231], [138.9425036, 35.0084711], [138.9427856, 35.0092149], [138.9428452, 35.0093722], [138.9428689, 35.009427], [138.9429718, 35.0096636], [138.9430485, 35.0098374], [138.9430954, 35.0099497]], [[138.9478978, 35.036566], [138.9479687, 35.036448], [138.9481722, 35.0361092], [138.9483157, 35.0358365], [138.9484318, 35.0355897], [138.9485194, 35.0353628], [138.9485594, 35.0352422], [138.9485954, 35.035137], [138.9486445, 35.0349707], [138.9487088, 35.034726], [138.9493154, 35.0323285], [138.949366, 35.0318117], [138.9493022, 35.0308104], [138.9492027, 35.029998], [138.9491802, 35.0298766], [138.9490793, 35.0294437], [138.9489757, 35.0291296], [138.948787, 35.0285702], [138.9487227, 35.0283839], [138.9486062, 35.0280959], [138.9484363, 35.0277019], [138.9482993, 35.0273809], [138.9478869, 35.0264155], [138.9474308, 35.0254199], [138.9469951, 35.0244349], [138.9465527, 35.0234689], [138.9462213, 35.0226872], [138.946155, 35.0225148], [138.9461346, 35.0224572], [138.9459049, 35.021605], [138.9457714, 35.0210599], [138.9457001, 35.0207667], [138.9452495, 35.0189052], [138.9449807, 35.0177947], [138.9449731, 35.0177633], [138.9448994, 35.0174589], [138.9448291, 35.017181], [138.9448114, 35.0171152], [138.9447135, 35.0167154], [138.9445983, 35.0162802], [138.944579, 35.016193], [138.9445604, 35.0161072], [138.9442627, 35.0147588], [138.9442065, 35.0145214], [138.9439635, 35.0134939], [138.9439502, 35.0134297], [138.943846, 35.0129632], [138.9438254, 35.0128855], [138.9436555, 35.0121665], [138.9435865, 35.0118486], [138.9435477, 35.0116714], [138.9434374, 35.0111672], [138.9432814, 35.0104957], [138.9432158, 35.0102721], [138.9430954, 35.0099497]], [[138.9478978, 35.036566], [138.9475487, 35.0371843], [138.9472411, 35.0377298], [138.9467927, 35.0384964], [138.9465575, 35.0389008], [138.9463002, 35.0393431], [138.9457861, 35.0402611], [138.9456204, 35.0405358], [138.9455217, 35.0406598], [138.9454321, 35.0407555], [138.94521, 35.0409881], [138.9447577, 35.0414617], [138.9441088, 35.0421285], [138.9439895, 35.0422566], [138.9434494, 35.0428151], [138.9434316, 35.0428341], [138.9432596, 35.0430173], [138.942973, 35.0433226], [138.9429192, 35.0433779], [138.9428847, 35.0434163], [138.9427492, 35.0435461], [138.9426828, 35.0435932], [138.9425069, 35.0438137], [138.942442, 35.0439278], [138.9424035, 35.0439954], [138.9423803, 35.0440955], [138.9423788, 35.0441126], [138.942326, 35.0447045], [138.9422977, 35.0450218], [138.9422873, 35.0451306], [138.9422633, 35.0453805], [138.9422438, 35.045605], [138.9421787, 35.0463564], [138.942152, 35.0466479], [138.9421159, 35.0470333], [138.9421077, 35.047121], [138.942079, 35.0474112], [138.9419872, 35.0483408], [138.941962, 35.0486064], [138.9419541, 35.0487229], [138.9419308, 35.0489618], [138.9418803, 35.0494805], [138.9418634, 35.0496849], [138.9418531, 35.0498068], [138.9418283, 35.0500732], [138.9418161, 35.0501857], [138.9417876, 35.0505899], [138.94178, 35.0506632], [138.9417334, 35.0511115], [138.9416956, 35.0514758], [138.9416536, 35.0519699], [138.9416297, 35.0522515], [138.9415979, 35.0527185], [138.9415759, 35.0531006], [138.9415765, 35.0531495], [138.9415541, 35.0533087], [138.9415304, 35.0534437], [138.9415158, 35.0535313], [138.9414649, 35.0539838], [138.9414493, 35.0541069], [138.9414266, 35.0542865], [138.9413786, 35.0546151], [138.9413537, 35.0547586], [138.9413403, 35.0548462], [138.9413384, 35.0548636], [138.9413153, 35.0550674], [138.9412439, 35.0556988], [138.9412232, 35.0559112], [138.941214, 35.0560326], [138.9411671, 35.0565075], [138.9411566, 35.0566675], [138.9411016, 35.0572413], [138.9410892, 35.0573701], [138.9409851, 35.0580204], [138.9409621, 35.0581799], [138.9407916, 35.0594393], [138.9407822, 35.0595564], [138.9407892, 35.0597215], [138.9407986, 35.0598117], [138.9407997, 35.059822], [138.9408045, 35.0598685], [138.9408495, 35.0600053], [138.9408653, 35.0600414], [138.9409068, 35.0601366], [138.9409451, 35.0602074], [138.9411066, 35.0604548], [138.9411432, 35.0605084], [138.9412819, 35.0607133], [138.9412996, 35.0607393], [138.9414898, 35.0610436], [138.94152, 35.0611062], [138.9415496, 35.0611957], [138.9415898, 35.061324], [138.941611, 35.0614221], [138.9416415, 35.0616956], [138.941696, 35.0626883], [138.941698, 35.0627302], [138.9417374, 35.0634167], [138.9417517, 35.0636669], [138.9417673, 35.0639832], [138.9417836, 35.0643155], [138.9417986, 35.0644404], [138.941829, 35.0645722], [138.9418519, 35.0646432], [138.9418795, 35.0647122], [138.9419299, 35.0648247], [138.9419411, 35.0648414], [138.9422574, 35.065311], [138.9425121, 35.0656895], [138.9426065, 35.0658469], [138.9426263, 35.0658856], [138.9426481, 35.0659282], [138.9426653, 35.0659726], [138.9427244, 35.0661256], [138.9427739, 35.0662732], [138.9427908, 35.066394], [138.9427983, 35.0664929], [138.9427994, 35.0666464], [138.9427778, 35.0668255], [138.9427354, 35.0670215], [138.9425001, 35.0680446], [138.9424647, 35.0682308], [138.9424033, 35.0685132], [138.9423941, 35.0685553], [138.9423594, 35.0687016], [138.9422841, 35.0690189], [138.942215, 35.0693048], [138.9419266, 35.0704976], [138.9417779, 35.0711776], [138.9416047, 35.0719318], [138.9415409, 35.0721803], [138.9415319, 35.0722069], [138.9414172, 35.0725471], [138.9413595, 35.072616], [138.9412314, 35.0729035], [138.9411463, 35.0730462], [138.9406286, 35.0739138], [138.9406104, 35.0739456], [138.9403233, 35.074382], [138.9402948, 35.0744251], [138.9399106, 35.0749878], [138.9396402, 35.0753644], [138.9391873, 35.0759042], [138.9387578, 35.0763749], [138.9384123, 35.0767372], [138.9380765, 35.0770443], [138.9377205, 35.0773718], [138.9376618, 35.0774258], [138.936929, 35.0781266], [138.9361736, 35.0788472], [138.9360763, 35.0789365], [138.9357018, 35.07928], [138.9352789, 35.0796788], [138.9343774, 35.0805101], [138.93433, 35.0805565], [138.9338562, 35.0810203], [138.9335628, 35.0813232], [138.9333647, 35.081561], [138.9332605, 35.0816892], [138.9331469, 35.0818298], [138.9329086, 35.0821902], [138.9327979, 35.0823679], [138.9327026, 35.0825355], [138.9325212, 35.0828895], [138.9323041, 35.0833438], [138.9322475, 35.0834623], [138.9322358, 35.0834867], [138.9319968, 35.0839601], [138.9319673, 35.0840184], [138.9317313, 35.0844848], [138.9314876, 35.0849537], [138.9309389, 35.0860569], [138.9305865, 35.0867548], [138.9301668, 35.0875661], [138.9296909, 35.0885117], [138.9294708, 35.0889495], [138.9292507, 35.0893886], [138.9288013, 35.0902693], [138.9287926, 35.0902883], [138.9283539, 35.0911708], [138.9278834, 35.0921006], [138.9274076, 35.093042], [138.927343, 35.093166], [138.9272122, 35.0933984], [138.9270121, 35.0937775], [138.9269247, 35.0939419], [138.9264851, 35.094877], [138.926035, 35.0957511], [138.9255719, 35.0966767], [138.9250758, 35.0976132], [138.9246213, 35.0984533], [138.9241781, 35.099281], [138.9236596, 35.1002575], [138.9234289, 35.1006892], [138.9231812, 35.1011424], [138.9226952, 35.1020556], [138.9221824, 35.1030082], [138.921703, 35.1039027], [138.9216615, 35.1039768], [138.9214545, 35.1043693], [138.921172, 35.1048932], [138.920774, 35.1056513], [138.9206711, 35.1058306], [138.9204176, 35.1064372], [138.9202953, 35.1068542], [138.9201872, 35.107323], [138.92017, 35.1073974], [138.9201509, 35.1074985], [138.9201087, 35.1078075], [138.9200408, 35.1091374], [138.9200367, 35.1092165], [138.92002, 35.1095401], [138.9200059, 35.1098708], [138.9200024, 35.1099701], [138.9199569, 35.1112631], [138.919953, 35.1114736], [138.9199482, 35.1116074], [138.9199377, 35.1118446]], [[138.9414172, 35.0725471], [138.9414181, 35.072628], [138.941292, 35.072911], [138.9412173, 35.0730359], [138.9407017, 35.0738974], [138.9406536, 35.0739702], [138.9403716, 35.0744051], [138.9403394, 35.0744493], [138.9401269, 35.0747717], [138.9399176, 35.0750867], [138.9396998, 35.0753925], [138.9392164, 35.0759759], [138.9387836, 35.0764537], [138.9385003, 35.0767411], [138.9382578, 35.076963], [138.9381337, 35.0770863], [138.9377082, 35.0774922], [138.9370027, 35.0781505], [138.9362215, 35.078883], [138.9357891, 35.0792878], [138.9357511, 35.0793194], [138.9353519, 35.0796921], [138.9353284, 35.079714], [138.9344433, 35.0805379], [138.9338499, 35.0811175], [138.9336104, 35.0813998], [138.9334559, 35.0815884], [138.9333507, 35.0817317], [138.9332368, 35.0818757], [138.9331477, 35.0819974], [138.9329245, 35.0823295], [138.9328346, 35.0824837], [138.9327571, 35.0826303], [138.9326081, 35.0829184], [138.9323747, 35.0833715], [138.9323166, 35.0834842], [138.9323041, 35.0835086], [138.9320637, 35.0839816], [138.9320363, 35.0840351], [138.9317983, 35.0844976], [138.9316993, 35.0847465], [138.9316406, 35.0848672], [138.9315788, 35.0849816], [138.9315153, 35.0851037], [138.9314086, 35.0852876], [138.9312663, 35.0855419], [138.9309897, 35.0860842], [138.9306276, 35.0867864], [138.9302173, 35.0875983], [138.9297635, 35.0885031], [138.9293029, 35.0894257], [138.9291069, 35.0898205], [138.9288627, 35.0903121], [138.9284173, 35.0911951], [138.927948, 35.0921175], [138.9274635, 35.093078], [138.9272406, 35.0935666], [138.9270362, 35.0939847], [138.9269644, 35.0941168], [138.926759, 35.0945103], [138.9265443, 35.0949037], [138.9261038, 35.0957771], [138.9256413, 35.0966839], [138.9251479, 35.097621], [138.9246856, 35.0984774], [138.924184, 35.0994134], [138.9237224, 35.1002814], [138.9236289, 35.1004576], [138.9233743, 35.1009308], [138.9232435, 35.1011664], [138.9227547, 35.1020834], [138.9222461, 35.1030341], [138.9217242, 35.1039995], [138.921484, 35.1044451], [138.9212316, 35.1049133], [138.920841, 35.1056675], [138.9207494, 35.105854], [138.9206339, 35.1060892], [138.9204988, 35.1064596], [138.9203214, 35.1070415], [138.9203037, 35.1071168], [138.9202187, 35.107477], [138.9201763, 35.1078163], [138.9201117, 35.1091103], [138.920109, 35.1091931], [138.9200983, 35.10954], [138.9200828, 35.1098855], [138.9200817, 35.1099768], [138.9200372, 35.1115022], [138.9200295, 35.1116354], [138.9200018, 35.1118714]], [[138.9468013, 34.6771131], [138.9462035, 34.677355], [138.9460914, 34.6774067], [138.9459404, 34.677488], [138.9451841, 34.6778993], [138.9449281, 34.6780897], [138.9445471, 34.6783526], [138.9444211, 34.6784481], [138.944136, 34.6786519], [138.9440378, 34.6787012], [138.9439224, 34.6787425], [138.9438182, 34.6787654], [138.9437143, 34.6787734], [138.9432498, 34.6788], [138.9430412, 34.6788018], [138.9428627, 34.6787876], [138.9426515, 34.678749], [138.9424744, 34.6786849], [138.9423461, 34.6786202], [138.9422181, 34.6785376], [138.9421191, 34.6784504], [138.9419649, 34.6782923], [138.9419166, 34.6782394], [138.941372, 34.6776271]]]}, "id": "relation/8822215"}]}