{
  "type": "FeatureCollection",
  "generator": "overpass-turbo",
  "copyright": "The data included in this document is from www.openstreetmap.org. The data is made available under ODbL.",
  "timestamp": "2026-09-13T03:48:20Z",
  "features": [
    {
      "type": "Feature",
      "properties": {
        "@id": "relation/18187",
        "colour": "red",
        "from": "神奈川県横浜市西区",
        "name": "国道16号",
        "name:en": "National Highway Route 16",
        "name:es": "Ruta Nacional 16",
        "name:fr": "Route nationale 16",
        "name:ja": "国道16号",
        "name:ja-Hira": "こくどう16ごう",
        "name:ja-Latn": "Kokudō 16-gō",
        "network": "JP:national",
        "note": "ルートは起点から終点まで連続したwayのシークエンスでなくてはならず、断裂や分岐があってはなりません。そのため、海上区間や中央分離帯を横切るwayを追加していますので削除しないでください。また法令の重要な経過地の記述順に従い、起終点から時計回りに並べています。",
        "official_name": "一般国道 16号線",
        "ref": "16",
        "roundtrip": "yes",
        "route": "road",
        "to": "神奈川県横浜市西区",
        "type": "route",
        "via": "東京都;埼玉県;千葉県",
        "wikidata": "Q1058005",
        "wikimedia_commons": "Category:Route 16 (Japan)",
        "wikipedia": "ja:国道16号"
      },
      "geometry": {
        "type": "MultiLineString",
        "coordinates": [
          [
            [
              139.621126,
              35.4295049
            ],
            [
              139.6209002,
              35.4300959
            ],
            [
              139.6208527,
              35.4302006
            ],
            [
              139.6207551,
              35.4304084
            ],
            [
              139.6206015,
              35.4307617
            ],
            [
              139.6205488,
              35.4308546
            ],
            [
              139.6204168,
              35.4311766
            ],
            [
              139.6203945,
              35.4312424
            ],
            [
              139.6202538,
              35.4315382
            ],
            [
              139.6200883,
              35.4319045
            ],
            [
              139.6197998,
              35.4325136
            ],
            [
              139.6197466,
              35.4326251
            ],
            [
              139.6195875,
              35.4329933
            ],
            [
              139.619496,
              35.4332073
            ],
            [
              139.619432,
              35.4333613
            ],
            [
              139.6193723,
              35.4334606
            ],
            [
              139.6191876,
              35.4338905
            ],
            [
              139.6190576,
              35.434167
            ],
            [
              139.6190382,
              35.4342161
            ],
            [
              139.6190136,
              35.4342681
            ],
            [
              139.6189077,
              35.4344993
            ],
            [
              139.6187635,
              35.434871
            ],
            [
              139.6186003,
              35.4351905
            ],
            [
              139.6185341,
              35.4353506
            ],
            [
              139.618743,
              35.4354065
            ],
            [
              139.6196567,
              35.4356641
            ],
            [
              139.6197339,
              35.4356859
            ],
            [
              139.6198222,
              35.4357122
            ],
            [
              139.6204322,
              35.4358935
            ],
            [
              139.6210295,
              35.436071
            ],
            [
              139.6211109,
              35.4360952
            ],
            [
              139.6211886,
              35.436122
            ],
            [
              139.6222813,
              35.4364919
            ],
            [
              139.6223394,
              35.4365125
            ],
            [
              139.6225923,
              35.4366113
            ],
            [
              139.6227749,
              35.4367196
            ],
            [
              139.6229495,
              35.436856
            ],
            [
              139.623046,
              35.4369496
            ],
            [
              139.6236692,
              35.4376663
            ],
            [
              139.6237188,
              35.4377234
            ],
            [
              139.623776,
              35.4377547
            ],
            [
              139.6245145,
              35.4380854
            ],
            [
              139.624694,
              35.4381671
            ],
            [
              139.6248662,
              35.4382431
            ],
            [
              139.6253399,
              35.438462
            ],
            [
              139.625384,
              35.4384824
            ],
            [
              139.6261344,
              35.4388292
            ],
            [
              139.6262033,
              35.4388611
            ],
            [
              139.6262475,
              35.4388821
            ],
            [
              139.6267347,
              35.4391132
            ],
            [
              139.6268088,
              35.4391538
            ],
            [
              139.6268775,
              35.4391929
            ],
            [
              139.6276694,
              35.4397181
            ],
            [
              139.6277303,
              35.4397563
            ],
            [
              139.6284872,
              35.4402315
            ],
            [
              139.6285406,
              35.440265
            ],
            [
              139.6286246,
              35.4403231
            ],
            [
              139.6289294,
              35.4405342
            ],
            [
              139.6289974,
              35.4405773
            ],
            [
              139.6293751,
              35.4408164
            ],
            [
              139.6294367,
              35.4408575
            ],
            [
              139.6297825,
              35.4410884
            ],
            [
              139.6298389,
              35.4411261
            ],
            [
              139.6299005,
              35.4411655
            ],
            [
              139.6307034,
              35.4416742
            ],
            [
              139.6307733,
              35.4417185
            ],
            [
              139.6308453,
              35.4417665
            ],
            [
              139.6313458,
              35.4421003
            ],
            [
              139.6314917,
              35.4421976
            ],
            [
              139.6316027,
              35.4422905
            ],
            [
              139.6320564,
              35.4426705
            ],
            [
              139.6321082,
              35.4427139
            ],
            [
              139.6321761,
              35.4427672
            ],
            [
              139.6326915,
              35.4431717
            ],
            [
              139.6329001,
              35.4433354
            ],
            [
              139.6329485,
              35.4433734
            ],
            [
              139.6330334,
              35.4434346
            ],
            [
              139.633455,
              35.4437386
            ],
            [
              139.6335071,
              35.4437761
            ],
            [
              139.6339695,
              35.4441064
            ],
            [
              139.6340397,
              35.4441565
            ],
            [
              139.6341043,
              35.4442051
            ],
            [
              139.6345511,
              35.4445423
            ],
            [
              139.6346692,
              35.4446304
            ],
            [
              139.6347271,
              35.444674
            ],
            [
              139.6348297,
              35.4447513
            ],
            [
              139.634903,
              35.4448064
            ],
            [
              139.6351569,
              35.4450121
            ],
            [
              139.6351914,
              35.4450401
            ],
            [
              139.6352138,
              35.4450583
            ],
            [
              139.6352312,
              35.4450741
            ],
            [
              139.6352648,
              35.4451045
            ],
            [
              139.6354887,
              35.4453073
            ],
            [
              139.6356717,
              35.4455238
            ],
            [
              139.6357889,
              35.4456622
            ],
            [
              139.635862,
              35.4457489
            ],
            [
              139.6359077,
              35.4458028
            ],
            [
              139.6358273,
              35.4458478
            ],
            [
              139.6357192,
              35.4459081
            ],
            [
              139.635463,
              35.4460499
            ],
            [
              139.6351637,
              35.4462157
            ],
            [
              139.635052,
              35.4462775
            ],
            [
              139.6349778,
              35.4463186
            ],
            [
              139.6347544,
              35.4464521
            ],
            [
              139.6345568,
              35.4465918
            ],
            [
              139.634437,
              35.4466732
            ],
            [
              139.6343232,
              35.4467753
            ],
            [
              139.6342407,
              35.4468626
            ],
            [
              139.6338694,
              35.4473045
            ],
            [
              139.6338036,
              35.4473806
            ],
            [
              139.633747,
              35.4474416
            ],
            [
              139.6333844,
              35.4478537
            ],
            [
              139.6331231,
              35.4481532
            ],
            [
              139.6330258,
              35.4482747
            ],
            [
              139.6328248,
              35.4484954
            ],
            [
              139.6326628,
              35.4486519
            ],
            [
              139.6326052,
              35.4487002
            ],
            [
              139.632464,
              35.4488048
            ],
            [
              139.6323379,
              35.4488995
            ],
            [
              139.6320535,
              35.4491002
            ],
            [
              139.6318735,
              35.449251
            ],
            [
              139.6317938,
              35.4493237
            ],
            [
              139.6317267,
              35.4493965
            ],
            [
              139.6311582,
              35.4501118
            ],
            [
              139.6310848,
              35.4502041
            ],
            [
              139.6310363,
              35.4502651
            ],
            [
              139.6301809,
              35.4513226
            ],
            [
              139.6292766,
              35.4524655
            ],
            [
              139.6292226,
              35.4525318
            ],
            [
              139.6291592,
              35.4526119
            ],
            [
              139.629105,
              35.4526784
            ],
            [
              139.6286937,
              35.4531788
            ],
            [
              139.6276512,
              35.4544788
            ],
            [
              139.6274046,
              35.454785
            ],
            [
              139.6273289,
              35.454879
            ],
            [
              139.6269553,
              35.4553426
            ],
            [
              139.6263875,
              35.4560416
            ],
            [
              139.6263036,
              35.4561449
            ],
            [
              139.6262312,
              35.4562342
            ],
            [
              139.6261123,
              35.4563811
            ],
            [
              139.6254104,
              35.4572557
            ],
            [
              139.6252442,
              35.4574585
            ],
            [
              139.6252169,
              35.4574917
            ],
            [
              139.6243039,
              35.4586345
            ],
            [
              139.6237101,
              35.4593568
            ],
            [
              139.6236696,
              35.4594058
            ],
            [
              139.6235859,
              35.4595437
            ],
            [
              139.6235173,
              35.4594373
            ],
            [
              139.623415,
              35.4592798
            ],
            [
              139.6233614,
              35.4591939
            ],
            [
              139.6232984,
              35.4590819
            ],
            [
              139.6232511,
              35.4590093
            ],
            [
              139.6231574,
              35.4588818
            ],
            [
              139.6230271,
              35.4586977
            ],
            [
              139.6229072,
              35.4585291
            ],
            [
              139.6228516,
              35.4584738
            ],
            [
              139.6227833,
              35.458404
            ],
            [
              139.6227031,
              35.4583312
            ],
            [
              139.6226071,
              35.4582703
            ],
            [
              139.6224764,
              35.4582008
            ],
            [
              139.6223545,
              35.4581431
            ],
            [
              139.6219301,
              35.4580151
            ],
            [
              139.6218814,
              35.4579993
            ],
            [
              139.6218387,
              35.4579863
            ],
            [
              139.6214266,
              35.4578547
            ],
            [
              139.6209833,
              35.4577204
            ],
            [
              139.6204259,
              35.4575469
            ],
            [
              139.6203349,
              35.4575187
            ],
            [
              139.6202671,
              35.4574931
            ],
            [
              139.6200016,
              35.457414
            ],
            [
              139.6197872,
              35.4573942
            ],
            [
              139.6197543,
              35.4573825
            ],
            [
              139.6194382,
              35.4572825
            ],
            [
              139.6193997,
              35.4572712
            ],
            [
              139.6190388,
              35.457155
            ],
            [
              139.6187055,
              35.4570465
            ],
            [
              139.6182095,
              35.4568364
            ],
            [
              139.6181032,
              35.4567934
            ],
            [
              139.6180078,
              35.4567524
            ],
            [
              139.6178848,
              35.4567037
            ],
            [
              139.6176179,
              35.4565847
            ],
            [
              139.6173272,
              35.4564597
            ],
            [
              139.6169061,
              35.4562786
            ],
            [
              139.6165608,
              35.4561302
            ],
            [
              139.6164932,
              35.4561011
            ],
            [
              139.6164216,
              35.4560697
            ],
            [
              139.616087,
              35.4559228
            ],
            [
              139.6160027,
              35.4558836
            ],
            [
              139.6154992,
              35.4556425
            ],
            [
              139.6151169,
              35.4554405
            ],
            [
              139.6150058,
              35.4553864
            ],
            [
              139.6148933,
              35.4553324
            ],
            [
              139.6143986,
              35.4550948
            ],
            [
              139.6140053,
              35.4549059
            ],
            [
              139.6135087,
              35.4546674
            ],
            [
              139.6127794,
              35.4543172
            ],
            [
              139.6127367,
              35.4542967
            ],
            [
              139.6126422,
              35.4542513
            ],
            [
              139.6124858,
              35.4541817
            ],
            [
              139.6123696,
              35.4542474
            ],
            [
              139.6122657,
              35.4542968
            ],
            [
              139.6122248,
              35.4543162
            ],
            [
              139.6121892,
              35.4543321
            ],
            [
              139.6120944,
              35.4543744
            ],
            [
              139.6119817,
              35.4543987
            ],
            [
              139.6118797,
              35.454401
            ],
            [
              139.6117548,
              35.4543927
            ],
            [
              139.6116217,
              35.4543529
            ],
            [
              139.6108435,
              35.4539961
            ],
            [
              139.6106648,
              35.4539392
            ],
            [
              139.6104897,
              35.4538999
            ],
            [
              139.6103251,
              35.4538902
            ],
            [
              139.61016,
              35.453901
            ],
            [
              139.6099953,
              35.4539374
            ],
            [
              139.6098258,
              35.4540017
            ],
            [
              139.6096819,
              35.4540708
            ],
            [
              139.6095679,
              35.4541475
            ],
            [
              139.6093726,
              35.4542947
            ],
            [
              139.6090482,
              35.4545858
            ],
            [
              139.6084441,
              35.4552831
            ],
            [
              139.6082877,
              35.4554779
            ],
            [
              139.6082737,
              35.4554954
            ],
            [
              139.6082081,
              35.4555772
            ],
            [
              139.607996,
              35.455846
            ],
            [
              139.6078725,
              35.4559806
            ],
            [
              139.6077892,
              35.4560631
            ],
            [
              139.6077158,
              35.4561246
            ],
            [
              139.6076317,
              35.456188
            ],
            [
              139.6075304,
              35.4562426
            ],
            [
              139.6073752,
              35.4563025
            ],
            [
              139.6070309,
              35.4564132
            ],
            [
              139.6065857,
              35.456554
            ],
            [
              139.6063987,
              35.4566136
            ],
            [
              139.6062065,
              35.4566787
            ],
            [
              139.6051394,
              35.4570405
            ],
            [
              139.6050575,
              35.4570682
            ],
            [
              139.6049955,
              35.4570966
            ],
            [
              139.6038037,
              35.4576418
            ],
            [
              139.6037504,
              35.4576653
            ],
            [
              139.602612,
              35.4581967
            ],
            [
              139.6024877,
              35.4582174
            ],
            [
              139.6023549,
              35.4582418
            ],
            [
              139.6013449,
              35.4583377
            ],
            [
              139.601203,
              35.4583653
            ],
            [
              139.6011778,
              35.4583702
            ],
            [
              139.6009013,
              35.4584588
            ],
            [
              139.600745,
              35.4585324
            ],
            [
              139.6006714,
              35.4585734
            ],
            [
              139.6005867,
              35.4586241
            ],
            [
              139.6005028,
              35.4586911
            ],
            [
              139.6003855,
              35.4588023
            ],
            [
              139.6002809,
              35.4589181
            ],
            [
              139.600153,
              35.4590869
            ],
            [
              139.6000479,
              35.459219
            ],
            [
              139.5999287,
              35.4593412
            ],
            [
              139.5998951,
              35.4593653
            ],
            [
              139.5997424,
              35.4594749
            ],
            [
              139.5989302,
              35.4598789
            ],
            [
              139.5983514,
              35.4601753
            ],
            [
              139.5982708,
              35.4602152
            ],
            [
              139.5982077,
              35.4602485
            ],
            [
              139.5973255,
              35.4607128
            ],
            [
              139.5972549,
              35.4607501
            ],
            [
              139.5971725,
              35.4607944
            ],
            [
              139.5964036,
              35.4612
            ],
            [
              139.5959583,
              35.4614334
            ],
            [
              139.5959077,
              35.4614639
            ],
            [
              139.5958494,
              35.4614904
            ],
            [
              139.5957447,
              35.4615419
            ],
            [
              139.5950774,
              35.4618925
            ],
            [
              139.5949546,
              35.4619577
            ],
            [
              139.5948531,
              35.4620092
            ],
            [
              139.5944066,
              35.4622355
            ],
            [
              139.5939807,
              35.4624539
            ],
            [
              139.5938906,
              35.4625036
            ],
            [
              139.593103,
              35.462921
            ],
            [
              139.5928059,
              35.4630813
            ],
            [
              139.5921732,
              35.4634208
            ],
            [
              139.5914849,
              35.4637787
            ],
            [
              139.5905691,
              35.4642693
            ],
            [
              139.590213,
              35.4644685
            ],
            [
              139.5901694,
              35.4644893
            ],
            [
              139.5899366,
              35.4646162
            ],
            [
              139.5893369,
              35.4649431
            ],
            [
              139.5889865,
              35.4651347
            ],
            [
              139.588761,
              35.4652256
            ],
            [
              139.5884025,
              35.465329
            ],
            [
              139.5881597,
              35.4653916
            ],
            [
              139.5880453,
              35.4654145
            ],
            [
              139.5878083,
              35.4654429
            ],
            [
              139.5876279,
              35.465464
            ],
            [
              139.5865483,
              35.4654575
            ],
            [
              139.5859865,
              35.4654511
            ],
            [
              139.5854246,
              35.4654446
            ],
            [
              139.5851547,
              35.4654454
            ],
            [
              139.5848894,
              35.4654736
            ],
            [
              139.584622,
              35.4655025
            ],
            [
              139.5839744,
              35.4656307
            ],
            [
              139.5835199,
              35.465789
            ],
            [
              139.582562,
              35.4662866
            ],
            [
              139.5807,
              35.4678503
            ],
            [
              139.5805937,
              35.4679171
            ],
            [
              139.5805364,
              35.4679531
            ],
            [
              139.5801798,
              35.4681404
            ],
            [
              139.5794933,
              35.4684262
            ],
            [
              139.5792848,
              35.4685303
            ],
            [
              139.5790493,
              35.4686892
            ],
            [
              139.5787572,
              35.4689167
            ],
            [
              139.577276,
              35.4700704
            ],
            [
              139.5769157,
              35.4703912
            ],
            [
              139.5767453,
              35.4705767
            ],
            [
              139.5763352,
              35.4711456
            ],
            [
              139.5760724,
              35.4714982
            ],
            [
              139.5758709,
              35.4717685
            ],
            [
              139.5757506,
              35.4719385
            ],
            [
              139.5756683,
              35.4720549
            ],
            [
              139.575598,
              35.4721491
            ],
            [
              139.5751826,
              35.4726689
            ],
            [
              139.5751115,
              35.472732
            ],
            [
              139.575028,
              35.4728117
            ],
            [
              139.5749704,
              35.4728598
            ],
            [
              139.5748836,
              35.4729347
            ],
            [
              139.5747854,
              35.4729969
            ],
            [
              139.5745407,
              35.4731411
            ],
            [
              139.5744928,
              35.4731676
            ],
            [
              139.5742017,
              35.4733289
            ],
            [
              139.5741607,
              35.473352
            ],
            [
              139.5737708,
              35.4735722
            ],
            [
              139.5735765,
              35.4737214
            ],
            [
              139.573487,
              35.4738322
            ],
            [
              139.5733241,
              35.4740462
            ],
            [
              139.5731275,
              35.4743352
            ],
            [
              139.5732316,
              35.4742684
            ],
            [
              139.5733779,
              35.4740725
            ],
            [
              139.5735199,
              35.4738646
            ],
            [
              139.5736552,
              35.4737374
            ],
            [
              139.5738052,
              35.4736194
            ],
            [
              139.574113,
              35.4734599
            ],
            [
              139.5745391,
              35.4732392
            ],
            [
              139.5746022,
              35.4732065
            ],
            [
              139.5748442,
              35.4730679
            ],
            [
              139.5749432,
              35.473004
            ],
            [
              139.5750727,
              35.4728968
            ],
            [
              139.575169,
              35.4728076
            ],
            [
              139.5752878,
              35.4726931
            ],
            [
              139.5756146,
              35.4722753
            ],
            [
              139.575746,
              35.4720967
            ],
            [
              139.5758315,
              35.4719793
            ],
            [
              139.5759476,
              35.4718201
            ],
            [
              139.5764314,
              35.4711529
            ],
            [
              139.5767511,
              35.4706861
            ],
            [
              139.5768698,
              35.4705323
            ],
            [
              139.5770076,
              35.4703954
            ],
            [
              139.5773427,
              35.4701224
            ],
            [
              139.5775324,
              35.4699754
            ],
            [
              139.5783743,
              35.4693077
            ],
            [
              139.5788133,
              35.4689639
            ],
            [
              139.5791183,
              35.46873
            ],
            [
              139.5792467,
              35.4686349
            ],
            [
              139.5794429,
              35.4685174
            ],
            [
              139.5795201,
              35.468479
            ],
            [
              139.579633,
              35.4684228
            ],
            [
              139.5801089,
              35.4682411
            ],
            [
              139.5803774,
              35.4681175
            ],
            [
              139.5805285,
              35.4680324
            ],
            [
              139.5806381,
              35.467965
            ],
            [
              139.5807059,
              35.4679233
            ],
            [
              139.5807522,
              35.4678889
            ],
            [
              139.5808418,
              35.4678224
            ],
            [
              139.5810028,
              35.4676869
            ],
            [
              139.5814174,
              35.4673294
            ],
            [
              139.5824052,
              35.4664971
            ],
            [
              139.5825386,
              35.4663912
            ],
            [
              139.5826061,
              35.4663373
            ],
            [
              139.5827755,
              35.4662364
            ],
            [
              139.5829185,
              35.4661586
            ],
            [
              139.5833891,
              35.4659308
            ],
            [
              139.5835727,
              35.4658549
            ],
            [
              139.5838094,
              35.4657637
            ],
            [
              139.5840833,
              35.4656833
            ],
            [
              139.584387,
              35.465626
            ],
            [
              139.5844502,
              35.4656141
            ],
            [
              139.584772,
              35.4655652
            ],
            [
              139.5848692,
              35.4655531
            ],
            [
              139.5850146,
              35.4655351
            ],
            [
              139.5853107,
              35.4655162
            ],
            [
              139.5853941,
              35.4655108
            ],
            [
              139.5865662,
              35.4655219
            ],
            [
              139.587577,
              35.4655312
            ],
            [
              139.587648,
              35.4655313
            ],
            [
              139.5878138,
              35.4655163
            ],
            [
              139.5879922,
              35.4654918
            ],
            [
              139.5883392,
              35.4654282
            ],
            [
              139.5886893,
              35.4653207
            ],
            [
              139.5888238,
              35.4652731
            ],
            [
              139.5890178,
              35.4651903
            ],
            [
              139.5891227,
              35.4651388
            ],
            [
              139.589343,
              35.4650305
            ],
            [
              139.5902146,
              35.4645475
            ],
            [
              139.5902524,
              35.4645261
            ],
            [
              139.5906085,
              35.4643247
            ],
            [
              139.5910202,
              35.4641018
            ],
            [
              139.5912819,
              35.463965
            ],
            [
              139.591552,
              35.4638239
            ],
            [
              139.5922696,
              35.4634417
            ],
            [
              139.5925944,
              35.4632722
            ],
            [
              139.5932575,
              35.46292
            ],
            [
              139.593361,
              35.462865
            ],
            [
              139.5939702,
              35.4625394
            ],
            [
              139.5942463,
              35.4624008
            ],
            [
              139.5951172,
              35.4619559
            ],
            [
              139.5955991,
              35.4617054
            ],
            [
              139.5958291,
              35.4615837
            ],
            [
              139.5966814,
              35.4611362
            ],
            [
              139.5970748,
              35.4609232
            ],
            [
              139.5972151,
              35.4608509
            ],
            [
              139.5973023,
              35.4608059
            ],
            [
              139.5973713,
              35.4607703
            ],
            [
              139.5976736,
              35.4606144
            ],
            [
              139.5977692,
              35.4605651
            ],
            [
              139.5982407,
              35.46032
            ],
            [
              139.5983075,
              35.4602851
            ],
            [
              139.5983785,
              35.4602493
            ],
            [
              139.5988515,
              35.4600028
            ],
            [
              139.5997329,
              35.4595525
            ],
            [
              139.5998124,
              35.4595089
            ],
            [
              139.5998675,
              35.4594738
            ],
            [
              139.5999255,
              35.4594332
            ],
            [
              139.6000041,
              35.4593661
            ],
            [
              139.6000807,
              35.4592886
            ],
            [
              139.6001562,
              35.459199
            ],
            [
              139.6002337,
              35.4590958
            ],
            [
              139.6003231,
              35.4589778
            ],
            [
              139.6004183,
              35.4588662
            ],
            [
              139.6004654,
              35.4588174
            ],
            [
              139.6005886,
              35.4587061
            ],
            [
              139.6007147,
              35.4586238
            ],
            [
              139.6007831,
              35.4585868
            ],
            [
              139.6009164,
              35.4585265
            ],
            [
              139.6010014,
              35.4584939
            ],
            [
              139.601085,
              35.4584654
            ],
            [
              139.6012215,
              35.4584233
            ],
            [
              139.6013597,
              35.4583962
            ],
            [
              139.6021127,
              35.4583249
            ],
            [
              139.6023634,
              35.4583062
            ],
            [
              139.6025474,
              35.4582837
            ],
            [
              139.6026636,
              35.4582519
            ],
            [
              139.6027059,
              35.4582343
            ],
            [
              139.6029398,
              35.4581244
            ],
            [
              139.6037936,
              35.4577271
            ],
            [
              139.6038453,
              35.4577022
            ],
            [
              139.6050378,
              35.4571666
            ],
            [
              139.6050985,
              35.4571393
            ],
            [
              139.6051763,
              35.457113
            ],
            [
              139.6059007,
              35.4568679
            ],
            [
              139.6062421,
              35.4567524
            ],
            [
              139.6064202,
              35.4566921
            ],
            [
              139.6065316,
              35.4566586
            ],
            [
              139.6066424,
              35.4566225
            ],
            [
              139.6071644,
              35.4564586
            ],
            [
              139.6074435,
              35.4563654
            ],
            [
              139.6075971,
              35.4563028
            ],
            [
              139.6076554,
              35.4562752
            ],
            [
              139.6077157,
              35.4562449
            ],
            [
              139.6077803,
              35.4561997
            ],
            [
              139.6077937,
              35.4561869
            ],
            [
              139.6078854,
              35.4561018
            ],
            [
              139.60807,
              35.4558788
            ],
            [
              139.6083811,
              35.455529
            ],
            [
              139.6085383,
              35.4553429
            ],
            [
              139.6089561,
              35.4548543
            ],
            [
              139.6091399,
              35.4546463
            ],
            [
              139.6094309,
              35.4543788
            ],
            [
              139.6096202,
              35.4542334
            ],
            [
              139.6097576,
              35.454149
            ],
            [
              139.6098933,
              35.4540734
            ],
            [
              139.6100379,
              35.4540254
            ],
            [
              139.6101952,
              35.4539883
            ],
            [
              139.6103307,
              35.4539782
            ],
            [
              139.6104775,
              35.4539887
            ],
            [
              139.6106306,
              35.454024
            ],
            [
              139.6108001,
              35.4540807
            ],
            [
              139.6115724,
              35.4544364
            ],
            [
              139.6117267,
              35.4544981
            ],
            [
              139.6118552,
              35.4545329
            ],
            [
              139.6119713,
              35.4545373
            ],
            [
              139.6120694,
              35.4545271
            ],
            [
              139.6122073,
              35.4544993
            ],
            [
              139.6123158,
              35.4544573
            ],
            [
              139.6123851,
              35.4544242
            ],
            [
              139.6123954,
              35.4544193
            ],
            [
              139.6124283,
              35.4544035
            ],
            [
              139.6125527,
              35.4543286
            ],
            [
              139.6126765,
              35.4543881
            ],
            [
              139.6127087,
              35.4544036
            ],
            [
              139.6135755,
              35.4548208
            ],
            [
              139.6139396,
              35.4549951
            ],
            [
              139.6143984,
              35.4552156
            ],
            [
              139.6148212,
              35.4554188
            ],
            [
              139.6148915,
              35.4554526
            ],
            [
              139.6149363,
              35.4554741
            ],
            [
              139.615006,
              35.4555099
            ],
            [
              139.6150539,
              35.4555338
            ],
            [
              139.6154948,
              35.4557523
            ],
            [
              139.6157369,
              35.4558657
            ],
            [
              139.6160375,
              35.4560065
            ],
            [
              139.6163706,
              35.4561512
            ],
            [
              139.6164404,
              35.4561815
            ],
            [
              139.6165058,
              35.4562099
            ],
            [
              139.6170435,
              35.4564435
            ],
            [
              139.6171666,
              35.456497
            ],
            [
              139.6175718,
              35.4566696
            ],
            [
              139.6178357,
              35.4567822
            ],
            [
              139.61795,
              35.4568325
            ],
            [
              139.6180447,
              35.4568727
            ],
            [
              139.6181532,
              35.4569155
            ],
            [
              139.6186584,
              35.4571333
            ],
            [
              139.6193627,
              35.4573551
            ],
            [
              139.6194053,
              35.4573677
            ],
            [
              139.6194709,
              35.4573886
            ],
            [
              139.6197009,
              35.4575151
            ],
            [
              139.6201713,
              35.4576797
            ],
            [
              139.6202421,
              35.4576993
            ],
            [
              139.6203272,
              35.4577331
            ],
            [
              139.6207328,
              35.4578692
            ],
            [
              139.6210207,
              35.4579658
            ],
            [
              139.6213913,
              35.4580774
            ],
            [
              139.621739,
              35.4581849
            ],
            [
              139.6217845,
              35.458199
            ],
            [
              139.6218428,
              35.458217
            ],
            [
              139.6219144,
              35.4582391
            ],
            [
              139.6222903,
              35.4583471
            ],
            [
              139.6224238,
              35.4583959
            ],
            [
              139.6224832,
              35.4584214
            ],
            [
              139.6225792,
              35.4584777
            ],
            [
              139.6226681,
              35.4585488
            ],
            [
              139.6228043,
              35.4586841
            ],
            [
              139.6229984,
              35.4589471
            ],
            [
              139.6231098,
              35.4591161
            ],
            [
              139.6231751,
              35.4592151
            ],
            [
              139.6232304,
              35.4592991
            ],
            [
              139.6232882,
              35.4593843
            ],
            [
              139.6234663,
              35.4596467
            ],
            [
              139.6234681,
              35.4595737
            ],
            [
              139.6234843,
              35.4595001
            ],
            [
              139.6235173,
              35.4594373
            ],
            [
              139.623589,
              35.4593391
            ],
            [
              139.6238886,
              35.4589798
            ],
            [
              139.6251543,
              35.4574098
            ],
            [
              139.6252797,
              35.4572534
            ],
            [
              139.625344,
              35.4571745
            ],
            [
              139.6261413,
              35.4561824
            ],
            [
              139.6262116,
              35.4560951
            ],
            [
              139.6262971,
              35.455989
            ],
            [
              139.6268484,
              35.455303
            ],
            [
              139.6272354,
              35.4548271
            ],
            [
              139.6273108,
              35.4547349
            ],
            [
              139.6275832,
              35.454399
            ],
            [
              139.6286006,
              35.4531278
            ],
            [
              139.6289975,
              35.4526223
            ],
            [
              139.6290642,
              35.452542
            ],
            [
              139.6291186,
              35.4524697
            ],
            [
              139.6291681,
              35.452405
            ],
            [
              139.6301249,
              35.4511893
            ],
            [
              139.6309277,
              35.4502089
            ],
            [
              139.630977,
              35.4501484
            ],
            [
              139.6310514,
              35.4500556
            ],
            [
              139.631288,
              35.4497587
            ],
            [
              139.6316222,
              35.4493328
            ],
            [
              139.6316977,
              35.4492604
            ],
            [
              139.6319752,
              35.4490285
            ],
            [
              139.6322774,
              35.4488263
            ],
            [
              139.6323957,
              35.4487426
            ],
            [
              139.6325621,
              35.4486259
            ],
            [
              139.6327676,
              35.4484399
            ],
            [
              139.6329642,
              35.448215
            ],
            [
              139.6330585,
              35.4481166
            ],
            [
              139.6333256,
              35.4478192
            ],
            [
              139.6335468,
              35.4475573
            ],
            [
              139.6336822,
              35.4474037
            ],
            [
              139.6337337,
              35.4473453
            ],
            [
              139.6338003,
              35.4472651
            ],
            [
              139.634223,
              35.4467973
            ],
            [
              139.6342775,
              35.4467394
            ],
            [
              139.6343865,
              35.4466435
            ],
            [
              139.6345221,
              35.4465514
            ],
            [
              139.63495,
              35.4462704
            ],
            [
              139.6350151,
              35.4462298
            ],
            [
              139.6351246,
              35.446164
            ],
            [
              139.6356758,
              35.4458558
            ],
            [
              139.635784,
              35.4457938
            ],
            [
              139.63571,
              35.4457059
            ],
            [
              139.6355932,
              35.445569
            ],
            [
              139.6354107,
              35.4453548
            ],
            [
              139.6352069,
              35.4451548
            ],
            [
              139.6351717,
              35.4451211
            ],
            [
              139.6351511,
              35.4451014
            ],
            [
              139.6351403,
              35.4450932
            ],
            [
              139.6351004,
              35.4450629
            ],
            [
              139.6348471,
              35.4448707
            ],
            [
              139.6347682,
              35.4448111
            ],
            [
              139.6346691,
              35.4447362
            ],
            [
              139.6346132,
              35.444694
            ],
            [
              139.6344933,
              35.4446043
            ],
            [
              139.634045,
              35.4442646
            ],
            [
              139.6339773,
              35.4442135
            ],
            [
              139.6339116,
              35.4441655
            ],
            [
              139.6334504,
              35.4438291
            ],
            [
              139.6334028,
              35.4437946
            ],
            [
              139.6329751,
              35.4434851
            ],
            [
              139.6328912,
              35.4434244
            ],
            [
              139.6328403,
              35.4433843
            ],
            [
              139.63212,
              35.4428163
            ],
            [
              139.6320527,
              35.4427632
            ],
            [
              139.6319999,
              35.4427217
            ],
            [
              139.6315263,
              35.4423493
            ],
            [
              139.6314216,
              35.442267
            ],
            [
              139.6312795,
              35.4421698
            ],
            [
              139.630789,
              35.4418343
            ],
            [
              139.6307225,
              35.4417888
            ],
            [
              139.6306567,
              35.4417468
            ],
            [
              139.6298478,
              35.4412308
            ],
            [
              139.6297895,
              35.4411926
            ],
            [
              139.6297394,
              35.4411592
            ],
            [
              139.6293931,
              35.4409283
            ],
            [
              139.6293296,
              35.4408859
            ],
            [
              139.6289507,
              35.4406391
            ],
            [
              139.628885,
              35.4405963
            ],
            [
              139.6286122,
              35.4404184
            ],
            [
              139.628577,
              35.4403955
            ],
            [
              139.6284948,
              35.4403419
            ],
            [
              139.6284281,
              35.4402986
            ],
            [
              139.6276898,
              35.4398196
            ],
            [
              139.6276291,
              35.4397802
            ],
            [
              139.6268183,
              35.4392594
            ],
            [
              139.6267632,
              35.439224
            ],
            [
              139.6266834,
              35.4391855
            ],
            [
              139.6262005,
              35.4389522
            ],
            [
              139.6261531,
              35.4389293
            ],
            [
              139.6260862,
              35.4388973
            ],
            [
              139.6253398,
              35.4385401
            ],
            [
              139.6252966,
              35.4385214
            ],
            [
              139.6248216,
              35.4383155
            ],
            [
              139.624646,
              35.4382393
            ],
            [
              139.6244692,
              35.4381545
            ],
            [
              139.6238638,
              35.4378642
            ],
            [
              139.6237409,
              35.4378145
            ],
            [
              139.6236811,
              35.4377903
            ],
            [
              139.6236252,
              35.43774
            ],
            [
              139.6235332,
              35.4376572
            ],
            [
              139.6230121,
              35.4370496
            ],
            [
              139.622916,
              35.4369483
            ],
            [
              139.6225987,
              35.4367067
            ],
            [
              139.6223001,
              35.4365588
            ],
            [
              139.6222574,
              35.4365449
            ],
            [
              139.6219221,
              35.4364359
            ],
            [
              139.6211672,
              35.4361795
            ],
            [
              139.6210898,
              35.4361532
            ],
            [
              139.6210095,
              35.4361303
            ],
            [
              139.6197902,
              35.4357821
            ],
            [
              139.6197005,
              35.4357565
            ],
            [
              139.6196266,
              35.4357363
            ],
            [
              139.6187084,
              35.4354851
            ],
            [
              139.6184946,
              35.4354262
            ],
            [
              139.6184213,
              35.435408
            ],
            [
              139.6184547,
              35.4353303
            ],
            [
              139.6185244,
              35.4351675
            ],
            [
              139.61856,
              35.4350798
            ],
            [
              139.6186625,
              35.434846
            ],
            [
              139.6187681,
              35.434609
            ],
            [
              139.618931,
              35.4342433
            ],
            [
              139.6189503,
              35.4341923
            ],
            [
              139.6189777,
              35.4341434
            ],
            [
              139.619113,
              35.4338755
            ],
            [
              139.6193067,
              35.4334443
            ],
            [
              139.6193362,
              35.4333791
            ],
            [
              139.6194157,
              35.4331838
            ],
            [
              139.6194712,
              35.4330476
            ],
            [
              139.6196312,
              35.4326715
            ],
            [
              139.619688,
              35.4325361
            ],
            [
              139.61971,
              35.4324892
            ],
            [
              139.6201602,
              35.4315286
            ],
            [
              139.6203056,
              35.4312189
            ],
            [
              139.6203091,
              35.4312113
            ],
            [
              139.6203366,
              35.4311547
            ],
            [
              139.6204842,
              35.4308283
            ],
            [
              139.6205318,
              35.4307231
            ],
            [
              139.6207473,
              35.4302022
            ],
            [
              139.620805,
              35.4300775
            ],
            [
              139.621126,
              35.4295049
            ],
            [
              139.621208,
              35.4293527
            ],
            [
              139.621586,
              35.4287023
            ],
            [
              139.6216843,
              35.4285493
            ],
            [
              139.6218219,
              35.4283684
            ],
            [
              139.6221028,
              35.42805
            ],
            [
              139.622207,
              35.4279192
            ],
            [
              139.6223436,
              35.4277186
            ],
            [
              139.6224269,
              35.4275718
            ],
            [
              139.6225328,
              35.4273537
            ],
            [
              139.6226236,
              35.4271221
            ],
            [
              139.6228628,
              35.4265387
            ],
            [
              139.6229364,
              35.4263486
            ]
          ],
          [
            [
              139.6238841,
              35.4126707
            ],
            [
              139.6239884,
              35.4127535
            ],
            [
              139.6240231,
              35.4127835
            ],
            [
              139.6240297,
              35.4127886
            ],
            [
              139.6241573,
              35.4128885
            ],
            [
              139.6242953,
              35.4130005
            ],
            [
              139.6245123,
              35.4131766
            ],
            [
              139.6248947,
              35.4134794
            ],
            [
              139.624946,
              35.4135191
            ],
            [
              139.6251224,
              35.4136495
            ],
            [
              139.6252173,
              35.4137008
            ],
            [
              139.6255739,
              35.4139314
            ],
            [
              139.6257327,
              35.4140239
            ],
            [
              139.6260206,
              35.4141756
            ],
            [
              139.6261274,
              35.4142255
            ],
            [
              139.6264989,
              35.4144267
            ],
            [
              139.6266036,
              35.4144838
            ],
            [
              139.6267215,
              35.4146193
            ],
            [
              139.6268279,
              35.4147793
            ],
            [
              139.626859,
              35.4148741
            ],
            [
              139.6268814,
              35.4152447
            ],
            [
              139.6269509,
              35.4149343
            ],
            [
              139.6269529,
              35.4148521
            ],
            [
              139.6269538,
              35.4147855
            ],
            [
              139.6269419,
              35.4146854
            ],
            [
              139.6268581,
              35.4146235
            ],
            [
              139.6267816,
              35.414562
            ],
            [
              139.6266036,
              35.4144838
            ]
          ],
          [
            [
              139.6252173,
              35.4137008
            ],
            [
              139.6251355,
              35.4136279
            ],
            [
              139.624946,
              35.4135191
            ]
          ],
          [
            [
              139.5731275,
              35.4743352
            ],
            [
              139.5730882,
              35.4743936
            ],
            [
              139.57298,
              35.4745543
            ],
            [
              139.5727905,
              35.4748357
            ],
            [
              139.5727829,
              35.474847
            ],
            [
              139.5720342,
              35.4759264
            ],
            [
              139.5719378,
              35.4760649
            ],
            [
              139.5718862,
              35.4761385
            ],
            [
              139.5718768,
              35.4761519
            ],
            [
              139.5718231,
              35.4762285
            ],
            [
              139.5717938,
              35.4762848
            ],
            [
              139.5716525,
              35.476481
            ],
            [
              139.5716327,
              35.4765085
            ],
            [
              139.5714815,
              35.4767185
            ],
            [
              139.5713243,
              35.4769096
            ],
            [
              139.5711366,
              35.4770966
            ],
            [
              139.5709188,
              35.477272
            ],
            [
              139.5706231,
              35.4774693
            ],
            [
              139.570589,
              35.4774952
            ],
            [
              139.5703466,
              35.4776362
            ],
            [
              139.5701426,
              35.4777193
            ],
            [
              139.5700705,
              35.4777487
            ],
            [
              139.5698725,
              35.4778126
            ],
            [
              139.5697215,
              35.4778482
            ],
            [
              139.5696222,
              35.4778717
            ],
            [
              139.5687902,
              35.4780476
            ],
            [
              139.568484,
              35.4781183
            ],
            [
              139.5684653,
              35.4781223
            ],
            [
              139.5677867,
              35.4782663
            ],
            [
              139.5673054,
              35.4783664
            ],
            [
              139.5672917,
              35.4783692
            ],
            [
              139.5668529,
              35.4784328
            ],
            [
              139.5667996,
              35.4784405
            ],
            [
              139.5665498,
              35.4784552
            ],
            [
              139.5663968,
              35.4784572
            ],
            [
              139.5661485,
              35.4784659
            ],
            [
              139.5659763,
              35.4784693
            ],
            [
              139.5657398,
              35.4784556
            ],
            [
              139.5656359,
              35.4784534
            ],
            [
              139.5653871,
              35.4784447
            ],
            [
              139.5652063,
              35.4784384
            ],
            [
              139.5650009,
              35.4784313
            ],
            [
              139.5648922,
              35.4784293
            ],
            [
              139.5640943,
              35.4783957
            ],
            [
              139.5632243,
              35.478356
            ],
            [
              139.5626347,
              35.4783338
            ],
            [
              139.562494,
              35.4783313
            ],
            [
              139.562294,
              35.4783373
            ],
            [
              139.5620985,
              35.478359
            ],
            [
              139.5619943,
              35.478376
            ],
            [
              139.5618293,
              35.4784105
            ],
            [
              139.5616698,
              35.4784565
            ],
            [
              139.5615852,
              35.4784819
            ],
            [
              139.5615123,
              35.4785038
            ],
            [
              139.5612429,
              35.4786009
            ],
            [
              139.5611014,
              35.4786542
            ],
            [
              139.5610214,
              35.4786844
            ],
            [
              139.5609993,
              35.4786928
            ],
            [
              139.5609582,
              35.4787083
            ],
            [
              139.5608474,
              35.4787502
            ],
            [
              139.5607095,
              35.4788015
            ],
            [
              139.5602749,
              35.478966
            ],
            [
              139.5602389,
              35.4789797
            ],
            [
              139.5601949,
              35.4789965
            ],
            [
              139.5601716,
              35.4790032
            ],
            [
              139.5600963,
              35.4790306
            ],
            [
              139.5599213,
              35.4790944
            ],
            [
              139.5591021,
              35.4793989
            ],
            [
              139.5588796,
              35.4794814
            ],
            [
              139.5587865,
              35.4795114
            ],
            [
              139.5586054,
              35.4795565
            ],
            [
              139.5585423,
              35.4795733
            ],
            [
              139.5584491,
              35.4795948
            ],
            [
              139.5582946,
              35.4796241
            ],
            [
              139.5581473,
              35.4796446
            ],
            [
              139.5580931,
              35.4796451
            ],
            [
              139.5580461,
              35.4796467
            ],
            [
              139.5578633,
              35.4796538
            ],
            [
              139.5576351,
              35.4796606
            ],
            [
              139.5574848,
              35.4796623
            ],
            [
              139.5572767,
              35.4796499
            ],
            [
              139.5570348,
              35.4796226
            ],
            [
              139.5568004,
              35.4795824
            ],
            [
              139.5566224,
              35.4795519
            ],
            [
              139.5563066,
              35.4795099
            ],
            [
              139.5562452,
              35.4795029
            ],
            [
              139.5559367,
              35.479468
            ],
            [
              139.5546795,
              35.4793195
            ],
            [
              139.5543158,
              35.4792688
            ],
            [
              139.5541978,
              35.4792546
            ],
            [
              139.5540824,
              35.4792407
            ],
            [
              139.5534,
              35.4791392
            ],
            [
              139.5532674,
              35.4791213
            ],
            [
              139.5530233,
              35.4790848
            ],
            [
              139.5525182,
              35.4790093
            ],
            [
              139.5522263,
              35.4789657
            ],
            [
              139.5522045,
              35.4789624
            ],
            [
              139.5519632,
              35.4789209
            ],
            [
              139.5515409,
              35.4788564
            ],
            [
              139.5514226,
              35.4788355
            ],
            [
              139.5505934,
              35.4787055
            ],
            [
              139.5504934,
              35.47869
            ],
            [
              139.5494913,
              35.4785401
            ],
            [
              139.5491637,
              35.4784893
            ],
            [
              139.5489685,
              35.4784567
            ],
            [
              139.5488177,
              35.4784315
            ],
            [
              139.5487492,
              35.4784184
            ],
            [
              139.5485518,
              35.4783823
            ],
            [
              139.5481764,
              35.4783196
            ],
            [
              139.547999,
              35.4782762
            ],
            [
              139.5477972,
              35.4782135
            ],
            [
              139.5476092,
              35.4781474
            ],
            [
              139.5474228,
              35.4780666
            ],
            [
              139.5473235,
              35.4780159
            ],
            [
              139.5472741,
              35.477965
            ],
            [
              139.5471457,
              35.4778577
            ],
            [
              139.5467395,
              35.4776131
            ],
            [
              139.5466546,
              35.4775619
            ],
            [
              139.5466114,
              35.4775356
            ],
            [
              139.5465719,
              35.4775125
            ],
            [
              139.5463563,
              35.4773862
            ],
            [
              139.5461006,
              35.4772514
            ],
            [
              139.5456174,
              35.476988
            ],
            [
              139.5453164,
              35.4768182
            ],
            [
              139.5451232,
              35.4767321
            ],
            [
              139.544917,
              35.4766477
            ],
            [
              139.544818,
              35.4766134
            ],
            [
              139.5445476,
              35.4765446
            ],
            [
              139.5445102,
              35.4765374
            ],
            [
              139.5444656,
              35.4765326
            ],
            [
              139.5441273,
              35.4764938
            ],
            [
              139.5439379,
              35.4764723
            ],
            [
              139.543757,
              35.4764601
            ],
            [
              139.5435628,
              35.4764592
            ],
            [
              139.54335,
              35.4764687
            ],
            [
              139.543155,
              35.4764963
            ],
            [
              139.5430648,
              35.4765028
            ],
            [
              139.5429553,
              35.4765222
            ],
            [
              139.5429285,
              35.4765268
            ],
            [
              139.5427755,
              35.4765533
            ],
            [
              139.5425626,
              35.4766044
            ],
            [
              139.5425443,
              35.4766099
            ],
            [
              139.5421989,
              35.4767237
            ],
            [
              139.5419508,
              35.4768275
            ],
            [
              139.5419038,
              35.4768489
            ],
            [
              139.541156,
              35.4772408
            ],
            [
              139.5410428,
              35.4773001
            ],
            [
              139.5406777,
              35.4775005
            ],
            [
              139.5403077,
              35.4776966
            ],
            [
              139.5398955,
              35.47791
            ],
            [
              139.5397485,
              35.4779857
            ],
            [
              139.5392013,
              35.4782687
            ],
            [
              139.5385754,
              35.4785951
            ],
            [
              139.5378036,
              35.4790259
            ],
            [
              139.5376738,
              35.4790956
            ],
            [
              139.5373721,
              35.4792508
            ],
            [
              139.5371498,
              35.4793651
            ],
            [
              139.5370999,
              35.4793909
            ],
            [
              139.5368949,
              35.4794991
            ],
            [
              139.5367702,
              35.479565
            ],
            [
              139.5365667,
              35.4796746
            ],
            [
              139.5364369,
              35.4797445
            ],
            [
              139.5362217,
              35.4798474
            ],
            [
              139.5361011,
              35.4799051
            ],
            [
              139.5359272,
              35.4799931
            ],
            [
              139.535472,
              35.4802231
            ],
            [
              139.5350216,
              35.4804611
            ],
            [
              139.5349804,
              35.4804832
            ],
            [
              139.5346973,
              35.4806312
            ],
            [
              139.5345408,
              35.480713
            ],
            [
              139.5342413,
              35.4808692
            ],
            [
              139.5337396,
              35.4811362
            ],
            [
              139.5335454,
              35.4812302
            ],
            [
              139.5335103,
              35.4812471
            ],
            [
              139.5332595,
              35.4813731
            ],
            [
              139.5331917,
              35.4814083
            ],
            [
              139.5331073,
              35.4814521
            ],
            [
              139.5328645,
              35.4815825
            ],
            [
              139.5323622,
              35.4818573
            ],
            [
              139.5323024,
              35.4818874
            ],
            [
              139.5322865,
              35.4818946
            ],
            [
              139.5321195,
              35.4819794
            ],
            [
              139.5320359,
              35.482021
            ],
            [
              139.5319855,
              35.4820457
            ],
            [
              139.5317238,
              35.4821702
            ],
            [
              139.5316725,
              35.4821883
            ],
            [
              139.5314237,
              35.482297
            ],
            [
              139.5310809,
              35.482439
            ],
            [
              139.5310235,
              35.4824617
            ],
            [
              139.5309778,
              35.4824798
            ],
            [
              139.530902,
              35.48251
            ],
            [
              139.530782,
              35.4825622
            ],
            [
              139.5307372,
              35.4825772
            ],
            [
              139.5304967,
              35.4826574
            ],
            [
              139.5302804,
              35.482717
            ],
            [
              139.5302315,
              35.4827305
            ],
            [
              139.5299086,
              35.4828088
            ],
            [
              139.5294767,
              35.4829163
            ],
            [
              139.5294661,
              35.4829189
            ],
            [
              139.5292783,
              35.4829675
            ],
            [
              139.529189,
              35.4829906
            ],
            [
              139.5291184,
              35.4830088
            ],
            [
              139.5290663,
              35.4830214
            ],
            [
              139.5289185,
              35.4830573
            ],
            [
              139.5286687,
              35.483118
            ],
            [
              139.528384,
              35.4831871
            ],
            [
              139.5282632,
              35.4832164
            ],
            [
              139.5279356,
              35.4832956
            ],
            [
              139.5276809,
              35.4833572
            ],
            [
              139.526613,
              35.4836153
            ],
            [
              139.5265797,
              35.4836233
            ],
            [
              139.5264618,
              35.483651
            ],
            [
              139.5263156,
              35.4836853
            ],
            [
              139.52595,
              35.4837787
            ],
            [
              139.5257944,
              35.4838213
            ],
            [
              139.5253768,
              35.4839321
            ],
            [
              139.5248385,
              35.4840794
            ],
            [
              139.5245338,
              35.4841828
            ],
            [
              139.5241587,
              35.484336
            ],
            [
              139.5240792,
              35.484367
            ],
            [
              139.5234691,
              35.4846468
            ],
            [
              139.5230124,
              35.4848991
            ],
            [
              139.5227672,
              35.4850658
            ],
            [
              139.5226628,
              35.4851332
            ],
            [
              139.5222273,
              35.4854218
            ],
            [
              139.5213918,
              35.4860366
            ],
            [
              139.5213218,
              35.4860881
            ],
            [
              139.5211161,
              35.4862422
            ],
            [
              139.520921,
              35.4863694
            ],
            [
              139.5204733,
              35.4866977
            ],
            [
              139.5200966,
              35.4869602
            ],
            [
              139.5199908,
              35.4870339
            ],
            [
              139.519959,
              35.4870572
            ],
            [
              139.5198036,
              35.4871712
            ],
            [
              139.519524,
              35.4873655
            ],
            [
              139.5194779,
              35.4873975
            ],
            [
              139.5189839,
              35.4877502
            ],
            [
              139.5182431,
              35.4882681
            ],
            [
              139.5167146,
              35.4893624
            ],
            [
              139.5160924,
              35.4897806
            ],
            [
              139.5156419,
              35.4900565
            ],
            [
              139.515116,
              35.4904032
            ],
            [
              139.5150764,
              35.4904255
            ],
            [
              139.5150215,
              35.4904564
            ],
            [
              139.5142624,
              35.4909472
            ],
            [
              139.5136929,
              35.4912866
            ],
            [
              139.5136462,
              35.4913144
            ],
            [
              139.5135656,
              35.491366
            ],
            [
              139.5125194,
              35.4920353
            ],
            [
              139.5119918,
              35.4923539
            ],
            [
              139.5119481,
              35.4923805
            ],
            [
              139.511599,
              35.4925929
            ],
            [
              139.5115029,
              35.4926503
            ],
            [
              139.5111651,
              35.4928385
            ],
            [
              139.5105769,
              35.4931011
            ],
            [
              139.5099393,
              35.4933644
            ],
            [
              139.509862,
              35.4933971
            ],
            [
              139.5097476,
              35.4934428
            ],
            [
              139.5095271,
              35.4935272
            ],
            [
              139.5091742,
              35.4936595
            ],
            [
              139.5091341,
              35.4936732
            ],
            [
              139.5089441,
              35.4937383
            ],
            [
              139.5088434,
              35.4937698
            ],
            [
              139.5086984,
              35.4938152
            ],
            [
              139.5075777,
              35.494216
            ],
            [
              139.5074543,
              35.4942613
            ],
            [
              139.5072733,
              35.4943177
            ],
            [
              139.5071246,
              35.4943641
            ],
            [
              139.5065698,
              35.4945557
            ],
            [
              139.5058729,
              35.494817
            ],
            [
              139.5058295,
              35.4948333
            ],
            [
              139.5054891,
              35.4949609
            ],
            [
              139.5050352,
              35.4951316
            ],
            [
              139.5049148,
              35.4951768
            ],
            [
              139.5048065,
              35.4952172
            ],
            [
              139.5044038,
              35.4953672
            ],
            [
              139.5043598,
              35.4953819
            ],
            [
              139.5032646,
              35.4957625
            ],
            [
              139.5028539,
              35.4959029
            ],
            [
              139.5019271,
              35.4962198
            ],
            [
              139.5016439,
              35.4963199
            ],
            [
              139.5012284,
              35.4964556
            ],
            [
              139.501134,
              35.4964865
            ],
            [
              139.5007109,
              35.4965901
            ],
            [
              139.5000867,
              35.4967234
            ],
            [
              139.4997079,
              35.4967947
            ],
            [
              139.4995865,
              35.4968169
            ],
            [
              139.4992375,
              35.4968631
            ],
            [
              139.4976882,
              35.4970336
            ],
            [
              139.4964583,
              35.4971808
            ],
            [
              139.4962306,
              35.497208
            ],
            [
              139.496084,
              35.4972229
            ],
            [
              139.4952576,
              35.497307
            ],
            [
              139.4950285,
              35.4973053
            ],
            [
              139.4942473,
              35.497394
            ],
            [
              139.4941794,
              35.4974237
            ],
            [
              139.493984,
              35.497448
            ],
            [
              139.4937463,
              35.4974764
            ],
            [
              139.4937002,
              35.4975072
            ],
            [
              139.4936641,
              35.497538
            ],
            [
              139.4936321,
              35.4975729
            ],
            [
              139.493597,
              35.4976236
            ],
            [
              139.4934031,
              35.4978781
            ],
            [
              139.4930985,
              35.4982884
            ],
            [
              139.4929347,
              35.4984892
            ],
            [
              139.4926682,
              35.4988584
            ],
            [
              139.4923215,
              35.4993574
            ],
            [
              139.4918124,
              35.5000311
            ],
            [
              139.4915793,
              35.5003452
            ],
            [
              139.4911031,
              35.5009523
            ],
            [
              139.4911018,
              35.500954
            ],
            [
              139.4907788,
              35.5013404
            ],
            [
              139.4906012,
              35.5015417
            ],
            [
              139.4902842,
              35.5018361
            ],
            [
              139.4900534,
              35.5020149
            ],
            [
              139.4897602,
              35.5022154
            ],
            [
              139.4894766,
              35.5023812
            ],
            [
              139.4890657,
              35.5025732
            ],
            [
              139.4885116,
              35.5028027
            ],
            [
              139.4884207,
              35.5028404
            ],
            [
              139.4875057,
              35.5032124
            ],
            [
              139.4872023,
              35.5033353
            ],
            [
              139.486803,
              35.5034969
            ],
            [
              139.4857326,
              35.5039303
            ],
            [
              139.4837429,
              35.5047294
            ],
            [
              139.4828297,
              35.5051183
            ],
            [
              139.4822443,
              35.5053735
            ],
            [
              139.4817429,
              35.505594
            ],
            [
              139.4811432,
              35.5058635
            ],
            [
              139.480789,
              35.5060253
            ],
            [
              139.4801998,
              35.5063003
            ],
            [
              139.4797248,
              35.5065484
            ],
            [
              139.4791075,
              35.5068982
            ],
            [
              139.4787253,
              35.5071454
            ],
            [
              139.477654,
              35.5078695
            ],
            [
              139.4775762,
              35.5079201
            ],
            [
              139.4773503,
              35.5080673
            ],
            [
              139.4764254,
              35.5086739
            ],
            [
              139.4762752,
              35.508774
            ],
            [
              139.4761617,
              35.5088495
            ],
            [
              139.4757416,
              35.5091294
            ],
            [
              139.4756151,
              35.5092136
            ],
            [
              139.4753896,
              35.5093651
            ],
            [
              139.4752427,
              35.5094638
            ],
            [
              139.474052,
              35.5102636
            ],
            [
              139.4733681,
              35.510723
            ],
            [
              139.4723978,
              35.5113761
            ],
            [
              139.4716223,
              35.5118745
            ],
            [
              139.4712898,
              35.5120774
            ],
            [
              139.4709488,
              35.5122724
            ],
            [
              139.4706191,
              35.5124523
            ],
            [
              139.4704407,
              35.5125473
            ],
            [
              139.4703155,
              35.5126084
            ],
            [
              139.4700569,
              35.5127266
            ],
            [
              139.4697711,
              35.5128488
            ],
            [
              139.469521,
              35.5129423
            ],
            [
              139.4692293,
              35.5130379
            ],
            [
              139.4689281,
              35.5131166
            ],
            [
              139.4686246,
              35.5131801
            ],
            [
              139.4683184,
              35.5132324
            ],
            [
              139.4680817,
              35.5132667
            ],
            [
              139.4678335,
              35.5132967
            ],
            [
              139.4675337,
              35.5133222
            ],
            [
              139.4671683,
              35.5133504
            ],
            [
              139.4671289,
              35.5133547
            ],
            [
              139.4664637,
              35.5134786
            ],
            [
              139.4654378,
              35.513555
            ],
            [
              139.465306,
              35.5135676
            ],
            [
              139.4642433,
              35.5136733
            ],
            [
              139.4638294,
              35.5137159
            ],
            [
              139.4613614,
              35.5139426
            ],
            [
              139.4611145,
              35.5139624
            ],
            [
              139.4605879,
              35.5140089
            ],
            [
              139.4599289,
              35.5140692
            ],
            [
              139.459405,
              35.5141373
            ],
            [
              139.4591269,
              35.5141836
            ],
            [
              139.458861,
              35.5142355
            ],
            [
              139.4585235,
              35.5143182
            ],
            [
              139.4582042,
              35.5144142
            ],
            [
              139.4579109,
              35.5145241
            ],
            [
              139.4576216,
              35.5146508
            ],
            [
              139.4572608,
              35.5148438
            ],
            [
              139.4569985,
              35.5150095
            ],
            [
              139.4566868,
              35.5152501
            ],
            [
              139.4563198,
              35.515581
            ],
            [
              139.4559167,
              35.5159791
            ],
            [
              139.4554861,
              35.5164628
            ],
            [
              139.4545209,
              35.5176066
            ],
            [
              139.4535852,
              35.5187534
            ],
            [
              139.453061,
              35.5194326
            ],
            [
              139.4512416,
              35.5217034
            ],
            [
              139.4504072,
              35.5227613
            ],
            [
              139.4500131,
              35.5232575
            ],
            [
              139.449715,
              35.5236327
            ],
            [
              139.4493644,
              35.5240742
            ],
            [
              139.4491212,
              35.5243803
            ],
            [
              139.4486111,
              35.5250224
            ],
            [
              139.4480888,
              35.525661
            ],
            [
              139.4477297,
              35.5260656
            ],
            [
              139.4473469,
              35.5264797
            ],
            [
              139.4470103,
              35.526833
            ],
            [
              139.4465932,
              35.5272478
            ],
            [
              139.4462817,
              35.5275451
            ],
            [
              139.4459705,
              35.5278154
            ],
            [
              139.4458029,
              35.527966
            ],
            [
              139.4455836,
              35.5281539
            ],
            [
              139.4446879,
              35.5289149
            ],
            [
              139.4439677,
              35.5295235
            ],
            [
              139.4429245,
              35.530405
            ],
            [
              139.4428662,
              35.5304543
            ],
            [
              139.441723,
              35.5314203
            ],
            [
              139.4413516,
              35.5317281
            ],
            [
              139.4404745,
              35.532455
            ],
            [
              139.4399866,
              35.5328593
            ],
            [
              139.4383312,
              35.5342301
            ],
            [
              139.4375098,
              35.5349168
            ],
            [
              139.4369155,
              35.5354203
            ],
            [
              139.4367039,
              35.5356119
            ],
            [
              139.4365175,
              35.5357846
            ],
            [
              139.4362087,
              35.5360767
            ],
            [
              139.4359127,
              35.5363712
            ],
            [
              139.4357398,
              35.5365509
            ],
            [
              139.4356339,
              35.5366591
            ],
            [
              139.4351997,
              35.537141
            ],
            [
              139.4347251,
              35.537655
            ],
            [
              139.434416,
              35.5379835
            ],
            [
              139.4343488,
              35.5380549
            ],
            [
              139.434298,
              35.5381102
            ],
            [
              139.4336869,
              35.538775
            ],
            [
              139.433099,
              35.5394114
            ],
            [
              139.4330143,
              35.5395031
            ],
            [
              139.4329645,
              35.5395568
            ],
            [
              139.4324945,
              35.54006
            ],
            [
              139.4315638,
              35.5410307
            ],
            [
              139.4314823,
              35.5411157
            ],
            [
              139.4314172,
              35.5411814
            ],
            [
              139.4307007,
              35.5419079
            ],
            [
              139.4301701,
              35.5424073
            ],
            [
              139.4301095,
              35.5424639
            ],
            [
              139.4300288,
              35.5425403
            ],
            [
              139.4299392,
              35.5426235
            ],
            [
              139.4294023,
              35.5431228
            ],
            [
              139.4287463,
              35.5437093
            ],
            [
              139.4284311,
              35.5439842
            ],
            [
              139.4279987,
              35.5443497
            ],
            [
              139.427779,
              35.5445367
            ],
            [
              139.4275496,
              35.5447243
            ],
            [
              139.4270889,
              35.5451068
            ],
            [
              139.4266738,
              35.5454524
            ],
            [
              139.4265811,
              35.5455278
            ],
            [
              139.4264857,
              35.5456098
            ],
            [
              139.4263746,
              35.5457026
            ],
            [
              139.4262528,
              35.5458018
            ],
            [
              139.4260112,
              35.5460003
            ],
            [
              139.4255367,
              35.5463973
            ],
            [
              139.4246859,
              35.5471001
            ],
            [
              139.4245893,
              35.5471798
            ],
            [
              139.4245341,
              35.5472259
            ],
            [
              139.4241967,
              35.5475078
            ],
            [
              139.4240089,
              35.5476615
            ],
            [
              139.4239132,
              35.5477383
            ],
            [
              139.4238149,
              35.5478151
            ],
            [
              139.42375,
              35.5478642
            ],
            [
              139.4226679,
              35.548718
            ],
            [
              139.4225882,
              35.5487809
            ],
            [
              139.4224949,
              35.5488512
            ],
            [
              139.4224438,
              35.5488897
            ],
            [
              139.422227,
              35.5490531
            ],
            [
              139.4216223,
              35.5495095
            ],
            [
              139.420675,
              35.5501973
            ],
            [
              139.4199083,
              35.55072
            ],
            [
              139.4198649,
              35.5507495
            ],
            [
              139.4197631,
              35.550819
            ],
            [
              139.4196702,
              35.5508814
            ],
            [
              139.4194347,
              35.5510397
            ],
            [
              139.4189295,
              35.551366
            ],
            [
              139.4186754,
              35.5515262
            ],
            [
              139.4177802,
              35.5520919
            ],
            [
              139.4172748,
              35.5523968
            ],
            [
              139.4168041,
              35.5526651
            ],
            [
              139.416204,
              35.5530088
            ],
            [
              139.4156325,
              35.5533257
            ],
            [
              139.4146248,
              35.5538698
            ],
            [
              139.414505,
              35.5539345
            ],
            [
              139.4144256,
              35.5539754
            ],
            [
              139.4134322,
              35.5544869
            ],
            [
              139.4133146,
              35.5545475
            ],
            [
              139.4132517,
              35.5545775
            ],
            [
              139.4122457,
              35.5550568
            ],
            [
              139.4121027,
              35.5551249
            ],
            [
              139.4119052,
              35.5552164
            ],
            [
              139.4102001,
              35.5560062
            ],
            [
              139.4090768,
              35.556532
            ],
            [
              139.4089768,
              35.5565788
            ],
            [
              139.4088278,
              35.5566492
            ],
            [
              139.4074342,
              35.5573068
            ],
            [
              139.4065232,
              35.5577339
            ],
            [
              139.4049764,
              35.5584559
            ],
            [
              139.4049269,
              35.5584793
            ],
            [
              139.4048562,
              35.5585127
            ],
            [
              139.4036033,
              35.5591048
            ],
            [
              139.4031423,
              35.559313
            ],
            [
              139.403051,
              35.5593542
            ],
            [
              139.4026672,
              35.55953
            ],
            [
              139.4017273,
              35.5599753
            ],
            [
              139.4006408,
              35.5604908
            ],
            [
              139.4005913,
              35.5605143
            ],
            [
              139.4005471,
              35.5605345
            ],
            [
              139.3995981,
              35.5609673
            ],
            [
              139.3994696,
              35.5610267
            ],
            [
              139.397954,
              35.5617379
            ],
            [
              139.3978717,
              35.5617767
            ],
            [
              139.3964665,
              35.5624252
            ],
            [
              139.3951382,
              35.5630498
            ],
            [
              139.3939934,
              35.5635725
            ],
            [
              139.3939232,
              35.5636045
            ],
            [
              139.3938588,
              35.5636352
            ],
            [
              139.3930825,
              35.5640055
            ],
            [
              139.3925492,
              35.5642536
            ],
            [
              139.3924896,
              35.5642813
            ],
            [
              139.3923535,
              35.5643443
            ],
            [
              139.3908998,
              35.5650173
            ],
            [
              139.3908367,
              35.5650462
            ],
            [
              139.3907653,
              35.5650796
            ],
            [
              139.3900828,
              35.5653943
            ],
            [
              139.3897193,
              35.5655625
            ],
            [
              139.3896541,
              35.5655937
            ],
            [
              139.3895873,
              35.5656246
            ],
            [
              139.389436,
              35.5656968
            ],
            [
              139.389145,
              35.565833
            ],
            [
              139.3886629,
              35.5660634
            ],
            [
              139.3877209,
              35.5665031
            ],
            [
              139.3874956,
              35.5665989
            ],
            [
              139.3873111,
              35.56668
            ],
            [
              139.3869652,
              35.5668395
            ],
            [
              139.3867752,
              35.5669271
            ],
            [
              139.3866177,
              35.5669996
            ],
            [
              139.38658,
              35.567017
            ],
            [
              139.3864186,
              35.5670901
            ],
            [
              139.3860156,
              35.5672762
            ],
            [
              139.3847905,
              35.5678528
            ],
            [
              139.3837212,
              35.5683511
            ],
            [
              139.3834553,
              35.5684761
            ],
            [
              139.3831973,
              35.5685977
            ],
            [
              139.3826233,
              35.5688678
            ],
            [
              139.3821768,
              35.5690794
            ],
            [
              139.3820745,
              35.5691266
            ],
            [
              139.3817174,
              35.5692912
            ],
            [
              139.3810256,
              35.5696093
            ],
            [
              139.3803349,
              35.5699314
            ],
            [
              139.3796017,
              35.5702742
            ],
            [
              139.3793165,
              35.5704159
            ],
            [
              139.378954,
              35.5705857
            ],
            [
              139.3785207,
              35.5707864
            ],
            [
              139.3784585,
              35.5708156
            ],
            [
              139.3784354,
              35.5708264
            ],
            [
              139.3780571,
              35.5710036
            ],
            [
              139.3776854,
              35.5711795
            ],
            [
              139.3770902,
              35.5714456
            ],
            [
              139.3761106,
              35.5719046
            ],
            [
              139.3757231,
              35.5720837
            ],
            [
              139.3752796,
              35.5722927
            ],
            [
              139.3752533,
              35.5723051
            ],
            [
              139.3751151,
              35.5723702
            ],
            [
              139.3749529,
              35.5724458
            ],
            [
              139.3747043,
              35.5725625
            ],
            [
              139.3734984,
              35.5731267
            ],
            [
              139.3725371,
              35.5735752
            ],
            [
              139.3718319,
              35.5739112
            ],
            [
              139.3716792,
              35.573976
            ],
            [
              139.3713492,
              35.5741282
            ],
            [
              139.3712973,
              35.574153
            ],
            [
              139.3711746,
              35.5742117
            ],
            [
              139.3710396,
              35.5742757
            ],
            [
              139.3706803,
              35.5744462
            ],
            [
              139.3694916,
              35.5750001
            ],
            [
              139.3682961,
              35.5755599
            ],
            [
              139.3680983,
              35.5756525
            ],
            [
              139.367865,
              35.5757617
            ],
            [
              139.3674174,
              35.5759714
            ],
            [
              139.3672672,
              35.5760417
            ],
            [
              139.3671182,
              35.5761116
            ],
            [
              139.3670899,
              35.5761249
            ],
            [
              139.3667388,
              35.5762896
            ],
            [
              139.3655731,
              35.5768364
            ],
            [
              139.3653971,
              35.576919
            ],
            [
              139.3650711,
              35.5770719
            ],
            [
              139.3645189,
              35.5773309
            ],
            [
              139.3644149,
              35.5773796
            ],
            [
              139.3643185,
              35.5774248
            ],
            [
              139.3639891,
              35.5775793
            ],
            [
              139.363856,
              35.5776475
            ],
            [
              139.3635887,
              35.577789
            ],
            [
              139.3634627,
              35.5778556
            ],
            [
              139.3634182,
              35.5778772
            ],
            [
              139.3633269,
              35.5779216
            ],
            [
              139.3629265,
              35.5781269
            ],
            [
              139.3629107,
              35.5781346
            ],
            [
              139.3624721,
              35.5783488
            ],
            [
              139.3621826,
              35.5785123
            ],
            [
              139.3615068,
              35.578894
            ],
            [
              139.3613028,
              35.5790092
            ],
            [
              139.3604522,
              35.5795047
            ],
            [
              139.3600741,
              35.579725
            ],
            [
              139.3594874,
              35.5800678
            ],
            [
              139.3594132,
              35.5801112
            ],
            [
              139.3593563,
              35.5801442
            ],
            [
              139.3580856,
              35.5808804
            ],
            [
              139.3568135,
              35.5816174
            ],
            [
              139.3567334,
              35.5816638
            ],
            [
              139.356656,
              35.5817087
            ],
            [
              139.3560483,
              35.582061
            ],
            [
              139.3557095,
              35.5822574
            ],
            [
              139.3552525,
              35.5825171
            ],
            [
              139.3551037,
              35.5826023
            ],
            [
              139.3549837,
              35.5826617
            ],
            [
              139.3549,
              35.582703
            ],
            [
              139.3545899,
              35.5828526
            ],
            [
              139.3543586,
              35.5829622
            ],
            [
              139.354202,
              35.5830315
            ],
            [
              139.3539626,
              35.5831319
            ],
            [
              139.353598,
              35.5832672
            ],
            [
              139.3534549,
              35.5833182
            ],
            [
              139.353301,
              35.5833715
            ],
            [
              139.3531572,
              35.5834176
            ],
            [
              139.353,
              35.5834671
            ],
            [
              139.3527022,
              35.5835574
            ],
            [
              139.352631,
              35.5835793
            ],
            [
              139.3508173,
              35.5841288
            ],
            [
              139.3501145,
              35.5843422
            ],
            [
              139.3498674,
              35.5844176
            ],
            [
              139.3495094,
              35.5845117
            ],
            [
              139.3493037,
              35.5845632
            ],
            [
              139.349025,
              35.5846469
            ],
            [
              139.3488015,
              35.5847133
            ],
            [
              139.3486481,
              35.58476
            ],
            [
              139.3482327,
              35.5848843
            ],
            [
              139.3480793,
              35.5849289
            ],
            [
              139.347773,
              35.5850314
            ],
            [
              139.3476227,
              35.5850819
            ],
            [
              139.3474661,
              35.5851325
            ],
            [
              139.347111,
              35.5852355
            ],
            [
              139.3458741,
              35.5856007
            ],
            [
              139.3454307,
              35.5857304
            ],
            [
              139.3452684,
              35.5857821
            ],
            [
              139.3451234,
              35.5858345
            ],
            [
              139.3449827,
              35.5858964
            ],
            [
              139.3448423,
              35.5859726
            ],
            [
              139.3447011,
              35.5860579
            ],
            [
              139.3445884,
              35.5861401
            ],
            [
              139.3444762,
              35.5862367
            ],
            [
              139.3443669,
              35.5863483
            ],
            [
              139.3442784,
              35.5864535
            ],
            [
              139.34419,
              35.5865679
            ],
            [
              139.3440733,
              35.5867381
            ],
            [
              139.3439007,
              35.5870127
            ],
            [
              139.343558,
              35.5875635
            ],
            [
              139.3432446,
              35.5880612
            ],
            [
              139.3431598,
              35.588193
            ],
            [
              139.3430719,
              35.5883247
            ],
            [
              139.3428699,
              35.5885915
            ],
            [
              139.3427552,
              35.5887707
            ],
            [
              139.3427193,
              35.5888275
            ],
            [
              139.3425831,
              35.5890331
            ],
            [
              139.3423168,
              35.5894459
            ],
            [
              139.3421479,
              35.5897129
            ],
            [
              139.3418519,
              35.5902145
            ],
            [
              139.3416899,
              35.5904604
            ],
            [
              139.3414938,
              35.5907657
            ],
            [
              139.3413332,
              35.5910263
            ],
            [
              139.3411887,
              35.5912657
            ],
            [
              139.3410606,
              35.5914892
            ],
            [
              139.340894,
              35.5918002
            ],
            [
              139.3408686,
              35.5918546
            ],
            [
              139.3408309,
              35.5919313
            ],
            [
              139.3407608,
              35.5920722
            ],
            [
              139.3405451,
              35.5925117
            ],
            [
              139.3405411,
              35.59252
            ],
            [
              139.3403209,
              35.5929734
            ],
            [
              139.3402531,
              35.5931132
            ],
            [
              139.3400926,
              35.5934414
            ],
            [
              139.3400153,
              35.5936003
            ],
            [
              139.339838,
              35.5939707
            ],
            [
              139.3398083,
              35.5940297
            ],
            [
              139.3397796,
              35.5940861
            ],
            [
              139.3395151,
              35.5946055
            ],
            [
              139.3391936,
              35.5952369
            ],
            [
              139.3391454,
              35.5953316
            ],
            [
              139.3390545,
              35.5955089
            ],
            [
              139.3390029,
              35.5956152
            ],
            [
              139.3389031,
              35.5958565
            ],
            [
              139.3387992,
              35.5961478
            ],
            [
              139.3387247,
              35.5963783
            ],
            [
              139.3386903,
              35.5964987
            ],
            [
              139.338665,
              35.5965897
            ],
            [
              139.3386458,
              35.596672
            ],
            [
              139.338617,
              35.5967897
            ],
            [
              139.3385961,
              35.5969137
            ],
            [
              139.3385749,
              35.5970652
            ],
            [
              139.3385645,
              35.5971652
            ],
            [
              139.3385584,
              35.5972724
            ],
            [
              139.3385509,
              35.5973797
            ],
            [
              139.3385471,
              35.5974871
            ],
            [
              139.3385466,
              35.5975807
            ],
            [
              139.3385522,
              35.5976983
            ],
            [
              139.3385632,
              35.5978316
            ],
            [
              139.3385779,
              35.5979715
            ],
            [
              139.3386079,
              35.5981726
            ],
            [
              139.3386587,
              35.5985164
            ],
            [
              139.3388085,
              35.5994606
            ],
            [
              139.3388212,
              35.5996018
            ],
            [
              139.3388871,
              35.6000161
            ],
            [
              139.3389267,
              35.6002255
            ],
            [
              139.3390511,
              35.60026
            ],
            [
              139.339092,
              35.6002831
            ],
            [
              139.3391184,
              35.6003
            ],
            [
              139.3391796,
              35.6003265
            ],
            [
              139.3395139,
              35.6004576
            ],
            [
              139.3395862,
              35.6004847
            ],
            [
              139.3396809,
              35.600525
            ],
            [
              139.3398122,
              35.600587
            ],
            [
              139.3399101,
              35.6006498
            ],
            [
              139.3401747,
              35.6008229
            ],
            [
              139.3402442,
              35.6008816
            ],
            [
              139.3402933,
              35.6009375
            ],
            [
              139.3403273,
              35.6009884
            ],
            [
              139.3403592,
              35.6010432
            ],
            [
              139.3404792,
              35.6013595
            ],
            [
              139.3406334,
              35.6017711
            ],
            [
              139.3408006,
              35.6022102
            ],
            [
              139.340811,
              35.6022381
            ],
            [
              139.3410053,
              35.602753
            ],
            [
              139.3410972,
              35.6029915
            ],
            [
              139.3411066,
              35.6030196
            ],
            [
              139.3411928,
              35.6032454
            ],
            [
              139.341222,
              35.6033223
            ],
            [
              139.3413739,
              35.6037224
            ],
            [
              139.3415488,
              35.6041803
            ],
            [
              139.3415696,
              35.6042225
            ],
            [
              139.3415934,
              35.6042635
            ],
            [
              139.3416285,
              35.6043183
            ],
            [
              139.3416725,
              35.6043784
            ],
            [
              139.341681,
              35.6043901
            ],
            [
              139.3417681,
              35.6045034
            ],
            [
              139.3418199,
              35.6045624
            ],
            [
              139.3418998,
              35.6046494
            ],
            [
              139.3420805,
              35.6048709
            ],
            [
              139.3422226,
              35.6050277
            ],
            [
              139.3422319,
              35.6050365
            ],
            [
              139.3423492,
              35.6051475
            ],
            [
              139.3424608,
              35.6052313
            ],
            [
              139.342577,
              35.6053188
            ],
            [
              139.3426762,
              35.6053825
            ],
            [
              139.3429532,
              35.605545
            ],
            [
              139.3431991,
              35.6056977
            ],
            [
              139.3434332,
              35.6058531
            ],
            [
              139.3435413,
              35.6059441
            ],
            [
              139.3435926,
              35.6060195
            ],
            [
              139.3436488,
              35.6061143
            ],
            [
              139.3438166,
              35.6063701
            ],
            [
              139.3439854,
              35.6066245
            ],
            [
              139.3440733,
              35.6067533
            ],
            [
              139.3441557,
              35.6068738
            ],
            [
              139.3443597,
              35.6071804
            ],
            [
              139.3444715,
              35.607345
            ],
            [
              139.3445651,
              35.6074865
            ],
            [
              139.3446227,
              35.6075796
            ],
            [
              139.3446662,
              35.6076561
            ],
            [
              139.3447447,
              35.6078142
            ],
            [
              139.3448064,
              35.6079575
            ],
            [
              139.3448479,
              35.6080693
            ],
            [
              139.3448825,
              35.6081868
            ],
            [
              139.3449035,
              35.6082602
            ],
            [
              139.3449174,
              35.6083336
            ],
            [
              139.3449365,
              35.6084261
            ],
            [
              139.3449389,
              35.6084439
            ],
            [
              139.3449496,
              35.6085216
            ],
            [
              139.3449579,
              35.6086079
            ],
            [
              139.3449602,
              35.6086951
            ],
            [
              139.3449618,
              35.6088236
            ],
            [
              139.3449548,
              35.6089323
            ],
            [
              139.3449419,
              35.6090429
            ],
            [
              139.34493,
              35.6091323
            ],
            [
              139.3449133,
              35.6092245
            ],
            [
              139.3448794,
              35.6093802
            ],
            [
              139.3448642,
              35.6094498
            ],
            [
              139.3448343,
              35.6095481
            ],
            [
              139.3447974,
              35.6096502
            ],
            [
              139.3446855,
              35.6098876
            ],
            [
              139.3446303,
              35.6100045
            ],
            [
              139.3445896,
              35.6100855
            ],
            [
              139.3444487,
              35.610379
            ],
            [
              139.3441912,
              35.6108288
            ],
            [
              139.3440065,
              35.611184
            ],
            [
              139.3438921,
              35.6114171
            ],
            [
              139.343665,
              35.6118796
            ],
            [
              139.3436108,
              35.6119882
            ],
            [
              139.3435664,
              35.6120771
            ],
            [
              139.3434013,
              35.6123913
            ],
            [
              139.3432393,
              35.6127004
            ],
            [
              139.3430818,
              35.6130181
            ],
            [
              139.3430102,
              35.613177
            ],
            [
              139.3429657,
              35.6132778
            ],
            [
              139.3429097,
              35.6133851
            ],
            [
              139.3428134,
              35.6135392
            ],
            [
              139.3427822,
              35.6135898
            ],
            [
              139.3427503,
              35.6136389
            ],
            [
              139.3427065,
              35.6137063
            ],
            [
              139.3426188,
              35.613829
            ],
            [
              139.3425466,
              35.6139223
            ],
            [
              139.342417,
              35.6141115
            ],
            [
              139.3423952,
              35.6141425
            ],
            [
              139.3422746,
              35.6143222
            ],
            [
              139.3421002,
              35.614582
            ],
            [
              139.341966,
              35.6147798
            ],
            [
              139.3416838,
              35.6151975
            ],
            [
              139.3415211,
              35.6154281
            ],
            [
              139.3413708,
              35.6156604
            ],
            [
              139.3413099,
              35.6157632
            ],
            [
              139.3412589,
              35.61586
            ],
            [
              139.3411819,
              35.6160329
            ],
            [
              139.3411271,
              35.6161597
            ],
            [
              139.3410655,
              35.6163686
            ],
            [
              139.3410301,
              35.6165306
            ],
            [
              139.3409687,
              35.6169711
            ],
            [
              139.3409675,
              35.6169829
            ],
            [
              139.3408827,
              35.6178268
            ],
            [
              139.3408634,
              35.618085
            ],
            [
              139.3408569,
              35.6181941
            ],
            [
              139.3408575,
              35.6183394
            ],
            [
              139.3408629,
              35.6184829
            ],
            [
              139.3409543,
              35.6198254
            ],
            [
              139.3409607,
              35.6199119
            ],
            [
              139.3409903,
              35.6203609
            ],
            [
              139.3410334,
              35.6207631
            ],
            [
              139.3410694,
              35.621184
            ],
            [
              139.3410713,
              35.6212606
            ],
            [
              139.3410704,
              35.6213603
            ],
            [
              139.3410534,
              35.6215505
            ],
            [
              139.3410176,
              35.6217599
            ],
            [
              139.3409649,
              35.6219299
            ],
            [
              139.3408788,
              35.6221365
            ],
            [
              139.3407968,
              35.6222926
            ],
            [
              139.3406519,
              35.622503
            ],
            [
              139.3404864,
              35.6226988
            ],
            [
              139.3394213,
              35.6239388
            ],
            [
              139.3392544,
              35.6241232
            ],
            [
              139.3391733,
              35.6242159
            ],
            [
              139.3390888,
              35.6243117
            ],
            [
              139.3387188,
              35.6247583
            ],
            [
              139.3384759,
              35.6250489
            ],
            [
              139.3371591,
              35.6265945
            ],
            [
              139.3370996,
              35.6266734
            ],
            [
              139.3370392,
              35.6267693
            ],
            [
              139.3369682,
              35.6268961
            ],
            [
              139.3369139,
              35.627035
            ],
            [
              139.3368718,
              35.6271677
            ],
            [
              139.3368483,
              35.6273057
            ],
            [
              139.3368372,
              35.6274252
            ],
            [
              139.3368347,
              35.6275485
            ],
            [
              139.3368358,
              35.6276457
            ],
            [
              139.3368477,
              35.6277428
            ],
            [
              139.3368697,
              35.6278513
            ],
            [
              139.3368968,
              35.6279577
            ],
            [
              139.336926,
              35.6280433
            ],
            [
              139.3369613,
              35.6281377
            ],
            [
              139.3378051,
              35.6301529
            ],
            [
              139.3380686,
              35.6307594
            ],
            [
              139.3381331,
              35.6309091
            ],
            [
              139.3381891,
              35.6310523
            ],
            [
              139.3383849,
              35.6315349
            ],
            [
              139.338562,
              35.6319374
            ],
            [
              139.3386419,
              35.6321776
            ],
            [
              139.3386692,
              35.6323007
            ],
            [
              139.3387029,
              35.6324673
            ],
            [
              139.3387174,
              35.6326651
            ],
            [
              139.3387137,
              35.6329053
            ],
            [
              139.3386996,
              35.6330344
            ],
            [
              139.3386823,
              35.6333738
            ],
            [
              139.3386543,
              35.6337295
            ],
            [
              139.3386475,
              35.6339318
            ],
            [
              139.338648,
              35.6340675
            ],
            [
              139.33866,
              35.6342171
            ],
            [
              139.3386823,
              35.6343724
            ],
            [
              139.3386928,
              35.6344566
            ],
            [
              139.3387418,
              35.6346492
            ],
            [
              139.3387716,
              35.6347639
            ],
            [
              139.3388907,
              35.6351065
            ],
            [
              139.3391114,
              35.6357483
            ],
            [
              139.3391312,
              35.6358095
            ],
            [
              139.3391509,
              35.6358835
            ],
            [
              139.3391698,
              35.6359545
            ],
            [
              139.3392452,
              35.636229
            ],
            [
              139.3392845,
              35.6363932
            ],
            [
              139.3393023,
              35.6364844
            ],
            [
              139.3393392,
              35.6367042
            ],
            [
              139.3393594,
              35.636887
            ],
            [
              139.3393876,
              35.6372509
            ],
            [
              139.339415,
              35.6376148
            ],
            [
              139.3394209,
              35.6376687
            ],
            [
              139.3394325,
              35.6378055
            ],
            [
              139.3394465,
              35.6379982
            ],
            [
              139.3394658,
              35.6382061
            ],
            [
              139.3394754,
              35.6383451
            ],
            [
              139.3394867,
              35.6384439
            ],
            [
              139.3395044,
              35.6385983
            ],
            [
              139.3395288,
              35.6388824
            ],
            [
              139.3395663,
              35.6393714
            ],
            [
              139.3395774,
              35.6395587
            ],
            [
              139.3395701,
              35.6397446
            ],
            [
              139.3395357,
              35.6399787
            ],
            [
              139.3394838,
              35.6401997
            ],
            [
              139.3394604,
              35.6402993
            ],
            [
              139.3394333,
              35.640398
            ],
            [
              139.3393434,
              35.6407563
            ],
            [
              139.3392881,
              35.6409788
            ],
            [
              139.3392313,
              35.6412044
            ],
            [
              139.3391431,
              35.641551
            ],
            [
              139.3391345,
              35.6415819
            ],
            [
              139.339092,
              35.6417476
            ],
            [
              139.3390861,
              35.6417736
            ],
            [
              139.3389752,
              35.6422161
            ],
            [
              139.3389403,
              35.642363
            ],
            [
              139.3388538,
              35.6427528
            ],
            [
              139.3388136,
              35.6428976
            ],
            [
              139.3387801,
              35.6430067
            ],
            [
              139.3387014,
              35.6432234
            ],
            [
              139.3386538,
              35.6433302
            ],
            [
              139.3385992,
              35.6434369
            ],
            [
              139.3384676,
              35.6436602
            ],
            [
              139.3383632,
              35.6438092
            ],
            [
              139.3380324,
              35.6442158
            ],
            [
              139.3378691,
              35.6444118
            ],
            [
              139.3376352,
              35.6446831
            ],
            [
              139.3375608,
              35.6447742
            ],
            [
              139.3374293,
              35.6449524
            ],
            [
              139.3373621,
              35.6450576
            ],
            [
              139.3372972,
              35.645167
            ],
            [
              139.3372439,
              35.6452793
            ],
            [
              139.3371444,
              35.6455545
            ],
            [
              139.3371103,
              35.6456834
            ],
            [
              139.3369934,
              35.6463351
            ],
            [
              139.3369394,
              35.6465095
            ],
            [
              139.3369235,
              35.6465415
            ],
            [
              139.3368759,
              35.6466556
            ],
            [
              139.336751,
              35.646892
            ],
            [
              139.33668,
              35.646985
            ],
            [
              139.3365788,
              35.6471155
            ],
            [
              139.336379,
              35.6473539
            ],
            [
              139.3363085,
              35.6474407
            ],
            [
              139.3361344,
              35.6476549
            ],
            [
              139.3356755,
              35.6482054
            ],
            [
              139.335496,
              35.6484404
            ],
            [
              139.3352167,
              35.6487831
            ],
            [
              139.3350291,
              35.6490174
            ],
            [
              139.3348863,
              35.6491989
            ],
            [
              139.3347454,
              35.6493765
            ],
            [
              139.3344638,
              35.6497275
            ],
            [
              139.3343155,
              35.6499155
            ],
            [
              139.3342221,
              35.6500447
            ],
            [
              139.3341242,
              35.65021
            ],
            [
              139.3340372,
              35.6503822
            ],
            [
              139.3339815,
              35.6505212
            ],
            [
              139.3338338,
              35.6509205
            ],
            [
              139.3338217,
              35.6509517
            ],
            [
              139.3337973,
              35.6510125
            ],
            [
              139.3337735,
              35.6510775
            ],
            [
              139.3337459,
              35.6511529
            ],
            [
              139.3336452,
              35.6514284
            ],
            [
              139.3334158,
              35.652056
            ],
            [
              139.3333815,
              35.6521499
            ],
            [
              139.3333475,
              35.6522415
            ],
            [
              139.3332604,
              35.6524764
            ],
            [
              139.3331823,
              35.652687
            ],
            [
              139.3330926,
              35.6529329
            ],
            [
              139.333059,
              35.6530251
            ],
            [
              139.3329993,
              35.6531886
            ],
            [
              139.3328986,
              35.6534646
            ],
            [
              139.3328425,
              35.6536329
            ],
            [
              139.3327935,
              35.6538511
            ],
            [
              139.3327786,
              35.6539175
            ],
            [
              139.3327693,
              35.6540107
            ],
            [
              139.3327532,
              35.6542301
            ],
            [
              139.3327488,
              35.6544071
            ],
            [
              139.3327646,
              35.6545808
            ],
            [
              139.3327804,
              35.6546871
            ],
            [
              139.3328025,
              35.6548275
            ],
            [
              139.3328482,
              35.655118
            ],
            [
              139.3328789,
              35.6553131
            ],
            [
              139.33295,
              35.6557642
            ],
            [
              139.3330333,
              35.6562936
            ],
            [
              139.3330548,
              35.6564301
            ],
            [
              139.3330697,
              35.6565249
            ],
            [
              139.3330756,
              35.6565624
            ],
            [
              139.3330917,
              35.6566646
            ],
            [
              139.3331672,
              35.6571441
            ],
            [
              139.3331815,
              35.6572349
            ],
            [
              139.3332757,
              35.6578335
            ],
            [
              139.3332852,
              35.6578939
            ],
            [
              139.3332958,
              35.6579657
            ],
            [
              139.3333654,
              35.6584394
            ],
            [
              139.3334579,
              35.6590684
            ],
            [
              139.333466,
              35.6591234
            ],
            [
              139.3334751,
              35.6591852
            ],
            [
              139.3335092,
              35.6594172
            ],
            [
              139.3335691,
              35.6598249
            ],
            [
              139.3335883,
              35.6599554
            ],
            [
              139.3334639,
              35.6599645
            ],
            [
              139.3327602,
              35.6600163
            ],
            [
              139.3312576,
              35.6601268
            ],
            [
              139.3302031,
              35.6602043
            ],
            [
              139.3301034,
              35.6602116
            ],
            [
              139.3289212,
              35.6602985
            ],
            [
              139.3287911,
              35.6603081
            ],
            [
              139.328711,
              35.660316
            ],
            [
              139.3287416,
              35.6604542
            ],
            [
              139.3288157,
              35.6607891
            ],
            [
              139.3288869,
              35.6611143
            ],
            [
              139.3291328,
              35.6622303
            ],
            [
              139.3291806,
              35.6624267
            ],
            [
              139.3292473,
              35.6627307
            ],
            [
              139.3292934,
              35.6629221
            ],
            [
              139.3293316,
              35.6631017
            ],
            [
              139.3293527,
              35.6632042
            ],
            [
              139.3294137,
              35.6634666
            ],
            [
              139.3294489,
              35.6636137
            ],
            [
              139.3294797,
              35.6637326
            ],
            [
              139.3295722,
              35.664076
            ],
            [
              139.3296453,
              35.6643475
            ],
            [
              139.3297914,
              35.6648678
            ],
            [
              139.3299219,
              35.6653382
            ],
            [
              139.3300294,
              35.6657382
            ],
            [
              139.3300454,
              35.665805
            ],
            [
              139.3300794,
              35.6659124
            ],
            [
              139.3301011,
              35.6659839
            ],
            [
              139.3303662,
              35.6670245
            ],
            [
              139.3303831,
              35.6670911
            ],
            [
              139.3304096,
              35.6671974
            ],
            [
              139.3304256,
              35.6672731
            ],
            [
              139.3304406,
              35.6673413
            ],
            [
              139.3305099,
              35.6676459
            ],
            [
              139.3305558,
              35.6678274
            ],
            [
              139.3305754,
              35.6679318
            ],
            [
              139.3306186,
              35.6680959
            ],
            [
              139.3306406,
              35.6681753
            ],
            [
              139.3306434,
              35.6681853
            ],
            [
              139.3306794,
              35.6683176
            ],
            [
              139.3307129,
              35.6684378
            ],
            [
              139.3308234,
              35.6688172
            ],
            [
              139.3308381,
              35.6688758
            ],
            [
              139.3308979,
              35.6690898
            ],
            [
              139.3309056,
              35.6691227
            ],
            [
              139.3309305,
              35.6692143
            ],
            [
              139.3309651,
              35.6693397
            ],
            [
              139.3310564,
              35.6696575
            ],
            [
              139.33115,
              35.6699752
            ],
            [
              139.3311612,
              35.6700184
            ],
            [
              139.3311878,
              35.6701208
            ],
            [
              139.3312252,
              35.6702488
            ],
            [
              139.3312364,
              35.670287
            ],
            [
              139.3315664,
              35.6714498
            ],
            [
              139.3315841,
              35.6715163
            ],
            [
              139.3316183,
              35.6716449
            ],
            [
              139.3316482,
              35.671755
            ],
            [
              139.331702,
              35.6719462
            ],
            [
              139.3317421,
              35.6720715
            ],
            [
              139.3317698,
              35.6721522
            ],
            [
              139.3318022,
              35.6722464
            ],
            [
              139.3318502,
              35.6723761
            ],
            [
              139.3319064,
              35.6725039
            ],
            [
              139.3319742,
              35.6726297
            ],
            [
              139.3320493,
              35.6727691
            ],
            [
              139.3320991,
              35.6728699
            ],
            [
              139.3322313,
              35.6731313
            ],
            [
              139.3322862,
              35.6732503
            ],
            [
              139.3323419,
              35.6733823
            ],
            [
              139.3323836,
              35.6734998
            ],
            [
              139.3324236,
              35.6736359
            ],
            [
              139.3324523,
              35.6737619
            ],
            [
              139.3324708,
              35.6738954
            ],
            [
              139.3324802,
              35.6740354
            ],
            [
              139.3324792,
              35.6741036
            ],
            [
              139.3324781,
              35.6741736
            ],
            [
              139.332475,
              35.6742381
            ],
            [
              139.3324679,
              35.6743035
            ],
            [
              139.3324448,
              35.6744385
            ],
            [
              139.3324331,
              35.6745028
            ],
            [
              139.3324162,
              35.6745695
            ],
            [
              139.3323767,
              35.674701
            ],
            [
              139.3323346,
              35.6748137
            ],
            [
              139.3322802,
              35.6749363
            ],
            [
              139.332229,
              35.6750566
            ],
            [
              139.3321741,
              35.6751883
            ],
            [
              139.3321234,
              35.6753201
            ],
            [
              139.3321007,
              35.6753819
            ],
            [
              139.3320518,
              35.6755221
            ],
            [
              139.3320342,
              35.6755801
            ],
            [
              139.3320197,
              35.6756372
            ],
            [
              139.3320058,
              35.6757115
            ],
            [
              139.3319939,
              35.6757956
            ],
            [
              139.331987,
              35.6758639
            ],
            [
              139.3319831,
              35.6759313
            ],
            [
              139.3319805,
              35.6760017
            ],
            [
              139.331981,
              35.6760697
            ],
            [
              139.3319822,
              35.6761355
            ],
            [
              139.3319865,
              35.6761989
            ],
            [
              139.3319951,
              35.6762797
            ],
            [
              139.3320089,
              35.6763605
            ],
            [
              139.3320215,
              35.6764192
            ],
            [
              139.3320352,
              35.676477
            ],
            [
              139.332051,
              35.6765329
            ],
            [
              139.3320689,
              35.6765879
            ],
            [
              139.3321035,
              35.6766806
            ],
            [
              139.3321544,
              35.6768044
            ],
            [
              139.3322104,
              35.6769161
            ],
            [
              139.3322703,
              35.6770274
            ],
            [
              139.3323256,
              35.6771096
            ],
            [
              139.3323688,
              35.6771661
            ],
            [
              139.3324138,
              35.677222
            ],
            [
              139.3324865,
              35.6772984
            ],
            [
              139.332542,
              35.6773546
            ],
            [
              139.332602,
              35.6774093
            ],
            [
              139.3326664,
              35.677464
            ],
            [
              139.3327334,
              35.6775165
            ],
            [
              139.3327693,
              35.6775432
            ],
            [
              139.3328712,
              35.6776147
            ],
            [
              139.333001,
              35.6776957
            ],
            [
              139.3330729,
              35.6777355
            ],
            [
              139.3331375,
              35.6777702
            ],
            [
              139.3332036,
              35.6778032
            ],
            [
              139.333248,
              35.6778231
            ],
            [
              139.3334128,
              35.6778915
            ],
            [
              139.3335672,
              35.6779411
            ],
            [
              139.3336208,
              35.6779566
            ],
            [
              139.3337509,
              35.6779948
            ],
            [
              139.3339058,
              35.6780372
            ],
            [
              139.3340664,
              35.6780751
            ],
            [
              139.3343335,
              35.6781363
            ],
            [
              139.334806,
              35.6782446
            ],
            [
              139.3355286,
              35.6784104
            ],
            [
              139.3356807,
              35.6784452
            ],
            [
              139.335762,
              35.6784639
            ],
            [
              139.3369176,
              35.6787289
            ],
            [
              139.3373592,
              35.6788301
            ],
            [
              139.337467,
              35.6788549
            ],
            [
              139.3376295,
              35.6788921
            ],
            [
              139.3383123,
              35.6790487
            ],
            [
              139.3390643,
              35.6792211
            ],
            [
              139.3412895,
              35.6797314
            ],
            [
              139.3418072,
              35.6798501
            ],
            [
              139.3420873,
              35.6799222
            ],
            [
              139.3422222,
              35.6799648
            ],
            [
              139.3423564,
              35.6800094
            ],
            [
              139.3424921,
              35.6800618
            ],
            [
              139.3425968,
              35.6801105
            ],
            [
              139.3426854,
              35.6801539
            ],
            [
              139.3428018,
              35.6802187
            ],
            [
              139.342904,
              35.6802819
            ],
            [
              139.3429704,
              35.6803289
            ],
            [
              139.3431411,
              35.6804526
            ],
            [
              139.3431949,
              35.6805033
            ],
            [
              139.3432533,
              35.6805583
            ],
            [
              139.3433568,
              35.6806715
            ],
            [
              139.3434782,
              35.6808115
            ],
            [
              139.3435752,
              35.6809512
            ],
            [
              139.3436503,
              35.6810635
            ],
            [
              139.3437219,
              35.6811883
            ],
            [
              139.343792,
              35.6813156
            ],
            [
              139.343918,
              35.6815415
            ],
            [
              139.3439819,
              35.6816781
            ],
            [
              139.3440468,
              35.6818066
            ],
            [
              139.3441098,
              35.6819236
            ],
            [
              139.3441593,
              35.6820084
            ],
            [
              139.344211,
              35.6821073
            ],
            [
              139.3443189,
              35.682305
            ],
            [
              139.3443901,
              35.6824231
            ],
            [
              139.3444659,
              35.6825463
            ],
            [
              139.3445216,
              35.6826318
            ],
            [
              139.3445491,
              35.6826723
            ],
            [
              139.3446244,
              35.6827839
            ],
            [
              139.3447075,
              35.682901
            ],
            [
              139.3447986,
              35.683023
            ],
            [
              139.3448857,
              35.6831322
            ],
            [
              139.3449837,
              35.683257
            ],
            [
              139.3450969,
              35.6834008
            ],
            [
              139.3451608,
              35.6834833
            ],
            [
              139.3451788,
              35.6835052
            ],
            [
              139.3452838,
              35.6836407
            ],
            [
              139.3452998,
              35.6836602
            ],
            [
              139.3455654,
              35.6840054
            ],
            [
              139.3457046,
              35.6841799
            ],
            [
              139.3458392,
              35.6843486
            ],
            [
              139.3459697,
              35.6845083
            ],
            [
              139.3461006,
              35.6846661
            ],
            [
              139.3461606,
              35.6847307
            ],
            [
              139.3462445,
              35.6848209
            ],
            [
              139.3463479,
              35.6849234
            ],
            [
              139.3464574,
              35.685027
            ],
            [
              139.346571,
              35.6851303
            ],
            [
              139.3466569,
              35.685205
            ],
            [
              139.3467708,
              35.6853087
            ],
            [
              139.3469129,
              35.6854412
            ],
            [
              139.3469558,
              35.6854763
            ],
            [
              139.347071,
              35.6855706
            ],
            [
              139.3471649,
              35.6856621
            ],
            [
              139.3472603,
              35.685755
            ],
            [
              139.3474751,
              35.6859583
            ],
            [
              139.3475731,
              35.6860673
            ],
            [
              139.3476678,
              35.6861816
            ],
            [
              139.3477124,
              35.6862428
            ],
            [
              139.3477534,
              35.6863036
            ],
            [
              139.3477865,
              35.6863605
            ],
            [
              139.3478142,
              35.6864131
            ],
            [
              139.3478415,
              35.6864735
            ],
            [
              139.3478635,
              35.6865367
            ],
            [
              139.3478867,
              35.6866088
            ],
            [
              139.3479063,
              35.6866766
            ],
            [
              139.3479235,
              35.6867604
            ],
            [
              139.3479389,
              35.6868435
            ],
            [
              139.3479501,
              35.6869498
            ],
            [
              139.3479482,
              35.687063
            ],
            [
              139.3479409,
              35.6871792
            ],
            [
              139.3479341,
              35.6872432
            ],
            [
              139.3479272,
              35.6873073
            ],
            [
              139.3479164,
              35.6873924
            ],
            [
              139.3479004,
              35.6874861
            ],
            [
              139.3478356,
              35.6878836
            ],
            [
              139.3477875,
              35.6881473
            ],
            [
              139.3477172,
              35.6885551
            ],
            [
              139.3476696,
              35.6888301
            ],
            [
              139.3476264,
              35.6890843
            ],
            [
              139.3476046,
              35.6892101
            ],
            [
              139.3475924,
              35.6893028
            ],
            [
              139.3475861,
              35.6893832
            ],
            [
              139.347585,
              35.6894593
            ],
            [
              139.3475919,
              35.6895772
            ],
            [
              139.3476159,
              35.6897456
            ],
            [
              139.3476495,
              35.6898931
            ],
            [
              139.3476723,
              35.6899652
            ],
            [
              139.3476987,
              35.6900359
            ],
            [
              139.3478602,
              35.6904628
            ],
            [
              139.347932,
              35.6906525
            ],
            [
              139.3479941,
              35.6908228
            ],
            [
              139.3480132,
              35.6908752
            ],
            [
              139.3481108,
              35.6911277
            ],
            [
              139.3482028,
              35.6913666
            ],
            [
              139.3482554,
              35.6914992
            ],
            [
              139.348306,
              35.6916319
            ],
            [
              139.3483265,
              35.6916927
            ],
            [
              139.3483429,
              35.6917552
            ],
            [
              139.3483518,
              35.6918098
            ],
            [
              139.3483627,
              35.6918677
            ],
            [
              139.3483711,
              35.6919354
            ],
            [
              139.3483754,
              35.6920047
            ],
            [
              139.3483735,
              35.6920553
            ],
            [
              139.3483695,
              35.6921092
            ],
            [
              139.3483634,
              35.6921606
            ],
            [
              139.3483552,
              35.6922136
            ],
            [
              139.3483454,
              35.6922706
            ],
            [
              139.3483295,
              35.6923259
            ],
            [
              139.3483073,
              35.6923855
            ],
            [
              139.3482831,
              35.6924442
            ],
            [
              139.3482568,
              35.6925006
            ],
            [
              139.3482274,
              35.6925521
            ],
            [
              139.3481913,
              35.6926125
            ],
            [
              139.3481451,
              35.6926786
            ],
            [
              139.3481099,
              35.6927242
            ],
            [
              139.3480757,
              35.6927674
            ],
            [
              139.3480415,
              35.6928047
            ],
            [
              139.3480033,
              35.6928453
            ],
            [
              139.347956,
              35.6928891
            ],
            [
              139.3479057,
              35.6929321
            ],
            [
              139.3478568,
              35.6929721
            ],
            [
              139.3477978,
              35.693017
            ],
            [
              139.3477218,
              35.6930638
            ],
            [
              139.3476509,
              35.6931033
            ],
            [
              139.3475658,
              35.6931483
            ],
            [
              139.347482,
              35.6931878
            ],
            [
              139.3473947,
              35.6932274
            ],
            [
              139.3473049,
              35.693267
            ],
            [
              139.3466317,
              35.6935414
            ],
            [
              139.3464324,
              35.6936287
            ],
            [
              139.346286,
              35.6936972
            ],
            [
              139.3462061,
              35.6937418
            ],
            [
              139.3460943,
              35.6938065
            ],
            [
              139.3459967,
              35.6938745
            ],
            [
              139.3459169,
              35.6939389
            ],
            [
              139.3458575,
              35.693995
            ],
            [
              139.3458089,
              35.6940443
            ],
            [
              139.3457685,
              35.6940886
            ],
            [
              139.3457252,
              35.6941399
            ],
            [
              139.3456962,
              35.6941813
            ],
            [
              139.345656,
              35.694239
            ],
            [
              139.345622,
              35.6942916
            ],
            [
              139.3455866,
              35.6943618
            ],
            [
              139.3455572,
              35.694427
            ],
            [
              139.3455336,
              35.6944887
            ],
            [
              139.3455141,
              35.6945471
            ],
            [
              139.345496,
              35.6946091
            ],
            [
              139.345484,
              35.6946677
            ],
            [
              139.3454763,
              35.6947279
            ],
            [
              139.3454725,
              35.6947865
            ],
            [
              139.3454691,
              35.6948466
            ],
            [
              139.3454697,
              35.6949035
            ],
            [
              139.3454782,
              35.695009
            ],
            [
              139.3454865,
              35.6950556
            ],
            [
              139.3455055,
              35.6951519
            ],
            [
              139.3455326,
              35.6952433
            ],
            [
              139.3455622,
              35.6953383
            ],
            [
              139.3455959,
              35.6954332
            ],
            [
              139.3458393,
              35.6960865
            ],
            [
              139.346177,
              35.6969925
            ],
            [
              139.3466555,
              35.6982819
            ],
            [
              139.3468974,
              35.69893
            ],
            [
              139.3471616,
              35.6996482
            ],
            [
              139.3471952,
              35.6997341
            ],
            [
              139.3473764,
              35.7002081
            ],
            [
              139.3474802,
              35.7004675
            ],
            [
              139.3475234,
              35.7005722
            ],
            [
              139.3475706,
              35.7006866
            ],
            [
              139.347655,
              35.7008894
            ],
            [
              139.3476934,
              35.7010046
            ],
            [
              139.3477375,
              35.7011477
            ],
            [
              139.3478238,
              35.7014143
            ],
            [
              139.3479686,
              35.7018288
            ],
            [
              139.3481023,
              35.7021856
            ],
            [
              139.3482466,
              35.7025733
            ],
            [
              139.3482696,
              35.7026348
            ],
            [
              139.348298,
              35.7026993
            ],
            [
              139.348356,
              35.7028169
            ],
            [
              139.3484104,
              35.7029273
            ],
            [
              139.3485406,
              35.7031975
            ],
            [
              139.3486012,
              35.7033347
            ],
            [
              139.3486459,
              35.7034461
            ],
            [
              139.3487528,
              35.7037008
            ],
            [
              139.3488367,
              35.7038965
            ],
            [
              139.3489204,
              35.7040874
            ],
            [
              139.3490773,
              35.7044245
            ],
            [
              139.3491568,
              35.7045923
            ],
            [
              139.3493013,
              35.7048889
            ],
            [
              139.3494002,
              35.7050982
            ],
            [
              139.3495072,
              35.7053241
            ],
            [
              139.3496471,
              35.7056049
            ],
            [
              139.3497911,
              35.7058775
            ],
            [
              139.3496378,
              35.7059429
            ],
            [
              139.3483061,
              35.7065858
            ],
            [
              139.3479337,
              35.706758
            ],
            [
              139.3472732,
              35.707086
            ],
            [
              139.3467412,
              35.7073372
            ],
            [
              139.3458651,
              35.707765
            ],
            [
              139.344428,
              35.7084617
            ],
            [
              139.3437731,
              35.7087899
            ],
            [
              139.3430825,
              35.709124
            ],
            [
              139.3425319,
              35.709426
            ],
            [
              139.3420263,
              35.7097196
            ],
            [
              139.3418486,
              35.7098429
            ],
            [
              139.3415302,
              35.7101268
            ],
            [
              139.3413724,
              35.7102654
            ],
            [
              139.3410632,
              35.7106005
            ],
            [
              139.3408384,
              35.7108493
            ],
            [
              139.3404094,
              35.7113703
            ],
            [
              139.3402447,
              35.7115829
            ],
            [
              139.3401631,
              35.7116998
            ],
            [
              139.3400757,
              35.7118221
            ],
            [
              139.339893,
              35.7120501
            ],
            [
              139.3397119,
              35.7122653
            ],
            [
              139.3396166,
              35.7123788
            ],
            [
              139.3395264,
              35.7124908
            ],
            [
              139.339443,
              35.7126029
            ],
            [
              139.3393876,
              35.7126732
            ],
            [
              139.3391837,
              35.7129431
            ],
            [
              139.3390908,
              35.7130658
            ],
            [
              139.3390166,
              35.7131637
            ],
            [
              139.3387581,
              35.71345
            ],
            [
              139.3386877,
              35.7135438
            ],
            [
              139.3386147,
              35.7136403
            ],
            [
              139.3385146,
              35.7137726
            ],
            [
              139.3384493,
              35.7138629
            ],
            [
              139.3383806,
              35.7139564
            ],
            [
              139.3384039,
              35.7141643
            ],
            [
              139.338428,
              35.7142498
            ],
            [
              139.3384648,
              35.7143284
            ],
            [
              139.3385327,
              35.7144844
            ],
            [
              139.3385503,
              35.7145707
            ],
            [
              139.3385827,
              35.7146485
            ],
            [
              139.3387306,
              35.7149794
            ],
            [
              139.3388361,
              35.715206
            ],
            [
              139.3390638,
              35.7157376
            ],
            [
              139.3391747,
              35.7159942
            ],
            [
              139.3392795,
              35.7162491
            ],
            [
              139.339382,
              35.7165024
            ],
            [
              139.339426,
              35.7166103
            ],
            [
              139.3395342,
              35.7168631
            ],
            [
              139.3396034,
              35.7170268
            ],
            [
              139.3396872,
              35.7172286
            ],
            [
              139.3398552,
              35.7175783
            ],
            [
              139.3399032,
              35.7176882
            ],
            [
              139.3399976,
              35.7179179
            ],
            [
              139.3400173,
              35.7179782
            ],
            [
              139.3400403,
              35.7180468
            ],
            [
              139.340083,
              35.718181
            ],
            [
              139.3401173,
              35.7183101
            ],
            [
              139.3401453,
              35.718441
            ],
            [
              139.3401666,
              35.7185571
            ],
            [
              139.3401897,
              35.7187258
            ],
            [
              139.3401998,
              35.7188204
            ],
            [
              139.3402189,
              35.7189734
            ],
            [
              139.340237,
              35.7191366
            ],
            [
              139.3402841,
              35.7194932
            ],
            [
              139.3403145,
              35.7197956
            ],
            [
              139.3403321,
              35.7199816
            ],
            [
              139.3403486,
              35.7201991
            ],
            [
              139.3403592,
              35.720338
            ],
            [
              139.3403717,
              35.7204518
            ],
            [
              139.3404031,
              35.7207129
            ],
            [
              139.3404246,
              35.7208536
            ],
            [
              139.3404489,
              35.7209279
            ],
            [
              139.3404835,
              35.7210553
            ],
            [
              139.3405073,
              35.7211753
            ],
            [
              139.3405507,
              35.7213077
            ],
            [
              139.3405994,
              35.721443
            ],
            [
              139.3406615,
              35.7215595
            ],
            [
              139.3407304,
              35.721687
            ],
            [
              139.3408383,
              35.7219055
            ],
            [
              139.3409931,
              35.7221727
            ],
            [
              139.3411089,
              35.7223373
            ],
            [
              139.3412346,
              35.7224916
            ],
            [
              139.34139,
              35.722656
            ],
            [
              139.3416247,
              35.722869
            ],
            [
              139.3418532,
              35.7230713
            ],
            [
              139.3427095,
              35.7238402
            ],
            [
              139.3427794,
              35.7239048
            ],
            [
              139.3428964,
              35.7240174
            ],
            [
              139.3430339,
              35.7241728
            ],
            [
              139.3431714,
              35.7243281
            ],
            [
              139.3432555,
              35.7244696
            ],
            [
              139.343322,
              35.7245992
            ],
            [
              139.3433754,
              35.7247351
            ],
            [
              139.3434451,
              35.7251139
            ],
            [
              139.3434375,
              35.7253233
            ],
            [
              139.3433502,
              35.7257049
            ],
            [
              139.3432568,
              35.7260208
            ],
            [
              139.3430918,
              35.7265896
            ],
            [
              139.3429678,
              35.7271052
            ],
            [
              139.3428985,
              35.7274875
            ],
            [
              139.3428828,
              35.7278469
            ],
            [
              139.3428518,
              35.7283152
            ],
            [
              139.3428397,
              35.7285236
            ],
            [
              139.3427968,
              35.7288521
            ],
            [
              139.3427016,
              35.7291724
            ],
            [
              139.3425445,
              35.7296759
            ],
            [
              139.3423539,
              35.7302211
            ],
            [
              139.3421751,
              35.7308335
            ],
            [
              139.3420916,
              35.7310963
            ],
            [
              139.3420804,
              35.7311269
            ],
            [
              139.3419519,
              35.7315874
            ],
            [
              139.3418253,
              35.7319513
            ],
            [
              139.3417419,
              35.7321908
            ],
            [
              139.3417347,
              35.7322115
            ],
            [
              139.3416234,
              35.7325947
            ],
            [
              139.3415942,
              35.7326951
            ],
            [
              139.3415827,
              35.7327347
            ],
            [
              139.3414027,
              35.7331941
            ],
            [
              139.3411962,
              35.7337265
            ],
            [
              139.3409901,
              35.7341579
            ],
            [
              139.3408933,
              35.7343408
            ],
            [
              139.3404873,
              35.7351695
            ],
            [
              139.3402093,
              35.7357138
            ],
            [
              139.3398419,
              35.7364541
            ],
            [
              139.3394029,
              35.7373132
            ],
            [
              139.3391402,
              35.7378388
            ],
            [
              139.3389095,
              35.7383138
            ],
            [
              139.3386821,
              35.7387558
            ],
            [
              139.3385811,
              35.7389661
            ],
            [
              139.3384006,
              35.7393229
            ],
            [
              139.338269,
              35.7395883
            ],
            [
              139.3382215,
              35.7397107
            ],
            [
              139.3381642,
              35.7399404
            ],
            [
              139.3381323,
              35.7401114
            ],
            [
              139.3380855,
              35.7405439
            ],
            [
              139.3379855,
              35.7412029
            ],
            [
              139.3379386,
              35.7416251
            ],
            [
              139.3378615,
              35.7423438
            ],
            [
              139.3377948,
              35.7428866
            ],
            [
              139.3376706,
              35.7438804
            ],
            [
              139.3375765,
              35.744652
            ],
            [
              139.3375281,
              35.7450365
            ],
            [
              139.337438,
              35.7457824
            ],
            [
              139.3373536,
              35.7465084
            ],
            [
              139.3372706,
              35.7473685
            ],
            [
              139.3372808,
              35.7477195
            ],
            [
              139.3373082,
              35.7478217
            ],
            [
              139.3374096,
              35.7480981
            ],
            [
              139.3375167,
              35.7483116
            ],
            [
              139.3375374,
              35.748351
            ],
            [
              139.3378365,
              35.748855
            ],
            [
              139.3379865,
              35.7491076
            ],
            [
              139.338143,
              35.7493713
            ],
            [
              139.3381648,
              35.7494083
            ],
            [
              139.3383342,
              35.7496959
            ],
            [
              139.3386036,
              35.7501819
            ],
            [
              139.3397037,
              35.7520452
            ],
            [
              139.3400764,
              35.7527308
            ],
            [
              139.3404491,
              35.7534163
            ],
            [
              139.3414929,
              35.7550751
            ],
            [
              139.3418765,
              35.7556744
            ],
            [
              139.3422192,
              35.7562605
            ],
            [
              139.342566,
              35.7568482
            ],
            [
              139.3426705,
              35.7570535
            ],
            [
              139.3427306,
              35.7572038
            ],
            [
              139.3427804,
              35.7573329
            ],
            [
              139.342815,
              35.7574555
            ],
            [
              139.3428411,
              35.7575707
            ],
            [
              139.3428641,
              35.7577249
            ],
            [
              139.3428765,
              35.7578715
            ],
            [
              139.3428718,
              35.7580131
            ],
            [
              139.3428619,
              35.7581925
            ],
            [
              139.3428366,
              35.758345
            ],
            [
              139.3426334,
              35.7592703
            ],
            [
              139.3424865,
              35.7599027
            ],
            [
              139.3423045,
              35.7606915
            ],
            [
              139.342236,
              35.760952
            ],
            [
              139.3421738,
              35.7612075
            ],
            [
              139.3419931,
              35.7619391
            ],
            [
              139.3418685,
              35.7625385
            ],
            [
              139.3417371,
              35.7631705
            ],
            [
              139.3416565,
              35.7635084
            ],
            [
              139.3415309,
              35.7638266
            ],
            [
              139.3414488,
              35.763987
            ],
            [
              139.3412166,
              35.7643677
            ],
            [
              139.341071,
              35.7646455
            ],
            [
              139.3408807,
              35.7650088
            ],
            [
              139.3407859,
              35.7651897
            ],
            [
              139.3396665,
              35.7672179
            ],
            [
              139.3389442,
              35.7685546
            ],
            [
              139.3386876,
              35.7689916
            ],
            [
              139.3382428,
              35.7698143
            ],
            [
              139.3376879,
              35.7708406
            ],
            [
              139.3372737,
              35.7716152
            ],
            [
              139.3366209,
              35.7728087
            ],
            [
              139.3364517,
              35.7731641
            ],
            [
              139.3363503,
              35.7734669
            ],
            [
              139.3363047,
              35.7736032
            ],
            [
              139.3362578,
              35.7738895
            ],
            [
              139.33623,
              35.7741324
            ],
            [
              139.3362582,
              35.7743611
            ],
            [
              139.3362747,
              35.7745993
            ],
            [
              139.3363103,
              35.7748011
            ],
            [
              139.3363623,
              35.7749915
            ],
            [
              139.3364464,
              35.7752501
            ],
            [
              139.3365438,
              35.7754819
            ],
            [
              139.3366588,
              35.7757034
            ],
            [
              139.3370499,
              35.7763159
            ],
            [
              139.3373531,
              35.7767909
            ],
            [
              139.3377172,
              35.7773131
            ],
            [
              139.3380533,
              35.7778166
            ],
            [
              139.3383932,
              35.778312
            ],
            [
              139.3385202,
              35.7785464
            ],
            [
              139.3387431,
              35.7788518
            ],
            [
              139.3394104,
              35.7798401
            ],
            [
              139.3394992,
              35.7799728
            ],
            [
              139.3395806,
              35.7800876
            ],
            [
              139.3398487,
              35.7804509
            ],
            [
              139.339977,
              35.7805979
            ],
            [
              139.3400471,
              35.7806724
            ],
            [
              139.3401218,
              35.780745
            ],
            [
              139.3403727,
              35.7809693
            ],
            [
              139.340615,
              35.7811538
            ],
            [
              139.340806,
              35.7812909
            ],
            [
              139.3409915,
              35.781405
            ],
            [
              139.3411961,
              35.781515
            ],
            [
              139.3414151,
              35.7816256
            ],
            [
              139.341892,
              35.7818531
            ],
            [
              139.3429084,
              35.7823373
            ],
            [
              139.3438487,
              35.7827819
            ],
            [
              139.3450204,
              35.7833437
            ],
            [
              139.3459207,
              35.7837693
            ],
            [
              139.3461132,
              35.7838637
            ],
            [
              139.3463859,
              35.7839832
            ],
            [
              139.3465835,
              35.7840651
            ],
            [
              139.3468043,
              35.7841408
            ],
            [
              139.3470081,
              35.7842077
            ],
            [
              139.3472181,
              35.7842671
            ],
            [
              139.3475077,
              35.7843405
            ],
            [
              139.3476493,
              35.7843714
            ],
            [
              139.3479035,
              35.7844061
            ],
            [
              139.3481099,
              35.7844395
            ],
            [
              139.3483976,
              35.7844817
            ],
            [
              139.3487392,
              35.7845426
            ],
            [
              139.3495735,
              35.7846994
            ],
            [
              139.3504496,
              35.7848537
            ],
            [
              139.351038,
              35.7849205
            ],
            [
              139.3514635,
              35.7849497
            ],
            [
              139.3519366,
              35.7849532
            ],
            [
              139.3522135,
              35.7849357
            ],
            [
              139.3539748,
              35.7847438
            ],
            [
              139.3545524,
              35.7846871
            ],
            [
              139.3549167,
              35.7846513
            ],
            [
              139.3555153,
              35.7845765
            ],
            [
              139.3559552,
              35.784525
            ],
            [
              139.3563217,
              35.7844908
            ],
            [
              139.3565596,
              35.7844817
            ],
            [
              139.3567673,
              35.7844899
            ],
            [
              139.3569658,
              35.7845231
            ],
            [
              139.3571871,
              35.7845836
            ],
            [
              139.3573775,
              35.7846689
            ],
            [
              139.3575823,
              35.7847894
            ],
            [
              139.3578044,
              35.7849591
            ],
            [
              139.3580251,
              35.7851966
            ],
            [
              139.3583554,
              35.7856038
            ],
            [
              139.3584819,
              35.7857762
            ],
            [
              139.3587958,
              35.7862039
            ],
            [
              139.3588884,
              35.786342
            ],
            [
              139.3591603,
              35.7867143
            ],
            [
              139.3596176,
              35.7874163
            ],
            [
              139.359774,
              35.787636
            ],
            [
              139.3600579,
              35.7880243
            ],
            [
              139.3601935,
              35.7882121
            ],
            [
              139.3604974,
              35.7886554
            ],
            [
              139.3612475,
              35.789664
            ],
            [
              139.3618894,
              35.7905591
            ],
            [
              139.3621481,
              35.7909104
            ],
            [
              139.3626548,
              35.7915985
            ],
            [
              139.3628005,
              35.7917985
            ],
            [
              139.3632835,
              35.7924769
            ],
            [
              139.3638737,
              35.7932566
            ],
            [
              139.3643159,
              35.7938952
            ],
            [
              139.3645384,
              35.7942051
            ],
            [
              139.3651482,
              35.7950544
            ],
            [
              139.3655585,
              35.7956135
            ],
            [
              139.365574,
              35.7956347
            ],
            [
              139.3662147,
              35.7965076
            ],
            [
              139.3663657,
              35.7967153
            ],
            [
              139.3663797,
              35.7967345
            ],
            [
              139.3670834,
              35.7977027
            ],
            [
              139.3673462,
              35.7980641
            ],
            [
              139.3675517,
              35.7983234
            ],
            [
              139.3677209,
              35.7984993
            ],
            [
              139.3678848,
              35.7986676
            ],
            [
              139.3680792,
              35.7988459
            ],
            [
              139.3682697,
              35.7989823
            ],
            [
              139.3684629,
              35.7991042
            ],
            [
              139.3686569,
              35.799213
            ],
            [
              139.3689888,
              35.7993789
            ],
            [
              139.3694362,
              35.7995956
            ],
            [
              139.3695821,
              35.7996667
            ],
            [
              139.3707132,
              35.8002097
            ],
            [
              139.3711042,
              35.8003926
            ],
            [
              139.3711572,
              35.8004157
            ],
            [
              139.3715256,
              35.8005935
            ],
            [
              139.3716456,
              35.8006514
            ],
            [
              139.3717809,
              35.8007174
            ],
            [
              139.3719722,
              35.8008064
            ],
            [
              139.3726764,
              35.8011363
            ],
            [
              139.3730627,
              35.8013514
            ],
            [
              139.3733472,
              35.8015254
            ],
            [
              139.373712,
              35.8017611
            ],
            [
              139.3745434,
              35.8023393
            ],
            [
              139.3747257,
              35.802466
            ],
            [
              139.3757753,
              35.803179
            ],
            [
              139.3764729,
              35.8036505
            ],
            [
              139.3769543,
              35.8039966
            ],
            [
              139.3774097,
              35.8043135
            ],
            [
              139.3776842,
              35.8045027
            ],
            [
              139.3778536,
              35.8046743
            ],
            [
              139.377951,
              35.8047761
            ],
            [
              139.3781145,
              35.8049422
            ],
            [
              139.3782709,
              35.8051263
            ],
            [
              139.3783911,
              35.8052931
            ],
            [
              139.3785029,
              35.8054659
            ],
            [
              139.378603,
              35.8056531
            ],
            [
              139.378688,
              35.8058361
            ],
            [
              139.378774,
              35.8060562
            ],
            [
              139.3788039,
              35.8061341
            ],
            [
              139.3788232,
              35.8061962
            ],
            [
              139.3788765,
              35.8064101
            ],
            [
              139.3789102,
              35.8066048
            ],
            [
              139.3789345,
              35.8068221
            ],
            [
              139.3789449,
              35.8070225
            ],
            [
              139.3789338,
              35.8072547
            ],
            [
              139.3788838,
              35.8075855
            ],
            [
              139.3788501,
              35.8077336
            ],
            [
              139.3785707,
              35.8087287
            ],
            [
              139.3785534,
              35.8087933
            ],
            [
              139.3784217,
              35.8092854
            ],
            [
              139.3783729,
              35.8094577
            ],
            [
              139.378329,
              35.8096104
            ],
            [
              139.3782661,
              35.8098373
            ],
            [
              139.3782114,
              35.8100345
            ],
            [
              139.3780678,
              35.8105525
            ],
            [
              139.3779661,
              35.8108946
            ],
            [
              139.3778948,
              35.8111431
            ],
            [
              139.3778735,
              35.8112172
            ],
            [
              139.3777253,
              35.8117076
            ],
            [
              139.3777058,
              35.8117685
            ],
            [
              139.3776385,
              35.8119778
            ],
            [
              139.377599,
              35.812101
            ],
            [
              139.3775683,
              35.812208
            ],
            [
              139.3775122,
              35.8124191
            ],
            [
              139.3772142,
              35.8135396
            ],
            [
              139.3771464,
              35.8137796
            ],
            [
              139.3770219,
              35.8142174
            ],
            [
              139.3769145,
              35.8145898
            ],
            [
              139.3768861,
              35.8147165
            ],
            [
              139.3768187,
              35.8150254
            ],
            [
              139.3767066,
              35.8154561
            ],
            [
              139.3765812,
              35.815912
            ],
            [
              139.3764282,
              35.8164619
            ],
            [
              139.3764089,
              35.8165372
            ],
            [
              139.3763359,
              35.8167812
            ],
            [
              139.3762637,
              35.8170487
            ],
            [
              139.3761948,
              35.8172955
            ],
            [
              139.3761197,
              35.8175938
            ],
            [
              139.3760957,
              35.8177038
            ],
            [
              139.3760722,
              35.8178318
            ],
            [
              139.3760568,
              35.8179772
            ],
            [
              139.3760405,
              35.8181572
            ],
            [
              139.3760423,
              35.8183781
            ],
            [
              139.3760501,
              35.8185303
            ],
            [
              139.3760626,
              35.8186306
            ],
            [
              139.3760779,
              35.8187342
            ],
            [
              139.3760978,
              35.818887
            ],
            [
              139.3761045,
              35.818942
            ],
            [
              139.376127,
              35.8190696
            ],
            [
              139.3761456,
              35.8191434
            ],
            [
              139.376172,
              35.8192148
            ],
            [
              139.3762141,
              35.8193125
            ],
            [
              139.3762634,
              35.8194201
            ],
            [
              139.3763807,
              35.8196488
            ],
            [
              139.3764391,
              35.8197578
            ],
            [
              139.3764608,
              35.8197983
            ],
            [
              139.3766127,
              35.8200376
            ],
            [
              139.3767095,
              35.8201779
            ],
            [
              139.3768455,
              35.8203454
            ],
            [
              139.3770308,
              35.820574
            ],
            [
              139.3773035,
              35.8209103
            ],
            [
              139.3775308,
              35.8211997
            ],
            [
              139.3780174,
              35.8217967
            ],
            [
              139.3782082,
              35.8220306
            ],
            [
              139.378365,
              35.8222295
            ],
            [
              139.3784496,
              35.8223296
            ],
            [
              139.3785296,
              35.8224322
            ],
            [
              139.3786941,
              35.8226486
            ],
            [
              139.3787993,
              35.8227931
            ],
            [
              139.3789248,
              35.8229477
            ],
            [
              139.3792736,
              35.8233946
            ],
            [
              139.3794033,
              35.8235555
            ],
            [
              139.3797844,
              35.824
            ],
            [
              139.3799439,
              35.8241861
            ],
            [
              139.3799801,
              35.8242282
            ],
            [
              139.3804848,
              35.8248125
            ],
            [
              139.3809618,
              35.8254165
            ],
            [
              139.3809888,
              35.8254784
            ],
            [
              139.3810085,
              35.8255494
            ],
            [
              139.3810121,
              35.8256257
            ],
            [
              139.3810035,
              35.8257557
            ],
            [
              139.3809762,
              35.825928
            ],
            [
              139.3807948,
              35.8268623
            ],
            [
              139.3805481,
              35.8281534
            ],
            [
              139.3804058,
              35.828909
            ],
            [
              139.3802986,
              35.8294766
            ],
            [
              139.3801914,
              35.8300551
            ],
            [
              139.3801286,
              35.8303705
            ],
            [
              139.38011,
              35.8304745
            ],
            [
              139.3800695,
              35.8306841
            ],
            [
              139.3800151,
              35.8309575
            ],
            [
              139.3799654,
              35.8312769
            ],
            [
              139.3799446,
              35.8315096
            ],
            [
              139.379945,
              35.8319864
            ],
            [
              139.3800054,
              35.8323868
            ],
            [
              139.3801343,
              35.8331243
            ],
            [
              139.380278,
              35.8340084
            ],
            [
              139.3803342,
              35.8342259
            ],
            [
              139.3803662,
              35.8343478
            ],
            [
              139.3804564,
              35.8346064
            ],
            [
              139.3805368,
              35.8348032
            ],
            [
              139.3806257,
              35.8350078
            ],
            [
              139.3809192,
              35.8356357
            ],
            [
              139.3814979,
              35.8369007
            ],
            [
              139.3818691,
              35.8377239
            ],
            [
              139.3820819,
              35.838194
            ],
            [
              139.3823601,
              35.8387884
            ],
            [
              139.382493,
              35.8390374
            ],
            [
              139.3826134,
              35.8392192
            ],
            [
              139.3826543,
              35.8392811
            ],
            [
              139.3828347,
              35.8395161
            ],
            [
              139.3831022,
              35.839809
            ],
            [
              139.383332,
              35.8400343
            ],
            [
              139.3838647,
              35.8405388
            ],
            [
              139.38411,
              35.8407297
            ],
            [
              139.3843557,
              35.8409008
            ],
            [
              139.3846264,
              35.8410701
            ],
            [
              139.3853959,
              35.841537
            ],
            [
              139.385842,
              35.8417935
            ],
            [
              139.3859898,
              35.8418928
            ],
            [
              139.3861587,
              35.8420254
            ],
            [
              139.3862928,
              35.842145
            ],
            [
              139.3864218,
              35.8423051
            ],
            [
              139.3865107,
              35.8424329
            ],
            [
              139.3865614,
              35.8425114
            ],
            [
              139.3867797,
              35.8428995
            ],
            [
              139.386902,
              35.8430852
            ],
            [
              139.3870237,
              35.8432517
            ],
            [
              139.387181,
              35.8434266
            ],
            [
              139.3879275,
              35.8441469
            ],
            [
              139.3880173,
              35.844232
            ],
            [
              139.3885861,
              35.8447659
            ],
            [
              139.3889986,
              35.8451824
            ],
            [
              139.3892309,
              35.8454621
            ],
            [
              139.3893147,
              35.8455543
            ],
            [
              139.3894047,
              35.8456619
            ],
            [
              139.3896863,
              35.8459993
            ],
            [
              139.3899281,
              35.8462775
            ],
            [
              139.3903314,
              35.8467292
            ],
            [
              139.3904816,
              35.8469001
            ],
            [
              139.3906455,
              35.8470686
            ],
            [
              139.3907491,
              35.8471571
            ],
            [
              139.3908282,
              35.8472217
            ],
            [
              139.3910015,
              35.847349
            ],
            [
              139.3911952,
              35.8474783
            ],
            [
              139.3913105,
              35.8475492
            ],
            [
              139.3914272,
              35.8476195
            ],
            [
              139.3919828,
              35.8479279
            ],
            [
              139.3924593,
              35.8481967
            ],
            [
              139.3927206,
              35.8483453
            ],
            [
              139.3935342,
              35.8488077
            ],
            [
              139.393994,
              35.84906
            ],
            [
              139.3942404,
              35.849196
            ],
            [
              139.3946262,
              35.849409
            ],
            [
              139.3946801,
              35.8494384
            ],
            [
              139.3947227,
              35.8494616
            ],
            [
              139.3951801,
              35.8497236
            ],
            [
              139.3961486,
              35.850259
            ],
            [
              139.3962921,
              35.850346
            ],
            [
              139.3964356,
              35.8504371
            ],
            [
              139.3966237,
              35.8505774
            ],
            [
              139.3968894,
              35.8508127
            ],
            [
              139.3970921,
              35.8509965
            ],
            [
              139.3972867,
              35.8511958
            ],
            [
              139.3974273,
              35.8513369
            ],
            [
              139.3975318,
              35.8514359
            ],
            [
              139.3976733,
              35.8515817
            ],
            [
              139.3979502,
              35.851868
            ],
            [
              139.3983638,
              35.8522851
            ],
            [
              139.3987064,
              35.8526392
            ],
            [
              139.3989642,
              35.8529277
            ],
            [
              139.3992084,
              35.8531704
            ],
            [
              139.3993407,
              35.853306
            ],
            [
              139.3994384,
              35.8534101
            ],
            [
              139.4011058,
              35.8551992
            ],
            [
              139.4019166,
              35.8560686
            ],
            [
              139.4026761,
              35.8568835
            ],
            [
              139.4027087,
              35.8569111
            ],
            [
              139.4027228,
              35.856937
            ],
            [
              139.403181,
              35.8574292
            ],
            [
              139.4037651,
              35.8580494
            ],
            [
              139.4037897,
              35.8580755
            ],
            [
              139.4041149,
              35.8584355
            ],
            [
              139.4041373,
              35.8584624
            ],
            [
              139.4045024,
              35.8589015
            ],
            [
              139.4050906,
              35.8597112
            ],
            [
              139.4053191,
              35.8600439
            ],
            [
              139.4057608,
              35.8607323
            ],
            [
              139.4064548,
              35.8618565
            ],
            [
              139.4066144,
              35.8621083
            ],
            [
              139.4069027,
              35.8625631
            ],
            [
              139.4071095,
              35.8628893
            ],
            [
              139.4072583,
              35.8631259
            ],
            [
              139.4074981,
              35.8634811
            ],
            [
              139.4076301,
              35.8636876
            ],
            [
              139.4079353,
              35.8641588
            ],
            [
              139.4081861,
              35.8645308
            ],
            [
              139.4087228,
              35.8653321
            ],
            [
              139.4088545,
              35.8655067
            ],
            [
              139.4090018,
              35.8656847
            ],
            [
              139.4092035,
              35.8658956
            ],
            [
              139.4093945,
              35.866077
            ],
            [
              139.4095459,
              35.8662113
            ],
            [
              139.4097203,
              35.8663556
            ],
            [
              139.4099461,
              35.8665147
            ],
            [
              139.4101832,
              35.8666609
            ],
            [
              139.4104186,
              35.8668012
            ],
            [
              139.4104761,
              35.8668343
            ],
            [
              139.4106466,
              35.8669325
            ],
            [
              139.4109393,
              35.867074
            ],
            [
              139.4112826,
              35.8672094
            ],
            [
              139.4118731,
              35.867404
            ],
            [
              139.4125193,
              35.8675891
            ],
            [
              139.4126434,
              35.8676296
            ],
            [
              139.4141691,
              35.868123
            ],
            [
              139.4146228,
              35.8682746
            ],
            [
              139.4151005,
              35.8684301
            ],
            [
              139.4156218,
              35.8685986
            ],
            [
              139.4169492,
              35.8690368
            ],
            [
              139.4178982,
              35.869342
            ],
            [
              139.4186042,
              35.8695822
            ],
            [
              139.4194966,
              35.869867
            ],
            [
              139.4204957,
              35.8701833
            ],
            [
              139.420911,
              35.8703252
            ],
            [
              139.421029,
              35.870364
            ],
            [
              139.4215508,
              35.8705394
            ],
            [
              139.4229381,
              35.8709731
            ],
            [
              139.4234682,
              35.8711433
            ],
            [
              139.4239056,
              35.8712876
            ],
            [
              139.4243429,
              35.8714318
            ],
            [
              139.4246456,
              35.8715329
            ],
            [
              139.4248563,
              35.8716229
            ],
            [
              139.4250838,
              35.8717306
            ],
            [
              139.4252828,
              35.8718402
            ],
            [
              139.4254946,
              35.8719682
            ],
            [
              139.4255872,
              35.872032
            ],
            [
              139.4256758,
              35.8720991
            ],
            [
              139.4258259,
              35.8722208
            ],
            [
              139.4259561,
              35.8723369
            ],
            [
              139.4262462,
              35.8726173
            ],
            [
              139.4264249,
              35.8727846
            ],
            [
              139.4268647,
              35.8732315
            ],
            [
              139.4278529,
              35.8741828
            ],
            [
              139.4288667,
              35.8751599
            ],
            [
              139.4290718,
              35.8753523
            ],
            [
              139.42952,
              35.8757913
            ],
            [
              139.4298,
              35.8760765
            ],
            [
              139.4301561,
              35.8764182
            ],
            [
              139.4303345,
              35.8765996
            ],
            [
              139.4310148,
              35.8772292
            ],
            [
              139.4312593,
              35.8774693
            ],
            [
              139.4316305,
              35.877836
            ],
            [
              139.432047,
              35.8782387
            ],
            [
              139.4324977,
              35.8786745
            ],
            [
              139.4331364,
              35.8792722
            ],
            [
              139.4336832,
              35.8797391
            ],
            [
              139.4343094,
              35.8802967
            ],
            [
              139.4344412,
              35.8803975
            ],
            [
              139.434771,
              35.8806497
            ],
            [
              139.4350495,
              35.8808627
            ],
            [
              139.4352268,
              35.8809914
            ],
            [
              139.4362341,
              35.881723
            ],
            [
              139.4369225,
              35.8821955
            ],
            [
              139.4375976,
              35.8826589
            ],
            [
              139.4383515,
              35.8831818
            ],
            [
              139.438378,
              35.8832002
            ],
            [
              139.438718,
              35.8834356
            ],
            [
              139.4400024,
              35.8843374
            ],
            [
              139.4409087,
              35.8849508
            ],
            [
              139.4417893,
              35.8855598
            ],
            [
              139.4422585,
              35.8859024
            ],
            [
              139.4429062,
              35.886346
            ],
            [
              139.443316,
              35.8866321
            ],
            [
              139.4434967,
              35.8867562
            ],
            [
              139.4438976,
              35.8870374
            ],
            [
              139.443978,
              35.8870886
            ],
            [
              139.4445023,
              35.887458
            ],
            [
              139.4447776,
              35.8876411
            ],
            [
              139.4450489,
              35.8878305
            ],
            [
              139.4455627,
              35.8881715
            ],
            [
              139.4461346,
              35.8885749
            ],
            [
              139.4465285,
              35.8888528
            ],
            [
              139.446621,
              35.8889181
            ],
            [
              139.4467285,
              35.8889936
            ],
            [
              139.4468655,
              35.8890898
            ],
            [
              139.4473385,
              35.889422
            ],
            [
              139.4479202,
              35.889826
            ],
            [
              139.4488995,
              35.8905025
            ],
            [
              139.449167,
              35.8906817
            ],
            [
              139.4494385,
              35.8908521
            ],
            [
              139.4497235,
              35.891013
            ],
            [
              139.4503004,
              35.8913219
            ],
            [
              139.4510315,
              35.8917076
            ],
            [
              139.4513169,
              35.8918523
            ],
            [
              139.4514899,
              35.89194
            ],
            [
              139.4516841,
              35.8920391
            ],
            [
              139.4521689,
              35.8922864
            ],
            [
              139.452854,
              35.8926626
            ],
            [
              139.4533154,
              35.8929106
            ],
            [
              139.4542095,
              35.8933967
            ],
            [
              139.4551547,
              35.8939086
            ],
            [
              139.4552967,
              35.8939842
            ],
            [
              139.4553812,
              35.8940285
            ],
            [
              139.4556629,
              35.8941812
            ],
            [
              139.4558317,
              35.8942679
            ],
            [
              139.4575259,
              35.8951591
            ],
            [
              139.4581559,
              35.8954897
            ],
            [
              139.4588199,
              35.895843
            ],
            [
              139.4605364,
              35.8967499
            ],
            [
              139.4609099,
              35.8969508
            ],
            [
              139.4617788,
              35.897432
            ],
            [
              139.4623286,
              35.8977626
            ],
            [
              139.4627686,
              35.8980316
            ],
            [
              139.4634374,
              35.8984814
            ],
            [
              139.4641325,
              35.8989631
            ],
            [
              139.4644498,
              35.899191
            ],
            [
              139.4648776,
              35.8994869
            ],
            [
              139.4652329,
              35.8997328
            ],
            [
              139.4665309,
              35.9006444
            ],
            [
              139.4679264,
              35.9016459
            ],
            [
              139.4692805,
              35.9026692
            ],
            [
              139.4705505,
              35.9036283
            ],
            [
              139.4706192,
              35.9036802
            ],
            [
              139.4706996,
              35.9037421
            ],
            [
              139.4712118,
              35.9041366
            ],
            [
              139.4716023,
              35.9044439
            ],
            [
              139.4719509,
              35.9047449
            ],
            [
              139.4724534,
              35.9051741
            ],
            [
              139.4729053,
              35.9055207
            ],
            [
              139.4732797,
              35.905826
            ],
            [
              139.4733346,
              35.9057758
            ],
            [
              139.4734738,
              35.9056512
            ],
            [
              139.4741882,
              35.9050198
            ],
            [
              139.4742658,
              35.9049523
            ],
            [
              139.4749304,
              35.904379
            ],
            [
              139.4755433,
              35.9038388
            ],
            [
              139.4758875,
              35.9035443
            ],
            [
              139.4761986,
              35.9032772
            ],
            [
              139.4766091,
              35.9029273
            ],
            [
              139.4768402,
              35.9027355
            ],
            [
              139.4770518,
              35.902572
            ],
            [
              139.4770874,
              35.9025473
            ],
            [
              139.4771883,
              35.9024773
            ],
            [
              139.477271,
              35.9024324
            ],
            [
              139.4773503,
              35.9023891
            ],
            [
              139.4773847,
              35.9023705
            ],
            [
              139.4774965,
              35.9023249
            ],
            [
              139.4776684,
              35.9022739
            ],
            [
              139.477865,
              35.9022249
            ],
            [
              139.4781666,
              35.9021542
            ],
            [
              139.4783127,
              35.9021142
            ],
            [
              139.4787423,
              35.9019919
            ],
            [
              139.4796409,
              35.9017771
            ],
            [
              139.4805475,
              35.9015621
            ],
            [
              139.4807975,
              35.9015041
            ],
            [
              139.4814058,
              35.9013582
            ],
            [
              139.4815144,
              35.9013321
            ],
            [
              139.4816236,
              35.9013052
            ],
            [
              139.4819178,
              35.9012327
            ],
            [
              139.4825408,
              35.9010809
            ],
            [
              139.4827848,
              35.9010214
            ],
            [
              139.4832223,
              35.9009148
            ],
            [
              139.4833261,
              35.9008909
            ],
            [
              139.4837241,
              35.9007992
            ],
            [
              139.4845616,
              35.9005909
            ],
            [
              139.4848156,
              35.9005348
            ],
            [
              139.4849445,
              35.9005028
            ],
            [
              139.4852107,
              35.9004366
            ],
            [
              139.4859469,
              35.9002613
            ],
            [
              139.4860174,
              35.9002506
            ],
            [
              139.4860991,
              35.9002519
            ],
            [
              139.4861777,
              35.9002665
            ],
            [
              139.4862532,
              35.9002971
            ],
            [
              139.4863003,
              35.9003261
            ],
            [
              139.4863426,
              35.9003678
            ],
            [
              139.4864722,
              35.9005158
            ],
            [
              139.4865314,
              35.9006
            ],
            [
              139.4867966,
              35.9009504
            ],
            [
              139.4869789,
              35.9011797
            ],
            [
              139.4870985,
              35.9013194
            ],
            [
              139.4872935,
              35.9015214
            ],
            [
              139.4874814,
              35.9016871
            ],
            [
              139.4876658,
              35.901844
            ],
            [
              139.4878222,
              35.9019775
            ],
            [
              139.4881152,
              35.9022264
            ],
            [
              139.4883951,
              35.9024697
            ],
            [
              139.4884618,
              35.9025228
            ],
            [
              139.4893591,
              35.9033053
            ],
            [
              139.4897837,
              35.903668
            ],
            [
              139.4901723,
              35.9039999
            ],
            [
              139.4902603,
              35.9040751
            ],
            [
              139.4903233,
              35.9041302
            ],
            [
              139.4904888,
              35.9042747
            ],
            [
              139.4906183,
              35.9043862
            ],
            [
              139.4909483,
              35.9046742
            ],
            [
              139.4916332,
              35.9052633
            ],
            [
              139.4926803,
              35.9061605
            ],
            [
              139.493011,
              35.9064499
            ],
            [
              139.4934629,
              35.9068454
            ],
            [
              139.4937571,
              35.9070836
            ],
            [
              139.4940377,
              35.9073216
            ],
            [
              139.4942583,
              35.9075101
            ],
            [
              139.4946492,
              35.9078658
            ],
            [
              139.4947538,
              35.9079475
            ],
            [
              139.4950511,
              35.9082089
            ],
            [
              139.4958697,
              35.9089122
            ],
            [
              139.4959914,
              35.9090226
            ],
            [
              139.4965811,
              35.9095264
            ],
            [
              139.4967259,
              35.9096472
            ],
            [
              139.4969763,
              35.9098859
            ],
            [
              139.4972488,
              35.9101665
            ],
            [
              139.4973805,
              35.9103115
            ],
            [
              139.4975037,
              35.9104817
            ],
            [
              139.4976406,
              35.9106812
            ],
            [
              139.4977138,
              35.9107999
            ],
            [
              139.4977868,
              35.9109197
            ],
            [
              139.4979361,
              35.9111919
            ],
            [
              139.4980388,
              35.9113911
            ],
            [
              139.4981886,
              35.9116851
            ],
            [
              139.4982948,
              35.911898
            ],
            [
              139.4986264,
              35.9125603
            ],
            [
              139.4989205,
              35.9131296
            ],
            [
              139.4990707,
              35.9134063
            ],
            [
              139.499233,
              35.9137395
            ],
            [
              139.4993977,
              35.9140601
            ],
            [
              139.4995337,
              35.9142878
            ],
            [
              139.4997715,
              35.9147639
            ],
            [
              139.4999665,
              35.9151643
            ],
            [
              139.5004144,
              35.9159593
            ],
            [
              139.5004649,
              35.9160346
            ],
            [
              139.5005007,
              35.9160879
            ],
            [
              139.5009845,
              35.916809
            ],
            [
              139.5015476,
              35.917661
            ],
            [
              139.5018323,
              35.9180887
            ],
            [
              139.5021248,
              35.9185323
            ],
            [
              139.5022269,
              35.9186919
            ],
            [
              139.5023842,
              35.9189413
            ],
            [
              139.5025009,
              35.919097
            ],
            [
              139.5026202,
              35.9192146
            ],
            [
              139.5026932,
              35.9192749
            ],
            [
              139.5027423,
              35.9193071
            ],
            [
              139.5029274,
              35.9193935
            ],
            [
              139.5032019,
              35.9194687
            ],
            [
              139.5043204,
              35.9195584
            ],
            [
              139.5046039,
              35.9195715
            ],
            [
              139.5050946,
              35.9195912
            ],
            [
              139.5052565,
              35.9195977
            ],
            [
              139.5053938,
              35.9196013
            ],
            [
              139.5056116,
              35.9196071
            ],
            [
              139.5058674,
              35.9196066
            ],
            [
              139.5061597,
              35.9195933
            ],
            [
              139.5067339,
              35.9195421
            ],
            [
              139.507505,
              35.9194556
            ],
            [
              139.507905,
              35.9194137
            ],
            [
              139.508488,
              35.9193526
            ],
            [
              139.5096586,
              35.91923
            ],
            [
              139.510059,
              35.9191824
            ],
            [
              139.5111021,
              35.9190695
            ],
            [
              139.5116658,
              35.9190085
            ],
            [
              139.5122295,
              35.9189475
            ],
            [
              139.5133473,
              35.9188244
            ],
            [
              139.5136792,
              35.9187837
            ],
            [
              139.5142305,
              35.9186956
            ],
            [
              139.5145574,
              35.9186235
            ],
            [
              139.5149819,
              35.9185139
            ],
            [
              139.5156079,
              35.9183471
            ],
            [
              139.5159697,
              35.9182384
            ],
            [
              139.5167303,
              35.9179675
            ],
            [
              139.5169209,
              35.9179028
            ],
            [
              139.5177289,
              35.9176287
            ],
            [
              139.5185335,
              35.9173555
            ],
            [
              139.5201775,
              35.916749
            ],
            [
              139.5202215,
              35.9167327
            ],
            [
              139.5208813,
              35.9164967
            ],
            [
              139.5220868,
              35.9160799
            ],
            [
              139.5228972,
              35.915798
            ],
            [
              139.5236193,
              35.9155574
            ],
            [
              139.5243615,
              35.915386
            ],
            [
              139.5247471,
              35.9153238
            ],
            [
              139.525124,
              35.9152748
            ],
            [
              139.5262839,
              35.9151443
            ],
            [
              139.5270127,
              35.9150755
            ],
            [
              139.52742,
              35.915037
            ],
            [
              139.5279848,
              35.9149583
            ],
            [
              139.5286126,
              35.914839
            ],
            [
              139.5293908,
              35.91462
            ],
            [
              139.529439,
              35.9146064
            ],
            [
              139.5298688,
              35.9144626
            ],
            [
              139.5307458,
              35.9141697
            ],
            [
              139.5326707,
              35.9135309
            ],
            [
              139.5339215,
              35.9131161
            ],
            [
              139.5343642,
              35.9129864
            ],
            [
              139.534814,
              35.9128638
            ],
            [
              139.5354172,
              35.9127306
            ],
            [
              139.5358045,
              35.9126671
            ],
            [
              139.5361608,
              35.9126238
            ],
            [
              139.5365515,
              35.912578
            ],
            [
              139.5369629,
              35.9125629
            ],
            [
              139.5373307,
              35.9125639
            ],
            [
              139.5376809,
              35.9125908
            ],
            [
              139.5381848,
              35.912669
            ],
            [
              139.5383099,
              35.9126914
            ],
            [
              139.538465,
              35.9127287
            ],
            [
              139.5387052,
              35.9127968
            ],
            [
              139.5388726,
              35.9128467
            ],
            [
              139.5553914,
              35.9181456
            ],
            [
              139.5556463,
              35.9182301
            ],
            [
              139.5561189,
              35.9183855
            ],
            [
              139.5568865,
              35.918646
            ],
            [
              139.5574491,
              35.9188642
            ],
            [
              139.5578986,
              35.9190541
            ],
            [
              139.5584501,
              35.9193187
            ],
            [
              139.5593296,
              35.9198003
            ],
            [
              139.5598557,
              35.9201127
            ],
            [
              139.5608925,
              35.9208136
            ],
            [
              139.5618076,
              35.9214412
            ],
            [
              139.5624508,
              35.9218776
            ],
            [
              139.5628316,
              35.9221272
            ],
            [
              139.563372,
              35.9224457
            ],
            [
              139.5636224,
              35.9225877
            ],
            [
              139.5639495,
              35.9227582
            ],
            [
              139.5642597,
              35.9229115
            ],
            [
              139.5646685,
              35.9230909
            ],
            [
              139.5650265,
              35.9232292
            ],
            [
              139.5656672,
              35.9234564
            ],
            [
              139.5662647,
              35.9236187
            ],
            [
              139.5669391,
              35.9237639
            ],
            [
              139.5674668,
              35.9238374
            ],
            [
              139.5680576,
              35.9238961
            ],
            [
              139.5704658,
              35.9240147
            ],
            [
              139.5712919,
              35.9240484
            ],
            [
              139.5725609,
              35.9241136
            ],
            [
              139.5735064,
              35.9241521
            ],
            [
              139.5749501,
              35.9242279
            ],
            [
              139.575542,
              35.9242485
            ],
            [
              139.5762809,
              35.9242846
            ],
            [
              139.577126,
              35.9243359
            ],
            [
              139.5776604,
              35.9243677
            ],
            [
              139.5784297,
              35.9244121
            ],
            [
              139.5791627,
              35.9244366
            ],
            [
              139.5801042,
              35.9244733
            ],
            [
              139.5807775,
              35.9245117
            ],
            [
              139.582258,
              35.9245918
            ],
            [
              139.5830292,
              35.9246669
            ],
            [
              139.5832624,
              35.9246848
            ],
            [
              139.5836009,
              35.9247179
            ],
            [
              139.5847021,
              35.924874
            ],
            [
              139.5858069,
              35.9250782
            ],
            [
              139.586506,
              35.9252344
            ],
            [
              139.5870418,
              35.9253689
            ],
            [
              139.5878082,
              35.9255799
            ],
            [
              139.5883472,
              35.925747
            ],
            [
              139.5887874,
              35.9259178
            ],
            [
              139.5890824,
              35.9260426
            ],
            [
              139.5893959,
              35.9261751
            ],
            [
              139.5896739,
              35.9263325
            ],
            [
              139.5899449,
              35.9264876
            ],
            [
              139.5904106,
              35.9268113
            ],
            [
              139.5907108,
              35.9270377
            ],
            [
              139.5910272,
              35.9273283
            ],
            [
              139.5912727,
              35.9275728
            ],
            [
              139.5915778,
              35.9278987
            ],
            [
              139.5918714,
              35.9282531
            ],
            [
              139.5921482,
              35.928618
            ],
            [
              139.5927477,
              35.9293113
            ],
            [
              139.5929644,
              35.9295288
            ],
            [
              139.5931554,
              35.9297152
            ],
            [
              139.5933212,
              35.9298141
            ],
            [
              139.5941355,
              35.9305827
            ],
            [
              139.5944887,
              35.9309963
            ],
            [
              139.5946416,
              35.9311842
            ],
            [
              139.5949556,
              35.9315524
            ],
            [
              139.5953203,
              35.931998
            ],
            [
              139.5955756,
              35.9322982
            ],
            [
              139.5962662,
              35.9331102
            ],
            [
              139.5973552,
              35.9343756
            ],
            [
              139.5976822,
              35.9347688
            ],
            [
              139.5980473,
              35.9351993
            ],
            [
              139.5991257,
              35.9364563
            ],
            [
              139.5996778,
              35.9371086
            ],
            [
              139.600485,
              35.9380413
            ],
            [
              139.6007795,
              35.9383816
            ],
            [
              139.6007965,
              35.9384013
            ],
            [
              139.6015487,
              35.9392894
            ],
            [
              139.6017011,
              35.939473
            ],
            [
              139.6020393,
              35.9398801
            ],
            [
              139.6021741,
              35.9400347
            ],
            [
              139.6028192,
              35.9407743
            ],
            [
              139.6036217,
              35.9417153
            ],
            [
              139.6038613,
              35.9419965
            ],
            [
              139.6043799,
              35.9426218
            ],
            [
              139.6044107,
              35.9426628
            ],
            [
              139.6044697,
              35.9427412
            ],
            [
              139.6059572,
              35.9444743
            ],
            [
              139.6063797,
              35.9449721
            ],
            [
              139.60684,
              35.9455048
            ],
            [
              139.6071594,
              35.9458948
            ],
            [
              139.6073066,
              35.9460785
            ],
            [
              139.6074614,
              35.9462854
            ],
            [
              139.6075793,
              35.946464
            ],
            [
              139.6076694,
              35.9466299
            ],
            [
              139.6077584,
              35.946803
            ],
            [
              139.607947,
              35.9472124
            ],
            [
              139.6080532,
              35.9475309
            ],
            [
              139.6081166,
              35.9477548
            ],
            [
              139.608165,
              35.947978
            ],
            [
              139.6082009,
              35.9482082
            ],
            [
              139.6082332,
              35.9485119
            ],
            [
              139.6082471,
              35.9488002
            ],
            [
              139.6082045,
              35.9495322
            ],
            [
              139.6081361,
              35.9503936
            ],
            [
              139.6080924,
              35.9511323
            ],
            [
              139.6080944,
              35.9513833
            ],
            [
              139.6080105,
              35.9528797
            ],
            [
              139.6079775,
              35.9535352
            ],
            [
              139.6082915,
              35.9537165
            ],
            [
              139.6088639,
              35.9539685
            ],
            [
              139.6096304,
              35.9543142
            ],
            [
              139.6101862,
              35.9545603
            ],
            [
              139.610271,
              35.9545978
            ],
            [
              139.6105915,
              35.9547314
            ],
            [
              139.6107895,
              35.9548065
            ],
            [
              139.6109428,
              35.9548617
            ],
            [
              139.6111052,
              35.9549123
            ],
            [
              139.6115549,
              35.9550385
            ],
            [
              139.6120366,
              35.955166
            ],
            [
              139.61245,
              35.9552735
            ],
            [
              139.6130526,
              35.9554262
            ],
            [
              139.613624,
              35.9555997
            ],
            [
              139.6137861,
              35.9556479
            ],
            [
              139.6149665,
              35.9560373
            ],
            [
              139.6159844,
              35.9563786
            ],
            [
              139.6165215,
              35.9565586
            ],
            [
              139.6171302,
              35.9567689
            ],
            [
              139.6177694,
              35.9569951
            ],
            [
              139.6186587,
              35.9572769
            ],
            [
              139.6192063,
              35.9574234
            ],
            [
              139.6197602,
              35.9575451
            ],
            [
              139.6203981,
              35.957669
            ],
            [
              139.6205475,
              35.9576959
            ],
            [
              139.6207371,
              35.9577301
            ],
            [
              139.6211443,
              35.9578048
            ],
            [
              139.6214319,
              35.9578576
            ],
            [
              139.6217975,
              35.9579315
            ],
            [
              139.6223535,
              35.9580537
            ],
            [
              139.6226087,
              35.9581165
            ],
            [
              139.622836,
              35.9581774
            ],
            [
              139.6230776,
              35.9582463
            ],
            [
              139.6232226,
              35.9582919
            ],
            [
              139.6233405,
              35.958329
            ],
            [
              139.6235905,
              35.9584144
            ],
            [
              139.6241456,
              35.9586287
            ],
            [
              139.6244918,
              35.9587803
            ],
            [
              139.6247972,
              35.9589246
            ],
            [
              139.6251503,
              35.9591146
            ],
            [
              139.6254365,
              35.9592807
            ],
            [
              139.6257705,
              35.9594954
            ],
            [
              139.6264746,
              35.9599866
            ],
            [
              139.6269543,
              35.9603156
            ],
            [
              139.6277071,
              35.9608382
            ],
            [
              139.6281617,
              35.9611276
            ],
            [
              139.6286197,
              35.9613986
            ],
            [
              139.629114,
              35.9616656
            ],
            [
              139.6295665,
              35.961886
            ],
            [
              139.6299363,
              35.9620387
            ],
            [
              139.6303712,
              35.9622051
            ],
            [
              139.6310623,
              35.9624364
            ],
            [
              139.6320965,
              35.9627199
            ],
            [
              139.6330271,
              35.9629475
            ],
            [
              139.6338672,
              35.963153
            ],
            [
              139.6345184,
              35.9632998
            ],
            [
              139.6354027,
              35.9634992
            ],
            [
              139.6365028,
              35.96374
            ],
            [
              139.6367325,
              35.9637857
            ],
            [
              139.6378191,
              35.9640021
            ],
            [
              139.6383799,
              35.9640834
            ],
            [
              139.6390478,
              35.9641546
            ],
            [
              139.6398743,
              35.9641911
            ],
            [
              139.6404727,
              35.9641991
            ],
            [
              139.6408712,
              35.9641797
            ],
            [
              139.6412751,
              35.9641559
            ],
            [
              139.6417621,
              35.9641049
            ],
            [
              139.6420506,
              35.964069
            ],
            [
              139.6423285,
              35.9640303
            ],
            [
              139.6425191,
              35.9639991
            ],
            [
              139.6427594,
              35.9639544
            ],
            [
              139.6431405,
              35.9638739
            ],
            [
              139.6435478,
              35.963774
            ],
            [
              139.6437964,
              35.9637045
            ],
            [
              139.6440515,
              35.963628
            ],
            [
              139.6443092,
              35.963546
            ],
            [
              139.6445296,
              35.9634713
            ],
            [
              139.6447581,
              35.9633878
            ],
            [
              139.6448878,
              35.9633371
            ],
            [
              139.6450732,
              35.9632667
            ],
            [
              139.645264,
              35.9631919
            ],
            [
              139.6456268,
              35.9630401
            ],
            [
              139.64605,
              35.962853
            ],
            [
              139.646927,
              35.9624444
            ],
            [
              139.6470094,
              35.9624074
            ],
            [
              139.6481854,
              35.9618794
            ],
            [
              139.6492919,
              35.9613654
            ],
            [
              139.6502018,
              35.9609464
            ],
            [
              139.6512889,
              35.9604585
            ],
            [
              139.6521103,
              35.960069
            ],
            [
              139.6527583,
              35.9597606
            ],
            [
              139.6530852,
              35.9596068
            ],
            [
              139.6532104,
              35.9595509
            ],
            [
              139.6533621,
              35.9594769
            ],
            [
              139.6536771,
              35.9593227
            ],
            [
              139.6537326,
              35.9592987
            ],
            [
              139.6538947,
              35.9592287
            ],
            [
              139.6543099,
              35.9590333
            ],
            [
              139.6545243,
              35.9589324
            ],
            [
              139.6551015,
              35.9586679
            ],
            [
              139.6553998,
              35.9585333
            ],
            [
              139.6559389,
              35.95829
            ],
            [
              139.6565505,
              35.9580053
            ],
            [
              139.6571137,
              35.957742
            ],
            [
              139.6572358,
              35.9576849
            ],
            [
              139.6582478,
              35.9571506
            ],
            [
              139.6582988,
              35.9571239
            ],
            [
              139.6584999,
              35.9570142
            ],
            [
              139.6585329,
              35.9569956
            ],
            [
              139.6587891,
              35.9568504
            ],
            [
              139.6594005,
              35.9565199
            ],
            [
              139.659822,
              35.9562672
            ],
            [
              139.6599661,
              35.956175
            ],
            [
              139.6604828,
              35.9558459
            ],
            [
              139.6613359,
              35.9552991
            ],
            [
              139.6621729,
              35.9547825
            ],
            [
              139.6627933,
              35.9543969
            ],
            [
              139.6639836,
              35.9536336
            ],
            [
              139.6643499,
              35.9533987
            ],
            [
              139.6648546,
              35.9530788
            ],
            [
              139.6650389,
              35.952965
            ],
            [
              139.6651428,
              35.9529008
            ],
            [
              139.665604,
              35.9526087
            ],
            [
              139.6660424,
              35.9523468
            ],
            [
              139.6664758,
              35.9520733
            ],
            [
              139.6671855,
              35.9516232
            ],
            [
              139.6677165,
              35.9512876
            ],
            [
              139.6683618,
              35.9508941
            ],
            [
              139.6696192,
              35.9500788
            ],
            [
              139.6698224,
              35.9499389
            ],
            [
              139.6703546,
              35.9495723
            ],
            [
              139.6712216,
              35.9488466
            ],
            [
              139.6718495,
              35.9482602
            ],
            [
              139.6723366,
              35.9477617
            ],
            [
              139.6728395,
              35.9472383
            ],
            [
              139.6730902,
              35.9469726
            ],
            [
              139.6735394,
              35.9464311
            ],
            [
              139.6748861,
              35.9448229
            ],
            [
              139.6752783,
              35.944365
            ],
            [
              139.6756603,
              35.9439298
            ],
            [
              139.6759835,
              35.9435801
            ],
            [
              139.6762866,
              35.9432718
            ],
            [
              139.67666,
              35.9429269
            ],
            [
              139.6767962,
              35.9428114
            ],
            [
              139.6771233,
              35.9425443
            ],
            [
              139.6776035,
              35.9422012
            ],
            [
              139.6778691,
              35.9420221
            ],
            [
              139.678196,
              35.9418213
            ],
            [
              139.6785396,
              35.9416193
            ],
            [
              139.6789829,
              35.9413797
            ],
            [
              139.6796339,
              35.941067
            ],
            [
              139.6801241,
              35.940838
            ],
            [
              139.6804259,
              35.9406937
            ],
            [
              139.6807486,
              35.9405546
            ],
            [
              139.6813613,
              35.9402863
            ],
            [
              139.6814626,
              35.9402488
            ],
            [
              139.6818215,
              35.9401162
            ],
            [
              139.6819805,
              35.9400644
            ],
            [
              139.6821837,
              35.9400092
            ],
            [
              139.6825962,
              35.9399291
            ],
            [
              139.6828668,
              35.9398862
            ],
            [
              139.6829308,
              35.9398761
            ],
            [
              139.683322,
              35.9398331
            ],
            [
              139.6836121,
              35.939813
            ],
            [
              139.684048,
              35.9398142
            ],
            [
              139.6843767,
              35.9398266
            ],
            [
              139.6846464,
              35.9398499
            ],
            [
              139.6848217,
              35.9398768
            ],
            [
              139.6855576,
              35.9400269
            ],
            [
              139.6856004,
              35.9400351
            ],
            [
              139.6857681,
              35.9400652
            ],
            [
              139.6860034,
              35.9401075
            ],
            [
              139.6863464,
              35.94018
            ],
            [
              139.6867376,
              35.9402569
            ],
            [
              139.6871245,
              35.9403449
            ],
            [
              139.6874542,
              35.9404122
            ],
            [
              139.6879462,
              35.9405013
            ],
            [
              139.6881794,
              35.9405413
            ],
            [
              139.688785,
              35.9406452
            ],
            [
              139.6893314,
              35.9407492
            ],
            [
              139.6900167,
              35.9408775
            ],
            [
              139.6915986,
              35.9412068
            ],
            [
              139.6917442,
              35.9412371
            ],
            [
              139.6928968,
              35.9414616
            ],
            [
              139.6936349,
              35.9416054
            ],
            [
              139.6938408,
              35.9416444
            ],
            [
              139.6942405,
              35.9417301
            ],
            [
              139.694433,
              35.9417683
            ],
            [
              139.6945322,
              35.9417851
            ],
            [
              139.6950336,
              35.9418598
            ],
            [
              139.6957014,
              35.9419889
            ],
            [
              139.6962614,
              35.9420912
            ],
            [
              139.6968598,
              35.9421796
            ],
            [
              139.6975608,
              35.9422466
            ],
            [
              139.6985171,
              35.9423331
            ],
            [
              139.6994423,
              35.9424328
            ],
            [
              139.7006845,
              35.9425839
            ],
            [
              139.7019182,
              35.9427097
            ],
            [
              139.7021722,
              35.9427379
            ],
            [
              139.70274,
              35.9428008
            ],
            [
              139.7027766,
              35.9428049
            ],
            [
              139.7031473,
              35.9428447
            ],
            [
              139.7041512,
              35.9429335
            ],
            [
              139.7044083,
              35.9429644
            ],
            [
              139.7047203,
              35.943007
            ],
            [
              139.7048945,
              35.943031
            ],
            [
              139.7051949,
              35.9430862
            ],
            [
              139.7055621,
              35.9431648
            ],
            [
              139.7059705,
              35.9432904
            ],
            [
              139.7065689,
              35.9435149
            ],
            [
              139.7068496,
              35.943627
            ],
            [
              139.7073776,
              35.9438581
            ],
            [
              139.7078239,
              35.9440531
            ],
            [
              139.7089044,
              35.9445146
            ],
            [
              139.7089943,
              35.9445517
            ],
            [
              139.7095411,
              35.944777
            ],
            [
              139.7102882,
              35.9451001
            ],
            [
              139.7106252,
              35.9452459
            ],
            [
              139.7110932,
              35.9454483
            ],
            [
              139.711738,
              35.9457255
            ],
            [
              139.7128233,
              35.9461771
            ],
            [
              139.7132066,
              35.9463386
            ],
            [
              139.7138805,
              35.9466851
            ],
            [
              139.7140457,
              35.9467891
            ],
            [
              139.714447,
              35.9471014
            ],
            [
              139.7146596,
              35.9472668
            ],
            [
              139.7150744,
              35.9476473
            ],
            [
              139.7155425,
              35.9480533
            ],
            [
              139.7163968,
              35.9488084
            ],
            [
              139.7166252,
              35.9490239
            ],
            [
              139.7168601,
              35.9492301
            ],
            [
              139.7170646,
              35.9494095
            ],
            [
              139.717313,
              35.9496273
            ],
            [
              139.7173302,
              35.9496424
            ],
            [
              139.7178399,
              35.950094
            ],
            [
              139.718098,
              35.950326
            ],
            [
              139.7183602,
              35.9505589
            ],
            [
              139.7185121,
              35.9507002
            ],
            [
              139.7186072,
              35.9507836
            ],
            [
              139.71892,
              35.9510628
            ],
            [
              139.7193285,
              35.9514326
            ],
            [
              139.7196205,
              35.9516431
            ],
            [
              139.7198207,
              35.9517786
            ],
            [
              139.7199992,
              35.9518877
            ],
            [
              139.7202089,
              35.9520077
            ],
            [
              139.7209196,
              35.9523736
            ],
            [
              139.7214903,
              35.9526731
            ],
            [
              139.7217307,
              35.952799
            ],
            [
              139.7228629,
              35.9533916
            ],
            [
              139.7237706,
              35.9538584
            ],
            [
              139.7246795,
              35.9543229
            ],
            [
              139.7254683,
              35.954747
            ],
            [
              139.7255665,
              35.9547998
            ],
            [
              139.7259766,
              35.955043
            ],
            [
              139.7263446,
              35.9552871
            ],
            [
              139.7264653,
              35.955383
            ],
            [
              139.7268724,
              35.9557092
            ],
            [
              139.7270809,
              35.9558938
            ],
            [
              139.7272945,
              35.9560965
            ],
            [
              139.7275747,
              35.9564282
            ],
            [
              139.7277743,
              35.9566776
            ],
            [
              139.7279296,
              35.956891
            ],
            [
              139.7284862,
              35.9577293
            ],
            [
              139.7288032,
              35.9582227
            ],
            [
              139.7290223,
              35.9585809
            ],
            [
              139.7293994,
              35.9591974
            ],
            [
              139.7295074,
              35.9593676
            ],
            [
              139.7297013,
              35.9596731
            ],
            [
              139.7298024,
              35.9598333
            ],
            [
              139.7308088,
              35.9614866
            ],
            [
              139.7312704,
              35.9621837
            ],
            [
              139.7313274,
              35.9622703
            ],
            [
              139.7316789,
              35.9628176
            ],
            [
              139.7321585,
              35.9636079
            ],
            [
              139.7324723,
              35.9640945
            ],
            [
              139.7328597,
              35.9646951
            ],
            [
              139.7336277,
              35.9659143
            ],
            [
              139.7339083,
              35.9663818
            ],
            [
              139.7340878,
              35.9666626
            ],
            [
              139.7341766,
              35.9668053
            ],
            [
              139.7345369,
              35.9673757
            ],
            [
              139.7349985,
              35.9681263
            ],
            [
              139.7355372,
              35.968982
            ],
            [
              139.7359905,
              35.9696914
            ],
            [
              139.7361636,
              35.9699839
            ],
            [
              139.7361749,
              35.9700029
            ],
            [
              139.7362947,
              35.9702173
            ],
            [
              139.7364029,
              35.9704479
            ],
            [
              139.7364851,
              35.9706577
            ],
            [
              139.73658,
              35.9709906
            ],
            [
              139.7366333,
              35.9712735
            ],
            [
              139.7366417,
              35.9713774
            ],
            [
              139.7366488,
              35.9715162
            ],
            [
              139.7366491,
              35.9717177
            ],
            [
              139.7366376,
              35.9719577
            ],
            [
              139.7366057,
              35.9721869
            ],
            [
              139.7365214,
              35.9724968
            ],
            [
              139.7362933,
              35.9733874
            ],
            [
              139.7362472,
              35.9735604
            ],
            [
              139.7361131,
              35.9740639
            ],
            [
              139.7359326,
              35.9747943
            ],
            [
              139.7358823,
              35.9750104
            ],
            [
              139.7358476,
              35.9751556
            ],
            [
              139.735826,
              35.975384
            ],
            [
              139.7358155,
              35.9755386
            ],
            [
              139.7358085,
              35.9756426
            ],
            [
              139.7358152,
              35.9760724
            ],
            [
              139.7358528,
              35.9763566
            ],
            [
              139.7358725,
              35.9764511
            ],
            [
              139.7359006,
              35.9765571
            ],
            [
              139.7359504,
              35.9767616
            ],
            [
              139.7360121,
              35.9769823
            ],
            [
              139.7361894,
              35.9774205
            ],
            [
              139.7366967,
              35.978456
            ],
            [
              139.7368945,
              35.9788712
            ],
            [
              139.7371992,
              35.9794714
            ],
            [
              139.7377607,
              35.9806401
            ],
            [
              139.7386385,
              35.9824004
            ],
            [
              139.7388608,
              35.9828498
            ],
            [
              139.7394741,
              35.9840693
            ],
            [
              139.7397078,
              35.9845601
            ],
            [
              139.7397394,
              35.9846265
            ],
            [
              139.7397539,
              35.9846599
            ],
            [
              139.7398294,
              35.9848106
            ],
            [
              139.7398794,
              35.984903
            ],
            [
              139.7399218,
              35.9849768
            ],
            [
              139.7399844,
              35.9850866
            ],
            [
              139.7402107,
              35.985439
            ],
            [
              139.7402734,
              35.9855365
            ],
            [
              139.7404123,
              35.9857043
            ],
            [
              139.7406023,
              35.9859338
            ],
            [
              139.7407561,
              35.9860901
            ],
            [
              139.7409457,
              35.986264
            ],
            [
              139.7412384,
              35.9864872
            ],
            [
              139.7413971,
              35.9866108
            ],
            [
              139.7416435,
              35.9867592
            ],
            [
              139.7418787,
              35.9868995
            ],
            [
              139.7421681,
              35.9870479
            ],
            [
              139.7424124,
              35.9871611
            ],
            [
              139.7426139,
              35.9872457
            ],
            [
              139.7428949,
              35.987347
            ],
            [
              139.7431891,
              35.9874373
            ],
            [
              139.7440241,
              35.9876529
            ],
            [
              139.7443959,
              35.9877557
            ],
            [
              139.744738,
              35.9878569
            ],
            [
              139.7449525,
              35.9879261
            ],
            [
              139.7451591,
              35.9880018
            ],
            [
              139.7454143,
              35.9881105
            ],
            [
              139.7456302,
              35.9882115
            ],
            [
              139.7465299,
              35.9886873
            ],
            [
              139.7472437,
              35.9890764
            ],
            [
              139.7479617,
              35.9894476
            ],
            [
              139.7487522,
              35.9898712
            ],
            [
              139.7489161,
              35.9899593
            ],
            [
              139.7495564,
              35.9903042
            ],
            [
              139.7506194,
              35.9908675
            ],
            [
              139.7513263,
              35.9912227
            ],
            [
              139.7517093,
              35.9913751
            ],
            [
              139.752097,
              35.9915144
            ],
            [
              139.7524737,
              35.9916196
            ],
            [
              139.7528127,
              35.9917034
            ],
            [
              139.753152,
              35.9917652
            ],
            [
              139.754386,
              35.9919757
            ],
            [
              139.7560719,
              35.9922842
            ],
            [
              139.7567235,
              35.9923964
            ],
            [
              139.7568035,
              35.9924103
            ],
            [
              139.757722,
              35.9925691
            ],
            [
              139.7579883,
              35.9926211
            ],
            [
              139.7582753,
              35.9926753
            ],
            [
              139.7591912,
              35.9928481
            ],
            [
              139.7598739,
              35.9929697
            ],
            [
              139.7602743,
              35.9930355
            ],
            [
              139.7609127,
              35.9931378
            ],
            [
              139.7610232,
              35.9931492
            ],
            [
              139.7623186,
              35.9932726
            ],
            [
              139.7630854,
              35.9932999
            ],
            [
              139.7637995,
              35.9933033
            ],
            [
              139.7639603,
              35.9933023
            ],
            [
              139.764605,
              35.9932986
            ],
            [
              139.7649915,
              35.9932771
            ],
            [
              139.7658417,
              35.9931979
            ],
            [
              139.766794,
              35.9930608
            ],
            [
              139.766961,
              35.9930368
            ],
            [
              139.7675689,
              35.9929377
            ],
            [
              139.7680706,
              35.9928559
            ],
            [
              139.7686137,
              35.9927642
            ],
            [
              139.7706793,
              35.9924157
            ],
            [
              139.7732163,
              35.9919876
            ],
            [
              139.774242,
              35.9918159
            ],
            [
              139.775303,
              35.991624
            ],
            [
              139.775848,
              35.991524
            ],
            [
              139.7781197,
              35.9911554
            ],
            [
              139.7809733,
              35.9906574
            ],
            [
              139.7816854,
              35.9905368
            ],
            [
              139.7825813,
              35.9903922
            ],
            [
              139.7835507,
              35.9902264
            ],
            [
              139.7844696,
              35.9900713
            ],
            [
              139.7859481,
              35.9898217
            ],
            [
              139.7869411,
              35.9896599
            ],
            [
              139.7874122,
              35.9895944
            ],
            [
              139.7882362,
              35.9895431
            ],
            [
              139.7887248,
              35.9895288
            ],
            [
              139.7893678,
              35.9895343
            ],
            [
              139.7904986,
              35.9895872
            ],
            [
              139.7912793,
              35.9896084
            ],
            [
              139.792475,
              35.9896476
            ],
            [
              139.7927348,
              35.9896536
            ],
            [
              139.7929,
              35.9896605
            ],
            [
              139.7929678,
              35.9896634
            ],
            [
              139.793154,
              35.9896715
            ],
            [
              139.7939045,
              35.9896969
            ],
            [
              139.7940987,
              35.9897043
            ],
            [
              139.7954763,
              35.9897517
            ],
            [
              139.7962378,
              35.9897884
            ],
            [
              139.7969007,
              35.9897952
            ],
            [
              139.7977186,
              35.9898178
            ],
            [
              139.7987211,
              35.9898361
            ],
            [
              139.7996562,
              35.9898007
            ],
            [
              139.8005527,
              35.9897057
            ],
            [
              139.801135,
              35.9896037
            ],
            [
              139.8017033,
              35.9894791
            ],
            [
              139.8025333,
              35.9892894
            ],
            [
              139.8029738,
              35.989176
            ],
            [
              139.8040252,
              35.9889126
            ],
            [
              139.8047319,
              35.9887438
            ],
            [
              139.8047884,
              35.9887299
            ],
            [
              139.8049534,
              35.9886892
            ],
            [
              139.8057222,
              35.9884995
            ],
            [
              139.8066357,
              35.988289
            ],
            [
              139.8071774,
              35.9881641
            ],
            [
              139.8073232,
              35.9881319
            ],
            [
              139.8073926,
              35.9881166
            ],
            [
              139.8074687,
              35.9881018
            ],
            [
              139.8080793,
              35.9879828
            ],
            [
              139.8086948,
              35.9879137
            ],
            [
              139.8094241,
              35.9878792
            ],
            [
              139.8100788,
              35.9878964
            ],
            [
              139.8105563,
              35.9879313
            ],
            [
              139.8109202,
              35.9879713
            ],
            [
              139.8114467,
              35.988049
            ],
            [
              139.8120329,
              35.9881896
            ],
            [
              139.8123469,
              35.9882649
            ],
            [
              139.8129268,
              35.9884506
            ],
            [
              139.8131112,
              35.9885136
            ],
            [
              139.8132345,
              35.9885557
            ],
            [
              139.8135528,
              35.9886832
            ],
            [
              139.81388,
              35.9888204
            ],
            [
              139.8141042,
              35.9889186
            ],
            [
              139.8143268,
              35.9890321
            ],
            [
              139.8165574,
              35.9902497
            ],
            [
              139.8202157,
              35.9922514
            ],
            [
              139.8222033,
              35.9933081
            ],
            [
              139.8226382,
              35.9935165
            ],
            [
              139.8227021,
              35.9935488
            ],
            [
              139.8228173,
              35.9936069
            ],
            [
              139.8240631,
              35.9941636
            ],
            [
              139.8248929,
              35.9944737
            ],
            [
              139.8249936,
              35.9945048
            ],
            [
              139.8256582,
              35.9947099
            ],
            [
              139.8257747,
              35.9947425
            ],
            [
              139.8264768,
              35.9949154
            ],
            [
              139.8269408,
              35.9950153
            ],
            [
              139.8275721,
              35.995115
            ],
            [
              139.8282698,
              35.9952032
            ],
            [
              139.8303297,
              35.9953808
            ],
            [
              139.8313861,
              35.9954623
            ],
            [
              139.8315224,
              35.9954726
            ],
            [
              139.8323317,
              35.995534
            ],
            [
              139.832478,
              35.9955451
            ],
            [
              139.8326245,
              35.9955563
            ],
            [
              139.8332005,
              35.9956001
            ],
            [
              139.8337829,
              35.9956439
            ],
            [
              139.836797,
              35.9958721
            ],
            [
              139.8398595,
              35.9961082
            ],
            [
              139.840491,
              35.9961541
            ],
            [
              139.8409189,
              35.9961699
            ],
            [
              139.841298,
              35.996174
            ],
            [
              139.841734,
              35.9961678
            ],
            [
              139.8420911,
              35.9961434
            ],
            [
              139.8424179,
              35.9961147
            ],
            [
              139.8427819,
              35.9960748
            ],
            [
              139.8431514,
              35.9960171
            ],
            [
              139.8435938,
              35.9959378
            ],
            [
              139.8440685,
              35.9958288
            ],
            [
              139.8443537,
              35.9957532
            ],
            [
              139.8447145,
              35.995649
            ],
            [
              139.845023,
              35.9955482
            ],
            [
              139.8454468,
              35.9954002
            ],
            [
              139.8459232,
              35.9952046
            ],
            [
              139.8464971,
              35.9949271
            ],
            [
              139.8466911,
              35.9948313
            ],
            [
              139.8468254,
              35.9947555
            ],
            [
              139.8471833,
              35.9945536
            ],
            [
              139.8478381,
              35.9941259
            ],
            [
              139.8484786,
              35.9936281
            ],
            [
              139.8497486,
              35.9923987
            ],
            [
              139.8505307,
              35.9916337
            ],
            [
              139.8510941,
              35.9910825
            ],
            [
              139.8512076,
              35.9909715
            ],
            [
              139.8513261,
              35.9908576
            ],
            [
              139.8518419,
              35.9903623
            ],
            [
              139.8522458,
              35.9899744
            ],
            [
              139.8524306,
              35.9897969
            ],
            [
              139.8537208,
              35.9885452
            ],
            [
              139.8541307,
              35.988147
            ],
            [
              139.8557549,
              35.9865694
            ],
            [
              139.8571188,
              35.9852445
            ],
            [
              139.8584298,
              35.9839503
            ],
            [
              139.8587058,
              35.9836824
            ],
            [
              139.8593259,
              35.9830638
            ],
            [
              139.8594928,
              35.9829047
            ],
            [
              139.8602662,
              35.9821674
            ],
            [
              139.8609382,
              35.9814388
            ],
            [
              139.8615408,
              35.9806543
            ],
            [
              139.861706,
              35.9804036
            ],
            [
              139.8618019,
              35.9802528
            ],
            [
              139.8618342,
              35.9801988
            ],
            [
              139.8619204,
              35.9800547
            ],
            [
              139.8619861,
              35.979935
            ],
            [
              139.8620804,
              35.9797576
            ],
            [
              139.8621819,
              35.9795832
            ],
            [
              139.8622568,
              35.9794165
            ],
            [
              139.863218,
              35.9772766
            ],
            [
              139.8638532,
              35.9758414
            ],
            [
              139.864085,
              35.9753292
            ],
            [
              139.8641403,
              35.9752069
            ],
            [
              139.8654776,
              35.9721998
            ],
            [
              139.8661203,
              35.9707574
            ],
            [
              139.8665004,
              35.9699045
            ],
            [
              139.8667664,
              35.9693076
            ],
            [
              139.8668268,
              35.9691722
            ],
            [
              139.8671193,
              35.968526
            ],
            [
              139.8676892,
              35.9672123
            ],
            [
              139.8679863,
              35.9665733
            ],
            [
              139.8686896,
              35.9649969
            ],
            [
              139.8690059,
              35.9642005
            ],
            [
              139.8692,
              35.9638373
            ],
            [
              139.8693624,
              35.9635913
            ],
            [
              139.869612,
              35.9632206
            ],
            [
              139.8698777,
              35.9628521
            ],
            [
              139.8702434,
              35.96239
            ],
            [
              139.870876,
              35.961646
            ],
            [
              139.8712795,
              35.9611085
            ],
            [
              139.8714503,
              35.9609138
            ],
            [
              139.8717442,
              35.9605586
            ],
            [
              139.8735151,
              35.9583796
            ],
            [
              139.8753971,
              35.9560956
            ],
            [
              139.8762388,
              35.9550629
            ],
            [
              139.8766395,
              35.954585
            ],
            [
              139.8768476,
              35.9543281
            ],
            [
              139.8771997,
              35.9538812
            ],
            [
              139.8772577,
              35.9538076
            ],
            [
              139.8782117,
              35.9526443
            ],
            [
              139.8788349,
              35.9518869
            ],
            [
              139.8793654,
              35.9512421
            ],
            [
              139.879431,
              35.9511624
            ],
            [
              139.8795037,
              35.951074
            ],
            [
              139.8796953,
              35.9508411
            ],
            [
              139.8800344,
              35.9504229
            ],
            [
              139.8807026,
              35.9496053
            ],
            [
              139.8811342,
              35.9490754
            ],
            [
              139.8811955,
              35.9490001
            ],
            [
              139.881296,
              35.9488782
            ],
            [
              139.8813909,
              35.948763
            ],
            [
              139.881512,
              35.9486161
            ],
            [
              139.881767,
              35.9483066
            ],
            [
              139.8822374,
              35.947739
            ],
            [
              139.882262,
              35.9477094
            ],
            [
              139.8838154,
              35.9458123
            ],
            [
              139.8840322,
              35.9455523
            ],
            [
              139.8841797,
              35.9453739
            ],
            [
              139.8850062,
              35.944356
            ],
            [
              139.8855395,
              35.943702
            ],
            [
              139.8859019,
              35.9432479
            ],
            [
              139.8875918,
              35.9411857
            ],
            [
              139.8876471,
              35.9411187
            ],
            [
              139.8888571,
              35.9396525
            ],
            [
              139.8906151,
              35.9375054
            ],
            [
              139.8910664,
              35.9369741
            ],
            [
              139.8913542,
              35.9366257
            ],
            [
              139.8914757,
              35.9364786
            ],
            [
              139.8915359,
              35.9364057
            ],
            [
              139.8915787,
              35.9363533
            ],
            [
              139.8919751,
              35.9358686
            ],
            [
              139.8927074,
              35.9351162
            ],
            [
              139.8927688,
              35.9350595
            ],
            [
              139.8938267,
              35.9340833
            ],
            [
              139.8938589,
              35.9340578
            ],
            [
              139.8952605,
              35.9329481
            ],
            [
              139.895688,
              35.9326616
            ],
            [
              139.8958553,
              35.9325494
            ],
            [
              139.8959967,
              35.9324547
            ],
            [
              139.8960136,
              35.9324434
            ],
            [
              139.8963164,
              35.9322409
            ],
            [
              139.8965976,
              35.9320635
            ],
            [
              139.8967943,
              35.9319394
            ],
            [
              139.8969251,
              35.9318663
            ],
            [
              139.8974964,
              35.9315469
            ],
            [
              139.8975079,
              35.9315409
            ],
            [
              139.8979024,
              35.9313358
            ],
            [
              139.8985254,
              35.9310068
            ],
            [
              139.9000453,
              35.9303473
            ],
            [
              139.90048,
              35.9301753
            ],
            [
              139.9006466,
              35.9301114
            ],
            [
              139.901549,
              35.9297634
            ],
            [
              139.9016817,
              35.9297122
            ],
            [
              139.9018798,
              35.9296345
            ],
            [
              139.9035831,
              35.9289658
            ],
            [
              139.904424,
              35.928634
            ],
            [
              139.9052949,
              35.9282927
            ],
            [
              139.906752,
              35.9277216
            ],
            [
              139.9075546,
              35.927407
            ],
            [
              139.9076817,
              35.9273572
            ],
            [
              139.9079208,
              35.9272635
            ],
            [
              139.9101769,
              35.9263793
            ],
            [
              139.9110375,
              35.926042
            ],
            [
              139.9114121,
              35.9258959
            ],
            [
              139.9121979,
              35.9255899
            ],
            [
              139.9123318,
              35.9255376
            ],
            [
              139.9136762,
              35.9250127
            ],
            [
              139.9143314,
              35.9247571
            ],
            [
              139.9144621,
              35.9247061
            ],
            [
              139.9145706,
              35.924663
            ],
            [
              139.9152176,
              35.9244063
            ],
            [
              139.9161178,
              35.9240503
            ],
            [
              139.9162798,
              35.9239855
            ],
            [
              139.9174425,
              35.9235282
            ],
            [
              139.9185663,
              35.9230862
            ],
            [
              139.9190193,
              35.9229147
            ],
            [
              139.9193761,
              35.922769
            ],
            [
              139.9200032,
              35.9224893
            ],
            [
              139.9201553,
              35.9224144
            ],
            [
              139.9211238,
              35.9219373
            ],
            [
              139.9219968,
              35.9214342
            ],
            [
              139.9225716,
              35.9210742
            ],
            [
              139.9227773,
              35.9209424
            ],
            [
              139.922961,
              35.9208183
            ],
            [
              139.9230563,
              35.9207522
            ],
            [
              139.9231603,
              35.92068
            ],
            [
              139.9233606,
              35.9205372
            ],
            [
              139.923488,
              35.9204449
            ],
            [
              139.923669,
              35.9203094
            ],
            [
              139.9239247,
              35.9201143
            ],
            [
              139.9240227,
              35.9200385
            ],
            [
              139.9240964,
              35.91998
            ],
            [
              139.9244368,
              35.9197031
            ],
            [
              139.9244544,
              35.9196882
            ],
            [
              139.9247742,
              35.919417
            ],
            [
              139.9250325,
              35.9191848
            ],
            [
              139.9250903,
              35.9191305
            ],
            [
              139.9253016,
              35.9189385
            ],
            [
              139.9254318,
              35.9188134
            ],
            [
              139.9255166,
              35.9187279
            ],
            [
              139.9256589,
              35.9185848
            ],
            [
              139.9257583,
              35.9184798
            ],
            [
              139.9259208,
              35.918307
            ],
            [
              139.9260031,
              35.9182172
            ],
            [
              139.9261651,
              35.9180398
            ],
            [
              139.9264013,
              35.9177686
            ],
            [
              139.92682,
              35.9173042
            ],
            [
              139.926886,
              35.9172304
            ],
            [
              139.9274873,
              35.9165421
            ],
            [
              139.9283644,
              35.9155789
            ],
            [
              139.9285449,
              35.9153764
            ],
            [
              139.9285888,
              35.9153273
            ],
            [
              139.9286683,
              35.9152383
            ],
            [
              139.9288886,
              35.914995
            ],
            [
              139.9291008,
              35.9147682
            ],
            [
              139.9292835,
              35.9145881
            ],
            [
              139.9295755,
              35.9143009
            ],
            [
              139.9299044,
              35.9139944
            ],
            [
              139.9301558,
              35.913773
            ],
            [
              139.9303355,
              35.9136182
            ],
            [
              139.9304425,
              35.9135295
            ],
            [
              139.9305805,
              35.9134151
            ],
            [
              139.930678,
              35.9133316
            ],
            [
              139.9312836,
              35.9128482
            ],
            [
              139.9320019,
              35.9123278
            ],
            [
              139.9320719,
              35.9122769
            ],
            [
              139.9326024,
              35.9119237
            ],
            [
              139.9332019,
              35.9115399
            ],
            [
              139.9336983,
              35.9112544
            ],
            [
              139.9340928,
              35.9110384
            ],
            [
              139.9342817,
              35.910931
            ],
            [
              139.9352563,
              35.9104392
            ],
            [
              139.9354911,
              35.9103327
            ],
            [
              139.9360242,
              35.9100876
            ],
            [
              139.936166,
              35.9100205
            ],
            [
              139.9365038,
              35.9098604
            ],
            [
              139.936789,
              35.9097205
            ],
            [
              139.9372838,
              35.9094986
            ],
            [
              139.9374573,
              35.9094139
            ],
            [
              139.9379419,
              35.9091877
            ],
            [
              139.9389134,
              35.9087435
            ],
            [
              139.9395421,
              35.9084498
            ],
            [
              139.9402441,
              35.9081278
            ],
            [
              139.940628,
              35.9079664
            ],
            [
              139.9419173,
              35.9073573
            ],
            [
              139.9424905,
              35.9070948
            ],
            [
              139.9428727,
              35.9069145
            ],
            [
              139.9438802,
              35.9064687
            ],
            [
              139.9444604,
              35.9061945
            ],
            [
              139.945347,
              35.9057978
            ],
            [
              139.9455051,
              35.9057169
            ],
            [
              139.9456716,
              35.9056391
            ],
            [
              139.9463748,
              35.9053103
            ],
            [
              139.9477629,
              35.9046489
            ],
            [
              139.9485022,
              35.9042522
            ],
            [
              139.9487836,
              35.9040797
            ],
            [
              139.9491743,
              35.9038327
            ],
            [
              139.9494004,
              35.9036915
            ],
            [
              139.9497836,
              35.9034245
            ],
            [
              139.9501033,
              35.9031916
            ],
            [
              139.9505245,
              35.9028686
            ],
            [
              139.9507529,
              35.9026817
            ],
            [
              139.9509467,
              35.902523
            ],
            [
              139.9510174,
              35.9024652
            ],
            [
              139.9511713,
              35.902322
            ],
            [
              139.9513484,
              35.902157
            ],
            [
              139.951471,
              35.9020346
            ],
            [
              139.9520801,
              35.9014227
            ],
            [
              139.9526134,
              35.9008359
            ],
            [
              139.9533918,
              35.899864
            ],
            [
              139.9535277,
              35.8996983
            ],
            [
              139.95405,
              35.8990424
            ],
            [
              139.9545713,
              35.8983876
            ],
            [
              139.9550208,
              35.8978305
            ],
            [
              139.955052,
              35.8977918
            ],
            [
              139.9551207,
              35.8977067
            ],
            [
              139.9551896,
              35.8976199
            ],
            [
              139.9555854,
              35.8971217
            ],
            [
              139.9560711,
              35.8964866
            ],
            [
              139.9561277,
              35.8964127
            ],
            [
              139.9562074,
              35.8963109
            ],
            [
              139.9562705,
              35.8962326
            ],
            [
              139.9569472,
              35.8953925
            ],
            [
              139.9571077,
              35.8951932
            ],
            [
              139.9571802,
              35.8951032
            ],
            [
              139.9575396,
              35.8946428
            ],
            [
              139.9575882,
              35.8945806
            ],
            [
              139.9576318,
              35.8945261
            ],
            [
              139.9578459,
              35.8942585
            ],
            [
              139.958238,
              35.8937687
            ],
            [
              139.9585502,
              35.8933808
            ],
            [
              139.9589737,
              35.8928381
            ],
            [
              139.9590619,
              35.8927251
            ],
            [
              139.9592854,
              35.8924467
            ],
            [
              139.9596566,
              35.8919844
            ],
            [
              139.9597785,
              35.8918326
            ],
            [
              139.9598772,
              35.8916844
            ],
            [
              139.9602085,
              35.8911867
            ],
            [
              139.9603495,
              35.8909447
            ],
            [
              139.9605808,
              35.8905345
            ],
            [
              139.9612408,
              35.8893728
            ],
            [
              139.9614366,
              35.8890367
            ],
            [
              139.9616891,
              35.8885898
            ],
            [
              139.9617741,
              35.8884434
            ],
            [
              139.9620813,
              35.8879357
            ],
            [
              139.9621939,
              35.8877389
            ],
            [
              139.962256,
              35.8876378
            ],
            [
              139.9623097,
              35.8875399
            ],
            [
              139.9626749,
              35.8868739
            ],
            [
              139.9633025,
              35.88575
            ],
            [
              139.9638325,
              35.884822
            ],
            [
              139.9638974,
              35.8847069
            ],
            [
              139.9643029,
              35.8839973
            ],
            [
              139.9643509,
              35.8839132
            ],
            [
              139.9645916,
              35.8834762
            ],
            [
              139.9647104,
              35.8832556
            ],
            [
              139.9651787,
              35.8824621
            ],
            [
              139.9652568,
              35.8823304
            ],
            [
              139.9653585,
              35.8821511
            ],
            [
              139.9655372,
              35.881824
            ],
            [
              139.9659116,
              35.881159
            ],
            [
              139.9659659,
              35.8810648
            ],
            [
              139.9661377,
              35.8807739
            ],
            [
              139.9663337,
              35.8804352
            ],
            [
              139.9664076,
              35.8803052
            ],
            [
              139.9667169,
              35.8797614
            ],
            [
              139.9668922,
              35.8794912
            ],
            [
              139.9672674,
              35.8788283
            ],
            [
              139.9673286,
              35.878723
            ],
            [
              139.9677346,
              35.8779942
            ],
            [
              139.9679945,
              35.8774937
            ],
            [
              139.9683232,
              35.8769548
            ],
            [
              139.9685773,
              35.876515
            ],
            [
              139.9687596,
              35.8762181
            ],
            [
              139.9689722,
              35.8759157
            ],
            [
              139.9691067,
              35.8757549
            ],
            [
              139.9691663,
              35.8756837
            ],
            [
              139.9694062,
              35.8754244
            ],
            [
              139.9696708,
              35.8751766
            ],
            [
              139.970109,
              35.8747702
            ],
            [
              139.9703733,
              35.8745251
            ],
            [
              139.9706506,
              35.8742743
            ],
            [
              139.9711521,
              35.8738169
            ],
            [
              139.9711776,
              35.8737936
            ],
            [
              139.971257,
              35.8737206
            ],
            [
              139.9713472,
              35.8736398
            ],
            [
              139.9719521,
              35.8730963
            ],
            [
              139.9723056,
              35.8727729
            ],
            [
              139.9726249,
              35.8725006
            ],
            [
              139.974389,
              35.8708965
            ],
            [
              139.9747374,
              35.8706047
            ],
            [
              139.9747436,
              35.8705995
            ],
            [
              139.9749264,
              35.870446
            ],
            [
              139.9750065,
              35.8703787
            ],
            [
              139.9751695,
              35.8702407
            ],
            [
              139.9752351,
              35.8701807
            ],
            [
              139.9757314,
              35.8697266
            ],
            [
              139.9758124,
              35.8696537
            ],
            [
              139.9763117,
              35.8691873
            ],
            [
              139.9765678,
              35.8689591
            ],
            [
              139.9769173,
              35.8686471
            ],
            [
              139.9772921,
              35.8682974
            ],
            [
              139.9775416,
              35.8680595
            ],
            [
              139.9778514,
              35.8677116
            ],
            [
              139.9781568,
              35.8673612
            ],
            [
              139.9785694,
              35.8668728
            ],
            [
              139.9792558,
              35.8660473
            ],
            [
              139.9795475,
              35.8656994
            ],
            [
              139.9797942,
              35.8654164
            ],
            [
              139.9802169,
              35.8649108
            ],
            [
              139.9808644,
              35.8641592
            ],
            [
              139.9811638,
              35.8638031
            ],
            [
              139.9825812,
              35.8621252
            ],
            [
              139.9829516,
              35.8616918
            ],
            [
              139.9834484,
              35.8610821
            ],
            [
              139.9836062,
              35.8609023
            ],
            [
              139.9840001,
              35.8604279
            ],
            [
              139.9840163,
              35.860409
            ],
            [
              139.9842358,
              35.8601527
            ],
            [
              139.984275,
              35.8601071
            ],
            [
              139.9846961,
              35.8595965
            ],
            [
              139.9858265,
              35.8582901
            ],
            [
              139.9864583,
              35.8575593
            ],
            [
              139.9865451,
              35.857467
            ],
            [
              139.9875824,
              35.8562494
            ],
            [
              139.9884301,
              35.8552985
            ],
            [
              139.9889313,
              35.8547839
            ],
            [
              139.9898516,
              35.8538763
            ],
            [
              139.9902566,
              35.8534695
            ],
            [
              139.9915719,
              35.8521838
            ],
            [
              139.9916477,
              35.852105
            ],
            [
              139.9924876,
              35.8512603
            ],
            [
              139.99367,
              35.8500972
            ],
            [
              139.9941608,
              35.8496167
            ],
            [
              139.994222,
              35.849556
            ],
            [
              139.9949146,
              35.8488692
            ],
            [
              139.9950128,
              35.8487717
            ],
            [
              139.9955724,
              35.8482156
            ],
            [
              139.9958505,
              35.8479309
            ],
            [
              139.9981823,
              35.8456158
            ],
            [
              139.9984208,
              35.84539
            ],
            [
              139.9986146,
              35.8451936
            ],
            [
              139.9988377,
              35.8449674
            ],
            [
              139.9989699,
              35.8448359
            ],
            [
              139.9998887,
              35.843922
            ],
            [
              140.0001072,
              35.8437049
            ],
            [
              140.0018604,
              35.841949
            ],
            [
              140.0026931,
              35.8411136
            ],
            [
              140.0030648,
              35.8407282
            ],
            [
              140.0033701,
              35.8403966
            ],
            [
              140.0037156,
              35.8400392
            ],
            [
              140.0038182,
              35.8399308
            ],
            [
              140.0040297,
              35.8397023
            ],
            [
              140.0054006,
              35.8382637
            ],
            [
              140.0057881,
              35.8378489
            ],
            [
              140.0061271,
              35.8375004
            ],
            [
              140.0061446,
              35.8374825
            ],
            [
              140.0062638,
              35.8373609
            ],
            [
              140.0063393,
              35.8372839
            ],
            [
              140.0070197,
              35.8366191
            ],
            [
              140.007302,
              35.8363474
            ],
            [
              140.0082514,
              35.8354051
            ],
            [
              140.008601,
              35.835062
            ],
            [
              140.0105343,
              35.8332322
            ],
            [
              140.0110975,
              35.8327066
            ],
            [
              140.0111737,
              35.8326354
            ],
            [
              140.0112555,
              35.8325553
            ],
            [
              140.0117284,
              35.8320919
            ],
            [
              140.012868,
              35.830936
            ],
            [
              140.0135161,
              35.8303078
            ],
            [
              140.0143567,
              35.8294854
            ],
            [
              140.0151203,
              35.8287429
            ],
            [
              140.0155938,
              35.8282917
            ],
            [
              140.016316,
              35.8275977
            ],
            [
              140.0167401,
              35.8271755
            ],
            [
              140.0174786,
              35.8264537
            ],
            [
              140.0179452,
              35.8260035
            ],
            [
              140.0194746,
              35.824511
            ],
            [
              140.019741,
              35.8242538
            ],
            [
              140.0202288,
              35.8237886
            ],
            [
              140.0208307,
              35.8231973
            ],
            [
              140.021376,
              35.8226873
            ],
            [
              140.0219473,
              35.8221305
            ],
            [
              140.0223224,
              35.8217597
            ],
            [
              140.02261,
              35.8214815
            ],
            [
              140.0229513,
              35.8211514
            ],
            [
              140.023352,
              35.8207679
            ],
            [
              140.0246044,
              35.8195694
            ],
            [
              140.0251238,
              35.8190726
            ],
            [
              140.0256606,
              35.8185602
            ],
            [
              140.0267317,
              35.817524
            ],
            [
              140.0277674,
              35.816516
            ],
            [
              140.02838,
              35.8159217
            ],
            [
              140.0288708,
              35.8154452
            ],
            [
              140.0289694,
              35.815353
            ],
            [
              140.0291,
              35.8152227
            ],
            [
              140.0295729,
              35.8147692
            ],
            [
              140.0296592,
              35.8146864
            ],
            [
              140.0301493,
              35.8142084
            ],
            [
              140.0306651,
              35.8137105
            ],
            [
              140.0312054,
              35.8131763
            ],
            [
              140.0316519,
              35.8127795
            ],
            [
              140.0321887,
              35.8122505
            ],
            [
              140.0323647,
              35.8120834
            ],
            [
              140.0327516,
              35.8117513
            ],
            [
              140.0330416,
              35.8115238
            ],
            [
              140.0332388,
              35.8113691
            ],
            [
              140.033436,
              35.8112144
            ],
            [
              140.0336494,
              35.8110895
            ],
            [
              140.0338759,
              35.8109564
            ],
            [
              140.0342039,
              35.8107674
            ],
            [
              140.0343324,
              35.8106929
            ],
            [
              140.0346465,
              35.8105201
            ],
            [
              140.0353305,
              35.8101607
            ],
            [
              140.0356754,
              35.809969
            ],
            [
              140.0366001,
              35.8094778
            ],
            [
              140.0366646,
              35.8094423
            ],
            [
              140.0375483,
              35.8089608
            ],
            [
              140.0383656,
              35.8085131
            ],
            [
              140.0396628,
              35.8078235
            ],
            [
              140.0398794,
              35.8077068
            ],
            [
              140.040187,
              35.8075332
            ],
            [
              140.0407742,
              35.8072195
            ],
            [
              140.041616,
              35.8067699
            ],
            [
              140.0419733,
              35.8065778
            ],
            [
              140.0426904,
              35.8061922
            ],
            [
              140.045587,
              35.804637
            ],
            [
              140.0462926,
              35.8042394
            ],
            [
              140.0470303,
              35.8038602
            ],
            [
              140.0484954,
              35.8030721
            ],
            [
              140.0505407,
              35.8019666
            ],
            [
              140.0515095,
              35.801447
            ],
            [
              140.0522566,
              35.8010502
            ],
            [
              140.0524778,
              35.8009319
            ],
            [
              140.0531448,
              35.8005752
            ],
            [
              140.0534891,
              35.8003874
            ],
            [
              140.054257,
              35.799969
            ],
            [
              140.0544747,
              35.7998522
            ],
            [
              140.0551647,
              35.7994782
            ],
            [
              140.0563943,
              35.7988233
            ],
            [
              140.0570971,
              35.7984397
            ],
            [
              140.0582058,
              35.7978465
            ],
            [
              140.0593018,
              35.7972596
            ],
            [
              140.0594892,
              35.797159
            ],
            [
              140.060094,
              35.7968342
            ],
            [
              140.0603003,
              35.7967074
            ],
            [
              140.0604219,
              35.7966326
            ],
            [
              140.0608093,
              35.7963968
            ],
            [
              140.0611009,
              35.7961963
            ],
            [
              140.0614859,
              35.7959133
            ],
            [
              140.0617192,
              35.7957348
            ],
            [
              140.0627921,
              35.79495
            ],
            [
              140.0631966,
              35.7946651
            ],
            [
              140.0636798,
              35.7943062
            ],
            [
              140.0640392,
              35.7940409
            ],
            [
              140.0648525,
              35.7934403
            ],
            [
              140.0654667,
              35.7929873
            ],
            [
              140.0660241,
              35.7925762
            ],
            [
              140.0671538,
              35.7917281
            ],
            [
              140.0677244,
              35.7913148
            ],
            [
              140.0681553,
              35.7909887
            ],
            [
              140.0693626,
              35.7901178
            ],
            [
              140.0697451,
              35.7898372
            ],
            [
              140.0698506,
              35.7897621
            ],
            [
              140.0699278,
              35.7897065
            ],
            [
              140.0703607,
              35.7893879
            ],
            [
              140.0710153,
              35.788905
            ],
            [
              140.0717415,
              35.7883719
            ],
            [
              140.0735972,
              35.7870094
            ],
            [
              140.0741284,
              35.7866108
            ],
            [
              140.0745529,
              35.7863042
            ],
            [
              140.0748503,
              35.7860788
            ],
            [
              140.0763578,
              35.7849556
            ],
            [
              140.0770172,
              35.7844734
            ],
            [
              140.0770615,
              35.7844409
            ],
            [
              140.0772113,
              35.7843314
            ],
            [
              140.0773286,
              35.784241
            ],
            [
              140.0814032,
              35.7812358
            ],
            [
              140.0826824,
              35.7802887
            ],
            [
              140.0827335,
              35.7802509
            ],
            [
              140.0827847,
              35.7802157
            ],
            [
              140.0838978,
              35.7794001
            ],
            [
              140.0839423,
              35.7793677
            ],
            [
              140.0839915,
              35.7793321
            ],
            [
              140.0882648,
              35.7761753
            ],
            [
              140.0904915,
              35.7745403
            ],
            [
              140.0908857,
              35.7742483
            ],
            [
              140.0910384,
              35.774133
            ],
            [
              140.0964296,
              35.7701517
            ],
            [
              140.0970768,
              35.7696646
            ],
            [
              140.0972086,
              35.7695595
            ],
            [
              140.0973591,
              35.7694301
            ],
            [
              140.0975452,
              35.7692644
            ],
            [
              140.0979038,
              35.7689186
            ],
            [
              140.0979734,
              35.7688513
            ],
            [
              140.0980679,
              35.7687604
            ],
            [
              140.098158,
              35.7686699
            ],
            [
              140.0988947,
              35.7679094
            ],
            [
              140.0990439,
              35.7677606
            ],
            [
              140.1001179,
              35.7666799
            ],
            [
              140.1011147,
              35.765696
            ],
            [
              140.1015889,
              35.7652192
            ],
            [
              140.1016781,
              35.7651306
            ],
            [
              140.1017834,
              35.7650229
            ],
            [
              140.1027503,
              35.7640342
            ],
            [
              140.1035099,
              35.763267
            ],
            [
              140.104698,
              35.762061
            ],
            [
              140.1052955,
              35.7614966
            ],
            [
              140.1062593,
              35.7604929
            ],
            [
              140.1071461,
              35.7596009
            ],
            [
              140.1073164,
              35.7594262
            ],
            [
              140.107774,
              35.7589565
            ],
            [
              140.1078725,
              35.7588555
            ],
            [
              140.1079816,
              35.7587496
            ],
            [
              140.1081411,
              35.7585952
            ],
            [
              140.1089643,
              35.7577625
            ],
            [
              140.1093604,
              35.7573801
            ],
            [
              140.1094253,
              35.7573174
            ],
            [
              140.109529,
              35.7572097
            ],
            [
              140.1101781,
              35.7565384
            ],
            [
              140.1105886,
              35.7561282
            ],
            [
              140.1110037,
              35.7557047
            ],
            [
              140.1117732,
              35.7549311
            ],
            [
              140.1123254,
              35.7543788
            ],
            [
              140.1137008,
              35.7529871
            ],
            [
              140.11406,
              35.7526317
            ],
            [
              140.1144543,
              35.7522487
            ],
            [
              140.1144935,
              35.7522097
            ],
            [
              140.1145638,
              35.7521398
            ],
            [
              140.1148429,
              35.7518462
            ],
            [
              140.1152523,
              35.7514152
            ],
            [
              140.1159717,
              35.7506875
            ],
            [
              140.1160296,
              35.750629
            ],
            [
              140.1167279,
              35.7499226
            ],
            [
              140.1179482,
              35.7487028
            ],
            [
              140.118262,
              35.7483919
            ],
            [
              140.1182976,
              35.748357
            ],
            [
              140.1184022,
              35.7482544
            ],
            [
              140.1198953,
              35.7467313
            ],
            [
              140.1201797,
              35.7464482
            ],
            [
              140.1204241,
              35.7461855
            ],
            [
              140.1204831,
              35.746118
            ],
            [
              140.1205967,
              35.7459861
            ],
            [
              140.1207053,
              35.7458446
            ],
            [
              140.1209226,
              35.7455487
            ],
            [
              140.1210749,
              35.7453222
            ],
            [
              140.1212272,
              35.7450623
            ],
            [
              140.1213552,
              35.744823
            ],
            [
              140.1214832,
              35.7445716
            ],
            [
              140.1215908,
              35.744344
            ],
            [
              140.1216983,
              35.7440619
            ],
            [
              140.1217799,
              35.7438116
            ],
            [
              140.1217891,
              35.7437862
            ],
            [
              140.1218843,
              35.7434473
            ],
            [
              140.1219588,
              35.7431415
            ],
            [
              140.1220007,
              35.7429037
            ],
            [
              140.1220329,
              35.7426607
            ],
            [
              140.1220603,
              35.7422182
            ],
            [
              140.1220669,
              35.7418632
            ],
            [
              140.1220619,
              35.7416129
            ],
            [
              140.1220476,
              35.7414225
            ],
            [
              140.1220159,
              35.7411673
            ],
            [
              140.1219976,
              35.7410402
            ],
            [
              140.1219781,
              35.740935
            ],
            [
              140.1219547,
              35.7408127
            ],
            [
              140.1219058,
              35.7405974
            ],
            [
              140.1218288,
              35.7403259
            ],
            [
              140.121816,
              35.7402807
            ],
            [
              140.1218071,
              35.7402504
            ],
            [
              140.1217283,
              35.7399716
            ],
            [
              140.121616,
              35.7395611
            ],
            [
              140.1214825,
              35.7391511
            ],
            [
              140.1212652,
              35.7384301
            ],
            [
              140.1211497,
              35.7380225
            ],
            [
              140.121068,
              35.7377195
            ],
            [
              140.1210297,
              35.7375836
            ],
            [
              140.1210028,
              35.7374937
            ],
            [
              140.120794,
              35.7368065
            ],
            [
              140.1200172,
              35.7341648
            ],
            [
              140.1197842,
              35.7333827
            ],
            [
              140.1194909,
              35.7323783
            ],
            [
              140.1190268,
              35.7308146
            ],
            [
              140.1184628,
              35.7289048
            ],
            [
              140.1183361,
              35.7284737
            ],
            [
              140.1182229,
              35.7280882
            ],
            [
              140.1178852,
              35.7269614
            ],
            [
              140.1177733,
              35.7266013
            ],
            [
              140.1176301,
              35.7261181
            ],
            [
              140.1176169,
              35.726077
            ],
            [
              140.1175673,
              35.7259226
            ],
            [
              140.1175198,
              35.725762
            ],
            [
              140.1174085,
              35.7253511
            ],
            [
              140.1172576,
              35.7248253
            ],
            [
              140.1170698,
              35.7241652
            ],
            [
              140.1169887,
              35.7238869
            ],
            [
              140.116831,
              35.7233848
            ],
            [
              140.116817,
              35.7233339
            ],
            [
              140.1167942,
              35.7232509
            ],
            [
              140.116773,
              35.7231588
            ],
            [
              140.1167416,
              35.7230456
            ],
            [
              140.1166607,
              35.7227712
            ],
            [
              140.1165811,
              35.7223146
            ],
            [
              140.1165601,
              35.7221087
            ],
            [
              140.116545,
              35.7219133
            ],
            [
              140.1165448,
              35.7213921
            ],
            [
              140.1165458,
              35.7212054
            ],
            [
              140.1165545,
              35.7207164
            ],
            [
              140.1165558,
              35.7206509
            ],
            [
              140.1165589,
              35.7204946
            ],
            [
              140.1165596,
              35.7203391
            ],
            [
              140.1165594,
              35.7200815
            ],
            [
              140.1165541,
              35.7196646
            ],
            [
              140.116557,
              35.7195885
            ],
            [
              140.1165536,
              35.7192607
            ],
            [
              140.1165592,
              35.7190092
            ],
            [
              140.1165669,
              35.7178258
            ],
            [
              140.116587,
              35.7172712
            ],
            [
              140.1166195,
              35.7169309
            ],
            [
              140.1166807,
              35.716603
            ],
            [
              140.1167348,
              35.7163698
            ],
            [
              140.1168234,
              35.7160922
            ],
            [
              140.1168701,
              35.7159594
            ],
            [
              140.1169399,
              35.7157648
            ],
            [
              140.1170079,
              35.7155932
            ],
            [
              140.1170599,
              35.7154802
            ],
            [
              140.1171265,
              35.7153447
            ],
            [
              140.1174783,
              35.7146406
            ],
            [
              140.1175376,
              35.7145221
            ],
            [
              140.1177054,
              35.7141925
            ],
            [
              140.1177879,
              35.7140326
            ],
            [
              140.1178678,
              35.7138814
            ],
            [
              140.1179049,
              35.7138046
            ],
            [
              140.1181684,
              35.7132605
            ],
            [
              140.1183868,
              35.7127856
            ],
            [
              140.1185808,
              35.7123621
            ],
            [
              140.1186538,
              35.7121949
            ],
            [
              140.1187267,
              35.7120126
            ],
            [
              140.1187836,
              35.7118564
            ],
            [
              140.1188487,
              35.711664
            ],
            [
              140.1189347,
              35.7113906
            ],
            [
              140.1189619,
              35.7112954
            ],
            [
              140.119137,
              35.7106623
            ],
            [
              140.1193363,
              35.7099042
            ],
            [
              140.1196876,
              35.7085206
            ],
            [
              140.1196933,
              35.7084994
            ],
            [
              140.1197712,
              35.7082117
            ],
            [
              140.1197756,
              35.708196
            ],
            [
              140.1199621,
              35.7074874
            ],
            [
              140.1201079,
              35.706881
            ],
            [
              140.1201338,
              35.7067198
            ],
            [
              140.1201597,
              35.706536
            ],
            [
              140.1201829,
              35.7061992
            ],
            [
              140.1201861,
              35.7060258
            ],
            [
              140.1201831,
              35.705845
            ],
            [
              140.1201649,
              35.7056067
            ],
            [
              140.1201519,
              35.7054948
            ],
            [
              140.1201449,
              35.7054349
            ],
            [
              140.1200961,
              35.7051488
            ],
            [
              140.1200276,
              35.7048666
            ],
            [
              140.1199498,
              35.7045844
            ],
            [
              140.11989,
              35.7043973
            ],
            [
              140.1196159,
              35.7034942
            ],
            [
              140.1195345,
              35.703206
            ],
            [
              140.1194822,
              35.7030369
            ],
            [
              140.1194253,
              35.7028403
            ],
            [
              140.1194137,
              35.702792
            ],
            [
              140.1193889,
              35.7026657
            ],
            [
              140.1193706,
              35.7025593
            ],
            [
              140.1193307,
              35.7022628
            ],
            [
              140.119321,
              35.7018856
            ],
            [
              140.119356,
              35.7015004
            ],
            [
              140.1193821,
              35.7013369
            ],
            [
              140.1194021,
              35.701231
            ],
            [
              140.1194508,
              35.7010102
            ],
            [
              140.1194682,
              35.7009447
            ],
            [
              140.1194907,
              35.7008633
            ],
            [
              140.1195647,
              35.7006064
            ],
            [
              140.1197466,
              35.6999669
            ],
            [
              140.119831,
              35.6997431
            ],
            [
              140.1199247,
              35.6995168
            ],
            [
              140.1200363,
              35.6992637
            ],
            [
              140.1202076,
              35.6989531
            ],
            [
              140.1203423,
              35.6987485
            ],
            [
              140.1205483,
              35.6984569
            ],
            [
              140.1208033,
              35.6981529
            ],
            [
              140.1211378,
              35.6977794
            ],
            [
              140.1215364,
              35.6973232
            ],
            [
              140.1224646,
              35.6962558
            ],
            [
              140.1225107,
              35.6962067
            ],
            [
              140.1233744,
              35.6952246
            ],
            [
              140.1237277,
              35.6948239
            ],
            [
              140.1237799,
              35.6947648
            ],
            [
              140.1238613,
              35.6946725
            ],
            [
              140.1239518,
              35.6945656
            ],
            [
              140.1244915,
              35.6939587
            ],
            [
              140.1248117,
              35.6936049
            ],
            [
              140.1251276,
              35.6933202
            ],
            [
              140.1253771,
              35.6931328
            ],
            [
              140.1257969,
              35.6928552
            ],
            [
              140.1258078,
              35.6928483
            ],
            [
              140.1261575,
              35.6926279
            ],
            [
              140.1268994,
              35.6921557
            ],
            [
              140.1271792,
              35.6919776
            ],
            [
              140.1272725,
              35.6919182
            ],
            [
              140.127389,
              35.691844
            ],
            [
              140.1277528,
              35.6916122
            ],
            [
              140.1288505,
              35.6909046
            ],
            [
              140.1289457,
              35.6908414
            ],
            [
              140.1292169,
              35.6906164
            ],
            [
              140.1293943,
              35.690443
            ],
            [
              140.1295674,
              35.6902357
            ],
            [
              140.1297448,
              35.6899569
            ],
            [
              140.1298919,
              35.6896546
            ],
            [
              140.1299496,
              35.6894894
            ],
            [
              140.1300088,
              35.689275
            ],
            [
              140.1300355,
              35.6891021
            ],
            [
              140.1300542,
              35.6888309
            ],
            [
              140.1300492,
              35.6886505
            ],
            [
              140.1300347,
              35.6884713
            ],
            [
              140.129998,
              35.6883213
            ],
            [
              140.1299388,
              35.6880835
            ],
            [
              140.1298599,
              35.687879
            ],
            [
              140.1293922,
              35.6868986
            ],
            [
              140.1293427,
              35.6867948
            ],
            [
              140.1293149,
              35.6867299
            ],
            [
              140.1292138,
              35.6864939
            ],
            [
              140.1290813,
              35.6862238
            ],
            [
              140.1290573,
              35.686175
            ],
            [
              140.1289988,
              35.6860556
            ],
            [
              140.1288292,
              35.685707
            ],
            [
              140.1283034,
              35.6846344
            ],
            [
              140.1277718,
              35.6835324
            ],
            [
              140.127418,
              35.6828049
            ],
            [
              140.1272635,
              35.6824745
            ],
            [
              140.127241,
              35.6824265
            ],
            [
              140.1271702,
              35.6822751
            ],
            [
              140.126682,
              35.6812816
            ],
            [
              140.1265638,
              35.6810244
            ],
            [
              140.1264874,
              35.6808646
            ],
            [
              140.1264238,
              35.6807419
            ],
            [
              140.1258671,
              35.679587
            ],
            [
              140.1252889,
              35.6783859
            ],
            [
              140.1251743,
              35.6781378
            ],
            [
              140.1251436,
              35.6780736
            ],
            [
              140.1251137,
              35.6780122
            ],
            [
              140.1243216,
              35.6763856
            ],
            [
              140.1238572,
              35.6754141
            ],
            [
              140.1235851,
              35.6748419
            ],
            [
              140.123563,
              35.6747968
            ],
            [
              140.1235119,
              35.6746924
            ],
            [
              140.1234655,
              35.6745957
            ],
            [
              140.1230481,
              35.6737263
            ],
            [
              140.1229808,
              35.6735933
            ],
            [
              140.1226739,
              35.6729248
            ],
            [
              140.122459,
              35.6724855
            ],
            [
              140.1222113,
              35.6719828
            ],
            [
              140.1216901,
              35.6709107
            ],
            [
              140.121515,
              35.6705584
            ],
            [
              140.1213541,
              35.6702348
            ],
            [
              140.1205991,
              35.668687
            ],
            [
              140.1202684,
              35.6680645
            ],
            [
              140.1196877,
              35.6669678
            ],
            [
              140.1193889,
              35.6664059
            ],
            [
              140.1186679,
              35.6649814
            ],
            [
              140.1185394,
              35.6647128
            ],
            [
              140.1184323,
              35.6644584
            ],
            [
              140.1183497,
              35.664165
            ],
            [
              140.118316,
              35.6639429
            ],
            [
              140.1183009,
              35.6638116
            ],
            [
              140.118298,
              35.663641
            ],
            [
              140.1183122,
              35.6634392
            ],
            [
              140.1183716,
              35.6628633
            ],
            [
              140.1183955,
              35.6626967
            ],
            [
              140.1184534,
              35.6622954
            ],
            [
              140.11846,
              35.6622338
            ],
            [
              140.1184261,
              35.66204
            ],
            [
              140.1184491,
              35.6619065
            ],
            [
              140.1185322,
              35.6613142
            ],
            [
              140.1186844,
              35.6601528
            ],
            [
              140.1187171,
              35.6598793
            ],
            [
              140.1187409,
              35.6596806
            ],
            [
              140.1187532,
              35.6595775
            ],
            [
              140.118765,
              35.6594886
            ],
            [
              140.118771,
              35.6594427
            ],
            [
              140.1188139,
              35.6591172
            ],
            [
              140.118848,
              35.6588476
            ],
            [
              140.1189202,
              35.6582761
            ],
            [
              140.1189559,
              35.6579886
            ],
            [
              140.1189621,
              35.6579386
            ],
            [
              140.1189712,
              35.657865
            ],
            [
              140.118981,
              35.6577948
            ],
            [
              140.1189899,
              35.6577305
            ],
            [
              140.1190285,
              35.6574531
            ],
            [
              140.1190716,
              35.6571591
            ],
            [
              140.119135,
              35.656678
            ],
            [
              140.1191838,
              35.6562784
            ],
            [
              140.1192023,
              35.6561299
            ],
            [
              140.1192089,
              35.6560772
            ],
            [
              140.119221,
              35.6559689
            ],
            [
              140.1192473,
              35.6558024
            ],
            [
              140.1192636,
              35.6556993
            ],
            [
              140.1192992,
              35.6553808
            ],
            [
              140.1193066,
              35.6551928
            ],
            [
              140.1193089,
              35.6549579
            ],
            [
              140.1192922,
              35.6547369
            ],
            [
              140.119273,
              35.6545709
            ],
            [
              140.1192444,
              35.6544054
            ],
            [
              140.1192017,
              35.6542083
            ],
            [
              140.1191647,
              35.6540513
            ],
            [
              140.1190832,
              35.6538027
            ],
            [
              140.1190205,
              35.653635
            ],
            [
              140.1187692,
              35.6530788
            ],
            [
              140.1186796,
              35.6528917
            ],
            [
              140.1186144,
              35.652736
            ],
            [
              140.1186024,
              35.6526996
            ],
            [
              140.1185573,
              35.6525704
            ],
            [
              140.1185421,
              35.6525246
            ],
            [
              140.1185017,
              35.6523969
            ],
            [
              140.1184442,
              35.6521682
            ],
            [
              140.1184216,
              35.652048
            ],
            [
              140.1184101,
              35.6519651
            ],
            [
              140.118397,
              35.6518905
            ],
            [
              140.1184169,
              35.6517366
            ],
            [
              140.1183821,
              35.651458
            ],
            [
              140.118314,
              35.6506177
            ],
            [
              140.1182436,
              35.649797
            ],
            [
              140.1182115,
              35.6493441
            ],
            [
              140.1181937,
              35.6490637
            ],
            [
              140.1181892,
              35.6490073
            ],
            [
              140.1181796,
              35.6488887
            ],
            [
              140.118111,
              35.6483413
            ],
            [
              140.1180885,
              35.6481887
            ],
            [
              140.1180692,
              35.6481059
            ],
            [
              140.1179741,
              35.6477862
            ],
            [
              140.1179254,
              35.6476666
            ],
            [
              140.1178431,
              35.6474388
            ],
            [
              140.117632,
              35.6469008
            ],
            [
              140.1174554,
              35.6465075
            ],
            [
              140.1172547,
              35.646033
            ],
            [
              140.1170588,
              35.6455799
            ],
            [
              140.117034,
              35.6455288
            ],
            [
              140.116868,
              35.6451871
            ],
            [
              140.1167473,
              35.6449508
            ],
            [
              140.1165867,
              35.644679
            ],
            [
              140.1161528,
              35.6440886
            ],
            [
              140.1159437,
              35.643806
            ],
            [
              140.1158365,
              35.6436638
            ],
            [
              140.1157099,
              35.6435049
            ],
            [
              140.1153027,
              35.6430102
            ],
            [
              140.1151035,
              35.642769
            ],
            [
              140.1149552,
              35.6425898
            ],
            [
              140.1146678,
              35.6422613
            ],
            [
              140.1145729,
              35.642164
            ],
            [
              140.1143982,
              35.6419829
            ],
            [
              140.1144477,
              35.6419298
            ],
            [
              140.1145069,
              35.64186
            ],
            [
              140.1146271,
              35.6417332
            ],
            [
              140.1146846,
              35.6416684
            ],
            [
              140.1147713,
              35.6415642
            ],
            [
              140.1150619,
              35.6412285
            ],
            [
              140.1153267,
              35.640965
            ],
            [
              140.1157613,
              35.6405876
            ],
            [
              140.1160803,
              35.6403394
            ],
            [
              140.1166619,
              35.6398749
            ],
            [
              140.1170923,
              35.6395308
            ],
            [
              140.1178945,
              35.6389068
            ],
            [
              140.1181369,
              35.6387032
            ],
            [
              140.1183637,
              35.6385128
            ],
            [
              140.1186204,
              35.6383207
            ],
            [
              140.1193834,
              35.6378027
            ],
            [
              140.1201956,
              35.6372463
            ],
            [
              140.1208627,
              35.6367315
            ],
            [
              140.1214984,
              35.6361669
            ],
            [
              140.1224881,
              35.6353451
            ],
            [
              140.1233502,
              35.6346147
            ],
            [
              140.1242475,
              35.6338501
            ],
            [
              140.1250075,
              35.6332025
            ],
            [
              140.1255454,
              35.6327867
            ],
            [
              140.1262431,
              35.6322608
            ],
            [
              140.1271197,
              35.631627
            ],
            [
              140.1278457,
              35.63114
            ],
            [
              140.1286725,
              35.6306175
            ],
            [
              140.1294611,
              35.6301623
            ],
            [
              140.1302252,
              35.6297396
            ],
            [
              140.130535,
              35.6295755
            ],
            [
              140.1309247,
              35.6293648
            ],
            [
              140.131303,
              35.6291777
            ],
            [
              140.1317906,
              35.6289492
            ],
            [
              140.1327465,
              35.6285425
            ],
            [
              140.1332851,
              35.6283029
            ],
            [
              140.1336528,
              35.6281462
            ],
            [
              140.1340332,
              35.6279889
            ],
            [
              140.1344468,
              35.6278171
            ],
            [
              140.135071,
              35.6275659
            ],
            [
              140.1356289,
              35.6273412
            ],
            [
              140.1368192,
              35.6268678
            ],
            [
              140.1377158,
              35.6265055
            ],
            [
              140.1392807,
              35.6258746
            ],
            [
              140.1401714,
              35.6255425
            ],
            [
              140.1408634,
              35.6252892
            ],
            [
              140.1412209,
              35.6251584
            ],
            [
              140.1419698,
              35.6249094
            ],
            [
              140.1424867,
              35.6246452
            ],
            [
              140.1428407,
              35.6244359
            ],
            [
              140.1433959,
              35.6240282
            ],
            [
              140.1436038,
              35.6238188
            ],
            [
              140.143732,
              35.6236986
            ],
            [
              140.1440398,
              35.6233706
            ],
            [
              140.1445837,
              35.6228476
            ],
            [
              140.1448641,
              35.6225685
            ],
            [
              140.1462111,
              35.6212314
            ],
            [
              140.146768,
              35.6206983
            ],
            [
              140.1478349,
              35.619613
            ],
            [
              140.1485122,
              35.6188642
            ],
            [
              140.1488416,
              35.6185245
            ],
            [
              140.1490415,
              35.6183184
            ],
            [
              140.1495865,
              35.6177179
            ],
            [
              140.1496649,
              35.6176244
            ],
            [
              140.1497505,
              35.6175334
            ],
            [
              140.1499088,
              35.6173561
            ],
            [
              140.1504308,
              35.6167535
            ],
            [
              140.1515748,
              35.6154878
            ],
            [
              140.1518591,
              35.6151807
            ],
            [
              140.1519307,
              35.615089
            ],
            [
              140.1520041,
              35.6150153
            ],
            [
              140.1523948,
              35.6144969
            ],
            [
              140.1525383,
              35.6143122
            ],
            [
              140.1527691,
              35.6139149
            ],
            [
              140.152969,
              35.6135351
            ],
            [
              140.1531078,
              35.6131968
            ],
            [
              140.1532465,
              35.6127722
            ],
            [
              140.1533332,
              35.612409
            ],
            [
              140.1533811,
              35.6120832
            ],
            [
              140.1534034,
              35.6116347
            ],
            [
              140.1533905,
              35.6111761
            ],
            [
              140.1533616,
              35.6108877
            ],
            [
              140.1533082,
              35.6105769
            ],
            [
              140.1531885,
              35.6101055
            ],
            [
              140.1530717,
              35.6096833
            ],
            [
              140.1528957,
              35.6091345
            ],
            [
              140.1528436,
              35.6089757
            ],
            [
              140.1526735,
              35.6084573
            ],
            [
              140.152639,
              35.6083523
            ],
            [
              140.1526027,
              35.6082247
            ],
            [
              140.1525466,
              35.6080274
            ],
            [
              140.1524341,
              35.6076568
            ],
            [
              140.1522221,
              35.6068735
            ],
            [
              140.15201,
              35.606137
            ],
            [
              140.1517836,
              35.6054556
            ],
            [
              140.1515845,
              35.6048406
            ],
            [
              140.1514483,
              35.6043942
            ],
            [
              140.1511744,
              35.603676
            ],
            [
              140.1509539,
              35.6030041
            ],
            [
              140.150628,
              35.6020879
            ],
            [
              140.1503375,
              35.6013286
            ],
            [
              140.1502045,
              35.601004
            ],
            [
              140.149994,
              35.6003825
            ],
            [
              140.1497016,
              35.5995589
            ],
            [
              140.1496159,
              35.5993184
            ],
            [
              140.1494171,
              35.5987746
            ],
            [
              140.1491143,
              35.5979829
            ],
            [
              140.1490813,
              35.5978963
            ],
            [
              140.1490547,
              35.5978155
            ],
            [
              140.1489334,
              35.5974505
            ],
            [
              140.1488864,
              35.5972889
            ],
            [
              140.1488252,
              35.5970787
            ],
            [
              140.1486462,
              35.5963388
            ],
            [
              140.1484838,
              35.5957006
            ],
            [
              140.1484005,
              35.5954606
            ],
            [
              140.1483034,
              35.5952369
            ],
            [
              140.14808,
              35.5947541
            ],
            [
              140.1477825,
              35.5940385
            ],
            [
              140.1476258,
              35.5936118
            ],
            [
              140.1472202,
              35.5924413
            ],
            [
              140.1471856,
              35.5923358
            ],
            [
              140.1471551,
              35.5922371
            ],
            [
              140.1467875,
              35.5912151
            ],
            [
              140.1466997,
              35.5909066
            ],
            [
              140.1466293,
              35.5905009
            ],
            [
              140.1465986,
              35.5900951
            ],
            [
              140.1465814,
              35.589868
            ],
            [
              140.1465549,
              35.5894192
            ],
            [
              140.1465301,
              35.5890715
            ],
            [
              140.1465228,
              35.5888775
            ],
            [
              140.1465301,
              35.58872
            ],
            [
              140.1465488,
              35.5885193
            ],
            [
              140.1465855,
              35.5882869
            ],
            [
              140.146663,
              35.587975
            ],
            [
              140.1468232,
              35.5874424
            ],
            [
              140.147068,
              35.5868352
            ],
            [
              140.1473903,
              35.586208
            ],
            [
              140.1480645,
              35.5850899
            ],
            [
              140.1482254,
              35.5847966
            ],
            [
              140.1483581,
              35.5845355
            ],
            [
              140.1484266,
              35.584373
            ],
            [
              140.1484735,
              35.5842768
            ],
            [
              140.148623,
              35.5839187
            ],
            [
              140.1486593,
              35.5838317
            ],
            [
              140.148725,
              35.5836064
            ],
            [
              140.1487654,
              35.5834621
            ],
            [
              140.1488296,
              35.5831893
            ],
            [
              140.1488936,
              35.5828151
            ],
            [
              140.1489028,
              35.5826655
            ],
            [
              140.1489107,
              35.5825049
            ],
            [
              140.1489164,
              35.5823475
            ],
            [
              140.1489126,
              35.5821963
            ],
            [
              140.1489023,
              35.5819936
            ],
            [
              140.1488898,
              35.5818274
            ],
            [
              140.1488753,
              35.5816653
            ],
            [
              140.148837,
              35.5814564
            ],
            [
              140.1487931,
              35.5812481
            ],
            [
              140.1487357,
              35.5810212
            ],
            [
              140.1486607,
              35.580788
            ],
            [
              140.1486,
              35.5806316
            ],
            [
              140.1485085,
              35.5804037
            ],
            [
              140.1484355,
              35.5802411
            ],
            [
              140.1483614,
              35.580088
            ],
            [
              140.1482947,
              35.5799658
            ],
            [
              140.1482293,
              35.579844
            ],
            [
              140.1481408,
              35.5797017
            ],
            [
              140.148034,
              35.5795471
            ],
            [
              140.1479265,
              35.579393
            ],
            [
              140.1478075,
              35.5792422
            ],
            [
              140.1477015,
              35.5791056
            ],
            [
              140.1475957,
              35.5789753
            ],
            [
              140.1474653,
              35.5788273
            ],
            [
              140.1472971,
              35.578644
            ],
            [
              140.1467514,
              35.578075
            ],
            [
              140.145497,
              35.5768415
            ],
            [
              140.145431,
              35.5767767
            ],
            [
              140.1448388,
              35.57618
            ],
            [
              140.1445505,
              35.5758917
            ],
            [
              140.1434395,
              35.5747892
            ],
            [
              140.1433747,
              35.5747229
            ],
            [
              140.1432278,
              35.5745862
            ],
            [
              140.142856,
              35.5742364
            ],
            [
              140.142399,
              35.5737896
            ],
            [
              140.1419867,
              35.5733901
            ],
            [
              140.1403395,
              35.571763
            ],
            [
              140.1400805,
              35.5714676
            ],
            [
              140.1399129,
              35.571273
            ],
            [
              140.1396823,
              35.5709998
            ],
            [
              140.1394905,
              35.5707677
            ],
            [
              140.1393122,
              35.5705318
            ],
            [
              140.1392181,
              35.5704123
            ],
            [
              140.1391351,
              35.5702905
            ],
            [
              140.1390551,
              35.5701606
            ],
            [
              140.1389709,
              35.5700178
            ],
            [
              140.138871,
              35.5698154
            ],
            [
              140.1387903,
              35.5696385
            ],
            [
              140.138723,
              35.5694565
            ],
            [
              140.1386714,
              35.5692945
            ],
            [
              140.1386269,
              35.5691199
            ],
            [
              140.1385564,
              35.5688476
            ],
            [
              140.1384097,
              35.5681121
            ],
            [
              140.1382878,
              35.5675158
            ],
            [
              140.1381446,
              35.5668286
            ],
            [
              140.1381231,
              35.5666648
            ],
            [
              140.1381156,
              35.5664905
            ],
            [
              140.1381101,
              35.5663168
            ],
            [
              140.1381232,
              35.5661505
            ],
            [
              140.1381416,
              35.5659923
            ],
            [
              140.1381933,
              35.5656851
            ],
            [
              140.1382278,
              35.5654015
            ],
            [
              140.1382712,
              35.5651618
            ],
            [
              140.1383482,
              35.5647319
            ],
            [
              140.1383633,
              35.5646643
            ],
            [
              140.1384084,
              35.5644618
            ],
            [
              140.1384685,
              35.5641917
            ],
            [
              140.1386286,
              35.5636943
            ],
            [
              140.1387912,
              35.5631476
            ],
            [
              140.1388409,
              35.5629405
            ],
            [
              140.1388883,
              35.5627495
            ],
            [
              140.1389312,
              35.5625328
            ],
            [
              140.1390317,
              35.5619965
            ],
            [
              140.1390654,
              35.5616203
            ],
            [
              140.1390868,
              35.5613862
            ],
            [
              140.1390895,
              35.5611772
            ],
            [
              140.1390899,
              35.5608079
            ],
            [
              140.139114,
              35.560482
            ],
            [
              140.1391361,
              35.5602492
            ],
            [
              140.1391552,
              35.5600562
            ],
            [
              140.1392343,
              35.5595083
            ],
            [
              140.1392682,
              35.5593514
            ],
            [
              140.1393417,
              35.5589738
            ],
            [
              140.1394363,
              35.5584818
            ],
            [
              140.1396081,
              35.5576656
            ],
            [
              140.1397112,
              35.5571612
            ],
            [
              140.1398084,
              35.5566037
            ],
            [
              140.1399155,
              35.5559405
            ],
            [
              140.1400423,
              35.5550874
            ],
            [
              140.1400683,
              35.5549147
            ],
            [
              140.1400853,
              35.5547396
            ],
            [
              140.1400912,
              35.5546063
            ],
            [
              140.140077,
              35.5543635
            ],
            [
              140.1400601,
              35.5542295
            ],
            [
              140.140016,
              35.5540644
            ],
            [
              140.1399419,
              35.5538671
            ],
            [
              140.1397626,
              35.5535816
            ],
            [
              140.1397127,
              35.5535159
            ],
            [
              140.1396215,
              35.5534013
            ],
            [
              140.1393266,
              35.553069
            ],
            [
              140.1387972,
              35.5524705
            ],
            [
              140.1380071,
              35.5515071
            ],
            [
              140.1376214,
              35.55104
            ],
            [
              140.1375582,
              35.550967
            ],
            [
              140.1366131,
              35.5498425
            ],
            [
              140.1364207,
              35.5496628
            ],
            [
              140.1362736,
              35.549537
            ],
            [
              140.1361416,
              35.5494374
            ],
            [
              140.1360101,
              35.5493581
            ],
            [
              140.1358002,
              35.5492378
            ],
            [
              140.1355515,
              35.5491384
            ],
            [
              140.1353014,
              35.5490553
            ],
            [
              140.1349445,
              35.5489665
            ],
            [
              140.1347952,
              35.5489403
            ],
            [
              140.1346074,
              35.5489259
            ],
            [
              140.1343719,
              35.5489226
            ],
            [
              140.134186,
              35.5489293
            ],
            [
              140.1339614,
              35.5489488
            ],
            [
              140.1335872,
              35.5489938
            ],
            [
              140.1313289,
              35.5492912
            ],
            [
              140.1307347,
              35.549371
            ],
            [
              140.1281368,
              35.5497162
            ],
            [
              140.1275018,
              35.5498006
            ],
            [
              140.1269403,
              35.5498602
            ],
            [
              140.1253232,
              35.5500786
            ],
            [
              140.1248002,
              35.5501472
            ],
            [
              140.1244255,
              35.5501953
            ],
            [
              140.1243265,
              35.550185
            ],
            [
              140.12426,
              35.5501631
            ],
            [
              140.1241965,
              35.5501223
            ],
            [
              140.1241604,
              35.5500803
            ],
            [
              140.1238609,
              35.5497294
            ],
            [
              140.1234341,
              35.5492434
            ],
            [
              140.1232738,
              35.5490749
            ],
            [
              140.1230402,
              35.5488213
            ],
            [
              140.1230096,
              35.548788
            ],
            [
              140.1226808,
              35.548431
            ],
            [
              140.1226399,
              35.548387
            ],
            [
              140.1224769,
              35.5482118
            ],
            [
              140.1224445,
              35.5481764
            ],
            [
              140.1221982,
              35.5479068
            ],
            [
              140.1217326,
              35.5473577
            ],
            [
              140.1214316,
              35.5470075
            ],
            [
              140.1212314,
              35.5467854
            ],
            [
              140.121109,
              35.5466511
            ],
            [
              140.120982,
              35.5464957
            ],
            [
              140.1208266,
              35.5463166
            ],
            [
              140.1207176,
              35.5462021
            ],
            [
              140.1206333,
              35.5461058
            ],
            [
              140.1205247,
              35.5459838
            ],
            [
              140.120332,
              35.5457768
            ],
            [
              140.1200353,
              35.5454477
            ],
            [
              140.1196383,
              35.545001
            ],
            [
              140.1194501,
              35.5447847
            ],
            [
              140.1191973,
              35.5444955
            ],
            [
              140.1189316,
              35.5441977
            ],
            [
              140.11883,
              35.5440841
            ],
            [
              140.1188118,
              35.5440624
            ],
            [
              140.1184861,
              35.5436739
            ],
            [
              140.1181191,
              35.5432292
            ],
            [
              140.1177612,
              35.5427953
            ],
            [
              140.1175663,
              35.542552
            ],
            [
              140.1173873,
              35.5423317
            ],
            [
              140.1172029,
              35.5421035
            ],
            [
              140.1170292,
              35.541907
            ],
            [
              140.1168404,
              35.5417113
            ],
            [
              140.1165347,
              35.5414287
            ],
            [
              140.116249,
              35.541178
            ],
            [
              140.1158734,
              35.5408457
            ],
            [
              140.11517,
              35.5402318
            ],
            [
              140.1150235,
              35.5400948
            ],
            [
              140.1148403,
              35.5399358
            ],
            [
              140.1145167,
              35.5396549
            ],
            [
              140.1141954,
              35.5393723
            ],
            [
              140.1140561,
              35.5392546
            ],
            [
              140.1136469,
              35.5388907
            ],
            [
              140.1132829,
              35.5385741
            ],
            [
              140.112913,
              35.5382556
            ],
            [
              140.1126302,
              35.5380091
            ],
            [
              140.1123753,
              35.5377724
            ],
            [
              140.1122818,
              35.5376856
            ],
            [
              140.1120426,
              35.5374637
            ],
            [
              140.1118347,
              35.5372795
            ],
            [
              140.11171,
              35.5371744
            ],
            [
              140.1116803,
              35.5371517
            ],
            [
              140.1114093,
              35.5369449
            ],
            [
              140.1113343,
              35.5368844
            ],
            [
              140.111143,
              35.5367433
            ],
            [
              140.1110078,
              35.5366376
            ],
            [
              140.1108526,
              35.5365244
            ],
            [
              140.1106674,
              35.5363893
            ],
            [
              140.1105515,
              35.5362968
            ],
            [
              140.1104256,
              35.5362069
            ],
            [
              140.1102073,
              35.5360508
            ],
            [
              140.1097919,
              35.5357435
            ],
            [
              140.1088425,
              35.5350768
            ],
            [
              140.1085968,
              35.5348977
            ],
            [
              140.1081491,
              35.5345726
            ],
            [
              140.1070438,
              35.5337775
            ],
            [
              140.1059805,
              35.5329931
            ],
            [
              140.1048606,
              35.5321722
            ],
            [
              140.1043439,
              35.5318015
            ],
            [
              140.1042654,
              35.5317452
            ],
            [
              140.1041906,
              35.5316913
            ],
            [
              140.103491,
              35.531187
            ],
            [
              140.1032393,
              35.5310074
            ],
            [
              140.10255,
              35.5305183
            ],
            [
              140.1017691,
              35.5299425
            ],
            [
              140.1015867,
              35.5298127
            ],
            [
              140.1014164,
              35.5296986
            ],
            [
              140.1011121,
              35.5295079
            ],
            [
              140.1008229,
              35.5293511
            ],
            [
              140.1006999,
              35.5292888
            ],
            [
              140.0997271,
              35.5288008
            ],
            [
              140.0996419,
              35.5287616
            ],
            [
              140.0990698,
              35.5284986
            ],
            [
              140.0987926,
              35.5283909
            ],
            [
              140.0986239,
              35.5283254
            ],
            [
              140.0984856,
              35.5282669
            ],
            [
              140.0983722,
              35.5282275
            ],
            [
              140.0982467,
              35.5281926
            ],
            [
              140.0981621,
              35.5281719
            ],
            [
              140.098088,
              35.5281558
            ],
            [
              140.0979984,
              35.5281413
            ],
            [
              140.0978797,
              35.5281246
            ],
            [
              140.0977879,
              35.5281143
            ],
            [
              140.0976416,
              35.528107
            ],
            [
              140.0975753,
              35.5281044
            ],
            [
              140.0973848,
              35.5281105
            ],
            [
              140.097289,
              35.5281172
            ],
            [
              140.0972061,
              35.5281272
            ],
            [
              140.0971256,
              35.5281396
            ],
            [
              140.0970442,
              35.5281525
            ],
            [
              140.0969161,
              35.5281832
            ],
            [
              140.0967883,
              35.5282187
            ],
            [
              140.0966825,
              35.5282536
            ],
            [
              140.0965796,
              35.5282917
            ],
            [
              140.0965084,
              35.5283218
            ],
            [
              140.0964299,
              35.5283597
            ],
            [
              140.0963612,
              35.528393
            ],
            [
              140.0962897,
              35.5284339
            ],
            [
              140.0961874,
              35.5284965
            ],
            [
              140.0961253,
              35.5285386
            ],
            [
              140.0960681,
              35.5285793
            ],
            [
              140.0960187,
              35.5286174
            ],
            [
              140.0959583,
              35.5286705
            ],
            [
              140.0959005,
              35.5287215
            ],
            [
              140.095846,
              35.528776
            ],
            [
              140.0957842,
              35.5288403
            ],
            [
              140.0957224,
              35.5289122
            ],
            [
              140.095655,
              35.5289873
            ],
            [
              140.0955917,
              35.5290495
            ],
            [
              140.0955172,
              35.5291187
            ],
            [
              140.0954469,
              35.5291779
            ],
            [
              140.0953755,
              35.5292315
            ],
            [
              140.0952721,
              35.5293002
            ],
            [
              140.0950595,
              35.5294388
            ],
            [
              140.094452,
              35.5297714
            ],
            [
              140.0940221,
              35.5299923
            ],
            [
              140.0932827,
              35.5303018
            ],
            [
              140.0927442,
              35.5304878
            ],
            [
              140.0913423,
              35.5309114
            ],
            [
              140.0903024,
              35.5312182
            ],
            [
              140.0893273,
              35.5315059
            ],
            [
              140.0884434,
              35.5317451
            ],
            [
              140.0879745,
              35.5318777
            ],
            [
              140.0876036,
              35.531978
            ],
            [
              140.0873728,
              35.5320304
            ],
            [
              140.0869187,
              35.5321046
            ],
            [
              140.0864325,
              35.5321529
            ],
            [
              140.0851751,
              35.5322328
            ],
            [
              140.0835942,
              35.5323596
            ],
            [
              140.0830554,
              35.5324028
            ],
            [
              140.0827069,
              35.5324273
            ],
            [
              140.0812458,
              35.532528
            ],
            [
              140.0800661,
              35.5326052
            ],
            [
              140.0797076,
              35.5326271
            ],
            [
              140.0795523,
              35.5326405
            ],
            [
              140.0793737,
              35.5326449
            ],
            [
              140.0792407,
              35.5326368
            ],
            [
              140.0791155,
              35.5326256
            ],
            [
              140.0790003,
              35.5326033
            ],
            [
              140.0788602,
              35.5325667
            ],
            [
              140.0787414,
              35.5325257
            ],
            [
              140.0764846,
              35.5316165
            ],
            [
              140.0761681,
              35.5314867
            ],
            [
              140.0758404,
              35.531339
            ],
            [
              140.075576,
              35.5312438
            ],
            [
              140.0751803,
              35.5311135
            ],
            [
              140.0746704,
              35.5309631
            ],
            [
              140.0730836,
              35.5305088
            ],
            [
              140.0725017,
              35.5303174
            ],
            [
              140.0720241,
              35.5301555
            ],
            [
              140.0714928,
              35.5299756
            ],
            [
              140.0709844,
              35.5298008
            ],
            [
              140.070318,
              35.5295997
            ],
            [
              140.0697788,
              35.5294436
            ],
            [
              140.0693486,
              35.5293074
            ],
            [
              140.0690991,
              35.5292136
            ],
            [
              140.0689246,
              35.5291403
            ],
            [
              140.0686522,
              35.5290131
            ],
            [
              140.068267,
              35.5288133
            ],
            [
              140.0678651,
              35.5285704
            ],
            [
              140.0675059,
              35.5283102
            ],
            [
              140.0672509,
              35.5281001
            ],
            [
              140.0671451,
              35.5280057
            ],
            [
              140.0670365,
              35.5279214
            ],
            [
              140.0669084,
              35.5278084
            ],
            [
              140.066786,
              35.5276947
            ],
            [
              140.0667296,
              35.5276327
            ],
            [
              140.066641,
              35.5275278
            ],
            [
              140.0665259,
              35.5273701
            ],
            [
              140.0661541,
              35.5268204
            ],
            [
              140.06589,
              35.5264292
            ],
            [
              140.0656171,
              35.525999
            ],
            [
              140.0653302,
              35.5255664
            ],
            [
              140.0645308,
              35.5243327
            ],
            [
              140.0640379,
              35.5235742
            ],
            [
              140.0637535,
              35.5231629
            ],
            [
              140.0636703,
              35.5230337
            ],
            [
              140.0635814,
              35.5228948
            ],
            [
              140.0630929,
              35.5221325
            ],
            [
              140.062439,
              35.5211281
            ],
            [
              140.0619572,
              35.5204387
            ],
            [
              140.0614646,
              35.5196637
            ],
            [
              140.0614112,
              35.5195826
            ],
            [
              140.0587663,
              35.5155749
            ],
            [
              140.0586435,
              35.5153888
            ],
            [
              140.0585006,
              35.5151665
            ],
            [
              140.0582652,
              35.5148004
            ],
            [
              140.0575595,
              35.5136663
            ],
            [
              140.0566988,
              35.5123027
            ],
            [
              140.0565608,
              35.5120825
            ],
            [
              140.0536837,
              35.5074997
            ],
            [
              140.0527568,
              35.5060395
            ],
            [
              140.0523514,
              35.5054016
            ],
            [
              140.0509309,
              35.5031634
            ],
            [
              140.0504088,
              35.5023098
            ],
            [
              140.0503358,
              35.5021942
            ],
            [
              140.0502494,
              35.5020576
            ],
            [
              140.049725,
              35.5012334
            ],
            [
              140.0490842,
              35.500212
            ],
            [
              140.0484855,
              35.4992538
            ],
            [
              140.0473003,
              35.4973728
            ],
            [
              140.0468633,
              35.4966763
            ],
            [
              140.0465916,
              35.4962358
            ],
            [
              140.0453782,
              35.4941704
            ],
            [
              140.0445566,
              35.4927458
            ],
            [
              140.0436597,
              35.4912291
            ],
            [
              140.0434873,
              35.4909236
            ],
            [
              140.0431561,
              35.4903591
            ],
            [
              140.0428558,
              35.4898617
            ],
            [
              140.0422128,
              35.4889015
            ],
            [
              140.04205,
              35.4886766
            ],
            [
              140.0417754,
              35.4883152
            ],
            [
              140.0409364,
              35.4872743
            ],
            [
              140.0406834,
              35.4869666
            ],
            [
              140.0391361,
              35.4850602
            ],
            [
              140.0386263,
              35.4844203
            ],
            [
              140.0385425,
              35.4843184
            ],
            [
              140.0384501,
              35.4842058
            ],
            [
              140.0351244,
              35.4801518
            ],
            [
              140.0331634,
              35.477701
            ],
            [
              140.0322959,
              35.4766779
            ],
            [
              140.0312092,
              35.475321
            ],
            [
              140.0303047,
              35.4742454
            ],
            [
              140.028753,
              35.4723887
            ],
            [
              140.028634,
              35.4722463
            ],
            [
              140.0281724,
              35.4716809
            ],
            [
              140.0261856,
              35.4692715
            ],
            [
              140.0255666,
              35.4685109
            ],
            [
              140.0254679,
              35.4683853
            ],
            [
              140.0253428,
              35.4682443
            ],
            [
              140.0251846,
              35.4680819
            ],
            [
              140.0249389,
              35.467847
            ],
            [
              140.0245968,
              35.4675692
            ],
            [
              140.0240558,
              35.4671518
            ],
            [
              140.0233227,
              35.4665521
            ],
            [
              140.0226905,
              35.4660958
            ],
            [
              140.021989,
              35.4656514
            ],
            [
              140.0209674,
              35.465062
            ],
            [
              140.0192207,
              35.4640393
            ],
            [
              140.0176285,
              35.463163
            ],
            [
              140.0164906,
              35.462518
            ],
            [
              140.0153322,
              35.4618382
            ],
            [
              140.0140619,
              35.4611426
            ],
            [
              140.0134342,
              35.4607878
            ],
            [
              140.0129729,
              35.4605155
            ],
            [
              140.0113445,
              35.4595729
            ],
            [
              140.0110896,
              35.4594257
            ],
            [
              140.010891,
              35.4593152
            ],
            [
              140.009312,
              35.4584366
            ],
            [
              140.0074695,
              35.4574834
            ],
            [
              140.0063855,
              35.4569331
            ],
            [
              140.0049505,
              35.4562185
            ],
            [
              140.004114,
              35.4558122
            ],
            [
              140.0036722,
              35.4556003
            ],
            [
              140.0021722,
              35.4550277
            ],
            [
              140.0013583,
              35.4546981
            ],
            [
              140.0012138,
              35.4546396
            ],
            [
              139.9981278,
              35.4534237
            ],
            [
              139.9965876,
              35.4528225
            ],
            [
              139.9963606,
              35.4527294
            ],
            [
              139.9957875,
              35.4524976
            ],
            [
              139.99526,
              35.4522564
            ],
            [
              139.9950786,
              35.4521861
            ],
            [
              139.9949058,
              35.4521183
            ],
            [
              139.9918231,
              35.4509689
            ],
            [
              139.9912105,
              35.4507152
            ],
            [
              139.9900903,
              35.4502291
            ],
            [
              139.9871943,
              35.4491402
            ],
            [
              139.9863417,
              35.4487931
            ],
            [
              139.9850999,
              35.4482341
            ],
            [
              139.9840814,
              35.4478279
            ],
            [
              139.9831754,
              35.4474252
            ],
            [
              139.982238,
              35.4470171
            ],
            [
              139.977774,
              35.4450796
            ],
            [
              139.9768182,
              35.4446647
            ],
            [
              139.9733751,
              35.4432306
            ],
            [
              139.9727804,
              35.4429578
            ],
            [
              139.9725765,
              35.4428444
            ],
            [
              139.9723778,
              35.4426989
            ],
            [
              139.9722112,
              35.44253
            ],
            [
              139.9720247,
              35.4423207
            ],
            [
              139.9718492,
              35.4420653
            ],
            [
              139.9717429,
              35.4418727
            ],
            [
              139.9716837,
              35.4416959
            ],
            [
              139.9715171,
              35.4409282
            ],
            [
              139.9714798,
              35.4407342
            ],
            [
              139.9714734,
              35.4407022
            ],
            [
              139.9714614,
              35.4406455
            ],
            [
              139.9710792,
              35.4388185
            ],
            [
              139.9707077,
              35.4370257
            ],
            [
              139.9704529,
              35.4358107
            ],
            [
              139.9703768,
              35.4354675
            ],
            [
              139.9702285,
              35.4350351
            ],
            [
              139.9701073,
              35.4347457
            ],
            [
              139.9699147,
              35.4343211
            ],
            [
              139.9695379,
              35.4337918
            ],
            [
              139.9692124,
              35.4333967
            ],
            [
              139.9687843,
              35.4329795
            ],
            [
              139.9683851,
              35.4326525
            ],
            [
              139.9682508,
              35.4325452
            ],
            [
              139.9673451,
              35.4319413
            ],
            [
              139.96714,
              35.4317962
            ],
            [
              139.9661693,
              35.4310512
            ],
            [
              139.9658104,
              35.4307054
            ],
            [
              139.9653681,
              35.4302661
            ],
            [
              139.9647672,
              35.4295745
            ],
            [
              139.9640209,
              35.4285178
            ],
            [
              139.9637749,
              35.4281482
            ],
            [
              139.9632894,
              35.4274187
            ],
            [
              139.9616614,
              35.4251329
            ],
            [
              139.9616339,
              35.4250881
            ],
            [
              139.9609948,
              35.4241626
            ],
            [
              139.9605582,
              35.4235269
            ],
            [
              139.9597356,
              35.422358
            ],
            [
              139.9590551,
              35.421391
            ],
            [
              139.9587201,
              35.4208671
            ],
            [
              139.9584002,
              35.4202879
            ],
            [
              139.9582559,
              35.4199729
            ],
            [
              139.9581826,
              35.4198129
            ],
            [
              139.9580649,
              35.4195261
            ],
            [
              139.9579218,
              35.4190842
            ],
            [
              139.957763,
              35.4185938
            ],
            [
              139.9575744,
              35.4180157
            ],
            [
              139.9573524,
              35.4173351
            ],
            [
              139.956548,
              35.4148692
            ],
            [
              139.9563621,
              35.4142838
            ],
            [
              139.9560725,
              35.4134524
            ],
            [
              139.9559006,
              35.4129695
            ],
            [
              139.9558704,
              35.4128915
            ],
            [
              139.9557142,
              35.4125544
            ],
            [
              139.9556089,
              35.4123532
            ],
            [
              139.9553419,
              35.4119492
            ],
            [
              139.9550452,
              35.4115975
            ],
            [
              139.9546244,
              35.4111462
            ],
            [
              139.95453,
              35.4110758
            ],
            [
              139.9541306,
              35.4107453
            ],
            [
              139.9534112,
              35.4102656
            ],
            [
              139.9526734,
              35.4099136
            ],
            [
              139.9522269,
              35.4097422
            ],
            [
              139.9518069,
              35.4095994
            ],
            [
              139.9507221,
              35.409305
            ],
            [
              139.9499523,
              35.4091136
            ],
            [
              139.9486546,
              35.4087636
            ],
            [
              139.9480493,
              35.408556
            ],
            [
              139.9475369,
              35.4083465
            ],
            [
              139.9470397,
              35.4081023
            ],
            [
              139.9468629,
              35.4079924
            ],
            [
              139.9462897,
              35.4076079
            ],
            [
              139.9458027,
              35.4072225
            ],
            [
              139.9457088,
              35.4071376
            ],
            [
              139.9453188,
              35.4067847
            ],
            [
              139.9450679,
              35.4065135
            ],
            [
              139.9449409,
              35.4063761
            ],
            [
              139.9445937,
              35.4060232
            ],
            [
              139.9438355,
              35.4052523
            ],
            [
              139.9430632,
              35.4044424
            ],
            [
              139.9429369,
              35.4042853
            ],
            [
              139.9427458,
              35.4040478
            ],
            [
              139.9425536,
              35.4037731
            ],
            [
              139.9422547,
              35.4032437
            ],
            [
              139.9421309,
              35.4029488
            ],
            [
              139.941998,
              35.4025833
            ],
            [
              139.9418946,
              35.4021833
            ],
            [
              139.9418176,
              35.4016525
            ],
            [
              139.9417545,
              35.4010954
            ],
            [
              139.9415477,
              35.398703
            ],
            [
              139.9414772,
              35.3978867
            ],
            [
              139.9412443,
              35.3953323
            ],
            [
              139.9411768,
              35.3945915
            ],
            [
              139.9410348,
              35.3932066
            ],
            [
              139.940919,
              35.3919544
            ],
            [
              139.9409139,
              35.3917316
            ],
            [
              139.9409108,
              35.391593
            ],
            [
              139.9409076,
              35.3912338
            ],
            [
              139.9409226,
              35.3909736
            ],
            [
              139.9410085,
              35.3899919
            ],
            [
              139.941038,
              35.3894954
            ],
            [
              139.9411504,
              35.388489
            ],
            [
              139.9412444,
              35.3876979
            ],
            [
              139.941369,
              35.3869096
            ],
            [
              139.9419108,
              35.3841523
            ],
            [
              139.9423029,
              35.3823972
            ],
            [
              139.9423308,
              35.3822326
            ],
            [
              139.9424433,
              35.3816205
            ],
            [
              139.942519,
              35.3811575
            ],
            [
              139.9425526,
              35.3806964
            ],
            [
              139.9425371,
              35.3803431
            ],
            [
              139.942508,
              35.3800947
            ],
            [
              139.942442,
              35.3797059
            ],
            [
              139.942362,
              35.3793277
            ],
            [
              139.9422566,
              35.3789633
            ],
            [
              139.9421428,
              35.3786132
            ],
            [
              139.942011,
              35.3782175
            ],
            [
              139.941883,
              35.3778385
            ],
            [
              139.9417578,
              35.3774802
            ],
            [
              139.9416163,
              35.3771245
            ],
            [
              139.9414661,
              35.376815
            ],
            [
              139.9412883,
              35.3765127
            ],
            [
              139.9411067,
              35.3762595
            ],
            [
              139.9408245,
              35.3759314
            ],
            [
              139.9406324,
              35.3757147
            ],
            [
              139.9405237,
              35.3756069
            ],
            [
              139.9404194,
              35.3755052
            ],
            [
              139.94002,
              35.3751826
            ],
            [
              139.9395597,
              35.3748892
            ],
            [
              139.9391509,
              35.3746741
            ],
            [
              139.9387165,
              35.3744917
            ],
            [
              139.9385818,
              35.3744411
            ],
            [
              139.9384931,
              35.3744077
            ],
            [
              139.9381322,
              35.374272
            ],
            [
              139.9377304,
              35.3741348
            ],
            [
              139.9372906,
              35.3739848
            ],
            [
              139.9363979,
              35.3736723
            ],
            [
              139.9355733,
              35.3733967
            ],
            [
              139.9338563,
              35.3727766
            ],
            [
              139.9335818,
              35.3726761
            ],
            [
              139.9333347,
              35.3725731
            ],
            [
              139.9330105,
              35.3724306
            ],
            [
              139.9327157,
              35.3722572
            ],
            [
              139.9323987,
              35.3720457
            ],
            [
              139.932303,
              35.3719814
            ],
            [
              139.932219,
              35.3719157
            ],
            [
              139.931316,
              35.3712098
            ],
            [
              139.9301247,
              35.370269
            ],
            [
              139.9300591,
              35.3702172
            ],
            [
              139.9298205,
              35.3700224
            ],
            [
              139.9297463,
              35.3699646
            ],
            [
              139.9293453,
              35.3696407
            ],
            [
              139.9286147,
              35.3690505
            ],
            [
              139.9281889,
              35.3687067
            ],
            [
              139.9278492,
              35.3684322
            ],
            [
              139.9273316,
              35.368034
            ],
            [
              139.9271821,
              35.367919
            ],
            [
              139.9270934,
              35.367857
            ],
            [
              139.9268362,
              35.3679208
            ],
            [
              139.9267174,
              35.3679495
            ],
            [
              139.9264818,
              35.3680065
            ],
            [
              139.9258372,
              35.3681614
            ],
            [
              139.9254152,
              35.3682563
            ],
            [
              139.924894,
              35.3683736
            ],
            [
              139.924577,
              35.3684441
            ],
            [
              139.92421,
              35.3685299
            ],
            [
              139.924031,
              35.3685662
            ],
            [
              139.923874,
              35.3686004
            ],
            [
              139.9237205,
              35.368636
            ],
            [
              139.9232559,
              35.3687389
            ],
            [
              139.9228673,
              35.3688156
            ],
            [
              139.9226441,
              35.3688606
            ],
            [
              139.922178,
              35.3689673
            ],
            [
              139.9220159,
              35.3690019
            ],
            [
              139.9217334,
              35.3690668
            ],
            [
              139.9215664,
              35.3691047
            ],
            [
              139.9212482,
              35.3691769
            ],
            [
              139.9211464,
              35.3692
            ],
            [
              139.9209889,
              35.3692358
            ],
            [
              139.9209306,
              35.3692488
            ],
            [
              139.920785,
              35.3692814
            ],
            [
              139.9206482,
              35.3693102
            ],
            [
              139.9204838,
              35.3693477
            ],
            [
              139.920209,
              35.3694104
            ],
            [
              139.9197291,
              35.369525
            ],
            [
              139.9194175,
              35.3696054
            ],
            [
              139.9192633,
              35.369644
            ],
            [
              139.9187888,
              35.3697557
            ],
            [
              139.9185672,
              35.3698029
            ],
            [
              139.9183992,
              35.3698309
            ],
            [
              139.9181494,
              35.3698668
            ],
            [
              139.9179971,
              35.3698876
            ],
            [
              139.9178235,
              35.3699113
            ],
            [
              139.9176402,
              35.3699359
            ],
            [
              139.9173092,
              35.3699801
            ],
            [
              139.9170983,
              35.3700078
            ],
            [
              139.9168486,
              35.3700434
            ],
            [
              139.9167441,
              35.3700583
            ],
            [
              139.9166326,
              35.370073
            ],
            [
              139.9165211,
              35.3700876
            ],
            [
              139.9163236,
              35.370111
            ],
            [
              139.9160093,
              35.3701531
            ],
            [
              139.9157971,
              35.3701843
            ],
            [
              139.9155453,
              35.3702175
            ],
            [
              139.9152996,
              35.3702521
            ],
            [
              139.9146631,
              35.37034
            ],
            [
              139.9143117,
              35.3703873
            ],
            [
              139.9136989,
              35.3704649
            ],
            [
              139.9135259,
              35.3704883
            ],
            [
              139.9133529,
              35.3705138
            ],
            [
              139.9131587,
              35.3705385
            ],
            [
              139.9128343,
              35.3705828
            ],
            [
              139.9126205,
              35.370617
            ],
            [
              139.9123928,
              35.3706473
            ],
            [
              139.9122775,
              35.370661
            ],
            [
              139.9121751,
              35.3706723
            ],
            [
              139.9120602,
              35.3706779
            ],
            [
              139.9119489,
              35.3706821
            ],
            [
              139.9118467,
              35.3706844
            ],
            [
              139.9117329,
              35.3706809
            ],
            [
              139.9116222,
              35.3706754
            ],
            [
              139.911513,
              35.3706638
            ],
            [
              139.911411,
              35.3706492
            ],
            [
              139.911304,
              35.3706319
            ],
            [
              139.911197,
              35.3706088
            ],
            [
              139.9110933,
              35.3705823
            ],
            [
              139.9109849,
              35.3705488
            ],
            [
              139.9108888,
              35.3705139
            ],
            [
              139.9107923,
              35.3704779
            ],
            [
              139.9106887,
              35.3704376
            ],
            [
              139.9106151,
              35.3704096
            ],
            [
              139.9102078,
              35.3702367
            ],
            [
              139.9102737,
              35.3701286
            ],
            [
              139.9102967,
              35.3700909
            ],
            [
              139.9103953,
              35.3699308
            ],
            [
              139.910621,
              35.369583
            ],
            [
              139.9107192,
              35.3694285
            ],
            [
              139.9108262,
              35.3692696
            ],
            [
              139.9109854,
              35.3690293
            ],
            [
              139.9111198,
              35.3688323
            ],
            [
              139.9112496,
              35.3686385
            ],
            [
              139.9112992,
              35.3685613
            ],
            [
              139.9113948,
              35.3683969
            ],
            [
              139.9114367,
              35.3683168
            ],
            [
              139.9114751,
              35.3682396
            ],
            [
              139.911524,
              35.3681393
            ],
            [
              139.9115836,
              35.3679899
            ],
            [
              139.9116246,
              35.3678916
            ],
            [
              139.9116585,
              35.3678034
            ],
            [
              139.9117087,
              35.3676531
            ],
            [
              139.9117604,
              35.3674608
            ],
            [
              139.9117854,
              35.3673531
            ],
            [
              139.9118104,
              35.3672382
            ],
            [
              139.9118566,
              35.366963
            ],
            [
              139.9118654,
              35.3668896
            ],
            [
              139.9118745,
              35.3668208
            ],
            [
              139.9118789,
              35.3667539
            ],
            [
              139.9118947,
              35.3665707
            ],
            [
              139.911903,
              35.3663914
            ],
            [
              139.911906,
              35.3662779
            ],
            [
              139.9119067,
              35.3661206
            ],
            [
              139.9119011,
              35.3659521
            ],
            [
              139.9118909,
              35.3657606
            ],
            [
              139.9118757,
              35.3655942
            ],
            [
              139.9118616,
              35.3654638
            ],
            [
              139.9118442,
              35.36534
            ],
            [
              139.9117925,
              35.3650439
            ],
            [
              139.9117504,
              35.3648359
            ],
            [
              139.9117059,
              35.3646069
            ],
            [
              139.9116519,
              35.3643403
            ],
            [
              139.911577,
              35.3639747
            ],
            [
              139.9114877,
              35.36352
            ],
            [
              139.9113847,
              35.3630175
            ],
            [
              139.9113564,
              35.3628692
            ],
            [
              139.9112436,
              35.3623152
            ],
            [
              139.9111603,
              35.3619234
            ],
            [
              139.9110608,
              35.361551
            ],
            [
              139.9109139,
              35.3610743
            ],
            [
              139.9108212,
              35.3607981
            ],
            [
              139.910764,
              35.3606399
            ],
            [
              139.9107038,
              35.3604868
            ],
            [
              139.9105194,
              35.3600318
            ],
            [
              139.9104164,
              35.3598006
            ],
            [
              139.9103041,
              35.3595668
            ],
            [
              139.9100332,
              35.3590403
            ],
            [
              139.9099247,
              35.3588436
            ],
            [
              139.9098069,
              35.358647
            ],
            [
              139.9094982,
              35.3581533
            ],
            [
              139.9093793,
              35.357977
            ],
            [
              139.9092666,
              35.3578183
            ],
            [
              139.9090596,
              35.3575336
            ],
            [
              139.9088265,
              35.357232
            ],
            [
              139.9085827,
              35.3569279
            ],
            [
              139.9083347,
              35.3566416
            ],
            [
              139.9080959,
              35.3563829
            ],
            [
              139.9077331,
              35.3559982
            ],
            [
              139.9072307,
              35.3555313
            ],
            [
              139.9070809,
              35.3553977
            ],
            [
              139.9069235,
              35.3552603
            ],
            [
              139.9066209,
              35.3550107
            ],
            [
              139.9063031,
              35.3547541
            ],
            [
              139.9059668,
              35.3545026
            ],
            [
              139.9056459,
              35.3542755
            ],
            [
              139.9052209,
              35.3539923
            ],
            [
              139.9049631,
              35.3538297
            ],
            [
              139.9046898,
              35.3536646
            ],
            [
              139.9041588,
              35.3533645
            ],
            [
              139.9037866,
              35.3531669
            ],
            [
              139.9033989,
              35.3529718
            ],
            [
              139.9032968,
              35.3529196
            ],
            [
              139.9032407,
              35.3528904
            ],
            [
              139.90302,
              35.3527971
            ],
            [
              139.9027226,
              35.3526674
            ],
            [
              139.9024327,
              35.3525418
            ],
            [
              139.9022891,
              35.3524833
            ],
            [
              139.9019953,
              35.352368
            ],
            [
              139.9017209,
              35.352262
            ],
            [
              139.9014197,
              35.3521472
            ],
            [
              139.9012814,
              35.3520905
            ],
            [
              139.900828,
              35.3519114
            ],
            [
              139.9004077,
              35.3517511
            ],
            [
              139.8993862,
              35.3513594
            ],
            [
              139.8983379,
              35.3509546
            ],
            [
              139.8971345,
              35.3504902
            ],
            [
              139.8970312,
              35.3504503
            ],
            [
              139.8960495,
              35.3500658
            ],
            [
              139.8952214,
              35.3497528
            ],
            [
              139.8944013,
              35.3494331
            ],
            [
              139.8933547,
              35.3490327
            ],
            [
              139.8923162,
              35.34863
            ],
            [
              139.8912146,
              35.3482023
            ],
            [
              139.8902534,
              35.3478287
            ],
            [
              139.8900996,
              35.3477723
            ],
            [
              139.8892936,
              35.3474622
            ],
            [
              139.888533,
              35.3471658
            ],
            [
              139.8874892,
              35.3467621
            ],
            [
              139.8869027,
              35.346539
            ],
            [
              139.8865987,
              35.3464285
            ],
            [
              139.8861552,
              35.3462699
            ],
            [
              139.8852291,
              35.3459741
            ],
            [
              139.8848465,
              35.345855
            ],
            [
              139.8844504,
              35.3457447
            ],
            [
              139.883983,
              35.3456219
            ],
            [
              139.8834995,
              35.3455014
            ],
            [
              139.8830353,
              35.3453916
            ],
            [
              139.882555,
              35.3452884
            ],
            [
              139.8818942,
              35.3451552
            ],
            [
              139.8814243,
              35.3450722
            ],
            [
              139.8810698,
              35.3450089
            ],
            [
              139.8808814,
              35.3449742
            ],
            [
              139.8807255,
              35.3449568
            ],
            [
              139.8800858,
              35.3448784
            ],
            [
              139.8796881,
              35.3448304
            ],
            [
              139.8792637,
              35.3447868
            ],
            [
              139.8790558,
              35.3447655
            ],
            [
              139.8788318,
              35.3447464
            ],
            [
              139.8786185,
              35.3447296
            ],
            [
              139.8783891,
              35.3447127
            ],
            [
              139.8780056,
              35.3446874
            ],
            [
              139.877614,
              35.3446665
            ],
            [
              139.8772385,
              35.3446516
            ],
            [
              139.8768549,
              35.3446411
            ],
            [
              139.8760371,
              35.3446283
            ],
            [
              139.8758505,
              35.3446252
            ],
            [
              139.875872,
              35.3445637
            ],
            [
              139.8758934,
              35.3445021
            ],
            [
              139.8759059,
              35.3443292
            ],
            [
              139.875932,
              35.3441589
            ],
            [
              139.8759735,
              35.3439685
            ],
            [
              139.876006,
              35.343829
            ],
            [
              139.8760391,
              35.3437477
            ],
            [
              139.8760877,
              35.3436412
            ],
            [
              139.8762347,
              35.3432745
            ],
            [
              139.8762562,
              35.3432223
            ],
            [
              139.8763085,
              35.3430924
            ],
            [
              139.8762012,
              35.3430695
            ],
            [
              139.8760873,
              35.3430449
            ],
            [
              139.8754156,
              35.342882
            ],
            [
              139.8747703,
              35.3427182
            ],
            [
              139.8740145,
              35.3425484
            ],
            [
              139.8736392,
              35.3424744
            ],
            [
              139.8732498,
              35.3424004
            ],
            [
              139.8724696,
              35.3422489
            ],
            [
              139.8715701,
              35.342098
            ],
            [
              139.8710606,
              35.3420158
            ],
            [
              139.8705196,
              35.3419304
            ],
            [
              139.8694855,
              35.3417597
            ],
            [
              139.8693017,
              35.3417301
            ],
            [
              139.8692004,
              35.3417162
            ],
            [
              139.8682094,
              35.3415585
            ],
            [
              139.867548,
              35.3414514
            ],
            [
              139.8672758,
              35.341406
            ],
            [
              139.8671881,
              35.3413915
            ],
            [
              139.8670834,
              35.3413687
            ],
            [
              139.8669824,
              35.3413326
            ],
            [
              139.8669155,
              35.3412919
            ],
            [
              139.8668511,
              35.3412386
            ],
            [
              139.8667574,
              35.341142
            ],
            [
              139.8666743,
              35.3410455
            ],
            [
              139.8665133,
              35.3408494
            ],
            [
              139.866295,
              35.3405736
            ],
            [
              139.8659327,
              35.3401231
            ],
            [
              139.8657634,
              35.3399039
            ],
            [
              139.8656814,
              35.3398001
            ],
            [
              139.8656064,
              35.3397164
            ],
            [
              139.8655584,
              35.3396656
            ],
            [
              139.8654489,
              35.3395526
            ],
            [
              139.8653518,
              35.3394599
            ],
            [
              139.8653117,
              35.3394153
            ],
            [
              139.8652686,
              35.3393742
            ],
            [
              139.8647516,
              35.3389115
            ],
            [
              139.864717,
              35.3388876
            ],
            [
              139.8646041,
              35.3387801
            ],
            [
              139.8645088,
              35.3386717
            ],
            [
              139.864346,
              35.3384362
            ],
            [
              139.8642365,
              35.338257
            ],
            [
              139.8641393,
              35.3380792
            ],
            [
              139.864097,
              35.3379927
            ],
            [
              139.8640391,
              35.3378269
            ],
            [
              139.8640066,
              35.3376449
            ],
            [
              139.8639663,
              35.3374697
            ],
            [
              139.8638547,
              35.3370696
            ],
            [
              139.8637553,
              35.3366994
            ],
            [
              139.8637104,
              35.3365545
            ],
            [
              139.8635461,
              35.3359815
            ],
            [
              139.8633959,
              35.3354236
            ],
            [
              139.863379,
              35.33531
            ],
            [
              139.863372,
              35.335173
            ],
            [
              139.8633686,
              35.3350932
            ],
            [
              139.8633645,
              35.3349962
            ],
            [
              139.8633434,
              35.3349129
            ],
            [
              139.863301,
              35.3348377
            ],
            [
              139.8632896,
              35.3348264
            ],
            [
              139.8632188,
              35.3347564
            ],
            [
              139.8628465,
              35.3344454
            ],
            [
              139.8626463,
              35.3342835
            ],
            [
              139.8625662,
              35.3342188
            ],
            [
              139.8624701,
              35.3341411
            ],
            [
              139.8624013,
              35.3340922
            ],
            [
              139.862346,
              35.3340473
            ],
            [
              139.8622255,
              35.3339493
            ],
            [
              139.8619455,
              35.3337297
            ],
            [
              139.8616939,
              35.3335201
            ],
            [
              139.8615052,
              35.3333665
            ],
            [
              139.861437,
              35.333311
            ],
            [
              139.8611964,
              35.3331218
            ],
            [
              139.8609758,
              35.3329606
            ],
            [
              139.8607691,
              35.3328238
            ],
            [
              139.8607014,
              35.3327861
            ],
            [
              139.8605028,
              35.3326704
            ],
            [
              139.8602629,
              35.3325373
            ],
            [
              139.8597215,
              35.3322478
            ],
            [
              139.8592199,
              35.3319873
            ],
            [
              139.8586504,
              35.3317048
            ],
            [
              139.8584221,
              35.3315892
            ],
            [
              139.8583398,
              35.331549
            ],
            [
              139.8582641,
              35.3315157
            ],
            [
              139.8582129,
              35.3314933
            ],
            [
              139.8580791,
              35.3314361
            ],
            [
              139.8577318,
              35.3312769
            ],
            [
              139.8576498,
              35.3312424
            ],
            [
              139.8575499,
              35.3311946
            ],
            [
              139.8575187,
              35.3311805
            ],
            [
              139.8573284,
              35.3311012
            ],
            [
              139.856424,
              35.3307036
            ],
            [
              139.8558337,
              35.3304177
            ],
            [
              139.8554481,
              35.3302353
            ],
            [
              139.8552214,
              35.3301126
            ],
            [
              139.8550726,
              35.3300142
            ],
            [
              139.8548449,
              35.3298402
            ],
            [
              139.8546818,
              35.329708
            ],
            [
              139.8544157,
              35.3294953
            ],
            [
              139.8543428,
              35.3294371
            ],
            [
              139.8542543,
              35.3293718
            ],
            [
              139.8541119,
              35.3292668
            ],
            [
              139.853883,
              35.3291041
            ],
            [
              139.8536358,
              35.3289629
            ],
            [
              139.8532616,
              35.3287498
            ],
            [
              139.852815,
              35.3284934
            ],
            [
              139.8524004,
              35.32823
            ],
            [
              139.8519377,
              35.327943
            ],
            [
              139.851084,
              35.3274283
            ],
            [
              139.8507179,
              35.3272092
            ],
            [
              139.8503119,
              35.3269742
            ],
            [
              139.8500559,
              35.3268198
            ],
            [
              139.8499998,
              35.326786
            ],
            [
              139.8499269,
              35.3267377
            ],
            [
              139.8497947,
              35.32665
            ],
            [
              139.8489542,
              35.3261137
            ],
            [
              139.8488264,
              35.3260261
            ],
            [
              139.8487767,
              35.3259921
            ],
            [
              139.8484544,
              35.3257761
            ],
            [
              139.8480575,
              35.3255068
            ],
            [
              139.8480281,
              35.325488
            ],
            [
              139.8479905,
              35.325464
            ],
            [
              139.8477575,
              35.3253256
            ],
            [
              139.8475973,
              35.3252338
            ],
            [
              139.847574,
              35.3252207
            ],
            [
              139.8471966,
              35.3250083
            ],
            [
              139.8468239,
              35.3247981
            ],
            [
              139.846506,
              35.3246226
            ],
            [
              139.8463516,
              35.3245441
            ],
            [
              139.8462239,
              35.3244793
            ],
            [
              139.8460793,
              35.3244009
            ],
            [
              139.8458994,
              35.3243174
            ],
            [
              139.8457288,
              35.3242454
            ],
            [
              139.8456222,
              35.3241972
            ],
            [
              139.8455545,
              35.3241674
            ],
            [
              139.8453524,
              35.3240785
            ],
            [
              139.8452647,
              35.3240382
            ],
            [
              139.8451259,
              35.3239744
            ],
            [
              139.8449747,
              35.3238998
            ],
            [
              139.8443204,
              35.3235767
            ],
            [
              139.8441226,
              35.3234689
            ],
            [
              139.8440959,
              35.3234559
            ],
            [
              139.8439327,
              35.323376
            ],
            [
              139.8433536,
              35.3230414
            ],
            [
              139.8429492,
              35.32279
            ],
            [
              139.8428647,
              35.3227334
            ],
            [
              139.8427809,
              35.3226773
            ],
            [
              139.8427359,
              35.3226467
            ],
            [
              139.8426839,
              35.3226057
            ],
            [
              139.8419655,
              35.3221492
            ],
            [
              139.8415497,
              35.3218635
            ],
            [
              139.8414474,
              35.3217932
            ],
            [
              139.8407526,
              35.3213532
            ],
            [
              139.8403286,
              35.3210833
            ],
            [
              139.8401292,
              35.3209564
            ],
            [
              139.8397665,
              35.3207275
            ],
            [
              139.83969,
              35.3206793
            ],
            [
              139.8394238,
              35.3205052
            ],
            [
              139.8390931,
              35.3203024
            ],
            [
              139.8387437,
              35.3201073
            ],
            [
              139.8386451,
              35.3200485
            ],
            [
              139.8381219,
              35.3197736
            ],
            [
              139.8378916,
              35.319643
            ],
            [
              139.837382,
              35.3193805
            ],
            [
              139.8366372,
              35.3189979
            ],
            [
              139.8364727,
              35.3189106
            ],
            [
              139.8361365,
              35.3187691
            ],
            [
              139.8356569,
              35.3186067
            ],
            [
              139.8351585,
              35.3184444
            ],
            [
              139.8343599,
              35.3181923
            ],
            [
              139.8338654,
              35.3180297
            ],
            [
              139.8336836,
              35.3179616
            ],
            [
              139.8335366,
              35.3178945
            ],
            [
              139.8330968,
              35.3176837
            ],
            [
              139.8330752,
              35.3176727
            ],
            [
              139.8330402,
              35.3176548
            ],
            [
              139.8330251,
              35.3176471
            ],
            [
              139.8318812,
              35.3171104
            ],
            [
              139.831229,
              35.3168212
            ],
            [
              139.830544,
              35.3165321
            ],
            [
              139.8303416,
              35.3164488
            ],
            [
              139.829847,
              35.3162348
            ],
            [
              139.8296764,
              35.3161484
            ],
            [
              139.8295095,
              35.3160457
            ],
            [
              139.8291756,
              35.3158119
            ],
            [
              139.8289639,
              35.3156879
            ],
            [
              139.8286238,
              35.3155131
            ],
            [
              139.8285534,
              35.3154816
            ],
            [
              139.828422,
              35.3154227
            ],
            [
              139.8281318,
              35.3153169
            ],
            [
              139.8273745,
              35.3150801
            ],
            [
              139.8271502,
              35.3150191
            ],
            [
              139.8270107,
              35.3150039
            ],
            [
              139.8268139,
              35.3150151
            ],
            [
              139.8263568,
              35.3150872
            ],
            [
              139.8263144,
              35.3150939
            ],
            [
              139.8261064,
              35.3151266
            ],
            [
              139.8259562,
              35.3151354
            ],
            [
              139.8257713,
              35.3151482
            ],
            [
              139.825597,
              35.3151452
            ],
            [
              139.8254401,
              35.3151212
            ],
            [
              139.825272,
              35.3150777
            ],
            [
              139.8250426,
              35.3150013
            ],
            [
              139.8244503,
              35.3148134
            ],
            [
              139.8243202,
              35.3147802
            ],
            [
              139.824177,
              35.3147494
            ],
            [
              139.8239727,
              35.3147226
            ],
            [
              139.8237566,
              35.3147075
            ],
            [
              139.823149,
              35.3146943
            ],
            [
              139.8230847,
              35.3146954
            ],
            [
              139.8230757,
              35.3146944
            ],
            [
              139.8229781,
              35.3146838
            ],
            [
              139.8228466,
              35.3146614
            ],
            [
              139.8223802,
              35.3145523
            ],
            [
              139.8220339,
              35.3144745
            ],
            [
              139.8207396,
              35.3178741
            ],
            [
              139.818331,
              35.3207936
            ],
            [
              139.7775935,
              35.3202903
            ],
            [
              139.7730016,
              35.3196425
            ],
            [
              139.7675728,
              35.3175415
            ],
            [
              139.7665214,
              35.3170512
            ],
            [
              139.7656094,
              35.3161933
            ],
            [
              139.7353211,
              35.2613399
            ],
            [
              139.7352494,
              35.2613462
            ],
            [
              139.7351339,
              35.2613456
            ],
            [
              139.7350397,
              35.2613345
            ],
            [
              139.7349171,
              35.2613052
            ],
            [
              139.7347206,
              35.2612296
            ],
            [
              139.7344835,
              35.2611507
            ],
            [
              139.7343163,
              35.2611192
            ],
            [
              139.7341345,
              35.261112
            ],
            [
              139.7339463,
              35.2611241
            ],
            [
              139.7332766,
              35.2612153
            ],
            [
              139.7331339,
              35.2612548
            ],
            [
              139.7330601,
              35.2612795
            ],
            [
              139.7329323,
              35.2613394
            ],
            [
              139.7328419,
              35.2613912
            ],
            [
              139.7327797,
              35.2614355
            ],
            [
              139.7319102,
              35.2621045
            ],
            [
              139.7318215,
              35.2621813
            ],
            [
              139.7317741,
              35.262222
            ],
            [
              139.7313982,
              35.2625743
            ],
            [
              139.7312216,
              35.2627364
            ],
            [
              139.7311786,
              35.2627817
            ],
            [
              139.7311215,
              35.2628461
            ],
            [
              139.7310628,
              35.2629323
            ],
            [
              139.7309769,
              35.2631047
            ],
            [
              139.7309072,
              35.2632664
            ],
            [
              139.7308923,
              35.263301
            ],
            [
              139.7308772,
              35.2633646
            ],
            [
              139.7308772,
              35.2634142
            ],
            [
              139.7308774,
              35.2634483
            ],
            [
              139.7310053,
              35.2640938
            ],
            [
              139.7310127,
              35.2641315
            ],
            [
              139.7310287,
              35.2641993
            ],
            [
              139.7310727,
              35.2644155
            ],
            [
              139.7310824,
              35.264488
            ],
            [
              139.7310795,
              35.2645641
            ],
            [
              139.7310654,
              35.2646318
            ],
            [
              139.731042,
              35.2646766
            ],
            [
              139.7310126,
              35.2647136
            ],
            [
              139.7309692,
              35.2647577
            ],
            [
              139.730895,
              35.2647994
            ],
            [
              139.7307965,
              35.2648329
            ],
            [
              139.7306758,
              35.2648349
            ],
            [
              139.730521,
              35.2648212
            ],
            [
              139.7291572,
              35.264595
            ],
            [
              139.7288577,
              35.264512
            ],
            [
              139.7286056,
              35.2644059
            ],
            [
              139.7283767,
              35.2642814
            ],
            [
              139.7281665,
              35.2641184
            ],
            [
              139.7273795,
              35.263455
            ],
            [
              139.7270648,
              35.2631454
            ],
            [
              139.7267616,
              35.2628517
            ],
            [
              139.7265609,
              35.2626683
            ],
            [
              139.7264152,
              35.2625523
            ],
            [
              139.7262496,
              35.2624641
            ],
            [
              139.726184,
              35.2624314
            ],
            [
              139.7261009,
              35.2624025
            ],
            [
              139.7259272,
              35.2623693
            ],
            [
              139.7257396,
              35.2623464
            ],
            [
              139.7254832,
              35.2623234
            ],
            [
              139.7253337,
              35.2623084
            ],
            [
              139.7251098,
              35.2622966
            ],
            [
              139.7247933,
              35.2622872
            ],
            [
              139.7246466,
              35.2622893
            ],
            [
              139.7242487,
              35.2623135
            ],
            [
              139.7241513,
              35.2623193
            ],
            [
              139.7234685,
              35.2623611
            ],
            [
              139.7230517,
              35.2623878
            ],
            [
              139.7227307,
              35.2623971
            ],
            [
              139.7223498,
              35.2623984
            ],
            [
              139.721944,
              35.2623922
            ],
            [
              139.7214948,
              35.2623776
            ],
            [
              139.7213281,
              35.262383
            ],
            [
              139.7211611,
              35.2624022
            ],
            [
              139.7209958,
              35.2624324
            ],
            [
              139.7201719,
              35.2625934
            ],
            [
              139.7199802,
              35.2626316
            ],
            [
              139.7198099,
              35.2626799
            ],
            [
              139.7196604,
              35.2627328
            ],
            [
              139.7195466,
              35.2627835
            ],
            [
              139.7194392,
              35.262841
            ],
            [
              139.7192716,
              35.2629425
            ],
            [
              139.7190115,
              35.2631043
            ],
            [
              139.7188592,
              35.2631853
            ],
            [
              139.7187131,
              35.2632471
            ],
            [
              139.7185965,
              35.2632837
            ],
            [
              139.7184608,
              35.2633189
            ],
            [
              139.7182972,
              35.2633463
            ],
            [
              139.7181649,
              35.263335
            ],
            [
              139.7179019,
              35.2633309
            ],
            [
              139.7174472,
              35.2633391
            ],
            [
              139.7156869,
              35.2633668
            ],
            [
              139.7155924,
              35.2633683
            ],
            [
              139.7155132,
              35.2633696
            ],
            [
              139.7148429,
              35.263381
            ],
            [
              139.7139714,
              35.2633959
            ],
            [
              139.713895,
              35.2633971
            ],
            [
              139.7119653,
              35.2634297
            ],
            [
              139.7118716,
              35.2634313
            ],
            [
              139.7117755,
              35.2634325
            ],
            [
              139.7107369,
              35.263444
            ],
            [
              139.7095807,
              35.263458
            ],
            [
              139.7083017,
              35.2634782
            ],
            [
              139.7082035,
              35.2634798
            ],
            [
              139.7081172,
              35.2634814
            ],
            [
              139.7059388,
              35.2635238
            ],
            [
              139.7058138,
              35.2635262
            ],
            [
              139.7057344,
              35.2635278
            ],
            [
              139.7038231,
              35.2635665
            ],
            [
              139.7031298,
              35.2635889
            ],
            [
              139.7030284,
              35.2635922
            ],
            [
              139.7029413,
              35.2636065
            ],
            [
              139.7012463,
              35.2638854
            ],
            [
              139.699976,
              35.2640799
            ],
            [
              139.6995419,
              35.2641483
            ],
            [
              139.6992523,
              35.2641653
            ],
            [
              139.6990021,
              35.2641465
            ],
            [
              139.6986582,
              35.2640518
            ],
            [
              139.6981684,
              35.263899
            ],
            [
              139.6978406,
              35.2637837
            ],
            [
              139.6976427,
              35.263742
            ],
            [
              139.6975809,
              35.2637362
            ],
            [
              139.6973656,
              35.2637236
            ],
            [
              139.69729,
              35.2637224
            ],
            [
              139.69721,
              35.2637256
            ],
            [
              139.6971272,
              35.2637334
            ],
            [
              139.6970416,
              35.2637435
            ],
            [
              139.6969093,
              35.2637632
            ],
            [
              139.6966762,
              35.2638002
            ],
            [
              139.6965331,
              35.263823
            ],
            [
              139.6964865,
              35.2638299
            ],
            [
              139.696246,
              35.2638679
            ],
            [
              139.6959213,
              35.2639191
            ],
            [
              139.6955986,
              35.2639706
            ],
            [
              139.695437,
              35.2639998
            ],
            [
              139.695277,
              35.2640299
            ],
            [
              139.6951143,
              35.264063
            ],
            [
              139.6949467,
              35.2640989
            ],
            [
              139.6947712,
              35.2641384
            ],
            [
              139.6946344,
              35.2641717
            ],
            [
              139.6944843,
              35.26421
            ],
            [
              139.6943402,
              35.2642487
            ],
            [
              139.6941952,
              35.2642888
            ],
            [
              139.6938804,
              35.2643809
            ],
            [
              139.6938222,
              35.2643995
            ],
            [
              139.6937155,
              35.2644337
            ],
            [
              139.6936386,
              35.2644571
            ],
            [
              139.6935318,
              35.2644949
            ],
            [
              139.6933911,
              35.2645427
            ],
            [
              139.6932394,
              35.2645947
            ],
            [
              139.6930121,
              35.2646772
            ],
            [
              139.692766,
              35.264772
            ],
            [
              139.6926259,
              35.2648294
            ],
            [
              139.6924913,
              35.2648868
            ],
            [
              139.6920537,
              35.2650739
            ],
            [
              139.6916175,
              35.2652612
            ],
            [
              139.6911764,
              35.2654475
            ],
            [
              139.6905167,
              35.265736
            ],
            [
              139.689691,
              35.2660522
            ],
            [
              139.6888785,
              35.2663229
            ],
            [
              139.6883183,
              35.2665282
            ],
            [
              139.6872941,
              35.2669951
            ],
            [
              139.6871976,
              35.2670037
            ],
            [
              139.6871689,
              35.2669948
            ],
            [
              139.6871185,
              35.2669603
            ],
            [
              139.6870819,
              35.2669126
            ],
            [
              139.6869571,
              35.2667442
            ],
            [
              139.6869021,
              35.2666699
            ],
            [
              139.6868229,
              35.2666428
            ],
            [
              139.6866825,
              35.2667093
            ],
            [
              139.6852954,
              35.2673667
            ],
            [
              139.6851587,
              35.2674314
            ],
            [
              139.6841099,
              35.2679342
            ],
            [
              139.6836641,
              35.2681409
            ],
            [
              139.6828725,
              35.2685228
            ],
            [
              139.6827913,
              35.2685666
            ],
            [
              139.6826852,
              35.268617
            ],
            [
              139.6819731,
              35.2689634
            ],
            [
              139.6819243,
              35.2689853
            ],
            [
              139.6813849,
              35.2692461
            ],
            [
              139.680768,
              35.2695364
            ],
            [
              139.6806724,
              35.2695867
            ],
            [
              139.6805578,
              35.2696434
            ],
            [
              139.6799949,
              35.2700598
            ],
            [
              139.6794263,
              35.2704483
            ],
            [
              139.6793599,
              35.2704981
            ],
            [
              139.6787553,
              35.2709387
            ],
            [
              139.6787019,
              35.2709758
            ],
            [
              139.6785822,
              35.2710624
            ],
            [
              139.6785546,
              35.2710788
            ],
            [
              139.6780267,
              35.2714601
            ],
            [
              139.6779523,
              35.2715058
            ],
            [
              139.6778822,
              35.2715438
            ],
            [
              139.6778383,
              35.2715695
            ],
            [
              139.6775039,
              35.2718368
            ],
            [
              139.6772508,
              35.2721306
            ],
            [
              139.677124,
              35.2723792
            ],
            [
              139.6770115,
              35.2726947
            ],
            [
              139.6770035,
              35.2728154
            ],
            [
              139.676996,
              35.2729589
            ],
            [
              139.6769967,
              35.273375
            ],
            [
              139.6769844,
              35.2739056
            ],
            [
              139.6769633,
              35.2748469
            ],
            [
              139.6769611,
              35.2749858
            ],
            [
              139.6769611,
              35.2754009
            ],
            [
              139.6769931,
              35.2757467
            ],
            [
              139.6770087,
              35.2759072
            ],
            [
              139.6770214,
              35.276137
            ],
            [
              139.6770251,
              35.276247
            ],
            [
              139.6770414,
              35.2767291
            ],
            [
              139.6770588,
              35.2772412
            ],
            [
              139.6770335,
              35.2773549
            ],
            [
              139.676992,
              35.2774262
            ],
            [
              139.6769448,
              35.2774713
            ],
            [
              139.6763525,
              35.277871
            ],
            [
              139.6756833,
              35.2783235
            ],
            [
              139.6756194,
              35.2783617
            ],
            [
              139.6755658,
              35.2783969
            ],
            [
              139.6750998,
              35.2787013
            ],
            [
              139.6745004,
              35.2791048
            ],
            [
              139.674438,
              35.2791509
            ],
            [
              139.6743855,
              35.2791869
            ],
            [
              139.6738096,
              35.2796105
            ],
            [
              139.6736945,
              35.2796937
            ],
            [
              139.6735977,
              35.2797629
            ],
            [
              139.6723522,
              35.2806897
            ],
            [
              139.6722492,
              35.280767
            ],
            [
              139.6721487,
              35.2808397
            ],
            [
              139.6720019,
              35.2809647
            ],
            [
              139.6718919,
              35.281058
            ],
            [
              139.6714462,
              35.2816233
            ],
            [
              139.6713682,
              35.2817175
            ],
            [
              139.67133,
              35.2817707
            ],
            [
              139.6708951,
              35.2823247
            ],
            [
              139.670859,
              35.2823788
            ],
            [
              139.6707173,
              35.2825376
            ],
            [
              139.6706644,
              35.2825733
            ],
            [
              139.6706208,
              35.2826009
            ],
            [
              139.6704777,
              35.2826562
            ],
            [
              139.6698886,
              35.2828371
            ],
            [
              139.6694198,
              35.2829746
            ],
            [
              139.669348,
              35.282978
            ],
            [
              139.6692253,
              35.2829846
            ],
            [
              139.6688176,
              35.2829087
            ],
            [
              139.6686814,
              35.2828818
            ],
            [
              139.6685349,
              35.2828537
            ],
            [
              139.6681297,
              35.2827694
            ],
            [
              139.6679696,
              35.2827371
            ],
            [
              139.6677821,
              35.2827025
            ],
            [
              139.6670617,
              35.2825514
            ],
            [
              139.6664006,
              35.2824307
            ],
            [
              139.6662138,
              35.2823964
            ],
            [
              139.6655701,
              35.2822856
            ],
            [
              139.6647745,
              35.2822158
            ],
            [
              139.6641483,
              35.2821564
            ],
            [
              139.6637743,
              35.2821084
            ],
            [
              139.6634306,
              35.282022
            ],
            [
              139.6631374,
              35.2819254
            ],
            [
              139.6630117,
              35.2818794
            ],
            [
              139.6628737,
              35.2818266
            ],
            [
              139.6626201,
              35.2817177
            ],
            [
              139.6621964,
              35.281593
            ],
            [
              139.6619067,
              35.281555
            ],
            [
              139.6616973,
              35.2815528
            ],
            [
              139.6613589,
              35.2816103
            ],
            [
              139.6612636,
              35.2816366
            ],
            [
              139.6610427,
              35.2816975
            ],
            [
              139.6608741,
              35.2817768
            ],
            [
              139.6607138,
              35.2818521
            ],
            [
              139.660161,
              35.2821649
            ],
            [
              139.6599816,
              35.2822436
            ],
            [
              139.6595589,
              35.2824131
            ],
            [
              139.659394,
              35.2824868
            ],
            [
              139.6593028,
              35.2825328
            ],
            [
              139.6588943,
              35.2827345
            ],
            [
              139.6586658,
              35.282859
            ],
            [
              139.6585089,
              35.2829304
            ],
            [
              139.6583806,
              35.2829734
            ],
            [
              139.6581583,
              35.2830116
            ],
            [
              139.6578893,
              35.2830307
            ],
            [
              139.6575292,
              35.2830473
            ],
            [
              139.6573758,
              35.2830544
            ],
            [
              139.6569991,
              35.283064
            ],
            [
              139.6561883,
              35.2832598
            ],
            [
              139.6556165,
              35.2834135
            ],
            [
              139.6551968,
              35.2835132
            ],
            [
              139.6544247,
              35.2836282
            ],
            [
              139.6541016,
              35.2836717
            ],
            [
              139.6539199,
              35.2836787
            ],
            [
              139.6537476,
              35.2836667
            ],
            [
              139.6528128,
              35.2835239
            ],
            [
              139.6526678,
              35.283509
            ],
            [
              139.6525695,
              35.2835178
            ],
            [
              139.6524297,
              35.2835475
            ],
            [
              139.6522667,
              35.2835828
            ],
            [
              139.6520452,
              35.283685
            ],
            [
              139.6515264,
              35.2839841
            ],
            [
              139.6510708,
              35.2843456
            ],
            [
              139.65077,
              35.2845827
            ],
            [
              139.6503806,
              35.2849397
            ],
            [
              139.6499597,
              35.2854191
            ],
            [
              139.6489221,
              35.2865413
            ],
            [
              139.6487751,
              35.2867003
            ],
            [
              139.6487146,
              35.2867656
            ],
            [
              139.6486347,
              35.2868309
            ],
            [
              139.648527,
              35.2869096
            ],
            [
              139.6483893,
              35.2870114
            ],
            [
              139.6482727,
              35.2870977
            ],
            [
              139.6481773,
              35.2871669
            ],
            [
              139.6479762,
              35.2873034
            ],
            [
              139.6478844,
              35.2873657
            ],
            [
              139.6478108,
              35.2874202
            ],
            [
              139.6477666,
              35.2874491
            ],
            [
              139.647458,
              35.2876736
            ],
            [
              139.6473706,
              35.2877367
            ],
            [
              139.6472443,
              35.2878279
            ],
            [
              139.6469935,
              35.2880002
            ],
            [
              139.6452219,
              35.2892665
            ],
            [
              139.6450805,
              35.2893747
            ],
            [
              139.64488,
              35.2895164
            ],
            [
              139.6447472,
              35.2895848
            ],
            [
              139.6446197,
              35.2896276
            ],
            [
              139.6444114,
              35.2896729
            ],
            [
              139.6443493,
              35.2896833
            ],
            [
              139.6439178,
              35.2897556
            ],
            [
              139.6414308,
              35.2901976
            ],
            [
              139.6407523,
              35.2903172
            ],
            [
              139.6403168,
              35.2903939
            ],
            [
              139.6402525,
              35.2904052
            ],
            [
              139.6398579,
              35.2904748
            ],
            [
              139.638903,
              35.290643
            ],
            [
              139.6372967,
              35.290929
            ],
            [
              139.636972,
              35.2909863
            ],
            [
              139.6368195,
              35.2910273
            ],
            [
              139.6367,
              35.2910698
            ],
            [
              139.6365924,
              35.2911129
            ],
            [
              139.6364699,
              35.2911616
            ],
            [
              139.6363567,
              35.2912104
            ],
            [
              139.6362741,
              35.2912471
            ],
            [
              139.6362633,
              35.2912523
            ],
            [
              139.6359208,
              35.2914184
            ],
            [
              139.6347786,
              35.2919635
            ],
            [
              139.6343339,
              35.2921795
            ],
            [
              139.6333804,
              35.2926425
            ],
            [
              139.633341,
              35.2926617
            ],
            [
              139.6332856,
              35.2926886
            ],
            [
              139.6332542,
              35.2927038
            ],
            [
              139.6331784,
              35.2927406
            ],
            [
              139.6325186,
              35.2930611
            ],
            [
              139.6321755,
              35.2932277
            ],
            [
              139.6320778,
              35.2932927
            ],
            [
              139.6319408,
              35.2933969
            ],
            [
              139.6318115,
              35.2935345
            ],
            [
              139.631704,
              35.2936717
            ],
            [
              139.6316296,
              35.293805
            ],
            [
              139.631578,
              35.2939371
            ],
            [
              139.631546,
              35.2940803
            ],
            [
              139.6315452,
              35.2941236
            ],
            [
              139.6315472,
              35.2943775
            ],
            [
              139.6315494,
              35.2946568
            ],
            [
              139.6315342,
              35.2947497
            ],
            [
              139.631474,
              35.2949513
            ],
            [
              139.6314192,
              35.2950616
            ],
            [
              139.6311713,
              35.2954872
            ],
            [
              139.6311005,
              35.2955982
            ],
            [
              139.6310334,
              35.2957062
            ],
            [
              139.6309382,
              35.2958972
            ],
            [
              139.6308918,
              35.2960448
            ],
            [
              139.6308442,
              35.2963445
            ],
            [
              139.6308361,
              35.2964196
            ],
            [
              139.6308083,
              35.2965687
            ],
            [
              139.6307843,
              35.2966551
            ],
            [
              139.6307417,
              35.2967613
            ],
            [
              139.6306242,
              35.2969533
            ],
            [
              139.6305813,
              35.2970106
            ],
            [
              139.6304266,
              35.2972296
            ],
            [
              139.629876,
              35.2980139
            ],
            [
              139.6297895,
              35.2982208
            ],
            [
              139.6297299,
              35.2983789
            ],
            [
              139.6296987,
              35.2984943
            ],
            [
              139.629691,
              35.298569
            ],
            [
              139.6297017,
              35.2986869
            ],
            [
              139.6297341,
              35.2988793
            ],
            [
              139.6297381,
              35.2990498
            ],
            [
              139.6297282,
              35.2991454
            ],
            [
              139.6296809,
              35.2992588
            ],
            [
              139.6296017,
              35.2993596
            ],
            [
              139.6295286,
              35.2994228
            ],
            [
              139.6294421,
              35.2994774
            ],
            [
              139.629322,
              35.2995304
            ],
            [
              139.6290177,
              35.2996244
            ],
            [
              139.6288898,
              35.2996418
            ],
            [
              139.6287134,
              35.2996421
            ],
            [
              139.6281437,
              35.2995759
            ],
            [
              139.627943,
              35.2995495
            ],
            [
              139.6277553,
              35.2995632
            ],
            [
              139.627625,
              35.2995987
            ],
            [
              139.6276004,
              35.2996097
            ],
            [
              139.6275237,
              35.299664
            ],
            [
              139.6273472,
              35.2997839
            ],
            [
              139.627198,
              35.2998868
            ],
            [
              139.6267494,
              35.3001896
            ],
            [
              139.6266732,
              35.3002489
            ],
            [
              139.6265114,
              35.3003698
            ],
            [
              139.625423,
              35.3012134
            ],
            [
              139.6252982,
              35.3013203
            ],
            [
              139.6251496,
              35.3015051
            ],
            [
              139.6250605,
              35.3016528
            ],
            [
              139.6249829,
              35.3018108
            ],
            [
              139.6249668,
              35.3018925
            ],
            [
              139.6249407,
              35.3019678
            ],
            [
              139.6249168,
              35.3021523
            ],
            [
              139.6249261,
              35.3023831
            ],
            [
              139.6249792,
              35.3026176
            ],
            [
              139.6250316,
              35.3028222
            ],
            [
              139.6250673,
              35.3029818
            ],
            [
              139.6250881,
              35.3031531
            ],
            [
              139.62509,
              35.3032924
            ],
            [
              139.6250014,
              35.3040125
            ],
            [
              139.6249822,
              35.304169
            ],
            [
              139.6249328,
              35.3045706
            ],
            [
              139.6247788,
              35.3056801
            ],
            [
              139.6247451,
              35.3059925
            ],
            [
              139.624701,
              35.3062244
            ],
            [
              139.6246142,
              35.3064527
            ],
            [
              139.6245298,
              35.3066528
            ],
            [
              139.6244785,
              35.3067362
            ],
            [
              139.6244059,
              35.3068543
            ],
            [
              139.6242852,
              35.3070444
            ],
            [
              139.62423,
              35.307166
            ],
            [
              139.6241819,
              35.3072852
            ],
            [
              139.6241598,
              35.3073753
            ],
            [
              139.6241452,
              35.3074626
            ],
            [
              139.624143,
              35.307536
            ],
            [
              139.6241559,
              35.3078001
            ],
            [
              139.6241675,
              35.308165
            ],
            [
              139.6241948,
              35.3084849
            ],
            [
              139.6241993,
              35.3085369
            ],
            [
              139.6243253,
              35.3107839
            ],
            [
              139.6243635,
              35.3110176
            ],
            [
              139.6243805,
              35.3111189
            ],
            [
              139.6243966,
              35.3112042
            ],
            [
              139.6244089,
              35.3112565
            ],
            [
              139.6244633,
              35.3114686
            ],
            [
              139.6247185,
              35.3122579
            ],
            [
              139.6248137,
              35.3125571
            ],
            [
              139.6248365,
              35.3126261
            ],
            [
              139.6251282,
              35.3135362
            ],
            [
              139.6251495,
              35.3136015
            ],
            [
              139.6254151,
              35.3143822
            ],
            [
              139.6254325,
              35.3144294
            ],
            [
              139.6254519,
              35.3144916
            ],
            [
              139.625515,
              35.314749
            ],
            [
              139.6255244,
              35.3147942
            ],
            [
              139.6255413,
              35.3148833
            ],
            [
              139.625541,
              35.3151128
            ],
            [
              139.625513,
              35.3152735
            ],
            [
              139.6253577,
              35.3158697
            ],
            [
              139.6253156,
              35.316009
            ],
            [
              139.6252601,
              35.3161864
            ],
            [
              139.6251986,
              35.316368
            ],
            [
              139.6251307,
              35.3165107
            ],
            [
              139.6250583,
              35.3166185
            ],
            [
              139.6249817,
              35.316712
            ],
            [
              139.6248311,
              35.3168676
            ],
            [
              139.624695,
              35.3169694
            ],
            [
              139.6238152,
              35.3174271
            ],
            [
              139.6230984,
              35.3178149
            ],
            [
              139.622636,
              35.3181268
            ],
            [
              139.6225885,
              35.3181648
            ],
            [
              139.6223692,
              35.3184005
            ],
            [
              139.6222565,
              35.318532
            ],
            [
              139.6221488,
              35.318699
            ],
            [
              139.6220697,
              35.3188321
            ],
            [
              139.6219346,
              35.31909
            ],
            [
              139.6217891,
              35.3193411
            ],
            [
              139.6217003,
              35.3194737
            ],
            [
              139.6215686,
              35.3196435
            ],
            [
              139.6214062,
              35.319843
            ],
            [
              139.6213033,
              35.3199639
            ],
            [
              139.621189,
              35.3200957
            ],
            [
              139.6210065,
              35.320324
            ],
            [
              139.6209389,
              35.3204082
            ],
            [
              139.6208754,
              35.320496
            ],
            [
              139.6207651,
              35.320674
            ],
            [
              139.6207004,
              35.3208179
            ],
            [
              139.6206605,
              35.3209205
            ],
            [
              139.6205934,
              35.3211547
            ],
            [
              139.620568,
              35.3213205
            ],
            [
              139.6205573,
              35.3213904
            ],
            [
              139.6205495,
              35.3214623
            ],
            [
              139.6204953,
              35.3219852
            ],
            [
              139.6204437,
              35.3223004
            ],
            [
              139.6204282,
              35.3223955
            ],
            [
              139.6204021,
              35.3226871
            ],
            [
              139.6203973,
              35.3227402
            ],
            [
              139.620391,
              35.3228112
            ],
            [
              139.620384,
              35.322889
            ],
            [
              139.6203744,
              35.3230852
            ],
            [
              139.6203359,
              35.3235536
            ],
            [
              139.6203214,
              35.3236981
            ],
            [
              139.6202409,
              35.3245008
            ],
            [
              139.6202159,
              35.3247434
            ],
            [
              139.6201686,
              35.3251497
            ],
            [
              139.6201426,
              35.3254459
            ],
            [
              139.6201354,
              35.3255145
            ],
            [
              139.620133,
              35.3255526
            ],
            [
              139.6200156,
              35.3267427
            ],
            [
              139.6200071,
              35.3268702
            ],
            [
              139.6200108,
              35.3269728
            ],
            [
              139.6200238,
              35.3271058
            ],
            [
              139.620028,
              35.3271483
            ],
            [
              139.6200541,
              35.3273095
            ],
            [
              139.620101,
              35.3275065
            ],
            [
              139.6201393,
              35.3276391
            ],
            [
              139.6201877,
              35.3277812
            ],
            [
              139.620288,
              35.3279799
            ],
            [
              139.6206778,
              35.3286284
            ],
            [
              139.6207981,
              35.3288647
            ],
            [
              139.6208108,
              35.3288896
            ],
            [
              139.6208986,
              35.3291146
            ],
            [
              139.6209702,
              35.329349
            ],
            [
              139.6210083,
              35.3295218
            ],
            [
              139.6210262,
              35.3297041
            ],
            [
              139.6210434,
              35.3299406
            ],
            [
              139.621049,
              35.3300089
            ],
            [
              139.6211003,
              35.3307932
            ],
            [
              139.6211072,
              35.3309076
            ],
            [
              139.6211219,
              35.3310599
            ],
            [
              139.6211428,
              35.331165
            ],
            [
              139.6211739,
              35.3312604
            ],
            [
              139.621235,
              35.3313863
            ],
            [
              139.6213239,
              35.3315195
            ],
            [
              139.6213861,
              35.3316065
            ],
            [
              139.6214461,
              35.33168
            ],
            [
              139.62153,
              35.3317625
            ],
            [
              139.6216775,
              35.3318846
            ],
            [
              139.6218103,
              35.3319766
            ],
            [
              139.6220374,
              35.3321317
            ],
            [
              139.6222871,
              35.3323295
            ],
            [
              139.6225016,
              35.3325197
            ],
            [
              139.6227212,
              35.3327206
            ],
            [
              139.6228466,
              35.3328615
            ],
            [
              139.6230226,
              35.3330668
            ],
            [
              139.6231835,
              35.333279
            ],
            [
              139.623339,
              35.3335221
            ],
            [
              139.6234594,
              35.3337331
            ],
            [
              139.6235383,
              35.3338934
            ],
            [
              139.6236465,
              35.3341529
            ],
            [
              139.6237382,
              35.3344081
            ],
            [
              139.6238045,
              35.3346463
            ],
            [
              139.6238267,
              35.3347866
            ],
            [
              139.6238461,
              35.3349185
            ],
            [
              139.6238722,
              35.3351422
            ],
            [
              139.6238809,
              35.3352954
            ],
            [
              139.6238961,
              35.3355967
            ],
            [
              139.6238931,
              35.3358724
            ],
            [
              139.6238812,
              35.3369492
            ],
            [
              139.6238803,
              35.3369989
            ],
            [
              139.6238658,
              35.3381005
            ],
            [
              139.6238585,
              35.3391528
            ],
            [
              139.6238583,
              35.3391972
            ],
            [
              139.6238571,
              35.3392704
            ],
            [
              139.6238501,
              35.3398733
            ],
            [
              139.6238386,
              35.3401107
            ],
            [
              139.6238324,
              35.3402294
            ],
            [
              139.6238077,
              35.3404597
            ],
            [
              139.6237866,
              35.3406131
            ],
            [
              139.6237572,
              35.3408264
            ],
            [
              139.6237179,
              35.3410636
            ],
            [
              139.6236859,
              35.3412359
            ],
            [
              139.6236757,
              35.3414099
            ],
            [
              139.6235993,
              35.3416276
            ],
            [
              139.6235464,
              35.3417694
            ],
            [
              139.6233318,
              35.3423501
            ],
            [
              139.6232874,
              35.3424568
            ],
            [
              139.6230529,
              35.3430298
            ],
            [
              139.6227988,
              35.343601
            ],
            [
              139.6227681,
              35.3436742
            ],
            [
              139.6227105,
              35.3438118
            ],
            [
              139.6226158,
              35.3440416
            ],
            [
              139.6225914,
              35.3440953
            ],
            [
              139.6225635,
              35.3441644
            ],
            [
              139.6224801,
              35.3443732
            ],
            [
              139.6224613,
              35.344451
            ],
            [
              139.6224479,
              35.3445407
            ],
            [
              139.6224453,
              35.3447627
            ],
            [
              139.6224513,
              35.3448289
            ],
            [
              139.6224701,
              35.344929
            ],
            [
              139.6224969,
              35.3450165
            ],
            [
              139.6225458,
              35.3451325
            ],
            [
              139.622639,
              35.3453037
            ],
            [
              139.6226826,
              35.3453798
            ],
            [
              139.6229765,
              35.3458642
            ],
            [
              139.6229945,
              35.3458947
            ],
            [
              139.6230011,
              35.3459051
            ],
            [
              139.6230277,
              35.3459478
            ],
            [
              139.6230307,
              35.3459526
            ],
            [
              139.6233098,
              35.346416
            ],
            [
              139.6238471,
              35.3473178
            ],
            [
              139.6241505,
              35.347827
            ],
            [
              139.6243133,
              35.3481002
            ],
            [
              139.6246409,
              35.3486395
            ],
            [
              139.6246883,
              35.3487187
            ],
            [
              139.6247689,
              35.3488533
            ],
            [
              139.6249996,
              35.349239
            ],
            [
              139.6251093,
              35.3493991
            ],
            [
              139.625254,
              35.3495755
            ],
            [
              139.6254677,
              35.3498098
            ],
            [
              139.6255992,
              35.3499377
            ],
            [
              139.6265474,
              35.3507359
            ],
            [
              139.6268705,
              35.3510055
            ],
            [
              139.6270284,
              35.3511461
            ],
            [
              139.6271398,
              35.3512821
            ],
            [
              139.6272182,
              35.3513927
            ],
            [
              139.6272813,
              35.3515065
            ],
            [
              139.6277697,
              35.3524467
            ],
            [
              139.6277924,
              35.3524954
            ],
            [
              139.6279148,
              35.3527785
            ],
            [
              139.6281369,
              35.3535735
            ],
            [
              139.6281736,
              35.3537746
            ],
            [
              139.6282018,
              35.3539991
            ],
            [
              139.628208,
              35.3543086
            ],
            [
              139.6281962,
              35.354482
            ],
            [
              139.6281782,
              35.3547482
            ],
            [
              139.6281703,
              35.3548667
            ],
            [
              139.6281442,
              35.3552403
            ],
            [
              139.6281069,
              35.3557716
            ],
            [
              139.6281018,
              35.3558515
            ],
            [
              139.6280424,
              35.3567281
            ],
            [
              139.6280377,
              35.356985
            ],
            [
              139.6280461,
              35.3572414
            ],
            [
              139.6280766,
              35.3574523
            ],
            [
              139.6281031,
              35.3575729
            ],
            [
              139.6281369,
              35.3577104
            ],
            [
              139.6281665,
              35.3578218
            ],
            [
              139.6282325,
              35.3580244
            ],
            [
              139.6283367,
              35.3582573
            ],
            [
              139.6284319,
              35.3584279
            ],
            [
              139.6285741,
              35.3586423
            ],
            [
              139.6287595,
              35.3588975
            ],
            [
              139.6290985,
              35.3593729
            ],
            [
              139.6291887,
              35.3594924
            ],
            [
              139.629342,
              35.3596954
            ],
            [
              139.6294391,
              35.359841
            ],
            [
              139.6294773,
              35.3599241
            ],
            [
              139.6295419,
              35.3601255
            ],
            [
              139.6296295,
              35.3604426
            ],
            [
              139.6296674,
              35.3606274
            ],
            [
              139.6296963,
              35.3608349
            ],
            [
              139.6297999,
              35.3619278
            ],
            [
              139.6298414,
              35.3621936
            ],
            [
              139.6298877,
              35.3624265
            ],
            [
              139.6299124,
              35.3625169
            ],
            [
              139.629953,
              35.3626378
            ],
            [
              139.6299965,
              35.3627411
            ],
            [
              139.6300499,
              35.3628611
            ],
            [
              139.6301398,
              35.363037
            ],
            [
              139.6304575,
              35.3635083
            ],
            [
              139.6305136,
              35.3635871
            ],
            [
              139.6305958,
              35.3636985
            ],
            [
              139.6307389,
              35.3639106
            ],
            [
              139.6308245,
              35.3640545
            ],
            [
              139.6309282,
              35.3642718
            ],
            [
              139.6310056,
              35.3645033
            ],
            [
              139.6310592,
              35.364744
            ],
            [
              139.6311705,
              35.3655609
            ],
            [
              139.6313704,
              35.366746
            ],
            [
              139.6313921,
              35.3668481
            ],
            [
              139.6314081,
              35.3669198
            ],
            [
              139.6314379,
              35.3670316
            ],
            [
              139.6315262,
              35.3672285
            ],
            [
              139.6315653,
              35.3672929
            ],
            [
              139.6315898,
              35.3673333
            ],
            [
              139.6316367,
              35.3674036
            ],
            [
              139.6316655,
              35.3674482
            ],
            [
              139.6317132,
              35.3675038
            ],
            [
              139.6317438,
              35.3675393
            ],
            [
              139.6318947,
              35.3676957
            ],
            [
              139.6319899,
              35.3677783
            ],
            [
              139.6323748,
              35.3680478
            ],
            [
              139.6324405,
              35.3680956
            ],
            [
              139.6325171,
              35.3681498
            ],
            [
              139.6333616,
              35.3687478
            ],
            [
              139.633673,
              35.3689872
            ],
            [
              139.6337923,
              35.369113
            ],
            [
              139.6338581,
              35.3692103
            ],
            [
              139.6339191,
              35.369323
            ],
            [
              139.6340029,
              35.3695275
            ],
            [
              139.6340317,
              35.3696642
            ],
            [
              139.6340398,
              35.3698345
            ],
            [
              139.6340312,
              35.3699464
            ],
            [
              139.6340109,
              35.3700606
            ],
            [
              139.6339593,
              35.3702662
            ],
            [
              139.6338936,
              35.3704499
            ],
            [
              139.633797,
              35.3706194
            ],
            [
              139.6337901,
              35.3706284
            ],
            [
              139.6336723,
              35.3707813
            ],
            [
              139.6335664,
              35.3708857
            ],
            [
              139.6334544,
              35.3709721
            ],
            [
              139.6333203,
              35.371059
            ],
            [
              139.6331915,
              35.3711279
            ],
            [
              139.632812,
              35.3713063
            ],
            [
              139.6326956,
              35.3713576
            ],
            [
              139.6326389,
              35.3713825
            ],
            [
              139.6319567,
              35.3716759
            ],
            [
              139.6313477,
              35.3719564
            ],
            [
              139.6312807,
              35.3719839
            ],
            [
              139.6311291,
              35.3720498
            ],
            [
              139.6309414,
              35.3720951
            ],
            [
              139.6306332,
              35.3721511
            ],
            [
              139.630292,
              35.3722053
            ],
            [
              139.6300363,
              35.3722603
            ],
            [
              139.6299989,
              35.3722657
            ],
            [
              139.6297655,
              35.3723085
            ],
            [
              139.6294279,
              35.3723726
            ],
            [
              139.6289837,
              35.3724611
            ],
            [
              139.6288061,
              35.3724943
            ],
            [
              139.6286033,
              35.372537
            ],
            [
              139.6284134,
              35.3725954
            ],
            [
              139.6282789,
              35.3726486
            ],
            [
              139.6281629,
              35.3727107
            ],
            [
              139.6279917,
              35.3728042
            ],
            [
              139.6278289,
              35.3729125
            ],
            [
              139.6274737,
              35.3731501
            ],
            [
              139.6271118,
              35.3734053
            ],
            [
              139.6267762,
              35.3736218
            ],
            [
              139.6267105,
              35.3736654
            ],
            [
              139.6264695,
              35.3737908
            ],
            [
              139.6262138,
              35.3738856
            ],
            [
              139.6256033,
              35.3740298
            ],
            [
              139.625531,
              35.3740497
            ],
            [
              139.6248,
              35.3742241
            ],
            [
              139.6244356,
              35.374329
            ],
            [
              139.6242338,
              35.3743866
            ],
            [
              139.6240918,
              35.3744777
            ],
            [
              139.623928,
              35.3746327
            ],
            [
              139.6233209,
              35.375382
            ],
            [
              139.6228952,
              35.3761428
            ],
            [
              139.6226718,
              35.3765127
            ],
            [
              139.6224816,
              35.3768276
            ],
            [
              139.6224005,
              35.3769427
            ],
            [
              139.6223771,
              35.3769801
            ],
            [
              139.6223598,
              35.3770076
            ],
            [
              139.622067,
              35.3775
            ],
            [
              139.6220045,
              35.3776193
            ],
            [
              139.6219423,
              35.377778
            ],
            [
              139.6219034,
              35.3779616
            ],
            [
              139.6218872,
              35.3781384
            ],
            [
              139.6219011,
              35.3783044
            ],
            [
              139.6219106,
              35.3783663
            ],
            [
              139.6219833,
              35.3787651
            ],
            [
              139.6220118,
              35.3789212
            ],
            [
              139.6220201,
              35.3790772
            ],
            [
              139.6219975,
              35.3792251
            ],
            [
              139.6220432,
              35.3794429
            ],
            [
              139.6221943,
              35.3802719
            ],
            [
              139.6222454,
              35.3805909
            ],
            [
              139.6222696,
              35.3807775
            ],
            [
              139.6222744,
              35.3808846
            ],
            [
              139.6222743,
              35.3810109
            ],
            [
              139.6222664,
              35.381095
            ],
            [
              139.6222514,
              35.3812013
            ],
            [
              139.6222296,
              35.3813418
            ],
            [
              139.6221999,
              35.3814988
            ],
            [
              139.6221784,
              35.3815719
            ],
            [
              139.6221529,
              35.3816342
            ],
            [
              139.6221167,
              35.3816965
            ],
            [
              139.6219768,
              35.381865
            ],
            [
              139.6216775,
              35.3821871
            ],
            [
              139.6215021,
              35.3823652
            ],
            [
              139.621089,
              35.382815
            ],
            [
              139.6210769,
              35.3828286
            ],
            [
              139.6206753,
              35.3832528
            ],
            [
              139.6204151,
              35.3835267
            ],
            [
              139.6203063,
              35.3836393
            ],
            [
              139.6202788,
              35.3836678
            ],
            [
              139.6201469,
              35.3838188
            ],
            [
              139.6200736,
              35.3839027
            ],
            [
              139.619581,
              35.3844303
            ],
            [
              139.6193663,
              35.3846698
            ],
            [
              139.6192786,
              35.3847696
            ],
            [
              139.6192142,
              35.3848319
            ],
            [
              139.6190876,
              35.3849545
            ],
            [
              139.6188814,
              35.3852023
            ],
            [
              139.618789,
              35.3853577
            ],
            [
              139.6184697,
              35.3858659
            ],
            [
              139.6184328,
              35.3859254
            ],
            [
              139.6183524,
              35.386055
            ],
            [
              139.6181415,
              35.3863328
            ],
            [
              139.6181326,
              35.3863426
            ],
            [
              139.618084,
              35.3864061
            ],
            [
              139.617885,
              35.3866664
            ],
            [
              139.6178092,
              35.3867625
            ],
            [
              139.6176714,
              35.3869459
            ],
            [
              139.6176528,
              35.3869742
            ],
            [
              139.6175974,
              35.3870589
            ],
            [
              139.6175737,
              35.387095
            ],
            [
              139.6174008,
              35.3873588
            ],
            [
              139.6173225,
              35.3874768
            ],
            [
              139.6171677,
              35.3877143
            ],
            [
              139.6169726,
              35.3880119
            ],
            [
              139.6168353,
              35.3882198
            ],
            [
              139.6166371,
              35.388538
            ],
            [
              139.6163526,
              35.3889828
            ],
            [
              139.6163161,
              35.3890437
            ],
            [
              139.6162704,
              35.38911
            ],
            [
              139.6160236,
              35.3894634
            ],
            [
              139.6153498,
              35.3904439
            ],
            [
              139.6153136,
              35.3904943
            ],
            [
              139.615264,
              35.3905639
            ],
            [
              139.6151568,
              35.3907756
            ],
            [
              139.6150546,
              35.3909892
            ],
            [
              139.6149525,
              35.3912157
            ],
            [
              139.6149367,
              35.3912554
            ],
            [
              139.6148445,
              35.3914664
            ],
            [
              139.6147075,
              35.3917798
            ],
            [
              139.6145586,
              35.392135
            ],
            [
              139.6144468,
              35.3924891
            ],
            [
              139.6143898,
              35.392818
            ],
            [
              139.614343,
              35.3930877
            ],
            [
              139.6143308,
              35.3935175
            ],
            [
              139.6143283,
              35.3936101
            ],
            [
              139.6143151,
              35.3939625
            ],
            [
              139.6143089,
              35.394129
            ],
            [
              139.6142985,
              35.3942868
            ],
            [
              139.6142842,
              35.3945463
            ],
            [
              139.6142609,
              35.3948568
            ],
            [
              139.6142513,
              35.3950029
            ],
            [
              139.6142405,
              35.3951368
            ],
            [
              139.6142348,
              35.3952055
            ],
            [
              139.6142268,
              35.395343
            ],
            [
              139.6142177,
              35.3954921
            ],
            [
              139.6141623,
              35.396163
            ],
            [
              139.6141474,
              35.3963525
            ],
            [
              139.6141321,
              35.3965466
            ],
            [
              139.6141262,
              35.3968262
            ],
            [
              139.6141279,
              35.3968897
            ],
            [
              139.6141327,
              35.3970753
            ],
            [
              139.6141488,
              35.3972351
            ],
            [
              139.6141641,
              35.3973349
            ],
            [
              139.6141682,
              35.3973618
            ],
            [
              139.6141932,
              35.3974689
            ],
            [
              139.6142459,
              35.3976213
            ],
            [
              139.6142956,
              35.3977313
            ],
            [
              139.614355,
              35.3978463
            ],
            [
              139.614426,
              35.3979805
            ],
            [
              139.6146883,
              35.3983909
            ],
            [
              139.6147131,
              35.3984297
            ],
            [
              139.6147403,
              35.3984825
            ],
            [
              139.6147577,
              35.3985223
            ],
            [
              139.6151665,
              35.3991602
            ],
            [
              139.6155208,
              35.3997018
            ],
            [
              139.615886,
              35.4002744
            ],
            [
              139.6159001,
              35.400301
            ],
            [
              139.6160604,
              35.4005549
            ],
            [
              139.6162705,
              35.4008735
            ],
            [
              139.6162967,
              35.4009049
            ],
            [
              139.616312,
              35.4009233
            ],
            [
              139.6163806,
              35.4010074
            ],
            [
              139.6166362,
              35.4012756
            ],
            [
              139.6166445,
              35.4012843
            ],
            [
              139.6167159,
              35.401358
            ],
            [
              139.6169078,
              35.4015447
            ],
            [
              139.617229,
              35.4018109
            ],
            [
              139.617528,
              35.4020321
            ],
            [
              139.6177808,
              35.4022308
            ],
            [
              139.6179031,
              35.4023369
            ],
            [
              139.6179855,
              35.4024208
            ],
            [
              139.6180652,
              35.4025196
            ],
            [
              139.618352,
              35.4029126
            ],
            [
              139.6183807,
              35.4029519
            ],
            [
              139.6187615,
              35.4035113
            ],
            [
              139.6191077,
              35.4040082
            ],
            [
              139.6198712,
              35.4051126
            ],
            [
              139.6198997,
              35.4051587
            ],
            [
              139.6200076,
              35.4053724
            ],
            [
              139.6200925,
              35.4055489
            ],
            [
              139.6201974,
              35.4057701
            ],
            [
              139.6203135,
              35.4060113
            ],
            [
              139.6205525,
              35.4064726
            ],
            [
              139.6205778,
              35.4065244
            ],
            [
              139.6206023,
              35.4065739
            ],
            [
              139.6212327,
              35.4078456
            ],
            [
              139.6212416,
              35.4078636
            ],
            [
              139.6214406,
              35.4082743
            ],
            [
              139.6215303,
              35.4084525
            ],
            [
              139.6216116,
              35.408646
            ],
            [
              139.6217325,
              35.4090081
            ],
            [
              139.6218731,
              35.4094021
            ],
            [
              139.622096,
              35.4100583
            ],
            [
              139.6222209,
              35.4104694
            ],
            [
              139.6223705,
              35.4108772
            ],
            [
              139.6224342,
              35.4110435
            ],
            [
              139.6225206,
              35.411249
            ],
            [
              139.6226138,
              35.4114396
            ],
            [
              139.6227304,
              35.4115946
            ],
            [
              139.6227033,
              35.4114648
            ],
            [
              139.6226036,
              35.4112661
            ],
            [
              139.6225073,
              35.4110396
            ],
            [
              139.6224409,
              35.4108774
            ],
            [
              139.622302,
              35.4104579
            ],
            [
              139.6221688,
              35.4100371
            ],
            [
              139.6219413,
              35.4093931
            ],
            [
              139.6218062,
              35.4089808
            ],
            [
              139.6216815,
              35.408605
            ],
            [
              139.6216473,
              35.4085305
            ],
            [
              139.6215081,
              35.4082446
            ],
            [
              139.6213942,
              35.4080262
            ],
            [
              139.6213129,
              35.4078344
            ],
            [
              139.6213033,
              35.4078141
            ],
            [
              139.6212323,
              35.4076922
            ],
            [
              139.6211586,
              35.4075421
            ],
            [
              139.6208873,
              35.4069969
            ],
            [
              139.6207354,
              35.4066902
            ],
            [
              139.6206721,
              35.4065505
            ],
            [
              139.6206496,
              35.4065055
            ],
            [
              139.6206219,
              35.4064486
            ],
            [
              139.6201861,
              35.40558
            ],
            [
              139.6199748,
              35.405127
            ],
            [
              139.6198533,
              35.4049593
            ],
            [
              139.6194849,
              35.4044241
            ],
            [
              139.6193598,
              35.404243
            ],
            [
              139.6189578,
              35.403666
            ],
            [
              139.6187904,
              35.4034267
            ],
            [
              139.6184467,
              35.4029192
            ],
            [
              139.6184196,
              35.4028818
            ],
            [
              139.6181484,
              35.4025077
            ],
            [
              139.6180705,
              35.4024066
            ],
            [
              139.6179638,
              35.4022974
            ],
            [
              139.6178583,
              35.4022012
            ],
            [
              139.617748,
              35.4021131
            ],
            [
              139.6171892,
              35.4016895
            ],
            [
              139.6169737,
              35.4014988
            ],
            [
              139.616869,
              35.401401
            ],
            [
              139.6167828,
              35.4013204
            ],
            [
              139.616707,
              35.4012409
            ],
            [
              139.6167013,
              35.4012348
            ],
            [
              139.6164501,
              35.4009656
            ],
            [
              139.6163785,
              35.4008824
            ],
            [
              139.6163678,
              35.4008693
            ],
            [
              139.6163473,
              35.4008443
            ],
            [
              139.6159849,
              35.400267
            ],
            [
              139.6159671,
              35.4002396
            ],
            [
              139.615218,
              35.3990886
            ],
            [
              139.6148484,
              35.39851
            ],
            [
              139.6148061,
              35.398452
            ],
            [
              139.6147723,
              35.3984058
            ],
            [
              139.6147462,
              35.398365
            ],
            [
              139.6144856,
              35.3979574
            ],
            [
              139.6144157,
              35.3978252
            ],
            [
              139.614357,
              35.3977115
            ],
            [
              139.6143087,
              35.3976047
            ],
            [
              139.6142575,
              35.3974565
            ],
            [
              139.6142334,
              35.3973534
            ],
            [
              139.6142296,
              35.3973282
            ],
            [
              139.6142145,
              35.3972295
            ],
            [
              139.6141986,
              35.3970722
            ],
            [
              139.6141916,
              35.3968886
            ],
            [
              139.6141906,
              35.3968621
            ],
            [
              139.614189,
              35.3968212
            ],
            [
              139.614198,
              35.3965488
            ],
            [
              139.6142804,
              35.3955042
            ],
            [
              139.6142956,
              35.3953497
            ],
            [
              139.614311,
              35.3952093
            ],
            [
              139.6143146,
              35.3951398
            ],
            [
              139.6143217,
              35.3950061
            ],
            [
              139.6143481,
              35.3945366
            ],
            [
              139.6143748,
              35.3941312
            ],
            [
              139.6143811,
              35.3939646
            ],
            [
              139.6143943,
              35.3936115
            ],
            [
              139.6143969,
              35.3935154
            ],
            [
              139.6144089,
              35.3930921
            ],
            [
              139.6144551,
              35.3928255
            ],
            [
              139.6145113,
              35.3925012
            ],
            [
              139.6146434,
              35.3921677
            ],
            [
              139.6147891,
              35.3917997
            ],
            [
              139.6149999,
              35.3912711
            ],
            [
              139.6150144,
              35.3912346
            ],
            [
              139.6153573,
              35.3905942
            ],
            [
              139.6153759,
              35.3905608
            ],
            [
              139.615397,
              35.3905291
            ],
            [
              139.6163294,
              35.3891328
            ],
            [
              139.6163707,
              35.3890708
            ],
            [
              139.6164107,
              35.3890074
            ],
            [
              139.6166854,
              35.3885721
            ],
            [
              139.6169097,
              35.3882527
            ],
            [
              139.6170317,
              35.3880358
            ],
            [
              139.6172211,
              35.3877469
            ],
            [
              139.6173827,
              35.3875004
            ],
            [
              139.6176319,
              35.3871204
            ],
            [
              139.6176556,
              35.3870842
            ],
            [
              139.6177119,
              35.3869984
            ],
            [
              139.6177287,
              35.3869726
            ],
            [
              139.6178651,
              35.3867911
            ],
            [
              139.6179408,
              35.3866952
            ],
            [
              139.6181405,
              35.386434
            ],
            [
              139.6181885,
              35.3863712
            ],
            [
              139.6181886,
              35.386371
            ],
            [
              139.61841,
              35.3860814
            ],
            [
              139.6184917,
              35.3859497
            ],
            [
              139.6185282,
              35.3858909
            ],
            [
              139.6189384,
              35.3852296
            ],
            [
              139.6191403,
              35.384987
            ],
            [
              139.6192719,
              35.3848596
            ],
            [
              139.6193306,
              35.3848028
            ],
            [
              139.6193474,
              35.3847783
            ],
            [
              139.6194355,
              35.3846849
            ],
            [
              139.6196312,
              35.3844661
            ],
            [
              139.6201268,
              35.3839346
            ],
            [
              139.6203316,
              35.3837
            ],
            [
              139.62047,
              35.3835565
            ],
            [
              139.6205624,
              35.3834548
            ],
            [
              139.6207142,
              35.3833001
            ],
            [
              139.6211212,
              35.3828691
            ],
            [
              139.6211409,
              35.382848
            ],
            [
              139.6217439,
              35.3822295
            ],
            [
              139.6220396,
              35.3819054
            ],
            [
              139.6221878,
              35.3817353
            ],
            [
              139.6222616,
              35.3816353
            ],
            [
              139.6223002,
              35.3815648
            ],
            [
              139.6223501,
              35.3814203
            ],
            [
              139.6223781,
              35.3813107
            ],
            [
              139.6224021,
              35.3812027
            ],
            [
              139.6224178,
              35.3811175
            ],
            [
              139.6224318,
              35.3809677
            ],
            [
              139.6224265,
              35.3807786
            ],
            [
              139.6223956,
              35.3805861
            ],
            [
              139.6223192,
              35.3802603
            ],
            [
              139.6222262,
              35.3799059
            ],
            [
              139.6221462,
              35.3794358
            ],
            [
              139.6221153,
              35.3792806
            ],
            [
              139.6221002,
              35.3792138
            ],
            [
              139.6220201,
              35.3790772
            ]
          ],
          [
            [
              139.6268814,
              35.4152447
            ],
            [
              139.6268754,
              35.4153594
            ],
            [
              139.6268725,
              35.4155819
            ],
            [
              139.6268726,
              35.4158124
            ],
            [
              139.626848,
              35.4162823
            ],
            [
              139.6268273,
              35.4164642
            ],
            [
              139.6267745,
              35.4166907
            ],
            [
              139.6267441,
              35.4167966
            ],
            [
              139.6267029,
              35.4169331
            ],
            [
              139.626671,
              35.4170243
            ],
            [
              139.6266428,
              35.4170916
            ],
            [
              139.626601,
              35.4171839
            ],
            [
              139.6265043,
              35.4174117
            ],
            [
              139.6263382,
              35.4178004
            ],
            [
              139.6262564,
              35.417996
            ],
            [
              139.6262142,
              35.4180964
            ],
            [
              139.626125,
              35.4183095
            ],
            [
              139.6259992,
              35.4186615
            ],
            [
              139.6258877,
              35.4189918
            ],
            [
              139.6258678,
              35.4190509
            ],
            [
              139.6258449,
              35.4191146
            ],
            [
              139.6258252,
              35.4191697
            ],
            [
              139.6258057,
              35.4192251
            ],
            [
              139.6256665,
              35.4196232
            ],
            [
              139.6252959,
              35.4206898
            ],
            [
              139.6250451,
              35.4213158
            ],
            [
              139.6248997,
              35.4216576
            ],
            [
              139.624738,
              35.4220547
            ],
            [
              139.6246454,
              35.4222792
            ],
            [
              139.6245979,
              35.4223944
            ],
            [
              139.6245695,
              35.4224645
            ],
            [
              139.624547,
              35.4225192
            ],
            [
              139.6245228,
              35.422578
            ],
            [
              139.6243827,
              35.4229186
            ],
            [
              139.6242308,
              35.4232885
            ],
            [
              139.6240147,
              35.4238045
            ],
            [
              139.6236265,
              35.4247152
            ],
            [
              139.6235426,
              35.4249088
            ],
            [
              139.6232662,
              35.4255605
            ],
            [
              139.6232151,
              35.4256773
            ],
            [
              139.6231289,
              35.4258869
            ],
            [
              139.623059,
              35.4260448
            ],
            [
              139.6230459,
              35.4260745
            ],
            [
              139.6230282,
              35.4261188
            ],
            [
              139.6230092,
              35.4261666
            ]
          ],
          [
            [
              139.6227304,
              35.4115946
            ],
            [
              139.6228022,
              35.4117103
            ],
            [
              139.6229053,
              35.4118757
            ],
            [
              139.6229584,
              35.411936
            ],
            [
              139.6231808,
              35.4121225
            ],
            [
              139.6234395,
              35.4123178
            ],
            [
              139.6238058,
              35.4126085
            ]
          ],
          [
            [
              139.6228952,
              35.3761428
            ],
            [
              139.6234341,
              35.3754376
            ],
            [
              139.6240742,
              35.3746739
            ],
            [
              139.6242089,
              35.3745205
            ],
            [
              139.6243234,
              35.3744064
            ],
            [
              139.6244356,
              35.374329
            ]
          ],
          [
            [
              139.6236757,
              35.3414099
            ],
            [
              139.6237496,
              35.3412425
            ],
            [
              139.6237852,
              35.3410616
            ],
            [
              139.6238374,
              35.340825
            ],
            [
              139.6238867,
              35.3404766
            ],
            [
              139.6239089,
              35.3402418
            ],
            [
              139.6239185,
              35.3401091
            ],
            [
              139.623929,
              35.3398805
            ],
            [
              139.6239356,
              35.3392634
            ],
            [
              139.6239355,
              35.3391879
            ],
            [
              139.6239368,
              35.3391436
            ],
            [
              139.6239451,
              35.3383573
            ],
            [
              139.6239595,
              35.3369994
            ],
            [
              139.6239602,
              35.3369525
            ],
            [
              139.6239693,
              35.3362735
            ],
            [
              139.6239797,
              35.3355033
            ],
            [
              139.6239777,
              35.3352577
            ],
            [
              139.6239705,
              35.3351257
            ],
            [
              139.6239434,
              35.3349077
            ],
            [
              139.6239214,
              35.3347739
            ],
            [
              139.6238906,
              35.3346309
            ],
            [
              139.6238207,
              35.3343951
            ],
            [
              139.6237228,
              35.3341364
            ],
            [
              139.6235952,
              35.3338302
            ],
            [
              139.6234968,
              35.3336424
            ],
            [
              139.6233749,
              35.3334304
            ],
            [
              139.6232317,
              35.3332185
            ],
            [
              139.623085,
              35.3330148
            ],
            [
              139.6229109,
              35.3327953
            ],
            [
              139.6228103,
              35.3326769
            ],
            [
              139.6225794,
              35.3324629
            ],
            [
              139.6223665,
              35.3322786
            ],
            [
              139.622096,
              35.3320618
            ],
            [
              139.6219265,
              35.3319258
            ],
            [
              139.6217057,
              35.3317672
            ],
            [
              139.6216536,
              35.3317272
            ],
            [
              139.6215569,
              35.3316379
            ],
            [
              139.6214911,
              35.3315663
            ],
            [
              139.621424,
              35.3314807
            ],
            [
              139.6213818,
              35.3314158
            ],
            [
              139.6213087,
              35.3312747
            ],
            [
              139.6212503,
              35.3311341
            ],
            [
              139.6212101,
              35.3309826
            ],
            [
              139.6211856,
              35.330792
            ],
            [
              139.621168,
              35.3305371
            ],
            [
              139.6211386,
              35.330111
            ],
            [
              139.6211308,
              35.3300083
            ],
            [
              139.6211252,
              35.3299392
            ],
            [
              139.6210983,
              35.3295904
            ],
            [
              139.6210599,
              35.3293867
            ],
            [
              139.6210195,
              35.3292175
            ],
            [
              139.620937,
              35.3289793
            ],
            [
              139.6208474,
              35.3287815
            ],
            [
              139.6207474,
              35.3285984
            ],
            [
              139.6203631,
              35.3279514
            ],
            [
              139.6202713,
              35.3277625
            ],
            [
              139.6202201,
              35.3276252
            ],
            [
              139.620138,
              35.3273028
            ],
            [
              139.6201124,
              35.3271531
            ],
            [
              139.620096,
              35.327003
            ],
            [
              139.6200936,
              35.3269058
            ],
            [
              139.6201017,
              35.3267543
            ],
            [
              139.6201161,
              35.3265895
            ],
            [
              139.6201687,
              35.3260649
            ],
            [
              139.6202181,
              35.3255604
            ],
            [
              139.6202208,
              35.3255228
            ],
            [
              139.6202255,
              35.3254603
            ],
            [
              139.6202327,
              35.3253806
            ],
            [
              139.6202709,
              35.325016
            ],
            [
              139.6203932,
              35.3238498
            ],
            [
              139.620408,
              35.3237085
            ],
            [
              139.6204242,
              35.3235543
            ],
            [
              139.620473,
              35.3230893
            ],
            [
              139.6204916,
              35.3228195
            ],
            [
              139.6204962,
              35.3227741
            ],
            [
              139.6205066,
              35.3226941
            ],
            [
              139.6205414,
              35.3223507
            ],
            [
              139.6205848,
              35.3219235
            ],
            [
              139.6206284,
              35.3214122
            ],
            [
              139.6206409,
              35.3213466
            ],
            [
              139.6206513,
              35.3212771
            ],
            [
              139.6207029,
              35.3210161
            ],
            [
              139.6207989,
              35.3207889
            ],
            [
              139.620916,
              35.320579
            ],
            [
              139.6210086,
              35.3204417
            ],
            [
              139.6210656,
              35.3203653
            ],
            [
              139.6212633,
              35.3201212
            ],
            [
              139.6213772,
              35.3199828
            ],
            [
              139.6214632,
              35.319874
            ],
            [
              139.621627,
              35.3196796
            ],
            [
              139.6217639,
              35.319512
            ],
            [
              139.6219547,
              35.3192163
            ],
            [
              139.6221528,
              35.3188574
            ],
            [
              139.6222853,
              35.3186301
            ],
            [
              139.6224164,
              35.3184651
            ],
            [
              139.6226654,
              35.3182185
            ],
            [
              139.6227026,
              35.318181
            ],
            [
              139.6231088,
              35.3178905
            ],
            [
              139.6232908,
              35.3177838
            ],
            [
              139.6238696,
              35.3174693
            ],
            [
              139.6245855,
              35.3171009
            ],
            [
              139.6247417,
              35.3170174
            ],
            [
              139.6248757,
              35.31691
            ],
            [
              139.6250432,
              35.316741
            ],
            [
              139.625125,
              35.3166411
            ],
            [
              139.6251864,
              35.3165411
            ],
            [
              139.6252493,
              35.3163988
            ],
            [
              139.6253162,
              35.3162016
            ],
            [
              139.6253753,
              35.3160217
            ],
            [
              139.6254181,
              35.3158793
            ],
            [
              139.625506,
              35.315567
            ],
            [
              139.6255853,
              35.3152753
            ],
            [
              139.6256072,
              35.3151081
            ],
            [
              139.625608,
              35.3149046
            ],
            [
              139.6255968,
              35.3147896
            ],
            [
              139.625578,
              35.3147054
            ],
            [
              139.6255165,
              35.314486
            ],
            [
              139.6254937,
              35.3144285
            ],
            [
              139.6254749,
              35.3143755
            ],
            [
              139.6252163,
              35.313594
            ],
            [
              139.6248971,
              35.3125959
            ],
            [
              139.6248778,
              35.3125368
            ],
            [
              139.6247819,
              35.312244
            ],
            [
              139.6245234,
              35.3114563
            ],
            [
              139.624475,
              35.3112459
            ],
            [
              139.6244611,
              35.3111939
            ],
            [
              139.6244478,
              35.3111147
            ],
            [
              139.6244293,
              35.3110098
            ],
            [
              139.6244073,
              35.3107754
            ],
            [
              139.6242909,
              35.3089023
            ],
            [
              139.6242679,
              35.3085328
            ],
            [
              139.6242648,
              35.308482
            ],
            [
              139.6242272,
              35.3077979
            ],
            [
              139.6242159,
              35.3075223
            ],
            [
              139.6242191,
              35.3074571
            ],
            [
              139.6242303,
              35.307367
            ],
            [
              139.6242529,
              35.3072908
            ],
            [
              139.6242949,
              35.307176
            ],
            [
              139.624349,
              35.3070594
            ],
            [
              139.6246478,
              35.3066133
            ],
            [
              139.6248102,
              35.3063694
            ],
            [
              139.6248824,
              35.3062028
            ],
            [
              139.6249275,
              35.3060211
            ],
            [
              139.6249688,
              35.3056996
            ],
            [
              139.6251169,
              35.3045882
            ],
            [
              139.6251613,
              35.3042039
            ],
            [
              139.625179,
              35.3040504
            ],
            [
              139.6252202,
              35.3037117
            ],
            [
              139.6252342,
              35.303486
            ],
            [
              139.625217,
              35.3033118
            ],
            [
              139.6251491,
              35.3029834
            ],
            [
              139.6251398,
              35.3029472
            ],
            [
              139.6250155,
              35.3024638
            ],
            [
              139.6249888,
              35.3023342
            ],
            [
              139.6249896,
              35.3021806
            ],
            [
              139.6250035,
              35.3020342
            ],
            [
              139.6250153,
              35.3019829
            ],
            [
              139.6250393,
              35.3018975
            ],
            [
              139.6250615,
              35.3018183
            ],
            [
              139.6250862,
              35.3017728
            ],
            [
              139.625167,
              35.3016241
            ],
            [
              139.6252906,
              35.3014581
            ],
            [
              139.6254262,
              35.3013117
            ],
            [
              139.6265674,
              35.3004258
            ],
            [
              139.6267358,
              35.3002931
            ],
            [
              139.6268123,
              35.3002404
            ],
            [
              139.6271357,
              35.3000088
            ],
            [
              139.6272497,
              35.2999415
            ],
            [
              139.6275611,
              35.2997287
            ],
            [
              139.6276514,
              35.2996847
            ],
            [
              139.6277509,
              35.2996609
            ],
            [
              139.6278941,
              35.2996361
            ],
            [
              139.6280447,
              35.2996343
            ],
            [
              139.6283358,
              35.2996742
            ],
            [
              139.6287117,
              35.2997157
            ],
            [
              139.6289198,
              35.2997084
            ],
            [
              139.629049,
              35.2996866
            ],
            [
              139.6291379,
              35.2996652
            ],
            [
              139.6293198,
              35.299605
            ],
            [
              139.6294976,
              35.2995304
            ],
            [
              139.6295946,
              35.2994754
            ],
            [
              139.6296773,
              35.2993995
            ],
            [
              139.6297663,
              35.299284
            ],
            [
              139.629815,
              35.2991641
            ],
            [
              139.6298341,
              35.2990484
            ],
            [
              139.6298272,
              35.2988758
            ],
            [
              139.6297886,
              35.2986695
            ],
            [
              139.6297808,
              35.298575
            ],
            [
              139.6297848,
              35.2984934
            ],
            [
              139.6298126,
              35.2983793
            ],
            [
              139.6298453,
              35.2983133
            ],
            [
              139.6300764,
              35.2979502
            ],
            [
              139.6304884,
              35.2973624
            ],
            [
              139.6306909,
              35.2970591
            ],
            [
              139.6307355,
              35.2969923
            ],
            [
              139.6308361,
              35.2967801
            ],
            [
              139.6308715,
              35.2966813
            ],
            [
              139.6308975,
              35.2965785
            ],
            [
              139.6309319,
              35.2964204
            ],
            [
              139.6309417,
              35.2963489
            ],
            [
              139.6309746,
              35.296104
            ],
            [
              139.6310282,
              35.2959144
            ],
            [
              139.6311285,
              35.2957337
            ],
            [
              139.6311833,
              35.2956292
            ],
            [
              139.6312509,
              35.2955233
            ],
            [
              139.6315089,
              35.2950897
            ],
            [
              139.6315705,
              35.2949608
            ],
            [
              139.6316029,
              35.2948567
            ],
            [
              139.6316202,
              35.2947558
            ],
            [
              139.6316413,
              35.2946662
            ],
            [
              139.6316383,
              35.2944252
            ],
            [
              139.631624,
              35.294303
            ],
            [
              139.6316237,
              35.2942125
            ],
            [
              139.6316246,
              35.2941418
            ],
            [
              139.6316272,
              35.2940887
            ],
            [
              139.6316609,
              35.2939467
            ],
            [
              139.6317211,
              35.2937961
            ],
            [
              139.6318049,
              35.2936525
            ],
            [
              139.6319036,
              35.2935437
            ],
            [
              139.6319819,
              35.2934607
            ],
            [
              139.6320334,
              35.2934147
            ],
            [
              139.6321249,
              35.2933436
            ],
            [
              139.632215,
              35.2932875
            ],
            [
              139.6332181,
              35.2927989
            ],
            [
              139.633299,
              35.2927588
            ],
            [
              139.6333377,
              35.2927397
            ],
            [
              139.6333868,
              35.2927162
            ],
            [
              139.6334337,
              35.2926937
            ],
            [
              139.634229,
              35.2923019
            ],
            [
              139.6343176,
              35.2922676
            ],
            [
              139.6343918,
              35.2922478
            ],
            [
              139.6348935,
              35.2921478
            ],
            [
              139.6360843,
              35.2919225
            ],
            [
              139.6367308,
              35.2918114
            ],
            [
              139.6367951,
              35.2918043
            ],
            [
              139.6368733,
              35.2917967
            ],
            [
              139.6369595,
              35.2917925
            ],
            [
              139.6370736,
              35.2917909
            ],
            [
              139.6371578,
              35.2917909
            ],
            [
              139.6372332,
              35.2917912
            ],
            [
              139.6382532,
              35.2917881
            ],
            [
              139.6392199,
              35.2918001
            ],
            [
              139.639568,
              35.2917998
            ],
            [
              139.640166,
              35.2918085
            ],
            [
              139.6402044,
              35.2918087
            ],
            [
              139.6403559,
              35.291802
            ],
            [
              139.6405444,
              35.2917849
            ],
            [
              139.6409452,
              35.2916949
            ],
            [
              139.641235,
              35.2915854
            ],
            [
              139.6431924,
              35.2908766
            ],
            [
              139.6433338,
              35.2908259
            ],
            [
              139.6434572,
              35.2907629
            ],
            [
              139.6436123,
              35.2906466
            ],
            [
              139.6442823,
              35.2900491
            ],
            [
              139.6444513,
              35.2899116
            ],
            [
              139.6447841,
              35.2896806
            ],
            [
              139.6450774,
              35.289492
            ],
            [
              139.6452891,
              35.2893699
            ],
            [
              139.6476343,
              35.2881445
            ],
            [
              139.6477895,
              35.2880572
            ],
            [
              139.6481962,
              35.2877604
            ],
            [
              139.6482539,
              35.2877128
            ],
            [
              139.6482975,
              35.2876745
            ],
            [
              139.6484457,
              35.2875537
            ],
            [
              139.6484771,
              35.287528
            ],
            [
              139.6488452,
              35.2872263
            ],
            [
              139.6493094,
              35.2866474
            ],
            [
              139.6500602,
              35.2854678
            ],
            [
              139.6503079,
              35.2851335
            ],
            [
              139.6505391,
              35.2848856
            ],
            [
              139.650711,
              35.284738
            ],
            [
              139.6510253,
              35.2844782
            ],
            [
              139.6515473,
              35.2840543
            ],
            [
              139.6521012,
              35.2837464
            ],
            [
              139.6523019,
              35.2836619
            ],
            [
              139.6524323,
              35.2836284
            ],
            [
              139.6525854,
              35.2836024
            ],
            [
              139.6527012,
              35.2835994
            ],
            [
              139.6528433,
              35.2836144
            ],
            [
              139.6537259,
              35.2837381
            ],
            [
              139.6539003,
              35.2837488
            ],
            [
              139.6540993,
              35.2837402
            ],
            [
              139.6546886,
              35.283666
            ],
            [
              139.6556264,
              35.2835217
            ],
            [
              139.6558017,
              35.2834863
            ],
            [
              139.6569924,
              35.2831905
            ],
            [
              139.6572743,
              35.2831413
            ],
            [
              139.6575626,
              35.2831077
            ],
            [
              139.6575857,
              35.2831067
            ],
            [
              139.6578813,
              35.2830944
            ],
            [
              139.6581835,
              35.2830923
            ],
            [
              139.6585324,
              35.2830921
            ],
            [
              139.658758,
              35.2830713
            ],
            [
              139.6589605,
              35.2830158
            ],
            [
              139.6591822,
              35.2829123
            ],
            [
              139.6598034,
              35.2825604
            ],
            [
              139.6603638,
              35.2822401
            ],
            [
              139.6607239,
              35.2820471
            ],
            [
              139.6608142,
              35.2820033
            ],
            [
              139.660832,
              35.2819947
            ],
            [
              139.6611363,
              35.2818686
            ],
            [
              139.6614083,
              35.2818071
            ],
            [
              139.661751,
              35.2817644
            ],
            [
              139.6619378,
              35.2817561
            ],
            [
              139.6621743,
              35.2817807
            ],
            [
              139.6625769,
              35.281865
            ],
            [
              139.6628156,
              35.2819574
            ],
            [
              139.6629531,
              35.2820058
            ],
            [
              139.6630766,
              35.2820502
            ],
            [
              139.6634188,
              35.2821465
            ],
            [
              139.6637448,
              35.2822182
            ],
            [
              139.6641367,
              35.2822779
            ],
            [
              139.6648626,
              35.2823353
            ],
            [
              139.6655497,
              35.2823884
            ],
            [
              139.6661798,
              35.282493
            ],
            [
              139.666254,
              35.2825071
            ],
            [
              139.6663733,
              35.2825297
            ],
            [
              139.6670285,
              35.2826485
            ],
            [
              139.6677584,
              35.2827803
            ],
            [
              139.6679367,
              35.2828298
            ],
            [
              139.6681005,
              35.282863
            ],
            [
              139.6683722,
              35.2829185
            ],
            [
              139.6685115,
              35.2829384
            ],
            [
              139.6686515,
              35.2829661
            ],
            [
              139.6687921,
              35.2829921
            ],
            [
              139.6691971,
              35.2830585
            ],
            [
              139.6692984,
              35.2830621
            ],
            [
              139.6694077,
              35.2830486
            ],
            [
              139.6695364,
              35.283016
            ],
            [
              139.6699155,
              35.2829062
            ],
            [
              139.6705367,
              35.2827135
            ],
            [
              139.6706748,
              35.2826598
            ],
            [
              139.6707194,
              35.2826243
            ],
            [
              139.6708355,
              35.2825266
            ],
            [
              139.6709615,
              35.2823587
            ],
            [
              139.671145,
              35.2821273
            ],
            [
              139.671401,
              35.281804
            ],
            [
              139.6714498,
              35.2817446
            ],
            [
              139.671517,
              35.2816571
            ],
            [
              139.6719497,
              35.2811092
            ],
            [
              139.6720621,
              35.2809976
            ],
            [
              139.6722033,
              35.280879
            ],
            [
              139.6723126,
              35.2807859
            ],
            [
              139.6724119,
              35.280719
            ],
            [
              139.6726311,
              35.280567
            ],
            [
              139.6736512,
              35.2798136
            ],
            [
              139.6737538,
              35.2797415
            ],
            [
              139.6738563,
              35.2796662
            ],
            [
              139.6744404,
              35.2792405
            ],
            [
              139.6744918,
              35.2792032
            ],
            [
              139.6745522,
              35.2791615
            ],
            [
              139.6748053,
              35.2789913
            ],
            [
              139.6751282,
              35.2787748
            ],
            [
              139.6753946,
              35.2785961
            ],
            [
              139.6756179,
              35.2784464
            ],
            [
              139.6756678,
              35.2784062
            ],
            [
              139.6757299,
              35.2783727
            ],
            [
              139.676023,
              35.2781727
            ],
            [
              139.6764133,
              35.2779202
            ],
            [
              139.6767372,
              35.2776969
            ],
            [
              139.6769996,
              35.2775248
            ],
            [
              139.6770668,
              35.2774709
            ],
            [
              139.6771174,
              35.2773778
            ],
            [
              139.6771445,
              35.277238
            ],
            [
              139.6771321,
              35.2767218
            ],
            [
              139.6771002,
              35.2762035
            ],
            [
              139.6770938,
              35.2761004
            ],
            [
              139.6770772,
              35.2758831
            ],
            [
              139.6770369,
              35.2752564
            ],
            [
              139.6770328,
              35.2749975
            ],
            [
              139.6770342,
              35.274845
            ],
            [
              139.6770413,
              35.2746016
            ],
            [
              139.6770443,
              35.2745544
            ],
            [
              139.6770778,
              35.2733826
            ],
            [
              139.6770873,
              35.2729555
            ],
            [
              139.6770955,
              35.272847
            ],
            [
              139.6771091,
              35.2727799
            ],
            [
              139.6771269,
              35.2726922
            ],
            [
              139.6771977,
              35.272425
            ],
            [
              139.6773134,
              35.2721853
            ],
            [
              139.6775642,
              35.2718801
            ],
            [
              139.6778336,
              35.2716682
            ],
            [
              139.6778852,
              35.2716276
            ],
            [
              139.6779353,
              35.2715939
            ],
            [
              139.678001,
              35.2715541
            ],
            [
              139.6780444,
              35.2715278
            ],
            [
              139.6781188,
              35.2714743
            ],
            [
              139.6786087,
              35.2711196
            ],
            [
              139.6786312,
              35.2711067
            ],
            [
              139.6787556,
              35.2710161
            ],
            [
              139.6788622,
              35.2709454
            ],
            [
              139.6794108,
              35.27055
            ],
            [
              139.6794749,
              35.2705015
            ],
            [
              139.6800437,
              35.2701174
            ],
            [
              139.6800965,
              35.2700818
            ],
            [
              139.680711,
              35.2696427
            ],
            [
              139.680774,
              35.2696087
            ],
            [
              139.6808696,
              35.2695584
            ],
            [
              139.6814219,
              35.2692986
            ],
            [
              139.6814865,
              35.2692681
            ],
            [
              139.681961,
              35.2690375
            ],
            [
              139.6820259,
              35.2690073
            ],
            [
              139.6820747,
              35.2689854
            ],
            [
              139.6827228,
              35.2686696
            ],
            [
              139.6828325,
              35.2686173
            ],
            [
              139.6829108,
              35.2685799
            ],
            [
              139.6837163,
              35.2681998
            ],
            [
              139.6841518,
              35.2679926
            ],
            [
              139.68534,
              35.2674299
            ],
            [
              139.6867201,
              35.2667582
            ],
            [
              139.6868176,
              35.2667107
            ],
            [
              139.6868709,
              35.2667858
            ],
            [
              139.6870312,
              35.2670115
            ],
            [
              139.6870497,
              35.2670375
            ],
            [
              139.6870895,
              35.26707
            ],
            [
              139.6871179,
              35.2670819
            ],
            [
              139.687167,
              35.267094
            ],
            [
              139.6872116,
              35.2670964
            ],
            [
              139.6872747,
              35.2670957
            ],
            [
              139.6883543,
              35.2665963
            ],
            [
              139.6897421,
              35.2661207
            ],
            [
              139.6903898,
              35.2658829
            ],
            [
              139.690555,
              35.2658093
            ],
            [
              139.6906505,
              35.2657696
            ],
            [
              139.6915256,
              35.2653956
            ],
            [
              139.6921126,
              35.2651433
            ],
            [
              139.6925531,
              35.2649555
            ],
            [
              139.6926955,
              35.2648947
            ],
            [
              139.6928457,
              35.2648339
            ],
            [
              139.6929879,
              35.2647783
            ],
            [
              139.693076,
              35.264745
            ],
            [
              139.6931866,
              35.2647051
            ],
            [
              139.693367,
              35.2646411
            ],
            [
              139.6935708,
              35.2645709
            ],
            [
              139.6937082,
              35.2645223
            ],
            [
              139.6938583,
              35.2644749
            ],
            [
              139.6939435,
              35.2644475
            ],
            [
              139.6942441,
              35.2643604
            ],
            [
              139.6944082,
              35.2643154
            ],
            [
              139.6945625,
              35.2642748
            ],
            [
              139.6947237,
              35.264234
            ],
            [
              139.6948787,
              35.2641976
            ],
            [
              139.6950362,
              35.2641625
            ],
            [
              139.6951942,
              35.2641298
            ],
            [
              139.6953619,
              35.2640971
            ],
            [
              139.6955182,
              35.2640677
            ],
            [
              139.6956842,
              35.2640405
            ],
            [
              139.6958464,
              35.2640157
            ],
            [
              139.6963023,
              35.2639432
            ],
            [
              139.6963985,
              35.2639282
            ],
            [
              139.6965537,
              35.2639054
            ],
            [
              139.6966976,
              35.2638817
            ],
            [
              139.6970057,
              35.2638337
            ],
            [
              139.6970905,
              35.2638211
            ],
            [
              139.697177,
              35.2638106
            ],
            [
              139.69726,
              35.2638059
            ],
            [
              139.6973429,
              35.2638055
            ],
            [
              139.6974721,
              35.2638101
            ],
            [
              139.6974948,
              35.2638123
            ],
            [
              139.6976222,
              35.2638262
            ],
            [
              139.6976964,
              35.2638383
            ],
            [
              139.6977621,
              35.2638521
            ],
            [
              139.6979172,
              35.2638954
            ],
            [
              139.6981324,
              35.2639664
            ],
            [
              139.6983836,
              35.2640496
            ],
            [
              139.6985326,
              35.264097
            ],
            [
              139.6986822,
              35.2641464
            ],
            [
              139.6987555,
              35.2641708
            ],
            [
              139.6988381,
              35.2641921
            ],
            [
              139.6989139,
              35.2642097
            ],
            [
              139.6989997,
              35.2642228
            ],
            [
              139.699122,
              35.2642366
            ],
            [
              139.6992373,
              35.2642501
            ],
            [
              139.6995666,
              35.2642383
            ],
            [
              139.7000175,
              35.2641694
            ],
            [
              139.7029653,
              35.2637068
            ],
            [
              139.7030547,
              35.2636928
            ],
            [
              139.7031537,
              35.2636888
            ],
            [
              139.7038226,
              35.2636618
            ],
            [
              139.7057369,
              35.2636306
            ],
            [
              139.7058165,
              35.2636293
            ],
            [
              139.7059385,
              35.2636273
            ],
            [
              139.7081183,
              35.2635905
            ],
            [
              139.7082062,
              35.263589
            ],
            [
              139.7083019,
              35.2635873
            ],
            [
              139.7117775,
              35.2635283
            ],
            [
              139.711874,
              35.2635268
            ],
            [
              139.7119653,
              35.2635248
            ],
            [
              139.7128478,
              35.2635071
            ],
            [
              139.7137684,
              35.2634797
            ],
            [
              139.7139293,
              35.263482
            ],
            [
              139.7141077,
              35.2634858
            ],
            [
              139.714791,
              35.2634743
            ],
            [
              139.7155154,
              35.2634587
            ],
            [
              139.715598,
              35.2634569
            ],
            [
              139.7156878,
              35.2634554
            ],
            [
              139.7176645,
              35.2634213
            ],
            [
              139.7181639,
              35.2633809
            ],
            [
              139.7182972,
              35.2633463
            ]
          ],
          [
            [
              139.8762012,
              35.3430695
            ],
            [
              139.8761482,
              35.3431935
            ],
            [
              139.8760661,
              35.3433944
            ],
            [
              139.8759842,
              35.3436045
            ],
            [
              139.8759454,
              35.3437275
            ],
            [
              139.8759158,
              35.3438379
            ],
            [
              139.875866,
              35.3440599
            ],
            [
              139.8758521,
              35.3441197
            ],
            [
              139.8758229,
              35.3443368
            ],
            [
              139.8758122,
              35.344503
            ],
            [
              139.8758314,
              35.3445641
            ],
            [
              139.8758505,
              35.3446252
            ],
            [
              139.8758392,
              35.3449293
            ],
            [
              139.8760339,
              35.3449305
            ],
            [
              139.8767576,
              35.3449416
            ],
            [
              139.8771344,
              35.344953
            ],
            [
              139.8775407,
              35.3449667
            ],
            [
              139.8782541,
              35.3450039
            ],
            [
              139.8788345,
              35.3450503
            ],
            [
              139.8791748,
              35.3450803
            ],
            [
              139.8796476,
              35.3451295
            ],
            [
              139.8799569,
              35.3451677
            ],
            [
              139.8806505,
              35.3452584
            ],
            [
              139.8807064,
              35.3452637
            ],
            [
              139.8807989,
              35.3452775
            ],
            [
              139.8810027,
              35.3453102
            ],
            [
              139.8812974,
              35.34536
            ],
            [
              139.8815974,
              35.3454142
            ],
            [
              139.8818164,
              35.3454535
            ],
            [
              139.8820193,
              35.3454929
            ],
            [
              139.8823447,
              35.3455584
            ],
            [
              139.882721,
              35.3456371
            ],
            [
              139.8830892,
              35.3457157
            ],
            [
              139.8833036,
              35.3457647
            ],
            [
              139.8835045,
              35.3458158
            ],
            [
              139.8839051,
              35.3459158
            ],
            [
              139.8841334,
              35.3459767
            ],
            [
              139.8843537,
              35.3460375
            ],
            [
              139.8846081,
              35.3461116
            ],
            [
              139.8848624,
              35.3461835
            ],
            [
              139.8853027,
              35.3463196
            ],
            [
              139.8856828,
              35.3464386
            ],
            [
              139.8860224,
              35.3465539
            ],
            [
              139.886354,
              35.346667
            ],
            [
              139.8868681,
              35.3468577
            ],
            [
              139.8873688,
              35.3470528
            ],
            [
              139.8877143,
              35.3471867
            ],
            [
              139.8883667,
              35.3474357
            ],
            [
              139.8890778,
              35.3477115
            ],
            [
              139.8900159,
              35.3480767
            ],
            [
              139.8924108,
              35.3489996
            ],
            [
              139.8936967,
              35.3494961
            ],
            [
              139.8948901,
              35.3499598
            ],
            [
              139.8951966,
              35.3500743
            ],
            [
              139.8954964,
              35.3501922
            ],
            [
              139.8960812,
              35.3504179
            ],
            [
              139.8966691,
              35.350647
            ],
            [
              139.8968855,
              35.3507262
            ],
            [
              139.8969818,
              35.3507635
            ],
            [
              139.8981454,
              35.3512137
            ],
            [
              139.8993431,
              35.3516763
            ],
            [
              139.8999473,
              35.3519153
            ],
            [
              139.9004388,
              35.3521105
            ],
            [
              139.9008561,
              35.3522697
            ],
            [
              139.9011057,
              35.3523697
            ],
            [
              139.9014203,
              35.3524809
            ],
            [
              139.9017054,
              35.35259
            ],
            [
              139.9017422,
              35.3526035
            ],
            [
              139.9020377,
              35.3527188
            ],
            [
              139.9023251,
              35.3528341
            ],
            [
              139.9026044,
              35.3529549
            ],
            [
              139.9028905,
              35.3530811
            ],
            [
              139.9030905,
              35.3531715
            ],
            [
              139.9032522,
              35.3532526
            ],
            [
              139.9036202,
              35.3534373
            ],
            [
              139.9039001,
              35.3535865
            ],
            [
              139.9041859,
              35.3537408
            ],
            [
              139.9044341,
              35.353882
            ],
            [
              139.9047065,
              35.3540516
            ],
            [
              139.9049788,
              35.354219
            ],
            [
              139.9052316,
              35.3543854
            ],
            [
              139.9054093,
              35.3545069
            ],
            [
              139.9056568,
              35.3546799
            ],
            [
              139.9058077,
              35.3547917
            ],
            [
              139.9061356,
              35.3550423
            ],
            [
              139.9063723,
              35.3552272
            ],
            [
              139.9066836,
              35.3554905
            ],
            [
              139.9069117,
              35.3556947
            ],
            [
              139.9071339,
              35.3558932
            ],
            [
              139.9073428,
              35.3560939
            ],
            [
              139.9075631,
              35.3563122
            ],
            [
              139.9077646,
              35.3565208
            ],
            [
              139.9080288,
              35.3568063
            ],
            [
              139.9082741,
              35.3570918
            ],
            [
              139.908515,
              35.3573869
            ],
            [
              139.9087481,
              35.3576891
            ],
            [
              139.9090283,
              35.3580801
            ],
            [
              139.9091791,
              35.3583053
            ],
            [
              139.9094827,
              35.3587899
            ],
            [
              139.9096854,
              35.3591314
            ],
            [
              139.9099666,
              35.3596801
            ],
            [
              139.9100759,
              35.3599193
            ],
            [
              139.9101698,
              35.3601308
            ],
            [
              139.9103329,
              35.3605237
            ],
            [
              139.9105549,
              35.36114
            ],
            [
              139.9106997,
              35.361612
            ],
            [
              139.9107589,
              35.3618367
            ],
            [
              139.9108739,
              35.36234
            ],
            [
              139.9109602,
              35.3627807
            ],
            [
              139.9109879,
              35.3629199
            ],
            [
              139.9110942,
              35.3634395
            ],
            [
              139.9112062,
              35.3639706
            ],
            [
              139.9112771,
              35.3643299
            ],
            [
              139.9113432,
              35.364651
            ],
            [
              139.9114184,
              35.3650349
            ],
            [
              139.9114514,
              35.3652241
            ],
            [
              139.9114773,
              35.3653941
            ],
            [
              139.9114993,
              35.3655699
            ],
            [
              139.9115166,
              35.3657561
            ],
            [
              139.911526,
              35.3659379
            ],
            [
              139.911533,
              35.3661435
            ],
            [
              139.9115333,
              35.366289
            ],
            [
              139.9115242,
              35.366444
            ],
            [
              139.9115141,
              35.366659
            ],
            [
              139.9115087,
              35.3667494
            ],
            [
              139.9114998,
              35.3668965
            ],
            [
              139.9114848,
              35.3670007
            ],
            [
              139.9114697,
              35.367101
            ],
            [
              139.9114449,
              35.3672356
            ],
            [
              139.9114219,
              35.3673673
            ],
            [
              139.9113812,
              35.3675486
            ],
            [
              139.9113348,
              35.3677251
            ],
            [
              139.9112848,
              35.3678973
            ],
            [
              139.9112236,
              35.3681007
            ],
            [
              139.911144,
              35.3683192
            ],
            [
              139.9110978,
              35.3684356
            ],
            [
              139.9110481,
              35.3685579
            ],
            [
              139.9109525,
              35.3687877
            ],
            [
              139.9109151,
              35.3688663
            ],
            [
              139.9106974,
              35.3692437
            ],
            [
              139.9105652,
              35.3694686
            ],
            [
              139.9104055,
              35.3697224
            ],
            [
              139.9101989,
              35.3700439
            ],
            [
              139.9101726,
              35.3700846
            ],
            [
              139.9101039,
              35.3701909
            ],
            [
              139.9100992,
              35.3703097
            ],
            [
              139.9104787,
              35.3704563
            ],
            [
              139.910653,
              35.3705311
            ],
            [
              139.9107507,
              35.3705663
            ],
            [
              139.9108538,
              35.3706059
            ],
            [
              139.9109542,
              35.3706378
            ],
            [
              139.9110528,
              35.3706668
            ],
            [
              139.9111565,
              35.370693
            ],
            [
              139.9112702,
              35.3707163
            ],
            [
              139.9113752,
              35.3707366
            ],
            [
              139.9114875,
              35.3707542
            ],
            [
              139.9115893,
              35.3707632
            ],
            [
              139.9116964,
              35.3707726
            ],
            [
              139.911808,
              35.3707767
            ],
            [
              139.9119144,
              35.3707772
            ],
            [
              139.9120287,
              35.3707732
            ],
            [
              139.9121111,
              35.3707677
            ],
            [
              139.9122072,
              35.3707608
            ],
            [
              139.9123104,
              35.3707496
            ],
            [
              139.9124358,
              35.3707329
            ],
            [
              139.9126409,
              35.3707075
            ],
            [
              139.9128419,
              35.3706758
            ],
            [
              139.9130658,
              35.3706445
            ],
            [
              139.9134102,
              35.3705973
            ],
            [
              139.9135441,
              35.370579
            ],
            [
              139.9140136,
              35.3705149
            ],
            [
              139.9141194,
              35.3705004
            ],
            [
              139.9142235,
              35.3704844
            ],
            [
              139.9144459,
              35.370448
            ],
            [
              139.9146607,
              35.3704192
            ],
            [
              139.9149888,
              35.3703746
            ],
            [
              139.9153671,
              35.3703228
            ],
            [
              139.9156006,
              35.3702898
            ],
            [
              139.9158137,
              35.3702604
            ],
            [
              139.9160402,
              35.37023
            ],
            [
              139.9163809,
              35.3701866
            ],
            [
              139.9165565,
              35.3701733
            ],
            [
              139.9167172,
              35.3701559
            ],
            [
              139.9168868,
              35.3701328
            ],
            [
              139.9171162,
              35.3701009
            ],
            [
              139.9174299,
              35.3700607
            ],
            [
              139.9175673,
              35.370042
            ],
            [
              139.9176764,
              35.3700233
            ],
            [
              139.9178918,
              35.3699888
            ],
            [
              139.9181746,
              35.369945
            ],
            [
              139.9183927,
              35.36991
            ],
            [
              139.9185689,
              35.3698806
            ],
            [
              139.9186717,
              35.3698641
            ],
            [
              139.9189052,
              35.3698158
            ],
            [
              139.9190679,
              35.3697805
            ],
            [
              139.9193845,
              35.3697126
            ],
            [
              139.9196962,
              35.3696456
            ],
            [
              139.9198805,
              35.3696059
            ],
            [
              139.9201524,
              35.3695446
            ],
            [
              139.9204721,
              35.3694718
            ],
            [
              139.9205249,
              35.3694592
            ],
            [
              139.9206585,
              35.3694272
            ],
            [
              139.9208001,
              35.3693956
            ],
            [
              139.9209683,
              35.3693604
            ],
            [
              139.9210456,
              35.3693442
            ],
            [
              139.9210761,
              35.3693378
            ],
            [
              139.921222,
              35.3693073
            ],
            [
              139.9212793,
              35.369294
            ],
            [
              139.9216387,
              35.3692104
            ],
            [
              139.9221335,
              35.3690984
            ],
            [
              139.9222532,
              35.3690673
            ],
            [
              139.9228762,
              35.3689153
            ],
            [
              139.9230904,
              35.3688646
            ],
            [
              139.9232993,
              35.3688182
            ],
            [
              139.9238365,
              35.368695
            ],
            [
              139.9242418,
              35.3686009
            ],
            [
              139.9246105,
              35.3685203
            ],
            [
              139.924907,
              35.3684544
            ],
            [
              139.9253183,
              35.3683634
            ],
            [
              139.9258527,
              35.3682429
            ],
            [
              139.9261463,
              35.3681743
            ],
            [
              139.9265129,
              35.3680906
            ],
            [
              139.9267418,
              35.3680412
            ],
            [
              139.926812,
              35.3680235
            ],
            [
              139.9269299,
              35.3679937
            ],
            [
              139.9270281,
              35.3680741
            ],
            [
              139.9270473,
              35.3680888
            ],
            [
              139.9286232,
              35.3693003
            ],
            [
              139.9299088,
              35.3703586
            ],
            [
              139.9299821,
              35.3704151
            ],
            [
              139.9300364,
              35.3704813
            ],
            [
              139.9313296,
              35.3714852
            ],
            [
              139.932286,
              35.3722275
            ],
            [
              139.9324614,
              35.372356
            ],
            [
              139.9325905,
              35.372472
            ],
            [
              139.9328373,
              35.3726071
            ],
            [
              139.9333489,
              35.372807
            ],
            [
              139.9336424,
              35.3729136
            ],
            [
              139.9347895,
              35.3732968
            ],
            [
              139.9353447,
              35.3734822
            ],
            [
              139.9355561,
              35.3735336
            ],
            [
              139.9360285,
              35.3736487
            ],
            [
              139.9368872,
              35.3739349
            ],
            [
              139.937251,
              35.3740578
            ],
            [
              139.9376135,
              35.3741935
            ],
            [
              139.9386588,
              35.3745595
            ],
            [
              139.9390873,
              35.3747372
            ],
            [
              139.9394835,
              35.3749345
            ],
            [
              139.939948,
              35.3752464
            ],
            [
              139.9403431,
              35.3755609
            ],
            [
              139.9405571,
              35.3757638
            ],
            [
              139.9407373,
              35.3759446
            ],
            [
              139.9409491,
              35.3761923
            ],
            [
              139.9410157,
              35.3762814
            ],
            [
              139.9412086,
              35.3765462
            ],
            [
              139.9413788,
              35.3768391
            ],
            [
              139.9415638,
              35.3772133
            ],
            [
              139.9416724,
              35.377492
            ],
            [
              139.9417435,
              35.3776845
            ],
            [
              139.9417997,
              35.3778508
            ],
            [
              139.9419205,
              35.3782154
            ],
            [
              139.9420577,
              35.37863
            ],
            [
              139.9421606,
              35.3789848
            ],
            [
              139.9422641,
              35.3793446
            ],
            [
              139.942346,
              35.3797129
            ],
            [
              139.9424055,
              35.380094
            ],
            [
              139.942425,
              35.3803535
            ],
            [
              139.9424364,
              35.380685
            ],
            [
              139.9424177,
              35.3809138
            ],
            [
              139.9424099,
              35.3810256
            ],
            [
              139.9423959,
              35.381145
            ],
            [
              139.9423619,
              35.3813476
            ],
            [
              139.9423136,
              35.3816009
            ],
            [
              139.9421705,
              35.382363
            ],
            [
              139.9421464,
              35.3824863
            ],
            [
              139.9419075,
              35.3837051
            ],
            [
              139.9418211,
              35.38415
            ],
            [
              139.9412763,
              35.3868811
            ],
            [
              139.9411557,
              35.3876796
            ],
            [
              139.9410638,
              35.3884842
            ],
            [
              139.9409041,
              35.3901242
            ],
            [
              139.940835,
              35.3909799
            ],
            [
              139.940822,
              35.3912373
            ],
            [
              139.9408209,
              35.3915965
            ],
            [
              139.9408257,
              35.3917313
            ],
            [
              139.9408338,
              35.3919584
            ],
            [
              139.9409375,
              35.3932145
            ],
            [
              139.940992,
              35.3938739
            ],
            [
              139.9410513,
              35.3945904
            ],
            [
              139.9413007,
              35.3972006
            ],
            [
              139.9413669,
              35.3978937
            ],
            [
              139.9416495,
              35.4011002
            ],
            [
              139.9417117,
              35.4016664
            ],
            [
              139.941796,
              35.4021994
            ],
            [
              139.9419017,
              35.402594
            ],
            [
              139.942028,
              35.402965
            ],
            [
              139.9421516,
              35.4032729
            ],
            [
              139.9424412,
              35.4037879
            ],
            [
              139.942657,
              35.4040966
            ],
            [
              139.9428534,
              35.4043394
            ],
            [
              139.942971,
              35.4044848
            ],
            [
              139.9437188,
              35.4052698
            ],
            [
              139.9444974,
              35.4060694
            ],
            [
              139.9448618,
              35.4064436
            ],
            [
              139.9449798,
              35.4065673
            ],
            [
              139.9452432,
              35.4068433
            ],
            [
              139.9457176,
              35.4072886
            ],
            [
              139.9462274,
              35.4076962
            ],
            [
              139.9467643,
              35.4080741
            ],
            [
              139.9469528,
              35.4081801
            ],
            [
              139.9474223,
              35.4084005
            ],
            [
              139.9479976,
              35.4086451
            ],
            [
              139.9486712,
              35.4088675
            ],
            [
              139.9499573,
              35.4092143
            ],
            [
              139.9506921,
              35.4093909
            ],
            [
              139.9510092,
              35.409468
            ],
            [
              139.9517703,
              35.4096736
            ],
            [
              139.9522037,
              35.4098219
            ],
            [
              139.9526608,
              35.41001
            ],
            [
              139.9533513,
              35.4103482
            ],
            [
              139.9540586,
              35.4108007
            ],
            [
              139.9544446,
              35.4111376
            ],
            [
              139.9545551,
              35.4112317
            ],
            [
              139.9549441,
              35.4116453
            ],
            [
              139.9552246,
              35.411996
            ],
            [
              139.9554543,
              35.4123532
            ],
            [
              139.9555921,
              35.4126104
            ],
            [
              139.9557492,
              35.4129505
            ],
            [
              139.9557805,
              35.41303
            ],
            [
              139.9559069,
              35.4133322
            ],
            [
              139.9559689,
              35.4135112
            ],
            [
              139.9563867,
              35.414718
            ],
            [
              139.9564476,
              35.4148939
            ],
            [
              139.9568933,
              35.4162883
            ],
            [
              139.9569946,
              35.4166053
            ],
            [
              139.957237,
              35.4173639
            ],
            [
              139.9573847,
              35.4178072
            ],
            [
              139.9576603,
              35.4186182
            ],
            [
              139.9578122,
              35.4190825
            ],
            [
              139.9579659,
              35.4194991
            ],
            [
              139.958091,
              35.4198306
            ],
            [
              139.9581719,
              35.4200134
            ],
            [
              139.9583111,
              35.4203279
            ],
            [
              139.9586162,
              35.4208823
            ],
            [
              139.9589861,
              35.4214638
            ],
            [
              139.9596449,
              35.4224124
            ],
            [
              139.9599806,
              35.4228958
            ],
            [
              139.9604525,
              35.4235751
            ],
            [
              139.9615616,
              35.4251775
            ],
            [
              139.9626111,
              35.4266854
            ],
            [
              139.9631706,
              35.4274891
            ],
            [
              139.9639336,
              35.4285468
            ],
            [
              139.9646881,
              35.429613
            ],
            [
              139.9653065,
              35.4303038
            ],
            [
              139.96573,
              35.4307563
            ],
            [
              139.9661243,
              35.4311083
            ],
            [
              139.9665983,
              35.4314852
            ],
            [
              139.9670723,
              35.4318622
            ],
            [
              139.9672758,
              35.4320057
            ],
            [
              139.9675556,
              35.432202
            ],
            [
              139.9683151,
              35.4327067
            ],
            [
              139.9687126,
              35.433033
            ],
            [
              139.9691585,
              35.4334831
            ],
            [
              139.9694495,
              35.4338226
            ],
            [
              139.9696542,
              35.4341226
            ],
            [
              139.969776,
              35.4343401
            ],
            [
              139.9700757,
              35.4349344
            ],
            [
              139.970272,
              35.4354736
            ],
            [
              139.9703467,
              35.4357919
            ],
            [
              139.9704404,
              35.4362588
            ],
            [
              139.9705999,
              35.4370324
            ],
            [
              139.9709664,
              35.4388055
            ],
            [
              139.9713323,
              35.440621
            ],
            [
              139.9713491,
              35.4406948
            ],
            [
              139.971357,
              35.4407299
            ],
            [
              139.9713969,
              35.4409326
            ],
            [
              139.9715781,
              35.4417056
            ],
            [
              139.971628,
              35.4419027
            ],
            [
              139.9717042,
              35.4421123
            ],
            [
              139.9718514,
              35.442385
            ],
            [
              139.9720632,
              35.4426743
            ],
            [
              139.9722697,
              35.4428912
            ],
            [
              139.9725272,
              35.443112
            ],
            [
              139.9727173,
              35.4432406
            ],
            [
              139.9729818,
              35.4433918
            ],
            [
              139.973131,
              35.4434727
            ],
            [
              139.9755145,
              35.4445065
            ],
            [
              139.9766126,
              35.4449827
            ],
            [
              139.9808075,
              35.446766
            ],
            [
              139.9820513,
              35.4472947
            ],
            [
              139.9829284,
              35.4476692
            ],
            [
              139.9839633,
              35.4481257
            ],
            [
              139.9849678,
              35.448529
            ],
            [
              139.9861577,
              35.4490695
            ],
            [
              139.9887209,
              35.450054
            ],
            [
              139.9899121,
              35.4505225
            ],
            [
              139.9910307,
              35.4509875
            ],
            [
              139.9916859,
              35.4512517
            ],
            [
              139.9936146,
              35.4520139
            ],
            [
              139.994184,
              35.4522308
            ],
            [
              139.9947397,
              35.4524568
            ],
            [
              139.9948944,
              35.4525197
            ],
            [
              139.9950565,
              35.4525798
            ],
            [
              139.9964319,
              35.4530901
            ],
            [
              139.9979529,
              35.4536948
            ],
            [
              139.9997003,
              35.4543775
            ],
            [
              140.0003342,
              35.4546319
            ],
            [
              140.0010009,
              35.4548948
            ],
            [
              140.0011519,
              35.4549577
            ],
            [
              140.0019377,
              35.4552849
            ],
            [
              140.0038197,
              35.4560685
            ],
            [
              140.0038922,
              35.4560987
            ],
            [
              140.0039918,
              35.4561458
            ],
            [
              140.0055204,
              35.4568691
            ],
            [
              140.00731,
              35.4577774
            ],
            [
              140.0090998,
              35.458692
            ],
            [
              140.0105496,
              35.4595089
            ],
            [
              140.0107702,
              35.4596331
            ],
            [
              140.0109154,
              35.4597149
            ],
            [
              140.0137336,
              35.4613258
            ],
            [
              140.0158972,
              35.4625851
            ],
            [
              140.0162624,
              35.4627892
            ],
            [
              140.0188303,
              35.4642389
            ],
            [
              140.0193383,
              35.4645306
            ],
            [
              140.0205232,
              35.4652028
            ],
            [
              140.0207638,
              35.4653369
            ],
            [
              140.0212837,
              35.4656265
            ],
            [
              140.0217887,
              35.4659339
            ],
            [
              140.0224201,
              35.4663327
            ],
            [
              140.0230655,
              35.4667626
            ],
            [
              140.023647,
              35.4672353
            ],
            [
              140.0243092,
              35.4677426
            ],
            [
              140.0246317,
              35.4679947
            ],
            [
              140.0248309,
              35.4681775
            ],
            [
              140.025024,
              35.4683658
            ],
            [
              140.0252837,
              35.4686588
            ],
            [
              140.025437,
              35.4688523
            ],
            [
              140.0257823,
              35.4692934
            ],
            [
              140.0258885,
              35.4694183
            ],
            [
              140.0278791,
              35.4718434
            ],
            [
              140.0283611,
              35.4724079
            ],
            [
              140.0299923,
              35.4744178
            ],
            [
              140.030879,
              35.4754796
            ],
            [
              140.031782,
              35.4765853
            ],
            [
              140.0328408,
              35.4778744
            ],
            [
              140.0348515,
              35.4803013
            ],
            [
              140.0369879,
              35.482934
            ],
            [
              140.0381547,
              35.484363
            ],
            [
              140.0382455,
              35.4844793
            ],
            [
              140.0383263,
              35.4845819
            ],
            [
              140.0403901,
              35.4871302
            ],
            [
              140.0412378,
              35.4881609
            ],
            [
              140.041754,
              35.4888273
            ],
            [
              140.0422581,
              35.4895273
            ],
            [
              140.0427325,
              35.4902831
            ],
            [
              140.0429553,
              35.4906813
            ],
            [
              140.0431739,
              35.4910499
            ],
            [
              140.0433712,
              35.4913863
            ],
            [
              140.0450654,
              35.4942991
            ],
            [
              140.0469827,
              35.4975013
            ],
            [
              140.0486796,
              35.5001996
            ],
            [
              140.0488274,
              35.5004373
            ],
            [
              140.0493972,
              35.5013382
            ],
            [
              140.0499782,
              35.502272
            ],
            [
              140.050057,
              35.5023912
            ],
            [
              140.0501636,
              35.5025602
            ],
            [
              140.0520013,
              35.5054665
            ],
            [
              140.0523684,
              35.5060522
            ],
            [
              140.0533892,
              35.5076557
            ],
            [
              140.0536889,
              35.5081539
            ],
            [
              140.0551084,
              35.5104045
            ],
            [
              140.0560968,
              35.5119751
            ],
            [
              140.0562468,
              35.5122115
            ],
            [
              140.056378,
              35.5124181
            ],
            [
              140.0576609,
              35.5144578
            ],
            [
              140.0581894,
              35.5153049
            ],
            [
              140.0583197,
              35.5155138
            ],
            [
              140.0584527,
              35.5157146
            ],
            [
              140.0585767,
              35.5159017
            ],
            [
              140.0590582,
              35.5166446
            ],
            [
              140.0595493,
              35.5173784
            ],
            [
              140.060271,
              35.5184978
            ],
            [
              140.0609743,
              35.5195892
            ],
            [
              140.0611048,
              35.5197804
            ],
            [
              140.062083,
              35.521278
            ],
            [
              140.0632607,
              35.5230267
            ],
            [
              140.0633555,
              35.5231755
            ],
            [
              140.0634427,
              35.5233019
            ],
            [
              140.0637224,
              35.5237134
            ],
            [
              140.0642663,
              35.524547
            ],
            [
              140.0651371,
              35.5258673
            ],
            [
              140.0653091,
              35.5261308
            ],
            [
              140.0656044,
              35.5265796
            ],
            [
              140.0657568,
              35.5268141
            ],
            [
              140.0662422,
              35.5275281
            ],
            [
              140.0663363,
              35.5276676
            ],
            [
              140.0664008,
              35.5277498
            ],
            [
              140.0664618,
              35.5278154
            ],
            [
              140.0665985,
              35.5279462
            ],
            [
              140.0668343,
              35.5281472
            ],
            [
              140.0669887,
              35.5282836
            ],
            [
              140.0671267,
              35.5284042
            ],
            [
              140.0673366,
              35.5285705
            ],
            [
              140.0675742,
              35.5287465
            ],
            [
              140.0679864,
              35.5289994
            ],
            [
              140.0684051,
              35.5292247
            ],
            [
              140.0687054,
              35.5293656
            ],
            [
              140.0690024,
              35.5294891
            ],
            [
              140.0692134,
              35.5295673
            ],
            [
              140.0697583,
              35.5297436
            ],
            [
              140.0702406,
              35.5298817
            ],
            [
              140.0706816,
              35.5300089
            ],
            [
              140.0710445,
              35.530097
            ],
            [
              140.0716753,
              35.5302388
            ],
            [
              140.0719533,
              35.5303051
            ],
            [
              140.0727237,
              35.5304886
            ],
            [
              140.0730653,
              35.5305795
            ],
            [
              140.0742935,
              35.5309311
            ],
            [
              140.0745514,
              35.5310094
            ],
            [
              140.0751199,
              35.5311819
            ],
            [
              140.0756422,
              35.5313636
            ],
            [
              140.0759247,
              35.5314663
            ],
            [
              140.076474,
              35.5316734
            ],
            [
              140.0786726,
              35.5325747
            ],
            [
              140.0788453,
              35.5326383
            ],
            [
              140.078951,
              35.5326672
            ],
            [
              140.0790697,
              35.5326922
            ],
            [
              140.0792128,
              35.5327069
            ],
            [
              140.079335,
              35.5327093
            ],
            [
              140.079551,
              35.5327093
            ],
            [
              140.079865,
              35.5326996
            ],
            [
              140.0800554,
              35.5326878
            ],
            [
              140.0824047,
              35.5325352
            ],
            [
              140.083067,
              35.5324922
            ],
            [
              140.0835815,
              35.5324588
            ],
            [
              140.0851838,
              35.5323148
            ],
            [
              140.0864439,
              35.5322397
            ],
            [
              140.0866729,
              35.5322183
            ],
            [
              140.0869221,
              35.5321871
            ],
            [
              140.0870353,
              35.5321733
            ],
            [
              140.0871912,
              35.5321542
            ],
            [
              140.0876433,
              35.5320697
            ],
            [
              140.0880077,
              35.5319743
            ],
            [
              140.0883404,
              35.5318863
            ],
            [
              140.0885349,
              35.5318371
            ],
            [
              140.0893786,
              35.5315911
            ],
            [
              140.0915379,
              35.5309481
            ],
            [
              140.0927975,
              35.5305748
            ],
            [
              140.0933397,
              35.5303829
            ],
            [
              140.094098,
              35.5300831
            ],
            [
              140.0945041,
              35.5298717
            ],
            [
              140.0951372,
              35.5295157
            ],
            [
              140.0954456,
              35.5293041
            ],
            [
              140.0956749,
              35.5291468
            ],
            [
              140.0957975,
              35.5290575
            ],
            [
              140.095901,
              35.5289762
            ],
            [
              140.0960039,
              35.5288935
            ],
            [
              140.0960698,
              35.5288341
            ],
            [
              140.0961248,
              35.528788
            ],
            [
              140.0961898,
              35.5287374
            ],
            [
              140.0962964,
              35.5286624
            ],
            [
              140.0964167,
              35.528591
            ],
            [
              140.0965207,
              35.5285409
            ],
            [
              140.0966513,
              35.5284862
            ],
            [
              140.0968015,
              35.5284352
            ],
            [
              140.0968995,
              35.5284114
            ],
            [
              140.0969916,
              35.5283915
            ],
            [
              140.0970708,
              35.5283761
            ],
            [
              140.097177,
              35.5283635
            ],
            [
              140.097261,
              35.5283569
            ],
            [
              140.0973331,
              35.5283538
            ],
            [
              140.0974228,
              35.5283533
            ],
            [
              140.0975092,
              35.5283563
            ],
            [
              140.0976192,
              35.5283663
            ],
            [
              140.0978391,
              35.5283966
            ],
            [
              140.0982987,
              35.5284627
            ],
            [
              140.0985005,
              35.5284928
            ],
            [
              140.098691,
              35.5285281
            ],
            [
              140.098722,
              35.5285338
            ],
            [
              140.0988767,
              35.5285696
            ],
            [
              140.0990018,
              35.5286071
            ],
            [
              140.0996571,
              35.5288854
            ],
            [
              140.100576,
              35.5293186
            ],
            [
              140.1008772,
              35.5294834
            ],
            [
              140.1012101,
              35.5296752
            ],
            [
              140.1014665,
              35.5298373
            ],
            [
              140.1017105,
              35.5300054
            ],
            [
              140.1024839,
              35.5305517
            ],
            [
              140.1031556,
              35.5310561
            ],
            [
              140.103428,
              35.5312536
            ],
            [
              140.1041249,
              35.531752
            ],
            [
              140.1042027,
              35.5318076
            ],
            [
              140.1042751,
              35.5318603
            ],
            [
              140.1080377,
              35.5346002
            ],
            [
              140.1086548,
              35.5350496
            ],
            [
              140.1090251,
              35.5353188
            ],
            [
              140.1093437,
              35.5355536
            ],
            [
              140.1098738,
              35.5359437
            ],
            [
              140.1102244,
              35.5362014
            ],
            [
              140.110349,
              35.5362933
            ],
            [
              140.1104642,
              35.5363865
            ],
            [
              140.1109422,
              35.5367322
            ],
            [
              140.111166,
              35.5368948
            ],
            [
              140.1115616,
              35.5371984
            ],
            [
              140.111743,
              35.5373386
            ],
            [
              140.1119173,
              35.5374817
            ],
            [
              140.1123599,
              35.5378553
            ],
            [
              140.1126182,
              35.538087
            ],
            [
              140.1131339,
              35.5385363
            ],
            [
              140.1136812,
              35.5390183
            ],
            [
              140.1142927,
              35.5395532
            ],
            [
              140.1146292,
              35.539847
            ],
            [
              140.1148329,
              35.540026
            ],
            [
              140.1149627,
              35.5401392
            ],
            [
              140.1151754,
              35.5403222
            ],
            [
              140.1153019,
              35.5404393
            ],
            [
              140.1158122,
              35.5408807
            ],
            [
              140.1161901,
              35.5412158
            ],
            [
              140.1165788,
              35.5415568
            ],
            [
              140.1168404,
              35.541808
            ],
            [
              140.1170417,
              35.5420256
            ],
            [
              140.1175114,
              35.5426097
            ],
            [
              140.1182337,
              35.5434882
            ],
            [
              140.1187472,
              35.5441012
            ],
            [
              140.1191569,
              35.5445601
            ],
            [
              140.119383,
              35.5448183
            ],
            [
              140.1199649,
              35.5454759
            ],
            [
              140.1204623,
              35.5460636
            ],
            [
              140.1205386,
              35.5461575
            ],
            [
              140.1207069,
              35.5463381
            ],
            [
              140.1208997,
              35.5465544
            ],
            [
              140.121027,
              35.5467017
            ],
            [
              140.1211835,
              35.5468831
            ],
            [
              140.1214078,
              35.5471396
            ],
            [
              140.1217546,
              35.547526
            ],
            [
              140.12194,
              35.5477475
            ],
            [
              140.1222085,
              35.5480806
            ],
            [
              140.1225169,
              35.5483716
            ],
            [
              140.1226266,
              35.5484898
            ],
            [
              140.1228439,
              35.5487213
            ],
            [
              140.1229549,
              35.5488396
            ],
            [
              140.1233442,
              35.5492663
            ],
            [
              140.1237436,
              35.5497154
            ],
            [
              140.1239611,
              35.5499634
            ],
            [
              140.12414,
              35.5501925
            ],
            [
              140.1242081,
              35.5502702
            ],
            [
              140.1242546,
              35.5503001
            ],
            [
              140.1242758,
              35.5503035
            ],
            [
              140.1243255,
              35.5503117
            ],
            [
              140.1251823,
              35.5502046
            ],
            [
              140.1260308,
              35.5500868
            ],
            [
              140.1269754,
              35.549962
            ],
            [
              140.1287803,
              35.5497085
            ],
            [
              140.130731,
              35.5494576
            ],
            [
              140.131361,
              35.5493738
            ],
            [
              140.1335821,
              35.5490752
            ],
            [
              140.1338894,
              35.5490437
            ],
            [
              140.1341053,
              35.5490273
            ],
            [
              140.1343256,
              35.5490192
            ],
            [
              140.1345086,
              35.5490163
            ],
            [
              140.1347014,
              35.5490231
            ],
            [
              140.1348082,
              35.5490375
            ],
            [
              140.1349257,
              35.5490605
            ],
            [
              140.1352513,
              35.5491481
            ],
            [
              140.1355177,
              35.549232
            ],
            [
              140.135713,
              35.5493143
            ],
            [
              140.1359132,
              35.5494224
            ],
            [
              140.1360738,
              35.5495258
            ],
            [
              140.1362084,
              35.549625
            ],
            [
              140.1363102,
              35.5497062
            ],
            [
              140.1364422,
              35.5498303
            ],
            [
              140.136594,
              35.5499939
            ],
            [
              140.1369652,
              35.5504251
            ],
            [
              140.1374772,
              35.5510374
            ],
            [
              140.13754,
              35.5511065
            ],
            [
              140.1375816,
              35.5511643
            ],
            [
              140.1379163,
              35.5515604
            ],
            [
              140.138724,
              35.5525215
            ],
            [
              140.1391452,
              35.5530438
            ],
            [
              140.1392079,
              35.5531282
            ],
            [
              140.1392784,
              35.553236
            ],
            [
              140.1393582,
              35.5533677
            ],
            [
              140.1394055,
              35.5534714
            ],
            [
              140.1394577,
              35.5535811
            ],
            [
              140.1394929,
              35.5536761
            ],
            [
              140.1395204,
              35.5537738
            ],
            [
              140.1395406,
              35.553887
            ],
            [
              140.1395624,
              35.5540013
            ],
            [
              140.1395787,
              35.5541223
            ],
            [
              140.1395842,
              35.554228
            ],
            [
              140.1395803,
              35.5543643
            ],
            [
              140.1395237,
              35.554851
            ],
            [
              140.139396,
              35.5556177
            ],
            [
              140.139224,
              35.5567732
            ],
            [
              140.1390388,
              35.5576279
            ],
            [
              140.138891,
              35.5586869
            ],
            [
              140.1388674,
              35.558868
            ],
            [
              140.1388498,
              35.5590213
            ],
            [
              140.1387952,
              35.5594129
            ],
            [
              140.1387401,
              35.5596709
            ],
            [
              140.1386947,
              35.5599199
            ],
            [
              140.1385796,
              35.5603946
            ],
            [
              140.1385073,
              35.5606282
            ],
            [
              140.1383671,
              35.5610385
            ],
            [
              140.1382848,
              35.56132
            ],
            [
              140.138193,
              35.5616711
            ],
            [
              140.1381494,
              35.5619093
            ],
            [
              140.1380982,
              35.5622161
            ],
            [
              140.1380708,
              35.5624467
            ],
            [
              140.138035,
              35.5627732
            ],
            [
              140.1380111,
              35.5632288
            ],
            [
              140.1380056,
              35.5633346
            ],
            [
              140.1380067,
              35.5638377
            ],
            [
              140.137992,
              35.5640938
            ],
            [
              140.1379649,
              35.5643003
            ],
            [
              140.1379502,
              35.5644431
            ],
            [
              140.1379257,
              35.5646314
            ],
            [
              140.1378463,
              35.565153
            ],
            [
              140.1378187,
              35.5653532
            ],
            [
              140.1377451,
              35.5657541
            ],
            [
              140.1376775,
              35.5661628
            ],
            [
              140.1376107,
              35.5665959
            ],
            [
              140.1375928,
              35.5669007
            ],
            [
              140.1375813,
              35.5676064
            ],
            [
              140.1375961,
              35.5680992
            ],
            [
              140.1376224,
              35.5683295
            ],
            [
              140.1376605,
              35.5685061
            ],
            [
              140.1376953,
              35.5686808
            ],
            [
              140.1377409,
              35.5688638
            ],
            [
              140.1377898,
              35.5690229
            ],
            [
              140.1378995,
              35.5693961
            ],
            [
              140.1379861,
              35.5696273
            ],
            [
              140.138059,
              35.5697979
            ],
            [
              140.1381382,
              35.5699657
            ],
            [
              140.138222,
              35.5701164
            ],
            [
              140.1383289,
              35.5702857
            ],
            [
              140.138445,
              35.5704494
            ],
            [
              140.1386737,
              35.5707489
            ],
            [
              140.1388962,
              35.5709829
            ],
            [
              140.1390846,
              35.5711612
            ],
            [
              140.1394292,
              35.5714834
            ],
            [
              140.1395703,
              35.5716234
            ],
            [
              140.1399344,
              35.5719541
            ],
            [
              140.1416597,
              35.5736049
            ],
            [
              140.1426043,
              35.5745334
            ],
            [
              140.1429547,
              35.5748811
            ],
            [
              140.1431972,
              35.5751408
            ],
            [
              140.1440024,
              35.5758971
            ],
            [
              140.1440901,
              35.5759915
            ],
            [
              140.1444131,
              35.5763034
            ],
            [
              140.1450273,
              35.5768965
            ],
            [
              140.1452198,
              35.5770824
            ],
            [
              140.1462369,
              35.5780645
            ],
            [
              140.1467641,
              35.5786249
            ],
            [
              140.1470929,
              35.5789849
            ],
            [
              140.1473236,
              35.5792466
            ],
            [
              140.1474877,
              35.5794631
            ],
            [
              140.1476494,
              35.5796786
            ],
            [
              140.1478367,
              35.5799597
            ],
            [
              140.1479762,
              35.5802127
            ],
            [
              140.1480704,
              35.5804069
            ],
            [
              140.148175,
              35.5806362
            ],
            [
              140.1482777,
              35.580917
            ],
            [
              140.1483729,
              35.5812349
            ],
            [
              140.1484286,
              35.5815002
            ],
            [
              140.1484623,
              35.5816913
            ],
            [
              140.1484879,
              35.5819364
            ],
            [
              140.1484984,
              35.5821312
            ],
            [
              140.1485068,
              35.5823095
            ],
            [
              140.1484996,
              35.5825149
            ],
            [
              140.1484943,
              35.5826738
            ],
            [
              140.148472,
              35.5828358
            ],
            [
              140.1484458,
              35.5830056
            ],
            [
              140.1484162,
              35.5831629
            ],
            [
              140.1483839,
              35.5833482
            ],
            [
              140.1483464,
              35.58347
            ],
            [
              140.1483068,
              35.5835987
            ],
            [
              140.1482079,
              35.5838807
            ],
            [
              140.1481579,
              35.5839994
            ],
            [
              140.1480651,
              35.58422
            ],
            [
              140.1478988,
              35.5845618
            ],
            [
              140.1477244,
              35.5848804
            ],
            [
              140.147451,
              35.5853582
            ],
            [
              140.1472429,
              35.5856975
            ],
            [
              140.1469257,
              35.5862359
            ],
            [
              140.1465707,
              35.586907
            ],
            [
              140.1463779,
              35.5872953
            ],
            [
              140.1462514,
              35.5875798
            ],
            [
              140.1461482,
              35.5878296
            ],
            [
              140.1460606,
              35.5880543
            ],
            [
              140.1460121,
              35.5881847
            ],
            [
              140.1459719,
              35.588306
            ],
            [
              140.1459356,
              35.588421
            ],
            [
              140.1458973,
              35.5885651
            ],
            [
              140.1458475,
              35.5887771
            ],
            [
              140.1458154,
              35.5889647
            ],
            [
              140.1457925,
              35.589106
            ],
            [
              140.1457853,
              35.5892106
            ],
            [
              140.1457769,
              35.5893794
            ],
            [
              140.1457746,
              35.5895015
            ],
            [
              140.1457776,
              35.5896069
            ],
            [
              140.1457864,
              35.5897096
            ],
            [
              140.1458179,
              35.5899257
            ],
            [
              140.1458607,
              35.5901174
            ],
            [
              140.1459872,
              35.5904966
            ],
            [
              140.1460472,
              35.5906421
            ],
            [
              140.1462476,
              35.591126
            ],
            [
              140.1463036,
              35.591278
            ],
            [
              140.1463927,
              35.5915194
            ],
            [
              140.1466449,
              35.5921359
            ],
            [
              140.1467204,
              35.5923063
            ],
            [
              140.146758,
              35.5924224
            ],
            [
              140.1467893,
              35.5925287
            ],
            [
              140.146878,
              35.5927758
            ],
            [
              140.1469897,
              35.5930977
            ],
            [
              140.1470031,
              35.5931363
            ],
            [
              140.147211,
              35.5937351
            ],
            [
              140.1474375,
              35.5943885
            ],
            [
              140.1477105,
              35.5952496
            ],
            [
              140.1478385,
              35.595687
            ],
            [
              140.1480411,
              35.5965355
            ],
            [
              140.148166,
              35.5970094
            ],
            [
              140.148266,
              35.5972914
            ],
            [
              140.1485931,
              35.5980691
            ],
            [
              140.1486181,
              35.5981286
            ],
            [
              140.1486412,
              35.5981889
            ],
            [
              140.1488731,
              35.5987954
            ],
            [
              140.1492855,
              35.6000545
            ],
            [
              140.1496232,
              35.6011397
            ],
            [
              140.1498782,
              35.6018563
            ],
            [
              140.1503294,
              35.6031448
            ],
            [
              140.1505652,
              35.6037984
            ],
            [
              140.1507585,
              35.6045431
            ],
            [
              140.1508857,
              35.6050156
            ],
            [
              140.1509607,
              35.6052416
            ],
            [
              140.1510954,
              35.605612
            ],
            [
              140.1511591,
              35.605772
            ],
            [
              140.15151,
              35.6066639
            ],
            [
              140.1516589,
              35.6070868
            ],
            [
              140.1518537,
              35.6076101
            ],
            [
              140.1520343,
              35.6080858
            ],
            [
              140.1521604,
              35.608388
            ],
            [
              140.1521995,
              35.6084816
            ],
            [
              140.1522434,
              35.6085919
            ],
            [
              140.1525371,
              35.6093299
            ],
            [
              140.1527017,
              35.6098046
            ],
            [
              140.1527681,
              35.610028
            ],
            [
              140.1528223,
              35.6102331
            ],
            [
              140.1528918,
              35.6105232
            ],
            [
              140.1529383,
              35.6107753
            ],
            [
              140.1529751,
              35.6110475
            ],
            [
              140.1529921,
              35.6113579
            ],
            [
              140.152993,
              35.6117488
            ],
            [
              140.1529713,
              35.6119863
            ],
            [
              140.152939,
              35.6122131
            ],
            [
              140.1528829,
              35.61251
            ],
            [
              140.152824,
              35.6127504
            ],
            [
              140.1527437,
              35.6130138
            ],
            [
              140.1526554,
              35.6132563
            ],
            [
              140.1525035,
              35.6135647
            ],
            [
              140.1523647,
              35.6138284
            ],
            [
              140.1522377,
              35.614016
            ],
            [
              140.1520056,
              35.6143302
            ],
            [
              140.1516622,
              35.6147657
            ],
            [
              140.1516058,
              35.6148388
            ],
            [
              140.1515171,
              35.6149412
            ],
            [
              140.1511651,
              35.6153724
            ],
            [
              140.1506019,
              35.6160003
            ],
            [
              140.1500112,
              35.6166529
            ],
            [
              140.1491908,
              35.6175503
            ],
            [
              140.149087,
              35.6176563
            ],
            [
              140.1489892,
              35.6177511
            ],
            [
              140.1488555,
              35.6179055
            ],
            [
              140.1486714,
              35.6181195
            ],
            [
              140.1473368,
              35.6195824
            ],
            [
              140.146493,
              35.6204525
            ],
            [
              140.1459117,
              35.6210165
            ],
            [
              140.1445614,
              35.6223606
            ],
            [
              140.143975,
              35.6229024
            ],
            [
              140.1437662,
              35.6230746
            ],
            [
              140.1435353,
              35.6232222
            ],
            [
              140.1433084,
              35.6233671
            ],
            [
              140.143062,
              35.6235166
            ],
            [
              140.1419317,
              35.6241419
            ],
            [
              140.1415827,
              35.624334
            ],
            [
              140.1406421,
              35.6248236
            ],
            [
              140.1401023,
              35.6250883
            ],
            [
              140.1395383,
              35.625337
            ],
            [
              140.1388988,
              35.6256156
            ],
            [
              140.1370212,
              35.626406
            ],
            [
              140.1366481,
              35.6265564
            ],
            [
              140.1362911,
              35.6267004
            ],
            [
              140.1352727,
              35.6271111
            ],
            [
              140.1345204,
              35.6274153
            ],
            [
              140.1335516,
              35.6277859
            ],
            [
              140.1333854,
              35.6278497
            ],
            [
              140.1330273,
              35.6279873
            ],
            [
              140.1325194,
              35.6282045
            ],
            [
              140.1316277,
              35.62859
            ],
            [
              140.1310698,
              35.6288031
            ],
            [
              140.13067,
              35.6289506
            ],
            [
              140.1303579,
              35.6290899
            ],
            [
              140.1298316,
              35.629327
            ],
            [
              140.1293859,
              35.6295489
            ],
            [
              140.1289993,
              35.6297714
            ],
            [
              140.1275399,
              35.6307869
            ],
            [
              140.1269966,
              35.6311649
            ],
            [
              140.1267904,
              35.6313033
            ],
            [
              140.1265291,
              35.6314652
            ],
            [
              140.1263221,
              35.6316175
            ],
            [
              140.1260342,
              35.6318294
            ],
            [
              140.1256759,
              35.6320953
            ],
            [
              140.1251808,
              35.6325091
            ],
            [
              140.124851,
              35.6328051
            ],
            [
              140.1247422,
              35.6329027
            ],
            [
              140.1243235,
              35.6332778
            ],
            [
              140.1240283,
              35.6335114
            ],
            [
              140.1237318,
              35.6337585
            ],
            [
              140.1231185,
              35.6342738
            ],
            [
              140.1214659,
              35.635601
            ],
            [
              140.1175287,
              35.6386956
            ],
            [
              140.1158818,
              35.6400188
            ],
            [
              140.1146292,
              35.6410193
            ],
            [
              140.1139775,
              35.6415228
            ],
            [
              140.1137503,
              35.6417088
            ],
            [
              140.1135284,
              35.6418517
            ],
            [
              140.1134523,
              35.641884
            ],
            [
              140.1133686,
              35.6419147
            ],
            [
              140.113292,
              35.6419329
            ],
            [
              140.1132131,
              35.6419416
            ],
            [
              140.1131379,
              35.6419413
            ],
            [
              140.1130721,
              35.6419323
            ],
            [
              140.1129939,
              35.6419024
            ],
            [
              140.112931,
              35.6418764
            ],
            [
              140.1128732,
              35.6418414
            ],
            [
              140.1128146,
              35.6417884
            ],
            [
              140.1127733,
              35.6417233
            ],
            [
              140.1127466,
              35.6416497
            ],
            [
              140.1127413,
              35.6415755
            ],
            [
              140.1127585,
              35.6414985
            ],
            [
              140.1127978,
              35.6414321
            ],
            [
              140.1128406,
              35.6413755
            ],
            [
              140.1128994,
              35.6413172
            ],
            [
              140.1129825,
              35.6412796
            ],
            [
              140.1130546,
              35.6412569
            ],
            [
              140.1131552,
              35.6412435
            ],
            [
              140.1132371,
              35.6412447
            ],
            [
              140.1133162,
              35.6412524
            ],
            [
              140.1134138,
              35.6412704
            ],
            [
              140.1135349,
              35.6412926
            ],
            [
              140.1138118,
              35.6415751
            ],
            [
              140.1141786,
              35.641942
            ],
            [
              140.1141936,
              35.6419559
            ],
            [
              140.114329,
              35.6420807
            ],
            [
              140.1144401,
              35.6421833
            ],
            [
              140.1145679,
              35.6422946
            ],
            [
              140.1146327,
              35.642357
            ],
            [
              140.1148859,
              35.6426296
            ],
            [
              140.1149933,
              35.6427661
            ],
            [
              140.1151432,
              35.6429567
            ],
            [
              140.1153614,
              35.6432306
            ],
            [
              140.1155826,
              35.6435082
            ],
            [
              140.1156126,
              35.6435459
            ],
            [
              140.1156543,
              35.6435982
            ],
            [
              140.1157386,
              35.6437126
            ],
            [
              140.1162103,
              35.6443237
            ],
            [
              140.116412,
              35.644623
            ],
            [
              140.1165953,
              35.6448998
            ],
            [
              140.1166571,
              35.6449919
            ],
            [
              140.1168764,
              35.6453824
            ],
            [
              140.1169611,
              35.6455714
            ],
            [
              140.1172692,
              35.6463183
            ],
            [
              140.1174131,
              35.6466777
            ],
            [
              140.117682,
              35.6473408
            ],
            [
              140.1177837,
              35.6475919
            ],
            [
              140.1178238,
              35.6476927
            ],
            [
              140.1179444,
              35.6480755
            ],
            [
              140.1180014,
              35.6483194
            ],
            [
              140.1180587,
              35.6487902
            ],
            [
              140.1180701,
              35.6489034
            ],
            [
              140.1180796,
              35.6490159
            ],
            [
              140.1182045,
              35.650309
            ],
            [
              140.1182912,
              35.6514186
            ],
            [
              140.11831,
              35.651659
            ],
            [
              140.1183201,
              35.6517395
            ],
            [
              140.118397,
              35.6518905
            ]
          ],
          [
            [
              140.1184261,
              35.66204
            ],
            [
              140.1183522,
              35.6622315
            ],
            [
              140.1183138,
              35.6625699
            ],
            [
              140.1182981,
              35.6627029
            ],
            [
              140.1182793,
              35.6628478
            ],
            [
              140.1182084,
              35.6634294
            ],
            [
              140.1182004,
              35.6636363
            ],
            [
              140.1181974,
              35.6638391
            ],
            [
              140.118227,
              35.6640919
            ],
            [
              140.1183015,
              35.6643828
            ],
            [
              140.1184119,
              35.6646612
            ],
            [
              140.1185504,
              35.6649412
            ],
            [
              140.1193014,
              35.6664361
            ],
            [
              140.1201927,
              35.6680968
            ],
            [
              140.1205232,
              35.6687333
            ],
            [
              140.1205669,
              35.6688235
            ],
            [
              140.1210874,
              35.6698821
            ],
            [
              140.1212772,
              35.6702716
            ],
            [
              140.1216388,
              35.6710482
            ],
            [
              140.1216757,
              35.6711244
            ],
            [
              140.1219821,
              35.6717802
            ],
            [
              140.1224555,
              35.6727604
            ],
            [
              140.1226403,
              35.673134
            ],
            [
              140.1228774,
              35.6736088
            ],
            [
              140.1229894,
              35.6738496
            ],
            [
              140.1233421,
              35.6745817
            ],
            [
              140.123364,
              35.6746273
            ],
            [
              140.1234108,
              35.6747243
            ],
            [
              140.1234617,
              35.674829
            ],
            [
              140.123848,
              35.6756236
            ],
            [
              140.124306,
              35.6765659
            ],
            [
              140.1248388,
              35.6776619
            ],
            [
              140.1249985,
              35.6779904
            ],
            [
              140.1250244,
              35.6780436
            ],
            [
              140.1250539,
              35.6781044
            ],
            [
              140.1253035,
              35.6786313
            ],
            [
              140.1253955,
              35.6788089
            ],
            [
              140.1257504,
              35.6795568
            ],
            [
              140.1260608,
              35.6802066
            ],
            [
              140.1262515,
              35.6806058
            ],
            [
              140.126327,
              35.6807676
            ],
            [
              140.1265366,
              35.681194
            ],
            [
              140.1268143,
              35.6817637
            ],
            [
              140.1269924,
              35.6821275
            ],
            [
              140.1270734,
              35.6822921
            ],
            [
              140.1271583,
              35.6824556
            ],
            [
              140.1271793,
              35.6825002
            ],
            [
              140.1277045,
              35.6836032
            ],
            [
              140.1282336,
              35.6847052
            ],
            [
              140.1286989,
              35.6856739
            ],
            [
              140.1288326,
              35.6859674
            ],
            [
              140.1288875,
              35.6860881
            ],
            [
              140.1289474,
              35.6862091
            ],
            [
              140.129157,
              35.6866272
            ],
            [
              140.1292097,
              35.6867351
            ],
            [
              140.1292405,
              35.6867994
            ],
            [
              140.129273,
              35.6868648
            ],
            [
              140.1296187,
              35.6875593
            ],
            [
              140.1297151,
              35.6877602
            ],
            [
              140.1297893,
              35.6879358
            ],
            [
              140.1299189,
              35.6883691
            ],
            [
              140.1299474,
              35.688548
            ],
            [
              140.1299607,
              35.6887733
            ],
            [
              140.1299495,
              35.6890931
            ],
            [
              140.1298924,
              35.6893507
            ],
            [
              140.1297985,
              35.6896365
            ],
            [
              140.1296802,
              35.689885
            ],
            [
              140.1295048,
              35.6901725
            ],
            [
              140.1293253,
              35.6903912
            ],
            [
              140.1291346,
              35.6905785
            ],
            [
              140.1288139,
              35.6908259
            ],
            [
              140.1287701,
              35.6908598
            ],
            [
              140.1277413,
              35.6915207
            ],
            [
              140.1275959,
              35.6916127
            ],
            [
              140.1273992,
              35.6917373
            ],
            [
              140.1273302,
              35.6917809
            ],
            [
              140.1272154,
              35.6918536
            ],
            [
              140.1265512,
              35.6922835
            ],
            [
              140.1258603,
              35.6927251
            ],
            [
              140.125749,
              35.6927888
            ],
            [
              140.1251838,
              35.6931773
            ],
            [
              140.1249025,
              35.6934046
            ],
            [
              140.1247136,
              35.6935862
            ],
            [
              140.1245595,
              35.6937476
            ],
            [
              140.1243992,
              35.6939165
            ],
            [
              140.1239252,
              35.6944611
            ],
            [
              140.1238742,
              35.6945197
            ],
            [
              140.1237829,
              35.6946246
            ],
            [
              140.1236992,
              35.6947205
            ],
            [
              140.1231964,
              35.6952964
            ],
            [
              140.1224304,
              35.6961645
            ],
            [
              140.1223885,
              35.6962124
            ],
            [
              140.1214623,
              35.6972709
            ],
            [
              140.1210573,
              35.697733
            ],
            [
              140.1207383,
              35.698097
            ],
            [
              140.1204639,
              35.6984217
            ],
            [
              140.1202783,
              35.6986933
            ],
            [
              140.1201804,
              35.6988424
            ],
            [
              140.1200896,
              35.6989816
            ],
            [
              140.1199525,
              35.6992375
            ],
            [
              140.1198864,
              35.6993719
            ],
            [
              140.1198234,
              35.6995051
            ],
            [
              140.1197377,
              35.6997217
            ],
            [
              140.1196582,
              35.6999383
            ],
            [
              140.1194984,
              35.7005004
            ],
            [
              140.1194736,
              35.7005877
            ],
            [
              140.1194164,
              35.7008016
            ],
            [
              140.1194039,
              35.7008482
            ],
            [
              140.1193899,
              35.7009007
            ],
            [
              140.1193012,
              35.7012519
            ],
            [
              140.1192604,
              35.7015112
            ],
            [
              140.1192329,
              35.7017638
            ],
            [
              140.1192335,
              35.7020333
            ],
            [
              140.1192435,
              35.7022471
            ],
            [
              140.1192769,
              35.7025656
            ],
            [
              140.1192952,
              35.7026799
            ],
            [
              140.1193216,
              35.7028052
            ],
            [
              140.1193674,
              35.7029959
            ],
            [
              140.1194256,
              35.7031967
            ],
            [
              140.1197112,
              35.7041376
            ],
            [
              140.1199285,
              35.7048441
            ],
            [
              140.1200091,
              35.7051828
            ],
            [
              140.1200411,
              35.7053605
            ],
            [
              140.1200502,
              35.705421
            ],
            [
              140.1200591,
              35.7054741
            ],
            [
              140.1200691,
              35.7055773
            ],
            [
              140.1200772,
              35.7056723
            ],
            [
              140.1200917,
              35.7059118
            ],
            [
              140.1200898,
              35.7061307
            ],
            [
              140.1200813,
              35.7063728
            ],
            [
              140.1200613,
              35.7066224
            ],
            [
              140.1200178,
              35.706875
            ],
            [
              140.1199636,
              35.7071126
            ],
            [
              140.1196817,
              35.7081861
            ],
            [
              140.1196762,
              35.7082078
            ],
            [
              140.1196035,
              35.7084928
            ],
            [
              140.1193099,
              35.7096349
            ],
            [
              140.1192276,
              35.7099466
            ],
            [
              140.1190501,
              35.7106304
            ],
            [
              140.1189096,
              35.7111109
            ],
            [
              140.118842,
              35.7113287
            ],
            [
              140.1187585,
              35.7115858
            ],
            [
              140.1187256,
              35.7116842
            ],
            [
              140.1186676,
              35.7118415
            ],
            [
              140.1185812,
              35.7120665
            ],
            [
              140.1184356,
              35.7124248
            ],
            [
              140.1182992,
              35.7127606
            ],
            [
              140.1180841,
              35.713232
            ],
            [
              140.1178394,
              35.713728
            ],
            [
              140.1178163,
              35.7137765
            ],
            [
              140.1177769,
              35.713859
            ],
            [
              140.1176268,
              35.7141688
            ],
            [
              140.1174436,
              35.7145091
            ],
            [
              140.1173832,
              35.714632
            ],
            [
              140.1172097,
              35.7149617
            ],
            [
              140.1169631,
              35.7154694
            ],
            [
              140.1169222,
              35.7155672
            ],
            [
              140.1168641,
              35.7157073
            ],
            [
              140.1167847,
              35.7159171
            ],
            [
              140.1167309,
              35.7160758
            ],
            [
              140.1166206,
              35.7164324
            ],
            [
              140.1165512,
              35.7167703
            ],
            [
              140.1165012,
              35.7171667
            ],
            [
              140.1164798,
              35.7174518
            ],
            [
              140.1164637,
              35.7190092
            ],
            [
              140.1164542,
              35.7195812
            ],
            [
              140.1164526,
              35.7196486
            ],
            [
              140.1164488,
              35.7198176
            ],
            [
              140.1164328,
              35.7203052
            ],
            [
              140.1164306,
              35.7203466
            ],
            [
              140.1164278,
              35.7205091
            ],
            [
              140.1164269,
              35.7206701
            ],
            [
              140.1164175,
              35.721116
            ],
            [
              140.1164181,
              35.7213918
            ],
            [
              140.1164143,
              35.7216565
            ],
            [
              140.1164197,
              35.7219212
            ],
            [
              140.1164411,
              35.7221661
            ],
            [
              140.1164576,
              35.7222833
            ],
            [
              140.1164733,
              35.7223968
            ],
            [
              140.1165164,
              35.7226262
            ],
            [
              140.1165469,
              35.7227675
            ],
            [
              140.1165772,
              35.7228999
            ],
            [
              140.1166059,
              35.7230095
            ],
            [
              140.1166203,
              35.7230609
            ],
            [
              140.1166619,
              35.7232039
            ],
            [
              140.1167048,
              35.7233463
            ],
            [
              140.1169183,
              35.7240781
            ],
            [
              140.117119,
              35.7247941
            ],
            [
              140.1172641,
              35.7252941
            ],
            [
              140.1173901,
              35.7257268
            ],
            [
              140.1174037,
              35.7257738
            ],
            [
              140.1174505,
              35.7259355
            ],
            [
              140.1174955,
              35.7260896
            ],
            [
              140.1176479,
              35.7265782
            ],
            [
              140.1179353,
              35.7274701
            ],
            [
              140.1179823,
              35.7276247
            ],
            [
              140.1180927,
              35.7279884
            ],
            [
              140.1181285,
              35.7281061
            ],
            [
              140.1181622,
              35.7282172
            ],
            [
              140.1182181,
              35.7284334
            ],
            [
              140.1184981,
              35.72937
            ],
            [
              140.1187381,
              35.7301502
            ],
            [
              140.1188034,
              35.7303775
            ],
            [
              140.1190744,
              35.7312938
            ],
            [
              140.1192961,
              35.7320565
            ],
            [
              140.1203258,
              35.7355433
            ],
            [
              140.1204587,
              35.735977
            ],
            [
              140.1207103,
              35.7368481
            ],
            [
              140.1207711,
              35.737044
            ],
            [
              140.1208697,
              35.7373922
            ],
            [
              140.1208894,
              35.7374722
            ],
            [
              140.1212344,
              35.738622
            ],
            [
              140.121521,
              35.7395924
            ],
            [
              140.1217008,
              35.740207
            ],
            [
              140.1217172,
              35.7402634
            ],
            [
              140.1217221,
              35.7402762
            ],
            [
              140.1218105,
              35.7406012
            ],
            [
              140.1218505,
              35.7407639
            ],
            [
              140.1218765,
              35.7409065
            ],
            [
              140.121885,
              35.7409509
            ],
            [
              140.1219021,
              35.7410485
            ],
            [
              140.121952,
              35.7414905
            ],
            [
              140.1219735,
              35.7418366
            ],
            [
              140.1219724,
              35.7421553
            ],
            [
              140.1219378,
              35.7426338
            ],
            [
              140.1218684,
              35.7430991
            ],
            [
              140.1217656,
              35.7435374
            ],
            [
              140.1216564,
              35.7438984
            ],
            [
              140.1215789,
              35.7441194
            ],
            [
              140.1214515,
              35.7444163
            ],
            [
              140.1213484,
              35.7446397
            ],
            [
              140.1211862,
              35.7449349
            ],
            [
              140.1209914,
              35.7452623
            ],
            [
              140.1208272,
              35.7455234
            ],
            [
              140.1206483,
              35.7457692
            ],
            [
              140.1206053,
              35.7458246
            ],
            [
              140.1204955,
              35.7459675
            ],
            [
              140.1203775,
              35.7461035
            ],
            [
              140.1199571,
              35.7465444
            ],
            [
              140.119449,
              35.7470671
            ],
            [
              140.1188693,
              35.7476535
            ],
            [
              140.118426,
              35.7480919
            ],
            [
              140.1182913,
              35.7482268
            ],
            [
              140.1182133,
              35.7483037
            ],
            [
              140.1167695,
              35.7497633
            ],
            [
              140.1164923,
              35.7500354
            ],
            [
              140.115904,
              35.7506337
            ],
            [
              140.115887,
              35.750651
            ],
            [
              140.1151957,
              35.751346
            ],
            [
              140.1149617,
              35.7515868
            ],
            [
              140.1147634,
              35.7517909
            ],
            [
              140.1145223,
              35.752021
            ],
            [
              140.1144592,
              35.7520813
            ],
            [
              140.1143989,
              35.7521428
            ],
            [
              140.1135303,
              35.753029
            ],
            [
              140.1117369,
              35.7548523
            ],
            [
              140.1104692,
              35.756115
            ],
            [
              140.1101621,
              35.7564134
            ],
            [
              140.109854,
              35.7567133
            ],
            [
              140.1094609,
              35.7571047
            ],
            [
              140.1094218,
              35.7571449
            ],
            [
              140.1093193,
              35.7572509
            ],
            [
              140.1084348,
              35.7581294
            ],
            [
              140.107917,
              35.7586475
            ],
            [
              140.1078798,
              35.7586835
            ],
            [
              140.1077724,
              35.7587878
            ],
            [
              140.1076708,
              35.7588944
            ],
            [
              140.1070899,
              35.7595299
            ],
            [
              140.1062084,
              35.760427
            ],
            [
              140.1056006,
              35.7610345
            ],
            [
              140.1051978,
              35.761421
            ],
            [
              140.104479,
              35.7621648
            ],
            [
              140.1037141,
              35.7629403
            ],
            [
              140.103419,
              35.7632353
            ],
            [
              140.1027851,
              35.763875
            ],
            [
              140.1026655,
              35.7639862
            ],
            [
              140.1022748,
              35.7643665
            ],
            [
              140.1017142,
              35.764922
            ],
            [
              140.1016802,
              35.7649557
            ],
            [
              140.1015671,
              35.7650678
            ],
            [
              140.1000368,
              35.7666434
            ],
            [
              140.0989836,
              35.7677039
            ],
            [
              140.0986548,
              35.7680331
            ],
            [
              140.0981284,
              35.7685639
            ],
            [
              140.0980797,
              35.768613
            ],
            [
              140.0979709,
              35.7687228
            ],
            [
              140.0978902,
              35.7688018
            ],
            [
              140.0974746,
              35.7692098
            ],
            [
              140.0972995,
              35.7693631
            ],
            [
              140.0971903,
              35.769466
            ],
            [
              140.0970441,
              35.7695821
            ],
            [
              140.0964803,
              35.7700142
            ],
            [
              140.0963758,
              35.7700912
            ],
            [
              140.0941967,
              35.7716985
            ],
            [
              140.0916213,
              35.7735989
            ],
            [
              140.091147,
              35.7739415
            ],
            [
              140.0910029,
              35.7740494
            ],
            [
              140.0881758,
              35.7761287
            ],
            [
              140.0840049,
              35.7792145
            ],
            [
              140.0839285,
              35.779271
            ],
            [
              140.0838736,
              35.77931
            ],
            [
              140.0827905,
              35.780105
            ],
            [
              140.0827162,
              35.7801596
            ],
            [
              140.0826649,
              35.7801944
            ],
            [
              140.081337,
              35.7811726
            ],
            [
              140.0803548,
              35.781897
            ],
            [
              140.0778887,
              35.7837156
            ],
            [
              140.077304,
              35.7841506
            ],
            [
              140.0772682,
              35.7841773
            ],
            [
              140.0771381,
              35.7842713
            ],
            [
              140.0769889,
              35.7843784
            ],
            [
              140.0766913,
              35.7845922
            ],
            [
              140.0765279,
              35.7847184
            ],
            [
              140.0762792,
              35.7848945
            ],
            [
              140.0755419,
              35.7854401
            ],
            [
              140.0754416,
              35.785517
            ],
            [
              140.0744098,
              35.7862771
            ],
            [
              140.0736797,
              35.7868214
            ],
            [
              140.0734634,
              35.7869827
            ],
            [
              140.0733599,
              35.7870596
            ],
            [
              140.0730718,
              35.787264
            ],
            [
              140.0713642,
              35.7885236
            ],
            [
              140.0710478,
              35.7887568
            ],
            [
              140.0707789,
              35.7889537
            ],
            [
              140.0703516,
              35.7892665
            ],
            [
              140.0702868,
              35.789314
            ],
            [
              140.0701353,
              35.789425
            ],
            [
              140.0698485,
              35.789635
            ],
            [
              140.0697719,
              35.7896915
            ],
            [
              140.0696686,
              35.7897684
            ],
            [
              140.0695273,
              35.7898712
            ],
            [
              140.0690291,
              35.7902353
            ],
            [
              140.0683723,
              35.7907264
            ],
            [
              140.0682926,
              35.790786
            ],
            [
              140.0677171,
              35.7912163
            ],
            [
              140.0671546,
              35.791631
            ],
            [
              140.0667571,
              35.7919181
            ],
            [
              140.0662574,
              35.7922959
            ],
            [
              140.0659407,
              35.7925354
            ],
            [
              140.0653989,
              35.7929222
            ],
            [
              140.0650993,
              35.793136
            ],
            [
              140.0647929,
              35.7933739
            ],
            [
              140.064373,
              35.7936739
            ],
            [
              140.0639635,
              35.7939685
            ],
            [
              140.0635991,
              35.7942307
            ],
            [
              140.0630404,
              35.794643
            ],
            [
              140.0616482,
              35.795687
            ],
            [
              140.061393,
              35.7958742
            ],
            [
              140.0610267,
              35.7961428
            ],
            [
              140.0608853,
              35.7962335
            ],
            [
              140.0603545,
              35.7965738
            ],
            [
              140.0602221,
              35.7966549
            ],
            [
              140.0600279,
              35.7967739
            ],
            [
              140.0592473,
              35.7971963
            ],
            [
              140.0581658,
              35.7977783
            ],
            [
              140.0570551,
              35.7983849
            ],
            [
              140.0552902,
              35.7993268
            ],
            [
              140.0551762,
              35.7993872
            ],
            [
              140.0544468,
              35.7997741
            ],
            [
              140.0542289,
              35.7999067
            ],
            [
              140.0538219,
              35.8001211
            ],
            [
              140.0531475,
              35.8004708
            ],
            [
              140.0522258,
              35.8009822
            ],
            [
              140.051453,
              35.8013828
            ],
            [
              140.0484432,
              35.8030225
            ],
            [
              140.046972,
              35.8038115
            ],
            [
              140.0462887,
              35.804162
            ],
            [
              140.0462125,
              35.8042011
            ],
            [
              140.0458524,
              35.8043858
            ],
            [
              140.0448871,
              35.8049357
            ],
            [
              140.0442017,
              35.8052988
            ],
            [
              140.0432969,
              35.8057863
            ],
            [
              140.0426454,
              35.8061374
            ],
            [
              140.0415803,
              35.8067113
            ],
            [
              140.0407119,
              35.8071742
            ],
            [
              140.0403443,
              35.8073762
            ],
            [
              140.0398182,
              35.8076653
            ],
            [
              140.039478,
              35.8078444
            ],
            [
              140.0390694,
              35.8080617
            ],
            [
              140.0385168,
              35.8083555
            ],
            [
              140.0383058,
              35.808466
            ],
            [
              140.0375404,
              35.8088809
            ],
            [
              140.0367605,
              35.8092907
            ],
            [
              140.0366025,
              35.809377
            ],
            [
              140.0363985,
              35.8094885
            ],
            [
              140.0352726,
              35.81009
            ],
            [
              140.0344892,
              35.810495
            ],
            [
              140.0343558,
              35.8105722
            ],
            [
              140.033802,
              35.8108928
            ],
            [
              140.0336023,
              35.8110254
            ],
            [
              140.0333668,
              35.8111676
            ],
            [
              140.0329627,
              35.8114627
            ],
            [
              140.0326822,
              35.8116886
            ],
            [
              140.0324387,
              35.8118985
            ],
            [
              140.0321185,
              35.8121953
            ],
            [
              140.0317944,
              35.8124888
            ],
            [
              140.0305591,
              35.8136942
            ],
            [
              140.0300854,
              35.8141515
            ],
            [
              140.029556,
              35.8146724
            ],
            [
              140.0290249,
              35.8151883
            ],
            [
              140.0282912,
              35.815901
            ],
            [
              140.0276829,
              35.8164922
            ],
            [
              140.0273471,
              35.8168004
            ],
            [
              140.025583,
              35.8185124
            ],
            [
              140.0244726,
              35.8195809
            ],
            [
              140.0240681,
              35.8199813
            ],
            [
              140.0231881,
              35.8208317
            ],
            [
              140.0218761,
              35.8220834
            ],
            [
              140.0208331,
              35.8231057
            ],
            [
              140.0206284,
              35.8233036
            ],
            [
              140.0201507,
              35.8237706
            ],
            [
              140.0195756,
              35.8243091
            ],
            [
              140.0184379,
              35.825411
            ],
            [
              140.0178549,
              35.8259757
            ],
            [
              140.0172326,
              35.8265824
            ],
            [
              140.0170465,
              35.8267649
            ],
            [
              140.0162483,
              35.8275422
            ],
            [
              140.0161366,
              35.8276514
            ],
            [
              140.0143234,
              35.8293965
            ],
            [
              140.0141093,
              35.8295986
            ],
            [
              140.0134234,
              35.8302444
            ],
            [
              140.0119468,
              35.8317156
            ],
            [
              140.0111563,
              35.8324932
            ],
            [
              140.0110789,
              35.8325693
            ],
            [
              140.0109974,
              35.832648
            ],
            [
              140.0085695,
              35.8349938
            ],
            [
              140.0081736,
              35.8353683
            ],
            [
              140.0075703,
              35.8359555
            ],
            [
              140.0073444,
              35.8361753
            ],
            [
              140.0068083,
              35.8366903
            ],
            [
              140.0065578,
              35.836946
            ],
            [
              140.0064854,
              35.8370228
            ],
            [
              140.0063022,
              35.8372044
            ],
            [
              140.0061875,
              35.8373181
            ],
            [
              140.0060682,
              35.8374364
            ],
            [
              140.0056776,
              35.837863
            ],
            [
              140.0053098,
              35.838254
            ],
            [
              140.0045034,
              35.8390638
            ],
            [
              140.0039377,
              35.8396401
            ],
            [
              140.0037362,
              35.8398456
            ],
            [
              140.0036152,
              35.8399708
            ],
            [
              140.0032738,
              35.8403305
            ],
            [
              140.0029465,
              35.8406869
            ],
            [
              140.0026733,
              35.8410052
            ],
            [
              140.0023867,
              35.8413082
            ],
            [
              140.001776,
              35.8419273
            ],
            [
              140.0000239,
              35.843659
            ],
            [
              139.9998128,
              35.8438712
            ],
            [
              139.9993485,
              35.8443281
            ],
            [
              139.9988916,
              35.8447819
            ],
            [
              139.9986905,
              35.8449835
            ],
            [
              139.9985326,
              35.8451397
            ],
            [
              139.9984543,
              35.8452222
            ],
            [
              139.9960229,
              35.8476368
            ],
            [
              139.9957611,
              35.8478968
            ],
            [
              139.9954552,
              35.8481952
            ],
            [
              139.9941647,
              35.849486
            ],
            [
              139.9940951,
              35.8495557
            ],
            [
              139.9936119,
              35.8500356
            ],
            [
              139.9916929,
              35.8519131
            ],
            [
              139.9915333,
              35.8520689
            ],
            [
              139.9914893,
              35.8521098
            ],
            [
              139.9901797,
              35.853417
            ],
            [
              139.9897721,
              35.8538224
            ],
            [
              139.9888811,
              35.854703
            ],
            [
              139.9888459,
              35.8547378
            ],
            [
              139.9883606,
              35.85525
            ],
            [
              139.9879127,
              35.8557401
            ],
            [
              139.9874882,
              35.8562301
            ],
            [
              139.9862889,
              35.8576078
            ],
            [
              139.9858177,
              35.8581679
            ],
            [
              139.9857535,
              35.8582442
            ],
            [
              139.9850401,
              35.859093
            ],
            [
              139.9846053,
              35.859585
            ],
            [
              139.9839236,
              35.8603693
            ],
            [
              139.9838464,
              35.8604645
            ],
            [
              139.9833862,
              35.8610031
            ],
            [
              139.9825844,
              35.8619708
            ],
            [
              139.9810831,
              35.8637529
            ],
            [
              139.98023,
              35.8647688
            ],
            [
              139.9801215,
              35.8648981
            ],
            [
              139.9797237,
              35.8653653
            ],
            [
              139.9794846,
              35.8656461
            ],
            [
              139.9792423,
              35.8659401
            ],
            [
              139.9787289,
              35.8665413
            ],
            [
              139.978453,
              35.8668567
            ],
            [
              139.978145,
              35.8672254
            ],
            [
              139.9777642,
              35.867667
            ],
            [
              139.9774661,
              35.8679834
            ],
            [
              139.9772184,
              35.8682485
            ],
            [
              139.9768425,
              35.868591
            ],
            [
              139.9765089,
              35.8688939
            ],
            [
              139.9762521,
              35.8691245
            ],
            [
              139.9759704,
              35.8693796
            ],
            [
              139.9757303,
              35.8695901
            ],
            [
              139.9756349,
              35.8696737
            ],
            [
              139.9752369,
              35.8700073
            ],
            [
              139.9751626,
              35.8700739
            ],
            [
              139.9751334,
              35.8701001
            ],
            [
              139.9750714,
              35.8701556
            ],
            [
              139.9749086,
              35.8702974
            ],
            [
              139.9746363,
              35.8705345
            ],
            [
              139.9741237,
              35.8710015
            ],
            [
              139.9739565,
              35.8711538
            ],
            [
              139.9725585,
              35.8724454
            ],
            [
              139.9722373,
              35.8727253
            ],
            [
              139.9717561,
              35.8731676
            ],
            [
              139.9713145,
              35.8735661
            ],
            [
              139.9712865,
              35.8735914
            ],
            [
              139.9711908,
              35.8736777
            ],
            [
              139.9711133,
              35.873747
            ],
            [
              139.9707345,
              35.8740858
            ],
            [
              139.9701767,
              35.8745873
            ],
            [
              139.9693533,
              35.8753411
            ],
            [
              139.969083,
              35.8756303
            ],
            [
              139.9688472,
              35.8759172
            ],
            [
              139.9685563,
              35.8763594
            ],
            [
              139.9682522,
              35.876888
            ],
            [
              139.9679358,
              35.8774195
            ],
            [
              139.9676606,
              35.8779118
            ],
            [
              139.9672553,
              35.8786418
            ],
            [
              139.9671641,
              35.8787899
            ],
            [
              139.9670586,
              35.878961
            ],
            [
              139.9665448,
              35.8798702
            ],
            [
              139.9662401,
              35.8804004
            ],
            [
              139.9660696,
              35.8807089
            ],
            [
              139.9650619,
              35.8824829
            ],
            [
              139.9647389,
              35.8830446
            ],
            [
              139.9646315,
              35.8832357
            ],
            [
              139.9642145,
              35.8839649
            ],
            [
              139.9637345,
              35.884805
            ],
            [
              139.9635823,
              35.8850709
            ],
            [
              139.9633055,
              35.8855609
            ],
            [
              139.9630976,
              35.8859305
            ],
            [
              139.9627145,
              35.8865889
            ],
            [
              139.962541,
              35.8869078
            ],
            [
              139.9622124,
              35.8874954
            ],
            [
              139.9621543,
              35.8875965
            ],
            [
              139.9620954,
              35.8876996
            ],
            [
              139.961856,
              35.8881188
            ],
            [
              139.9616864,
              35.8884091
            ],
            [
              139.9613443,
              35.8890091
            ],
            [
              139.9604963,
              35.8904941
            ],
            [
              139.9602957,
              35.8908383
            ],
            [
              139.9602365,
              35.8909408
            ],
            [
              139.9600939,
              35.8911813
            ],
            [
              139.9598182,
              35.8916027
            ],
            [
              139.9597935,
              35.8916411
            ],
            [
              139.9596971,
              35.8917719
            ],
            [
              139.9595729,
              35.8919371
            ],
            [
              139.959165,
              35.8924567
            ],
            [
              139.9589929,
              35.8926831
            ],
            [
              139.9584973,
              35.8932903
            ],
            [
              139.9580754,
              35.8938196
            ],
            [
              139.957947,
              35.8939806
            ],
            [
              139.9578546,
              35.8940957
            ],
            [
              139.9575498,
              35.8944777
            ],
            [
              139.957501,
              35.8945344
            ],
            [
              139.9574482,
              35.8946014
            ],
            [
              139.9571072,
              35.8950355
            ],
            [
              139.9569177,
              35.8952767
            ],
            [
              139.9567988,
              35.895428
            ],
            [
              139.956704,
              35.8955613
            ],
            [
              139.9565274,
              35.8957772
            ],
            [
              139.9563749,
              35.8959636
            ],
            [
              139.9561902,
              35.8961893
            ],
            [
              139.9561242,
              35.8962713
            ],
            [
              139.9560475,
              35.8963703
            ],
            [
              139.9559899,
              35.896443
            ],
            [
              139.9558665,
              35.8965987
            ],
            [
              139.9555783,
              35.8969621
            ],
            [
              139.9554081,
              35.8971767
            ],
            [
              139.9551299,
              35.8975354
            ],
            [
              139.9550989,
              35.8975754
            ],
            [
              139.9550344,
              35.8976585
            ],
            [
              139.9549649,
              35.8977452
            ],
            [
              139.9543608,
              35.8984991
            ],
            [
              139.9539796,
              35.8989748
            ],
            [
              139.9534337,
              35.8996799
            ],
            [
              139.9532553,
              35.8998965
            ],
            [
              139.9528276,
              35.9004155
            ],
            [
              139.9527582,
              35.9004997
            ],
            [
              139.9523062,
              35.9010643
            ],
            [
              139.9518886,
              35.9015044
            ],
            [
              139.9516053,
              35.9017978
            ],
            [
              139.9513629,
              35.9020102
            ],
            [
              139.9511161,
              35.9022263
            ],
            [
              139.9510824,
              35.902255
            ],
            [
              139.9510576,
              35.9022774
            ],
            [
              139.9509457,
              35.9023769
            ],
            [
              139.9506855,
              35.9025964
            ],
            [
              139.9504657,
              35.9027901
            ],
            [
              139.950057,
              35.9031223
            ],
            [
              139.9496653,
              35.9034082
            ],
            [
              139.9492728,
              35.90367
            ],
            [
              139.9491223,
              35.9037704
            ],
            [
              139.9486891,
              35.9040359
            ],
            [
              139.9484342,
              35.9041896
            ],
            [
              139.9476975,
              35.9045939
            ],
            [
              139.946343,
              35.9052419
            ],
            [
              139.9456057,
              35.9055817
            ],
            [
              139.9454278,
              35.9056637
            ],
            [
              139.9452639,
              35.9057272
            ],
            [
              139.9438101,
              35.9063963
            ],
            [
              139.9428339,
              35.9068485
            ],
            [
              139.9424394,
              35.9070293
            ],
            [
              139.9418699,
              35.9072962
            ],
            [
              139.9407604,
              35.9078052
            ],
            [
              139.9401744,
              35.9080507
            ],
            [
              139.9396408,
              35.9082901
            ],
            [
              139.939506,
              35.9083515
            ],
            [
              139.938851,
              35.9086608
            ],
            [
              139.9384387,
              35.908855
            ],
            [
              139.9379019,
              35.909116
            ],
            [
              139.9374182,
              35.9093434
            ],
            [
              139.9367253,
              35.9096689
            ],
            [
              139.9360842,
              35.9099645
            ],
            [
              139.9359367,
              35.9100313
            ],
            [
              139.9354705,
              35.9102439
            ],
            [
              139.9351565,
              35.910395
            ],
            [
              139.9347024,
              35.9106221
            ],
            [
              139.9342388,
              35.9108612
            ],
            [
              139.9339235,
              35.911029
            ],
            [
              139.9336497,
              35.9111781
            ],
            [
              139.9331526,
              35.9114795
            ],
            [
              139.9329971,
              35.9115758
            ],
            [
              139.9328539,
              35.9116638
            ],
            [
              139.932673,
              35.911775
            ],
            [
              139.9320113,
              35.9122247
            ],
            [
              139.9319639,
              35.912257
            ],
            [
              139.9311931,
              35.9128034
            ],
            [
              139.9305887,
              35.9132567
            ],
            [
              139.9303455,
              35.9134541
            ],
            [
              139.9302456,
              35.9135352
            ],
            [
              139.92956,
              35.9141938
            ],
            [
              139.9290305,
              35.9147208
            ],
            [
              139.9288335,
              35.9149201
            ],
            [
              139.9285901,
              35.9151909
            ],
            [
              139.9285012,
              35.9152919
            ],
            [
              139.9284612,
              35.9153284
            ],
            [
              139.9283066,
              35.9155137
            ],
            [
              139.9273874,
              35.9165094
            ],
            [
              139.9268036,
              35.9171959
            ],
            [
              139.9267375,
              35.9172706
            ],
            [
              139.9261075,
              35.9179835
            ],
            [
              139.9258281,
              35.9182813
            ],
            [
              139.9256972,
              35.9184134
            ],
            [
              139.9254356,
              35.9186748
            ],
            [
              139.9253767,
              35.9187331
            ],
            [
              139.9253131,
              35.9187923
            ],
            [
              139.9252212,
              35.918881
            ],
            [
              139.9251743,
              35.918927
            ],
            [
              139.9250128,
              35.9190743
            ],
            [
              139.9249332,
              35.9191495
            ],
            [
              139.924589,
              35.9194555
            ],
            [
              139.9243726,
              35.9196368
            ],
            [
              139.9239373,
              35.9200043
            ],
            [
              139.9237689,
              35.9201314
            ],
            [
              139.9235666,
              35.9202817
            ],
            [
              139.9233557,
              35.9204389
            ],
            [
              139.923156,
              35.9205841
            ],
            [
              139.9229968,
              35.9206951
            ],
            [
              139.9229275,
              35.9207434
            ],
            [
              139.9225512,
              35.9209919
            ],
            [
              139.9218246,
              35.9214482
            ],
            [
              139.9210712,
              35.921874
            ],
            [
              139.9207198,
              35.922046
            ],
            [
              139.9201135,
              35.922351
            ],
            [
              139.9200035,
              35.9224063
            ],
            [
              139.9191099,
              35.9227976
            ],
            [
              139.9185637,
              35.9230106
            ],
            [
              139.9174309,
              35.9234525
            ],
            [
              139.9162568,
              35.9239103
            ],
            [
              139.9161086,
              35.9239663
            ],
            [
              139.9152056,
              35.9243263
            ],
            [
              139.9145293,
              35.9245943
            ],
            [
              139.9144201,
              35.9246376
            ],
            [
              139.9142915,
              35.9246877
            ],
            [
              139.9130228,
              35.9251821
            ],
            [
              139.9122902,
              35.9254668
            ],
            [
              139.9121557,
              35.9255191
            ],
            [
              139.9110018,
              35.9259696
            ],
            [
              139.9085571,
              35.9269279
            ],
            [
              139.9078791,
              35.9271937
            ],
            [
              139.907672,
              35.9272749
            ],
            [
              139.9075136,
              35.927337
            ],
            [
              139.9071678,
              35.9274726
            ],
            [
              139.9052489,
              35.9282237
            ],
            [
              139.9035407,
              35.9288924
            ],
            [
              139.9026056,
              35.9292599
            ],
            [
              139.9017521,
              35.9295936
            ],
            [
              139.9015438,
              35.929675
            ],
            [
              139.901412,
              35.9297256
            ],
            [
              139.9005549,
              35.9300549
            ],
            [
              139.8999748,
              35.9302837
            ],
            [
              139.8984876,
              35.9309516
            ],
            [
              139.8978767,
              35.931253
            ],
            [
              139.8975082,
              35.9314474
            ],
            [
              139.8972244,
              35.9316096
            ],
            [
              139.8968768,
              35.9318082
            ],
            [
              139.8967194,
              35.9318982
            ],
            [
              139.8965453,
              35.932007
            ],
            [
              139.8962187,
              35.932211
            ],
            [
              139.8952031,
              35.9328995
            ],
            [
              139.8937811,
              35.9340113
            ],
            [
              139.8937412,
              35.9340425
            ],
            [
              139.8926753,
              35.9350054
            ],
            [
              139.8919764,
              35.9357443
            ],
            [
              139.8918966,
              35.9358307
            ],
            [
              139.8916406,
              35.9361356
            ],
            [
              139.8914953,
              35.9363086
            ],
            [
              139.8914347,
              35.9363807
            ],
            [
              139.8913903,
              35.9364341
            ],
            [
              139.8905476,
              35.9374481
            ],
            [
              139.8901522,
              35.9379319
            ],
            [
              139.8900347,
              35.9380757
            ],
            [
              139.8899437,
              35.9381872
            ],
            [
              139.8893159,
              35.938943
            ],
            [
              139.8887601,
              35.9396208
            ],
            [
              139.8885382,
              35.9398922
            ],
            [
              139.8883687,
              35.9401033
            ],
            [
              139.8875714,
              35.9410803
            ],
            [
              139.8875253,
              35.9411359
            ],
            [
              139.8874106,
              35.9412724
            ],
            [
              139.8872698,
              35.94144
            ],
            [
              139.8871443,
              35.9415892
            ],
            [
              139.8869805,
              35.9417841
            ],
            [
              139.8858137,
              35.9431725
            ],
            [
              139.8856738,
              35.9433589
            ],
            [
              139.8854472,
              35.9436536
            ],
            [
              139.8852451,
              35.9438955
            ],
            [
              139.8851744,
              35.9439843
            ],
            [
              139.8849343,
              35.944285
            ],
            [
              139.8846286,
              35.9446678
            ],
            [
              139.8845445,
              35.9447726
            ],
            [
              139.8842062,
              35.9451841
            ],
            [
              139.8840669,
              35.9453564
            ],
            [
              139.8821999,
              35.947637
            ],
            [
              139.8821529,
              35.9476949
            ],
            [
              139.8816458,
              35.9483197
            ],
            [
              139.8814707,
              35.9485332
            ],
            [
              139.8812217,
              35.9488367
            ],
            [
              139.8811273,
              35.948952
            ],
            [
              139.881061,
              35.9490336
            ],
            [
              139.8805872,
              35.949616
            ],
            [
              139.8799594,
              35.9503805
            ],
            [
              139.8798695,
              35.9504914
            ],
            [
              139.8794489,
              35.9510094
            ],
            [
              139.8793774,
              35.9510975
            ],
            [
              139.8793124,
              35.9511759
            ],
            [
              139.8783631,
              35.9523201
            ],
            [
              139.8781282,
              35.952602
            ],
            [
              139.87763,
              35.9532139
            ],
            [
              139.8771858,
              35.9537628
            ],
            [
              139.8771231,
              35.9538394
            ],
            [
              139.8769846,
              35.9540088
            ],
            [
              139.87688,
              35.9541366
            ],
            [
              139.8767543,
              35.9542904
            ],
            [
              139.8765486,
              35.9545418
            ],
            [
              139.8757224,
              35.9555531
            ],
            [
              139.8753024,
              35.9560644
            ],
            [
              139.8716454,
              35.9605036
            ],
            [
              139.8711844,
              35.9610502
            ],
            [
              139.8711727,
              35.9610649
            ],
            [
              139.8705533,
              35.9618412
            ],
            [
              139.8701489,
              35.9623364
            ],
            [
              139.8697046,
              35.9628916
            ],
            [
              139.8694941,
              35.9631864
            ],
            [
              139.8692708,
              35.9635624
            ],
            [
              139.8691189,
              35.963796
            ],
            [
              139.8689796,
              35.9640523
            ],
            [
              139.868835,
              35.9643781
            ],
            [
              139.8686047,
              35.9649646
            ],
            [
              139.8679055,
              35.9665373
            ],
            [
              139.8675325,
              35.9673372
            ],
            [
              139.867285,
              35.9679074
            ],
            [
              139.8670012,
              35.968543
            ],
            [
              139.8666786,
              35.969279
            ],
            [
              139.8660377,
              35.97072
            ],
            [
              139.8653812,
              35.9721749
            ],
            [
              139.8643812,
              35.9744266
            ],
            [
              139.8640453,
              35.9751835
            ],
            [
              139.8639896,
              35.9753003
            ],
            [
              139.8631291,
              35.9772469
            ],
            [
              139.8627881,
              35.9780104
            ],
            [
              139.8626173,
              35.9784209
            ],
            [
              139.8622457,
              35.9792665
            ],
            [
              139.8621906,
              35.9793759
            ],
            [
              139.8621031,
              35.9795299
            ],
            [
              139.8619988,
              35.9797145
            ],
            [
              139.8619281,
              35.9798396
            ],
            [
              139.8617784,
              35.9801021
            ],
            [
              139.8614667,
              35.9806064
            ],
            [
              139.8612387,
              35.9809214
            ],
            [
              139.861,
              35.9812349
            ],
            [
              139.8607151,
              35.9815706
            ],
            [
              139.8602326,
              35.9820663
            ],
            [
              139.8600422,
              35.9822619
            ],
            [
              139.8594589,
              35.9828356
            ],
            [
              139.8593439,
              35.982947
            ],
            [
              139.8583741,
              35.9838866
            ],
            [
              139.8570424,
              35.9851942
            ],
            [
              139.8557185,
              35.9864799
            ],
            [
              139.8535648,
              35.9885714
            ],
            [
              139.8528965,
              35.9892255
            ],
            [
              139.8523615,
              35.989749
            ],
            [
              139.8521828,
              35.9899127
            ],
            [
              139.8518096,
              35.9902548
            ],
            [
              139.8512289,
              35.9907869
            ],
            [
              139.8511085,
              35.9908972
            ],
            [
              139.8509983,
              35.9910094
            ],
            [
              139.8496809,
              35.9923499
            ],
            [
              139.8484062,
              35.9935751
            ],
            [
              139.8477869,
              35.9940596
            ],
            [
              139.8472769,
              35.994395
            ],
            [
              139.8471339,
              35.994489
            ],
            [
              139.8467739,
              35.994699
            ],
            [
              139.8466246,
              35.9947862
            ],
            [
              139.8464527,
              35.9948681
            ],
            [
              139.8458166,
              35.9951661
            ],
            [
              139.84542,
              35.9953275
            ],
            [
              139.8449855,
              35.9954837
            ],
            [
              139.8446923,
              35.9955764
            ],
            [
              139.8440701,
              35.9957509
            ],
            [
              139.8438466,
              35.9958053
            ],
            [
              139.843392,
              35.9958963
            ],
            [
              139.8431005,
              35.9959444
            ],
            [
              139.8427928,
              35.9959907
            ],
            [
              139.8424036,
              35.9960308
            ],
            [
              139.8420248,
              35.9960685
            ],
            [
              139.8417288,
              35.9960777
            ],
            [
              139.8415392,
              35.996087
            ],
            [
              139.8412897,
              35.9960871
            ],
            [
              139.841003,
              35.9960914
            ],
            [
              139.8406045,
              35.9960805
            ],
            [
              139.8401884,
              35.996053
            ],
            [
              139.8398665,
              35.9960309
            ],
            [
              139.8368066,
              35.9957937
            ],
            [
              139.834411,
              35.9956097
            ],
            [
              139.8334732,
              35.995542
            ],
            [
              139.8326398,
              35.9954766
            ],
            [
              139.8324838,
              35.9954644
            ],
            [
              139.83234,
              35.9954527
            ],
            [
              139.8317236,
              35.9954028
            ],
            [
              139.8313985,
              35.9953764
            ],
            [
              139.83055,
              35.9953176
            ],
            [
              139.830341,
              35.9953033
            ],
            [
              139.8301321,
              35.995289
            ],
            [
              139.828783,
              35.9951688
            ],
            [
              139.8283122,
              35.9951269
            ],
            [
              139.8276042,
              35.9950411
            ],
            [
              139.8271642,
              35.9949675
            ],
            [
              139.827027,
              35.9949445
            ],
            [
              139.8269685,
              35.9949347
            ],
            [
              139.8267613,
              35.9948961
            ],
            [
              139.8265113,
              35.9948495
            ],
            [
              139.8263621,
              35.9948129
            ],
            [
              139.8258324,
              35.9946832
            ],
            [
              139.8257203,
              35.9946513
            ],
            [
              139.8256436,
              35.9946294
            ],
            [
              139.8254189,
              35.9945609
            ],
            [
              139.8249445,
              35.9944031
            ],
            [
              139.8241052,
              35.9940947
            ],
            [
              139.8228783,
              35.9935419
            ],
            [
              139.8227674,
              35.9934851
            ],
            [
              139.8227083,
              35.9934549
            ],
            [
              139.8222574,
              35.9932352
            ],
            [
              139.8202689,
              35.9921879
            ],
            [
              139.8166131,
              35.9901831
            ],
            [
              139.8164562,
              35.9900977
            ],
            [
              139.8146449,
              35.9891117
            ],
            [
              139.8142609,
              35.9889049
            ],
            [
              139.8137807,
              35.988678
            ],
            [
              139.8136796,
              35.9886384
            ],
            [
              139.8132776,
              35.9884876
            ],
            [
              139.8130812,
              35.9884161
            ],
            [
              139.8129016,
              35.9883507
            ],
            [
              139.8123479,
              35.9881759
            ],
            [
              139.8114879,
              35.9879909
            ],
            [
              139.8110858,
              35.9879146
            ],
            [
              139.8101731,
              35.9878206
            ],
            [
              139.809597,
              35.9878043
            ],
            [
              139.8087193,
              35.9878296
            ],
            [
              139.8085105,
              35.9878436
            ],
            [
              139.8081847,
              35.9878795
            ],
            [
              139.80783,
              35.9879406
            ],
            [
              139.8074581,
              35.9880103
            ],
            [
              139.8073864,
              35.9880238
            ],
            [
              139.8073116,
              35.9880374
            ],
            [
              139.8071931,
              35.9880589
            ],
            [
              139.8065684,
              35.9882011
            ],
            [
              139.8056506,
              35.988435
            ],
            [
              139.8048877,
              35.9886184
            ],
            [
              139.8047218,
              35.9886583
            ],
            [
              139.804659,
              35.9886734
            ],
            [
              139.8038603,
              35.9888744
            ],
            [
              139.8035597,
              35.9889232
            ],
            [
              139.8034479,
              35.9889494
            ],
            [
              139.8030178,
              35.9890503
            ],
            [
              139.8025311,
              35.9891692
            ],
            [
              139.8020325,
              35.9892917
            ],
            [
              139.8013715,
              35.9894615
            ],
            [
              139.8005488,
              35.9896234
            ],
            [
              139.7996645,
              35.9897241
            ],
            [
              139.7991488,
              35.9897547
            ],
            [
              139.7984846,
              35.9897669
            ],
            [
              139.7977161,
              35.9897384
            ],
            [
              139.7968975,
              35.9897046
            ],
            [
              139.7962187,
              35.9896705
            ],
            [
              139.7955762,
              35.9896639
            ],
            [
              139.7941612,
              35.9896059
            ],
            [
              139.7940935,
              35.9896031
            ],
            [
              139.7939009,
              35.9895952
            ],
            [
              139.7931567,
              35.9895714
            ],
            [
              139.7929658,
              35.9895658
            ],
            [
              139.7916727,
              35.9895224
            ],
            [
              139.7913634,
              35.9895101
            ],
            [
              139.7904987,
              35.9894784
            ],
            [
              139.7894909,
              35.9894447
            ],
            [
              139.7890275,
              35.9894432
            ],
            [
              139.7887114,
              35.9894377
            ],
            [
              139.7882391,
              35.9894504
            ],
            [
              139.7874656,
              35.9894907
            ],
            [
              139.7870544,
              35.989533
            ],
            [
              139.7859625,
              35.9897079
            ],
            [
              139.784379,
              35.9899806
            ],
            [
              139.7834622,
              35.9901385
            ],
            [
              139.7816635,
              35.9904461
            ],
            [
              139.7809489,
              35.9905669
            ],
            [
              139.7781094,
              35.9910525
            ],
            [
              139.7759105,
              35.9914243
            ],
            [
              139.7753738,
              35.9915145
            ],
            [
              139.7742662,
              35.9917045
            ],
            [
              139.7729353,
              35.9919255
            ],
            [
              139.7715217,
              35.9921654
            ],
            [
              139.7693778,
              35.9925286
            ],
            [
              139.7685101,
              35.9926756
            ],
            [
              139.7680228,
              35.9927584
            ],
            [
              139.7678711,
              35.9927817
            ],
            [
              139.7669466,
              35.9929239
            ],
            [
              139.76677,
              35.9929495
            ],
            [
              139.7657977,
              35.9930903
            ],
            [
              139.7649902,
              35.9931645
            ],
            [
              139.7646056,
              35.9931907
            ],
            [
              139.7637981,
              35.9932109
            ],
            [
              139.7630917,
              35.9931997
            ],
            [
              139.7623345,
              35.9931724
            ],
            [
              139.7610491,
              35.9930438
            ],
            [
              139.760157,
              35.992899
            ],
            [
              139.7598954,
              35.9928557
            ],
            [
              139.7598282,
              35.9928436
            ],
            [
              139.7592057,
              35.9927387
            ],
            [
              139.7585687,
              35.9926253
            ],
            [
              139.7577048,
              35.992486
            ],
            [
              139.7571883,
              35.9923986
            ],
            [
              139.756833,
              35.992339
            ],
            [
              139.7560782,
              35.992201
            ],
            [
              139.7553862,
              35.9920788
            ],
            [
              139.7544043,
              35.9919072
            ],
            [
              139.7531869,
              35.9916925
            ],
            [
              139.752875,
              35.9916356
            ],
            [
              139.7524989,
              35.9915439
            ],
            [
              139.7521378,
              35.9914438
            ],
            [
              139.751756,
              35.9913129
            ],
            [
              139.7514361,
              35.9911856
            ],
            [
              139.751051,
              35.9910014
            ],
            [
              139.7501452,
              35.9905001
            ],
            [
              139.7498773,
              35.9903651
            ],
            [
              139.7496093,
              35.9902302
            ],
            [
              139.7489454,
              35.9898961
            ],
            [
              139.7488141,
              35.9898259
            ],
            [
              139.7480202,
              35.9893967
            ],
            [
              139.7478533,
              35.9893068
            ],
            [
              139.7477079,
              35.9892316
            ],
            [
              139.7472993,
              35.9890083
            ],
            [
              139.7469839,
              35.9888405
            ],
            [
              139.7462294,
              35.9884324
            ],
            [
              139.7456739,
              35.9881403
            ],
            [
              139.7454516,
              35.9880382
            ],
            [
              139.7451953,
              35.9879287
            ],
            [
              139.7449753,
              35.987849
            ],
            [
              139.744769,
              35.9877831
            ],
            [
              139.7444281,
              35.9876874
            ],
            [
              139.7440493,
              35.9875808
            ],
            [
              139.7435444,
              35.9874492
            ],
            [
              139.7432422,
              35.9873662
            ],
            [
              139.742917,
              35.9872635
            ],
            [
              139.7424577,
              35.9870862
            ],
            [
              139.7421934,
              35.986964
            ],
            [
              139.7419202,
              35.9868182
            ],
            [
              139.741694,
              35.9866864
            ],
            [
              139.7414973,
              35.9865592
            ],
            [
              139.7413052,
              35.986415
            ],
            [
              139.7409927,
              35.9861814
            ],
            [
              139.7408107,
              35.9860087
            ],
            [
              139.7406444,
              35.985832
            ],
            [
              139.7405034,
              35.985656
            ],
            [
              139.7403618,
              35.9854792
            ],
            [
              139.7402929,
              35.98537
            ],
            [
              139.7400859,
              35.9850419
            ],
            [
              139.7399982,
              35.9848917
            ],
            [
              139.7399461,
              35.9847889
            ],
            [
              139.739874,
              35.9846512
            ],
            [
              139.7398603,
              35.9846184
            ],
            [
              139.7398414,
              35.9845797
            ],
            [
              139.7396631,
              35.9842143
            ],
            [
              139.7393555,
              35.9835884
            ],
            [
              139.7387287,
              35.982352
            ],
            [
              139.7380421,
              35.9809459
            ],
            [
              139.7378502,
              35.9805521
            ],
            [
              139.7376177,
              35.9800886
            ],
            [
              139.7373046,
              35.979437
            ],
            [
              139.7368559,
              35.9785526
            ],
            [
              139.7367929,
              35.9784218
            ],
            [
              139.7362787,
              35.9773816
            ],
            [
              139.7361234,
              35.9770531
            ],
            [
              139.736016,
              35.9767003
            ],
            [
              139.7359284,
              35.9763073
            ],
            [
              139.7359208,
              35.9762275
            ],
            [
              139.7358985,
              35.9759916
            ],
            [
              139.735899,
              35.975667
            ],
            [
              139.7359085,
              35.9755568
            ],
            [
              139.7359336,
              35.9752301
            ],
            [
              139.7360081,
              35.9748124
            ],
            [
              139.7362188,
              35.9740706
            ],
            [
              139.7363574,
              35.9735701
            ],
            [
              139.7363961,
              35.9734305
            ],
            [
              139.7366163,
              35.9725796
            ],
            [
              139.7367083,
              35.9722138
            ],
            [
              139.7367422,
              35.971962
            ],
            [
              139.7367564,
              35.9717259
            ],
            [
              139.736753,
              35.9715138
            ],
            [
              139.736742,
              35.9713916
            ],
            [
              139.7367382,
              35.9713499
            ],
            [
              139.7367231,
              35.9712341
            ],
            [
              139.7366765,
              35.9709819
            ],
            [
              139.736587,
              35.9706383
            ],
            [
              139.7365089,
              35.9704393
            ],
            [
              139.7363882,
              35.9701889
            ],
            [
              139.7362581,
              35.969966
            ],
            [
              139.7360757,
              35.9696591
            ],
            [
              139.7358279,
              35.9692653
            ],
            [
              139.7354818,
              35.9687152
            ],
            [
              139.7352337,
              35.9683122
            ],
            [
              139.7350737,
              35.9680522
            ],
            [
              139.7348621,
              35.9676991
            ],
            [
              139.7346578,
              35.9673582
            ],
            [
              139.7342399,
              35.9666946
            ],
            [
              139.7341196,
              35.9664871
            ],
            [
              139.7329324,
              35.9646398
            ],
            [
              139.7325377,
              35.9640172
            ],
            [
              139.7322473,
              35.9635591
            ],
            [
              139.7321329,
              35.9633659
            ],
            [
              139.7317671,
              35.9627679
            ],
            [
              139.7309058,
              35.9614423
            ],
            [
              139.7301692,
              35.9602511
            ],
            [
              139.7301009,
              35.9601425
            ],
            [
              139.7298505,
              35.9597434
            ],
            [
              139.7294681,
              35.9591352
            ],
            [
              139.7293787,
              35.9589862
            ],
            [
              139.7289002,
              35.9581888
            ],
            [
              139.7288394,
              35.9580916
            ],
            [
              139.7280089,
              35.9568516
            ],
            [
              139.7278614,
              35.956639
            ],
            [
              139.7276464,
              35.9563704
            ],
            [
              139.7273684,
              35.9560345
            ],
            [
              139.727156,
              35.9558167
            ],
            [
              139.7269171,
              35.9556166
            ],
            [
              139.7263986,
              35.9552303
            ],
            [
              139.7260365,
              35.9549884
            ],
            [
              139.7255582,
              35.9547139
            ],
            [
              139.7247132,
              35.9542645
            ],
            [
              139.7246487,
              35.9542313
            ],
            [
              139.7237596,
              35.9537742
            ],
            [
              139.7229127,
              35.9533275
            ],
            [
              139.721856,
              35.9527701
            ],
            [
              139.7209742,
              35.9523113
            ],
            [
              139.7202269,
              35.9519359
            ],
            [
              139.7200393,
              35.9518236
            ],
            [
              139.7198723,
              35.9517168
            ],
            [
              139.7196604,
              35.9515749
            ],
            [
              139.7194286,
              35.9514019
            ],
            [
              139.7192953,
              35.9512979
            ],
            [
              139.7186787,
              35.9507536
            ],
            [
              139.7185063,
              35.9505982
            ],
            [
              139.718169,
              35.950289
            ],
            [
              139.7178993,
              35.9500248
            ],
            [
              139.7174375,
              35.9496099
            ],
            [
              139.7169337,
              35.9491698
            ],
            [
              139.7167182,
              35.9489768
            ],
            [
              139.7164914,
              35.9487533
            ],
            [
              139.7156354,
              35.9480009
            ],
            [
              139.7155507,
              35.9479298
            ],
            [
              139.7151342,
              35.9475589
            ],
            [
              139.7148337,
              35.9472757
            ],
            [
              139.7145428,
              35.9470346
            ],
            [
              139.7140974,
              35.9467184
            ],
            [
              139.7139292,
              35.9466259
            ],
            [
              139.7132405,
              35.9462761
            ],
            [
              139.711892,
              35.9456906
            ],
            [
              139.7110604,
              35.9453447
            ],
            [
              139.7102844,
              35.945012
            ],
            [
              139.7095907,
              35.9447145
            ],
            [
              139.7089589,
              35.9444478
            ],
            [
              139.7080985,
              35.9440757
            ],
            [
              139.7074677,
              35.9438016
            ],
            [
              139.7069658,
              35.943585
            ],
            [
              139.7061699,
              35.9432578
            ],
            [
              139.7056334,
              35.9430972
            ],
            [
              139.7054431,
              35.9430491
            ],
            [
              139.7051741,
              35.9429892
            ],
            [
              139.7047538,
              35.9429274
            ],
            [
              139.7044197,
              35.9428931
            ],
            [
              139.7041018,
              35.9428589
            ],
            [
              139.7031743,
              35.9427655
            ],
            [
              139.7019319,
              35.9426376
            ],
            [
              139.7006946,
              35.9425029
            ],
            [
              139.7002246,
              35.9424511
            ],
            [
              139.699454,
              35.9423655
            ],
            [
              139.6985274,
              35.9422574
            ],
            [
              139.6975773,
              35.9421522
            ],
            [
              139.6970959,
              35.9421138
            ],
            [
              139.6967324,
              35.942078
            ],
            [
              139.6961306,
              35.9419791
            ],
            [
              139.6950561,
              35.9417746
            ],
            [
              139.6942388,
              35.9416395
            ],
            [
              139.6936649,
              35.9415367
            ],
            [
              139.6933128,
              35.941458
            ],
            [
              139.6928921,
              35.941373
            ],
            [
              139.6916451,
              35.9411228
            ],
            [
              139.6908664,
              35.9409769
            ],
            [
              139.6905889,
              35.9409204
            ],
            [
              139.6900475,
              35.9408106
            ],
            [
              139.6889884,
              35.9405974
            ],
            [
              139.6880262,
              35.9404023
            ],
            [
              139.6875439,
              35.9402996
            ],
            [
              139.6870248,
              35.9401967
            ],
            [
              139.6869625,
              35.9401855
            ],
            [
              139.6867542,
              35.9401482
            ],
            [
              139.6863858,
              35.9400885
            ],
            [
              139.6854591,
              35.9399274
            ],
            [
              139.6849496,
              35.9398309
            ],
            [
              139.6846832,
              35.9397919
            ],
            [
              139.6843844,
              35.939758
            ],
            [
              139.6840622,
              35.9397283
            ],
            [
              139.6836139,
              35.9397201
            ],
            [
              139.683345,
              35.93973
            ],
            [
              139.6831088,
              35.9397506
            ],
            [
              139.6829033,
              35.9397752
            ],
            [
              139.6825795,
              35.9398283
            ],
            [
              139.6823218,
              35.9398836
            ],
            [
              139.6820399,
              35.9399537
            ],
            [
              139.6818463,
              35.9400112
            ],
            [
              139.6817725,
              35.9400331
            ],
            [
              139.6813968,
              35.9401684
            ],
            [
              139.6813076,
              35.9402036
            ],
            [
              139.681055,
              35.9403101
            ],
            [
              139.6803347,
              35.9406329
            ],
            [
              139.6795563,
              35.9410067
            ],
            [
              139.6789553,
              35.9413062
            ],
            [
              139.6784726,
              35.9415628
            ],
            [
              139.6781313,
              35.9417661
            ],
            [
              139.677802,
              35.94197
            ],
            [
              139.6775418,
              35.9421459
            ],
            [
              139.6770325,
              35.9425078
            ],
            [
              139.6767211,
              35.9427593
            ],
            [
              139.6765754,
              35.9428842
            ],
            [
              139.6762142,
              35.9432197
            ],
            [
              139.6759057,
              35.943528
            ],
            [
              139.6756145,
              35.9438247
            ],
            [
              139.6755613,
              35.9438823
            ],
            [
              139.6751844,
              35.944314
            ],
            [
              139.6747948,
              35.9447733
            ],
            [
              139.6734498,
              35.946382
            ],
            [
              139.6729899,
              35.9469169
            ],
            [
              139.6725507,
              35.9474158
            ],
            [
              139.6716226,
              35.9483643
            ],
            [
              139.6711561,
              35.9488044
            ],
            [
              139.6709115,
              35.9490024
            ],
            [
              139.6702631,
              35.9495273
            ],
            [
              139.6693359,
              35.9501599
            ],
            [
              139.6689606,
              35.9503978
            ],
            [
              139.6682485,
              35.9508496
            ],
            [
              139.6671066,
              35.9515626
            ],
            [
              139.6664495,
              35.951979
            ],
            [
              139.6661618,
              35.9521548
            ],
            [
              139.6660029,
              35.952252
            ],
            [
              139.6655119,
              35.9525607
            ],
            [
              139.6650463,
              35.9528375
            ],
            [
              139.6639468,
              35.9535503
            ],
            [
              139.6637723,
              35.953674
            ],
            [
              139.6634595,
              35.9538681
            ],
            [
              139.6627052,
              35.9543361
            ],
            [
              139.6612682,
              35.9552264
            ],
            [
              139.6599308,
              35.9560761
            ],
            [
              139.6597441,
              35.9561834
            ],
            [
              139.6584859,
              35.9569159
            ],
            [
              139.6584379,
              35.9569455
            ],
            [
              139.6582382,
              35.957057
            ],
            [
              139.6581866,
              35.957083
            ],
            [
              139.6579207,
              35.9572269
            ],
            [
              139.6571991,
              35.9575973
            ],
            [
              139.6570762,
              35.957656
            ],
            [
              139.6565109,
              35.9579262
            ],
            [
              139.6558968,
              35.9582137
            ],
            [
              139.6545888,
              35.9588192
            ],
            [
              139.6538915,
              35.9591452
            ],
            [
              139.6537339,
              35.9592173
            ],
            [
              139.653563,
              35.9592955
            ],
            [
              139.6529391,
              35.9595893
            ],
            [
              139.6515353,
              35.9602314
            ],
            [
              139.6513085,
              35.9603351
            ],
            [
              139.6500583,
              35.9609069
            ],
            [
              139.6499987,
              35.9609342
            ],
            [
              139.6492514,
              35.96128
            ],
            [
              139.6489027,
              35.9614414
            ],
            [
              139.6470299,
              35.9623145
            ],
            [
              139.645892,
              35.9628332
            ],
            [
              139.6454843,
              35.9630119
            ],
            [
              139.6451572,
              35.9631495
            ],
            [
              139.6448463,
              35.963274
            ],
            [
              139.6446836,
              35.9633376
            ],
            [
              139.6445236,
              35.9633969
            ],
            [
              139.6443119,
              35.9634687
            ],
            [
              139.644048,
              35.9635535
            ],
            [
              139.6437224,
              35.9636485
            ],
            [
              139.6434129,
              35.9637305
            ],
            [
              139.6430836,
              35.9638103
            ],
            [
              139.6427436,
              35.9638837
            ],
            [
              139.6423217,
              35.9639582
            ],
            [
              139.6419817,
              35.9640003
            ],
            [
              139.6416792,
              35.964038
            ],
            [
              139.6412835,
              35.9640787
            ],
            [
              139.6408626,
              35.9641101
            ],
            [
              139.6404679,
              35.9641254
            ],
            [
              139.6401532,
              35.9641274
            ],
            [
              139.6392247,
              35.9640964
            ],
            [
              139.6389542,
              35.964074
            ],
            [
              139.6382463,
              35.9639938
            ],
            [
              139.6378069,
              35.9639319
            ],
            [
              139.6367173,
              35.9637014
            ],
            [
              139.6364923,
              35.9636538
            ],
            [
              139.6348651,
              35.9632919
            ],
            [
              139.6345428,
              35.9632166
            ],
            [
              139.6339239,
              35.963072
            ],
            [
              139.6330155,
              35.9628686
            ],
            [
              139.6320945,
              35.9626565
            ],
            [
              139.6310674,
              35.9623695
            ],
            [
              139.6304069,
              35.9621495
            ],
            [
              139.6299799,
              35.961981
            ],
            [
              139.6296051,
              35.9618194
            ],
            [
              139.6291461,
              35.9616034
            ],
            [
              139.6286662,
              35.9613357
            ],
            [
              139.628202,
              35.9610561
            ],
            [
              139.6277426,
              35.9607648
            ],
            [
              139.6270146,
              35.9602596
            ],
            [
              139.6265301,
              35.9599369
            ],
            [
              139.6258259,
              35.9594413
            ],
            [
              139.6254919,
              35.9592252
            ],
            [
              139.6252074,
              35.9590528
            ],
            [
              139.6248397,
              35.9588538
            ],
            [
              139.6245474,
              35.9587089
            ],
            [
              139.623884,
              35.9584247
            ],
            [
              139.6233882,
              35.9582422
            ],
            [
              139.6228716,
              35.958089
            ],
            [
              139.6226646,
              35.9580317
            ],
            [
              139.6224002,
              35.9579643
            ],
            [
              139.6218361,
              35.9578414
            ],
            [
              139.6213833,
              35.9577519
            ],
            [
              139.620715,
              35.9576304
            ],
            [
              139.6197886,
              35.9574495
            ],
            [
              139.619236,
              35.9573311
            ],
            [
              139.6186987,
              35.9571868
            ],
            [
              139.6178813,
              35.9569253
            ],
            [
              139.6178146,
              35.956904
            ],
            [
              139.617193,
              35.9566863
            ],
            [
              139.6165744,
              35.9564752
            ],
            [
              139.6150147,
              35.9559395
            ],
            [
              139.6138662,
              35.9555451
            ],
            [
              139.6137025,
              35.9554934
            ],
            [
              139.6131011,
              35.9553289
            ],
            [
              139.6123116,
              35.9551338
            ],
            [
              139.6120797,
              35.9550691
            ],
            [
              139.6111474,
              35.954816
            ],
            [
              139.6109882,
              35.9547691
            ],
            [
              139.610838,
              35.9547192
            ],
            [
              139.6106462,
              35.9546443
            ],
            [
              139.6103294,
              35.9545071
            ],
            [
              139.6102487,
              35.9544719
            ],
            [
              139.6091755,
              35.9540032
            ],
            [
              139.6089083,
              35.953885
            ],
            [
              139.6087269,
              35.9538145
            ],
            [
              139.6084636,
              35.9536258
            ],
            [
              139.608404,
              35.9535576
            ],
            [
              139.6083729,
              35.9534919
            ],
            [
              139.6083622,
              35.953368
            ],
            [
              139.6083924,
              35.9530916
            ],
            [
              139.6084814,
              35.952527
            ],
            [
              139.6085134,
              35.9520286
            ],
            [
              139.6085058,
              35.9516375
            ],
            [
              139.6084833,
              35.9508477
            ],
            [
              139.6084385,
              35.9497056
            ],
            [
              139.6084156,
              35.9492562
            ],
            [
              139.6083968,
              35.9490222
            ],
            [
              139.6083781,
              35.9486667
            ],
            [
              139.608338,
              35.9482164
            ],
            [
              139.6082946,
              35.9479734
            ],
            [
              139.6082473,
              35.9477594
            ],
            [
              139.6082046,
              35.9475997
            ],
            [
              139.6081437,
              35.9473937
            ],
            [
              139.6080605,
              35.947175
            ],
            [
              139.6079797,
              35.9469805
            ],
            [
              139.6078912,
              35.9467822
            ],
            [
              139.6077925,
              35.9465867
            ],
            [
              139.607693,
              35.946401
            ],
            [
              139.6075327,
              35.9461539
            ],
            [
              139.6074077,
              35.9459866
            ],
            [
              139.6071737,
              35.9457044
            ],
            [
              139.6068414,
              35.9453146
            ],
            [
              139.6064852,
              35.9449008
            ],
            [
              139.6060866,
              35.9444291
            ],
            [
              139.6055758,
              35.9438293
            ],
            [
              139.6053332,
              35.943539
            ],
            [
              139.6051266,
              35.9432932
            ],
            [
              139.6045967,
              35.9426715
            ],
            [
              139.6045319,
              35.9426018
            ],
            [
              139.6044713,
              35.9425292
            ],
            [
              139.6041922,
              35.9421948
            ],
            [
              139.6036482,
              35.9415594
            ],
            [
              139.6034008,
              35.9412822
            ],
            [
              139.6028477,
              35.9406169
            ],
            [
              139.6024715,
              35.9401819
            ],
            [
              139.6021878,
              35.939856
            ],
            [
              139.6016644,
              35.9392588
            ],
            [
              139.6013915,
              35.9389297
            ],
            [
              139.6012146,
              35.9387162
            ],
            [
              139.6009122,
              35.9383565
            ],
            [
              139.6005962,
              35.9379934
            ],
            [
              139.5999025,
              35.9371707
            ],
            [
              139.5996967,
              35.9369337
            ],
            [
              139.5993385,
              35.9365211
            ],
            [
              139.5978609,
              35.9347851
            ],
            [
              139.5977376,
              35.9346445
            ],
            [
              139.5974307,
              35.9342717
            ],
            [
              139.5967547,
              35.9334479
            ],
            [
              139.5963543,
              35.9330206
            ],
            [
              139.5957366,
              35.932294
            ],
            [
              139.595426,
              35.9319287
            ],
            [
              139.5942782,
              35.9306133
            ],
            [
              139.5933453,
              35.9296356
            ],
            [
              139.5930914,
              35.9293527
            ],
            [
              139.5928744,
              35.9290992
            ],
            [
              139.5926525,
              35.9288202
            ],
            [
              139.5921912,
              35.9282357
            ],
            [
              139.5917498,
              35.927758
            ],
            [
              139.5911932,
              35.9272568
            ],
            [
              139.5909207,
              35.9270124
            ],
            [
              139.5905078,
              35.9267214
            ],
            [
              139.5902343,
              35.9265342
            ],
            [
              139.5899825,
              35.9263773
            ],
            [
              139.5897229,
              35.9262294
            ],
            [
              139.589379,
              35.9260309
            ],
            [
              139.5889046,
              35.9258367
            ],
            [
              139.588573,
              35.9257132
            ],
            [
              139.5881209,
              35.9255745
            ],
            [
              139.5876993,
              35.9254477
            ],
            [
              139.5875712,
              35.925406
            ],
            [
              139.5869979,
              35.9252435
            ],
            [
              139.5864874,
              35.9251254
            ],
            [
              139.5857847,
              35.9249669
            ],
            [
              139.5854198,
              35.9249007
            ],
            [
              139.5847199,
              35.9247737
            ],
            [
              139.5835546,
              35.9246113
            ],
            [
              139.5831109,
              35.9245638
            ],
            [
              139.5822847,
              35.9244917
            ],
            [
              139.5808795,
              35.924409
            ],
            [
              139.5801112,
              35.9243687
            ],
            [
              139.5791625,
              35.9243329
            ],
            [
              139.5784276,
              35.9243021
            ],
            [
              139.5765633,
              35.9242016
            ],
            [
              139.5760803,
              35.9241804
            ],
            [
              139.5759333,
              35.9241739
            ],
            [
              139.5756147,
              35.9241595
            ],
            [
              139.5749804,
              35.9241357
            ],
            [
              139.5735089,
              35.9240727
            ],
            [
              139.5725622,
              35.9240301
            ],
            [
              139.5713083,
              35.923974
            ],
            [
              139.5704462,
              35.9239427
            ],
            [
              139.5680473,
              35.9238062
            ],
            [
              139.5671437,
              35.9237129
            ],
            [
              139.5663675,
              35.9235625
            ],
            [
              139.5657622,
              35.9234129
            ],
            [
              139.5653643,
              35.9232804
            ],
            [
              139.5649644,
              35.9231257
            ],
            [
              139.5645969,
              35.9229741
            ],
            [
              139.5642294,
              35.922807
            ],
            [
              139.5639422,
              35.9226602
            ],
            [
              139.5635872,
              35.9224671
            ],
            [
              139.5632681,
              35.9222777
            ],
            [
              139.5628305,
              35.9220094
            ],
            [
              139.5623597,
              35.9217073
            ],
            [
              139.5618635,
              35.921383
            ],
            [
              139.5609621,
              35.9207531
            ],
            [
              139.5601571,
              35.9202064
            ],
            [
              139.5593739,
              35.9196919
            ],
            [
              139.5579359,
              35.9189322
            ],
            [
              139.5569683,
              35.9185274
            ],
            [
              139.5561737,
              35.9182459
            ],
            [
              139.5554945,
              35.9180247
            ],
            [
              139.5542394,
              35.9176229
            ],
            [
              139.5540085,
              35.9175468
            ],
            [
              139.5538045,
              35.9174847
            ],
            [
              139.5388995,
              35.9127039
            ],
            [
              139.5387438,
              35.9126589
            ],
            [
              139.5385343,
              35.9126016
            ],
            [
              139.5383769,
              35.9125683
            ],
            [
              139.5382196,
              35.9125386
            ],
            [
              139.5377294,
              35.9124748
            ],
            [
              139.5373373,
              35.9124583
            ],
            [
              139.5368984,
              35.9124615
            ],
            [
              139.5365748,
              35.9124854
            ],
            [
              139.5362283,
              35.9125215
            ],
            [
              139.5359123,
              35.9125616
            ],
            [
              139.5354036,
              35.9126417
            ],
            [
              139.5351005,
              35.9127029
            ],
            [
              139.5347969,
              35.912774
            ],
            [
              139.5341248,
              35.9129583
            ],
            [
              139.5340355,
              35.9129858
            ],
            [
              139.532553,
              35.9134988
            ],
            [
              139.5320874,
              35.9136352
            ],
            [
              139.5316218,
              35.9137715
            ],
            [
              139.5307418,
              35.9140716
            ],
            [
              139.5304547,
              35.9141704
            ],
            [
              139.5293797,
              35.9145371
            ],
            [
              139.5291916,
              35.9146013
            ],
            [
              139.528596,
              35.9147584
            ],
            [
              139.5278589,
              35.9149003
            ],
            [
              139.5274217,
              35.9149599
            ],
            [
              139.5273171,
              35.9149704
            ],
            [
              139.5260781,
              35.9150946
            ],
            [
              139.525889,
              35.9151135
            ],
            [
              139.5251167,
              35.9151697
            ],
            [
              139.5247337,
              35.9152217
            ],
            [
              139.5243351,
              35.91528
            ],
            [
              139.5238392,
              35.9153978
            ],
            [
              139.5232748,
              35.9155737
            ],
            [
              139.520892,
              35.9164238
            ],
            [
              139.5201983,
              35.9166712
            ],
            [
              139.5196796,
              35.9168563
            ],
            [
              139.5192741,
              35.9169988
            ],
            [
              139.5190209,
              35.9170878
            ],
            [
              139.5185272,
              35.9172613
            ],
            [
              139.5167638,
              35.9178651
            ],
            [
              139.5159112,
              35.918157
            ],
            [
              139.5155609,
              35.9182667
            ],
            [
              139.5149732,
              35.9184258
            ],
            [
              139.514646,
              35.9184983
            ],
            [
              139.5143938,
              35.9185549
            ],
            [
              139.51365,
              35.9186828
            ],
            [
              139.5131016,
              35.9187499
            ],
            [
              139.5122107,
              35.9188578
            ],
            [
              139.5116997,
              35.9189221
            ],
            [
              139.5110847,
              35.9189896
            ],
            [
              139.5098773,
              35.919122
            ],
            [
              139.5096408,
              35.9191471
            ],
            [
              139.5096203,
              35.9191492
            ],
            [
              139.5062066,
              35.919501
            ],
            [
              139.5058832,
              35.9195108
            ],
            [
              139.5056106,
              35.919507
            ],
            [
              139.5054095,
              35.9195016
            ],
            [
              139.5052554,
              35.9194975
            ],
            [
              139.5051017,
              35.9194918
            ],
            [
              139.5046082,
              35.9194736
            ],
            [
              139.5035367,
              35.919408
            ],
            [
              139.5032373,
              35.9193773
            ],
            [
              139.5030905,
              35.9193472
            ],
            [
              139.5029801,
              35.9193132
            ],
            [
              139.5028793,
              35.9192629
            ],
            [
              139.5028013,
              35.9192154
            ],
            [
              139.5027181,
              35.91916
            ],
            [
              139.5026183,
              35.9190839
            ],
            [
              139.5025321,
              35.9189829
            ],
            [
              139.5022015,
              35.9184851
            ],
            [
              139.5016234,
              35.9176434
            ],
            [
              139.5010658,
              35.9167911
            ],
            [
              139.5008616,
              35.9164716
            ],
            [
              139.5005571,
              35.9160023
            ],
            [
              139.5005034,
              35.9159196
            ],
            [
              139.5000832,
              35.9151341
            ],
            [
              139.4998183,
              35.9146587
            ],
            [
              139.4997248,
              35.914463
            ],
            [
              139.4996422,
              35.914272
            ],
            [
              139.4991562,
              35.913392
            ],
            [
              139.4990548,
              35.913191
            ],
            [
              139.4987082,
              35.9125354
            ],
            [
              139.4983258,
              35.9117874
            ],
            [
              139.4982574,
              35.9116607
            ],
            [
              139.498098,
              35.9113654
            ],
            [
              139.4979992,
              35.9111689
            ],
            [
              139.4978464,
              35.9108966
            ],
            [
              139.4977863,
              35.9107816
            ],
            [
              139.4977004,
              35.9106443
            ],
            [
              139.4975606,
              35.9104485
            ],
            [
              139.4974307,
              35.9102727
            ],
            [
              139.4973039,
              35.9101137
            ],
            [
              139.4970464,
              35.9098321
            ],
            [
              139.4966231,
              35.9094564
            ],
            [
              139.4965877,
              35.9094253
            ],
            [
              139.4965468,
              35.9093893
            ],
            [
              139.4959526,
              35.908874
            ],
            [
              139.4958501,
              35.9087808
            ],
            [
              139.4950958,
              35.908152
            ],
            [
              139.4943447,
              35.9075206
            ],
            [
              139.4940471,
              35.9072436
            ],
            [
              139.4938926,
              35.9071121
            ],
            [
              139.4937361,
              35.9069764
            ],
            [
              139.4935825,
              35.9068362
            ],
            [
              139.4931616,
              35.9064657
            ],
            [
              139.4929182,
              35.9062613
            ],
            [
              139.4926989,
              35.9060761
            ],
            [
              139.4920152,
              35.9054806
            ],
            [
              139.4915239,
              35.905067
            ],
            [
              139.4909786,
              35.9045926
            ],
            [
              139.4907983,
              35.9044407
            ],
            [
              139.4906933,
              35.9043554
            ],
            [
              139.4903607,
              35.9040682
            ],
            [
              139.4902819,
              35.9040002
            ],
            [
              139.4902116,
              35.903936
            ],
            [
              139.4898678,
              35.9036222
            ],
            [
              139.4895437,
              35.9033486
            ],
            [
              139.4891983,
              35.903048
            ],
            [
              139.4890346,
              35.9029141
            ],
            [
              139.4887994,
              35.9027022
            ],
            [
              139.4884669,
              35.9024149
            ],
            [
              139.4884073,
              35.9023628
            ],
            [
              139.4878819,
              35.9019115
            ],
            [
              139.4877278,
              35.9017802
            ],
            [
              139.4874936,
              35.9015876
            ],
            [
              139.4873397,
              35.9014515
            ],
            [
              139.4873164,
              35.9014282
            ],
            [
              139.487278,
              35.9013898
            ],
            [
              139.4871761,
              35.9012879
            ],
            [
              139.4870348,
              35.901138
            ],
            [
              139.4869922,
              35.9011004
            ],
            [
              139.4867642,
              35.9008102
            ],
            [
              139.4866188,
              35.9006156
            ],
            [
              139.4864692,
              35.9004068
            ],
            [
              139.486367,
              35.9002705
            ],
            [
              139.4863152,
              35.900225
            ],
            [
              139.4862548,
              35.9001963
            ],
            [
              139.4862146,
              35.9001886
            ],
            [
              139.4861562,
              35.900181
            ],
            [
              139.4860861,
              35.9001759
            ],
            [
              139.4859503,
              35.9002001
            ],
            [
              139.4852305,
              35.9003726
            ],
            [
              139.4848052,
              35.9004766
            ],
            [
              139.4843255,
              35.9005855
            ],
            [
              139.4837475,
              35.9007181
            ],
            [
              139.4837103,
              35.9007266
            ],
            [
              139.482961,
              35.9009121
            ],
            [
              139.4821775,
              35.9011048
            ],
            [
              139.4816025,
              35.9012365
            ],
            [
              139.4814875,
              35.9012628
            ],
            [
              139.4813793,
              35.901289
            ],
            [
              139.4804956,
              35.9015078
            ],
            [
              139.4796094,
              35.9017206
            ],
            [
              139.4787237,
              35.9019333
            ],
            [
              139.4782046,
              35.9020588
            ],
            [
              139.4778303,
              35.9021473
            ],
            [
              139.4776493,
              35.9022008
            ],
            [
              139.4774689,
              35.9022554
            ],
            [
              139.4773217,
              35.9023086
            ],
            [
              139.4773023,
              35.9023175
            ],
            [
              139.4771845,
              35.9023718
            ],
            [
              139.4770616,
              35.9024592
            ],
            [
              139.4770119,
              35.9024933
            ],
            [
              139.4767824,
              35.9026786
            ],
            [
              139.476545,
              35.9028822
            ],
            [
              139.4761357,
              35.9032347
            ],
            [
              139.4758034,
              35.9035236
            ],
            [
              139.4754928,
              35.9037929
            ],
            [
              139.474872,
              35.904339
            ],
            [
              139.4742082,
              35.9049072
            ],
            [
              139.4741297,
              35.9049739
            ],
            [
              139.4739089,
              35.9051646
            ],
            [
              139.4735732,
              35.9054118
            ],
            [
              139.4734893,
              35.9054538
            ],
            [
              139.4734101,
              35.9054832
            ],
            [
              139.4733344,
              35.9054952
            ],
            [
              139.4732704,
              35.9054999
            ],
            [
              139.4731943,
              35.9054948
            ],
            [
              139.4731295,
              35.9054838
            ],
            [
              139.4730587,
              35.9054628
            ],
            [
              139.4729939,
              35.9054298
            ],
            [
              139.4728916,
              35.9053508
            ],
            [
              139.4727209,
              35.9052241
            ],
            [
              139.472526,
              35.9050704
            ],
            [
              139.4720148,
              35.9046732
            ],
            [
              139.4717506,
              35.9044778
            ],
            [
              139.4712727,
              35.9040891
            ],
            [
              139.4707437,
              35.9037004
            ],
            [
              139.4706638,
              35.9036417
            ],
            [
              139.4705952,
              35.9035883
            ],
            [
              139.4704706,
              35.9034913
            ],
            [
              139.4693355,
              35.9026235
            ],
            [
              139.4679845,
              35.9015939
            ],
            [
              139.4665907,
              35.900605
            ],
            [
              139.4652981,
              35.8996827
            ],
            [
              139.4647129,
              35.8992799
            ],
            [
              139.464186,
              35.8989106
            ],
            [
              139.4630067,
              35.8980968
            ],
            [
              139.462379,
              35.8977006
            ],
            [
              139.4615878,
              35.897234
            ],
            [
              139.46104,
              35.8969353
            ],
            [
              139.4602171,
              35.8964865
            ],
            [
              139.4591302,
              35.8959239
            ],
            [
              139.4584569,
              35.8955678
            ],
            [
              139.4581974,
              35.8954306
            ],
            [
              139.4575581,
              35.8950928
            ],
            [
              139.4561262,
              35.8943385
            ],
            [
              139.4560042,
              35.8942753
            ],
            [
              139.4556245,
              35.8940701
            ],
            [
              139.4553492,
              35.8939303
            ],
            [
              139.454053,
              35.8932174
            ],
            [
              139.4528213,
              35.8925548
            ],
            [
              139.4522169,
              35.8922465
            ],
            [
              139.4518849,
              35.8920727
            ],
            [
              139.4515348,
              35.89189
            ],
            [
              139.4511663,
              35.8916948
            ],
            [
              139.4508444,
              35.8915273
            ],
            [
              139.450347,
              35.8912607
            ],
            [
              139.4497761,
              35.8909583
            ],
            [
              139.4494911,
              35.8907925
            ],
            [
              139.4492129,
              35.8906262
            ],
            [
              139.4479689,
              35.8897653
            ],
            [
              139.4474009,
              35.8893839
            ],
            [
              139.4470815,
              35.8891496
            ],
            [
              139.4467864,
              35.8889331
            ],
            [
              139.4466841,
              35.8888581
            ],
            [
              139.4465895,
              35.8887923
            ],
            [
              139.4458401,
              35.8882712
            ],
            [
              139.4445477,
              35.8873898
            ],
            [
              139.441825,
              35.8855205
            ],
            [
              139.4409526,
              35.8849064
            ],
            [
              139.4393302,
              35.8837792
            ],
            [
              139.4387653,
              35.8833867
            ],
            [
              139.4384239,
              35.8831453
            ],
            [
              139.4376452,
              35.8826152
            ],
            [
              139.4376266,
              35.8826026
            ],
            [
              139.4373139,
              35.8823847
            ],
            [
              139.4362516,
              35.8816443
            ],
            [
              139.4351189,
              35.8808203
            ],
            [
              139.4345111,
              35.8803361
            ],
            [
              139.4343833,
              35.8802342
            ],
            [
              139.4339788,
              35.8798997
            ],
            [
              139.4337586,
              35.8796895
            ],
            [
              139.4331651,
              35.8791537
            ],
            [
              139.4325825,
              35.8786006
            ],
            [
              139.4322939,
              35.8783298
            ],
            [
              139.4322679,
              35.8783054
            ],
            [
              139.4322433,
              35.8782824
            ],
            [
              139.4322199,
              35.8782604
            ],
            [
              139.4320095,
              35.8780634
            ],
            [
              139.4319643,
              35.8780213
            ],
            [
              139.4313179,
              35.8774261
            ],
            [
              139.4307039,
              35.8768243
            ],
            [
              139.430409,
              35.8765394
            ],
            [
              139.4301997,
              35.8763379
            ],
            [
              139.429912,
              35.8760632
            ],
            [
              139.4295886,
              35.8757409
            ],
            [
              139.429126,
              35.8753019
            ],
            [
              139.4289289,
              35.8751177
            ],
            [
              139.4279267,
              35.8741409
            ],
            [
              139.4274697,
              35.8736989
            ],
            [
              139.4268831,
              35.8731302
            ],
            [
              139.4265143,
              35.8727761
            ],
            [
              139.4260063,
              35.8722943
            ],
            [
              139.4256438,
              35.8719861
            ],
            [
              139.4255574,
              35.8719274
            ],
            [
              139.4253337,
              35.8717837
            ],
            [
              139.425129,
              35.8716651
            ],
            [
              139.4248992,
              35.8715511
            ],
            [
              139.4246791,
              35.8714545
            ],
            [
              139.4243814,
              35.8713554
            ],
            [
              139.4230037,
              35.8709216
            ],
            [
              139.4223081,
              35.8706921
            ],
            [
              139.4210994,
              35.870288
            ],
            [
              139.4209717,
              35.8702485
            ],
            [
              139.4204169,
              35.8700687
            ],
            [
              139.419793,
              35.8698611
            ],
            [
              139.4186444,
              35.8695046
            ],
            [
              139.418385,
              35.8694151
            ],
            [
              139.4179288,
              35.8692581
            ],
            [
              139.4156826,
              35.8685485
            ],
            [
              139.4151282,
              35.8683674
            ],
            [
              139.4142404,
              35.8680738
            ],
            [
              139.412587,
              35.8675424
            ],
            [
              139.412266,
              35.867439
            ],
            [
              139.4114782,
              35.8671851
            ],
            [
              139.4112305,
              35.8670954
            ],
            [
              139.4110023,
              35.8669994
            ],
            [
              139.4107079,
              35.8668622
            ],
            [
              139.4104665,
              35.8667426
            ],
            [
              139.4102221,
              35.8666016
            ],
            [
              139.4099898,
              35.8664578
            ],
            [
              139.4097617,
              35.8662961
            ],
            [
              139.4095955,
              35.8661591
            ],
            [
              139.4094526,
              35.8660265
            ],
            [
              139.4092616,
              35.8658436
            ],
            [
              139.4090713,
              35.8656443
            ],
            [
              139.4089196,
              35.865468
            ],
            [
              139.4087913,
              35.8653008
            ],
            [
              139.4081927,
              35.8643815
            ],
            [
              139.4080678,
              35.8641804
            ],
            [
              139.4080252,
              35.8641119
            ],
            [
              139.4078341,
              35.8638091
            ],
            [
              139.4077083,
              35.8636051
            ],
            [
              139.4075874,
              35.8634264
            ],
            [
              139.4072037,
              35.8628659
            ],
            [
              139.406484,
              35.8617641
            ],
            [
              139.4058658,
              35.8607337
            ],
            [
              139.405421,
              35.8600004
            ],
            [
              139.4052013,
              35.8596748
            ],
            [
              139.40471,
              35.8590065
            ],
            [
              139.4042121,
              35.8584311
            ],
            [
              139.4038718,
              35.8580417
            ],
            [
              139.4032527,
              35.857388
            ],
            [
              139.4027858,
              35.8568774
            ],
            [
              139.4019825,
              35.8560341
            ],
            [
              139.4015474,
              35.8555759
            ],
            [
              139.4015351,
              35.8555629
            ],
            [
              139.4011679,
              35.8551591
            ],
            [
              139.3995031,
              35.8533516
            ],
            [
              139.3992966,
              35.8531181
            ],
            [
              139.3982712,
              35.8520531
            ],
            [
              139.3977404,
              35.8515052
            ],
            [
              139.397598,
              35.8513607
            ],
            [
              139.3974969,
              35.851259
            ],
            [
              139.3973685,
              35.8511295
            ],
            [
              139.3971139,
              35.8508752
            ],
            [
              139.3968951,
              35.8506928
            ],
            [
              139.3965041,
              35.8503999
            ],
            [
              139.3963545,
              35.8502985
            ],
            [
              139.3961996,
              35.8502058
            ],
            [
              139.3952246,
              35.8496642
            ],
            [
              139.3947696,
              35.8494005
            ],
            [
              139.3947271,
              35.8493768
            ],
            [
              139.3946791,
              35.8493501
            ],
            [
              139.3942887,
              35.8491364
            ],
            [
              139.3940399,
              35.8489958
            ],
            [
              139.3935712,
              35.848732
            ],
            [
              139.3924949,
              35.8481321
            ],
            [
              139.3920295,
              35.8478715
            ],
            [
              139.3914736,
              35.8475647
            ],
            [
              139.3912478,
              35.8474269
            ],
            [
              139.3910484,
              35.8472968
            ],
            [
              139.3908878,
              35.8471722
            ],
            [
              139.3907764,
              35.8470777
            ],
            [
              139.3906716,
              35.8469751
            ],
            [
              139.3905425,
              35.8468474
            ],
            [
              139.3903896,
              35.8466796
            ],
            [
              139.3898875,
              35.8460926
            ],
            [
              139.3897733,
              35.8459628
            ],
            [
              139.3894734,
              35.8456159
            ],
            [
              139.3893839,
              35.8455026
            ],
            [
              139.3893025,
              35.8453964
            ],
            [
              139.3891127,
              35.8451787
            ],
            [
              139.3890114,
              35.8450714
            ],
            [
              139.3889797,
              35.8450406
            ],
            [
              139.3886851,
              35.844742
            ],
            [
              139.3882096,
              35.8442919
            ],
            [
              139.3881196,
              35.8442045
            ],
            [
              139.3880046,
              35.8440961
            ],
            [
              139.3872545,
              35.8433889
            ],
            [
              139.3870962,
              35.8432137
            ],
            [
              139.3869747,
              35.8430473
            ],
            [
              139.3868561,
              35.842856
            ],
            [
              139.3865678,
              35.8423589
            ],
            [
              139.3864707,
              35.8422312
            ],
            [
              139.3863465,
              35.8420983
            ],
            [
              139.3862097,
              35.8419808
            ],
            [
              139.3860258,
              35.8418467
            ],
            [
              139.3858276,
              35.8417183
            ],
            [
              139.3853789,
              35.8414497
            ],
            [
              139.3846503,
              35.8410115
            ],
            [
              139.3843997,
              35.840851
            ],
            [
              139.3841486,
              35.8406809
            ],
            [
              139.3839637,
              35.8405314
            ],
            [
              139.3834122,
              35.8400214
            ],
            [
              139.3832066,
              35.839823
            ],
            [
              139.3831663,
              35.8397841
            ],
            [
              139.3828988,
              35.839488
            ],
            [
              139.3827238,
              35.8392638
            ],
            [
              139.3825732,
              35.8390289
            ],
            [
              139.3824121,
              35.8387483
            ],
            [
              139.3821467,
              35.838146
            ],
            [
              139.38194,
              35.8377121
            ],
            [
              139.3817501,
              35.8372847
            ],
            [
              139.3815984,
              35.8369435
            ],
            [
              139.381468,
              35.8366501
            ],
            [
              139.3809873,
              35.8356152
            ],
            [
              139.3808587,
              35.835312
            ],
            [
              139.3807974,
              35.8351883
            ],
            [
              139.3806965,
              35.8349917
            ],
            [
              139.3806106,
              35.8347954
            ],
            [
              139.3805207,
              35.8345879
            ],
            [
              139.3804306,
              35.8343302
            ],
            [
              139.380403,
              35.8342174
            ],
            [
              139.3803531,
              35.8339953
            ],
            [
              139.3802039,
              35.8330973
            ],
            [
              139.3800817,
              35.8324195
            ],
            [
              139.3800253,
              35.8320202
            ],
            [
              139.3800182,
              35.8315141
            ],
            [
              139.3800377,
              35.8312869
            ],
            [
              139.3800835,
              35.8309782
            ],
            [
              139.3801828,
              35.8305095
            ],
            [
              139.3802016,
              35.8303944
            ],
            [
              139.380264,
              35.8300822
            ],
            [
              139.3803192,
              35.8297922
            ],
            [
              139.380344,
              35.8296578
            ],
            [
              139.3804555,
              35.8290447
            ],
            [
              139.3806286,
              35.8281903
            ],
            [
              139.380866,
              35.8269199
            ],
            [
              139.3809784,
              35.8263315
            ],
            [
              139.3810561,
              35.8259288
            ],
            [
              139.3811074,
              35.8256137
            ],
            [
              139.3811115,
              35.8255513
            ],
            [
              139.3811091,
              35.8254697
            ],
            [
              139.3810961,
              35.8254189
            ],
            [
              139.3810783,
              35.8253817
            ],
            [
              139.3810355,
              35.8253227
            ],
            [
              139.3805798,
              35.8247575
            ],
            [
              139.3801205,
              35.8242473
            ],
            [
              139.3800576,
              35.8241757
            ],
            [
              139.3800249,
              35.8241351
            ],
            [
              139.3795057,
              35.8235009
            ],
            [
              139.379384,
              35.8233427
            ],
            [
              139.3792258,
              35.823146
            ],
            [
              139.3789873,
              35.8228638
            ],
            [
              139.3787633,
              35.8225991
            ],
            [
              139.3785265,
              35.8223042
            ],
            [
              139.3782673,
              35.8219874
            ],
            [
              139.3781854,
              35.821884
            ],
            [
              139.3776076,
              35.8211654
            ],
            [
              139.3774283,
              35.8209238
            ],
            [
              139.3771795,
              35.8205976
            ],
            [
              139.377089,
              35.8204795
            ],
            [
              139.3769122,
              35.8202602
            ],
            [
              139.3767894,
              35.8200979
            ],
            [
              139.3766526,
              35.8199063
            ],
            [
              139.3765535,
              35.8197553
            ],
            [
              139.3765366,
              35.8197201
            ],
            [
              139.3764802,
              35.8196026
            ],
            [
              139.3764166,
              35.8194808
            ],
            [
              139.3763646,
              35.8193753
            ],
            [
              139.3763083,
              35.8192455
            ],
            [
              139.3762825,
              35.8191834
            ],
            [
              139.3762613,
              35.8191213
            ],
            [
              139.3762347,
              35.8190501
            ],
            [
              139.3762033,
              35.8189384
            ],
            [
              139.3761784,
              35.8188409
            ],
            [
              139.3761425,
              35.8186187
            ],
            [
              139.3761287,
              35.818428
            ],
            [
              139.3761227,
              35.818302
            ],
            [
              139.3761244,
              35.818171
            ],
            [
              139.3761341,
              35.8180341
            ],
            [
              139.3761469,
              35.817896
            ],
            [
              139.3761662,
              35.8177621
            ],
            [
              139.3761949,
              35.8176301
            ],
            [
              139.3762245,
              35.817502
            ],
            [
              139.3762594,
              35.8173717
            ],
            [
              139.3763328,
              35.8171022
            ],
            [
              139.3764256,
              35.8168087
            ],
            [
              139.3764817,
              35.8166444
            ],
            [
              139.376507,
              35.8165426
            ],
            [
              139.3765272,
              35.8164771
            ],
            [
              139.3765726,
              35.8163177
            ],
            [
              139.3766809,
              35.8159146
            ],
            [
              139.3767819,
              35.8155267
            ],
            [
              139.3770679,
              35.8144411
            ],
            [
              139.3771875,
              35.8140299
            ],
            [
              139.3772831,
              35.8136853
            ],
            [
              139.3774111,
              35.8131746
            ],
            [
              139.3774954,
              35.8128648
            ],
            [
              139.3776832,
              35.8122315
            ],
            [
              139.3777132,
              35.8121317
            ],
            [
              139.3777485,
              35.8120079
            ],
            [
              139.3779564,
              35.8112318
            ],
            [
              139.3781004,
              35.8107417
            ],
            [
              139.3781525,
              35.8105555
            ],
            [
              139.3784233,
              35.8096284
            ],
            [
              139.3784698,
              35.8094792
            ],
            [
              139.3787833,
              35.8083043
            ],
            [
              139.3788747,
              35.8079722
            ],
            [
              139.3789538,
              35.8076685
            ],
            [
              139.379018,
              35.8072611
            ],
            [
              139.3790359,
              35.8070205
            ],
            [
              139.3790254,
              35.8068158
            ],
            [
              139.3790044,
              35.8065992
            ],
            [
              139.3789624,
              35.8063927
            ],
            [
              139.3789009,
              35.806164
            ],
            [
              139.3788815,
              35.8061009
            ],
            [
              139.3788567,
              35.8060307
            ],
            [
              139.3787695,
              35.8058102
            ],
            [
              139.3786848,
              35.8056216
            ],
            [
              139.3785866,
              35.8054386
            ],
            [
              139.3784688,
              35.8052507
            ],
            [
              139.3783575,
              35.8050887
            ],
            [
              139.3782156,
              35.804899
            ],
            [
              139.378088,
              35.8047624
            ],
            [
              139.377936,
              35.8046137
            ],
            [
              139.3777732,
              35.8044634
            ],
            [
              139.3776744,
              35.8043893
            ],
            [
              139.3774835,
              35.8042462
            ],
            [
              139.3773629,
              35.804155
            ],
            [
              139.3770113,
              35.803921
            ],
            [
              139.3764013,
              35.8035149
            ],
            [
              139.3761916,
              35.8033694
            ],
            [
              139.3761747,
              35.8033577
            ],
            [
              139.375469,
              35.80287
            ],
            [
              139.3747238,
              35.8023644
            ],
            [
              139.3745991,
              35.8022807
            ],
            [
              139.3740334,
              35.8018904
            ],
            [
              139.3736386,
              35.8016205
            ],
            [
              139.3733597,
              35.8014429
            ],
            [
              139.3730763,
              35.8012753
            ],
            [
              139.3727777,
              35.8011074
            ],
            [
              139.3719905,
              35.8007216
            ],
            [
              139.3718011,
              35.8006288
            ],
            [
              139.3716717,
              35.8005651
            ],
            [
              139.3712688,
              35.8003666
            ],
            [
              139.3710473,
              35.800266
            ],
            [
              139.3701076,
              35.7998391
            ],
            [
              139.3696633,
              35.7996169
            ],
            [
              139.3690423,
              35.7993173
            ],
            [
              139.3688294,
              35.7992021
            ],
            [
              139.3687115,
              35.7991346
            ],
            [
              139.368542,
              35.7990411
            ],
            [
              139.3683583,
              35.7989258
            ],
            [
              139.3681915,
              35.7988091
            ],
            [
              139.3679763,
              35.798617
            ],
            [
              139.3679548,
              35.7985949
            ],
            [
              139.3678172,
              35.7984509
            ],
            [
              139.3676169,
              35.798231
            ],
            [
              139.3674517,
              35.7980228
            ],
            [
              139.3665268,
              35.79678
            ],
            [
              139.3662643,
              35.7964442
            ],
            [
              139.3657407,
              35.7957177
            ],
            [
              139.3657088,
              35.7956725
            ],
            [
              139.3651845,
              35.7949299
            ],
            [
              139.3645851,
              35.794119
            ],
            [
              139.3640329,
              35.7933453
            ],
            [
              139.3638468,
              35.7930852
            ],
            [
              139.363831,
              35.7930641
            ],
            [
              139.3633723,
              35.7924344
            ],
            [
              139.3627867,
              35.7916123
            ],
            [
              139.3621479,
              35.7907358
            ],
            [
              139.3616368,
              35.7900272
            ],
            [
              139.3612691,
              35.7895189
            ],
            [
              139.360284,
              35.788157
            ],
            [
              139.3597344,
              35.7874175
            ],
            [
              139.359383,
              35.7868923
            ],
            [
              139.3589382,
              35.7862275
            ],
            [
              139.3584838,
              35.7855605
            ],
            [
              139.3581795,
              35.785165
            ],
            [
              139.3580035,
              35.7849685
            ],
            [
              139.3578362,
              35.7848081
            ],
            [
              139.3577078,
              35.784718
            ],
            [
              139.3574986,
              35.7845952
            ],
            [
              139.3573773,
              35.7845424
            ],
            [
              139.3572331,
              35.7844763
            ],
            [
              139.3570832,
              35.7844372
            ],
            [
              139.3569447,
              35.7844021
            ],
            [
              139.3567832,
              35.7843775
            ],
            [
              139.3566843,
              35.7843718
            ],
            [
              139.3564399,
              35.7843658
            ],
            [
              139.3562177,
              35.7843705
            ],
            [
              139.3560014,
              35.7843846
            ],
            [
              139.355798,
              35.7844138
            ],
            [
              139.3551507,
              35.7845207
            ],
            [
              139.3545443,
              35.7845851
            ],
            [
              139.3539379,
              35.7846494
            ],
            [
              139.3523755,
              35.7848285
            ],
            [
              139.3519602,
              35.7848606
            ],
            [
              139.3514718,
              35.7848606
            ],
            [
              139.3504488,
              35.7847506
            ],
            [
              139.3495964,
              35.7845989
            ],
            [
              139.3490717,
              35.7844953
            ],
            [
              139.3483411,
              35.7843722
            ],
            [
              139.3480603,
              35.7843267
            ],
            [
              139.3478925,
              35.7843018
            ],
            [
              139.3476169,
              35.7842544
            ],
            [
              139.3474199,
              35.7842107
            ],
            [
              139.3472353,
              35.7841646
            ],
            [
              139.3469437,
              35.7840783
            ],
            [
              139.3467959,
              35.7840291
            ],
            [
              139.3466319,
              35.7839683
            ],
            [
              139.3464709,
              35.7839025
            ],
            [
              139.3461691,
              35.7837746
            ],
            [
              139.3461029,
              35.7837469
            ],
            [
              139.3459381,
              35.783668
            ],
            [
              139.3457005,
              35.7835542
            ],
            [
              139.3451964,
              35.7833142
            ],
            [
              139.3438913,
              35.7827139
            ],
            [
              139.3428054,
              35.7821968
            ],
            [
              139.341935,
              35.7817863
            ],
            [
              139.3413742,
              35.7815197
            ],
            [
              139.3408633,
              35.7812249
            ],
            [
              139.3407,
              35.7811176
            ],
            [
              139.3405336,
              35.7809878
            ],
            [
              139.3404827,
              35.7809469
            ],
            [
              139.3403537,
              35.7808358
            ],
            [
              139.3402318,
              35.7807132
            ],
            [
              139.3400929,
              35.7805542
            ],
            [
              139.3400234,
              35.7804756
            ],
            [
              139.3399528,
              35.7803866
            ],
            [
              139.3397622,
              35.7801316
            ],
            [
              139.3397127,
              35.7800615
            ],
            [
              139.3396682,
              35.7799974
            ],
            [
              139.3395786,
              35.7798726
            ],
            [
              139.3394912,
              35.7797479
            ],
            [
              139.3394125,
              35.7796323
            ],
            [
              139.3392184,
              35.7793425
            ],
            [
              139.338856,
              35.7788045
            ],
            [
              139.3386567,
              35.7784931
            ],
            [
              139.3384785,
              35.7782784
            ],
            [
              139.3379264,
              35.7775001
            ],
            [
              139.3374367,
              35.776757
            ],
            [
              139.3371207,
              35.7762782
            ],
            [
              139.3367057,
              35.7756048
            ],
            [
              139.3365515,
              35.775275
            ],
            [
              139.3364592,
              35.7749988
            ],
            [
              139.3364264,
              35.7748514
            ],
            [
              139.3363815,
              35.7745693
            ],
            [
              139.3363793,
              35.7741396
            ],
            [
              139.3364169,
              35.7737124
            ],
            [
              139.3364801,
              35.7733996
            ],
            [
              139.336553,
              35.7731681
            ],
            [
              139.3367504,
              35.7727639
            ],
            [
              139.3373656,
              35.7716483
            ],
            [
              139.3386039,
              35.7693839
            ],
            [
              139.3390372,
              35.7686003
            ],
            [
              139.3394689,
              35.7678286
            ],
            [
              139.3408721,
              35.7652297
            ],
            [
              139.340978,
              35.7650412
            ],
            [
              139.3410724,
              35.7648711
            ],
            [
              139.3412749,
              35.7645061
            ],
            [
              139.3413689,
              35.7643366
            ],
            [
              139.341545,
              35.7640193
            ],
            [
              139.3416481,
              35.7638148
            ],
            [
              139.3417273,
              35.7636306
            ],
            [
              139.3417803,
              35.7634404
            ],
            [
              139.3419689,
              35.7625486
            ],
            [
              139.342011,
              35.7623497
            ],
            [
              139.3421236,
              35.7619195
            ],
            [
              139.3422452,
              35.7614441
            ],
            [
              139.3423129,
              35.7611279
            ],
            [
              139.3423665,
              35.7608904
            ],
            [
              139.3425968,
              35.7599328
            ],
            [
              139.3429458,
              35.7582478
            ],
            [
              139.3429678,
              35.7580731
            ],
            [
              139.3429744,
              35.7578715
            ],
            [
              139.3429754,
              35.7577391
            ],
            [
              139.3429553,
              35.7575705
            ],
            [
              139.3429163,
              35.7574333
            ],
            [
              139.3428877,
              35.7573159
            ],
            [
              139.3428315,
              35.757181
            ],
            [
              139.3427782,
              35.7570717
            ],
            [
              139.3424987,
              35.7565717
            ],
            [
              139.3422886,
              35.7562075
            ],
            [
              139.3415664,
              35.7550072
            ],
            [
              139.340823,
              35.7538309
            ],
            [
              139.3405298,
              35.7533669
            ],
            [
              139.3401383,
              35.7526413
            ],
            [
              139.3394793,
              35.7514624
            ],
            [
              139.3379388,
              35.7488521
            ],
            [
              139.3377541,
              35.74853
            ],
            [
              139.3375002,
              35.7480871
            ],
            [
              139.337414,
              35.7478087
            ],
            [
              139.3373696,
              35.7474579
            ],
            [
              139.3373778,
              35.7470903
            ],
            [
              139.3376957,
              35.7446576
            ],
            [
              139.3378852,
              35.7429243
            ],
            [
              139.3379625,
              35.7423571
            ],
            [
              139.3381887,
              35.74049
            ],
            [
              139.3382706,
              35.7399579
            ],
            [
              139.3383474,
              35.7397144
            ],
            [
              139.3384017,
              35.7395507
            ],
            [
              139.3386643,
              35.7389856
            ],
            [
              139.3392942,
              35.7377305
            ],
            [
              139.3394984,
              35.7373441
            ],
            [
              139.3412004,
              35.7339021
            ],
            [
              139.3413589,
              35.733576
            ],
            [
              139.3415179,
              35.7332153
            ],
            [
              139.3416952,
              35.7327288
            ],
            [
              139.3421611,
              35.7312044
            ],
            [
              139.3426407,
              35.729696
            ],
            [
              139.3428432,
              35.7290422
            ],
            [
              139.3428858,
              35.7288593
            ],
            [
              139.3429098,
              35.7287273
            ],
            [
              139.342926,
              35.7286034
            ],
            [
              139.3429446,
              35.7283613
            ],
            [
              139.3429771,
              35.7278504
            ],
            [
              139.3430014,
              35.7274563
            ],
            [
              139.3430718,
              35.7270451
            ],
            [
              139.3431639,
              35.7266675
            ],
            [
              139.3432917,
              35.7262283
            ],
            [
              139.3433903,
              35.7258986
            ],
            [
              139.3434792,
              35.7255516
            ],
            [
              139.3435137,
              35.7254229
            ],
            [
              139.343537,
              35.7253252
            ],
            [
              139.3435456,
              35.7252287
            ],
            [
              139.3435315,
              35.7249809
            ],
            [
              139.3434961,
              35.7247819
            ],
            [
              139.3433816,
              35.7244512
            ],
            [
              139.3432803,
              35.7242741
            ],
            [
              139.3431698,
              35.7241182
            ],
            [
              139.3429989,
              35.7239373
            ],
            [
              139.3428757,
              35.7238175
            ],
            [
              139.3419199,
              35.7229641
            ],
            [
              139.3418629,
              35.7229132
            ],
            [
              139.3414855,
              35.7225709
            ],
            [
              139.3412533,
              35.7222831
            ],
            [
              139.3410275,
              35.7219233
            ],
            [
              139.340873,
              35.7216172
            ],
            [
              139.3407324,
              35.7213111
            ],
            [
              139.3406874,
              35.7211638
            ],
            [
              139.3406411,
              35.7209413
            ],
            [
              139.3406121,
              35.7207492
            ],
            [
              139.3405988,
              35.7206511
            ],
            [
              139.3405245,
              35.7201392
            ],
            [
              139.3405008,
              35.7199768
            ],
            [
              139.3404712,
              35.7198031
            ],
            [
              139.34043,
              35.7194739
            ],
            [
              139.3403666,
              35.7189465
            ],
            [
              139.3403521,
              35.7188183
            ],
            [
              139.3403429,
              35.71875
            ],
            [
              139.3403323,
              35.7186583
            ],
            [
              139.3403155,
              35.718542
            ],
            [
              139.3402866,
              35.7184076
            ],
            [
              139.3402542,
              35.7182732
            ],
            [
              139.3402167,
              35.7181423
            ],
            [
              139.3401813,
              35.7180335
            ],
            [
              139.3401158,
              35.7178416
            ],
            [
              139.3400905,
              35.7177757
            ],
            [
              139.34004,
              35.717653
            ],
            [
              139.3399975,
              35.7175438
            ],
            [
              139.3398315,
              35.7171508
            ],
            [
              139.3397544,
              35.7169867
            ],
            [
              139.3396428,
              35.716721
            ],
            [
              139.339575,
              35.7165464
            ],
            [
              139.3394206,
              35.7162183
            ],
            [
              139.3393861,
              35.7161391
            ],
            [
              139.3390394,
              35.715341
            ],
            [
              139.339007,
              35.7152723
            ],
            [
              139.3389107,
              35.7150413
            ],
            [
              139.3386634,
              35.7145374
            ],
            [
              139.3385028,
              35.7141744
            ],
            [
              139.3384623,
              35.7140863
            ],
            [
              139.3385096,
              35.7140216
            ],
            [
              139.3386448,
              35.7138569
            ],
            [
              139.3391092,
              35.7132661
            ],
            [
              139.339784,
              35.7123671
            ],
            [
              139.3400068,
              35.7120703
            ],
            [
              139.3404632,
              35.7114625
            ],
            [
              139.3408504,
              35.7109929
            ],
            [
              139.3409361,
              35.7108845
            ],
            [
              139.3414725,
              35.7103115
            ],
            [
              139.341868,
              35.7099514
            ],
            [
              139.3421011,
              35.7097779
            ],
            [
              139.3425161,
              35.7095227
            ],
            [
              139.3429384,
              35.7092907
            ],
            [
              139.343139,
              35.7091811
            ],
            [
              139.3438068,
              35.7088548
            ],
            [
              139.3445049,
              35.7085164
            ],
            [
              139.3458662,
              35.7078602
            ],
            [
              139.3463472,
              35.707638
            ],
            [
              139.3467698,
              35.7074427
            ],
            [
              139.3473122,
              35.7071901
            ],
            [
              139.348039,
              35.7068341
            ],
            [
              139.3484214,
              35.7066398
            ],
            [
              139.3498908,
              35.7059385
            ],
            [
              139.3499214,
              35.70582
            ],
            [
              139.349775,
              35.7055443
            ],
            [
              139.34971,
              35.7054181
            ],
            [
              139.3495778,
              35.705159
            ],
            [
              139.3495173,
              35.7050389
            ],
            [
              139.3494473,
              35.7049038
            ],
            [
              139.349349,
              35.7047117
            ],
            [
              139.3491408,
              35.7042831
            ],
            [
              139.3490388,
              35.7040611
            ],
            [
              139.348952,
              35.7038697
            ],
            [
              139.3488591,
              35.7036507
            ],
            [
              139.3486985,
              35.7032746
            ],
            [
              139.3485414,
              35.7028955
            ],
            [
              139.3483909,
              35.7024999
            ],
            [
              139.3482903,
              35.7022435
            ],
            [
              139.3481958,
              35.701982
            ],
            [
              139.3480955,
              35.7017307
            ],
            [
              139.3480013,
              35.7014687
            ],
            [
              139.347867,
              35.7011033
            ],
            [
              139.3477768,
              35.7008485
            ],
            [
              139.3476875,
              35.7006005
            ],
            [
              139.3476466,
              35.7004857
            ],
            [
              139.3476254,
              35.7004263
            ],
            [
              139.3475111,
              35.7001204
            ],
            [
              139.3474236,
              35.6998842
            ],
            [
              139.3473354,
              35.6996561
            ],
            [
              139.3473105,
              35.6995884
            ],
            [
              139.347032,
              35.6988365
            ],
            [
              139.3467208,
              35.6980012
            ],
            [
              139.3464361,
              35.6972303
            ],
            [
              139.3461024,
              35.6963315
            ],
            [
              139.3458166,
              35.6955673
            ],
            [
              139.345781,
              35.6954742
            ],
            [
              139.34575,
              35.6953793
            ],
            [
              139.3457197,
              35.6952834
            ],
            [
              139.3456917,
              35.6951875
            ],
            [
              139.3456737,
              35.6951152
            ],
            [
              139.345658,
              35.6950372
            ],
            [
              139.3456487,
              35.694932
            ],
            [
              139.3456505,
              35.6948309
            ],
            [
              139.3456537,
              35.6947704
            ],
            [
              139.3456638,
              35.6947014
            ],
            [
              139.3456776,
              35.6946406
            ],
            [
              139.3456926,
              35.6945742
            ],
            [
              139.3457194,
              35.694495
            ],
            [
              139.3457533,
              35.6944111
            ],
            [
              139.3457768,
              35.6943644
            ],
            [
              139.345805,
              35.6943157
            ],
            [
              139.3458499,
              35.6942452
            ],
            [
              139.3459017,
              35.6941671
            ],
            [
              139.3459364,
              35.6941254
            ],
            [
              139.3459791,
              35.6940787
            ],
            [
              139.3460178,
              35.6940377
            ],
            [
              139.3460626,
              35.6939935
            ],
            [
              139.3461538,
              35.6939179
            ],
            [
              139.3462264,
              35.6938646
            ],
            [
              139.3463071,
              35.6938114
            ],
            [
              139.3463638,
              35.6937793
            ],
            [
              139.346481,
              35.6937129
            ],
            [
              139.3466823,
              35.693627
            ],
            [
              139.3469223,
              35.6935263
            ],
            [
              139.3472051,
              35.6934106
            ],
            [
              139.3473361,
              35.6933574
            ],
            [
              139.3474992,
              35.6932873
            ],
            [
              139.3475797,
              35.6932506
            ],
            [
              139.347646,
              35.6932188
            ],
            [
              139.3477189,
              35.6931817
            ],
            [
              139.3477857,
              35.6931446
            ],
            [
              139.3478494,
              35.6931045
            ],
            [
              139.3479091,
              35.6930627
            ],
            [
              139.3479991,
              35.692994
            ],
            [
              139.3480627,
              35.6929352
            ],
            [
              139.348129,
              35.6928687
            ],
            [
              139.3481873,
              35.692807
            ],
            [
              139.3482314,
              35.6927503
            ],
            [
              139.3483015,
              35.6926478
            ],
            [
              139.3483426,
              35.6925836
            ],
            [
              139.3483776,
              35.6925161
            ],
            [
              139.3484068,
              35.6924528
            ],
            [
              139.3484279,
              35.6923928
            ],
            [
              139.3484577,
              35.6922919
            ],
            [
              139.3484774,
              35.692196
            ],
            [
              139.3484878,
              35.6921233
            ],
            [
              139.3484928,
              35.69205
            ],
            [
              139.3484937,
              35.6919834
            ],
            [
              139.3484901,
              35.6919177
            ],
            [
              139.3484824,
              35.6918554
            ],
            [
              139.3484546,
              35.6917166
            ],
            [
              139.3484228,
              35.6915944
            ],
            [
              139.348379,
              35.6914628
            ],
            [
              139.3483321,
              35.691329
            ],
            [
              139.3482771,
              35.691192
            ],
            [
              139.3481402,
              35.6908378
            ],
            [
              139.3481214,
              35.6907914
            ],
            [
              139.348046,
              35.6906059
            ],
            [
              139.3479809,
              35.690431
            ],
            [
              139.347955,
              35.6903616
            ],
            [
              139.347857,
              35.6900978
            ],
            [
              139.3478253,
              35.690002
            ],
            [
              139.3477946,
              35.6899256
            ],
            [
              139.3477699,
              35.6898443
            ],
            [
              139.3477512,
              35.6897799
            ],
            [
              139.3477346,
              35.6897147
            ],
            [
              139.3477198,
              35.6896474
            ],
            [
              139.347709,
              35.6895759
            ],
            [
              139.3477039,
              35.6895137
            ],
            [
              139.3477028,
              35.6894483
            ],
            [
              139.3477017,
              35.689381
            ],
            [
              139.3477087,
              35.6893087
            ],
            [
              139.3477166,
              35.6892421
            ],
            [
              139.3477266,
              35.6891788
            ],
            [
              139.3477901,
              35.6887815
            ],
            [
              139.3478604,
              35.688374
            ],
            [
              139.3479504,
              35.6878476
            ],
            [
              139.3479968,
              35.6875852
            ],
            [
              139.3480263,
              35.6873923
            ],
            [
              139.3480456,
              35.687244
            ],
            [
              139.348055,
              35.6871579
            ],
            [
              139.3480592,
              35.6870775
            ],
            [
              139.3480605,
              35.6869988
            ],
            [
              139.3480598,
              35.6869283
            ],
            [
              139.3480558,
              35.6868586
            ],
            [
              139.3480487,
              35.6867938
            ],
            [
              139.3480435,
              35.686741
            ],
            [
              139.3480353,
              35.6866846
            ],
            [
              139.3480148,
              35.6865882
            ],
            [
              139.3479937,
              35.6865054
            ],
            [
              139.3479639,
              35.6864368
            ],
            [
              139.3479324,
              35.6863638
            ],
            [
              139.3478959,
              35.6862951
            ],
            [
              139.3478552,
              35.6862289
            ],
            [
              139.3478002,
              35.6861441
            ],
            [
              139.3477576,
              35.6860856
            ],
            [
              139.347711,
              35.686026
            ],
            [
              139.3476081,
              35.6859124
            ],
            [
              139.3475268,
              35.6858282
            ],
            [
              139.3473123,
              35.6856262
            ],
            [
              139.3472658,
              35.6855862
            ],
            [
              139.3471644,
              35.6854991
            ],
            [
              139.3470579,
              35.6853979
            ],
            [
              139.3469985,
              35.6853415
            ],
            [
              139.3468729,
              35.6852268
            ],
            [
              139.3467436,
              35.6851222
            ],
            [
              139.3466518,
              35.6850487
            ],
            [
              139.3465582,
              35.6849672
            ],
            [
              139.3464946,
              35.6849081
            ],
            [
              139.3462942,
              35.6847073
            ],
            [
              139.3462607,
              35.6846704
            ],
            [
              139.346233,
              35.6846398
            ],
            [
              139.3461927,
              35.684591
            ],
            [
              139.3461018,
              35.6844632
            ],
            [
              139.3459664,
              35.6842861
            ],
            [
              139.3458294,
              35.6841136
            ],
            [
              139.3455811,
              35.6838012
            ],
            [
              139.3454277,
              35.683609
            ],
            [
              139.3454029,
              35.6835766
            ],
            [
              139.3452988,
              35.6834442
            ],
            [
              139.3452756,
              35.6834156
            ],
            [
              139.3452181,
              35.6833381
            ],
            [
              139.3451322,
              35.6832318
            ],
            [
              139.3450413,
              35.6831195
            ],
            [
              139.344953,
              35.6830069
            ],
            [
              139.3448621,
              35.6828886
            ],
            [
              139.3447786,
              35.6827751
            ],
            [
              139.3446962,
              35.6826573
            ],
            [
              139.3446411,
              35.6825749
            ],
            [
              139.3446211,
              35.6825425
            ],
            [
              139.3445425,
              35.6824177
            ],
            [
              139.3444694,
              35.682293
            ],
            [
              139.3443991,
              35.6821711
            ],
            [
              139.3443337,
              35.6820488
            ],
            [
              139.3442667,
              35.6819278
            ],
            [
              139.3442032,
              35.681814
            ],
            [
              139.344036,
              35.6815342
            ],
            [
              139.3438014,
              35.6811119
            ],
            [
              139.3437044,
              35.6809484
            ],
            [
              139.34363,
              35.680831
            ],
            [
              139.3435694,
              35.6807434
            ],
            [
              139.3434697,
              35.6806197
            ],
            [
              139.3434055,
              35.68055
            ],
            [
              139.3433496,
              35.6804906
            ],
            [
              139.3432901,
              35.6804358
            ],
            [
              139.3432337,
              35.6803839
            ],
            [
              139.3430746,
              35.6802636
            ],
            [
              139.3429945,
              35.6802063
            ],
            [
              139.3428663,
              35.6801301
            ],
            [
              139.3427636,
              35.680074
            ],
            [
              139.342662,
              35.6800247
            ],
            [
              139.3425441,
              35.6799741
            ],
            [
              139.3424461,
              35.6799399
            ],
            [
              139.3423135,
              35.6798945
            ],
            [
              139.34215,
              35.6798433
            ],
            [
              139.3418631,
              35.6797664
            ],
            [
              139.340089,
              35.6793609
            ],
            [
              139.3398402,
              35.679304
            ],
            [
              139.3391183,
              35.679139
            ],
            [
              139.3383628,
              35.6789663
            ],
            [
              139.3381255,
              35.6789121
            ],
            [
              139.3377765,
              35.6788323
            ],
            [
              139.3374953,
              35.6787681
            ],
            [
              139.3373908,
              35.6787442
            ],
            [
              139.3357906,
              35.6783784
            ],
            [
              139.3357085,
              35.6783597
            ],
            [
              139.335556,
              35.6783248
            ],
            [
              139.3348272,
              35.6781582
            ],
            [
              139.3346278,
              35.6781126
            ],
            [
              139.3340821,
              35.6779879
            ],
            [
              139.3339384,
              35.6779541
            ],
            [
              139.3337771,
              35.6779098
            ],
            [
              139.3336555,
              35.6778718
            ],
            [
              139.3336023,
              35.6778557
            ],
            [
              139.3335545,
              35.6778413
            ],
            [
              139.3334597,
              35.6778079
            ],
            [
              139.3332975,
              35.6777382
            ],
            [
              139.3332589,
              35.6777192
            ],
            [
              139.3331997,
              35.6776906
            ],
            [
              139.333138,
              35.6776554
            ],
            [
              139.3330708,
              35.6776168
            ],
            [
              139.3329504,
              35.6775385
            ],
            [
              139.332855,
              35.6774663
            ],
            [
              139.3327476,
              35.6773851
            ],
            [
              139.3326869,
              35.6773333
            ],
            [
              139.3326288,
              35.6772801
            ],
            [
              139.3325291,
              35.6771783
            ],
            [
              139.3324777,
              35.6771217
            ],
            [
              139.3324307,
              35.6770651
            ],
            [
              139.3323911,
              35.6770112
            ],
            [
              139.3323541,
              35.676956
            ],
            [
              139.332305,
              35.6768839
            ],
            [
              139.3322619,
              35.67681
            ],
            [
              139.3322092,
              35.6766974
            ],
            [
              139.3321644,
              35.6765827
            ],
            [
              139.3321227,
              35.6764459
            ],
            [
              139.3320951,
              35.676319
            ],
            [
              139.3320793,
              35.6761902
            ],
            [
              139.3320741,
              35.6761216
            ],
            [
              139.3320729,
              35.6760514
            ],
            [
              139.3320746,
              35.6759838
            ],
            [
              139.3320793,
              35.6759146
            ],
            [
              139.3320897,
              35.6758543
            ],
            [
              139.3321012,
              35.6757924
            ],
            [
              139.3321353,
              35.6756495
            ],
            [
              139.3321686,
              35.6755433
            ],
            [
              139.3321923,
              35.6754668
            ],
            [
              139.3322257,
              35.6753709
            ],
            [
              139.3322394,
              35.6753365
            ],
            [
              139.3323013,
              35.6751828
            ],
            [
              139.3323452,
              35.6750714
            ],
            [
              139.332385,
              35.6749584
            ],
            [
              139.3324574,
              35.6747403
            ],
            [
              139.3324795,
              35.6746684
            ],
            [
              139.3325007,
              35.6745956
            ],
            [
              139.3325189,
              35.6745234
            ],
            [
              139.332537,
              35.6744512
            ],
            [
              139.3325497,
              35.6743757
            ],
            [
              139.3325593,
              35.674301
            ],
            [
              139.3325659,
              35.6742274
            ],
            [
              139.3325706,
              35.6741531
            ],
            [
              139.3325717,
              35.6740888
            ],
            [
              139.3325708,
              35.6740245
            ],
            [
              139.3325644,
              35.6739257
            ],
            [
              139.3325545,
              35.6738274
            ],
            [
              139.3325364,
              35.6737262
            ],
            [
              139.3325262,
              35.673678
            ],
            [
              139.3325159,
              35.6736307
            ],
            [
              139.3324927,
              35.6735492
            ],
            [
              139.3324734,
              35.6734863
            ],
            [
              139.33245,
              35.6734233
            ],
            [
              139.3324215,
              35.6733425
            ],
            [
              139.332388,
              35.6732641
            ],
            [
              139.3323369,
              35.6731566
            ],
            [
              139.3322827,
              35.6730483
            ],
            [
              139.3321692,
              35.6728221
            ],
            [
              139.3321151,
              35.6727073
            ],
            [
              139.3321003,
              35.6726756
            ],
            [
              139.3320501,
              35.6725517
            ],
            [
              139.3319979,
              35.672419
            ],
            [
              139.3319737,
              35.6723593
            ],
            [
              139.3319368,
              35.6722679
            ],
            [
              139.3319051,
              35.6721766
            ],
            [
              139.3318896,
              35.672129
            ],
            [
              139.3318567,
              35.672028
            ],
            [
              139.3318262,
              35.6719227
            ],
            [
              139.3317718,
              35.6717358
            ],
            [
              139.3317333,
              35.6716144
            ],
            [
              139.3316927,
              35.6714714
            ],
            [
              139.331644,
              35.6712998
            ],
            [
              139.3315301,
              35.6709026
            ],
            [
              139.3315078,
              35.6708249
            ],
            [
              139.3314561,
              35.6706442
            ],
            [
              139.3313511,
              35.6702632
            ],
            [
              139.3313399,
              35.6702252
            ],
            [
              139.3312978,
              35.6700819
            ],
            [
              139.3312731,
              35.6699967
            ],
            [
              139.3312451,
              35.6699001
            ],
            [
              139.3311726,
              35.6696447
            ],
            [
              139.3310989,
              35.6693969
            ],
            [
              139.3310531,
              35.669227
            ],
            [
              139.3310379,
              35.669172
            ],
            [
              139.331014,
              35.6690887
            ],
            [
              139.3310063,
              35.6690623
            ],
            [
              139.3309478,
              35.6688515
            ],
            [
              139.3309334,
              35.6687965
            ],
            [
              139.3308198,
              35.6683916
            ],
            [
              139.3307858,
              35.6682762
            ],
            [
              139.3307327,
              35.6680686
            ],
            [
              139.3306078,
              35.6675911
            ],
            [
              139.3305173,
              35.6672195
            ],
            [
              139.3304916,
              35.667115
            ],
            [
              139.3304771,
              35.667049
            ],
            [
              139.3302038,
              35.6660086
            ],
            [
              139.3301859,
              35.6659323
            ],
            [
              139.3301467,
              35.6657891
            ],
            [
              139.3298916,
              35.664853
            ],
            [
              139.3297473,
              35.6643322
            ],
            [
              139.3295838,
              35.6637344
            ],
            [
              139.3295521,
              35.6636124
            ],
            [
              139.329456,
              35.6631999
            ],
            [
              139.3294427,
              35.6631381
            ],
            [
              139.3293918,
              35.6629146
            ],
            [
              139.3293837,
              35.6628788
            ],
            [
              139.3293502,
              35.6627235
            ],
            [
              139.3292382,
              35.6622225
            ],
            [
              139.3289772,
              35.6611048
            ],
            [
              139.3289019,
              35.6607801
            ],
            [
              139.3288246,
              35.660451
            ],
            [
              139.3287911,
              35.6603081
            ]
          ],
          [
            [
              139.3390511,
              35.60026
            ],
            [
              139.3389971,
              35.6000102
            ],
            [
              139.3389268,
              35.5995959
            ],
            [
              139.3388968,
              35.5994481
            ],
            [
              139.3387504,
              35.5985093
            ],
            [
              139.3386949,
              35.5981611
            ],
            [
              139.3386665,
              35.5979631
            ],
            [
              139.3386532,
              35.5978173
            ],
            [
              139.3386417,
              35.5976905
            ],
            [
              139.3386387,
              35.5975783
            ],
            [
              139.338638,
              35.5974843
            ],
            [
              139.3386419,
              35.5973839
            ],
            [
              139.3386466,
              35.5972797
            ],
            [
              139.3386539,
              35.597173
            ],
            [
              139.3386651,
              35.5970717
            ],
            [
              139.3386854,
              35.5969224
            ],
            [
              139.3387119,
              35.5967839
            ],
            [
              139.3387374,
              35.5966857
            ],
            [
              139.3387587,
              35.5965948
            ],
            [
              139.338778,
              35.5965102
            ],
            [
              139.3388093,
              35.5964061
            ],
            [
              139.3388977,
              35.596154
            ],
            [
              139.3389469,
              35.5960478
            ],
            [
              139.3390471,
              35.5957892
            ],
            [
              139.3391715,
              35.5955365
            ],
            [
              139.3392933,
              35.5952989
            ],
            [
              139.3396169,
              35.5946644
            ],
            [
              139.3398979,
              35.5941133
            ],
            [
              139.3399261,
              35.5940578
            ],
            [
              139.3399536,
              35.5939965
            ],
            [
              139.3401567,
              35.5935774
            ],
            [
              139.3403633,
              35.5931525
            ],
            [
              139.340568,
              35.5927363
            ],
            [
              139.3406825,
              35.5924956
            ],
            [
              139.3408113,
              35.5922399
            ],
            [
              139.3409323,
              35.5919894
            ],
            [
              139.3409595,
              35.5919332
            ],
            [
              139.3409963,
              35.5918618
            ],
            [
              139.3410303,
              35.5918003
            ],
            [
              139.341173,
              35.5915309
            ],
            [
              139.3413273,
              35.5912607
            ],
            [
              139.341526,
              35.5909319
            ],
            [
              139.3417283,
              35.5906117
            ],
            [
              139.341906,
              35.5903433
            ],
            [
              139.342407,
              35.5895493
            ],
            [
              139.3428811,
              35.5888174
            ],
            [
              139.3430334,
              35.5885808
            ],
            [
              139.3431798,
              35.5883358
            ],
            [
              139.3432535,
              35.5882134
            ],
            [
              139.3433316,
              35.5880909
            ],
            [
              139.3436321,
              35.5876127
            ],
            [
              139.3439804,
              35.5870493
            ],
            [
              139.3441623,
              35.5867739
            ],
            [
              139.3442478,
              35.5866543
            ],
            [
              139.3443353,
              35.5865434
            ],
            [
              139.3444297,
              35.5864323
            ],
            [
              139.3445693,
              35.5862883
            ],
            [
              139.3446697,
              35.5862002
            ],
            [
              139.3447634,
              35.5861341
            ],
            [
              139.3448816,
              35.5860586
            ],
            [
              139.3450223,
              35.585979
            ],
            [
              139.3451611,
              35.5859143
            ],
            [
              139.345324,
              35.585852
            ],
            [
              139.3454808,
              35.5858002
            ],
            [
              139.3459065,
              35.5856692
            ],
            [
              139.3471424,
              35.5853071
            ],
            [
              139.3479468,
              35.5850713
            ],
            [
              139.3485627,
              35.5848904
            ],
            [
              139.3488412,
              35.5848047
            ],
            [
              139.3493025,
              35.5846702
            ],
            [
              139.3496044,
              35.5845784
            ],
            [
              139.3497078,
              35.5845478
            ],
            [
              139.3499155,
              35.5844836
            ],
            [
              139.350132,
              35.584419
            ],
            [
              139.3508516,
              35.5842019
            ],
            [
              139.3526352,
              35.5836603
            ],
            [
              139.3527071,
              35.5836373
            ],
            [
              139.3530194,
              35.5835444
            ],
            [
              139.3533335,
              35.5834445
            ],
            [
              139.3534704,
              35.5833967
            ],
            [
              139.3536315,
              35.5833391
            ],
            [
              139.3537782,
              35.5832847
            ],
            [
              139.3539277,
              35.583227
            ],
            [
              139.3540821,
              35.583165
            ],
            [
              139.3542283,
              35.583103
            ],
            [
              139.3543987,
              35.5830283
            ],
            [
              139.3546478,
              35.5829143
            ],
            [
              139.3548394,
              35.5828211
            ],
            [
              139.3549893,
              35.5827481
            ],
            [
              139.3551102,
              35.5826908
            ],
            [
              139.3552601,
              35.5826072
            ],
            [
              139.3557251,
              35.5823455
            ],
            [
              139.3560748,
              35.5821375
            ],
            [
              139.3567082,
              35.5817686
            ],
            [
              139.3567865,
              35.581723
            ],
            [
              139.3568652,
              35.5816775
            ],
            [
              139.3581376,
              35.5809418
            ],
            [
              139.3594125,
              35.5802047
            ],
            [
              139.3594676,
              35.5801729
            ],
            [
              139.3595415,
              35.5801302
            ],
            [
              139.3601263,
              35.579792
            ],
            [
              139.3605103,
              35.5795722
            ],
            [
              139.3613225,
              35.5791074
            ],
            [
              139.3615716,
              35.5789671
            ],
            [
              139.3621612,
              35.5786349
            ],
            [
              139.3623812,
              35.5785109
            ],
            [
              139.362534,
              35.5784248
            ],
            [
              139.3629634,
              35.57818
            ],
            [
              139.3633648,
              35.5779722
            ],
            [
              139.3634572,
              35.5779291
            ],
            [
              139.3634929,
              35.5779125
            ],
            [
              139.3638034,
              35.5777731
            ],
            [
              139.364039,
              35.5776683
            ],
            [
              139.3643768,
              35.5775093
            ],
            [
              139.3644768,
              35.5774623
            ],
            [
              139.3645786,
              35.5774143
            ],
            [
              139.3648182,
              35.5773016
            ],
            [
              139.3656391,
              35.5769174
            ],
            [
              139.3666118,
              35.5764621
            ],
            [
              139.3671509,
              35.5762098
            ],
            [
              139.3671801,
              35.5761961
            ],
            [
              139.3673329,
              35.5761246
            ],
            [
              139.3674812,
              35.5760562
            ],
            [
              139.3679372,
              35.5758433
            ],
            [
              139.3695527,
              35.575089
            ],
            [
              139.3702677,
              35.5747531
            ],
            [
              139.3710509,
              35.5743857
            ],
            [
              139.3711017,
              35.5743621
            ],
            [
              139.3712364,
              35.5742994
            ],
            [
              139.3713616,
              35.5742412
            ],
            [
              139.371426,
              35.5742113
            ],
            [
              139.3724155,
              35.5737471
            ],
            [
              139.373547,
              35.5732181
            ],
            [
              139.3743371,
              35.5728487
            ],
            [
              139.3746073,
              35.5727203
            ],
            [
              139.3750125,
              35.5725293
            ],
            [
              139.3751741,
              35.5724536
            ],
            [
              139.3753124,
              35.5723897
            ],
            [
              139.3753386,
              35.5723776
            ],
            [
              139.3757366,
              35.5721935
            ],
            [
              139.3764351,
              35.571868
            ],
            [
              139.3771439,
              35.5715341
            ],
            [
              139.3775978,
              35.571322
            ],
            [
              139.3777357,
              35.5712502
            ],
            [
              139.3778817,
              35.5711784
            ],
            [
              139.3781493,
              35.5710529
            ],
            [
              139.3784831,
              35.5708948
            ],
            [
              139.3785057,
              35.5708841
            ],
            [
              139.3785666,
              35.5708553
            ],
            [
              139.3787964,
              35.57075
            ],
            [
              139.3789997,
              35.5706588
            ],
            [
              139.3792226,
              35.5705517
            ],
            [
              139.3796568,
              35.570362
            ],
            [
              139.3803902,
              35.5700213
            ],
            [
              139.3810924,
              35.5696912
            ],
            [
              139.3814186,
              35.5695295
            ],
            [
              139.3815949,
              35.5694428
            ],
            [
              139.3817813,
              35.5693578
            ],
            [
              139.3821237,
              35.5691987
            ],
            [
              139.3822275,
              35.5691523
            ],
            [
              139.3826732,
              35.5689421
            ],
            [
              139.383043,
              35.5687691
            ],
            [
              139.383303,
              35.5686557
            ],
            [
              139.3837764,
              35.5684387
            ],
            [
              139.3848471,
              35.5679368
            ],
            [
              139.3860784,
              35.5673641
            ],
            [
              139.3863073,
              35.5672548
            ],
            [
              139.386638,
              35.5671
            ],
            [
              139.3866618,
              35.5670888
            ],
            [
              139.3868717,
              35.5669902
            ],
            [
              139.3870255,
              35.5669169
            ],
            [
              139.3872648,
              35.5668028
            ],
            [
              139.3873984,
              35.5667373
            ],
            [
              139.3875439,
              35.5666654
            ],
            [
              139.3877158,
              35.566577
            ],
            [
              139.387981,
              35.5664524
            ],
            [
              139.3887014,
              35.5661172
            ],
            [
              139.3891135,
              35.5659274
            ],
            [
              139.3896334,
              35.5656911
            ],
            [
              139.3896974,
              35.5656619
            ],
            [
              139.3897634,
              35.5656307
            ],
            [
              139.3900801,
              35.5654801
            ],
            [
              139.3908071,
              35.5651375
            ],
            [
              139.3908772,
              35.5651049
            ],
            [
              139.3909412,
              35.5650751
            ],
            [
              139.3922809,
              35.5644563
            ],
            [
              139.3924286,
              35.5643864
            ],
            [
              139.3925907,
              35.564311
            ],
            [
              139.3931253,
              35.5640621
            ],
            [
              139.3939028,
              35.5637004
            ],
            [
              139.393967,
              35.5636706
            ],
            [
              139.3940376,
              35.5636374
            ],
            [
              139.3951815,
              35.5630991
            ],
            [
              139.3965092,
              35.5624791
            ],
            [
              139.3966265,
              35.5624248
            ],
            [
              139.3968261,
              35.5623323
            ],
            [
              139.3979107,
              35.5618301
            ],
            [
              139.3979915,
              35.5617932
            ],
            [
              139.3995085,
              35.5610848
            ],
            [
              139.3996351,
              35.5610242
            ],
            [
              139.4005823,
              35.5605835
            ],
            [
              139.4006269,
              35.5605628
            ],
            [
              139.4006755,
              35.5605402
            ],
            [
              139.4017644,
              35.5600327
            ],
            [
              139.4027068,
              35.5595921
            ],
            [
              139.4031064,
              35.5594066
            ],
            [
              139.4031907,
              35.5593675
            ],
            [
              139.4036471,
              35.5591551
            ],
            [
              139.4048986,
              35.5585709
            ],
            [
              139.4049695,
              35.5585378
            ],
            [
              139.4050184,
              35.5585148
            ],
            [
              139.4065622,
              35.5577894
            ],
            [
              139.4075386,
              35.5573365
            ],
            [
              139.408877,
              35.5567169
            ],
            [
              139.4090244,
              35.5566486
            ],
            [
              139.4091306,
              35.5566001
            ],
            [
              139.4092505,
              35.556545
            ],
            [
              139.4102112,
              35.5561081
            ],
            [
              139.410946,
              35.5557681
            ],
            [
              139.4119608,
              35.5552971
            ],
            [
              139.4121855,
              35.5551928
            ],
            [
              139.4123015,
              35.5551378
            ],
            [
              139.4133124,
              35.5546589
            ],
            [
              139.4133994,
              35.5546177
            ],
            [
              139.4134923,
              35.55457
            ],
            [
              139.4145134,
              35.5540456
            ],
            [
              139.4146104,
              35.5539955
            ],
            [
              139.4147103,
              35.5539416
            ],
            [
              139.415684,
              35.5534142
            ],
            [
              139.4162711,
              35.55309
            ],
            [
              139.4173436,
              35.5524803
            ],
            [
              139.4178303,
              35.5521833
            ],
            [
              139.4184628,
              35.5517854
            ],
            [
              139.419365,
              35.5511986
            ],
            [
              139.4195013,
              35.5511074
            ],
            [
              139.4197366,
              35.5509501
            ],
            [
              139.4198314,
              35.5508867
            ],
            [
              139.4199355,
              35.550816
            ],
            [
              139.4207118,
              35.5502886
            ],
            [
              139.4208984,
              35.5501534
            ],
            [
              139.4215975,
              35.5496467
            ],
            [
              139.4216833,
              35.5495838
            ],
            [
              139.4225708,
              35.5489142
            ],
            [
              139.4226603,
              35.5488465
            ],
            [
              139.4227423,
              35.5487818
            ],
            [
              139.4229606,
              35.5486096
            ],
            [
              139.4236282,
              35.5480825
            ],
            [
              139.4238265,
              35.5479259
            ],
            [
              139.4238748,
              35.5478878
            ],
            [
              139.4242634,
              35.5475604
            ],
            [
              139.4246049,
              35.5472822
            ],
            [
              139.4246604,
              35.5472368
            ],
            [
              139.4247568,
              35.5471561
            ],
            [
              139.4251681,
              35.5468116
            ],
            [
              139.4258267,
              35.5462665
            ],
            [
              139.4261515,
              35.5459962
            ],
            [
              139.4264835,
              35.5457251
            ],
            [
              139.4265552,
              35.545664
            ],
            [
              139.4269482,
              35.5453376
            ],
            [
              139.4273448,
              35.5450111
            ],
            [
              139.4280568,
              35.5444143
            ],
            [
              139.4284381,
              35.5440898
            ],
            [
              139.4288079,
              35.5437667
            ],
            [
              139.4294713,
              35.5431754
            ],
            [
              139.4299329,
              35.5427536
            ],
            [
              139.4300022,
              35.5426903
            ],
            [
              139.4300928,
              35.5426075
            ],
            [
              139.430175,
              35.5425292
            ],
            [
              139.4308185,
              35.5419147
            ],
            [
              139.4314956,
              35.5412314
            ],
            [
              139.4315632,
              35.5411632
            ],
            [
              139.4316415,
              35.5410808
            ],
            [
              139.4325628,
              35.5401105
            ],
            [
              139.4328179,
              35.539834
            ],
            [
              139.4330251,
              35.5396108
            ],
            [
              139.4330793,
              35.5395546
            ],
            [
              139.4331708,
              35.5394557
            ],
            [
              139.4337354,
              35.538846
            ],
            [
              139.4343715,
              35.5381554
            ],
            [
              139.4344216,
              35.538101
            ],
            [
              139.4344894,
              35.5380285
            ],
            [
              139.435072,
              35.5374058
            ],
            [
              139.4352755,
              35.5371844
            ],
            [
              139.4357211,
              35.536713
            ],
            [
              139.4358342,
              35.5366003
            ],
            [
              139.436015,
              35.5364179
            ],
            [
              139.4363034,
              35.5361311
            ],
            [
              139.4366011,
              35.5358425
            ],
            [
              139.4367898,
              35.53567
            ],
            [
              139.4370086,
              35.535472
            ],
            [
              139.437594,
              35.5349742
            ],
            [
              139.4384098,
              35.5342935
            ],
            [
              139.4400676,
              35.5329201
            ],
            [
              139.4405531,
              35.5325192
            ],
            [
              139.4411272,
              35.5320452
            ],
            [
              139.4418061,
              35.5314847
            ],
            [
              139.442266,
              35.5310961
            ],
            [
              139.4429488,
              35.530519
            ],
            [
              139.4430206,
              35.5304584
            ],
            [
              139.4440234,
              35.529611
            ],
            [
              139.4447914,
              35.528962
            ],
            [
              139.4454691,
              35.5283861
            ],
            [
              139.4459036,
              35.5280119
            ],
            [
              139.4463687,
              35.5276064
            ],
            [
              139.4466727,
              35.5273179
            ],
            [
              139.4471134,
              35.5268854
            ],
            [
              139.4474469,
              35.5265385
            ],
            [
              139.447857,
              35.5261012
            ],
            [
              139.4482364,
              35.5256677
            ],
            [
              139.4487267,
              35.5250645
            ],
            [
              139.4490137,
              35.5247019
            ],
            [
              139.4497106,
              35.5238213
            ],
            [
              139.4499792,
              35.523482
            ],
            [
              139.4505288,
              35.5227874
            ],
            [
              139.4513263,
              35.5217823
            ],
            [
              139.4517374,
              35.5212684
            ],
            [
              139.4521306,
              35.5207905
            ],
            [
              139.4527,
              35.5200767
            ],
            [
              139.4530721,
              35.5196119
            ],
            [
              139.453726,
              35.5187833
            ],
            [
              139.4546423,
              35.517639
            ],
            [
              139.45558,
              35.5165123
            ],
            [
              139.4560107,
              35.516025
            ],
            [
              139.4563851,
              35.5156543
            ],
            [
              139.4568047,
              35.5152811
            ],
            [
              139.4570757,
              35.5150779
            ],
            [
              139.4573224,
              35.5149181
            ],
            [
              139.4576782,
              35.5147296
            ],
            [
              139.4579622,
              35.5146068
            ],
            [
              139.4582384,
              35.5145019
            ],
            [
              139.4585471,
              35.5144081
            ],
            [
              139.4588564,
              35.5143318
            ],
            [
              139.4591465,
              35.5142746
            ],
            [
              139.4594062,
              35.5142331
            ],
            [
              139.4599333,
              35.514165
            ],
            [
              139.4611649,
              35.5140546
            ],
            [
              139.4613712,
              35.5140369
            ],
            [
              139.46383,
              35.5138096
            ],
            [
              139.464243,
              35.5137721
            ],
            [
              139.4646352,
              35.5137419
            ],
            [
              139.4652834,
              35.5136919
            ],
            [
              139.4654095,
              35.5136822
            ],
            [
              139.4664711,
              35.513606
            ],
            [
              139.467636,
              35.5135694
            ],
            [
              139.4679174,
              35.5135523
            ],
            [
              139.4680769,
              35.5135396
            ],
            [
              139.4681261,
              35.5135346
            ],
            [
              139.4683869,
              35.5135024
            ],
            [
              139.4687094,
              35.5134463
            ],
            [
              139.4690035,
              35.5133841
            ],
            [
              139.469318,
              35.5133081
            ],
            [
              139.4696368,
              35.5132168
            ],
            [
              139.4699066,
              35.5131255
            ],
            [
              139.4701841,
              35.5130149
            ],
            [
              139.4703115,
              35.5129619
            ],
            [
              139.470476,
              35.5128906
            ],
            [
              139.4705064,
              35.5128766
            ],
            [
              139.4705979,
              35.5128342
            ],
            [
              139.470853,
              35.5127094
            ],
            [
              139.470967,
              35.5126466
            ],
            [
              139.4711431,
              35.5125375
            ],
            [
              139.4713663,
              35.512391
            ],
            [
              139.4715184,
              35.5122856
            ],
            [
              139.4721136,
              35.5118586
            ],
            [
              139.4723098,
              35.5117204
            ],
            [
              139.4733247,
              35.5110388
            ],
            [
              139.4739165,
              35.5106452
            ],
            [
              139.4751154,
              35.5098157
            ],
            [
              139.4753763,
              35.5096377
            ],
            [
              139.4755355,
              35.509526
            ],
            [
              139.4757544,
              35.5093743
            ],
            [
              139.4758679,
              35.5092955
            ],
            [
              139.4762176,
              35.509053
            ],
            [
              139.4764181,
              35.508914
            ],
            [
              139.4774503,
              35.5082118
            ],
            [
              139.4777084,
              35.5080465
            ],
            [
              139.4777848,
              35.5079965
            ],
            [
              139.4787268,
              35.5073724
            ],
            [
              139.4790605,
              35.5071541
            ],
            [
              139.4792839,
              35.5070157
            ],
            [
              139.4795407,
              35.5068656
            ],
            [
              139.4798412,
              35.506692
            ],
            [
              139.4803037,
              35.5064518
            ],
            [
              139.4809099,
              35.50617
            ],
            [
              139.4812691,
              35.5060054
            ],
            [
              139.4818556,
              35.5057483
            ],
            [
              139.4823757,
              35.5055238
            ],
            [
              139.4839523,
              35.5048694
            ],
            [
              139.4850949,
              35.504394
            ],
            [
              139.4867691,
              35.5037153
            ],
            [
              139.4873356,
              35.5034817
            ],
            [
              139.4876963,
              35.503333
            ],
            [
              139.4885101,
              35.5030027
            ],
            [
              139.4886025,
              35.5029645
            ],
            [
              139.4891878,
              35.5027221
            ],
            [
              139.4893804,
              35.5026339
            ],
            [
              139.4895962,
              35.502524
            ],
            [
              139.4899486,
              35.5023139
            ],
            [
              139.4902855,
              35.5020822
            ],
            [
              139.4905025,
              35.5019055
            ],
            [
              139.4907143,
              35.5017083
            ],
            [
              139.4909748,
              35.5014341
            ],
            [
              139.4922835,
              35.4997369
            ],
            [
              139.4929027,
              35.4990226
            ],
            [
              139.4939525,
              35.497668
            ],
            [
              139.4939749,
              35.4976319
            ],
            [
              139.4939884,
              35.4975939
            ],
            [
              139.4939917,
              35.497539
            ],
            [
              139.493984,
              35.497448
            ]
          ],
          [
            [
              139.4941794,
              35.4974237
            ],
            [
              139.4942417,
              35.4974474
            ],
            [
              139.4950345,
              35.4973575
            ],
            [
              139.4952576,
              35.497307
            ]
          ],
          [
            [
              139.543155,
              35.4764963
            ],
            [
              139.5433582,
              35.4765004
            ],
            [
              139.54369,
              35.4764997
            ],
            [
              139.543963,
              35.4765124
            ],
            [
              139.5442378,
              35.476541
            ],
            [
              139.5444085,
              35.476567
            ],
            [
              139.5445432,
              35.4765879
            ],
            [
              139.5446475,
              35.4766092
            ],
            [
              139.544749,
              35.4766368
            ],
            [
              139.544897,
              35.4766882
            ],
            [
              139.5450784,
              35.476761
            ],
            [
              139.5451905,
              35.4768109
            ],
            [
              139.5452903,
              35.4768667
            ],
            [
              139.5455618,
              35.4770101
            ],
            [
              139.5460496,
              35.4772981
            ],
            [
              139.5463022,
              35.4774391
            ],
            [
              139.5465261,
              35.4775702
            ],
            [
              139.5465573,
              35.4775885
            ],
            [
              139.5466059,
              35.4776186
            ],
            [
              139.5466912,
              35.4776699
            ],
            [
              139.5470916,
              35.4779106
            ],
            [
              139.5472211,
              35.4779813
            ],
            [
              139.5473235,
              35.4780159
            ]
          ]
        ]
      },
      "id": "relation/18187"
    },
    {
      "type": "Feature",
      "properties": {
        "@id": "relation/2139458",
        "description": "現道から八王子バイパスまでのルート",
        "name": "国道16号支線",
        "network": "JP:national",
        "ref": "16",
        "route": "road",
        "type": "route",
        "wikipedia": "ja:国道16号"
      },
      "geometry": {
        "type": "MultiLineString",
        "coordinates": [
          [
            [
              139.3385548,
              35.6044341
            ],
            [
              139.3387265,
              35.6033463
            ],
            [
              139.3388121,
              35.6028314
            ],
            [
              139.3389743,
              35.6018836
            ],
            [
              139.3390396,
              35.6014886
            ],
            [
              139.3390733,
              35.6012245
            ],
            [
              139.3390855,
              35.6010956
            ],
            [
              139.3391079,
              35.6008742
            ],
            [
              139.3391072,
              35.6007207
            ],
            [
              139.3390966,
              35.6005613
            ],
            [
              139.3390808,
              35.6003917
            ],
            [
              139.3390511,
              35.60026
            ]
          ],
          [
            [
              139.3389267,
              35.6002255
            ],
            [
              139.3389565,
              35.6003965
            ],
            [
              139.3389859,
              35.6007179
            ],
            [
              139.3389854,
              35.6008749
            ],
            [
              139.3389716,
              35.6010978
            ],
            [
              139.3389564,
              35.6012404
            ],
            [
              139.3389139,
              35.6015389
            ],
            [
              139.3386974,
              35.6028173
            ],
            [
              139.3385962,
              35.6034076
            ],
            [
              139.3384571,
              35.6043553
            ]
          ]
        ]
      },
      "id": "relation/2139458"
    }
  ]
}