{"type": "FeatureCollection", "generator": "kokudo-quiz tools/fetch_raw.py (Overpass API)", "copyright": "The data included in this document is from www.openstreetmap.org. The data is made available under ODbL.", "timestamp": "2026-09-30T14:47:51Z", "features": [{"type": "Feature", "properties": {"@id": "relation/9385077", "colour": "red", "from": "島根県出雲市", "name": "国道184号", "name:en": "National Highway Route 184", "name:ja": "国道184号", "name:ja-Hira": "こくどうひゃくはちじゅうよんごう", "name:ja-Latn": "Kokudo 184 Gou", "network": "JP:national", "official_name": "一般国道184号", "ref": "184", "route": "road", "to": "広島県尾道市", "type": "route", "wikidata": "Q11421417", "wikipedia": "ja:国道184号"}, "geometry": {"type": "MultiLineString", "coordinates": [[[132.791161, 35.3733439], [132.791158, 35.3732408], [132.7911523, 35.373111], [132.791139, 35.3730197], [132.7911044, 35.3729538], [132.7910631, 35.3729022], [132.7909642, 35.3728085], [132.7905079, 35.3724638], [132.7899666, 35.3720878], [132.7895528, 35.3718572], [132.7894959, 35.3718296], [132.789283, 35.3717266], [132.7888678, 35.3715639], [132.7884261, 35.3714332], [132.787148, 35.3710812], [132.7869254, 35.3710203], [132.7867028, 35.3709593], [132.7865189, 35.370895], [132.7822496, 35.369728], [132.7821257, 35.3696975], [132.7820038, 35.3696587], [132.7818842, 35.3696359], [132.781669, 35.3696149], [132.7814799, 35.3696143], [132.7814081, 35.3696143], [132.781317, 35.3696257], [132.780806, 35.369751], [132.779943, 35.3700201], [132.7795012, 35.3701256], [132.779115, 35.3701951], [132.7786636, 35.3702306], [132.7780546, 35.3702525], [132.7773317, 35.3702715], [132.7763583, 35.3703308], [132.7760583, 35.3703396], [132.7744773, 35.3703694], [132.7742552, 35.3703785], [132.7727378, 35.370426], [132.7726226, 35.3704233], [132.7724439, 35.3704197], [132.7720633, 35.3703898], [132.7716794, 35.3702911], [132.7713207, 35.3701797], [132.7711318, 35.3701187], [132.7708922, 35.3700048], [132.770729, 35.3699193], [132.7697768, 35.3693818], [132.7696592, 35.3693074], [132.769057, 35.3689813], [132.7684741, 35.3687487], [132.7682788, 35.3686853], [132.7678673, 35.3685697], [132.7675096, 35.3684836], [132.7672169, 35.3684396], [132.7671274, 35.3684271], [132.7665449, 35.368346], [132.7657405, 35.368202], [132.7651344, 35.3681], [132.7643714, 35.3680039], [132.7642679, 35.3679963], [132.7631602, 35.3679453], [132.7625826, 35.3679099], [132.762443, 35.3679022], [132.7608887, 35.3678335], [132.7604133, 35.3678161], [132.7596998, 35.3677753], [132.7594068, 35.3677628], [132.7587243, 35.3677374], [132.7577812, 35.3676894], [132.7569658, 35.3676436], [132.7564683, 35.3676162], [132.75561, 35.3675565], [132.7542063, 35.367482], [132.7541494, 35.367479], [132.7534793, 35.3674433], [132.7517588, 35.3673699], [132.7513274, 35.3673489], [132.7508118, 35.3673172], [132.7503239, 35.36726], [132.7499612, 35.3672017], [132.7495559, 35.3671018], [132.7487682, 35.366906], [132.7475451, 35.3665875], [132.747229, 35.3665032], [132.7464531, 35.3663114], [132.7463337, 35.366277], [132.7457245, 35.3661155], [132.7451563, 35.3659716], [132.745059, 35.3659469], [132.7439547, 35.3656586], [132.7427901, 35.3653431], [132.7431748, 35.364811], [132.7435817, 35.3642529], [132.7440673, 35.3632054], [132.7441082, 35.3630992], [132.7441503, 35.36299], [132.7442872, 35.3626348], [132.7446032, 35.3613205], [132.7446741, 35.3610093], [132.7448543, 35.3602185], [132.745142, 35.3590212], [132.7453598, 35.3581182], [132.7454675, 35.3576718], [132.7455553, 35.3571857], [132.7456011, 35.3566926], [132.7456086, 35.3563729], [132.745568, 35.3560699], [132.745542, 35.3558761], [132.7453447, 35.3546082], [132.7451285, 35.3531863], [132.7449151, 35.351816], [132.744687, 35.3502462], [132.7446632, 35.3500207], [132.7446776, 35.349734], [132.744708, 35.3495705], [132.7448464, 35.3491804], [132.7450367, 35.3487448], [132.7451926, 35.3484845], [132.7453817, 35.3482338], [132.7455789, 35.3480017], [132.745796, 35.3478125], [132.7460527, 35.3475964], [132.7462535, 35.347451], [132.7465006, 35.3472924], [132.7466868, 35.3471867], [132.7469513, 35.3470572], [132.7471737, 35.3469637], [132.7478886, 35.346679], [132.7481175, 35.3465792], [132.750247, 35.3456992], [132.7524299, 35.3447931], [132.7536482, 35.3442955], [132.7556642, 35.3434666], [132.7567538, 35.3430114], [132.7575804, 35.342676], [132.7579374, 35.3425487], [132.7583568, 35.3424766], [132.759043, 35.3424988], [132.7593112, 35.3424725], [132.759611, 35.34236], [132.759814, 35.342239], [132.759973, 35.342098], [132.760032, 35.3420192], [132.760083, 35.341938], [132.7604345, 35.3409181], [132.760481, 35.3407831], [132.76078, 35.339915], [132.760854, 35.3397877], [132.7609335, 35.3396918], [132.7611661, 35.3395167], [132.7613477, 35.339436], [132.7615519, 35.3393602], [132.7625188, 35.3391101], [132.7638306, 35.3388196], [132.7647399, 35.3385526], [132.7649368, 35.3384942], [132.7658212, 35.3382517], [132.7664225, 35.3380497], [132.7667085, 35.337962], [132.7672623, 35.3377131], [132.767496, 35.337568], [132.7677216, 35.3374339], [132.7680052, 35.3372314], [132.7684677, 35.3368562], [132.7689925, 35.3364031], [132.7693154, 35.3361187], [132.7694156, 35.3360154], [132.7695012, 35.3358978], [132.7695769, 35.3357511], [132.7696266, 35.335595], [132.7697232, 35.3336916], [132.7698104, 35.3332239], [132.7699865, 35.3326647], [132.770183, 35.3322679], [132.7704307, 35.3319095], [132.7708777, 35.3312281], [132.7713997, 35.3303764], [132.7717111, 35.3298694], [132.7718957, 35.3296357], [132.7720141, 35.3295282], [132.7722137, 35.3293507], [132.7729592, 35.3288392], [132.7731323, 35.3286964], [132.7735479, 35.3282908], [132.7737734, 35.3278955], [132.7739674, 35.3273947], [132.7740874, 35.3271336], [132.7741629, 35.3270105], [132.7742962, 35.3268542], [132.7744813, 35.3266979], [132.7747957, 35.3264939], [132.7747187, 35.3263817], [132.7745165, 35.3258478], [132.7743525, 35.32552], [132.774139, 35.3251569], [132.7739846, 35.3249588], [132.7738247, 35.3247627], [132.7737661, 35.3247005], [132.7728722, 35.3236961], [132.7727697, 35.3235688], [132.7722959, 35.3229248], [132.7721791, 35.3228094], [132.7720309, 35.3226756], [132.7718782, 35.3225931], [132.7716266, 35.322496], [132.7712895, 35.322413], [132.7709928, 35.3223419], [132.770517, 35.3221712], [132.7702477, 35.3220421], [132.7700691, 35.3219141], [132.7696198, 35.3215126], [132.7691609, 35.3211267], [132.7681741, 35.3203678], [132.7674687, 35.3197372], [132.7664124, 35.3187663], [132.7654308, 35.3178729], [132.7650845, 35.3175635], [132.7645612, 35.3171759], [132.7639657, 35.3168028], [132.7636224, 35.3165664], [132.7634299, 35.3164163], [132.7632171, 35.3162007], [132.7630077, 35.3159466], [132.7628395, 35.3157155], [132.7627403, 35.3155112], [132.7626653, 35.3152865], [132.762594, 35.315006], [132.7625686, 35.3148428], [132.762567, 35.3144821], [132.7625709, 35.3143028], [132.7626155, 35.3140519], [132.762691, 35.3137832], [132.7627714, 35.3135775], [132.7629332, 35.3132316], [132.7633101, 35.3125482], [132.763432, 35.3122909], [132.7635285, 35.3120019], [132.7637351, 35.3111921], [132.7638754, 35.3107777], [132.7639925, 35.3105506], [132.7641132, 35.3103483], [132.7642708, 35.3101005], [132.7643412, 35.3099062], [132.7644464, 35.3095636], [132.7645078, 35.30936], [132.7645451, 35.3091938], [132.7645527, 35.3089832], [132.7645204, 35.3086541], [132.7644941, 35.3084572], [132.7644308, 35.3082605], [132.7642838, 35.3079503], [132.7640086, 35.3074252], [132.763778, 35.3069918], [132.7631557, 35.3059762], [132.7630413, 35.3057716], [132.7629248, 35.3055234], [132.7628313, 35.3053075], [132.7627641, 35.3050864], [132.7627172, 35.3048795], [132.7627032, 35.3046357], [132.7627185, 35.3044089], [132.7628042, 35.3040785], [132.7629733, 35.303646], [132.763168, 35.3031957], [132.7633647, 35.3027019], [132.7633939, 35.3025021], [132.7633896, 35.3022239], [132.7633716, 35.3020645], [132.7633237, 35.3018768], [132.7632537, 35.3017046], [132.7631798, 35.3015676], [132.7630806, 35.3014428], [132.7629226, 35.3012922], [132.7628784, 35.301261], [132.7626209, 35.3010457], [132.762394, 35.3008584], [132.7621969, 35.3007362], [132.7619853, 35.3006504], [132.76165, 35.3005936], [132.7610931, 35.3005344], [132.760823, 35.3005263], [132.7604498, 35.3005515], [132.7601556, 35.3006176], [132.7597454, 35.3007623], [132.7593978, 35.3008969], [132.7591515, 35.3010363], [132.7589493, 35.3011982], [132.758612, 35.301561], [132.7581759, 35.3020764], [132.7578969, 35.302401], [132.7575365, 35.3028178], [132.757252, 35.3031519], [132.7570124, 35.303327], [132.7567579, 35.3034655], [132.7564185, 35.3035755], [132.7559992, 35.3036529], [132.7557247, 35.3036773], [132.7554586, 35.30368], [132.7552795, 35.3036638], [132.7550025, 35.3036079], [132.7547044, 35.3034845], [132.7543259, 35.3032558], [132.7541042, 35.303074], [132.7538803, 35.3028578], [132.7536996, 35.3025986], [132.753565, 35.3023155], [132.753058, 35.3010476], [132.7528785, 35.3006095], [132.7527441, 35.3003616], [132.7525771, 35.3000966], [132.7524, 35.2998799], [132.7521539, 35.2996411], [132.7518569, 35.2994377], [132.7515538, 35.2992965], [132.7511754, 35.2991678], [132.7506573, 35.2990614], [132.7498215, 35.2989612], [132.7484679, 35.2988039], [132.7479301, 35.2987158], [132.7474729, 35.2985808], [132.7469125, 35.298323], [132.7466092, 35.2981144], [132.7462515, 35.2978076], [132.7458474, 35.2973668], [132.7453056, 35.2967473], [132.7443978, 35.2957514], [132.7441643, 35.295413], [132.7439507, 35.2949862], [132.7437606, 35.2946894], [132.7435154, 35.2944271], [132.7432947, 35.2942393], [132.7429707, 35.294071], [132.742694, 35.2939498], [132.7425294, 35.2938987], [132.7422129, 35.2938608], [132.7419276, 35.2938351], [132.7415648, 35.2938313], [132.740957, 35.293844], [132.7404246, 35.2938593], [132.7399612, 35.2938669], [132.7394805, 35.2938449], [132.7390887, 35.2938285], [132.7387464, 35.2937906], [132.7384993, 35.2937801], [132.7382764, 35.2938071], [132.7381218, 35.2938577], [132.7380255, 35.2939273], [132.7379178, 35.2940292], [132.7378209, 35.2940808], [132.7375592, 35.2941582], [132.7372971, 35.294212], [132.7371745, 35.2942531], [132.7368049, 35.2943607], [132.7366199, 35.2943811], [132.7364261, 35.2943983], [132.7363229, 35.2944235], [132.736218, 35.2944587], [132.736064, 35.294476], [132.7359326, 35.2944683], [132.7357685, 35.2944467], [132.7356295, 35.2944432], [132.7354255, 35.2944643], [132.7352272, 35.294464], [132.7350126, 35.2944322], [132.7349026, 35.2944399], [132.7347055, 35.2944519], [132.7344796, 35.2944397], [132.7342643, 35.2944256], [132.734029, 35.2944298], [132.7336149, 35.2944095], [132.7333372, 35.2943711], [132.7328971, 35.2943196], [132.7327182, 35.2942714], [132.7324398, 35.2942187], [132.7321768, 35.2941862], [132.731958, 35.2941478], [132.7315646, 35.2940655], [132.7312292, 35.2939511], [132.7309471, 35.293798], [132.7306057, 35.2935759], [132.7304188, 35.2933763], [132.7303328, 35.2932148], [132.7302812, 35.2930016], [132.7302329, 35.2928231], [132.7301622, 35.2926583], [132.7300793, 35.2924672], [132.7299344, 35.2922174], [132.7298333, 35.2920065], [132.7297994, 35.291873], [132.729781, 35.2916278], [132.7297438, 35.2914767], [132.72962, 35.2912173], [132.7294537, 35.2907335], [132.7293463, 35.2902981], [132.7291582, 35.2896006], [132.7290588, 35.2893412], [132.7289117, 35.2891315], [132.7287441, 35.2889619], [132.7282965, 35.288631], [132.7280013, 35.2884226], [132.7275326, 35.2881853], [132.7271363, 35.2879191], [132.7267625, 35.2876093], [132.726596, 35.2874302], [132.7262261, 35.2869394]], [[132.742694, 35.2939498], [132.7424783, 35.2939228], [132.7422479, 35.2939101], [132.7419323, 35.293891], [132.7416752, 35.293909], [132.7407311, 35.2940217], [132.7404629, 35.2940338], [132.7401867, 35.2940179], [132.7397253, 35.2939572], [132.7392569, 35.2939156], [132.7391758, 35.293909], [132.7388066, 35.2939375], [132.7384271, 35.2939988], [132.7381226, 35.2940705], [132.7366508, 35.2944773], [132.7363738, 35.2945318], [132.7360743, 35.2945469], [132.7356724, 35.2945426], [132.7343802, 35.2945254], [132.734098, 35.294526], [132.733569, 35.294492], [132.732889, 35.294413], [132.7317065, 35.2941906], [132.7314032, 35.2941029], [132.7311477, 35.2940159], [132.7309223, 35.2939179], [132.7307452, 35.2938225], [132.7305272, 35.2936731], [132.7303215, 35.2934568], [132.730198, 35.293303], [132.730115, 35.293196], [132.7299696, 35.2929057], [132.7298463, 35.2925713], [132.7296676, 35.2920009], [132.7295762, 35.2916326], [132.729263, 35.290493], [132.72912, 35.289924], [132.72903, 35.289665], [132.728885, 35.289378], [132.728666, 35.289102], [132.728421, 35.2888376], [132.7281162, 35.2885939], [132.727465, 35.288217], [132.727101, 35.287975], [132.726778, 35.287727], [132.726545, 35.287497], [132.7263718, 35.2872282], [132.7262261, 35.2869394], [132.7260832, 35.2867191], [132.7260366, 35.2866284], [132.7257738, 35.2861588], [132.7253868, 35.2854365], [132.7253542, 35.2853757], [132.7251824, 35.2850574], [132.7249154, 35.2845627], [132.7247991, 35.2842876], [132.7247313, 35.2840552], [132.7246965, 35.2838189], [132.7246906, 35.2834855], [132.7247101, 35.2833062], [132.7247411, 35.2831329], [132.724822, 35.2828504], [132.7249468, 35.2825886], [132.725063, 35.2823961], [132.7252826, 35.282106], [132.7255107, 35.2818761], [132.7258281, 35.2816184], [132.7261338, 35.2814369], [132.7264402, 35.2812905], [132.7266224, 35.2812004], [132.7267384, 35.2811462], [132.7271587, 35.2809487], [132.7280636, 35.2805161], [132.7281845, 35.2804584], [132.7291781, 35.2799828], [132.7294599, 35.2798245], [132.7296469, 35.2796921], [132.7298183, 35.27955], [132.7299992, 35.2793683], [132.7301967, 35.2790888], [132.7303465, 35.2788135], [132.7305165, 35.2783411], [132.730612, 35.277978], [132.730594, 35.277496], [132.7305467, 35.2771663], [132.7305165, 35.2770009], [132.7304462, 35.2767295], [132.7303049, 35.2763881], [132.730146, 35.2761236], [132.7300076, 35.2759286], [132.7298668, 35.2757649], [132.7295932, 35.2755186], [132.7290112, 35.275039], [132.7286491, 35.2747325], [132.7279038, 35.2740131], [132.7269585, 35.2730552], [132.7257847, 35.2720577], [132.7250822, 35.2713524], [132.724901, 35.27115], [132.724768, 35.270982], [132.7245, 35.270537], [132.7243214, 35.2702214], [132.7242244, 35.2700153], [132.7241429, 35.2697778], [132.724081, 35.269597], [132.724026, 35.269299], [132.724019, 35.269057], [132.7240303, 35.2685596], [132.7240786, 35.2682239], [132.724272, 35.267504], [132.7244312, 35.2670248], [132.724636, 35.2665417], [132.7247737, 35.2661947], [132.7248913, 35.2658395], [132.7250532, 35.2651731], [132.7253248, 35.2640551], [132.725417, 35.2636089], [132.725434, 35.263351], [132.7254045, 35.2624489], [132.7254125, 35.2619979], [132.7254719, 35.2613534], [132.7254525, 35.2611638], [132.7254331, 35.2610747], [132.7253293, 35.2609274], [132.7252258, 35.2608156], [132.7246741, 35.2604355], [132.7245266, 35.2603116], [132.7244279, 35.2602094], [132.7243547, 35.2600915], [132.7242982, 35.259969], [132.7242296, 35.2596619], [132.724198, 35.2594467], [132.7241499, 35.2592476], [132.7240718, 35.25905], [132.7239603, 35.2588926], [132.7237328, 35.2586815], [132.7231669, 35.2582623], [132.7230299, 35.2581632], [132.7229723, 35.2580967], [132.7229237, 35.2580406], [132.7228486, 35.2578904], [132.7228326, 35.2577776], [132.7228424, 35.2576088], [132.7230211, 35.2569249], [132.7230186, 35.2568177], [132.7229626, 35.2566085], [132.7228601, 35.2563855], [132.7226208, 35.2559062], [132.7220488, 35.2548076], [132.7216548, 35.2540611], [132.7215057, 35.2538468], [132.7213183, 35.2536621], [132.7211229, 35.2535025], [132.7208396, 35.2533501], [132.7206702, 35.2532718], [132.7204015, 35.2531901], [132.7201985, 35.2531554], [132.7199571, 35.2531294], [132.7197349, 35.2531265], [132.7194399, 35.2531565], [132.7190937, 35.2532335], [132.7187192, 35.2533358], [132.7185129, 35.2533668], [132.7183003, 35.2533626], [132.718174, 35.253336], [132.7180651, 35.2533012], [132.7179365, 35.25325], [132.7174956, 35.2529792], [132.717393, 35.2529121], [132.7172711, 35.2530753], [132.716794, 35.2537282], [132.7166794, 35.2538606], [132.7165225, 35.2539718], [132.7163534, 35.2540612], [132.7161821, 35.2541185], [132.7155418, 35.2542367], [132.7147851, 35.2543655], [132.7145638, 35.2544241], [132.7143636, 35.2545017], [132.7141307, 35.2546082], [132.7139245, 35.2547037], [132.7137332, 35.2547692], [132.7135284, 35.2548131], [132.713339, 35.2548407], [132.7131067, 35.254851], [132.7114951, 35.254835], [132.7113, 35.2548625], [132.7111275, 35.2549261], [132.7109665, 35.2550369], [132.7105753, 35.2553509], [132.7104099, 35.2554564], [132.7101278, 35.2555882], [132.7099769, 35.2556401], [132.7097115, 35.2557025], [132.7093659, 35.2557418], [132.7091369, 35.2557506], [132.7090487, 35.2557498], [132.7089061, 35.2557343], [132.7087398, 35.2557044], [132.7084048, 35.2556441], [132.7076455, 35.2554733], [132.7074033, 35.255466], [132.7071701, 35.2554874], [132.7069204, 35.2555781], [132.7066555, 35.2557227], [132.7064724, 35.255873], [132.7063599, 35.2560256], [132.7062858, 35.2561968], [132.7062645, 35.2563919], [132.7063034, 35.2566227], [132.7063921, 35.2568557], [132.7066329, 35.2573748], [132.706714, 35.2575763], [132.7067441, 35.2577364], [132.7067504, 35.2579831], [132.7067376, 35.2584452], [132.7066978, 35.2586307], [132.7066149, 35.2587966], [132.706487, 35.2589903], [132.7062446, 35.2592273], [132.7060802, 35.2593319], [132.7058354, 35.2594429], [132.705704, 35.2594893], [132.7055571, 35.2595005], [132.7054096, 35.2594834], [132.705236, 35.2594194], [132.7047794, 35.2591857], [132.7038749, 35.2587326], [132.7033959, 35.2584784], [132.7032338, 35.2584107], [132.7030668, 35.2583671], [132.7028434, 35.2583383], [132.7022826, 35.2582881], [132.701835, 35.2582519], [132.7015936, 35.2582083], [132.7013286, 35.2581352], [132.7007219, 35.2579037], [132.6992655, 35.2573156], [132.697094, 35.256426], [132.6965696, 35.2562139], [132.6964554, 35.2561444], [132.6963404, 35.2560835], [132.6962206, 35.255982], [132.6961314, 35.255853], [132.6960807, 35.2557119], [132.6960361, 35.2556379], [132.6959382, 35.2555503], [132.6957621, 35.255452], [132.6951159, 35.2552343], [132.6949538, 35.2552141], [132.6947799, 35.2552307], [132.6944874, 35.2552992], [132.6943503, 35.2553138], [132.6942001, 35.2553061], [132.6939793, 35.2552439], [132.6934588, 35.2550366], [132.6923548, 35.2545778], [132.692111, 35.2544665], [132.6918666, 35.2543369], [132.6916673, 35.2542073], [132.6915742, 35.2540905], [132.6915434, 35.2539667], [132.6915544, 35.2538424], [132.6916198, 35.2536393], [132.6917318, 35.2533505], [132.6918022, 35.2531461], [132.6918588, 35.2528803], [132.6918802, 35.2525722], [132.6918612, 35.2521291], [132.6918639, 35.2518936], [132.6919037, 35.251586], [132.6919779, 35.2513088], [132.6920553, 35.2511265], [132.6925424, 35.2501935], [132.6926608, 35.2499913], [132.6927584, 35.2498247], [132.6928022, 35.2497207], [132.6928109, 35.2495826], [132.6927853, 35.2494252], [132.6927262, 35.2492449], [132.6927088, 35.2490965], [132.6927266, 35.2489661], [132.6928522, 35.2484947], [132.6928832, 35.2482816], [132.6928848, 35.2480527], [132.6928555, 35.2478153], [132.6927745, 35.2475807], [132.6927072, 35.2474205], [132.6924202, 35.2468023], [132.6920803, 35.2460647], [132.6916698, 35.2451704], [132.6912779, 35.2443081], [132.6910392, 35.24382], [132.6907736, 35.2433724], [132.6906669, 35.2431478], [132.6906263, 35.2430144], [132.6906252, 35.2429217], [132.6906205, 35.2428086], [132.6906026, 35.2426984], [132.6905775, 35.2426263], [132.690506, 35.2425154], [132.6903471, 35.2423639], [132.6898496, 35.2419945], [132.6895532, 35.2418228], [132.6891905, 35.2416393], [132.6884068, 35.2412855], [132.6882175, 35.2412095], [132.6877038, 35.2410791], [132.6870271, 35.2409151], [132.6867878, 35.2408863], [132.6865961, 35.240882], [132.6863617, 35.2409074], [132.685694, 35.2409951], [132.6848285, 35.2411087], [132.6835521, 35.2412741], [132.6826255, 35.2413996], [132.6820415, 35.2415266], [132.6812578, 35.2417162], [132.6810481, 35.2417539], [132.6808465, 35.2417661], [132.6806188, 35.2417608], [132.6797832, 35.2417086], [132.6795368, 35.2416873], [132.6793018, 35.2416498], [132.6790953, 35.2415994], [132.6785502, 35.2414456], [132.6773252, 35.2410903], [132.6770955, 35.2410138], [132.6769126, 35.2409323], [132.6767386, 35.2408222], [132.6765588, 35.2406775], [132.6764412, 35.2405599], [132.6763289, 35.2404117], [132.6760027, 35.2398857], [132.6757788, 35.2395291], [132.6756781, 35.2393211], [132.6756173, 35.2391142], [132.675601, 35.2389136], [132.6755883, 35.2386188], [132.6755574, 35.2384777], [132.6755025, 35.2383744], [132.6754421, 35.2382889], [132.675299, 35.2381645], [132.6748221, 35.237775], [132.6745552, 35.2376084], [132.6732053, 35.2369075], [132.6730065, 35.236805], [132.6726664, 35.2365101], [132.6725408, 35.236322], [132.6723995, 35.2359032], [132.6723106, 35.2357579], [132.6721693, 35.2355998], [132.6707266, 35.2346967], [132.6705115, 35.2345607], [132.6703955, 35.2344516], [132.6703322, 35.2343563], [132.6703006, 35.2342412], [132.670313, 35.2341202], [132.6703606, 35.2339726], [132.6706234, 35.2334745], [132.6708427, 35.2330587], [132.6710988, 35.2325444], [132.6712412, 35.2322792], [132.6715417, 35.2314994], [132.6717152, 35.230943], [132.6719062, 35.2302104], [132.6720343, 35.2296985], [132.672133, 35.2293843], [132.6722744, 35.229056], [132.6726961, 35.2282238], [132.6727855, 35.2279871], [132.6728363, 35.2277918], [132.6728879, 35.2275486], [132.6729353, 35.2270991], [132.6730642, 35.2260354], [132.6731161, 35.2256257], [132.6731944, 35.2252797], [132.6735105, 35.2240468], [132.6736121, 35.2236206], [132.673659, 35.2232387], [132.6737219, 35.2227088], [132.6738308, 35.2217283], [132.6738568, 35.2214284], [132.6738224, 35.2211753], [132.6736731, 35.2204954], [132.6736517, 35.2202971], [132.6736807, 35.2200803], [132.6737106, 35.2199792], [132.6737957, 35.21983], [132.673932, 35.2196874], [132.6743431, 35.2193163], [132.6746163, 35.2190415], [132.674761, 35.218875], [132.6749367, 35.21861], [132.6750351, 35.2184526], [132.6750899, 35.2183877], [132.6752854, 35.2182275], [132.6754056, 35.2181493], [132.6756989, 35.2179881], [132.6758324, 35.2179062], [132.6759453, 35.2178093], [132.6761504, 35.2175327], [132.6762633, 35.2173737], [132.6763977, 35.2172535], [132.6765063, 35.2171795], [132.6766283, 35.2171234], [132.6768228, 35.2170694], [132.6770118, 35.2170605], [132.6772911, 35.2171067], [132.6778023, 35.2172207], [132.677966, 35.2172409], [132.6780915, 35.2172289], [132.6782011, 35.217171], [132.6782596, 35.2170847], [132.6782901, 35.2169883], [132.6782992, 35.2168875], [132.678294, 35.2158365], [132.6783294, 35.2156696], [132.6783807, 35.2155227], [132.6789682, 35.2145078], [132.6790256, 35.2143713], [132.6790528, 35.2142248], [132.6790495, 35.2140502], [132.6790051, 35.2138646], [132.6790134, 35.2137562], [132.6790653, 35.2136583], [132.6791548, 35.213556], [132.6792324, 35.2135218], [132.6793805, 35.2134483], [132.6794992, 35.2133594], [132.6795823, 35.2132818], [132.6796522, 35.2131658], [132.6796655, 35.2130985], [132.6796979, 35.2129342], [132.6797653, 35.2125945], [132.6798265, 35.212378], [132.6799236, 35.2122019], [132.6801351, 35.2119121], [132.6803004, 35.2117033], [132.680476, 35.2114544], [132.6805879, 35.211236], [132.6806522, 35.2110204], [132.6806874, 35.210742], [132.680744, 35.210414], [132.680826, 35.209896], [132.680847, 35.209682], [132.680847, 35.209394], [132.680826, 35.209327], [132.6807667, 35.2092243], [132.6806931, 35.2091414], [132.6802298, 35.2088144], [132.6798295, 35.2085144], [132.679633, 35.2083815], [132.6793574, 35.2081886], [132.6791806, 35.2080348], [132.6790416, 35.2078859], [132.6789358, 35.2077443], [132.6788125, 35.2075286], [132.6785397, 35.2069758], [132.6783317, 35.2065723], [132.6780696, 35.2060954], [132.6777468, 35.2055785], [132.67748, 35.2053066], [132.6770432, 35.2049688], [132.6769374, 35.2048876], [132.676861, 35.2048279], [132.676692, 35.2046988], [132.6732724, 35.2019971], [132.6730733, 35.2017335], [132.672896, 35.2014687], [132.6727763, 35.2012087], [132.6726915, 35.2009453], [132.6726501, 35.2007754], [132.6726244, 35.2005421], [132.6726138, 35.2003289], [132.6726459, 35.2000708], [132.6727348, 35.1996865], [132.6731548, 35.198265], [132.6732679, 35.1978789], [132.6732838, 35.1978141], [132.6734108, 35.1973837], [132.6734178, 35.1973544], [132.6734875, 35.1971385], [132.6735189, 35.1969617], [132.673515, 35.1968302], [132.673488, 35.1966946], [132.6734527, 35.196599], [132.6733612, 35.1964273], [132.6732639, 35.1963191], [132.6731208, 35.1962024], [132.6728854, 35.1960807], [132.6725936, 35.195967], [132.6720451, 35.1957694], [132.6714406, 35.1955527], [132.6710582, 35.1954125], [132.6708908, 35.1953384], [132.6707272, 35.1952343], [132.6705973, 35.1951325], [132.6704776, 35.1949905], [132.6703858, 35.1948431], [132.6703156, 35.1946605], [132.6702903, 35.1944749], [132.6702983, 35.194357], [132.6703041, 35.1942712], [132.6703441, 35.1941271], [132.6704074, 35.1939783], [132.6705157, 35.1938239], [132.670687, 35.1936563], [132.6708767, 35.1935204], [132.6710036, 35.1934273], [132.6710834, 35.1933709], [132.6714872, 35.1930855], [132.6718366, 35.1928809], [132.6722395, 35.1926618], [132.6726262, 35.1924574], [132.6729034, 35.1923413], [132.6732221, 35.1922357], [132.6736557, 35.1921078], [132.673912, 35.1920135], [132.6741238, 35.1919054], [132.6743808, 35.1917397], [132.6746589, 35.191505], [132.6750098, 35.1911148], [132.6752212, 35.1908873], [132.6753797, 35.1907538], [132.6755657, 35.1906274], [132.675909, 35.1904672], [132.6768312, 35.190086], [132.6773787, 35.189856], [132.6776292, 35.1897448], [132.6779058, 35.189597], [132.6781043, 35.1894681], [132.6782128, 35.189381], [132.678465, 35.1891563], [132.6786788, 35.1889581], [132.6789186, 35.1887309], [132.6793156, 35.1883627], [132.6795222, 35.1881715], [132.6796525, 35.188043], [132.6807861, 35.1869953], [132.6809294, 35.1868662], [132.6811795, 35.1866697], [132.681521, 35.1865], [132.6820833, 35.1862569], [132.6825416, 35.1860593], [132.6827905, 35.1859354], [132.6829724, 35.1857917], [132.6830841, 35.1856502], [132.6831612, 35.1855186], [132.6832138, 35.1853529], [132.683222, 35.1852304], [132.6832084, 35.1850856], [132.6831608, 35.1849213], [132.6830979, 35.1847912], [132.6829053, 35.1844641], [132.6828343, 35.1842668], [132.6828245, 35.1840739], [132.6828525, 35.1838964], [132.6829405, 35.1837081], [132.6831726, 35.1833693], [132.6835891, 35.1826519], [132.6838006, 35.1821846], [132.6839416, 35.1818089], [132.6841259, 35.1812163], [132.6841727, 35.1809532], [132.6842036, 35.1806537], [132.6842219, 35.1799005], [132.6841845, 35.1796115], [132.6840957, 35.1793639], [132.6839334, 35.1791247], [132.6837575, 35.1789485], [132.6835691, 35.1788172], [132.6833489, 35.1786973], [132.6830842, 35.1786076], [132.6827773, 35.1785458], [132.6822898, 35.1785044], [132.6819574, 35.1784528], [132.6816607, 35.1783586], [132.6813997, 35.1782207], [132.6812177, 35.1780847], [132.6810184, 35.177884], [132.6808736, 35.1776955], [132.6807421, 35.177439], [132.6806068, 35.1771742], [132.6805168, 35.1770465], [132.6804147, 35.1769064], [132.6801762, 35.1766782], [132.6798677, 35.1764261], [132.6795553, 35.1761183], [132.679262, 35.1757375], [132.6790225, 35.175297], [132.6787537, 35.1747437], [132.678638, 35.1743807], [132.6785585, 35.174143], [132.6780818, 35.1713538], [132.6779498, 35.1707189], [132.677847, 35.1703406], [132.6777638, 35.1701004], [132.67742, 35.1692441], [132.6771551, 35.1686649], [132.6768776, 35.1682055], [132.6766802, 35.1679363], [132.6764483, 35.1676679], [132.6761623, 35.1673754], [132.676019, 35.1672456], [132.6757135, 35.1669889], [132.6754314, 35.1667878], [132.6749748, 35.1664799], [132.6731683, 35.1653099], [132.672674, 35.164903], [132.672437, 35.1646105], [132.672355, 35.164463], [132.67227, 35.164327], [132.67219, 35.164131], [132.6720832, 35.1636845], [132.6720352, 35.1633845], [132.6718708, 35.1615663], [132.6717466, 35.1599504], [132.6717294, 35.1594062], [132.67172, 35.1592032], [132.6717555, 35.1589939], [132.6718111, 35.1587221], [132.6718748, 35.1585519], [132.6719639, 35.158384], [132.6721789, 35.1580901], [132.6723581, 35.157885], [132.672622, 35.1576677], [132.6729624, 35.1574367], [132.6734315, 35.1571905], [132.6743728, 35.1567475], [132.6757817, 35.1561253], [132.6764419, 35.155813], [132.6768349, 35.1556423], [132.677486, 35.1553178], [132.677961, 35.1549049], [132.6782575, 35.1544726], [132.6787092, 35.1538406], [132.6807282, 35.1510397], [132.6830736, 35.1476119], [132.6842012, 35.1455851], [132.684356, 35.145335], [132.6845894, 35.1449885], [132.6848277, 35.1447257], [132.6850421, 35.1445742], [132.685377, 35.144401], [132.6866634, 35.143829], [132.6872889, 35.1435557], [132.6876215, 35.1433742], [132.6878649, 35.1431746], [132.6880475, 35.1429458], [132.6881759, 35.1427111], [132.6882572, 35.1424511], [132.6886037, 35.1411177], [132.6887286, 35.1407269], [132.6889011, 35.1404119], [132.6891624, 35.1400981], [132.6895387, 35.1397583], [132.6898041, 35.1395252], [132.6899677, 35.1393424], [132.6901525, 35.1390534], [132.6902717, 35.1387886], [132.6903347, 35.1385752], [132.6903733, 35.1382661], [132.6903481, 35.137947], [132.6903039, 35.1377261], [132.6902402, 35.137491], [132.6900977, 35.1370006], [132.6900336, 35.1366331], [132.6900295, 35.1363009], [132.6900567, 35.1360778], [132.6900783, 35.1359519], [132.6901098, 35.1358479], [132.690154, 35.1357022], [132.6903981, 35.1352557], [132.6906209, 35.1349713], [132.6908741, 35.1347055], [132.6912165, 35.1344251], [132.6922014, 35.1336329], [132.6927379, 35.1332582], [132.6935256, 35.1325735], [132.6935658, 35.13253], [132.6936199, 35.1324564], [132.6936578, 35.1323988], [132.6937012, 35.132337], [132.6937437, 35.1322482], [132.6937562, 35.1322219], [132.6937826, 35.1321589], [132.6938537, 35.1319109], [132.6938723, 35.131747], [132.6938736, 35.1314974], [132.6938676, 35.1311553], [132.6938586, 35.1311211], [132.6938342, 35.1289772], [132.6938343, 35.1284907], [132.69383, 35.1280839], [132.6937967, 35.12776], [132.693715, 35.127373], [132.6936206, 35.1270315], [132.6934799, 35.1266621], [132.6932924, 35.1263139], [132.6931986, 35.1261596], [132.6930964, 35.1260025], [132.6926659, 35.1254614], [132.6920839, 35.1247306], [132.6918063, 35.1243906], [132.6915625, 35.1240573], [132.6914959, 35.123942], [132.6913307, 35.1236513], [132.6912229, 35.1234348], [132.691125, 35.123173], [132.6910334, 35.1228685], [132.6909477, 35.1223489], [132.6908088, 35.1212404], [132.6907951, 35.1209485], [132.6908163, 35.1204441], [132.6908778, 35.1200666], [132.6909735, 35.1197034], [132.6911625, 35.1192175], [132.6913637, 35.1187365], [132.6917049, 35.1179326], [132.6918702, 35.1176625], [132.6920187, 35.1175088], [132.692157, 35.1173999], [132.6923662, 35.1172667], [132.6926274, 35.1171533], [132.6929153, 35.1170784], [132.6933457, 35.1170476], [132.6941288, 35.1170257], [132.6947383, 35.1170109], [132.6950693, 35.1169676], [132.6953687, 35.1168979], [132.6956169, 35.1168035], [132.6958661, 35.1166779], [132.6961101, 35.1165148], [132.696428, 35.1162631], [132.6966279, 35.1160716], [132.6967576, 35.1158943], [132.6968225, 35.1157713], [132.6968812, 35.1155749], [132.696893, 35.115339], [132.6968393, 35.1151097], [132.6967332, 35.1149033], [132.6965832, 35.1147063], [132.6962344, 35.114298], [132.6958833, 35.1138894], [132.6957008, 35.1136623], [132.6955879, 35.1134964], [132.6954992, 35.1133219], [132.6954028, 35.1130903], [132.6953159, 35.1127721], [132.6950874, 35.1118592], [132.6950282, 35.1115858], [132.6949847, 35.1113266], [132.6949968, 35.1109955], [132.6950239, 35.1107947], [132.6951536, 35.1103904], [132.6955102, 35.1096011], [132.6959478, 35.1086924], [132.6962181, 35.1082299], [132.6963544, 35.108068], [132.6964737, 35.1079708], [132.6966771, 35.1077973], [132.6970689, 35.1075253], [132.6973584, 35.1073913], [132.6976692, 35.1072887], [132.6980444, 35.107205], [132.6983989, 35.1071654], [132.698767, 35.1071622], [132.6991735, 35.1071796], [132.6996307, 35.1072263], [132.7010347, 35.1073245], [132.70144, 35.1073634], [132.7017241, 35.1074337], [132.7019774, 35.1075456], [132.7022019, 35.1077217], [132.7023128, 35.1078583], [132.7025178, 35.1081414], [132.7026732, 35.108334], [132.702742, 35.1084001], [132.7029414, 35.1085356], [132.7033049, 35.1086837], [132.7037598, 35.108835], [132.7041597, 35.1089582], [132.7046609, 35.1090678], [132.7049775, 35.1090959], [132.7053537, 35.109079], [132.705697, 35.109024], [132.7060269, 35.1089341], [132.7062958, 35.1088243], [132.7065487, 35.1087025], [132.7073834, 35.1082063], [132.7076301, 35.10804], [132.7077593, 35.1079205], [132.7078563, 35.1077979], [132.7079967, 35.1075545], [132.7080771, 35.1073641], [132.7081389, 35.1072045], [132.7082124, 35.1068648], [132.7082234, 35.1066059], [132.7081679, 35.1063012], [132.7079171, 35.1052586], [132.7078707, 35.104993], [132.7078472, 35.1046638], [132.7078642, 35.1044054], [132.7079131, 35.1039687], [132.7079471, 35.1035807], [132.7079511, 35.1033518], [132.7079357, 35.1031629], [132.7078982, 35.1029347], [132.7078834, 35.1027811], [132.7078722, 35.1024493], [132.7078369, 35.1022808], [132.7077842, 35.1021283], [132.7075014, 35.1016042], [132.7073832, 35.1013656], [132.707345, 35.101174], [132.7073659, 35.101027], [132.7074514, 35.1009021], [132.7075902, 35.1007965], [132.7077618, 35.1007065], [132.7079174, 35.1006808], [132.7082214, 35.1006511], [132.7092178, 35.1005705], [132.7094277, 35.1005525], [132.7096761, 35.1005529], [132.7098991, 35.10059], [132.7101344, 35.1006588], [132.7101698, 35.1006065], [132.7102653, 35.1004806], [132.7103468, 35.100369], [132.7104683, 35.1002972], [132.7107275, 35.1001595], [132.7108606, 35.1001106], [132.7113928, 35.1000031], [132.7115687, 35.0999514], [132.711672, 35.0998982], [132.7118759, 35.0997177], [132.7119775, 35.0996524], [132.7120901, 35.099613], [132.7122526, 35.0995647], [132.7123721, 35.0995048], [132.7124474, 35.0994302], [132.7128376, 35.0990269], [132.7129496, 35.0988837], [132.7132213, 35.0984508], [132.7133192, 35.0983394], [132.7135456, 35.0981333], [132.7137082, 35.098024], [132.7138767, 35.0979439], [132.7141086, 35.097855], [132.7143055, 35.0977862], [132.7144051, 35.09772], [132.7144468, 35.0976582], [132.7144563, 35.0976131], [132.7144537, 35.0975564], [132.7144338, 35.0971942], [132.7144258, 35.0971348], [132.7144307, 35.0970492], [132.7144716, 35.0969628], [132.7145477, 35.0968798], [132.7147673, 35.0967623], [132.7149142, 35.0966765], [132.7150713, 35.0965604], [132.7154424, 35.0962362], [132.7157144, 35.0960293], [132.7159185, 35.0959015], [132.7162538, 35.0956896], [132.7163878, 35.095632], [132.7166397, 35.0955766], [132.7167699, 35.0955415], [132.7168741, 35.0954828], [132.7169535, 35.0953956], [132.7169904, 35.0952935], [132.717035, 35.0951201], [132.71714, 35.0947958], [132.7171798, 35.0946207], [132.7171852, 35.0944979], [132.7171692, 35.0943608], [132.7171557, 35.0940929], [132.71713, 35.0939293], [132.7170293, 35.0934926], [132.7169902, 35.0933034], [132.7169493, 35.0930153], [132.7169252, 35.0928134], [132.7168877, 35.0927305], [132.7167832, 35.0926142], [132.7166744, 35.0924918], [132.7165718, 35.0924089], [132.716416, 35.0923486], [132.7162479, 35.0923023], [132.7159615, 35.0922263], [132.7158348, 35.0921812], [132.7152384, 35.0919353], [132.7149553, 35.0917911], [132.7147087, 35.0916517], [132.7145201, 35.0915315], [132.714403, 35.0914284], [132.7143468, 35.0913169], [132.7143239, 35.0912138], [132.7143471, 35.0910845], [132.7143864, 35.0909647], [132.7143918, 35.0908714], [132.7143864, 35.0906804], [132.714397, 35.0905619], [132.714452, 35.0904846], [132.7145578, 35.090372], [132.7146875, 35.0902613], [132.7147784, 35.0901707], [132.7148755, 35.0900659], [132.7149853, 35.0899913], [132.7151336, 35.0899298], [132.7154089, 35.0898524], [132.7156378, 35.0897976], [132.7157251, 35.0897729], [132.7157758, 35.089729], [132.7158982, 35.0895589], [132.7159729, 35.0895013], [132.7160674, 35.089476], [132.716174, 35.089487], [132.7162366, 35.0895238], [132.7162653, 35.0895864], [132.7163221, 35.0897082], [132.7164009, 35.0897712], [132.7164947, 35.0898069], [132.7168283, 35.0898409], [132.7170321, 35.0898349], [132.7172277, 35.0898019], [132.7173932, 35.0897455], [132.717547, 35.089667], [132.7176419, 35.0896088], [132.7177714, 35.0894525], [132.7178344, 35.0893948], [132.717926, 35.0893476], [132.7181, 35.0892648], [132.7181596, 35.0892209], [132.7181939, 35.0891577], [132.7182068, 35.0890585], [132.7181689, 35.0889723], [132.7181008, 35.0888993], [132.718018, 35.0888275], [132.7177983, 35.0886947], [132.7177339, 35.0886371], [132.7176842, 35.0885504], [132.7175498, 35.0882772], [132.7174921, 35.0881525], [132.7174214, 35.087971], [132.7173516, 35.0878832], [132.7172533, 35.087814], [132.7171062, 35.0877131], [132.717077, 35.0876592], [132.7170662, 35.0875912], [132.717159, 35.0873854], [132.7172207, 35.0873427], [132.7173398, 35.0873327], [132.7174735, 35.0873437], [132.7179186, 35.0874831], [132.7180189, 35.0875226], [132.7180911, 35.0875786], [132.7184893, 35.0879193], [132.718592, 35.087982], [132.718723, 35.088017], [132.7188197, 35.088022], [132.7189106, 35.0879874], [132.7190207, 35.0879161], [132.7191406, 35.0878075], [132.7192453, 35.0876583], [132.7193341, 35.0874837], [132.7194518, 35.087173], [132.7198027, 35.085965], [132.7198403, 35.085845], [132.7198544, 35.0857745], [132.719838, 35.0857049], [132.7197796, 35.0856186], [132.7196801, 35.0855154], [132.7195622, 35.0854063], [132.7195324, 35.0853355], [132.7195468, 35.0852757], [132.7196422, 35.0852231], [132.7198031, 35.0851516], [132.7199644, 35.0850952], [132.7200873, 35.0850567], [132.7201587, 35.0850106], [132.7202565, 35.0849234], [132.7203147, 35.0848136], [132.720316, 35.0847247], [132.7202779, 35.0846644], [132.7201711, 35.0845996], [132.7200299, 35.0845327], [132.7199349, 35.0844817], [132.7198869, 35.0844087], [132.7198905, 35.0843105], [132.7199279, 35.0842409], [132.7200229, 35.0841036], [132.7200296, 35.0839818], [132.7200097, 35.0838777], [132.7199206, 35.0836163], [132.7198784, 35.0835395], [132.719784, 35.0834682], [132.7195752, 35.0833322], [132.7193191, 35.0831867], [132.7191141, 35.0830797], [132.7190101, 35.0830397], [132.7189551, 35.0830287], [132.7188191, 35.0830337], [132.7186936, 35.0830808], [132.7185545, 35.0831434], [132.7184308, 35.0831818], [132.7183106, 35.0831851], [132.7181866, 35.0831559], [132.71783, 35.0829875], [132.717421, 35.0827949], [132.7170402, 35.0826205], [132.7169896, 35.0825942], [132.716922, 35.082547], [132.7168607, 35.0824722], [132.7166023, 35.0820616], [132.7165441, 35.0819905], [132.7164871, 35.0819497], [132.7164338, 35.0819221], [132.7163678, 35.0819073], [132.7162522, 35.0819039], [132.7155143, 35.0820075], [132.7153674, 35.0820403], [132.7152846, 35.0820698], [132.7152413, 35.0820929], [132.715173, 35.0821374], [132.7151115, 35.0821898], [132.7150192, 35.0822444], [132.7149361, 35.0822786], [132.7148833, 35.0822889], [132.7148264, 35.0822931], [132.7147476, 35.0822906], [132.7146672, 35.0822739], [132.7145667, 35.0822261], [132.7143988, 35.082139], [132.7139306, 35.0819017], [132.7135878, 35.0817233], [132.713421, 35.0816185], [132.7133111, 35.0815226], [132.7131877, 35.0814188], [132.7129745, 35.081212], [132.7129047, 35.0811593], [132.7128267, 35.0811263], [132.7125406, 35.0810035], [132.7122056, 35.0808435], [132.7120355, 35.0807861], [132.7118774, 35.0807522], [132.7112054, 35.0806627], [132.7105202, 35.0805739], [132.7102717, 35.0805223], [132.7100606, 35.0804558], [132.7097624, 35.080322], [132.7093263, 35.0801146], [132.7089952, 35.0799696], [132.7088256, 35.079865], [132.7086881, 35.0797501], [132.7085905, 35.079634], [132.7085114, 35.0795072], [132.7084522, 35.0793777], [132.7083563, 35.07909], [132.7082375, 35.0786416], [132.7080902, 35.0781809], [132.7079607, 35.077884], [132.7077713, 35.0775087], [132.707638, 35.0772774], [132.7075347, 35.0771687], [132.7073436, 35.0769868], [132.7071418, 35.0768175], [132.7069957, 35.0766439], [132.7068487, 35.0764238], [132.7066778, 35.0761425], [132.7063153, 35.0755371], [132.7062406, 35.0754244], [132.7061494, 35.0753287], [132.7060267, 35.0752546], [132.7058925, 35.0752124], [132.7057638, 35.0752019], [132.7056306, 35.0752186], [132.7055043, 35.0752336], [132.7053349, 35.0752568], [132.7052143, 35.0752487], [132.705119, 35.075217], [132.70505, 35.0751692], [132.7050079, 35.0751071], [132.7049964, 35.0750213], [132.7050237, 35.0749187], [132.7050932, 35.0748272], [132.7052067, 35.0747317], [132.7056402, 35.0743788], [132.7059995, 35.0740605], [132.7061804, 35.0738905], [132.7063411, 35.0736836], [132.706554, 35.0733825], [132.7066484, 35.0732334], [132.7067523, 35.0730284], [132.7069516, 35.0725901], [132.7070081, 35.072432], [132.7071947, 35.0718157], [132.7072614, 35.0715941], [132.7072948, 35.0715052], [132.7073309, 35.0714558], [132.7074266, 35.0713829], [132.707525, 35.0713411], [132.7076824, 35.071307], [132.7078732, 35.0712676], [132.7079828, 35.071205], [132.7080902, 35.0711166], [132.7081958, 35.0709926], [132.7083188, 35.0708037], [132.7085038, 35.0705421], [132.7086348, 35.0703352], [132.7087556, 35.0702015], [132.7089491, 35.0700687], [132.7091298, 35.0699891], [132.7093932, 35.0699107], [132.7095923, 35.0698772], [132.7097566, 35.0698822], [132.7099674, 35.0699019], [132.7101679, 35.0699201], [132.7102806, 35.0699031], [132.7103689, 35.0698553], [132.710433, 35.0697664], [132.710477, 35.0696434], [132.710534, 35.0694656], [132.7105847, 35.069362], [132.7106622, 35.0692672], [132.7107467, 35.069175], [132.7108151, 35.0690674], [132.7108513, 35.0689544], [132.7108538, 35.0688216], [132.7108345, 35.068707], [132.7107894, 35.0686076], [132.7107068, 35.0685037], [132.7105856, 35.068388], [132.7104798, 35.068298], [132.7103899, 35.0682091], [132.7102788, 35.0680983], [132.7101735, 35.0680276], [132.7100495, 35.0679661], [132.7098012, 35.067869], [132.7095585, 35.0677766], [132.7094635, 35.0677258], [132.7093539, 35.0676485], [132.7092346, 35.0675266], [132.7091467, 35.0674056], [132.7089784, 35.0671852], [132.7088575, 35.0670903], [132.7087171, 35.067035], [132.7085892, 35.0670107], [132.70847, 35.067002], [132.7079101, 35.0669571], [132.7077512, 35.066933], [132.7076384, 35.0668901], [132.7075596, 35.0668341], [132.7073966, 35.0666864], [132.7073203, 35.0665898], [132.7072807, 35.0665158], [132.7072323, 35.0664276], [132.7071787, 35.0662164], [132.7071707, 35.0659992], [132.7071796, 35.065885], [132.707235, 35.0655762], [132.707445, 35.0647997], [132.7075487, 35.0644666], [132.7076344, 35.0643], [132.7076905, 35.0641981], [132.7079846, 35.0637427], [132.7081844, 35.0634552], [132.7083407, 35.063275], [132.7084923, 35.06314], [132.7085667, 35.0630716], [132.7086438, 35.0629712], [132.7086943, 35.0628187], [132.7087091, 35.062614], [132.7087256, 35.062354], [132.7087683, 35.0621937], [132.7088495, 35.0620043], [132.708963, 35.0618661], [132.7094804, 35.0614173], [132.7098199, 35.0610677], [132.7099538, 35.0609096], [132.7101192, 35.0607143], [132.7104403, 35.0603313], [132.710573, 35.0602013], [132.7106602, 35.060153], [132.7107378, 35.0601245], [132.711041, 35.0600477], [132.7113944, 35.0599675], [132.7117723, 35.0598491], [132.7122467, 35.0596635], [132.7126013, 35.0595177], [132.7126623, 35.0594831], [132.7127423, 35.059454], [132.7129085, 35.0594351], [132.7134567, 35.0594519], [132.7136207, 35.0594483], [132.7137916, 35.059403], [132.7139117, 35.0593195], [132.7139947, 35.0592203], [132.7140387, 35.0591034], [132.7140473, 35.0589733], [132.7139984, 35.0588055], [132.7139814, 35.0587018], [132.7139776, 35.0585597], [132.714032, 35.0583928], [132.7141951, 35.0580201], [132.7142901, 35.0578243], [132.714494, 35.057596], [132.7146615, 35.0573919], [132.71488, 35.0571785], [132.7150254, 35.0570627], [132.7151817, 35.0569804], [132.715402, 35.0569249], [132.7156364, 35.0569216], [132.716134, 35.0569694], [132.7163356, 35.0569688], [132.716479, 35.056954], [132.716569, 35.056926], [132.716658, 35.056858], [132.716712, 35.056768], [132.7167214, 35.0566704], [132.7166759, 35.0563302], [132.7166652, 35.0561589], [132.7166973, 35.0560224], [132.7167556, 35.0559028], [132.7168502, 35.0557727], [132.7169617, 35.0556882], [132.7170527, 35.0556201], [132.7172202, 35.055517], [132.7173369, 35.0554232], [132.717532, 35.0551949], [132.7179969, 35.0546126], [132.7180878, 35.0544854], [132.7181321, 35.0543797], [132.7181563, 35.0542227], [132.7181826, 35.0540808], [132.7182933, 35.0536892], [132.7183145, 35.0536046], [132.7183485, 35.0535011], [132.7184008, 35.0534251], [132.7184951, 35.0533434], [132.718593, 35.0532858], [132.7187589, 35.0532183], [132.7191822, 35.0530374], [132.7193149, 35.0529599], [132.7194405, 35.0528393], [132.7195114, 35.0527828], [132.7195908, 35.0527495], [132.7197249, 35.052718], [132.7198158, 35.0527257], [132.7199196, 35.0527419], [132.720054, 35.0528036], [132.7201553, 35.052914], [132.7202146, 35.0529701], [132.7203506, 35.0530532], [132.7204345, 35.0530875], [132.720598, 35.0531109], [132.7208966, 35.0531321], [132.721051, 35.053109], [132.7211592, 35.0530657], [132.721257, 35.0529677], [132.7212909, 35.0528771], [132.7213304, 35.0526755], [132.7213661, 35.0525865], [132.7214456, 35.052517], [132.7215721, 35.0524536], [132.7217091, 35.0524191], [132.7222437, 35.0523603], [132.722742, 35.0523], [132.7229698, 35.0522681], [132.7231802, 35.0522089], [132.7236205, 35.0519965], [132.723746, 35.0519531], [132.7238912, 35.0519492], [132.7240292, 35.0519583], [132.7241882, 35.05198], [132.7243396, 35.0519844], [132.7244411, 35.0519658], [132.724539, 35.0519165], [132.7246147, 35.0518578], [132.7246857, 35.0517701], [132.7247336, 35.0516535], [132.7247288, 35.0515515], [132.7246088, 35.051169], [132.7245915, 35.0510916], [132.7245765, 35.0510033], [132.7245825, 35.0509063], [132.7246403, 35.0507904], [132.7247054, 35.0507002], [132.7247956, 35.0506531], [132.7248819, 35.0506351], [132.72496, 35.050634], [132.725071, 35.05064], [132.725256, 35.050719], [132.725681, 35.050966], [132.725804, 35.051057], [132.725961, 35.0511772], [132.7260857, 35.0513234], [132.7262741, 35.0515876], [132.7263994, 35.051665], [132.7265751, 35.0517101], [132.7268472, 35.0517429], [132.7271472, 35.051789], [132.7274498, 35.0518379], [132.7275769, 35.0518447], [132.727734, 35.051828], [132.727997, 35.0517478], [132.7281703, 35.0516757], [132.7283169, 35.0516013], [132.7284473, 35.0515678], [132.7288678, 35.0515047], [132.729182, 35.0514664], [132.7294197, 35.0514668], [132.7296111, 35.0515212], [132.7298336, 35.051625], [132.7299691, 35.0517276], [132.7302064, 35.0519991], [132.7303683, 35.0522312], [132.7304904, 35.0523509], [132.7306406, 35.0524574], [132.7309833, 35.0526576], [132.731156, 35.05278], [132.7318736, 35.0531855], [132.7320967, 35.053338], [132.7321952, 35.0534571], [132.7322799, 35.0536293], [132.7323172, 35.0538264], [132.7323054, 35.053957], [132.7322592, 35.0542214], [132.7322653, 35.0543684], [132.7323084, 35.0544629], [132.7324023, 35.0545211], [132.7325121, 35.0545458], [132.7327127, 35.0545491], [132.7330668, 35.0545512], [132.7332014, 35.0545375], [132.7332579, 35.0545078], [132.7333199, 35.0544458], [132.7333718, 35.0543103], [132.7334376, 35.054206], [132.7335081, 35.0541566], [132.7335929, 35.0541577], [132.7336722, 35.0541857], [132.7337925, 35.0542686], [132.7339412, 35.0544036], [132.7340446, 35.0544343], [132.7341401, 35.0544222], [132.7342465, 35.054386], [132.7343773, 35.0542922], [132.7344251, 35.0542198], [132.7344342, 35.0541238], [132.7343485, 35.0539015], [132.7343319, 35.0538021], [132.7343437, 35.0537012], [132.7343951, 35.0536464], [132.7344641, 35.0536124], [132.7345361, 35.0536064], [132.7346001, 35.0536124], [132.7346751, 35.0536444], [132.734735, 35.0536864], [132.7348287, 35.0538411], [132.7349067, 35.0539361], [132.7350034, 35.0539734], [132.7351893, 35.0539745], [132.735309, 35.0539856], [132.735419, 35.0540251], [132.7355035, 35.054046], [132.735651, 35.0540427], [132.7357869, 35.0540261], [132.736209, 35.054008], [132.736565, 35.054008], [132.736811, 35.054031], [132.737085, 35.054031], [132.7372751, 35.0540308], [132.7374189, 35.0540146], [132.7375167, 35.0539676], [132.7375987, 35.0538765], [132.7376458, 35.0537466], [132.737629, 35.053581], [132.7376078, 35.053373], [132.737599, 35.053113], [132.7376167, 35.0530258], [132.737756, 35.0521229], [132.7377768, 35.0520023], [132.7377586, 35.0518127], [132.7376989, 35.0515071], [132.7376054, 35.0511746], [132.7375661, 35.0510356], [132.7375012, 35.0509013], [132.7374296, 35.0507687], [132.7373024, 35.0506352], [132.7371502, 35.0505328], [132.7369725, 35.050447], [132.7367428, 35.0503596], [132.7361915, 35.0501907], [132.7360697, 35.0501428], [132.7359527, 35.0500739], [132.7358567, 35.0500125], [132.7357963, 35.0499765], [132.7352223, 35.0496257], [132.7347256, 35.0493168], [132.734045, 35.0488963], [132.7338653, 35.0487864], [132.733756, 35.0486936], [132.733633, 35.0484977], [132.7331509, 35.0477823], [132.733026, 35.0475616], [132.7329875, 35.0474155], [132.7329939, 35.0471427], [132.7330151, 35.0466959], [132.7330266, 35.0465328], [132.733073, 35.0463257], [132.7331741, 35.0461419], [132.7333394, 35.0459679], [132.7343409, 35.0449768], [132.7346983, 35.0446141], [132.7348026, 35.0444769], [132.7348395, 35.0443622], [132.7348321, 35.0442497], [132.7347686, 35.0441482], [132.7347028, 35.0440928], [132.7345789, 35.0440258], [132.7344177, 35.0439442], [132.7343231, 35.0438655], [132.734271, 35.0437915], [132.734193, 35.0436384], [132.7341629, 35.0434993], [132.7341677, 35.0434094], [132.734199, 35.0433339], [132.7342656, 35.0432161], [132.7343807, 35.0430937], [132.734601, 35.0429285], [132.734818, 35.0427825], [132.7350012, 35.0426914], [132.73524, 35.0426163], [132.7354817, 35.0425729], [132.7357604, 35.0425674], [132.736544, 35.0426476], [132.7367244, 35.0426486], [132.7369022, 35.0426419], [132.7372159, 35.0426075], [132.7373595, 35.0426014], [132.7374777, 35.0426294], [132.7375848, 35.0426859], [132.7378634, 35.0428687], [132.737997, 35.0429131], [132.7381229, 35.0429266], [132.7382559, 35.0429019], [132.7390204, 35.0426644], [132.7391773, 35.0426074], [132.739262, 35.0425507], [132.7393145, 35.0424834], [132.7393376, 35.0424], [132.7395408, 35.0416749], [132.7395576, 35.0415768], [132.739638, 35.041064], [132.7396606, 35.0408054], [132.7396891, 35.0405743], [132.7397106, 35.0405212], [132.7397772, 35.0404772], [132.7400732, 35.0403166], [132.7404074, 35.0401448], [132.7405725, 35.0400872], [132.7407804, 35.0400624], [132.7409457, 35.040067], [132.7410235, 35.0400889], [132.7411581, 35.0398298], [132.7413225, 35.0395406], [132.7416444, 35.0390338], [132.7420738, 35.0383801], [132.7424335, 35.0378383], [132.7426079, 35.0376163], [132.7426542, 35.0375593], [132.7427153, 35.0374767], [132.7429071, 35.0372657], [132.7434209, 35.0367175], [132.7436063, 35.03649], [132.7436458, 35.0364299], [132.7437002, 35.03634], [132.7438034, 35.0361445], [132.7438943, 35.0358962], [132.7439374, 35.0356831], [132.7439605, 35.0354385], [132.7439569, 35.035102], [132.7439151, 35.0346595], [132.743899, 35.0342309], [132.7439115, 35.0338594], [132.743935, 35.0336234], [132.7439618, 35.0334447], [132.7440007, 35.0332982], [132.7440872, 35.0329461], [132.7442397, 35.0323539], [132.7444513, 35.0315815], [132.7445342, 35.0312348], [132.744574, 35.0309648], [132.7445674, 35.0307148], [132.7445209, 35.0304557], [132.7444434, 35.0302437], [132.7443513, 35.030089], [132.7442694, 35.029977], [132.7442317, 35.0299226], [132.744093, 35.0297661], [132.7439866, 35.0296583], [132.7438605, 35.0295558], [132.7436724, 35.0294056], [132.7431372, 35.029102], [132.7422138, 35.0285295], [132.7412418, 35.0279399], [132.7407925, 35.0276844], [132.7404689, 35.0275352], [132.7403314, 35.0274883], [132.7398687, 35.0273518], [132.7394659, 35.0272553], [132.7383955, 35.0270195], [132.7381698, 35.0269697], [132.7376832, 35.0268639], [132.7360573, 35.0264986], [132.7353171, 35.0263103], [132.7337356, 35.0259064], [132.7322338, 35.0255271], [132.7311503, 35.025245], [132.7306564, 35.0250964], [132.7292655, 35.0245577], [132.728049, 35.0240854], [132.7274329, 35.0238414], [132.7272096, 35.0237366], [132.7270075, 35.0236226], [132.7268636, 35.023541], [132.7266696, 35.0233953], [132.7264489, 35.0231988], [132.7261965, 35.022923], [132.7260486, 35.0227036], [132.7259947, 35.0226363], [132.7258729, 35.0223865], [132.7256534, 35.0218851], [132.7253096, 35.0210169], [132.7248037, 35.0198643], [132.7243714, 35.0188666], [132.7238992, 35.017813], [132.7236374, 35.0172321], [132.7232314, 35.0163005], [132.7229282, 35.0155816], [132.7226104, 35.0148427], [132.7224873, 35.0146148], [132.7223672, 35.014446], [132.7221378, 35.014198], [132.7217713, 35.0138787], [132.7214945, 35.0136223], [132.7213313, 35.0134468], [132.7212172, 35.0132882], [132.7211165, 35.0131312], [132.7210178, 35.0129512], [132.7209651, 35.0128225], [132.7209242, 35.0126986], [132.7208886, 35.0125443], [132.7208648, 35.0123899], [132.7208433, 35.0118226], [132.7208404, 35.011777], [132.7208268, 35.0115709], [132.7207559, 35.011245], [132.7206325, 35.0109518], [132.7200985, 35.0100397], [132.7196777, 35.0092824], [132.7194524, 35.0088949], [132.718973, 35.0080649], [132.7183913, 35.0070579], [132.7180788, 35.006517], [132.7179464, 35.0062878], [132.7175937, 35.0056832], [132.7172817, 35.0052126], [132.7172205, 35.0051301], [132.7168563, 35.0046698], [132.7166584, 35.0044696], [132.7163565, 35.0041549], [132.7161128, 35.0039008], [132.7158837, 35.0036904], [132.7154942, 35.0034002], [132.7151197, 35.0031386], [132.7147176, 35.0028007], [132.7144713, 35.0025022], [132.7143883, 35.0023544], [132.7142866, 35.0021316], [132.7142458, 35.0019554], [132.7142295, 35.0018089], [132.7142048, 35.000865], [132.7141944, 35.0003021], [132.7141875, 34.9998759], [132.7141649, 34.9993406], [132.7141524, 34.999095], [132.7141878, 34.9987757], [132.7142596, 34.9983423], [132.7143151, 34.9981042], [132.7143248, 34.9980625], [132.7144255, 34.9977529], [132.7146294, 34.9972739], [132.7147232, 34.9969506], [132.7147447, 34.9968751], [132.714798, 34.9966879], [132.7148746, 34.9964579], [132.7149584, 34.9962111], [132.7150333, 34.9960068], [132.7150382, 34.9959901], [132.7152223, 34.9954091], [132.7152717, 34.9952543], [132.7154277, 34.994817], [132.7155232, 34.9945524], [132.7156777, 34.9942525], [132.7158684, 34.9939631], [132.7159293, 34.9938821], [132.7159663, 34.9938467], [132.7160132, 34.9937814], [132.7161934, 34.9935803], [132.7163842, 34.9933893], [132.7167111, 34.993123], [132.7170343, 34.9928709], [132.7172934, 34.9926696], [132.7175798, 34.9924279], [132.7177895, 34.9922263], [132.7183797, 34.9914866], [132.7187867, 34.9909231], [132.719181, 34.990449], [132.7193247, 34.990268], [132.7196595, 34.9899431], [132.7199324, 34.9896807], [132.7201871, 34.9894899], [132.720378, 34.989362], [132.72074, 34.98908], [132.721821, 34.988319], [132.723113, 34.987419], [132.723222, 34.987329], [132.7234656, 34.9871289], [132.7236184, 34.986968], [132.7237094, 34.9868428], [132.7237785, 34.9867295], [132.7238549, 34.9865894], [132.7239386, 34.9860915], [132.7240259, 34.9853999], [132.7240223, 34.9851763], [132.7240878, 34.9844191], [132.7241096, 34.9841001], [132.7240951, 34.9838884], [132.7241497, 34.9836529], [132.724269, 34.983425], [132.724371, 34.983194], [132.724453, 34.983059], [132.724515, 34.982975], [132.724699, 34.982783], [132.725139, 34.982434], [132.725308, 34.982299], [132.7254111, 34.9822115], [132.725632, 34.982024], [132.7258271, 34.981876], [132.7261509, 34.9816107], [132.7263365, 34.9813782], [132.7270024, 34.9806269], [132.728029, 34.979409], [132.728602, 34.978783], [132.729287, 34.978035], [132.729527, 34.97777], [132.729998, 34.977308], [132.730183, 34.977032], [132.730382, 34.976621], [132.730511, 34.976334], [132.730935, 34.975438], [132.731073, 34.97515], [132.73149, 34.974305], [132.731538, 34.974136], [132.73164, 34.973917], [132.731866, 34.973472], [132.732208, 34.972915], [132.732489, 34.972521], [132.732742, 34.972143], [132.733077, 34.971659], [132.733254, 34.971389], [132.733398, 34.971146], [132.733446, 34.971079], [132.733651, 34.970752], [132.733853, 34.970439], [132.733942, 34.970272], [132.733979, 34.970168], [132.733992, 34.970077], [132.734003, 34.969392], [132.734007, 34.969321], [132.734034, 34.968324], [132.734055, 34.968132], [132.734082, 34.967254], [132.734082, 34.967022], [132.734116, 34.966042], [132.734123, 34.965547], [132.734151, 34.964809], [132.734185, 34.96401], [132.734226, 34.963689], [132.73428, 34.963396], [132.73439, 34.963018], [132.734513, 34.962709], [132.734609, 34.96241], [132.734663, 34.962168], [132.734718, 34.961498], [132.734744, 34.960775], [132.7346203, 34.9552874], [132.7346347, 34.9548644], [132.7346935, 34.9545445], [132.7348077, 34.954175], [132.7351308, 34.9537395], [132.7356383, 34.953151], [132.7358125, 34.9529022], [132.735929, 34.9526495], [132.7360531, 34.952246], [132.7364794, 34.9496757], [132.7365131, 34.9493023], [132.7366167, 34.948353], [132.7365682, 34.9472537], [132.7365055, 34.9466327], [132.7364918, 34.9463183], [132.7365811, 34.9457963], [132.7367574, 34.9453127], [132.737003, 34.9448846], [132.7375715, 34.9441627], [132.7376403, 34.9440753], [132.7383836, 34.9431619], [132.7397827, 34.9413334], [132.7398504, 34.9412481], [132.7404223, 34.9405272], [132.7406042, 34.9402939], [132.7407455, 34.9401209], [132.7419892, 34.9385289], [132.7429183, 34.9376262], [132.744051, 34.9367837], [132.7450146, 34.9362009], [132.745829, 34.9355562], [132.7475816, 34.933845], [132.7479639, 34.9334796], [132.7483382, 34.9330319], [132.7485098, 34.9327231], [132.7485924, 34.9324226], [132.7486408, 34.931789], [132.7486565, 34.9309382], [132.7487142, 34.9306528], [132.7488435, 34.9304265], [132.7489981, 34.9301907], [132.7505922, 34.9283303], [132.7513185, 34.9273931], [132.7513817, 34.9273266], [132.7531088, 34.925087], [132.7534326, 34.9247066], [132.754006, 34.9242378], [132.7549749, 34.9235609], [132.7558115, 34.9230336], [132.7564786, 34.9226363], [132.7566406, 34.9225692], [132.7570242, 34.9223537], [132.7581269, 34.9218797], [132.7601271, 34.9210131], [132.7607737, 34.9208487], [132.7615545, 34.9206123], [132.7640216, 34.9198732], [132.7648636, 34.9196441], [132.7678957, 34.9184423], [132.7680273, 34.9183908], [132.7683978, 34.9182792], [132.7687901, 34.9182027], [132.7692907, 34.9181491], [132.7697059, 34.9181542], [132.7704679, 34.9182058], [132.7709362, 34.9182115], [132.7712298, 34.9182029], [132.7715374, 34.9181599], [132.7717366, 34.9180954], [132.7719778, 34.9179894], [132.7722015, 34.9178762], [132.772502, 34.9176684], [132.7726006, 34.9175702], [132.7727048, 34.9174664], [132.7727947, 34.9173447], [132.7728848, 34.9172227], [132.7730387, 34.9169719], [132.7734819, 34.9161361], [132.7735418, 34.9160129], [132.7735833, 34.9159495], [132.7738726, 34.9154504], [132.7740115, 34.9152522], [132.7743221, 34.9149897], [132.7744938, 34.914816], [132.774701, 34.9146485], [132.7760861, 34.9138157], [132.7763293, 34.9136746], [132.7766567, 34.9134718], [132.7769683, 34.913296], [132.7774, 34.9130436], [132.7776369, 34.9129183], [132.7778097, 34.9128309], [132.7783931, 34.9125182], [132.7789366, 34.91217], [132.7791218, 34.911945], [132.779197, 34.9118375], [132.7792197, 34.9117601], [132.7792704, 34.9115666], [132.7792826, 34.9114061], [132.7792686, 34.9112413], [132.7792337, 34.911088], [132.7791498, 34.9109017], [132.7788702, 34.9104976], [132.778342, 34.9099279], [132.7781641, 34.9096735], [132.7780453, 34.9094127], [132.7779597, 34.908977], [132.7779579, 34.9077474], [132.7779439, 34.9074923], [132.777888, 34.9072716], [132.7778076, 34.9070767], [132.7776608, 34.9068245], [132.7774511, 34.9066095], [132.777168, 34.9063859], [132.7766278, 34.9059581], [132.7763176, 34.9056823], [132.7761871, 34.9055545], [132.7760856, 34.9054283], [132.7760066, 34.9053124], [132.775929, 34.9051391], [132.7758888, 34.9049628], [132.7758783, 34.9046633], [132.775908, 34.9045214], [132.7761055, 34.9041774], [132.7763012, 34.9038893], [132.7768867, 34.9032473], [132.7769706, 34.9031355], [132.7771016, 34.9029363], [132.7771663, 34.9028359], [132.7772869, 34.9026023], [132.7773529, 34.9024432], [132.7773749, 34.902271], [132.7773891, 34.9020862], [132.7773749, 34.9018974], [132.7773522, 34.9017539], [132.7772998, 34.9015329], [132.7772246, 34.9013005], [132.7771745, 34.9011593], [132.7771357, 34.9009178], [132.7771316, 34.9006635], [132.7771638, 34.900469], [132.7772542, 34.9002025], [132.777358, 34.8999587], [132.7774611, 34.8997445], [132.7775496, 34.8995163], [132.7776118, 34.8992549], [132.7776278, 34.8990772], [132.7776415, 34.8987995], [132.7776303, 34.898431], [132.7776005, 34.8981774], [132.7775435, 34.8979245], [132.7774699, 34.8976046], [132.7771183, 34.8969092], [132.7769501, 34.8966908], [132.7767462, 34.896519], [132.776507, 34.8963368], [132.7762064, 34.8961577], [132.7759568, 34.8960224], [132.7751789, 34.895601], [132.7749794, 34.8954374], [132.7748441, 34.8952479], [132.7747481, 34.8950791], [132.7747097, 34.8949631], [132.774656, 34.8946486], [132.7746156, 34.8939927], [132.7745716, 34.8931625], [132.7745683, 34.8930489], [132.7745732, 34.892889], [132.7745935, 34.8927443], [132.7746316, 34.8926197], [132.7746928, 34.892483], [132.7747689, 34.8923503], [132.7748767, 34.8922058], [132.7755885, 34.8916045], [132.776339, 34.8909605], [132.7768235, 34.8905902], [132.7771387, 34.8903329], [132.7773366, 34.8901147], [132.7775368, 34.8898312], [132.7778641, 34.8892056], [132.7781393, 34.8886106], [132.7784114, 34.8881305], [132.778465, 34.8880627], [132.7789651, 34.887174], [132.7791779, 34.886891], [132.779464, 34.886608], [132.7795273, 34.8865574], [132.7800719, 34.8861266], [132.7804902, 34.8858148], [132.7806795, 34.8856377], [132.7808326, 34.8854711], [132.7810437, 34.8852157], [132.7812914, 34.8848374], [132.7816031, 34.8840256], [132.7816348, 34.8839628], [132.7816928, 34.8838107], [132.7823216, 34.8818005], [132.7825486, 34.88107], [132.782602, 34.8809026], [132.7827243, 34.880555], [132.7828734, 34.8802831], [132.7831217, 34.8799657], [132.7834202, 34.8796741], [132.7839781, 34.8792164], [132.7841751, 34.8790186], [132.7845103, 34.8785586], [132.7848055, 34.878031], [132.7850701, 34.877491], [132.7859069, 34.8758578], [132.7862784, 34.8753014], [132.7868048, 34.8745015], [132.7871545, 34.8738819], [132.7874583, 34.8732379], [132.7882851, 34.871203], [132.7893129, 34.8686594], [132.7896263, 34.8678468], [132.7897537, 34.8674778], [132.7898516, 34.8672526], [132.7901397, 34.8666225], [132.7901519, 34.8665909], [132.790181, 34.866516], [132.7901976, 34.8664853], [132.790442, 34.865927], [132.791132, 34.8646022], [132.7915135, 34.8638709], [132.792095, 34.8627098], [132.7923713, 34.8622141], [132.7926051, 34.861813], [132.7936893, 34.8599978], [132.7944066, 34.858772], [132.7946805, 34.8583492], [132.794863, 34.8580623], [132.7949411, 34.8579453], [132.7953964, 34.8572773], [132.7957395, 34.8567315], [132.7959498, 34.856443], [132.7961347, 34.8561643], [132.7961937, 34.8560754], [132.7970954, 34.8546884], [132.7972053, 34.8545049], [132.7973459, 34.8542426], [132.7978398, 34.8535473], [132.798203, 34.8531213], [132.7983775, 34.8529344], [132.798741, 34.8525823], [132.7993941, 34.8519499], [132.7996242, 34.8517973], [132.7998802, 34.8516358], [132.8007017, 34.8511595], [132.8008588, 34.8510569], [132.8009978, 34.8509522], [132.8011614, 34.8508214], [132.8015035, 34.8504897], [132.801688, 34.8503075], [132.8019318, 34.8501139], [132.802672, 34.8496803], [132.8036136, 34.8491308], [132.8038628, 34.8488983], [132.8040367, 34.8486731], [132.8041554, 34.8484574], [132.8042316, 34.8481905], [132.8042518, 34.8478212], [132.8042156, 34.8476268], [132.8041025, 34.8473269], [132.8039523, 34.8470492], [132.8036341, 34.8464548], [132.8034173, 34.8460882], [132.8031949, 34.8457568], [132.8031644, 34.845705], [132.8027568, 34.8453676], [132.8020328, 34.8449215], [132.8015906, 34.8445735], [132.8011976, 34.844102], [132.8010927, 34.8439254], [132.8009519, 34.8436186], [132.8008867, 34.8432703], [132.8008427, 34.8429591], [132.8008745, 34.8426177], [132.8011407, 34.841582], [132.8013362, 34.8412098], [132.8016366, 34.8408629], [132.8020241, 34.8405305], [132.8023866, 34.8402563], [132.8027856, 34.8400004], [132.8034479, 34.8396487], [132.8043327, 34.8393075], [132.8046009, 34.8391612], [132.8048215, 34.8390008], [132.8050311, 34.8387562], [132.8052358, 34.8383109], [132.8054731, 34.8374424], [132.8058553, 34.8360062], [132.8059084, 34.8355886], [132.8059288, 34.8338159], [132.8061553, 34.8302564], [132.8061795, 34.8295607], [132.8063179, 34.827555], [132.8064111, 34.8271262], [132.8065182, 34.8268632], [132.8066641, 34.826619], [132.8068588, 34.8263918], [132.8071419, 34.8261678], [132.8075107, 34.8259709], [132.8078896, 34.8258451], [132.8082802, 34.8257839], [132.8086364, 34.8257716], [132.8089862, 34.8258124], [132.8092804, 34.8258686], [132.8095646, 34.8259661], [132.8099335, 34.8261157], [132.8103062, 34.8262953], [132.8108459, 34.826599], [132.8112976, 34.8268435], [132.8120986, 34.8273004], [132.8123468, 34.8274181], [132.8125085, 34.8274614], [132.8127409, 34.8275252], [132.813053, 34.8275708], [132.8132967, 34.8275781], [132.8135629, 34.827559], [132.8143218, 34.8274796], [132.8145542, 34.8274409], [132.814766, 34.827384], [132.8149574, 34.8273088], [132.8151412, 34.8272006], [132.8152444, 34.8271106], [132.8153586, 34.8270047], [132.8155155, 34.8267871], [132.8156486, 34.8265113], [132.8158116, 34.8260604], [132.8158852, 34.8256205], [132.8158784, 34.8250867], [132.8158097, 34.8245372], [132.8155436, 34.8238114], [132.8154925, 34.8235083], [132.8154852, 34.8233521], [132.8155451, 34.8230673], [132.8157749, 34.8226416], [132.8161445, 34.8222683], [132.8166079, 34.8220288], [132.8170519, 34.8219033], [132.8173633, 34.8218385], [132.8174655, 34.8218403], [132.8179469, 34.8218385], [132.8185563, 34.8219795], [132.819406, 34.8220852], [132.8201013, 34.8219936], [132.8202182, 34.821973], [132.8206162, 34.8218244], [132.8212428, 34.8215426], [132.8217406, 34.8212326], [132.822144, 34.8207746], [132.8226594, 34.8203057], [132.8228822, 34.8199995], [132.8232083, 34.8194364], [132.8233122, 34.8191632], [132.8233886, 34.8189496], [132.8235503, 34.818352], [132.8238186, 34.817766], [132.8240817, 34.8173425], [132.824797, 34.8162371], [132.824952, 34.816025], [132.82507, 34.8159025], [132.8251858, 34.8157984], [132.8253107, 34.8157016], [132.8254443, 34.815613], [132.825586, 34.8155333], [132.8257348, 34.8154629], [132.8260873, 34.8153383], [132.8262671, 34.8153002], [132.826435, 34.8152707], [132.8266052, 34.8152519], [132.8267767, 34.8152441], [132.8269505, 34.8152525], [132.8271193, 34.8152702], [132.8272606, 34.8152935], [132.8274525, 34.8153374], [132.8283032, 34.8155266], [132.82866, 34.8156015], [132.8290211, 34.8156503], [132.829327, 34.8156739], [132.8296179, 34.8156749], [132.8299442, 34.8156493], [132.8302599, 34.8156115], [132.830607, 34.8155459], [132.8310605, 34.8154264], [132.8335709, 34.8145369], [132.8343174, 34.814216], [132.8353031, 34.8137019], [132.8354867, 34.8135938], [132.8357408, 34.8134367], [132.8358836, 34.8133211], [132.8361497, 34.8131058], [132.8365231, 34.8127687], [132.8368021, 34.8124775], [132.8370359, 34.8121954], [132.8372143, 34.8119329], [132.8373267, 34.8117088], [132.8375482, 34.8112496], [132.8376716, 34.8107867], [132.8377499, 34.8102941], [132.8378098, 34.8093904], [132.8378456, 34.8088509], [132.837857, 34.8083521], [132.8379559, 34.8059212], [132.8379844, 34.8055785], [132.8380136, 34.8050332], [132.8380419, 34.8044473], [132.8380652, 34.8041957], [132.8381194, 34.8039287], [132.8381889, 34.8036811], [132.8383114, 34.803371], [132.8387121, 34.8024245], [132.8388786, 34.8019533], [132.8390561, 34.8020776], [132.8393437, 34.802246], [132.8395012, 34.8023525], [132.8396489, 34.8024129], [132.8398154, 34.8024645], [132.8399956, 34.8024959], [132.8411896, 34.8026035], [132.8413454, 34.8026141], [132.8439305, 34.802859], [132.8453016, 34.8030024], [132.8456663, 34.8030717], [132.8458987, 34.8031322], [132.8467633, 34.8035489], [132.8469164, 34.8036094], [132.8470359, 34.8036301], [132.8471453, 34.8036345], [132.8475529, 34.8035823], [132.8479048, 34.8035066], [132.8485732, 34.8033285], [132.8492677, 34.8030637], [132.849666, 34.8029206], [132.8500185, 34.8028937], [132.8501871, 34.8029091], [132.8511141, 34.8029848], [132.8513114, 34.8030056], [132.8524, 34.8031218], [132.8525434, 34.8031356], [132.8527288, 34.8031536], [132.8533849, 34.8032135], [132.8534197, 34.8032121], [132.8538515, 34.8031944], [132.8548264, 34.8032515], [132.8549305, 34.8032576], [132.8555191, 34.8033154], [132.855732, 34.8033363], [132.8559639, 34.8033677], [132.8562249, 34.8034031], [132.8564774, 34.8034561], [132.8566692, 34.8034903], [132.8584406, 34.8036078], [132.8589546, 34.8036664], [132.8592189, 34.8037121], [132.8606505, 34.8039728], [132.8610557, 34.804049], [132.8614097, 34.8041048], [132.8617113, 34.8041579], [132.8633805, 34.804503], [132.8636634, 34.8045505], [132.8655366, 34.8048983], [132.8676723, 34.8053294], [132.867753, 34.8053457], [132.8680985, 34.8053869], [132.8689767, 34.8055507], [132.869852, 34.8057076], [132.8707593, 34.8058341], [132.8716042, 34.8059175], [132.874235, 34.8060311], [132.8749827, 34.8060676], [132.8751959, 34.8060747], [132.8756841, 34.8059988], [132.8759986, 34.8059017], [132.8762436, 34.8058011], [132.8765369, 34.8056693], [132.877601, 34.8050869], [132.8786275, 34.8045121], [132.8792688, 34.8041474], [132.8797672, 34.8038352], [132.8803939, 34.8032729], [132.8804951, 34.8031508], [132.8811292, 34.802348], [132.8815275, 34.8018068], [132.8816095, 34.8016326], [132.88146, 34.8017751], [132.880501, 34.8030292], [132.8803247, 34.8032449], [132.8797267, 34.8037906], [132.8792388, 34.8040827], [132.8785789, 34.8044494], [132.8764691, 34.8056235], [132.8762214, 34.8057395], [132.8759884, 34.8058302], [132.8755991, 34.8059348], [132.8751836, 34.8059951], [132.874982, 34.8059932], [132.8742384, 34.8059618], [132.8731094, 34.805904], [132.8726738, 34.8058817], [132.8716121, 34.8058274], [132.8707661, 34.8057589], [132.8698641, 34.8056292], [132.8688387, 34.8054524], [132.8682902, 34.8053578], [132.8677742, 34.8052632], [132.8659391, 34.8049003], [132.8655547, 34.8048295], [132.8654449, 34.8048076], [132.8633704, 34.8044117], [132.8626302, 34.8042683], [132.8623473, 34.8042179], [132.8618756, 34.8041231], [132.8614414, 34.8040359], [132.8606732, 34.8039047], [132.8592315, 34.8036342], [132.8588577, 34.8035981], [132.8584437, 34.8035581], [132.8564511, 34.803397], [132.8562249, 34.8034031]], [[132.8816095, 34.8016326], [132.8818451, 34.8013212], [132.8822232, 34.8010178], [132.8826383, 34.800703], [132.8828054, 34.8005378], [132.88352, 34.7999443], [132.8839275, 34.7995895], [132.884287, 34.7993042], [132.8844968, 34.7990423], [132.8846604, 34.798737], [132.8849512, 34.7981539], [132.8850575, 34.797916], [132.8851424, 34.7977532], [132.8852537, 34.7975865], [132.8856032, 34.7972527], [132.8860127, 34.7969095], [132.8865109, 34.7965421], [132.8873434, 34.7959596], [132.8886183, 34.794957], [132.8900002, 34.7937628], [132.892222, 34.7919324], [132.893142, 34.7910649], [132.8935863, 34.7906265], [132.8937654, 34.790421], [132.8943112, 34.7897201], [132.8946096, 34.7893023], [132.8950537, 34.7888345], [132.8956143, 34.7884117], [132.8960511, 34.7880858], [132.8965393, 34.7877454], [132.8972515, 34.787254], [132.8985599, 34.786455], [132.8990053, 34.7861386], [132.8994177, 34.785874], [132.8996828, 34.7856513], [132.9004781, 34.78508], [132.9014559, 34.7844706], [132.9023787, 34.7838959], [132.9038515, 34.783005], [132.9050166, 34.7822302], [132.9057188, 34.781779], [132.9058983, 34.7816721], [132.9062429, 34.7814578], [132.9066079, 34.7812408], [132.9069855, 34.7810518], [132.9074059, 34.78088], [132.9082896, 34.7806271], [132.9086815, 34.7804963], [132.9094753, 34.780198], [132.9097487, 34.7800662], [132.9101443, 34.7798942], [132.910871, 34.7795278], [132.9118244, 34.7789701], [132.9131528, 34.7781983], [132.9132035, 34.778166], [132.9133539, 34.7780893], [132.9136967, 34.777868], [132.9140598, 34.7776009], [132.9148585, 34.7768243], [132.9154385, 34.7762796], [132.9155336, 34.7761666], [132.9166232, 34.7751417], [132.9168275, 34.774937], [132.9170671, 34.7747077], [132.9176179, 34.7741743], [132.9177204, 34.7740308], [132.9184424, 34.7729156], [132.9186843, 34.7725765], [132.9189152, 34.7723447], [132.9191509, 34.7721922], [132.9192576, 34.7721437], [132.9193078, 34.7721208], [132.9194599, 34.7720653], [132.919769, 34.7719671], [132.9203459, 34.7718234], [132.9206959, 34.7717057], [132.9209854, 34.7715819], [132.9211079, 34.7715295], [132.9214598, 34.7713885], [132.9218717, 34.7712616], [132.9224554, 34.7711417], [132.9230867, 34.7710269], [132.9239453, 34.7708789], [132.9245247, 34.7707801], [132.9253291, 34.7706209], [132.9258629, 34.7705142], [132.926527, 34.7702908], [132.9268937, 34.7701787], [132.9271012, 34.7701359], [132.9275407, 34.7700622], [132.9285325, 34.7700013], [132.9297514, 34.7701151], [132.9299731, 34.7701207], [132.9330338, 34.7702485], [132.9342314, 34.7703873], [132.934793, 34.7704491], [132.9363624, 34.7706534], [132.936761, 34.7706945], [132.9375337, 34.7707107], [132.9376967, 34.7707148], [132.9381672, 34.770686], [132.9391537, 34.7706306], [132.9395819, 34.7705931], [132.9400216, 34.7705354], [132.9403907, 34.7704411], [132.9406239, 34.7703439], [132.9407811, 34.7702483], [132.9410196, 34.7700736], [132.9412087, 34.7699049], [132.9413344, 34.769766], [132.9414734, 34.7695517], [132.9416984, 34.7691158], [132.9417712, 34.7689876], [132.9418075, 34.7689167], [132.9420095, 34.7685253], [132.9423691, 34.7681691], [132.9427993, 34.7678811], [132.943136, 34.7677349], [132.9435344, 34.7676599], [132.94401, 34.7676147], [132.9445061, 34.7675854], [132.9457354, 34.7675629], [132.9461298, 34.7675094], [132.946493, 34.7673918], [132.9468325, 34.7672023], [132.9470083, 34.7670679], [132.9472519, 34.7667774], [132.9474333, 34.7665556], [132.9476577, 34.7662883], [132.9478651, 34.766137], [132.9483076, 34.7658255], [132.9493987, 34.7650833], [132.9503496, 34.7644228], [132.9511351, 34.7639431], [132.951339, 34.7638241], [132.9515793, 34.763715], [132.9519943, 34.7635597], [132.9524988, 34.763398], [132.9533588, 34.7632207], [132.9544971, 34.7630254], [132.9553906, 34.7628883], [132.955525, 34.7628625], [132.9556601, 34.7628354], [132.9569003, 34.7626206], [132.9576469, 34.7625164], [132.9578147, 34.7624831], [132.9579608, 34.7624541], [132.9588129, 34.7622896], [132.9597841, 34.7621229], [132.9598089, 34.7621186], [132.960527, 34.7619961], [132.9605854, 34.7619861], [132.9609098, 34.7619164], [132.9610524, 34.7618819], [132.9613295, 34.7618058], [132.9619976, 34.7615314], [132.9623323, 34.7613621], [132.9627471, 34.7610451], [132.9630578, 34.7607312], [132.9633489, 34.7604175], [132.9635899, 34.7601254], [132.9640318, 34.7594301], [132.9642582, 34.7590769], [132.9643494, 34.7589365], [132.9646755, 34.758464], [132.9650102, 34.7581467], [132.9653879, 34.7578364], [132.9658771, 34.7574345], [132.9659722, 34.7573621], [132.9661089, 34.7572441], [132.9663439, 34.7570047], [132.9665644, 34.7568175], [132.9667993, 34.7566355], [132.9670176, 34.7564936], [132.9672976, 34.7563327], [132.9677182, 34.756148], [132.9683603, 34.7558677], [132.9685555, 34.7557581], [132.9686343, 34.7557223], [132.9686924, 34.7556786], [132.9689815, 34.7554464], [132.9692128, 34.7552538], [132.9693275, 34.7551568], [132.9695764, 34.7549382], [132.9707463, 34.7536976], [132.9708124, 34.7536124], [132.9711128, 34.7533021], [132.9712931, 34.7530835], [132.9714775, 34.7528136], [132.9716793, 34.7523924], [132.9718166, 34.7519481], [132.9719098, 34.7515704], [132.9723202, 34.7497923], [132.9726316, 34.7485705], [132.9726592, 34.7484308], [132.9727517, 34.7481223], [132.9729324, 34.7477097], [132.9730869, 34.7475264], [132.973169, 34.747451], [132.9732431, 34.7473786], [132.9732929, 34.747343], [132.9735247, 34.7471879], [132.9737993, 34.7470398], [132.9742542, 34.7468423], [132.9745975, 34.7466871], [132.9748894, 34.7465954], [132.9751726, 34.7464614], [132.97534, 34.746372], [132.9754301, 34.7463133], [132.9756447, 34.7461582], [132.9760052, 34.7457491], [132.9761597, 34.7455093], [132.9762937, 34.7453495], [132.9763656, 34.7452484], [132.9767261, 34.744797], [132.9769493, 34.7445361], [132.9771295, 34.7443033], [132.9773098, 34.743993], [132.9774299, 34.7437109], [132.9776617, 34.7429986], [132.9777132, 34.7428222], [132.9777389, 34.7425119], [132.9777132, 34.7422651], [132.9776445, 34.7420323], [132.9775587, 34.7418772], [132.9774385, 34.7417079], [132.9773441, 34.7416021], [132.9771295, 34.7414328], [132.9768452, 34.7412626], [132.9766853, 34.7411719], [132.976495, 34.7410511], [132.9762573, 34.7408659], [132.9761264, 34.7407429], [132.9760234, 34.7406103], [132.9759285, 34.7404441], [132.9758421, 34.7402171], [132.9757987, 34.7399905], [132.9758121, 34.7395839], [132.9758523, 34.7393566], [132.9758999, 34.7391418], [132.9760056, 34.7388705], [132.9760737, 34.7387716], [132.9761607, 34.7386448], [132.9763678, 34.7384522], [132.976709, 34.738132], [132.9770437, 34.7379063], [132.9772669, 34.737744], [132.9773785, 34.7376453], [132.9775673, 34.7375324], [132.9778162, 34.7374125], [132.978108, 34.7373067], [132.978417, 34.7372573], [132.9790942, 34.7372599], [132.9793156, 34.737253], [132.9795886, 34.7372221], [132.9799785, 34.7371533], [132.9803015, 34.7370682], [132.980552, 34.7369928], [132.9809761, 34.7368863], [132.9813751, 34.7367801], [132.9817076, 34.7366869], [132.9820927, 34.7365943], [132.9827998, 34.7364044], [132.9831774, 34.7362984], [132.9837188, 34.7361246], [132.9838501, 34.7360794], [132.9842363, 34.7359101], [132.9844509, 34.7357973], [132.9848715, 34.7355081], [132.9851461, 34.7352894], [132.9853521, 34.7350849], [132.9856126, 34.7348256], [132.9858156, 34.7345418], [132.9860699, 34.7341606], [132.9861246, 34.7339916], [132.9862877, 34.7336177], [132.9863735, 34.7333427], [132.9864422, 34.7329547], [132.9864765, 34.7325879], [132.9864763, 34.732374], [132.9864679, 34.732207], [132.9864508, 34.7312547], [132.9863993, 34.7308597], [132.9864164, 34.7304294], [132.9864508, 34.7300908], [132.9865108, 34.7297311], [132.9866138, 34.7293784], [132.9866739, 34.7291597], [132.9868542, 34.7287435], [132.9871835, 34.7282158], [132.9873802, 34.7279414], [132.987455, 34.7278335], [132.9875986, 34.7276105], [132.9878076, 34.7272891], [132.9878433, 34.7272418], [132.9881865, 34.7267063], [132.9882783, 34.7265673], [132.9884092, 34.726369], [132.988622, 34.7260477], [132.9889681, 34.7255287], [132.9892604, 34.7250772], [132.9895873, 34.7244858], [132.9901672, 34.7236433], [132.9902687, 34.7235097], [132.9904439, 34.7233624], [132.9905888, 34.7232864], [132.9907337, 34.7232341], [132.991155, 34.7231374], [132.9920641, 34.7229731], [132.9926735, 34.7228532], [132.9929305, 34.7227847], [132.9929911, 34.7227685], [132.9932056, 34.7226627], [132.993403, 34.7225075], [132.9939524, 34.7219431], [132.9941498, 34.7217244], [132.9942356, 34.7215692], [132.9942989, 34.7213716], [132.9943128, 34.721287], [132.9943101, 34.7208516], [132.9943472, 34.7200877], [132.9943729, 34.7197773], [132.9944655, 34.7192792], [132.9945473, 34.7189153], [132.9945751, 34.7187763], [132.994582, 34.7187476], [132.9946176, 34.7185985], [132.9947592, 34.7180065], [132.9947895, 34.7178095], [132.9948107, 34.7176467], [132.9948238, 34.7172485], [132.9947849, 34.7169553], [132.9947585, 34.7167643], [132.9946133, 34.7163063], [132.9944474, 34.7156288], [132.9943364, 34.7152583], [132.9942402, 34.7149434], [132.994124, 34.7145354], [132.9938408, 34.7135618], [132.9937635, 34.7133431], [132.9936519, 34.7131385], [132.9934631, 34.712821], [132.9932142, 34.7125035], [132.9930426, 34.7123271], [132.992899, 34.712195], [132.9928108, 34.7121154], [132.9925962, 34.7118826], [132.9922809, 34.7115867], [132.9920555, 34.7113816], [132.9918077, 34.711147], [132.9916779, 34.711025], [132.9914375, 34.7108101], [132.9910942, 34.7104503], [132.990811, 34.7102104], [132.9906221, 34.7100199], [132.9900642, 34.709519], [132.9896608, 34.7091238], [132.9893604, 34.7088557], [132.9890343, 34.7085453], [132.9885484, 34.7080575], [132.9883133, 34.7078185], [132.9881159, 34.7075927], [132.9879356, 34.7074234], [132.9875011, 34.7069557], [132.9873267, 34.7067838], [132.9871422, 34.7066223], [132.9869936, 34.7065204], [132.9867629, 34.7063178], [132.986322, 34.7060051], [132.985807, 34.7057158], [132.9849659, 34.7052431], [132.9843393, 34.704855], [132.9840389, 34.7046433], [132.9838415, 34.7044881], [132.9836269, 34.7042764], [132.9833694, 34.7039871], [132.9831358, 34.7036159], [132.9828888, 34.7031968], [132.9827429, 34.7029851], [132.9826174, 34.7027803], [132.9825369, 34.7026182], [132.9824425, 34.7023783], [132.9824074, 34.7021948], [132.9823995, 34.702096], [132.982391, 34.701842], [132.9824253, 34.7015809], [132.9824854, 34.7013833], [132.982552, 34.7012538], [132.9825798, 34.7011999], [132.9827308, 34.7010366], [132.9829403, 34.7008259], [132.9831238, 34.7006696], [132.9831806, 34.7006212], [132.9835239, 34.7002896], [132.9839016, 34.6999509], [132.9844166, 34.6994922], [132.984916, 34.6990611], [132.9855495, 34.6986242], [132.9866396, 34.6978551], [132.9874166, 34.6973232], [132.9877125, 34.6971141], [132.9883133, 34.6966836], [132.989172, 34.6961318], [132.989187, 34.6961193], [132.9893947, 34.6959724], [132.9902149, 34.6954195], [132.99048, 34.695233], [132.9911287, 34.6948], [132.9915019, 34.6945209], [132.9916349, 34.6944113], [132.9919746, 34.6941543], [132.992093, 34.6940155], [132.9921735, 34.693884], [132.9922343, 34.6937563], [132.9922571, 34.6936453], [132.9922813, 34.6935634], [132.9923063, 34.6934136], [132.9923053, 34.6932539], [132.9922637, 34.6930124], [132.9922006, 34.6926633], [132.9921169, 34.692128], [132.9920729, 34.6917912], [132.9919833, 34.6913323], [132.9919162, 34.6911328], [132.9918182, 34.6908112], [132.9917201, 34.690555], [132.9915733, 34.6901279], [132.9914679, 34.6898302], [132.9914432, 34.6896811], [132.9914503, 34.6896134], [132.991466, 34.6895102], [132.9914933, 34.6894032], [132.9915274, 34.6893262], [132.9915662, 34.6892403], [132.9916277, 34.6891378], [132.9917333, 34.6890027], [132.9918724, 34.6888814], [132.9922912, 34.6885387], [132.9923909, 34.6884373], [132.9924704, 34.6883277], [132.9925313, 34.6882221], [132.9927284, 34.6878309], [132.9928214, 34.6876673], [132.9929239, 34.6875272], [132.9930295, 34.6874022], [132.9931733, 34.6872586], [132.9933262, 34.6871336], [132.9938064, 34.68674], [132.9940039, 34.6865636], [132.9941527, 34.686391], [132.9942243, 34.6862745], [132.9942871, 34.6860907], [132.9944158, 34.6857449], [132.9945024, 34.6855288], [132.9946218, 34.6852579], [132.9947935, 34.6848344], [132.9948364, 34.6846791], [132.9948364, 34.6845309], [132.9947644, 34.684263], [132.9946535, 34.6840034], [132.994565, 34.6836971], [132.994375, 34.683179], [132.9942785, 34.6826606], [132.994227, 34.6815931], [132.994161, 34.6813799], [132.9940034, 34.6811263], [132.9938364, 34.680981], [132.9936166, 34.6808594], [132.9933405, 34.6807341], [132.9929754, 34.6805685], [132.9926103, 34.6804028], [132.9924332, 34.6802961], [132.9922787, 34.6801479], [132.9921842, 34.6799997], [132.9921327, 34.6798797], [132.992107, 34.6797738], [132.9920898, 34.6796115], [132.992107, 34.679435], [132.9921499, 34.6793009], [132.9922186, 34.6792162], [132.9923559, 34.6790397], [132.992519, 34.6789056], [132.9928709, 34.6786586], [132.9934545, 34.6782986], [132.9937206, 34.6780657], [132.9939352, 34.6779175], [132.9941326, 34.6777834], [132.9943386, 34.6775998], [132.9946991, 34.677254], [132.9950099, 34.6768602], [132.9951615, 34.6766059], [132.9952459, 34.6764753], [132.9953256, 34.6761842], [132.9953353, 34.6757986], [132.9952409, 34.6754881], [132.9950949, 34.6752985], [132.9948851, 34.6750994], [132.9946774, 34.6749639], [132.9944507, 34.6748413], [132.9938552, 34.6745369], [132.9934166, 34.6743053], [132.993312, 34.6742667], [132.9931645, 34.674227], [132.9930277, 34.6742137], [132.9927824, 34.6742296], [132.9925597, 34.674293], [132.992198, 34.6744254], [132.9921413, 34.6744305], [132.9919697, 34.6744658], [132.9917808, 34.67448], [132.9916092, 34.6744658], [132.9914359, 34.674393], [132.9909571, 34.6741088], [132.9905331, 34.6738675], [132.989754, 34.6736154], [132.9891319, 34.673388], [132.9887022, 34.6732393], [132.9884983, 34.6731617], [132.9882436, 34.6730333], [132.9879968, 34.6726676], [132.9879397, 34.6725656], [132.9879356, 34.6725247], [132.9879185, 34.6723694], [132.9879497, 34.6722388], [132.9879614, 34.6722], [132.9880129, 34.6720447], [132.9880901, 34.6718823], [132.9882875, 34.6715858], [132.9884249, 34.6712682], [132.988648, 34.6706428], [132.9886706, 34.6705539], [132.9887531, 34.6701306], [132.9887628, 34.6700809], [132.989057, 34.668446], [132.9890929, 34.6682371], [132.989215, 34.6678739], [132.9894119, 34.6675198], [132.9896351, 34.6672092], [132.9900728, 34.6667433], [132.9904193, 34.6662613], [132.9906768, 34.6657318], [132.9913071, 34.6646464], [132.9916088, 34.6641082], [132.9918617, 34.6635479], [132.992276, 34.6624528], [132.9922895, 34.6624157], [132.992326, 34.6623189], [132.9923601, 34.6622437], [132.9925007, 34.6619408], [132.9926749, 34.6617429], [132.9930585, 34.6613939], [132.9934655, 34.6609794], [132.9938042, 34.6605582], [132.994812, 34.6592952], [132.9954526, 34.658394], [132.9958192, 34.6578683], [132.9961676, 34.657377], [132.9963529, 34.6570803], [132.9966999, 34.6564366], [132.996816, 34.6562924], [132.9969271, 34.6561921], [132.9971243, 34.656035], [132.997278, 34.6559298], [132.9984071, 34.6551484], [132.9991102, 34.6546923], [132.9995733, 34.6544953], [132.9999516, 34.6543749], [133.0001965, 34.6542781], [133.0004056, 34.6541547], [133.0007374, 34.6538758], [133.0012645, 34.6534077], [133.0017241, 34.6529995], [133.0018923, 34.6528309], [133.0020662, 34.6526466], [133.0021658, 34.652503], [133.0023021, 34.6522894], [133.0024276, 34.6520194], [133.0027771, 34.6511035], [133.0029828, 34.6505644], [133.0031069, 34.6500351], [133.0031357, 34.6496803], [133.0031235, 34.6494122], [133.0030606, 34.6491146], [133.0029743, 34.6488526], [133.0028694, 34.6486383], [133.0027512, 34.6484435], [133.0026305, 34.6482848], [133.0023093, 34.6479386], [133.0017554, 34.6475196], [133.0013258, 34.6471545], [133.0009955, 34.646846], [133.0008379, 34.6466236], [133.0006715, 34.6462564], [133.0005787, 34.6459963], [133.0005195, 34.6456614], [133.0005168, 34.645328], [133.0005725, 34.644824], [133.0007637, 34.6437592], [133.000828, 34.6434428], [133.0010085, 34.6426078], [133.0011136, 34.6422872], [133.0013115, 34.6418592], [133.0015063, 34.6415277], [133.0017287, 34.6412264], [133.0019623, 34.640947], [133.0022785, 34.640644], [133.0027134, 34.6402928], [133.0029673, 34.6400917], [133.0035314, 34.6396448], [133.003905, 34.6393813], [133.0042938, 34.6391342], [133.0048445, 34.6388663], [133.0051815, 34.6387481], [133.005526, 34.6386329], [133.0057813, 34.6385487], [133.0070006, 34.6382117], [133.0073018, 34.6381285], [133.0081196, 34.6378891], [133.0083116, 34.6378205], [133.0085035, 34.6377346], [133.0086556, 34.6376581], [133.009059, 34.63738], [133.0091004, 34.6373445], [133.0093638, 34.6371027], [133.0094252, 34.6370223], [133.0095932, 34.6368028], [133.0097016, 34.6365886], [133.009925, 34.6362059], [133.0100698, 34.6360196], [133.0102322, 34.6358667], [133.0103136, 34.6357991], [133.0104623, 34.6356756], [133.0106102, 34.6355812], [133.010828, 34.6354596], [133.0110415, 34.6353717], [133.0112788, 34.6352857], [133.0118711, 34.6350905], [133.0126923, 34.6348118], [133.0129789, 34.6347212], [133.0132553, 34.6346616], [133.0134869, 34.6346305], [133.0140785, 34.6346179], [133.0148283, 34.6346448], [133.0150833, 34.6346482], [133.0153944, 34.6346289], [133.0156678, 34.6345877], [133.0159072, 34.6345355], [133.0165919, 34.6343659], [133.0172627, 34.6342151], [133.0176046, 34.6341641], [133.0182725, 34.6341107], [133.0193141, 34.6340513], [133.0198514, 34.6339966], [133.0201854, 34.6339485], [133.020526, 34.6338995], [133.0209281, 34.6338315], [133.0216177, 34.6337149], [133.0218007, 34.6336698], [133.021887, 34.6336485], [133.0223974, 34.633499], [133.0226508, 34.6334004], [133.0228809, 34.6333101], [133.023849, 34.632883], [133.0253181, 34.632234], [133.0257704, 34.6320185], [133.0259081, 34.6319338], [133.0260723, 34.6318246], [133.0262141, 34.6316979], [133.0263936, 34.6314956], [133.0270425, 34.6305705], [133.0274393, 34.6299828], [133.0275363, 34.6297926], [133.0276239, 34.629569], [133.0276973, 34.6292702], [133.0277458, 34.628443], [133.0278131, 34.6276573], [133.0278316, 34.6273992], [133.0279651, 34.6261333], [133.0279581, 34.6261064], [133.0279831, 34.625689], [133.0280167, 34.6253801], [133.0280686, 34.6250952], [133.0281624, 34.6248175], [133.0286933, 34.6234017], [133.0288168, 34.6230357], [133.0288545, 34.622799], [133.0288708, 34.6225119], [133.0288406, 34.6222097], [133.0287382, 34.6217776], [133.028542, 34.6211054], [133.0282708, 34.6201327], [133.028242, 34.6198837], [133.0282596, 34.6196914], [133.0282916, 34.6195596], [133.0283832, 34.6193502], [133.0285419, 34.6191223], [133.0288298, 34.618792], [133.0307134, 34.6167248], [133.0310459, 34.6163157], [133.0319373, 34.6151318], [133.0324265, 34.6144819], [133.0326836, 34.6141564], [133.0330212, 34.6136992], [133.0332599, 34.6133265], [133.0335128, 34.6128891], [133.0342024, 34.6114706], [133.0343073, 34.6112608], [133.0349276, 34.6099569], [133.0351218, 34.6095218], [133.0355717, 34.6083123], [133.0359959, 34.6071071], [133.0360919, 34.6068691], [133.036127, 34.6067682], [133.036156, 34.6067079], [133.0362499, 34.6064732], [133.0363491, 34.6062512], [133.0364654, 34.6059907], [133.0365857, 34.6057587], [133.0367196, 34.6055158], [133.0368774, 34.6052984], [133.0371866, 34.6049019], [133.0374996, 34.6044418], [133.0375766, 34.6043319], [133.0380486, 34.6036649], [133.0384511, 34.6030708], [133.0395114, 34.6015138], [133.0398431, 34.6011178], [133.0400267, 34.6008944], [133.040243, 34.6006837], [133.0415534, 34.5995001], [133.0429574, 34.598234], [133.0430621, 34.5981369], [133.043564, 34.5976297], [133.0439098, 34.5971981], [133.0440275, 34.5970128], [133.0441949, 34.5967568], [133.0443657, 34.5964462], [133.0445971, 34.5959405], [133.044641, 34.5958121], [133.0446943, 34.5956675], [133.0453809, 34.593892], [133.0456753, 34.5932695], [133.0457786, 34.593117], [133.0460844, 34.5927337], [133.046304, 34.5925334], [133.0465001, 34.592357], [133.0477026, 34.5912656], [133.0479508, 34.5910409], [133.0489568, 34.5901234], [133.0491649, 34.589936], [133.0492639, 34.5898469], [133.0495516, 34.5895878], [133.0502285, 34.5889735], [133.0502875, 34.5889265], [133.051564, 34.5879094], [133.0517227, 34.5877865], [133.0523804, 34.5872795], [133.0528474, 34.5869371], [133.0537118, 34.5863821], [133.0544112, 34.585931], [133.0547223, 34.5857294], [133.0549724, 34.5855962], [133.0551237, 34.5855261], [133.0553297, 34.5854474], [133.055605, 34.5853652], [133.0559277, 34.5852864], [133.0561547, 34.5852501], [133.0564521, 34.5852285], [133.0569156, 34.5852397], [133.0572151, 34.5852743], [133.057391, 34.5853062], [133.0576249, 34.5853669], [133.0584993, 34.5856334], [133.0592661, 34.5858847], [133.0601096, 34.5861527], [133.0615912, 34.5866235], [133.0631156, 34.5871028], [133.0632994, 34.5871629], [133.063445, 34.5872311], [133.0636995, 34.5873875], [133.0638627, 34.5872731], [133.0641661, 34.5870823], [133.064223, 34.5870498], [133.065176, 34.5863542], [133.0660602, 34.5856708], [133.0662493, 34.5855111], [133.0664445, 34.5853381], [133.0666799, 34.5850766], [133.0668376, 34.5848523], [133.0669886, 34.5845711], [133.0671001, 34.5842787], [133.0671594, 34.5839134], [133.067272, 34.5825775], [133.0672823, 34.5822598], [133.067272, 34.5819894], [133.0671983, 34.5816111], [133.0670951, 34.5812748], [133.0670282, 34.5810569], [133.0668728, 34.5804748], [133.0668242, 34.5801778], [133.0667992, 34.5798285], [133.0668581, 34.5794308], [133.0669553, 34.5790658], [133.0671586, 34.5786474], [133.0671831, 34.5786123], [133.0672963, 34.5784498], [133.0673986, 34.578303], [133.0678611, 34.577864], [133.0684419, 34.5773472], [133.0687378, 34.5771107], [133.0689534, 34.5769718], [133.0692492, 34.5768346], [133.0696595, 34.5767119], [133.0704656, 34.5765276], [133.0708645, 34.5764341], [133.0711363, 34.5763295], [133.0714758, 34.5761451], [133.0716495, 34.5759422], [133.0720025, 34.5754328], [133.0721536, 34.5752604], [133.0722556, 34.5751601], [133.0724066, 34.5750572], [133.0726347, 34.5749234], [133.0729333, 34.5748199], [133.0732449, 34.5747583], [133.0734073, 34.574744], [133.0738844, 34.5747046], [133.0756651, 34.5745275], [133.0760346, 34.5744645], [133.0764489, 34.5743722], [133.0776139, 34.5740217], [133.0793783, 34.5734584], [133.0798541, 34.573277], [133.0803387, 34.5730381], [133.0810737, 34.5726076], [133.0813299, 34.5724233], [133.0815096, 34.5722693], [133.0816635, 34.572077], [133.081799, 34.5717978], [133.0819504, 34.5713149], [133.0819984, 34.5711777], [133.0822733, 34.5703162], [133.0823601, 34.5700455], [133.082484, 34.5698406], [133.0826215, 34.5696896], [133.0831745, 34.5692188], [133.0834349, 34.5690362], [133.0836911, 34.5688989], [133.0844201, 34.5685413], [133.0845576, 34.5684736], [133.0848332, 34.5683776], [133.0849745, 34.5683525], [133.0851531, 34.5683334], [133.0854315, 34.5683892], [133.0858557, 34.5685699], [133.0860044, 34.5686136], [133.0862622, 34.5686524], [133.0864448, 34.5686415], [133.0867099, 34.5685832], [133.0874095, 34.5683734], [133.0882139, 34.5681409], [133.0885716, 34.5680465], [133.0887273, 34.5680054], [133.0891116, 34.5679376], [133.0898073, 34.5678458], [133.0899888, 34.567821], [133.0926426, 34.5674587], [133.0930806, 34.5674041], [133.0938877, 34.5672646], [133.0947525, 34.5670718], [133.0956112, 34.566879], [133.0971748, 34.5665294], [133.0973874, 34.5664811], [133.097601, 34.5664108], [133.0978823, 34.5662871], [133.0981253, 34.5661561], [133.0985592, 34.5658711], [133.0991018, 34.5655048], [133.0994151, 34.5653021], [133.0994832, 34.565258], [133.0996051, 34.5651821], [133.0998749, 34.5650551], [133.1000653, 34.5649698], [133.1008084, 34.564716], [133.1019907, 34.5643201], [133.1022438, 34.5642223], [133.1025312, 34.5640688], [133.1028764, 34.5637957], [133.1030651, 34.5635813], [133.1037067, 34.5628362], [133.1042208, 34.5622574], [133.1047849, 34.5616064], [133.1051837, 34.5611713], [133.1052898, 34.5610747], [133.1054285, 34.5609697], [133.1057896, 34.5607454], [133.1062119, 34.5605111], [133.1064577, 34.5603993], [133.1066984, 34.5603052], [133.1068841, 34.5602347], [133.1078047, 34.5599076], [133.1088477, 34.5595381], [133.1100436, 34.5591092], [133.1108773, 34.5588051], [133.1121237, 34.5583632], [133.1127959, 34.5581256], [133.1129503, 34.5580804], [133.1133089, 34.5579941], [133.1136302, 34.5579462], [133.1140695, 34.5579389], [133.1142734, 34.5579521], [133.1146565, 34.5579937], [133.1149493, 34.5580633], [133.1161036, 34.5584016], [133.1162749, 34.5584518], [133.1169249, 34.5586429], [133.1169619, 34.5586538], [133.1171121, 34.5586977], [133.118112, 34.5589851], [133.1186013, 34.5590827], [133.1189946, 34.5591341], [133.1205058, 34.5592713], [133.1207731, 34.5593041], [133.1211034, 34.5593611], [133.1214831, 34.5594594], [133.1218734, 34.5596062], [133.1226961, 34.5599905], [133.1231231, 34.5601491], [133.1234064, 34.5602177], [133.1238096, 34.5602694], [133.1239867, 34.5602711], [133.124271, 34.5602445], [133.1244687, 34.5602158], [133.1247595, 34.5601321], [133.1249865, 34.5600369], [133.1252739, 34.5598851], [133.1258009, 34.5595532], [133.1262641, 34.5592412], [133.127185, 34.5586209], [133.1278769, 34.5581614], [133.1283158, 34.5578557], [133.1284999, 34.5576908], [133.1292069, 34.5569266], [133.129525, 34.5566428], [133.12988, 34.5563905], [133.1306665, 34.555938], [133.1311128, 34.5556708], [133.1313411, 34.5555179], [133.131562, 34.5553287], [133.1317108, 34.5551692], [133.1318647, 34.5549787], [133.1320696, 34.554618], [133.1321223, 34.5544761], [133.1322056, 34.554157], [133.1323337, 34.55347], [133.1324222, 34.5533027], [133.1325607, 34.5530977], [133.1327388, 34.5529202], [133.1329721, 34.5527469], [133.1333064, 34.5526054], [133.1337688, 34.5524741], [133.1340771, 34.5523729], [133.1343062, 34.5522666], [133.1345228, 34.5521276], [133.1346895, 34.5519826], [133.1348238, 34.5518265], [133.134929, 34.5516524], [133.1349936, 34.5515229], [133.1352133, 34.5510022], [133.1356476, 34.5499497], [133.1365207, 34.5478121], [133.1366278, 34.5474974], [133.1366778, 34.5472178], [133.1366934, 34.5468798], [133.1366632, 34.546577], [133.136531, 34.5460151], [133.1364997, 34.5458839], [133.1364508, 34.5456128], [133.1364364, 34.5453194], [133.1364821, 34.544913], [133.136516, 34.5447116], [133.1366065, 34.5444191], [133.1366831, 34.5441522], [133.1367228, 34.54377], [133.1365884, 34.5430352], [133.1364726, 34.5426387], [133.1364033, 34.5422736], [133.1364004, 34.5418772], [133.136443, 34.5415697], [133.1365148, 34.5413536], [133.136619, 34.5411091], [133.1367398, 34.5409006], [133.136895, 34.5406887], [133.137098, 34.5404682], [133.1374053, 34.5401997], [133.1378281, 34.5398446], [133.1381062, 34.5395194], [133.138228, 34.5393272], [133.1383176, 34.5391068], [133.1383707, 34.538888], [133.1383884, 34.5385569], [133.1383484, 34.5383348], [133.1382238, 34.5378825], [133.1380169, 34.5373696], [133.1379558, 34.5372312], [133.1376211, 34.5363584], [133.1373482, 34.5356609], [133.1369815, 34.5344928], [133.1368773, 34.5335895], [133.1368939, 34.5332542], [133.1369469, 34.5328562], [133.1370235, 34.5326014], [133.1371899, 34.532212], [133.1373887, 34.5318431], [133.1376008, 34.5314864], [133.1379161, 34.5309697], [133.1381166, 34.5305786], [133.1382138, 34.5303395], [133.1382904, 34.5300799], [133.1383419, 34.5298542], [133.1383847, 34.5295824], [133.1384097, 34.5292948], [133.138395, 34.5289223], [133.1383257, 34.5285013], [133.1382874, 34.5283399], [133.1381755, 34.5279892], [133.1380026, 34.5275228], [133.13785, 34.5270682], [133.1377867, 34.5267976], [133.1377646, 34.5265392], [133.1377823, 34.5262528], [133.1378029, 34.5261048], [133.1378809, 34.5258681], [133.1380056, 34.5256136], [133.1381452, 34.5254154], [133.1383431, 34.5252009], [133.1386034, 34.5250096], [133.1390234, 34.5248186], [133.1392308, 34.5247617], [133.1393882, 34.5247336], [133.1396997, 34.5247056], [133.1408481, 34.524724], [133.1411405, 34.5246986], [133.1413553, 34.5246837], [133.1415563, 34.5246425], [133.141787, 34.5245663], [133.1419391, 34.5245024], [133.1421847, 34.5243797], [133.1424144, 34.5242246], [133.1426324, 34.5240433], [133.1427185, 34.5239557], [133.1429397, 34.5236834], [133.1430215, 34.5235427], [133.1431375, 34.5233124], [133.1431967, 34.5231679], [133.1434684, 34.5225268], [133.1437678, 34.5218506], [133.1439207, 34.5215439], [133.1442049, 34.5211327], [133.1443261, 34.5209723], [133.1445759, 34.5206907], [133.1447739, 34.52051], [133.1448979, 34.5204067], [133.1452521, 34.5201558], [133.1456214, 34.5197921], [133.1459835, 34.519369], [133.1462116, 34.5190596], [133.1464076, 34.5187938], [133.1466225, 34.5183516], [133.1467177, 34.5180319], [133.1467365, 34.5178418], [133.1467148, 34.5175161], [133.146585, 34.517112], [133.1463701, 34.5167364], [133.1457945, 34.5160804], [133.1456012, 34.5158842], [133.1454801, 34.515744], [133.1452824, 34.5155312], [133.1449233, 34.5151485], [133.1446421, 34.5147454], [133.1445366, 34.51453], [133.1444436, 34.5142111], [133.144407, 34.5138992], [133.1444052, 34.5136127], [133.1444622, 34.5132892], [133.1444728, 34.5132619], [133.1446699, 34.5128148], [133.1446962, 34.5127848], [133.1448645, 34.5125436], [133.1450474, 34.5123293], [133.1455721, 34.5117892], [133.1457825, 34.5115723], [133.1460967, 34.5112563], [133.1464578, 34.510863], [133.1471093, 34.509847], [133.14716, 34.5097578], [133.1489156, 34.5067035], [133.149002, 34.5065544], [133.1490814, 34.5064132], [133.1491412, 34.5063067], [133.1491976, 34.5062085], [133.1496114, 34.5055251], [133.1500146, 34.5047973], [133.1501739, 34.5044069], [133.1502045, 34.5040942], [133.1501474, 34.5034958], [133.1500189, 34.5026703], [133.1499434, 34.5022635], [133.1498598, 34.5014263], [133.1498761, 34.5008748], [133.1499597, 34.5004764], [133.1500903, 34.5000359], [133.1503269, 34.4992575], [133.1503432, 34.4987834], [133.1502453, 34.4984472], [133.1501046, 34.4982471], [133.149823, 34.4979613], [133.1494762, 34.4977394], [133.1487459, 34.4973914], [133.1478871, 34.4969341], [133.1474589, 34.496647], [133.147267, 34.496502], [133.1468275, 34.4961162], [133.1463769, 34.4956748], [133.1461266, 34.4954109], [133.1459519, 34.4951847], [133.1459047, 34.4950448], [133.1458847, 34.4949375], [133.145888, 34.4948275], [133.1459162, 34.4946524], [133.1460165, 34.4944828], [133.1462225, 34.494281], [133.1464795, 34.4941667], [133.1466672, 34.4941196], [133.1469394, 34.4940606], [133.1481276, 34.4938766], [133.1490662, 34.4937397], [133.1498698, 34.4936068], [133.1508026, 34.4934601], [133.1517349, 34.4932976], [133.1521486, 34.4931831], [133.1522322, 34.4931445], [133.1525321, 34.4929965], [133.1529136, 34.4927023], [133.1534154, 34.4923105], [133.1541274, 34.4917506], [133.1548152, 34.4911699], [133.1555312, 34.4904469], [133.1559185, 34.4902014], [133.1560168, 34.4901341], [133.1562758, 34.4900383], [133.1566083, 34.4899273], [133.1572285, 34.4898315], [133.1577568, 34.4897794], [133.158234, 34.4896959], [133.158477, 34.4896163], [133.159552, 34.4892144], [133.1602721, 34.4889185], [133.1604644, 34.4887932], [133.160571, 34.4886944], [133.1608698, 34.4883518], [133.1610065, 34.4880038], [133.1610705, 34.4876482], [133.1611717, 34.4867074], [133.1612737, 34.4860483], [133.1614259, 34.4850089], [133.1614459, 34.4845256], [133.1611062, 34.4823547], [133.1607206, 34.4803418], [133.1606731, 34.4802398], [133.1605244, 34.4799208], [133.160334, 34.4797092], [133.1600015, 34.47943], [133.1595464, 34.4789648], [133.1593647, 34.4786414], [133.1592521, 34.4782062], [133.15918, 34.4775855], [133.159131, 34.4771931], [133.1589709, 34.476508], [133.1587934, 34.4758708], [133.1579078, 34.4738159], [133.1577925, 34.4735311], [133.1575722, 34.4730241], [133.1571489, 34.4720368], [133.1569759, 34.471528], [133.1569338, 34.4711502], [133.1570423, 34.4707931], [133.1572442, 34.4704839], [133.1577981, 34.469944], [133.1581501, 34.4695468], [133.1583636, 34.4688546], [133.1584299, 34.4681863], [133.1586175, 34.4675988], [133.1588456, 34.4672007], [133.1588973, 34.4671104], [133.1590753, 34.4668782], [133.1593876, 34.4665246], [133.1597317, 34.4662003], [133.1605768, 34.4655187], [133.1610919, 34.4651609], [133.1614937, 34.4649872], [133.1623448, 34.4647945], [133.1627728, 34.4647027], [133.1634094, 34.4645662], [133.1637844, 34.4643688], [133.1642575, 34.4639168], [133.1645287, 34.4628132], [133.1647482, 34.4624813], [133.1649413, 34.462259], [133.165348, 34.4619902], [133.1659798, 34.4615882], [133.1662222, 34.4613075], [133.1665222, 34.4606771], [133.1668569, 34.4598541], [133.1668713, 34.4593593], [133.1667068, 34.4582033], [133.1667472, 34.4577537], [133.1669203, 34.457404], [133.16703, 34.4572494], [133.1671712, 34.4571165], [133.1672636, 34.4570401], [133.1676877, 34.4568355], [133.1683138, 34.4567189], [133.1686571, 34.4567308], [133.1691739, 34.4568396], [133.1696921, 34.4569776], [133.170141, 34.45709], [133.1706355, 34.457134], [133.1709915, 34.4571147], [133.1711465, 34.4570825], [133.171186, 34.4570743], [133.1713711, 34.4570214], [133.1717445, 34.4568685], [133.1720792, 34.4566473], [133.1723273, 34.4563999], [133.1726177, 34.4560001], [133.173236, 34.4551391], [133.1735825, 34.4547729], [133.1741419, 34.454228], [133.1747564, 34.4537665], [133.1752595, 34.4535105], [133.1755873, 34.4533573], [133.1760611, 34.4532136], [133.1762989, 34.4531589], [133.1765526, 34.4531066], [133.1769265, 34.45304], [133.1774649, 34.4529859], [133.1777002, 34.4529838], [133.177799, 34.4529829], [133.1781142, 34.4530132], [133.1783731, 34.4530699], [133.1786263, 34.4531452], [133.17886, 34.4532428], [133.1790693, 34.4533548], [133.1799047, 34.453813], [133.1802599, 34.4540362], [133.1808322, 34.4543958], [133.1810456, 34.4546015], [133.1813848, 34.4550535], [133.1826685, 34.4568207], [133.1828949, 34.4571006], [133.1831214, 34.457306], [133.1831907, 34.4573583], [133.1834532, 34.4574963], [133.1837706, 34.4576116], [133.1843591, 34.4576996], [133.1850024, 34.4576366], [133.1853227, 34.4575355], [133.1856342, 34.4573797], [133.1861827, 34.4569219], [133.1864637, 34.4566232], [133.1870031, 34.4560952], [133.187046, 34.4560513], [133.187081, 34.4560155], [133.1876333, 34.4556498], [133.1880215, 34.4555409], [133.1883648, 34.4554588], [133.1892505, 34.4554755], [133.1900742, 34.4555445], [133.1904723, 34.4555338], [133.1907288, 34.4554816], [133.1909557, 34.4553904], [133.1914532, 34.4551941], [133.1916897, 34.4550472], [133.1919552, 34.4548813], [133.1923432, 34.4544966], [133.1924456, 34.4543792], [133.1927904, 34.4539644], [133.1931425, 34.4534906], [133.1933338, 34.4531873], [133.1936133, 34.4527222], [133.1937449, 34.4524537], [133.1940191, 34.4519434], [133.1941621, 34.4516371], [133.1943055, 34.4513576], [133.1944766, 34.4510104], [133.1947654, 34.4504281], [133.1949681, 34.4500066], [133.1950525, 34.4498519], [133.1953857, 34.4492293], [133.1957997, 34.4484557], [133.1958962, 34.4482546], [133.1959697, 34.4480757], [133.1961788, 34.4475237], [133.1962544, 34.4471776], [133.1962816, 34.4468364], [133.1962709, 34.4466085], [133.1962041, 34.4462033], [133.1961119, 34.445907], [133.1959424, 34.4455869], [133.1957321, 34.4452802], [133.1955482, 34.4450662], [133.1949357, 34.4445343], [133.1944596, 34.4441789], [133.1941427, 34.4439261], [133.1938144, 34.443651], [133.19361, 34.4434184], [133.1933843, 34.4431741], [133.1929688, 34.4427305], [133.1926928, 34.4423605], [133.1923282, 34.4418532], [133.1922829, 34.4417739], [133.1917617, 34.4408622], [133.1915643, 34.4403242], [133.1914737, 34.4399961], [133.1913984, 34.4395908], [133.1913358, 34.439336], [133.1912784, 34.4392013], [133.1911178, 34.4388383], [133.1910873, 34.4387693], [133.1908991, 34.4383483], [133.1908108, 34.438127], [133.1907741, 34.4379269], [133.1907609, 34.4376829], [133.1907538, 34.4374977], [133.1907417, 34.4369997], [133.1907261, 34.4365652], [133.1907091, 34.436118], [133.1907071, 34.4360651], [133.1907023, 34.4359139], [133.1907168, 34.4356271], [133.1907236, 34.4355555], [133.1907409, 34.4353321], [133.1907537, 34.4352354], [133.1907615, 34.4351647], [133.1907721, 34.434999], [133.1908195, 34.4344485], [133.1908467, 34.4341932], [133.1908996, 34.4335646], [133.1909027, 34.4334726], [133.1909022, 34.4334066], [133.1908869, 34.4333042], [133.1908514, 34.4331724], [133.1908101, 34.4330739], [133.1907855, 34.4329518], [133.1906427, 34.4325502], [133.1906082, 34.4324297], [133.1904753, 34.43198], [133.1902562, 34.4314449], [133.1900814, 34.4311119], [133.189968, 34.4308204], [133.1898427, 34.4304519], [133.1896923, 34.4300211], [133.1896683, 34.4299554], [133.1895709, 34.4296315], [133.1894251, 34.4291528], [133.1893846, 34.4290486], [133.189139, 34.4285488], [133.1889561, 34.4282334], [133.1887923, 34.4279498], [133.1886839, 34.4277641], [133.1886824, 34.4277614], [133.188654, 34.4277115], [133.1886088, 34.4276345], [133.188441, 34.4273359], [133.188353, 34.4271827], [133.1882327, 34.4269283], [133.1880131, 34.426437], [133.1878804, 34.4261321], [133.1878556, 34.4260738], [133.1875332, 34.4254143], [133.1873048, 34.4249471], [133.1871314, 34.4245818], [133.1870357, 34.4243768], [133.186916, 34.4241295], [133.1867787, 34.4237047], [133.1867259, 34.4235103], [133.186639, 34.4234288], [133.1865974, 34.4234963], [133.1867128, 34.4238886], [133.1868004, 34.4241494], [133.1870149, 34.4245695], [133.1872148, 34.4249786], [133.1875438, 34.4256869], [133.1877445, 34.4261235], [133.1881391, 34.4269724], [133.1882517, 34.4272072], [133.1885033, 34.4276746], [133.1885064, 34.4276802], [133.1885862, 34.4278223], [133.1886775, 34.4279851], [133.1890418, 34.4285984], [133.189252, 34.4290746], [133.1892976, 34.4291908], [133.1894247, 34.4295766], [133.1895263, 34.4299031], [133.1895373, 34.4299347], [133.1897322, 34.430471], [133.1898613, 34.4308494], [133.1899657, 34.4311358], [133.1901339, 34.4314571], [133.1903505, 34.4320112], [133.1903987, 34.4321551], [133.1905548, 34.4325972], [133.1906919, 34.4328654], [133.1906944, 34.4328705], [133.1908101, 34.4330739]], [[133.186639, 34.4234288], [133.1864665, 34.4229598], [133.1864061, 34.4228318], [133.1863407, 34.4226971], [133.1863067, 34.4226162], [133.186292, 34.4225704], [133.1862243, 34.4222775], [133.1861375, 34.4218107], [133.1861323, 34.4217742], [133.1861279, 34.4217332], [133.1861194, 34.4216192], [133.1861158, 34.4215789], [133.1861001, 34.4213953], [133.1861009, 34.4209591], [133.1861385, 34.4206302], [133.1861612, 34.4204406], [133.1861963, 34.4202638], [133.1862024, 34.4202237], [133.1862283, 34.4200532], [133.1862817, 34.4197014], [133.1864127, 34.4189361], [133.1864389, 34.4187597], [133.1864809, 34.4184767], [133.1865427, 34.4181571], [133.1865787, 34.4178907], [133.1865871, 34.4178289], [133.1865944, 34.417781], [133.1866706, 34.4172603], [133.1867142, 34.4169524], [133.1867385, 34.4168208], [133.1868518, 34.4162209], [133.1868594, 34.4161806], [133.1868709, 34.4160898], [133.1869294, 34.4156299], [133.186948, 34.4154965], [133.1869919, 34.4152599], [133.187108, 34.4145583], [133.1871504, 34.4143006], [133.1872916, 34.4134263], [133.1873662, 34.4128915], [133.1874521, 34.4124914], [133.1875344, 34.4119139], [133.1875904, 34.4112681], [133.1875793, 34.4111102], [133.1875509, 34.410104], [133.1875434, 34.4095563], [133.1875333, 34.4090625], [133.1875289, 34.4087913], [133.1874985, 34.4082591], [133.187381, 34.4076003], [133.1872928, 34.4071995], [133.1872418, 34.4069497], [133.1872278, 34.4068795], [133.187203, 34.4066055], [133.1872179, 34.4061404], [133.1872962, 34.405111], [133.1873035, 34.4050319], [133.1873173, 34.404783], [133.1873325, 34.4045561], [133.1873885, 34.4037201], [133.1874083, 34.4035539], [133.1874409, 34.4032749], [133.187546, 34.4026669]]]}, "id": "relation/9385077"}]}