{"type": "FeatureCollection", "generator": "kokudo-quiz tools/fetch_raw.py (Overpass API)", "copyright": "The data included in this document is from www.openstreetmap.org. The data is made available under ODbL.", "timestamp": "2026-09-30T16:03:57Z", "features": [{"type": "Feature", "properties": {"@id": "relation/9702108", "colour": "red", "from": "宮崎県宮崎市", "name": "国道220号", "name:en": "National Highway Route 220", "name:ja": "国道220号", "name:ja-Hira": "こくどうにひゃくにじゅうごう", "name:ja-Latn": "Kokudou 220 Gou", "network": "JP:national", "ref": "220", "route": "road", "to": "鹿児島県霧島市", "type": "route", "wikidata": "Q6156963", "wikipedia": "ja:国道220号"}, "geometry": {"type": "MultiLineString", "coordinates": [[[131.4233045, 31.9165549], [131.4232777, 31.9164042], [131.4231579, 31.9157312], [131.4230667, 31.9152185], [131.4230569, 31.9151638], [131.4230512, 31.9151316], [131.4230448, 31.9150964], [131.4230348, 31.9150415], [131.4230233, 31.9149787], [131.4228747, 31.914164], [131.422862, 31.9140943], [131.4228488, 31.9140219], [131.4228473, 31.9140124], [131.4228363, 31.9139422], [131.4227166, 31.9131774], [131.4226984, 31.9130614], [131.4225525, 31.9123151], [131.4224148, 31.9115011], [131.4222341, 31.9107544], [131.4220964, 31.9101158], [131.4219194, 31.9094704], [131.4218425, 31.9091404], [131.4217586, 31.9087804], [131.4217112, 31.9085976], [131.4216575, 31.9083907], [131.4213044, 31.9076218], [131.4211422, 31.907285], [131.4210938, 31.9071864], [131.4195967, 31.9039315], [131.4195344, 31.9038081], [131.4193796, 31.9034026], [131.4192992, 31.9030689], [131.4191271, 31.9023093], [131.418862, 31.9011808], [131.4186262, 31.9001016], [131.4183756, 31.8989909], [131.4183196, 31.8987942], [131.4181573, 31.8981045], [131.4180849, 31.8979041], [131.418032, 31.8977575], [131.4179763, 31.8976033], [131.4176379, 31.896773], [131.4168634, 31.8945734], [131.4168267, 31.8944692], [131.416777, 31.8943379], [131.416567, 31.8937838], [131.4164337, 31.893482], [131.4163836, 31.8933973], [131.4162599, 31.8931881], [131.4161487, 31.8930002], [131.416083, 31.8929087], [131.415951, 31.8927309], [131.415613, 31.892276], [131.4152503, 31.8918969], [131.4147706, 31.8914639], [131.4146351, 31.8913374], [131.4146202, 31.8913245], [131.413801, 31.890607], [131.4136795, 31.8904827], [131.4135825, 31.8903748], [131.4131822, 31.8899296], [131.4128949, 31.8895411], [131.4125781, 31.8888921], [131.4124372, 31.8885359], [131.4123767, 31.8883084], [131.4123506, 31.8882103], [131.4121992, 31.8875469], [131.4121656, 31.8874026], [131.4120061, 31.8867467], [131.4118682, 31.8861795], [131.4112097, 31.883457], [131.4110476, 31.8826311], [131.4109613, 31.881961], [131.4109359, 31.8816098], [131.4109159, 31.8812426], [131.4109067, 31.8807626], [131.4109088, 31.880501], [131.410919, 31.8803123], [131.4109491, 31.8798209], [131.4109677, 31.8795554], [131.4110174, 31.879185], [131.4110195, 31.8791694], [131.4110384, 31.8790598], [131.4111581, 31.8783644], [131.4113818, 31.877602], [131.4113987, 31.8775446], [131.4116004, 31.8769387], [131.411787, 31.8763554], [131.4119565, 31.8759575], [131.4120376, 31.8757848], [131.4121365, 31.8755743], [131.4122369, 31.8753853], [131.41241, 31.8750593], [131.4124528, 31.8749786], [131.4125084, 31.8748808], [131.4126583, 31.8746291], [131.4127294, 31.8745099], [131.4130592, 31.8739747], [131.4133515, 31.8735219], [131.413603, 31.8731476], [131.4140644, 31.8725181], [131.4142166, 31.8723203], [131.4144627, 31.8720247], [131.4145014, 31.8719858], [131.4146883, 31.871786], [131.4150061, 31.8714582], [131.4152384, 31.8712417], [131.415467, 31.8710435], [131.4157659, 31.8708031], [131.4159719, 31.8706484], [131.4163185, 31.8704012], [131.4167769, 31.8701069], [131.4171026, 31.8699145], [131.4174752, 31.8697122], [131.417901, 31.869501], [131.418318, 31.8693133], [131.4188417, 31.8691181], [131.4192411, 31.8689837], [131.4195196, 31.8688979], [131.4198427, 31.8688131], [131.4200474, 31.8687587], [131.4204041, 31.8686776], [131.4208584, 31.8685912], [131.4212195, 31.8685275], [131.4214969, 31.8684861], [131.4221196, 31.8684059], [131.4227222, 31.8683383], [131.4233494, 31.8682675], [131.4241854, 31.8681789], [131.4251428, 31.8680746], [131.4257723, 31.8680062], [131.4259883, 31.8679827], [131.4268009, 31.8678907], [131.4272256, 31.8678429], [131.4279759, 31.8677609], [131.4281949, 31.8677397], [131.4289063, 31.8676604], [131.4297065, 31.8675729], [131.4302256, 31.8675195], [131.4316941, 31.8673553], [131.4326338, 31.8672503], [131.4332378, 31.8671882], [131.4336089, 31.8671473], [131.4347184, 31.8670269], [131.4351511, 31.8669819], [131.436837, 31.8667964], [131.4371466, 31.8667571], [131.4374641, 31.8667127], [131.4377842, 31.8666546], [131.4381031, 31.8665852], [131.4384192, 31.8665044], [131.4386004, 31.8664552], [131.4389999, 31.8663037], [131.439164, 31.8662336], [131.4394463, 31.8660821], [131.4397734, 31.8658779], [131.43989, 31.8657853], [131.4400761, 31.8656442], [131.4402208, 31.8655135], [131.4404093, 31.8653309], [131.4406121, 31.8650989], [131.4407497, 31.8649111], [131.4408893, 31.8646878], [131.4409474, 31.8645822], [131.4410126, 31.864461], [131.4411512, 31.8641633], [131.4412358, 31.8639383], [131.4413153, 31.8636933], [131.4413968, 31.863412], [131.4415089, 31.8629922], [131.4416445, 31.86244], [131.4418473, 31.861603], [131.4419312, 31.8612901], [131.4421167, 31.8605008], [131.4423558, 31.8595967], [131.4423915, 31.8594798], [131.4424979, 31.8590509], [131.4425882, 31.8587017], [131.4427451, 31.8580664], [131.4428715, 31.8575626], [131.4429905, 31.8570797], [131.4430904, 31.8566067], [131.4432027, 31.8560452], [131.4432598, 31.8555665], [131.4433148, 31.855087], [131.4433688, 31.8543694], [131.4434116, 31.8535436], [131.443435, 31.8528836], [131.4434758, 31.8516972], [131.4435288, 31.8508515], [131.4435797, 31.850165], [131.4436113, 31.8497824], [131.4436564, 31.8494158], [131.4436865, 31.8490701], [131.4437186, 31.8487541], [131.4437651, 31.8482983], [131.4438736, 31.847421], [131.4439627, 31.8468697], [131.4440422, 31.8464121], [131.4440906, 31.8461488], [131.4441739, 31.8457192], [131.4442398, 31.8452452], [131.4443037, 31.8448502], [131.4443614, 31.8444313], [131.4444103, 31.8438413], [131.4444297, 31.8435269], [131.444451, 31.8431171], [131.4444684, 31.8429064], [131.4445091, 31.8424636], [131.4445944, 31.8417888], [131.4447031, 31.8409575], [131.4447784, 31.8404358], [131.4448714, 31.8395964], [131.4449199, 31.8390845], [131.4449431, 31.8385265], [131.4449451, 31.8376784], [131.4449275, 31.8372385], [131.4449076, 31.8369344], [131.4448548, 31.8363922], [131.4448108, 31.8359753], [131.444747, 31.8355472], [131.4446646, 31.8350988], [131.4445977, 31.834795], [131.4445, 31.8343587], [131.4444134, 31.8340139], [131.4441808, 31.8332402], [131.4440694, 31.8329227], [131.4439853, 31.8326872], [131.443765, 31.8321174], [131.4435735, 31.8316823], [131.4434057, 31.8313058], [131.443213, 31.8309102], [131.4430077, 31.830522], [131.4425996, 31.8297638], [131.4422254, 31.829064], [131.4420151, 31.828662], [131.4418021, 31.8282514], [131.4416748, 31.8279219], [131.4416194, 31.8277432], [131.4415763, 31.8275662], [131.4415425, 31.8272742], [131.4415394, 31.8270841], [131.4415496, 31.8269507], [131.4415589, 31.826847], [131.4415794, 31.826697], [131.4416615, 31.8264075], [131.4417272, 31.8262297], [131.4418315, 31.8260073], [131.4419689, 31.8257822], [131.4421848, 31.8254739], [131.4425285, 31.8250214], [131.4426547, 31.8248444], [131.4427799, 31.8246587], [131.442825, 31.8245785], [131.4429318, 31.8243737], [131.44298, 31.8242664], [131.4430158, 31.8241562], [131.4430565, 31.824002], [131.4431021, 31.8237747], [131.4431411, 31.8234835], [131.4431791, 31.8228757], [131.4431848, 31.8227741], [131.4432116, 31.8224767], [131.4432327, 31.8221061], [131.4432519, 31.8218793], [131.4432639, 31.8216095], [131.4433053, 31.8210502], [131.4433615, 31.8205187], [131.4433935, 31.8200763], [131.4434159, 31.8197506], [131.443375, 31.8192176], [131.4433525, 31.8190423], [131.4432642, 31.8185349], [131.4431499, 31.8180473], [131.4430492, 31.8175959], [131.4429804, 31.8171436], [131.4429608, 31.816899], [131.4429594, 31.8165713], [131.4429804, 31.8162772], [131.4430196, 31.8160094], [131.4430706, 31.8157169], [131.4431751, 31.8153091], [131.4432379, 31.815138], [131.4433021, 31.8149857], [131.4433474, 31.8148843], [131.4434091, 31.8147493], [131.443491, 31.8145993], [131.4435602, 31.8144797], [131.4436496, 31.8143146], [131.443861, 31.8140109], [131.4440722, 31.8137583], [131.4443364, 31.81349], [131.4442253, 31.8135636], [131.4440183, 31.813762], [131.4438249, 31.8139792], [131.4436059, 31.8143106], [131.4434449, 31.8145927], [131.4432836, 31.8148424], [131.4430852, 31.8152355], [131.4430136, 31.8154594], [131.4429414, 31.8156936], [131.4428799, 31.8160429], [131.4428531, 31.8162637], [131.4428394, 31.8164312], [131.442832, 31.8165878], [131.4428453, 31.8167989], [131.4428538, 31.8169717], [131.4428729, 31.8171174], [131.4428871, 31.8172377], [131.4429169, 31.8174532], [131.4429424, 31.8175971], [131.4430469, 31.8180643], [131.4431319, 31.8184493], [131.4432429, 31.8189783], [131.4432876, 31.8194007], [131.443284, 31.8197426], [131.4432351, 31.8205028], [131.4431691, 31.8216086], [131.4431449, 31.8221115], [131.4431159, 31.82249], [131.4430818, 31.822765], [131.443068, 31.8228708], [131.4430185, 31.823465], [131.4429896, 31.8236954], [131.4429607, 31.8238819], [131.4429394, 31.8239864], [131.4428817, 31.8241816], [131.4428215, 31.8243287], [131.4427186, 31.8245334], [131.4426247, 31.824693], [131.4424135, 31.8250019], [131.4420835, 31.8254327], [131.441894, 31.825712], [131.4417949, 31.8258645], [131.441729, 31.82599], [131.4416255, 31.8262078], [131.4415636, 31.8263739], [131.4415113, 31.8265415], [131.4414862, 31.8266667], [131.4414561, 31.8268166], [131.4414385, 31.826936], [131.441431, 31.8271066], [131.441436, 31.8272623], [131.4414623, 31.827548], [131.4415226, 31.8277783], [131.4415677, 31.8279319], [131.441648, 31.8281547], [131.4417401, 31.8283481], [131.4419449, 31.8287604], [131.4423467, 31.8295119], [131.4425378, 31.8298585], [131.4427338, 31.83023], [131.4429237, 31.830585], [131.4431883, 31.8311001], [131.443222, 31.8311673], [131.4432557, 31.8312344], [131.4433071, 31.8313499], [131.4434567, 31.8316832], [131.4436503, 31.8321211], [131.4439551, 31.8329127], [131.4440688, 31.8332604], [131.4442192, 31.8337405], [131.4443819, 31.8343513], [131.4444554, 31.8346366], [131.4445219, 31.8348982], [131.4445569, 31.8351167], [131.4446227, 31.8354794], [131.4446348, 31.8355522], [131.4446929, 31.8359402], [131.4447511, 31.8363963], [131.4447972, 31.8368589], [131.4448344, 31.8376764], [131.4448363, 31.8381688], [131.4448406, 31.8383897], [131.4448138, 31.8390541], [131.4447882, 31.8393418], [131.4447692, 31.8395937], [131.4446767, 31.8403989], [131.4446124, 31.8408788], [131.4445753, 31.8411702], [131.444524, 31.8415641], [131.444486, 31.8418321], [131.4444509, 31.842121], [131.4443938, 31.8425101], [131.4443435, 31.8427966], [131.4442475, 31.8433261], [131.4441743, 31.8437104], [131.4440955, 31.8440978], [131.4440496, 31.8444076], [131.4439405, 31.8452084], [131.443875, 31.8457436], [131.4438598, 31.8458066], [131.4438076, 31.8462424], [131.4437485, 31.8467879], [131.4437229, 31.8472377], [131.443684, 31.8477182], [131.4436343, 31.8482479], [131.4435818, 31.8487524], [131.4435425, 31.8491569], [131.4435065, 31.8495071], [131.4434438, 31.8501636], [131.4433953, 31.8508363], [131.4432795, 31.8528926], [131.4432432, 31.8535859], [131.4432086, 31.8543644], [131.4431654, 31.8549798], [131.4431083, 31.8555056], [131.4430339, 31.8560222], [131.4429373, 31.8565779], [131.4428261, 31.8570704], [131.4427097, 31.8575579], [131.4425873, 31.8580588], [131.4423549, 31.8590303], [131.442252, 31.8594637], [131.442013, 31.8604827], [131.4418225, 31.8612642], [131.4415416, 31.8624047], [131.4414039, 31.8629807], [131.4412975, 31.8633747], [131.4412025, 31.8637037], [131.4411301, 31.8639266], [131.4410351, 31.8641664], [131.44093, 31.8644084], [131.4408464, 31.864552], [131.440774, 31.864681], [131.4406605, 31.8648629], [131.4405257, 31.8650413], [131.4403668, 31.8652244], [131.4402079, 31.8653871], [131.4400376, 31.8655449], [131.4397665, 31.8657563], [131.4396517, 31.8658414], [131.4394517, 31.8659691], [131.439114, 31.866151], [131.4387465, 31.8663053], [131.4384023, 31.8664216], [131.4380799, 31.8665065], [131.4377709, 31.8665732], [131.4374511, 31.8666307], [131.437126, 31.8666746], [131.4368155, 31.866713], [131.4351551, 31.8668951], [131.4347593, 31.8669401], [131.4332386, 31.8670992], [131.4326507, 31.8671621], [131.4313388, 31.8672902], [131.4307269, 31.8673706], [131.4298917, 31.8674628], [131.4290822, 31.8675522], [131.4281716, 31.8676478], [131.427932, 31.8676753], [131.4271935, 31.867755], [131.4267681, 31.8677973], [131.4261567, 31.8678621], [131.4257198, 31.8679091], [131.4250687, 31.8679792], [131.4241684, 31.8680781], [131.4233419, 31.8681708], [131.4227157, 31.8682384], [131.4221083, 31.8683061], [131.4214854, 31.8683899], [131.4211621, 31.8684377], [131.4208416, 31.8684923], [131.4204593, 31.8685623], [131.4201494, 31.8686262], [131.4198633, 31.8686934], [131.4195546, 31.8687754], [131.4192018, 31.8688851], [131.418902, 31.8689861], [131.4185711, 31.8691101], [131.4181253, 31.869289], [131.4177905, 31.8694383], [131.4173885, 31.869628], [131.4169725, 31.8698481], [131.4166478, 31.8700456], [131.4163379, 31.8702494], [131.4159205, 31.8705446], [131.4155948, 31.8707927], [131.4153996, 31.8709518], [131.4149447, 31.8713678], [131.4145862, 31.8717267], [131.4143705, 31.8719649], [131.414168, 31.8722059], [131.4139693, 31.8724591], [131.4136579, 31.8728778], [131.4132589, 31.8734633], [131.4130101, 31.8738453], [131.4126076, 31.8744802], [131.4124218, 31.8748139], [131.4122741, 31.8750678], [131.4120338, 31.8755247], [131.4119673, 31.8756689], [131.4117783, 31.8760792], [131.4114683, 31.8768517], [131.4112878, 31.8773556], [131.411049, 31.8783314], [131.4109284, 31.8790295], [131.4109062, 31.8791835], [131.4108614, 31.87958], [131.4108348, 31.8798158], [131.4108034, 31.8802269], [131.4108011, 31.880614], [131.4108042, 31.8810558], [131.4108169, 31.8815045], [131.4108456, 31.8819395], [131.4109267, 31.8825816], [131.4111008, 31.8834592], [131.4113155, 31.8843565], [131.4116006, 31.8855484], [131.4117565, 31.8862001], [131.4119199, 31.8868866], [131.4120229, 31.8873545], [131.4120626, 31.8875122], [131.4122273, 31.888171], [131.4122377, 31.8882129], [131.4123164, 31.8885293], [131.4124717, 31.8889268], [131.4128106, 31.8896074], [131.413087, 31.890007], [131.4133529, 31.8902899], [131.4134631, 31.8904072], [131.4134938, 31.8904399], [131.4136047, 31.890558], [131.4137098, 31.8906704], [131.4145075, 31.8913822], [131.4146934, 31.8915492], [131.4151452, 31.8919425], [131.4155153, 31.8923459], [131.4158487, 31.8927823], [131.4159787, 31.8929524], [131.4161424, 31.893234], [131.4163207, 31.8935408], [131.4164599, 31.893841], [131.4166633, 31.894383], [131.4167134, 31.894516], [131.4167512, 31.894619], [131.4170313, 31.8953836], [131.4170492, 31.8954325], [131.4173488, 31.8962518], [131.4173656, 31.8962977], [131.4175472, 31.8967945], [131.4178411, 31.8976195], [131.4178748, 31.8977027], [131.4179485, 31.8979401], [131.4180095, 31.8981364], [131.4180823, 31.8983813], [131.4181121, 31.8985023], [131.4182532, 31.8990225], [131.4185097, 31.9001238], [131.4187422, 31.9012055], [131.4190157, 31.9023241], [131.4192028, 31.9031629], [131.4192801, 31.9034092], [131.4194368, 31.9038252], [131.4195035, 31.9039735], [131.4209989, 31.9072391], [131.4211173, 31.9074828], [131.4215128, 31.9084153], [131.421758, 31.9093617], [131.4219486, 31.9101038], [131.4221154, 31.910791], [131.4222646, 31.9114993], [131.4224177, 31.9123461], [131.4225361, 31.9130648], [131.4225621, 31.9131972], [131.4226309, 31.9135482], [131.4227114, 31.9139588], [131.4227233, 31.9140194], [131.4227373, 31.9141188], [131.4227489, 31.9141795], [131.4229161, 31.9150582], [131.422926, 31.9151115], [131.4229307, 31.915137], [131.4229386, 31.9151822], [131.422948, 31.9152353], [131.4230178, 31.9156325], [131.4231617, 31.9164205], [131.4231902, 31.9165783], [131.4232124, 31.9166787]], [[131.4443364, 31.81349], [131.4444722, 31.81337], [131.4447336, 31.8131384], [131.445082, 31.8128685], [131.4456932, 31.81241], [131.4461344, 31.8120673], [131.4463255, 31.8119081], [131.4464459, 31.8117965], [131.4465771, 31.8116834], [131.4467308, 31.8115321], [131.4468091, 31.8114511], [131.4469549, 31.8112935], [131.4470417, 31.8111922], [131.4471756, 31.8110322], [131.4472647, 31.8109222], [131.4474236, 31.8107197], [131.447549, 31.8105587], [131.4477555, 31.8102954], [131.4480346, 31.8099353], [131.4482962, 31.8095977], [131.44841, 31.8094653], [131.4487486, 31.8090283], [131.4488853, 31.8088425], [131.4490287, 31.8086477], [131.4492273, 31.8083705], [131.4494113, 31.8081079], [131.4496111, 31.8078172], [131.4498208, 31.8074723], [131.4499279, 31.807315], [131.4502741, 31.8066873], [131.4504535, 31.8064166], [131.4505622, 31.8062598], [131.4506737, 31.8061209], [131.4508302, 31.8059376], [131.450977, 31.8057954], [131.4512618, 31.8055549], [131.451663, 31.8052839], [131.4518652, 31.8051658], [131.4522954, 31.8049728], [131.4525022, 31.8048855], [131.4527332, 31.8048069], [131.4532079, 31.8046758], [131.4540355, 31.8044479], [131.4544395, 31.8043294], [131.4550329, 31.8041517], [131.455932, 31.8038479], [131.4561036, 31.8037856], [131.4567828, 31.8035319], [131.457883, 31.8031002], [131.458125, 31.8030099], [131.4583648, 31.8029076], [131.4586376, 31.8028062], [131.4590146, 31.8026516], [131.4597791, 31.8023481], [131.4603522, 31.8021138], [131.4607415, 31.801948], [131.461094, 31.8017944], [131.461286, 31.8017062], [131.4617003, 31.8015104], [131.4624247, 31.8011189], [131.4626652, 31.800978], [131.4631499, 31.8006588], [131.4636168, 31.8003076], [131.4637201, 31.8002266], [131.463901, 31.8000583], [131.464284, 31.7996873], [131.464655, 31.799264], [131.4649377, 31.7988964], [131.4649822, 31.7988337], [131.4651772, 31.7985494], [131.465325, 31.798304], [131.4655096, 31.7979551], [131.4655824, 31.7978057], [131.465776, 31.797356], [131.4658795, 31.7970663], [131.4659822, 31.7966959], [131.4660444, 31.7964714], [131.466086, 31.7962625], [131.4661536, 31.7958731], [131.4661702, 31.7956622], [131.4661956, 31.7953226], [131.4661893, 31.7948594], [131.4661602, 31.7943503], [131.4660813, 31.7938467], [131.4659728, 31.7933152], [131.4658464, 31.7928027], [131.4657012, 31.7922743], [131.4655857, 31.7918341], [131.4650827, 31.7901818], [131.4649981, 31.7897607], [131.464955, 31.7893106], [131.4649458, 31.7889397], [131.4649604, 31.7885957], [131.4649879, 31.7883048], [131.4650343, 31.7880116], [131.4650991, 31.7877116], [131.4651799, 31.7874264], [131.4652687, 31.7871973], [131.4653007, 31.7871179], [131.4654379, 31.7868106], [131.4656358, 31.7864629], [131.4658802, 31.7860927], [131.4660251, 31.785902], [131.46623, 31.7856575], [131.4663878, 31.7854862], [131.466579, 31.785306], [131.466761, 31.7851376], [131.4669592, 31.784975], [131.4672863, 31.7847302], [131.4675286, 31.7845712], [131.4678598, 31.7843747], [131.4682172, 31.7841899], [131.4685159, 31.7840581], [131.4688758, 31.78392], [131.4692381, 31.7837883], [131.469593, 31.7836747], [131.4702736, 31.7834584], [131.4705617, 31.7833604], [131.4712695, 31.7830706], [131.4716118, 31.7829008], [131.4718831, 31.7827089], [131.4721415, 31.7825347], [131.4726432, 31.7821811], [131.4733646, 31.7816848], [131.4742873, 31.7811012], [131.4746841, 31.7809084], [131.4753321, 31.7805832], [131.4764347, 31.7800168], [131.476499, 31.7799837], [131.4770639, 31.7796921], [131.4773753, 31.7795328], [131.4777483, 31.7793265], [131.4781611, 31.7790779], [131.478363, 31.7789494], [131.4786065, 31.7787832], [131.4788474, 31.7786031], [131.4790594, 31.7784356], [131.4792003, 31.7782818], [131.4794048, 31.7780389], [131.4795769, 31.7777578], [131.4796801, 31.777536], [131.4797269, 31.7774084], [131.4797651, 31.7772719], [131.4797976, 31.7771411], [131.4798387, 31.7768446], [131.4798416, 31.7765464], [131.4798244, 31.7763896], [131.4797709, 31.7761759], [131.479721, 31.7760206], [131.4795816, 31.7756795], [131.4794765, 31.7754983], [131.4792949, 31.7752359], [131.4791372, 31.7750271], [131.4788467, 31.7746704], [131.4786632, 31.7744397], [131.4783946, 31.7740789], [131.4782122, 31.7738023], [131.4780822, 31.7735391], [131.4779922, 31.773309], [131.477256, 31.770832], [131.477078, 31.770245], [131.476447, 31.768871], [131.474724, 31.765871], [131.47381, 31.764332], [131.472666, 31.762804], [131.471794, 31.761803], [131.4712267, 31.7613002], [131.4707972, 31.7610065], [131.4705384, 31.7608579], [131.4703662, 31.7607487], [131.4698754, 31.7605491], [131.4697225, 31.76051], [131.4692396, 31.7603523], [131.4690605, 31.7602882], [131.4688505, 31.7602158], [131.4686749, 31.7601437], [131.4685611, 31.7600821], [131.4684762, 31.7600275], [131.4683696, 31.7599457], [131.4682881, 31.7598657], [131.4682133, 31.7597775], [131.4681711, 31.7597202], [131.4681, 31.7595848], [131.4680726, 31.7594998], [131.4680496, 31.7594393], [131.4680318, 31.7593619], [131.4680244, 31.7592208], [131.4680259, 31.7591289], [131.4680422, 31.7590401], [131.4680696, 31.7589456], [131.4681009, 31.7588659], [131.4681252, 31.7588096], [131.4681637, 31.7587397], [131.4682555, 31.7586143], [131.468337, 31.7585325], [131.4684325, 31.7584449], [131.4685796, 31.7583509], [131.4686851, 31.7582925], [131.4689163, 31.7581788], [131.4690279, 31.7581202], [131.4692107, 31.7580166], [131.4693299, 31.7579221], [131.4694062, 31.7578484], [131.4694918, 31.7577461], [131.4695416, 31.7576659], [131.4695955, 31.7575586], [131.469629, 31.7574628], [131.4696399, 31.7574273], [131.4696577, 31.7572839], [131.4696525, 31.7571233], [131.4696332, 31.7570188], [131.4696021, 31.756889], [131.4695458, 31.756724], [131.4693769, 31.756253], [131.4692999, 31.7560388], [131.469017, 31.7551571], [131.4687533, 31.754356], [131.4685785, 31.7538119], [131.4683889, 31.7532312], [131.4682748, 31.7528299], [131.4681874, 31.7524389], [131.4679726, 31.7513582], [131.4679149, 31.7510873], [131.4678497, 31.750678], [131.4678364, 31.7505268], [131.467826, 31.7500053], [131.467786, 31.7493401], [131.46779, 31.7486583], [131.4678778, 31.7483498], [131.4681977, 31.7477551], [131.468482, 31.74714], [131.4686268, 31.746589], [131.4687516, 31.7459105], [131.4688623, 31.7452681], [131.4689029, 31.7451174], [131.4689433, 31.7448843], [131.4690089, 31.7444736], [131.4691981, 31.7435386], [131.4692392, 31.7430952], [131.4692706, 31.742757], [131.4693355, 31.741974], [131.469366, 31.7413679], [131.4694047, 31.7409988], [131.4694128, 31.7409219], [131.4694428, 31.7407074], [131.4694367, 31.740498], [131.469433, 31.7402891], [131.4693259, 31.7400486], [131.469176, 31.7397791], [131.4690048, 31.7394714], [131.4686483, 31.7388336], [131.4685793, 31.7387166], [131.4684593, 31.738579], [131.4683369, 31.7384683], [131.4682487, 31.7384216], [131.4682, 31.7383958], [131.4680318, 31.7383323], [131.4675588, 31.738208], [131.4665769, 31.7379186], [131.4660442, 31.7376813], [131.4654647, 31.7374232], [131.4651936, 31.7372642], [131.46505, 31.7371412], [131.4649361, 31.7369174], [131.4648748, 31.7367806], [131.4648498, 31.7365756], [131.4648503, 31.7361145], [131.4648148, 31.735615], [131.4647347, 31.7354128], [131.4646423, 31.7352795], [131.4644193, 31.7351297], [131.4638473, 31.7349016], [131.4634461, 31.7346387], [131.4629815, 31.7342762], [131.4628601, 31.7341603], [131.4627234, 31.7339962], [131.4627086, 31.7339686], [131.4626966, 31.7338369], [131.4626984, 31.7337656], [131.4627214, 31.7336177], [131.462761, 31.7335113], [131.4628306, 31.7333858], [131.4628834, 31.7333373], [131.4630145, 31.7332257], [131.4633945, 31.7330215], [131.4635653, 31.7328868], [131.4636294, 31.732779], [131.4636768, 31.7326165], [131.4636941, 31.7322895], [131.4636508, 31.731715], [131.4636306, 31.7314476], [131.4636651, 31.7312264], [131.4637959, 31.7308661], [131.4639491, 31.7305483], [131.4640494, 31.7303845], [131.4643139, 31.730092], [131.4645968, 31.7298679], [131.4650814, 31.7293987], [131.465351, 31.7291693], [131.4654535, 31.7290569], [131.4655283, 31.7289591], [131.4655452, 31.7289371], [131.4656867, 31.7287127], [131.4662318, 31.7276036], [131.4662481, 31.727438], [131.4662286, 31.7272286], [131.466189, 31.7269895], [131.4660502, 31.7265119], [131.4659661, 31.7262228], [131.4659092, 31.7259504], [131.4659099, 31.7258556], [131.4659101, 31.7258229], [131.4659661, 31.7255475], [131.4661807, 31.725], [131.4664589, 31.72431], [131.4668244, 31.7233756], [131.467275, 31.7223535], [131.4675431, 31.7218429], [131.467629, 31.7215988], [131.4676516, 31.7214064], [131.4675952, 31.7211972], [131.4674942, 31.7210856], [131.4672991, 31.7209483], [131.4669987, 31.7208257], [131.4666723, 31.7207149], [131.4663443, 31.7206533], [131.4659702, 31.7206467], [131.4656061, 31.7206148], [131.4652565, 31.7205533], [131.4643676, 31.720218], [131.4636408, 31.7198522], [131.4634315, 31.7197028], [131.4632583, 31.7194852], [131.4630908, 31.7190863], [131.4629852, 31.7188959], [131.4628329, 31.7187676], [131.4626323, 31.7186932], [131.4624041, 31.7186665], [131.4621708, 31.7187215], [131.4616241, 31.7188766], [131.4610678, 31.7191306], [131.460739, 31.7192765], [131.4604974, 31.7193462], [131.4602735, 31.7193437], [131.4600948, 31.7192981], [131.4598877, 31.7191858], [131.4597434, 31.719068], [131.4596792, 31.7189354], [131.4596216, 31.7187848], [131.4596016, 31.7186177], [131.4596148, 31.7185375], [131.4597629, 31.7180465], [131.4599427, 31.7174505], [131.4601081, 31.7167134], [131.4602191, 31.7165679], [131.460553, 31.7162964], [131.4613799, 31.7156464], [131.4616746, 31.7153992], [131.4617926, 31.7152125], [131.4618462, 31.7149899], [131.461859, 31.7147849], [131.4618076, 31.7145447], [131.4616981, 31.714351], [131.4615348, 31.7142189], [131.4613589, 31.7141155], [131.4610942, 31.7140207], [131.4600351, 31.7138881], [131.4598482, 31.7138279], [131.45967, 31.7137361], [131.459545, 31.7135784], [131.4594345, 31.7133016], [131.4593744, 31.7130741], [131.4593594, 31.7128524], [131.4594874, 31.7118311], [131.4594448, 31.711589], [131.4593142, 31.7113651], [131.4591516, 31.7111948], [131.4589709, 31.7110548], [131.4586993, 31.7109609], [131.4584773, 31.7109354], [131.4570143, 31.7107733], [131.4563165, 31.7106958], [131.4555108, 31.7106188], [131.455304, 31.7105876], [131.4551365, 31.7105091], [131.4550357, 31.7104178], [131.4548703, 31.7101807], [131.4548426, 31.7101367], [131.4546381, 31.7098328], [131.4546261, 31.7096871], [131.4546238, 31.7096053], [131.4546609, 31.7094829], [131.4547137, 31.7093864], [131.4553862, 31.7082946], [131.4558122, 31.7075226], [131.4555139, 31.7074311], [131.4553926, 31.7073546], [131.4553481, 31.707286], [131.4553389, 31.7071938], [131.4553646, 31.7070878], [131.4554586, 31.7069601], [131.4556006, 31.7068613], [131.455796, 31.7068081], [131.455971, 31.7067952], [131.4561051, 31.7068013], [131.456191, 31.7068058], [131.4561958, 31.706806], [131.4563314, 31.7067777], [131.4564418, 31.7067277], [131.4565337, 31.7066649], [131.4566421, 31.7066108], [131.4567851, 31.7065608], [131.4569927, 31.7065161], [131.4573224, 31.7064776], [131.4593378, 31.7063344], [131.460013, 31.7062526], [131.4603928, 31.7061717], [131.4607478, 31.7060318], [131.4612628, 31.7056934], [131.4621319, 31.7048981], [131.4622839, 31.7047175], [131.4623397, 31.704556], [131.4623132, 31.7043036], [131.4621947, 31.7041009], [131.4620763, 31.703977], [131.4618507, 31.7038621], [131.4615631, 31.7037762], [131.4598023, 31.703535], [131.4596124, 31.7034738], [131.4594678, 31.7033969], [131.4593376, 31.7032852], [131.459216, 31.7031158], [131.4591618, 31.7029496], [131.4591496, 31.7026219], [131.459164, 31.7023653], [131.4592498, 31.7017994], [131.4593121, 31.701327], [131.459349, 31.700946], [131.4593402, 31.7007433], [131.4593139, 31.7006439], [131.4592713, 31.7005215], [131.4591766, 31.7004078], [131.459071, 31.70031], [131.4589035, 31.7002341], [131.4586835, 31.7001692], [131.4584932, 31.7001436], [131.4579221, 31.7000913], [131.4572731, 31.7000551], [131.4566829, 31.7000217], [131.4562937, 31.6999832], [131.4559764, 31.6999189], [131.4555787, 31.6997917], [131.4550469, 31.6995607], [131.454837, 31.6994348], [131.4546797, 31.6993877], [131.4545504, 31.6994346], [131.4542628, 31.6990272], [131.4541289, 31.6988741], [131.4539429, 31.6986896], [131.4537569, 31.6984905], [131.4536331, 31.6983248], [131.4536175, 31.6983076], [131.4535384, 31.6982225], [131.453514, 31.6981875], [131.4532513, 31.6978256], [131.4531551, 31.6976679], [131.4530748, 31.6975254], [131.4530278, 31.6974304], [131.4527512, 31.6968706], [131.4523574, 31.6962044], [131.4519576, 31.6954037], [131.4516344, 31.6946992], [131.4512959, 31.6940506], [131.4509491, 31.6932808], [131.450754, 31.6923137], [131.4508937, 31.6914679], [131.4511365, 31.6907262], [131.4515208, 31.6896928], [131.4519542, 31.6885537], [131.4524172, 31.6873822], [131.4529091, 31.6860705], [131.4532984, 31.6847953], [131.4533373, 31.6842802], [131.4533414, 31.684101], [131.4533516, 31.6838407], [131.4532417, 31.6833955], [131.4530915, 31.6829572], [131.4529041, 31.6825862], [131.4527486, 31.6823502], [131.4525485, 31.6821631], [131.4522065, 31.6819663], [131.4518972, 31.6818509], [131.4513206, 31.6816609], [131.4509156, 31.6814502], [131.4505587, 31.6812164], [131.4502963, 31.6809036], [131.4500656, 31.680531], [131.4500321, 31.680477], [131.4498227, 31.6800039], [131.4497242, 31.6796638], [131.4496959, 31.6794709], [131.4496916, 31.6793207], [131.4497036, 31.6790617], [131.4497522, 31.6788912], [131.4499217, 31.6785993], [131.4502567, 31.6782337], [131.4507154, 31.6777743], [131.4509031, 31.6775695], [131.4510569, 31.6773524], [131.4511604, 31.677219], [131.451308, 31.6768957], [131.4514481, 31.6764652], [131.4515124, 31.6761637], [131.4515286, 31.6757833], [131.4514725, 31.6753326], [131.4513345, 31.6747343], [131.4512338, 31.6743798], [131.4511861, 31.6741906], [131.4510931, 31.6737149], [131.4510894, 31.6736912], [131.4510697, 31.673565], [131.4508179, 31.6719556], [131.450757, 31.6715663], [131.4506853, 31.6709646], [131.4506108, 31.6702701], [131.4506184, 31.6701264], [131.4506558, 31.6699933], [131.4507317, 31.6698372], [131.4508399, 31.6696911], [131.4510745, 31.6695353], [131.4513094, 31.6694461], [131.451669, 31.6693383], [131.4524939, 31.6693358], [131.4532045, 31.6693021], [131.4534547, 31.6692535], [131.453725, 31.6691509], [131.4541086, 31.6689059], [131.4545223, 31.6686309], [131.4549443, 31.6684738], [131.4562086, 31.6681365], [131.457323, 31.6678613], [131.4576934, 31.66786], [131.4579653, 31.6679124], [131.4591754, 31.6681973], [131.4599136, 31.6683666], [131.4602784, 31.6683982], [131.4604374, 31.6683874], [131.4606002, 31.6683215], [131.4608108, 31.6681585], [131.4609736, 31.6679927], [131.4610666, 31.6677943], [131.4610852, 31.6676348], [131.4610737, 31.6673255], [131.4608352, 31.6667002], [131.4606646, 31.6661896], [131.4606632, 31.6659083], [131.4607733, 31.6656088], [131.4608778, 31.6654615], [131.4610351, 31.6653361], [131.4612182, 31.6652374], [131.4620076, 31.6648556], [131.4621466, 31.6647322], [131.4622611, 31.6645374], [131.4623097, 31.664334], [131.4624685, 31.662851], [131.4625693, 31.6620746], [131.4625329, 31.6617552], [131.462447, 31.6615178], [131.4623612, 31.6613717], [131.4622092, 31.6612076], [131.4619245, 31.6610408], [131.4615335, 31.6609381], [131.4594883, 31.6604606], [131.458878, 31.6602907], [131.4585982, 31.6601744], [131.4582494, 31.6599746], [131.4579184, 31.6597058], [131.4576405, 31.659396], [131.4574517, 31.6590691], [131.457349, 31.658798], [131.4572543, 31.6584311], [131.4571575, 31.6577103], [131.4570578, 31.657216], [131.4568405, 31.6564152], [131.4547735, 31.6487506], [131.4547035, 31.6484848], [131.4546459, 31.6481406], [131.4546044, 31.6477264], [131.454588, 31.6473896], [131.454597, 31.6469928], [131.4546537, 31.6465146], [131.4547379, 31.6461167], [131.4548865, 31.6456911], [131.4549279, 31.6456076], [131.454977, 31.6454897], [131.4552084, 31.6450916], [131.4554795, 31.6447185], [131.456117, 31.6440375], [131.456189, 31.6439392], [131.4562923, 31.6437085], [131.4563225, 31.6435566], [131.4563239, 31.6434186], [131.4562458, 31.642978], [131.4560672, 31.6417896], [131.4559991, 31.6415413], [131.4558474, 31.6412708], [131.4556479, 31.6410801], [131.4553855, 31.6409329], [131.4549868, 31.6408111], [131.4537091, 31.6404268], [131.4534517, 31.6403196], [131.4532081, 31.6402007], [131.4530763, 31.6401308], [131.4529151, 31.6400506], [131.4527876, 31.6400127], [131.4526922, 31.6399994], [131.4525724, 31.6400058], [131.4520842, 31.6400816], [131.4518701, 31.6401051], [131.4517313, 31.6401031], [131.4516243, 31.6400894], [131.4514249, 31.6400295], [131.451303, 31.6399492], [131.4512054, 31.6398599], [131.4511518, 31.639794], [131.4510989, 31.6396799], [131.4510704, 31.6395683], [131.451068, 31.6394325], [131.4510961, 31.6392577], [131.4511694, 31.6391076], [131.4512446, 31.6389728], [131.4513423, 31.6388336], [131.4516048, 31.6384961], [131.451806, 31.638287], [131.4521872, 31.6379887], [131.4524413, 31.637828], [131.4527468, 31.6376507], [131.4530121, 31.6375385], [131.4533706, 31.6374199], [131.4542431, 31.6372399], [131.4545856, 31.6371757], [131.454908, 31.6370944], [131.4553154, 31.6369784], [131.4557093, 31.6368216], [131.4562243, 31.6365475], [131.4570397, 31.6362552], [131.4582628, 31.635835], [131.4587326, 31.6356081], [131.4592733, 31.6353223], [131.4598227, 31.6349379], [131.4603442, 31.6344101], [131.460612, 31.6341901], [131.4615729, 31.6333269], [131.4617024, 31.6331546], [131.4617991, 31.6329536], [131.4618436, 31.6327207], [131.4618522, 31.6324642], [131.4618241, 31.632266], [131.4617818, 31.6320716], [131.4615655, 31.6315087], [131.46146, 31.6312853], [131.4613128, 31.6310361], [131.4611715, 31.6308646], [131.4609266, 31.6306464], [131.4606913, 31.6305233], [131.4602872, 31.6303834], [131.4590122, 31.6301638], [131.4586819, 31.6300591], [131.4583669, 31.6298695], [131.4581103, 31.6296358], [131.4579482, 31.6293957], [131.4578141, 31.6290162], [131.4576834, 31.6284175], [131.4576191, 31.627979], [131.4575118, 31.6273213], [131.4574161, 31.6269468], [131.4572397, 31.626451], [131.4570492, 31.6260576], [131.456676, 31.6252868], [131.4563432, 31.6246284], [131.4561553, 31.6243781], [131.4558583, 31.6241971], [131.4556074, 31.62411], [131.4553783, 31.624083], [131.4551258, 31.6241032], [131.4548803, 31.6241866], [131.4546753, 31.6243042], [131.4542786, 31.6245779], [131.4532205, 31.6252658], [131.4530761, 31.6253554], [131.4529665, 31.6253928], [131.4528275, 31.6254056], [131.4526875, 31.6253937], [131.4525504, 31.6253346], [131.4514446, 31.6246833], [131.4512247, 31.6245258], [131.451021, 31.6242954], [131.4508583, 31.6240063], [131.4505882, 31.6234452], [131.4505364, 31.6233307], [131.4499372, 31.6220044], [131.4495969, 31.6213172], [131.4493903, 31.6209204], [131.4491922, 31.6205823], [131.4488901, 31.6201678], [131.4483325, 31.6195539], [131.4476963, 31.6188997], [131.4467592, 31.6181437], [131.446319, 31.6178243], [131.4458735, 31.6176286], [131.445019, 31.6174066], [131.4443345, 31.6172287], [131.4438369, 31.6171651], [131.4432107, 31.6171536], [131.4430417, 31.6171505], [131.4427616, 31.6171453], [131.4424017, 31.6170911], [131.442125, 31.6170045], [131.4419217, 31.6168813], [131.4416959, 31.6166966], [131.4412421, 31.6160029], [131.4410323, 31.6157918], [131.4408822, 31.615674], [131.4406675, 31.6155907], [131.4402844, 31.61554], [131.4390378, 31.6155483], [131.4385822, 31.6155459], [131.4381569, 31.6154867], [131.4376646, 31.6153584], [131.4365691, 31.6148964], [131.4357751, 31.6145309], [131.4354531, 31.6143557], [131.4350885, 31.6140923], [131.4344281, 31.613423], [131.433956, 31.6129594], [131.4336571, 31.6127599], [131.4333234, 31.6125506], [131.4329784, 31.6123714], [131.4326812, 31.6121777], [131.432179, 31.6116816], [131.4318937, 31.6114503], [131.4315909, 31.6112599], [131.4313056, 31.6111512], [131.4309901, 31.6110772], [131.4304536, 31.6109858], [131.4301719, 31.6109382], [131.4300548, 31.6109184], [131.4296597, 31.6109127], [131.4293777, 31.6109333], [131.4291018, 31.6109858], [131.4287785, 31.6111052], [131.4284795, 31.6112599], [131.4273208, 31.6118813], [131.4263597, 31.6123401], [131.4262512, 31.6123919], [131.4259046, 31.6125574], [131.4251291, 31.6129272], [131.4247294, 31.6131028], [131.4243501, 31.6132194], [131.4243067, 31.6132327], [131.423929, 31.6133112], [131.4235263, 31.6133366], [131.4232453, 31.6133337], [131.4231224, 31.6133267], [131.4228469, 31.6132988], [131.4225649, 31.6132375], [131.422168, 31.6131361], [131.4218968, 31.6130413], [131.421342, 31.6127337], [131.4209327, 31.6124], [131.4207721, 31.6122266], [131.4204973, 31.6118813], [131.4203859, 31.6116675], [131.4202755, 31.6114555], [131.4200797, 31.6109547], [131.4197438, 31.6101383], [131.4197255, 31.6100959], [131.4191149, 31.6086198], [131.4189244, 31.6081171], [131.4187378, 31.6076965], [131.418408, 31.606884], [131.4181325, 31.6062561], [131.417804, 31.60563], [131.4171566, 31.6048074], [131.4165759, 31.6041146], [131.416072, 31.6034253], [131.4160546, 31.6033956], [131.4156165, 31.6026473], [131.415206, 31.6019669], [131.4147625, 31.6011724], [131.4143978, 31.6005633], [131.4138123, 31.5995423], [131.4135279, 31.599046], [131.4131876, 31.5984364], [131.4117374, 31.5958654], [131.411375, 31.5952647], [131.4108441, 31.5944105], [131.4106119, 31.5939938], [131.4100689, 31.5929843], [131.4098937, 31.5927134], [131.4097327, 31.5924644], [131.4095696, 31.5922038], [131.409232, 31.5918145], [131.4089543, 31.5915485], [131.4076848, 31.5904188], [131.4075632, 31.5903219], [131.4074648, 31.5902424], [131.4067644, 31.589676], [131.4060691, 31.5893309], [131.4056171, 31.5891261], [131.4053094, 31.5889455], [131.4051947, 31.5888637], [131.4050263, 31.5887438], [131.4047737, 31.5884778], [131.4046427, 31.5882811], [131.4044101, 31.5879259], [131.4039742, 31.5873157], [131.4036363, 31.58682], [131.4035998, 31.5867665], [131.4031866, 31.5861753], [131.4030251, 31.5859362], [131.402874, 31.5857013], [131.4028463, 31.5856553], [131.4031457, 31.5851268], [131.4033097, 31.5846311], [131.4033419, 31.58403], [131.4033983, 31.5836937], [131.4034519, 31.5833501], [131.4035131, 31.5829901], [131.403571, 31.582616], [131.4028434, 31.5824441], [131.402134, 31.5822558], [131.4009067, 31.5819885], [131.4004722, 31.5818108], [131.4003047, 31.5817242], [131.4001805, 31.5816278], [131.3999409, 31.5813461], [131.3998646, 31.5812633], [131.3997395, 31.5810842], [131.399545, 31.5809209], [131.3992817, 31.5807936], [131.3989176, 31.5806709], [131.3987454, 31.5805984], [131.3985688, 31.5804969], [131.3983892, 31.5803241], [131.3982028, 31.5799918], [131.3981167, 31.5795772], [131.398107, 31.5793369], [131.3981411, 31.5790828], [131.3982158, 31.5788143], [131.3983356, 31.5785398], [131.3984837, 31.5782106], [131.3985384, 31.5779806], [131.3985392, 31.5776946], [131.3984817, 31.5774654], [131.3983857, 31.5772659], [131.3982551, 31.5770893], [131.3979575, 31.5767828], [131.3976442, 31.5765627], [131.3974978, 31.5764342], [131.3973873, 31.5763556], [131.3970482, 31.5760343], [131.3965473, 31.5754023], [131.3961327, 31.5747473], [131.3959641, 31.5743665], [131.3958159, 31.5737963], [131.395751, 31.5733542], [131.39575, 31.573112], [131.3957811, 31.5729885], [131.395867, 31.5727069], [131.3960765, 31.572342], [131.3963145, 31.5720725], [131.3963996, 31.5719863], [131.3969049, 31.5715555], [131.3970632, 31.5713571], [131.3971688, 31.5711263], [131.3971934, 31.5709719], [131.397196, 31.5707894], [131.3969018, 31.5698113], [131.3968917, 31.569689], [131.396917, 31.5695747], [131.3972038, 31.5690491], [131.3972449, 31.5688844], [131.397237, 31.5687129], [131.3969765, 31.56796], [131.3967327, 31.5676215], [131.3967034, 31.5674853], [131.396753, 31.5671073], [131.3967222, 31.5669807], [131.3965505, 31.5667342], [131.3961225, 31.566182], [131.3959439, 31.5660504], [131.3957896, 31.5659636], [131.395508, 31.5658843], [131.3947438, 31.5658335], [131.3944536, 31.5657947], [131.3942025, 31.5657182], [131.3937989, 31.5654831], [131.3935058, 31.5653196], [131.3931861, 31.565215], [131.3930316, 31.5651754], [131.3926633, 31.5650884], [131.392377, 31.5650505], [131.3918619, 31.565051], [131.39084, 31.5650774], [131.3899531, 31.5651189], [131.3893828, 31.5651236], [131.3889376, 31.5651082], [131.388725, 31.5650681], [131.3885886, 31.5650378], [131.3877108, 31.564504], [131.3875651, 31.5643857], [131.3873495, 31.5642109], [131.3871392, 31.5639608], [131.3871162, 31.5638917], [131.3870687, 31.5637486], [131.3870735, 31.5633971], [131.3871184, 31.5631562], [131.3871937, 31.5629739], [131.3873459, 31.5627705], [131.387539, 31.5626285], [131.3884589, 31.5621329], [131.3886112, 31.5620171], [131.3887007, 31.5619169], [131.3887557, 31.5618137], [131.3887495, 31.5617128], [131.3887276, 31.5616452], [131.388677, 31.5615502], [131.388614, 31.5614851], [131.3885462, 31.5614281], [131.3883756, 31.5613559], [131.3878195, 31.5612017], [131.3870321, 31.5609776], [131.3866375, 31.5608553], [131.3861704, 31.5606487], [131.3853163, 31.560238], [131.3846713, 31.5600375], [131.3844206, 31.5598934], [131.3843238, 31.559798], [131.3841378, 31.5595457], [131.3840798, 31.5594671], [131.3839752, 31.5593386], [131.3838684, 31.5592506], [131.383596, 31.559093], [131.3833843, 31.5589618], [131.3833163, 31.5589059], [131.383168, 31.5587286], [131.3829464, 31.5582872], [131.382747, 31.5579669], [131.3826455, 31.5578355], [131.3825197, 31.557701], [131.3819377, 31.5572], [131.3817755, 31.557046], [131.3816858, 31.5569713], [131.3815346, 31.5568381], [131.381322, 31.5565481], [131.3812266, 31.5563802], [131.3809586, 31.5558447], [131.3806289, 31.5550143], [131.3805018, 31.5546844], [131.380185, 31.553862], [131.3798093, 31.5528967], [131.3797629, 31.5527786], [131.3796051, 31.5523556], [131.3793165, 31.5515595], [131.3792495, 31.5513607], [131.3792173, 31.5512692], [131.3791822, 31.5511074], [131.3790962, 31.55044], [131.3790114, 31.5496673], [131.3789136, 31.548924], [131.3788765, 31.5485547], [131.3788241, 31.5480814], [131.3787842, 31.5478284], [131.3787661, 31.5476679], [131.3787079, 31.5474947], [131.378631, 31.5473291], [131.3781272, 31.5465073], [131.378015, 31.5463242], [131.377987, 31.5462447], [131.3779883, 31.5461279], [131.378067, 31.5460121], [131.3782322, 31.5459056], [131.3785761, 31.5457793], [131.379084, 31.5456154], [131.3795401, 31.5454418], [131.3798044, 31.5453757], [131.3800877, 31.5453695], [131.3803611, 31.5453953], [131.3805353, 31.5454071], [131.3806903, 31.5454057], [131.3809022, 31.5453612], [131.3811195, 31.5452932], [131.3813585, 31.5451765], [131.381683, 31.544969], [131.3817876, 31.5449022], [131.3819921, 31.5447719], [131.3821739, 31.5446096], [131.3824952, 31.5443043], [131.3825171, 31.5442835], [131.3826231, 31.544146], [131.3826889, 31.5440061], [131.382744, 31.543861], [131.3827553, 31.5437869], [131.3827743, 31.5436617], [131.3827727, 31.543549], [131.3827532, 31.5433844], [131.3826767, 31.5429025], [131.382673, 31.5428231], [131.3826753, 31.542713], [131.3827491, 31.5424277], [131.3828213, 31.5422359], [131.3828828, 31.5421195], [131.383075, 31.5417094], [131.3832138, 31.5414264], [131.3829134, 31.5413167], [131.3826058, 31.5412044], [131.3824017, 31.5411174], [131.3817963, 31.5409124], [131.3815516, 31.5407947], [131.3808435, 31.5404766], [131.3800636, 31.5400707], [131.3789635, 31.5395311], [131.3780755, 31.5391233], [131.3777014, 31.5389311], [131.3772567, 31.5386983], [131.3766694, 31.5383115], [131.3760071, 31.5378543], [131.3753503, 31.5373677], [131.374868, 31.53707], [131.3746633, 31.5369205], [131.373853, 31.5363863], [131.373504, 31.5361654], [131.3734047, 31.5360972], [131.3731101, 31.5357874], [131.3729898, 31.5357222], [131.3728287, 31.5356735], [131.3726887, 31.5356293], [131.371917, 31.5354051], [131.3715755, 31.5353097], [131.3714666, 31.5352984], [131.3713697, 31.5352956], [131.3713083, 31.5353058], [131.3712484, 31.5353436], [131.3712055, 31.5354516], [131.3708795, 31.5364278], [131.3706074, 31.5373044], [131.370548, 31.5374502], [131.3704434, 31.5375979], [131.3689833, 31.5388573], [131.36877, 31.5391339], [131.3686894, 31.539256], [131.3685784, 31.5394657], [131.3678363, 31.541621], [131.3676969, 31.5420661], [131.3676016, 31.542433], [131.3674395, 31.5429361], [131.3672723, 31.5432816], [131.3671096, 31.543538], [131.3667691, 31.5438826], [131.3666538, 31.5439739], [131.3660704, 31.5443578], [131.3656234, 31.5447523], [131.3651487, 31.5452372], [131.364966, 31.5454702], [131.36413, 31.5463349], [131.3638013, 31.5466789], [131.3634095, 31.5470888], [131.3628512, 31.547701], [131.3626177, 31.5479007], [131.3624349, 31.5480184], [131.3623193, 31.5479024], [131.3618701, 31.5474282], [131.3609891, 31.5465089], [131.3605442, 31.5460188], [131.3597952, 31.5452054], [131.3591919, 31.5445609], [131.3586012, 31.5439137], [131.3576325, 31.5427531], [131.3565079, 31.5415693], [131.3562016, 31.54122], [131.3548892, 31.5397839], [131.3535132, 31.5383016], [131.3527129, 31.5374631], [131.3525641, 31.5373093], [131.3517707, 31.5364635], [131.3511576, 31.5358145], [131.3510658, 31.5357462], [131.3508952, 31.535612], [131.3502116, 31.5353719], [131.349529, 31.535238], [131.3485396, 31.5351202], [131.3468545, 31.5348688], [131.3463867, 31.53479], [131.3458333, 31.5346151], [131.3454618, 31.5344691], [131.345081, 31.5342826], [131.3449177, 31.5342107], [131.3441877, 31.533936], [131.3437821, 31.5337614], [131.3435193, 31.5336514], [131.3432738, 31.5335287], [131.3429846, 31.5333427], [131.3427354, 31.5331507], [131.3405422, 31.531352], [131.3397298, 31.5306681], [131.3394937, 31.5305202], [131.3392055, 31.5303991], [131.338973, 31.5303543], [131.3386842, 31.5303461], [131.3384443, 31.5303589], [131.3382159, 31.5303973], [131.337798, 31.5305514], [131.337333, 31.5308188], [131.3353908, 31.532045], [131.3350329, 31.5322489], [131.3347724, 31.53234], [131.3346176, 31.5323527], [131.3344496, 31.532329], [131.3342355, 31.5322265], [131.3338687, 31.5319936], [131.3337141, 31.5318681], [131.3334383, 31.531605], [131.3332031, 31.5311605], [131.3331218, 31.5306844], [131.3329966, 31.5291129], [131.3328969, 31.5288844], [131.3327094, 31.5286384], [131.3323968, 31.5284143], [131.3320851, 31.5282849], [131.3317581, 31.5281883], [131.3313739, 31.528162], [131.3310032, 31.5282322], [131.3305428, 31.5284112], [131.329712, 31.5288037], [131.329282, 31.5288942], [131.3290042, 31.5289079], [131.3287659, 31.52889], [131.3276514, 31.5287869], [131.327131, 31.5287543], [131.3265042, 31.5287899], [131.3256348, 31.5289673], [131.3254225, 31.5290141], [131.3252158, 31.5290884], [131.3249958, 31.5291764], [131.3245857, 31.5293707], [131.3236748, 31.5300173], [131.3232484, 31.530188], [131.3222171, 31.5305166], [131.3207124, 31.5309911], [131.3203487, 31.5311245], [131.3200291, 31.5312971], [131.3190845, 31.5319585], [131.319003, 31.5320005], [131.3187169, 31.5321464], [131.318326, 31.532287], [131.3172992, 31.532707], [131.3169007, 31.5328322], [131.3167567, 31.5328547], [131.3164645, 31.5328916], [131.3147291, 31.5328254], [131.3144386, 31.5328292], [131.3142042, 31.5328602], [131.3139201, 31.5329658], [131.3137158, 31.5330888], [131.3136331, 31.5331617], [131.3135042, 31.5333291], [131.3131903, 31.5339797], [131.3130782, 31.5341649], [131.3129278, 31.5343283], [131.3127112, 31.5344825], [131.312074, 31.5348301], [131.3116014, 31.5350516], [131.3112454, 31.5351271], [131.3108216, 31.5351093], [131.310319, 31.5349772], [131.3100167, 31.5349259], [131.3097484, 31.5349475], [131.3075188, 31.5353808], [131.3059258, 31.5356642], [131.3051229, 31.5357848], [131.304769, 31.53588], [131.3044024, 31.5360271], [131.3040216, 31.5362054], [131.3037921, 31.5362575], [131.3033946, 31.5362516], [131.3000278, 31.5361534], [131.2996582, 31.5361533], [131.2995024, 31.5361871], [131.2992796, 31.5362939], [131.299011, 31.536479], [131.2983861, 31.5371128], [131.2975685, 31.5378003], [131.2957265, 31.5392536], [131.2946901, 31.5400617], [131.2936035, 31.5413419], [131.2932031, 31.5416958], [131.2929332, 31.541849], [131.2926791, 31.5419435], [131.2923019, 31.5420103], [131.2919704, 31.5420339], [131.2915334, 31.5419988], [131.2901566, 31.5416237], [131.2897899, 31.5414804], [131.2892384, 31.5411753], [131.2889014, 31.5409692], [131.2885254, 31.5406169], [131.2880859, 31.5398234], [131.2876953, 31.5394735], [131.287269, 31.539246], [131.2853027, 31.5382284], [131.2844129, 31.5377565], [131.2837402, 31.5375366], [131.2834488, 31.5375045], [131.2831706, 31.5375041], [131.282932, 31.5375163], [131.2826727, 31.5375761], [131.2822814, 31.537709], [131.2807051, 31.5384133], [131.2802744, 31.5385584], [131.2793283, 31.5388188], [131.2789606, 31.5389241], [131.2787514, 31.5389722], [131.2785717, 31.5390046], [131.2784346, 31.5390078], [131.2778639, 31.538953], [131.2774877, 31.5389552], [131.2744141, 31.5387166], [131.2736165, 31.5385742], [131.2721842, 31.5381144], [131.2718398, 31.5379542], [131.2716666, 31.5378155], [131.2711741, 31.5373528], [131.2709798, 31.537207], [131.2705808, 31.537029], [131.2691184, 31.5364901], [131.2688405, 31.5363241], [131.2686459, 31.536158], [131.2682943, 31.5358032], [131.2672852, 31.5343017], [131.2670085, 31.5338094], [131.266683, 31.5328247], [131.2664388, 31.5323242], [131.2655696, 31.5308041], [131.2653518, 31.5303874], [131.2651031, 31.5301507], [131.2647792, 31.529916], [131.2643066, 31.529716], [131.2624681, 31.5292776], [131.2605272, 31.5287455], [131.2602787, 31.5286845], [131.2601515, 31.528647], [131.2598881, 31.5285765], [131.2596822, 31.5285085], [131.2595043, 31.5284257], [131.2593156, 31.5283198], [131.2591557, 31.5282057], [131.2590098, 31.5280702], [131.258891, 31.5279062], [131.257863, 31.5263928], [131.2575684, 31.5259521], [131.2564003, 31.5245429], [131.2562239, 31.5242269], [131.2558106, 31.5232707], [131.2551758, 31.5220785], [131.2546549, 31.5215129], [131.253597, 31.5205973], [131.2532462, 31.5201279], [131.2530998, 31.5197736], [131.2530393, 31.518796], [131.2529896, 31.5185361], [131.2529127, 31.5183156], [131.2527637, 31.5180456], [131.2525765, 31.5177992], [131.2521862, 31.5173538], [131.2521437, 31.5173198], [131.2517531, 31.5167566], [131.2516419, 31.5164838], [131.2515865, 31.5162356], [131.2515939, 31.5160021], [131.2516245, 31.5157612], [131.2518645, 31.5150835], [131.2518901, 31.5147021], [131.2518595, 31.5143839], [131.2517665, 31.5140894], [131.2516734, 31.5138656], [131.251442, 31.5134251], [131.2511896, 31.5129592], [131.2509566, 31.5125323], [131.2508263, 31.5123459], [131.2506672, 31.512128], [131.2505178, 31.5119481], [131.2499085, 31.5111939], [131.2487181, 31.509821], [131.2486283, 31.5097249], [131.2479418, 31.5089014], [131.2478155, 31.508741], [131.2476949, 31.5085634], [131.2476091, 31.5084064], [131.2475522, 31.508239], [131.2475121, 31.5080721], [131.2475011, 31.5078914], [131.2475296, 31.507686], [131.2475712, 31.5074585], [131.2476805, 31.5071205], [131.2480087, 31.5063708], [131.2481307, 31.5060522], [131.2482417, 31.5057733], [131.2482999, 31.5056467], [131.2483577, 31.5055094], [131.2485995, 31.5048898], [131.249023, 31.5039029], [131.2493274, 31.5033292], [131.249756, 31.502718], [131.2498643, 31.5025327], [131.2500279, 31.5022572], [131.2501744, 31.5020457], [131.2502921, 31.5018061], [131.2503844, 31.5015834], [131.2504671, 31.5013076], [131.2505067, 31.501032], [131.2505067, 31.5007573], [131.2504857, 31.5004431], [131.2504293, 31.5000892], [131.250298, 31.4995048], [131.2496082, 31.4963217], [131.2491218, 31.4943349], [131.2489309, 31.4933607], [131.248853, 31.492872], [131.2485502, 31.4915727], [131.2482941, 31.4904701], [131.2480552, 31.4893457], [131.247907, 31.4887871], [131.2477878, 31.4885878], [131.2476578, 31.488334], [131.2472991, 31.4878729], [131.246964, 31.4874964], [131.246369, 31.4868206], [131.2459599, 31.4862163], [131.2455878, 31.4856767], [131.2442334, 31.4836639], [131.243962, 31.4832469], [131.2437564, 31.482931], [131.2436705, 31.482813], [131.2435301, 31.482598], [131.243088, 31.4819665], [131.2429185, 31.4817925], [131.2423159, 31.4812858], [131.2421843, 31.4811659], [131.2419149, 31.4809249], [131.2416989, 31.4806144], [131.2416289, 31.4804598], [131.2414956, 31.4801745], [131.241306, 31.4796601], [131.2409885, 31.4788602], [131.2407889, 31.4782813], [131.2404093, 31.4773374], [131.2402474, 31.4769699], [131.2401022, 31.4767497], [131.2399096, 31.476539], [131.239592, 31.4763149], [131.2394257, 31.4762493], [131.2392752, 31.476203], [131.2390108, 31.476154], [131.2387206, 31.4761332], [131.2383332, 31.4761449], [131.2380565, 31.4761656], [131.2377127, 31.4761941], [131.237321, 31.476207], [131.2370322, 31.4761838], [131.2367924, 31.4761418], [131.2365057, 31.4760654], [131.236227, 31.4759678], [131.2359164, 31.4757895], [131.2357675, 31.4756572], [131.2356012, 31.4754956], [131.2354577, 31.4753126], [131.2352328, 31.475031], [131.2351126, 31.4748683], [131.2349919, 31.4746911], [131.2348878, 31.4745273], [131.2347846, 31.4742083], [131.2347639, 31.474113], [131.2347159, 31.4738648], [131.2345953, 31.473242], [131.2342385, 31.4712492], [131.2341626, 31.4709152], [131.2340464, 31.4704034], [131.2339104, 31.4696272], [131.2338206, 31.4693337], [131.2336315, 31.4688097], [131.2336048, 31.4687359], [131.2333671, 31.4681262], [131.2331287, 31.4674095], [131.2329798, 31.4668012], [131.2327568, 31.4659139], [131.2327378, 31.4658371], [131.2327151, 31.465757], [131.2326292, 31.465474], [131.2325283, 31.4651466], [131.2324694, 31.4650213], [131.2323536, 31.4648941], [131.2315223, 31.4641677], [131.23114, 31.4638183], [131.2307593, 31.4635015], [131.2302485, 31.4631482], [131.2297108, 31.4627795], [131.2293928, 31.4626174], [131.2291351, 31.4625099], [131.2287175, 31.462338], [131.2285277, 31.4622479], [131.2283921, 31.4621793], [131.2278857, 31.4619073], [131.2274492, 31.4616688], [131.2273311, 31.4616043], [131.2272104, 31.4615401], [131.2268759, 31.4613624], [131.2268433, 31.4613446], [131.2264768, 31.4611441], [131.2264183, 31.4611121], [131.2262412, 31.4610158], [131.2256795, 31.4607135], [131.2254977, 31.4606139], [131.2250426, 31.4603807], [131.2243751, 31.4600278], [131.2242809, 31.4599818], [131.2238354, 31.4597644], [131.2232994, 31.4595426], [131.2229148, 31.459385], [131.2224838, 31.459161], [131.2221949, 31.4589686], [131.2214417, 31.4583882], [131.2211931, 31.4582249], [131.2205919, 31.4578065], [131.2200285, 31.4574265], [131.2195956, 31.4571229], [131.2191284, 31.4568183], [131.2185696, 31.4564123], [131.2181785, 31.4561526], [131.217551, 31.4557259], [131.2172175, 31.4555085], [131.2166216, 31.4550987], [131.2164987, 31.4550142], [131.2163516, 31.454913], [131.2162012, 31.4548096], [131.2152473, 31.4541628], [131.2152036, 31.4541323], [131.2149551, 31.4539589], [131.2145607, 31.4537046], [131.2145206, 31.4536782], [131.2143445, 31.4535622], [131.2142086, 31.4534727], [131.214057, 31.4533728], [131.2138627, 31.4532207], [131.2134986, 31.4529593], [131.213036, 31.4526573], [131.2122026, 31.4520847], [131.2120704, 31.4520223], [131.2119735, 31.4521169], [131.2113839, 31.4527356], [131.2106934, 31.4534878], [131.2104741, 31.4536886], [131.2103169, 31.4537872], [131.2100788, 31.4539503], [131.2092962, 31.4544597], [131.2085881, 31.454921], [131.208217, 31.4551532], [131.2077134, 31.4554504], [131.2073801, 31.4556424], [131.2070463, 31.4558214], [131.2067804, 31.4559152], [131.2065201, 31.4559921], [131.2059557, 31.4560644], [131.2051159, 31.4561328], [131.2040434, 31.456257], [131.2033806, 31.4563308], [131.2028396, 31.4564003], [131.2026132, 31.4564486], [131.2023786, 31.4564958], [131.2021403, 31.4565602], [131.2018744, 31.4566249], [131.2011499, 31.4568097], [131.200868, 31.4568752], [131.200191, 31.4570071], [131.199144, 31.4571265]], [[131.0517711, 31.4475987], [131.0528285, 31.4481323]], [[130.8739175, 31.4006549], [130.8740741, 31.4005595], [130.8744006, 31.4003606], [130.8747701, 31.4001089], [130.8752686, 31.3998224], [130.8755282, 31.3997164], [130.8758047, 31.3996212], [130.8761208, 31.3995156], [130.8763974, 31.3994401], [130.8766912, 31.3993935], [130.8772747, 31.3993568], [130.877869, 31.3993292], [130.8787247, 31.3993141], [130.8789294, 31.3993105], [130.8790572, 31.3993082], [130.8802512, 31.3992778], [130.8814223, 31.3992606], [130.8825934, 31.3992459], [130.8836732, 31.3992296], [130.8849797, 31.3992098], [130.886372, 31.3991728], [130.8866191, 31.3991468], [130.8866519, 31.3991434], [130.8868696, 31.3991205], [130.8873393, 31.3990641], [130.8877208, 31.398981], [130.8881612, 31.3988563], [130.8886293, 31.3986778], [130.8890761, 31.3984639], [130.8894366, 31.3982277], [130.8897957, 31.3979622], [130.8900973, 31.3977282], [130.8903023, 31.3975069], [130.8903853, 31.3974161]], [[131.01662, 31.431189], [131.017125, 31.43161]], [[131.0032524, 31.4236209], [131.0030503, 31.4231462], [131.0029283, 31.4228772], [131.0025957, 31.4221136], [131.0016889, 31.4200214], [131.0013862, 31.4193222], [131.0011647, 31.4189504], [131.000967, 31.4186785], [131.0007572, 31.418434], [131.0005527, 31.4182362], [131.0002485, 31.418052], [130.9987438, 31.4172959], [130.9987278, 31.4172879], [130.9985314, 31.4171778], [130.9983522, 31.4170774], [130.9980208, 31.4168735], [130.9963078, 31.4157595], [130.9957685, 31.4154087], [130.9951419, 31.415023], [130.9945356, 31.4146892], [130.9940005, 31.4143675], [130.992242, 31.413335], [130.992163, 31.413287], [130.991347, 31.4128326], [130.9904146, 31.4122593], [130.9894159, 31.411656], [130.988657, 31.41121], [130.9884221, 31.4110792], [130.987459, 31.410509], [130.9868606, 31.410164], [130.986217, 31.409783], [130.9850782, 31.4091009], [130.983256, 31.4079893], [130.9816402, 31.4070659], [130.9808132, 31.4065981], [130.9794916, 31.4058443], [130.9793532, 31.405768], [130.9778096, 31.4049017], [130.97676, 31.404317], [130.976317, 31.4040112], [130.9753323, 31.4032448], [130.9744509, 31.4026057], [130.9735388, 31.4019343], [130.9726886, 31.401268], [130.9717773, 31.4005739], [130.9709527, 31.3999255], [130.9700408, 31.3992573], [130.9691615, 31.3986107], [130.9684749, 31.3981464], [130.9681893, 31.3980048], [130.967669, 31.3978083], [130.9671879, 31.3977038], [130.9633387, 31.3970122], [130.9622818, 31.396853], [130.9613321, 31.3966599], [130.9601756, 31.3964482], [130.9587917, 31.3961875], [130.9587438, 31.3961787], [130.9578289, 31.3960103], [130.9572699, 31.3959291], [130.956964, 31.395904], [130.956714, 31.395887], [130.95634, 31.395904], [130.9562164, 31.3959203], [130.955998, 31.395949], [130.955657, 31.396011], [130.9548631, 31.3962253], [130.9544467, 31.3963171], [130.954117, 31.3963616], [130.9537622, 31.3963779], [130.953444, 31.3963619], [130.9530769, 31.3963095], [130.9505118, 31.3958176], [130.9500181, 31.3956933], [130.949584, 31.3955534], [130.9492932, 31.3954476], [130.9490155, 31.3953172], [130.9485129, 31.395074], [130.9474746, 31.3945556], [130.9472391, 31.3944217], [130.9469175, 31.3942454], [130.9465651, 31.3941134], [130.9461924, 31.3940188], [130.9458538, 31.3939938], [130.9454988, 31.3940016], [130.9451304, 31.3940546], [130.944762, 31.3941335], [130.9444015, 31.3942353], [130.9440345, 31.3943633], [130.9435203, 31.3945826], [130.943015, 31.394849], [130.9428112, 31.3949293], [130.9425682, 31.3950063], [130.9422896, 31.3950533], [130.9422698, 31.3950547], [130.9421035, 31.3950669], [130.9419457, 31.3950699], [130.9416936, 31.395071], [130.9414917, 31.3950653], [130.9414026, 31.3950547], [130.9411934, 31.3950273], [130.9409841, 31.3949733], [130.9407865, 31.3948871], [130.9406497, 31.3948125], [130.9404784, 31.3946883], [130.9402489, 31.3945105], [130.9400368, 31.3943509], [130.9398314, 31.3942479], [130.9396141, 31.3941693], [130.9393379, 31.39413], [130.9367972, 31.3941089], [130.936298, 31.3940989], [130.9340329, 31.3940542], [130.9330704, 31.3940477], [130.931713, 31.394037], [130.930123, 31.39397], [130.9300205, 31.3939675], [130.926833, 31.393901], [130.925611, 31.393863], [130.924495, 31.393818], [130.92312, 31.393743], [130.922233, 31.393688], [130.921448, 31.393637], [130.920742, 31.39362], [130.91993, 31.393601], [130.919423, 31.393589], [130.9187532, 31.3935717], [130.917566, 31.393541], [130.917283, 31.393541], [130.916319, 31.393518], [130.915859, 31.393518], [130.915275, 31.393535], [130.915216, 31.393541], [130.914381, 31.393575], [130.91402, 31.3935909], [130.912976, 31.393637], [130.9123117, 31.393667], [130.9120276, 31.3936526], [130.9117761, 31.3935948], [130.9117439, 31.3935828], [130.911594, 31.393527], [130.911402, 31.393429], [130.911301, 31.393366], [130.911229, 31.393304], [130.9105, 31.39247], [130.909804, 31.391664], [130.909304, 31.391066], [130.909146, 31.390903], [130.908897, 31.390723], [130.9085688, 31.3905473], [130.908342, 31.390486], [130.908165, 31.390457], [130.907912, 31.390418], [130.907672, 31.390411], [130.9073584, 31.390405], [130.905293, 31.390344], [130.904267, 31.3903196], [130.903848, 31.390283], [130.903592, 31.390209], [130.903414, 31.39013], [130.9020709, 31.389411], [130.9018904, 31.3893495], [130.9017189, 31.3893152], [130.901527, 31.3893247], [130.9012556, 31.389369], [130.9008426, 31.3895314], [130.900347, 31.389747], [130.900097, 31.389798], [130.899809, 31.389826], [130.899682, 31.389824], [130.899441, 31.38982], [130.899217, 31.389781], [130.8990916, 31.389751], [130.898719, 31.389662], [130.8980293, 31.3894702], [130.8967543, 31.389082], [130.896102, 31.3888801]], [[131.017125, 31.43161], [131.0185214, 31.432799], [131.0190577, 31.4332507], [131.0193696, 31.4335042], [131.0195891, 31.4336826], [131.0200358, 31.4340261], [131.0200931, 31.4340701], [131.0205219, 31.4343436], [131.0207958, 31.4345183], [131.0211013, 31.4346663], [131.0214321, 31.4348173], [131.0217966, 31.4349818], [131.0219959, 31.4350617], [131.0233354, 31.4356732], [131.0241179, 31.4360481], [131.0245546, 31.4362382], [131.0250789, 31.4364845], [131.0260354, 31.436923], [131.0267444, 31.4372561], [131.0275435, 31.4376605], [131.0283662, 31.4380536], [131.0286589, 31.4382019], [131.0296548, 31.4387125], [131.0304728, 31.4391105], [131.0311073, 31.439416], [131.0319398, 31.4398487], [131.0328268, 31.4402246], [131.0328825, 31.4402598], [131.0336126, 31.4406115], [131.0340344, 31.4408206], [131.0343917, 31.4410238], [131.0348982, 31.441325], [131.0354021, 31.4416429], [131.0357476, 31.4418201], [131.036451, 31.4421417], [131.0370898, 31.4424126], [131.0374254, 31.4425781], [131.03793, 31.4427933], [131.0386251, 31.4430413], [131.0390698, 31.4431837], [131.0399611, 31.4434807], [131.0405867, 31.4437101], [131.0411158, 31.4439384], [131.0412674, 31.4440134], [131.041703, 31.4441937], [131.0420928, 31.4443629], [131.0424969, 31.4445261], [131.0427655, 31.4446159], [131.0431751, 31.4447226], [131.0434574, 31.4447844], [131.0438246, 31.4448756], [131.0439584, 31.4449126], [131.044522, 31.4450676], [131.0448932, 31.4451545], [131.0451857, 31.4451709], [131.0455245, 31.4451795], [131.0458084, 31.4451481], [131.0462699, 31.4451045], [131.0466718, 31.4450438], [131.0471243, 31.4449934], [131.0476513, 31.4449813], [131.0477592, 31.444986]], [[130.8371842, 31.4015892], [130.8366071, 31.4012499], [130.8356519, 31.4006675], [130.8346622, 31.4000582], [130.8337432, 31.3995003], [130.8328692, 31.3989564], [130.8313897, 31.3980162], [130.8309088, 31.3977106], [130.8302155, 31.3972164], [130.8296355, 31.396787], [130.8287989, 31.3961243], [130.8270858, 31.3946961], [130.8259547, 31.393849], [130.8256909, 31.393642], [130.8251562, 31.3932704], [130.824278, 31.3926813], [130.8234378, 31.3921009], [130.8226928, 31.3915618], [130.8218134, 31.3909725], [130.8209055, 31.390358], [130.8201045, 31.3898397], [130.81957, 31.3894639], [130.8193826, 31.3893697], [130.8194791, 31.3895117], [130.8197549, 31.3897045], [130.820784, 31.3903957], [130.8215564, 31.390917], [130.8219967, 31.3912255], [130.8233534, 31.3921537], [130.8242072, 31.3927553], [130.8250816, 31.393345], [130.8256046, 31.3937107], [130.8258987, 31.3939137], [130.826888, 31.3946531]], [[130.742227, 31.439262], [130.7421256, 31.4393378], [130.7420963, 31.4393614], [130.7413889, 31.4399406], [130.7409307, 31.4403547], [130.7407866, 31.4404924], [130.7406585, 31.4406143], [130.7403074, 31.4409392], [130.7400108, 31.4413166], [130.739454, 31.441982], [130.7392743, 31.4422515], [130.7389618, 31.4425998], [130.738913, 31.4426417], [130.738677, 31.4428443], [130.7386561, 31.4428619], [130.7384144, 31.4430479], [130.7383566, 31.4430935], [130.7378513, 31.4434959], [130.7377415, 31.4436129], [130.737601, 31.443786], [130.7372313, 31.444385], [130.7370982, 31.4446709], [130.7364416, 31.4460812], [130.7361781, 31.4466472], [130.735911, 31.447221], [130.73578, 31.447428], [130.735522, 31.447721], [130.735067, 31.44821], [130.7348727, 31.4484119], [130.734708, 31.448584], [130.734537, 31.448769], [130.7338868, 31.449425], [130.7334974, 31.449779], [130.732986, 31.450201], [130.732749, 31.450388], [130.7324206, 31.4506138], [130.7321157, 31.4508219], [130.7318563, 31.4509679], [130.7313802, 31.4512704], [130.731052, 31.4514327], [130.7305327, 31.4517048], [130.7301553, 31.4518998], [130.7296007, 31.4522157], [130.729023, 31.4524579], [130.728706, 31.45258], [130.728219, 31.452783], [130.727661, 31.45302], [130.727358, 31.453143], [130.726668, 31.45342], [130.7262997, 31.4536159], [130.7261021, 31.4537749], [130.7259154, 31.453938], [130.7257877, 31.4540398], [130.725612, 31.4542499], [130.7254967, 31.4543379], [130.725366, 31.454417], [130.725156, 31.454547], [130.724992, 31.45462], [130.7244649, 31.4548653], [130.7241146, 31.4549733], [130.7233128, 31.4552361], [130.7226607, 31.4554709], [130.7219705, 31.4557099], [130.7217552, 31.4557921], [130.7205241, 31.4561373], [130.7195999, 31.4564086], [130.7189645, 31.456585], [130.7188789, 31.4566088], [130.7184143, 31.4567378], [130.7180553, 31.4568389], [130.7178774, 31.4568822], [130.7169771, 31.4571016], [130.7169056, 31.4571169], [130.7164927, 31.4572052], [130.7162244, 31.4572552], [130.7158632, 31.4573234], [130.7154325, 31.4574074], [130.714986, 31.4574699], [130.7146383, 31.4575194], [130.7143504, 31.4575561], [130.7140694, 31.457592], [130.7139552, 31.4576066], [130.7137281, 31.4576416], [130.7132713, 31.4577064], [130.7126955, 31.4577838], [130.712333, 31.457851], [130.7121181, 31.4578838], [130.711743, 31.4579382], [130.7112206, 31.4580044], [130.7104002, 31.4581314], [130.709851, 31.4582125], [130.7093018, 31.4582936], [130.7087725, 31.4583594], [130.7081672, 31.4584506], [130.7076133, 31.4585136], [130.7070027, 31.4586447], [130.706801, 31.4586796], [130.7064644, 31.4587794], [130.7062066, 31.4588828], [130.705974, 31.458995], [130.705711, 31.459181], [130.7055087, 31.4593346], [130.705066, 31.459671], [130.704915, 31.459779], [130.7048156, 31.4598583], [130.704696, 31.4599538], [130.704534, 31.460083], [130.704256, 31.4602973], [130.7038103, 31.4606407], [130.703587, 31.460841], [130.7034371, 31.4609883], [130.7032335, 31.461164], [130.7029469, 31.4614807], [130.702687, 31.4618073], [130.7024813, 31.4621244], [130.7023564, 31.4623169], [130.7020799, 31.4628012], [130.7019045, 31.4631485], [130.701864, 31.4632286], [130.701798, 31.4633473], [130.7016683, 31.4635804], [130.7015903, 31.4637205], [130.7012903, 31.4642542], [130.7009485, 31.4648819], [130.7005769, 31.4655433], [130.7005182, 31.4656537]], [[130.6957955, 31.4831276], [130.6958326, 31.4833358], [130.695924, 31.4836545], [130.696027, 31.483927], [130.6960701, 31.4840064], [130.696132, 31.484091], [130.6962776, 31.4843057], [130.696461, 31.484576], [130.6969565, 31.4853903], [130.6969699, 31.4854125], [130.6975235, 31.4862837], [130.6975647, 31.4863404], [130.6978636, 31.486734], [130.6979066, 31.4867907], [130.698225, 31.4871828], [130.698654, 31.4876529], [130.698801, 31.48781], [130.69886, 31.487878], [130.6990897, 31.4881321], [130.6992197, 31.4882711], [130.699491, 31.488527], [130.699618, 31.4886607], [130.6996844, 31.4887188], [130.699806, 31.488825], [130.699984, 31.489], [130.7000857, 31.4891695], [130.7003899, 31.489724], [130.7005836, 31.4901685], [130.7010359, 31.4911199], [130.701506, 31.492117], [130.7015563, 31.4922236], [130.7016099, 31.4923418], [130.7017385, 31.4926257], [130.7017871, 31.4927928], [130.7018392, 31.4930035], [130.7018548, 31.4930829], [130.7018703, 31.4931784], [130.7019241, 31.4935092], [130.7020184, 31.494083], [130.702024, 31.4941496], [130.7020356, 31.4943742], [130.7020265, 31.4944883], [130.702008, 31.494592], [130.701962, 31.494685], [130.7017253, 31.4950803], [130.701482, 31.495505], [130.700963, 31.496374], [130.7009124, 31.4964545], [130.700772, 31.496678], [130.7007228, 31.4967525], [130.7006438, 31.4969186], [130.70061, 31.4970278], [130.7005808, 31.4972225], [130.7005591, 31.4974862], [130.70054, 31.4977193], [130.7005385, 31.4977377], [130.7005081, 31.4979873], [130.7004862, 31.4981633], [130.7004377, 31.4989311], [130.700443, 31.499001], [130.7004707, 31.499345], [130.700529, 31.499638], [130.700635, 31.500189], [130.7006434, 31.500261], [130.7006741, 31.500522], [130.7007347, 31.5010386], [130.7007812, 31.5020418], [130.7007658, 31.5022054], [130.7007291, 31.5023916], [130.700673, 31.502535], [130.7005123, 31.5028466], [130.7002891, 31.5032571], [130.7001436, 31.5035305], [130.6996958, 31.5043268], [130.6993756, 31.5048953], [130.699148, 31.5052754], [130.6989184, 31.5055694], [130.698785, 31.505726], [130.6985031, 31.5059955], [130.6983097, 31.506136], [130.697891, 31.50653], [130.697707, 31.506677], [130.6970325, 31.5071647], [130.6964458, 31.5077088], [130.6961194, 31.5080053], [130.6959075, 31.5083259], [130.6957741, 31.5086776], [130.6956806, 31.5089692], [130.6956439, 31.5092819], [130.6956751, 31.5096345], [130.6956905, 31.5097515], [130.6957081, 31.5098859], [130.6958012, 31.5102071], [130.695887, 31.5105374], [130.6960228, 31.5107819], [130.6960803, 31.5108634], [130.6961323, 31.5109273], [130.6962436, 31.5110325], [130.6965202, 31.5112205], [130.6966281, 31.5112911], [130.696759, 31.5113767], [130.6970252, 31.5115374], [130.69724, 31.5117], [130.697351, 31.51183], [130.6973652, 31.5118536], [130.697503, 31.512083], [130.697562, 31.512236], [130.6976161, 31.5124139], [130.6976815, 31.5126293], [130.6977031, 31.5127003], [130.697781, 31.5129567], [130.6978374, 31.5132077], [130.6978845, 31.5134171], [130.6979582, 31.5137416], [130.698009, 31.514027], [130.698049, 31.514213], [130.698101, 31.51436], [130.698174, 31.514518], [130.698285, 31.514755], [130.69835, 31.51485], [130.698527, 31.5151729], [130.6986212, 31.5153876], [130.6986911, 31.5155451], [130.6987565, 31.5157456], [130.6988153, 31.5160273], [130.6988361, 31.5161268], [130.698892, 31.516347], [130.698931, 31.5165134], [130.6989589, 31.5166382], [130.698978, 31.5167501], [130.6990006, 31.5169067], [130.6990099, 31.5170078], [130.699021, 31.517128], [130.699007, 31.51732], [130.698995, 31.517455], [130.6988376, 31.5179906], [130.6988086, 31.5182466], [130.6988087, 31.5185111], [130.698826, 31.5187372], [130.698836, 31.5188684], [130.6988401, 31.518922], [130.6988662, 31.5192093], [130.6988794, 31.5193462], [130.6989162, 31.5195577], [130.6989518, 31.5197235], [130.6989947, 31.519871], [130.6990504, 31.520007], [130.6991622, 31.5202636], [130.6992538, 31.5204915], [130.6993454, 31.5207644], [130.6993883, 31.520925], [130.6993942, 31.5209607], [130.6994012, 31.521003], [130.6994189, 31.5212404], [130.6994178, 31.5214888], [130.6993855, 31.5217609], [130.6993273, 31.522252], [130.6993205, 31.5223119], [130.6992664, 31.5227542], [130.6992106, 31.5231597], [130.699195, 31.523311], [130.6991667, 31.5235542], [130.6991553, 31.5239016], [130.6991553, 31.5241403], [130.6991751, 31.5244415], [130.6991912, 31.5245427], [130.699218, 31.5246959], [130.6992508, 31.5248753], [130.6993022, 31.5250996], [130.6993225, 31.5251696], [130.6995348, 31.5258563], [130.6996938, 31.5263494], [130.6998618, 31.5268703], [130.6998802, 31.526927], [130.7000517, 31.527453], [130.700113, 31.5276398], [130.7002453, 31.5279739], [130.7003425, 31.5281316], [130.7004518, 31.5282631], [130.7005557, 31.528362], [130.7006717, 31.5284509], [130.7008327, 31.5285569], [130.7010815, 31.5286706], [130.7012665, 31.5287209], [130.7014784, 31.5287586], [130.7016896, 31.5287724], [130.7021369, 31.5287706], [130.7024112, 31.5287655], [130.7025433, 31.5287666], [130.7026955, 31.5287632], [130.7028745, 31.5287701], [130.7030234, 31.5287758], [130.7031709, 31.5287906], [130.7033801, 31.5288169], [130.703702, 31.5288832], [130.7039165, 31.5289438], [130.7040983, 31.5290061], [130.7043269, 31.5290924], [130.7048406, 31.5293222], [130.7054592, 31.5295994], [130.7057346, 31.5297215], [130.7058163, 31.5297578], [130.7063654, 31.5300012], [130.7068502, 31.530215], [130.7076247, 31.5305653], [130.7078393, 31.5306756], [130.7080713, 31.5308151], [130.7082081, 31.530906], [130.7083677, 31.531026], [130.7087016, 31.5313318], [130.7088558, 31.5315032], [130.7089832, 31.531665], [130.7090919, 31.5318302], [130.7091919, 31.531996], [130.7092562, 31.5321148], [130.7093165, 31.5322508], [130.7094023, 31.5324709], [130.7094459, 31.532636], [130.709488, 31.532808], [130.7095366, 31.5331512], [130.709541, 31.5333758], [130.7095237, 31.5336667], [130.7095077, 31.5338994], [130.7094968, 31.5341341], [130.7094606, 31.5344436], [130.709432, 31.534777], [130.709411, 31.534924], [130.709364, 31.535302], [130.7093426, 31.5354687], [130.7092534, 31.5361634], [130.709246, 31.536221], [130.709152, 31.536821], [130.709147, 31.536858], [130.7089409, 31.5374473], [130.708877, 31.53763], [130.708736, 31.538005], [130.7085473, 31.5384325], [130.7083266, 31.5389498], [130.7082678, 31.5390897], [130.708124, 31.5395234], [130.708061, 31.539722], [130.7079558, 31.5399768], [130.7076311, 31.5407994], [130.7074628, 31.5412592], [130.7073976, 31.5414155], [130.7072507, 31.5416459], [130.7071653, 31.5419463], [130.7069117, 31.5425722], [130.7067507, 31.5429831], [130.70666, 31.5432397], [130.706232, 31.5442902], [130.706124, 31.5445176], [130.7059731, 31.5447868], [130.7059363, 31.5448502], [130.7057978, 31.5450816], [130.7057497, 31.545162], [130.7056923, 31.5452844], [130.705638, 31.5454649], [130.7056009, 31.5456079], [130.7055902, 31.545828], [130.7056023, 31.5461394], [130.7056097, 31.5464423], [130.7055963, 31.5466383], [130.7055661, 31.5467806], [130.7055259, 31.546896], [130.7054447, 31.5470852], [130.7053254, 31.5472989], [130.7051644, 31.5475383], [130.7049314, 31.5478106], [130.7048091, 31.5479475], [130.7046721, 31.5480853], [130.7045194, 31.5482304], [130.7044315, 31.5483075], [130.7043249, 31.5483926]], [[130.6957955, 31.4831276], [130.6957707, 31.482993], [130.6957416, 31.4827669], [130.6957292, 31.4826654], [130.6957325, 31.4824862], [130.695764, 31.48223], [130.6959399, 31.4816118], [130.695978, 31.4814852], [130.6960281, 31.4813172], [130.6962535, 31.4806346], [130.6963476, 31.4802703], [130.6963935, 31.4800599], [130.6965151, 31.4795571], [130.6965611, 31.4792311], [130.6966082, 31.4786372], [130.6966674, 31.4780203], [130.696697, 31.477456], [130.6966803, 31.4771494], [130.6966602, 31.4768705], [130.6966202, 31.4764583], [130.696618, 31.476204], [130.696632, 31.475702], [130.6966916, 31.4751138], [130.6967619, 31.474635], [130.696835, 31.474129], [130.696894, 31.473753], [130.696972, 31.473285], [130.697046, 31.47276], [130.697184, 31.471983], [130.69725, 31.471734], [130.697322, 31.471447], [130.697375, 31.471306], [130.6974381, 31.4711871], [130.697585, 31.470934], [130.6982721, 31.4698483], [130.6984744, 31.4695122], [130.6988639, 31.4688126], [130.6990264, 31.4685004], [130.6991923, 31.4681794], [130.6995755, 31.4674319], [130.6998591, 31.4668904], [130.6999863, 31.4666393], [130.7005126, 31.4656636], [130.7005182, 31.4656537]], [[130.6992173, 31.5549212], [130.6991134, 31.5550497], [130.6990101, 31.5551931], [130.6989008, 31.5553651], [130.6988049, 31.5556114], [130.6987218, 31.5559371], [130.6986749, 31.5561663], [130.6994877, 31.5563404], [130.7000243, 31.5564794], [130.7006336, 31.556661], [130.7010389, 31.5567571], [130.7014564, 31.556801], [130.7023917, 31.556813], [130.7027264, 31.5568407], [130.7030616, 31.5568976], [130.7033544, 31.5569753], [130.7035819, 31.5570513], [130.7038361, 31.5571724], [130.7039514, 31.5572302], [130.7041258, 31.5573302], [130.7043189, 31.5574582], [130.7045247, 31.5576147], [130.704748, 31.5578216], [130.7051336, 31.5581884], [130.7053918, 31.5583907], [130.7055473, 31.5584821], [130.7057451, 31.5585832], [130.7058806, 31.5586432], [130.7061367, 31.5587392], [130.7088988, 31.559604], [130.7094892, 31.559746], [130.709973, 31.5598265], [130.7104774, 31.5598707], [130.7119699, 31.5599592], [130.7125342, 31.5599843], [130.7137418, 31.5600511], [130.7144281, 31.5600831], [130.7146186, 31.5600819], [130.7147936, 31.5600654], [130.7150159, 31.5600311], [130.715265, 31.5599653], [130.7154906, 31.5598773], [130.7157647, 31.559734], [130.7159194, 31.5596243], [130.7160767, 31.5595054], [130.7172941, 31.5585054], [130.7177011, 31.5581667], [130.7179023, 31.5580198], [130.7180391, 31.5579324], [130.7181581, 31.5578673], [130.7183864, 31.5577701], [130.7185782, 31.5577153], [130.7187954, 31.5576736], [130.7190114, 31.5576467], [130.719244, 31.5576399], [130.7194076, 31.5576461], [130.7195699, 31.5576633], [130.7201533, 31.5577793], [130.7204939, 31.5578404], [130.7207722, 31.5578764], [130.7210445, 31.5578884], [130.7213107, 31.557885], [130.7214937, 31.5578656], [130.7219524, 31.5577987], [130.7227021, 31.5576576], [130.7233606, 31.5575239], [130.7235691, 31.5574702], [130.7237978, 31.5574033], [130.7242604, 31.5572502], [130.7246628, 31.5571233], [130.724823, 31.557085], [130.724939, 31.5570633], [130.7251415, 31.5570382], [130.7254694, 31.5570256], [130.7256733, 31.5570359], [130.7258289, 31.5570519], [130.7261863, 31.5571148], [130.7266483, 31.5572096], [130.7268548, 31.5572553], [130.7270734, 31.5572947], [130.7272685, 31.5573296], [130.7275435, 31.557349], [130.7278807, 31.5573536], [130.7281195, 31.5573433], [130.7283599, 31.5573088], [130.728471, 31.5572926], [130.7287907, 31.5572279], [130.7289923, 31.5571838], [130.7293748, 31.55713], [130.7295676, 31.5571149], [130.729891, 31.55711], [130.730023, 31.557112], [130.730187, 31.557112], [130.7303088, 31.5571119], [130.7305737, 31.5571079], [130.730966, 31.557061], [130.7311081, 31.557045], [130.7313053, 31.5570313], [130.7315115, 31.5570385], [130.7316144, 31.5570485], [130.731772, 31.5570885], [130.7319408, 31.5571464], [130.7321566, 31.5572303], [130.7324414, 31.5573563], [130.7327788, 31.5575049], [130.7336844, 31.557897], [130.7339527, 31.5580146], [130.7343048, 31.5581498], [130.7347197, 31.5582675], [130.7353936, 31.5584156], [130.7357493, 31.5584838], [130.735985, 31.5585198], [130.7362072, 31.558544], [130.7363845, 31.5585566], [130.736555, 31.5585609], [130.7369761, 31.5585501], [130.7372276, 31.5585266], [130.7374113, 31.5585026], [130.7376835, 31.5584689], [130.738102, 31.5584261], [130.7384728, 31.5583804], [130.7387283, 31.5583558], [130.7390488, 31.5583598], [130.7397871, 31.5584564], [130.7399936, 31.5584747], [130.7402068, 31.5584769], [130.7406212, 31.5584484], [130.7409713, 31.5584278], [130.7414467, 31.5584289], [130.7420368, 31.5584541], [130.7426517, 31.5584741], [130.7433336, 31.5584649], [130.7435737, 31.5584592], [130.7441854, 31.5584528], [130.7445581, 31.5584469], [130.7452249, 31.5584489], [130.7456832, 31.5584489], [130.7464222, 31.5584369], [130.746907, 31.5584227], [130.7472047, 31.5584147], [130.7475863, 31.5583901], [130.747823, 31.5583575], [130.7480154, 31.5583204], [130.7482968, 31.5582424], [130.7488415, 31.5580661], [130.7490836, 31.5580101], [130.7493491, 31.5579718], [130.752726, 31.5578781], [130.7528897, 31.5578873], [130.7530989, 31.5579153], [130.7532732, 31.5579518], [130.7550251, 31.5585278], [130.7558381, 31.5587581], [130.7565026, 31.5589415], [130.7567608, 31.5590255], [130.7571289, 31.5591597], [130.7579155, 31.5594477], [130.758244, 31.55955], [130.7584868, 31.5595968], [130.7586785, 31.5596203], [130.7589488, 31.5596431], [130.7597467, 31.5597151], [130.7600284, 31.5597368], [130.7602067, 31.559786], [130.7603878, 31.5598717], [130.760767, 31.560087], [130.760872, 31.560144], [130.760965, 31.560195], [130.761285, 31.5603608], [130.7615049, 31.5604568], [130.7617879, 31.5605573], [130.762103, 31.5606293], [130.7623284, 31.5606819], [130.7625604, 31.5607367], [130.7627133, 31.5607796], [130.7629151, 31.560859], [130.7631035, 31.5609744], [130.763239, 31.5610687], [130.7633952, 31.5612241], [130.763585, 31.5614332], [130.7637432, 31.5616081], [130.7638954, 31.5617583], [130.764, 31.5618497], [130.7641422, 31.5619509], [130.7643896, 31.5620983], [130.764617, 31.562212], [130.7656872, 31.5627393], [130.7658796, 31.5628308], [130.7663094, 31.5630456], [130.7665099, 31.5631542], [130.7667366, 31.5633061], [130.7669163, 31.5634621], [130.767047, 31.5636107], [130.7671624, 31.5637598], [130.767326, 31.5640215], [130.7676572, 31.5645597], [130.7679597, 31.565055], [130.7680743, 31.5652704], [130.7682037, 31.5656486], [130.7682379, 31.565868], [130.7682808, 31.5661714], [130.768311, 31.5664799], [130.7683539, 31.5667862], [130.7684143, 31.5671358], [130.7684673, 31.5672684], [130.7685611, 31.5674106], [130.7686329, 31.5674941], [130.7687221, 31.5675752], [130.7688944, 31.5676814], [130.7689977, 31.5677289], [130.769168, 31.5677969], [130.7694389, 31.567882], [130.7698379, 31.5680094], [130.7702181, 31.5681476], [130.7704876, 31.5682648], [130.7707217, 31.568379], [130.7709792, 31.5685161], [130.7711629, 31.5686253], [130.7713815, 31.5687652], [130.7715739, 31.5689024], [130.771968, 31.569262], [130.772094, 31.569408], [130.7722653, 31.5696679], [130.7723605, 31.5698045], [130.7724624, 31.5699279], [130.7725851, 31.5700513], [130.7727387, 31.5701655], [130.7728574, 31.5702409], [130.7729626, 31.5703004], [130.7730572, 31.5703364], [130.7732617, 31.5704032], [130.773597, 31.570475], [130.7737888, 31.570526], [130.7739758, 31.5705906], [130.7741763, 31.5706883], [130.7743675, 31.5708008], [130.7749897, 31.5711876], [130.7750152, 31.5712019], [130.7751205, 31.5712682], [130.7755288, 31.5715207], [130.7758494, 31.5716978], [130.7761203, 31.5718337], [130.7765622, 31.5720383], [130.7767191, 31.5721188], [130.7769269, 31.5722314], [130.7770778, 31.5723291], [130.777216, 31.5724279], [130.7774755, 31.5726438], [130.7777313, 31.5729074], [130.7778838, 31.5730917], [130.7779884, 31.573238], [130.7783411, 31.5736876], [130.778612, 31.5740475], [130.7788206, 31.5743303], [130.7788816, 31.5744577], [130.7789218, 31.5745611], [130.778956, 31.5747365], [130.7789782, 31.5749633], [130.779001, 31.5751609], [130.7790204, 31.5752529], [130.7790613, 31.5754014], [130.7790982, 31.5755031], [130.77918, 31.5756819], [130.7792618, 31.5758253], [130.77986, 31.576706], [130.780106, 31.5770084], [130.7802428, 31.5771518], [130.7804245, 31.5773084], [130.7806237, 31.577458], [130.7808611, 31.5776066], [130.7810817, 31.5777225], [130.7813855, 31.5778653], [130.7819749, 31.5781481], [130.7821663, 31.5782969], [130.7822394, 31.5783698], [130.7823085, 31.578442], [130.7823725, 31.5785243], [130.7824282, 31.5785966], [130.7824674, 31.5786574], [130.7825026, 31.5787234], [130.7825891, 31.5789313], [130.7828875, 31.5799139], [130.7830907, 31.5805862], [130.783151, 31.5807547], [130.7832288, 31.5809113], [130.7833327, 31.5810901], [130.7835446, 31.5814608], [130.7835718, 31.5815045], [130.7837364, 31.5817796], [130.7839765, 31.5821731], [130.7842333, 31.5826084], [130.7843164, 31.5827312], [130.7844284, 31.5828712], [130.7845632, 31.5830248], [130.7846517, 31.5831117], [130.784869, 31.5832922], [130.7851211, 31.5834787], [130.7852565, 31.5835858], [130.7857575, 31.5839702], [130.7859861, 31.5841376], [130.7861833, 31.5843038], [130.7863851, 31.5845038], [130.7865742, 31.5847037], [130.7868384, 31.5849984], [130.7871448, 31.585324], [130.7873319, 31.5855268], [130.7874439, 31.5856753], [130.787521, 31.5858193], [130.7875505, 31.5859158], [130.787576, 31.5860495], [130.787574, 31.5862003], [130.7875545, 31.5863505], [130.7874868, 31.5866749], [130.787458, 31.5868235], [130.7874533, 31.5869874], [130.7874674, 31.5871382], [130.7875002, 31.5872924], [130.7876779, 31.5881304], [130.7877711, 31.5885668], [130.7878536, 31.5889586], [130.7879086, 31.5892196], [130.7879334, 31.5893887], [130.7879481, 31.5895646], [130.7879481, 31.5897451], [130.7879267, 31.5900462], [130.7878992, 31.5902809], [130.7878241, 31.5910503], [130.7878228, 31.5912202], [130.7878301, 31.591345], [130.7878456, 31.5914433], [130.7878684, 31.5915375], [130.787916, 31.5917009], [130.7879616, 31.5918334], [130.7880637, 31.5921094], [130.7880762, 31.5921344], [130.7881446, 31.5923337], [130.78816, 31.5923783], [130.7883317, 31.5928506], [130.7885537, 31.5934652], [130.7886314, 31.593676], [130.7886502, 31.5937314], [130.7887226, 31.5940016], [130.7887588, 31.5942254], [130.7887682, 31.5944356], [130.7887588, 31.5946607], [130.788732, 31.5948029], [130.7886784, 31.5949234], [130.7886147, 31.5950331], [130.7885288, 31.5951467], [130.7884477, 31.5952136], [130.7883847, 31.595265], [130.7881178, 31.5954671], [130.7880407, 31.5955328], [130.7879777, 31.5956054], [130.7879253, 31.595687], [130.7878938, 31.5957756], [130.7878791, 31.5958458], [130.7878777, 31.5959218], [130.7878885, 31.5961423], [130.7879233, 31.5965672], [130.7879354, 31.5968311], [130.7879139, 31.5971389], [130.7878456, 31.5977003], [130.7878274, 31.5978346], [130.7878268, 31.598003], [130.7878429, 31.598107], [130.7878677, 31.5982041], [130.7879119, 31.5983195], [130.7879723, 31.5984285], [130.7881473, 31.598729], [130.7882036, 31.5988637], [130.7882298, 31.5990208], [130.7882291, 31.5991944], [130.788211, 31.5993041], [130.7881379, 31.5995], [130.7879146, 31.5999677], [130.7878925, 31.6000037], [130.7877932, 31.6002156], [130.7876833, 31.6004212], [130.7875773, 31.6005926], [130.7874808, 31.6006976], [130.7873956, 31.6007639], [130.7872944, 31.6008324], [130.7871737, 31.600893], [130.786778, 31.6010329], [130.7866506, 31.6010894], [130.7865286, 31.6011591], [130.7864092, 31.6012413], [130.7862711, 31.6013687], [130.786206, 31.601436], [130.7861558, 31.6014921], [130.786121, 31.601543], [130.7860807, 31.6016526], [130.7860599, 31.6017879], [130.7860458, 31.601921], [130.7860485, 31.6020712], [130.7860713, 31.6021831], [130.7861276, 31.6023556], [130.7862027, 31.6025424], [130.7862892, 31.6027137], [130.7864448, 31.6029427], [130.7866386, 31.6031614], [130.7868659, 31.6033967], [130.787173, 31.603692], [130.7873044, 31.6038085], [130.787424, 31.603894], [130.7875465, 31.6039764], [130.7876846, 31.6040535], [130.7878449, 31.6041237], [130.7880112, 31.6041837], [130.788376, 31.6042888], [130.7886435, 31.6043687], [130.7889426, 31.6044584], [130.7892249, 31.6045395], [130.7894099, 31.6045995], [130.78954, 31.6046572], [130.7896755, 31.6047605], [130.7898565, 31.6049193], [130.790664, 31.605671], [130.7915255, 31.6064584], [130.7925501, 31.6074081], [130.7928392, 31.6076988], [130.7930752, 31.6079746], [130.7935734, 31.6085725], [130.7941125, 31.609231], [130.7945712, 31.6097803], [130.794594, 31.6098117], [130.7950698, 31.6105065], [130.7960612, 31.6117071], [130.7960786, 31.6117317], [130.7962067, 31.6119384], [130.7962543, 31.6121051], [130.7962891, 31.6122702], [130.7963039, 31.612462], [130.79632, 31.6135082], [130.7963119, 31.6137994], [130.7962657, 31.6142032], [130.796216, 31.61461], [130.796141, 31.6152327], [130.7960987, 31.6156039], [130.7960866, 31.6157666], [130.7960947, 31.6159385], [130.7961168, 31.6161344], [130.7962127, 31.616682], [130.7962321, 31.6168316], [130.7962429, 31.6169761], [130.7962476, 31.6171108], [130.7962409, 31.6172313], [130.7962194, 31.6173986], [130.7961718, 31.6177926], [130.7961731, 31.6180142], [130.7962278, 31.618447], [130.7963213, 31.6191168], [130.7963575, 31.6193247], [130.7964018, 31.6195348], [130.7964581, 31.6197895], [130.7965828, 31.6202531], [130.7966881, 31.6206448], [130.7968068, 31.6210685], [130.7969733, 31.6215842], [130.7974854, 31.6232063], [130.7975699, 31.6234324], [130.7976175, 31.6235415], [130.7976792, 31.6236791], [130.7977932, 31.6239223], [130.7981332, 31.6246749], [130.7982787, 31.6249775], [130.7984101, 31.6252207], [130.7985328, 31.6254029], [130.7986347, 31.6255165], [130.7989747, 31.6258671], [130.7991377, 31.6260412], [130.7992242, 31.6261468], [130.7993998, 31.6264666], [130.799503, 31.626689], [130.8001864, 31.6281029], [130.8003674, 31.6284889], [130.8004493, 31.6286733], [130.8004902, 31.6288343], [130.8005264, 31.6290444], [130.8005398, 31.62927], [130.8005451, 31.6296228], [130.8005746, 31.6299614], [130.800637, 31.6302743], [130.8007148, 31.6305266], [130.8008254, 31.6308087], [130.8011688, 31.6316268], [130.8012749, 31.6318502], [130.8013692, 31.6320071], [130.8014671, 31.6321538], [130.8015912, 31.6323154], [130.8018051, 31.6325346], [130.8020177, 31.6326933], [130.802251, 31.6328383], [130.8028827, 31.6331272], [130.803283, 31.6333213], [130.8034446, 31.6334241], [130.8036438, 31.6335754], [130.8037477, 31.6336696], [130.8039361, 31.6338551], [130.8043525, 31.6342759], [130.8045678, 31.6345225], [130.8047267, 31.6347412], [130.8049627, 31.6351603], [130.8050922, 31.6353829], [130.8052041, 31.6355565], [130.8053607, 31.6357748], [130.8054522, 31.6358893], [130.8057305, 31.6362781], [130.8059317, 31.6365858], [130.8060832, 31.6368342], [130.8062851, 31.6372207], [130.8064487, 31.6375666], [130.8067343, 31.6381484], [130.8069288, 31.6384789], [130.8072607, 31.6389402], [130.8076386, 31.6393772], [130.8081794, 31.6399792], [130.8086682, 31.640501], [130.8090256, 31.6407784], [130.8092536, 31.6409326], [130.8095218, 31.6410627], [130.8097458, 31.6411635], [130.8100006, 31.6412397], [130.8103459, 31.6413288], [130.8108435, 31.6414167], [130.8115563, 31.6415651], [130.8120123, 31.641701], [130.8124387, 31.6418665], [130.8129624, 31.6420629], [130.8138395, 31.6424128], [130.8140474, 31.6425344], [130.8142599, 31.6426714], [130.8144182, 31.6428027], [130.8147494, 31.6430984], [130.8149211, 31.6432657], [130.8151183, 31.6434079], [130.8152919, 31.64351], [130.8154482, 31.6435837], [130.8156165, 31.6436505], [130.8161871, 31.643812], [130.81669, 31.6440084], [130.8170186, 31.6441408], [130.8175953, 31.6443886], [130.8178823, 31.644533], [130.8182209, 31.6447368], [130.8184093, 31.6448652], [130.8185783, 31.6450085], [130.8186956, 31.6451495], [130.8188003, 31.6453288], [130.818876, 31.6455451], [130.8189914, 31.6458717], [130.8190471, 31.6461819], [130.8191182, 31.6463917], [130.8191455, 31.6464721], [130.8192041, 31.6466886], [130.8193196, 31.6470212], [130.8194124, 31.647367], [130.819439, 31.6474452], [130.8194716, 31.6475233], [130.8195049, 31.6475976], [130.8195473, 31.6476694], [130.819667, 31.6478789], [130.8197578, 31.647986], [130.8198306, 31.6480599], [130.8198886, 31.6481132], [130.8201201, 31.6483156], [130.8205066, 31.6486089], [130.8205896, 31.6486804], [130.8208193, 31.6488851], [130.8210181, 31.6490912], [130.8212314, 31.6493474], [130.8215988, 31.6497884], [130.821821, 31.6500942], [130.8219294, 31.6502948], [130.8220704, 31.6507249], [130.822272, 31.65179], [130.8225101, 31.6527396], [130.822627, 31.653206], [130.8226457, 31.653292], [130.8228374, 31.6542164], [130.8229884, 31.6552069], [130.8229994, 31.6552796], [130.8230681, 31.6556507], [130.82314, 31.6562109], [130.823222, 31.6568833], [130.8233099, 31.657864], [130.8233227, 31.6584969], [130.8233297, 31.6588459], [130.8233415, 31.6593828], [130.8233166, 31.6596589], [130.823275, 31.6599179], [130.8231565, 31.6603105], [130.823041, 31.660587], [130.8227448, 31.6611676], [130.8224546, 31.6615649], [130.8221747, 31.6618426], [130.8217968, 31.662187], [130.8214969, 31.6624942], [130.8212775, 31.6627407], [130.8210824, 31.6630184], [130.8210111, 31.6631569], [130.82078, 31.6635857], [130.8205292, 31.6641105], [130.8203295, 31.6645069], [130.8201525, 31.6649081], [130.8200557, 31.665127], [130.8199873, 31.6653604], [130.8196542, 31.6668265], [130.8192788, 31.6683992], [130.8192174, 31.6686624], [130.8189091, 31.6695704], [130.8187401, 31.670213], [130.8185998, 31.670856], [130.8183549, 31.672031], [130.81826, 31.6725056], [130.8181527, 31.672952], [130.8179706, 31.6735599], [130.8178116, 31.6739687], [130.8176397, 31.6743746], [130.8174484, 31.6747886], [130.8172669, 31.6751256], [130.8169645, 31.6755863], [130.816598, 31.6760776], [130.8164592, 31.6762819], [130.8163431, 31.6764032], [130.8157944, 31.6768508], [130.8156452, 31.6769497], [130.815267, 31.6771592], [130.8148533, 31.6773907], [130.8144892, 31.6775863], [130.8143597, 31.6776601], [130.8142911, 31.677722], [130.814247, 31.6777811], [130.8141984, 31.6778676], [130.814102, 31.6780428], [130.8140025, 31.6782021], [130.8139838, 31.6782247], [130.8139492, 31.6782727], [130.8138497, 31.6784412], [130.8137173, 31.6786661], [130.813644, 31.6788584], [130.8136066, 31.6790052], [130.8135705, 31.6791829], [130.8132767, 31.6803594], [130.8132279, 31.6805548], [130.8131212, 31.6809071], [130.8130645, 31.6811559], [130.812989, 31.6814105], [130.8128995, 31.6816135], [130.812718, 31.6820161], [130.8124997, 31.6824931], [130.8124537, 31.6825923], [130.8124303, 31.6826443], [130.8123555, 31.6827895], [130.8122821, 31.6828961], [130.8121273, 31.683058], [130.8119131, 31.6832438], [130.8116665, 31.6834678], [130.8113631, 31.6837286], [130.8113058, 31.6837732], [130.8112388, 31.6838067], [130.8111623, 31.6838435], [130.8110717, 31.6838768], [130.8107654, 31.6839769], [130.8104807, 31.6840755], [130.810415, 31.6841038], [130.810359, 31.6841322], [130.8103063, 31.6841716], [130.8102535, 31.6842082], [130.8101757, 31.6842744], [130.8101141, 31.6843405], [130.8099437, 31.6845556], [130.8095699, 31.685017], [130.8093351, 31.6852971], [130.809202, 31.6854647], [130.8091138, 31.6855995], [130.8090671, 31.6856882], [130.8090301, 31.6857879], [130.809006, 31.6858811], [130.8089948, 31.6859744], [130.8089565, 31.6867013], [130.8089387, 31.6869534], [130.8089209, 31.6872642], [130.8089116, 31.6874763], [130.808919, 31.68758], [130.8089284, 31.6876306], [130.8089434, 31.6876812], [130.8089675, 31.6877301], [130.8089973, 31.6877758], [130.8090935, 31.6879033], [130.8092098, 31.6880574], [130.809397, 31.688324], [130.809631, 31.688548], [130.8097804, 31.6886716], [130.809902, 31.6887494], [130.8100433, 31.6888296], [130.8102615, 31.6888949], [130.8104905, 31.6889115], [130.810708, 31.688958], [130.8108528, 31.6890163], [130.8110337, 31.6891366], [130.8110365, 31.6891428], [130.8110715, 31.6892206], [130.8111365, 31.6893649], [130.8111642, 31.6895978], [130.8111418, 31.689711], [130.8110448, 31.6898427], [130.8108996, 31.6899516], [130.8107109, 31.6900312], [130.8104955, 31.690066], [130.8103218, 31.690033], [130.810216, 31.6899966], [130.810092, 31.689935], [130.8097917, 31.6897047], [130.8094631, 31.6895752], [130.8092509, 31.6895686], [130.8091019, 31.6895984], [130.8089329, 31.6896481], [130.8086931, 31.6897551], [130.8082309, 31.6900327], [130.8080682, 31.6901167], [130.8078658, 31.6902356], [130.8077963, 31.6902982], [130.8076868, 31.6904188], [130.8074037, 31.6907742], [130.8072608, 31.690987], [130.8071399, 31.6911711], [130.8071028, 31.6912615], [130.8070828, 31.6913217], [130.8070821, 31.6914251], [130.8070955, 31.6915039], [130.8071317, 31.6916786], [130.8071843, 31.6918504], [130.8072455, 31.6920901], [130.807257, 31.692189], [130.807232, 31.692257], [130.807179, 31.69237], [130.8071189, 31.6925267], [130.8069273, 31.6928165], [130.8067911, 31.693089], [130.806692, 31.6932915], [130.806587, 31.6938492], [130.8065579, 31.6940926], [130.8064802, 31.6944177], [130.806466, 31.6945814], [130.8064793, 31.6947451], [130.8064922, 31.6949241], [130.806468, 31.6950777], [130.8064242, 31.6952461], [130.8063655, 31.6953689], [130.8062989, 31.6954846], [130.8062174, 31.6955895], [130.8060746, 31.6957022], [130.8059037, 31.6957993], [130.8056882, 31.6958522], [130.805509, 31.695855], [130.80536, 31.695847], [130.8052132, 31.695814], [130.8050913, 31.6957653], [130.804695, 31.6956098], [130.8044084, 31.695521], [130.8041656, 31.6954756], [130.8039735, 31.6954849], [130.8037379, 31.6955529], [130.8035752, 31.6956266], [130.8032463, 31.6958122], [130.8027432, 31.6961445], [130.8024547, 31.6963241], [130.802142, 31.696484], [130.8020173, 31.6965656], [130.8019342, 31.6966206], [130.8018709, 31.6966774], [130.801606, 31.6969463], [130.8014367, 31.6972185], [130.8012881, 31.6974742], [130.8011039, 31.697894], [130.8010458, 31.6980258], [130.800965, 31.6981808], [130.8009053, 31.6983047], [130.8007431, 31.698578], [130.8006365, 31.6987382], [130.800462, 31.698925], [130.8003076, 31.6990507], [130.800186, 31.699156], [130.8000519, 31.6992627], [130.799606, 31.69955], [130.799527, 31.699613], [130.799454, 31.699652], [130.799222, 31.699785], [130.799072, 31.699893], [130.798986, 31.699955], [130.79867, 31.7001621], [130.798445, 31.700305], [130.7982595, 31.7004225], [130.79801, 31.700575], [130.797482, 31.700908], [130.7958957, 31.7019406], [130.7955383, 31.7021733], [130.794425, 31.702898], [130.7935427, 31.7032712], [130.7932792, 31.7033826], [130.791748, 31.7040055], [130.7903886, 31.7046006], [130.7903338, 31.7046236], [130.7894233, 31.7049989], [130.7893403, 31.7050328], [130.788588, 31.7053601], [130.7876973, 31.705735], [130.787234, 31.70593], [130.7868768, 31.706086], [130.7867544, 31.706179], [130.7866856, 31.7062536], [130.7866474, 31.706387]], [[130.7043249, 31.5483926], [130.7040151, 31.5486349], [130.7031359, 31.5492609], [130.7027196, 31.5495764], [130.7024303, 31.5498304], [130.7020085, 31.5502595], [130.7017998, 31.5505077], [130.7017, 31.5506467], [130.7015844, 31.5508127], [130.701522, 31.550921], [130.7013822, 31.5511927], [130.7013192, 31.551345], [130.701239, 31.5515727], [130.701061, 31.5522547], [130.701004, 31.5524455], [130.7009377, 31.5526285], [130.7008867, 31.5527521], [130.7007713, 31.5529927], [130.7006399, 31.5532161], [130.7005403, 31.5533639], [130.7004572, 31.5534738], [130.7002687, 31.5537026], [130.6992173, 31.5549212]], [[130.8193826, 31.3893697], [130.8185224, 31.3888492], [130.81808, 31.3886082], [130.8175189, 31.3883709], [130.8168666, 31.3881588], [130.8161785, 31.3879997], [130.8156066, 31.3878944], [130.8150111, 31.3878396], [130.8144992, 31.3878196], [130.8139647, 31.387838], [130.8134676, 31.3878622], [130.8129976, 31.3879254], [130.8119643, 31.3880803], [130.8114083, 31.3881884], [130.8107059, 31.3883654], [130.8099999, 31.3885312], [130.8097108, 31.3886163], [130.8092692, 31.3887503], [130.8088753, 31.3888752], [130.8086312, 31.3889696], [130.808275, 31.389118], [130.8080213, 31.3892264], [130.8076533, 31.3893693], [130.807349, 31.3894983], [130.8069726, 31.3896751], [130.806318, 31.389969], [130.8060644, 31.390093], [130.805937, 31.3901455], [130.8058, 31.3902019], [130.8055898, 31.3902781], [130.805408, 31.3903489], [130.8053057, 31.3903898], [130.8049913, 31.3904603], [130.804575, 31.3905399], [130.8043387, 31.3905759], [130.8041073, 31.390585], [130.8037773, 31.3905952], [130.8035079, 31.3905839], [130.8032006, 31.3905439], [130.802909, 31.3904938], [130.8025933, 31.3904318], [130.8022776, 31.390346], [130.8018414, 31.3901854], [130.801492, 31.3900296], [130.8012704, 31.3899437]], [[130.7589892, 31.4234921], [130.758082, 31.4241628], [130.757411, 31.4246571], [130.7572411, 31.4247897], [130.7570938, 31.4249187], [130.7569119, 31.4251152], [130.7567419, 31.4253487], [130.756599, 31.425588], [130.7564991, 31.4258914], [130.7561794, 31.4270282], [130.7561276, 31.42718], [130.7560302, 31.4273761], [130.7559489, 31.4275108], [130.7558228, 31.4276562], [130.7556497, 31.4278157], [130.755358, 31.428006], [130.755081, 31.428175], [130.754487, 31.428485], [130.754138, 31.428656], [130.7540179, 31.4287197], [130.753588, 31.428948], [130.7534286, 31.4290324], [130.753333, 31.429083], [130.75278, 31.42941], [130.7521767, 31.4297863], [130.7519586, 31.4299223], [130.751741, 31.430058], [130.7514734, 31.4302629], [130.7512104, 31.4304837], [130.7507341, 31.4309629], [130.7506055, 31.4311277], [130.7505295, 31.4312055], [130.7501842, 31.4316353], [130.7499819, 31.4319065], [130.749052, 31.432995], [130.748257, 31.4338423], [130.7467528, 31.4352921], [130.7463654, 31.4356932], [130.7460828, 31.4360004], [130.7458869, 31.4362285], [130.7456735, 31.4364869], [130.7455665, 31.4366165], [130.7453223, 31.4369369], [130.7451604, 31.4371655], [130.7449424, 31.4374482], [130.7448172, 31.4375823], [130.7442569, 31.4379691], [130.7435663, 31.4383583], [130.7433055, 31.4385526], [130.742227, 31.439262]], [[131.108566, 31.478982], [131.108421, 31.478774], [131.1080594, 31.4781669], [131.1080081, 31.4780865], [131.1078638, 31.4778649], [131.1078289, 31.4777972], [131.1077357, 31.4777004], [131.1075907, 31.4776408], [131.1073004, 31.4775974], [131.1071295, 31.4775597], [131.1069113, 31.4775166], [131.1066943, 31.4774655], [131.1065197, 31.477425], [131.1063565, 31.4773816], [131.1060903, 31.4772938], [131.1056133, 31.4771257], [131.1053546, 31.4770335], [131.1053291, 31.4770244], [131.1050047, 31.4769088], [131.1045498, 31.4767467], [131.1042581, 31.4766427], [131.1041059, 31.4765885], [131.1038952, 31.4765134], [131.1035979, 31.4764074], [131.1033486, 31.4763185], [131.1030656, 31.4762061], [131.1026864, 31.4760692], [131.1023525, 31.4759487], [131.101739, 31.4757272], [131.1009262, 31.4754337], [131.0997307, 31.4750196], [131.0996978, 31.4750069], [131.098443, 31.4745566], [131.0975229, 31.4742279], [131.0969817, 31.4740288], [131.0968643, 31.4739938], [131.0967495, 31.4739591], [131.0962904, 31.4738117], [131.0959226, 31.4736924], [131.0954053, 31.4735229], [131.0950298, 31.4734084], [131.0945601, 31.4732581], [131.0943087, 31.4731777], [131.0935544, 31.4729308], [131.0934218, 31.4728812], [131.0932347, 31.4728112], [131.0929927, 31.4726785], [131.0926499, 31.472448], [131.0925649, 31.4723842], [131.0924542, 31.4723106], [131.0918906, 31.4719116], [131.0915473, 31.4716726], [131.0912932, 31.4715207], [131.0910678, 31.4713987], [131.0909008, 31.4713179], [131.0903245, 31.4710506], [131.0898696, 31.4708156], [131.0891923, 31.4704823], [131.0889492, 31.4703481], [131.0888136, 31.4702732], [131.0878901, 31.469758], [131.0877058, 31.4696609], [131.0874435, 31.4695179], [131.0871781, 31.4693741], [131.0867621, 31.469111], [131.0865922, 31.4689879], [131.0864426, 31.4688795], [131.0861546, 31.46869], [131.0859543, 31.4685687], [131.0856242, 31.468386], [131.0850112, 31.4680936], [131.0849201, 31.4680502], [131.0847781, 31.4679826], [131.084394, 31.4677999], [131.0842842, 31.467745], [131.0841736, 31.4676897], [131.0840348, 31.4676271], [131.0834353, 31.4673562], [131.0834015, 31.4673416], [131.0830884, 31.467197], [131.0829606, 31.4671421], [131.0826238, 31.4669975], [131.0822956, 31.4668417], [131.0817166, 31.4665668], [131.0816879, 31.466556], [131.0816269, 31.4665329], [131.0814698, 31.4664812], [131.0811753, 31.4664015], [131.0808302, 31.4663292], [131.0804877, 31.4662765], [131.0800018, 31.4661986], [131.0795317, 31.4661079], [131.0790055, 31.466], [131.0774323, 31.4656735], [131.0770651, 31.4655905], [131.0767302, 31.4655008], [131.0764219, 31.4654004], [131.0763792, 31.4653832], [131.0753764, 31.4650039], [131.0750649, 31.4648904], [131.0739461, 31.4644669], [131.0736307, 31.4643344], [131.0733555, 31.4642078], [131.0731511, 31.4640913], [131.0728519, 31.4638821], [131.0725804, 31.4636621], [131.0720133, 31.4631666], [131.0714173, 31.4626266], [131.0706238, 31.4619283], [131.0698187, 31.4612221], [131.0696801, 31.4610998], [131.0694775, 31.4609224], [131.0692475, 31.4607279], [131.0689409, 31.4604504], [131.0685463, 31.4601286], [131.0681051, 31.4597931], [131.0677151, 31.4595233], [131.0670637, 31.4590739], [131.066665, 31.4587903], [131.066028, 31.458336], [131.065778, 31.458167], [131.065673, 31.458088], [131.0648114, 31.4575093], [131.064272, 31.457147], [131.0640928, 31.4570191], [131.064002, 31.456956], [131.063202, 31.456375], [131.06301, 31.456234], [131.062925, 31.456166], [131.0625108, 31.4558304], [131.0621073, 31.4555048], [131.0618547, 31.4552975], [131.0615696, 31.4550741], [131.0611577, 31.4547745], [131.0607173, 31.4544769], [131.0601267, 31.454126], [131.0594135, 31.453692], [131.0592837, 31.4536135], [131.0591765, 31.4535495], [131.0587095, 31.453245], [131.0585237, 31.4531169], [131.0583263, 31.4529659], [131.0580725, 31.452728], [131.0579425, 31.452598], [131.0575619, 31.4521551], [131.0571547, 31.4515768], [131.0567749, 31.4510377], [131.0565512, 31.4507342], [131.0564073, 31.4505375], [131.0562254, 31.450289], [131.055929, 31.4499265], [131.0558584, 31.4498597], [131.0557231, 31.4497399], [131.0555481, 31.4496021], [131.055408, 31.4494937], [131.0552624, 31.4493964], [131.0550378, 31.4492638], [131.0547865, 31.4491347], [131.0540338, 31.448763], [131.0539188, 31.4487064], [131.0537101, 31.4485962], [131.0528285, 31.4481323]], [[131.1602138, 31.4623856], [131.1603361, 31.4622735], [131.1609291, 31.4617418], [131.1615605, 31.4611753], [131.1622767, 31.4605438], [131.1626146, 31.4602854], [131.1628453, 31.4601253], [131.1632513, 31.4599265], [131.1635969, 31.4597881], [131.163947, 31.4596625], [131.1642313, 31.4595805], [131.1643953, 31.4595483], [131.1648882, 31.4594999], [131.1660078, 31.459525]], [[131.0032524, 31.4236209], [131.003395, 31.4239506], [131.0035054, 31.4241307], [131.0036212, 31.4243062], [131.0038417, 31.4244583], [131.0041374, 31.424626], [131.005105, 31.4251103], [131.0051262, 31.4251209], [131.0051923, 31.4251443], [131.0055949, 31.4252871], [131.0060849, 31.4254517], [131.006422, 31.425549], [131.0071927, 31.4257714], [131.0072365, 31.425784], [131.0075905, 31.4258829], [131.0079444, 31.4259548], [131.0084627, 31.4260334], [131.0089604, 31.4260697], [131.0091834, 31.4260805], [131.010101, 31.4261609], [131.0104974, 31.426265], [131.0107736, 31.4263477], [131.0110333, 31.4264582], [131.0113795, 31.4266291], [131.012476, 31.42732], [131.0125927, 31.4274018], [131.013954, 31.428305], [131.0144629, 31.4287471], [131.0147246, 31.429047], [131.014796, 31.429225], [131.01513, 31.42982], [131.01517, 31.42989], [131.015291, 31.430039], [131.015465, 31.430206], [131.015807, 31.430499], [131.0161876, 31.430814], [131.016459, 31.431051], [131.01662, 31.431189]], [[131.0477592, 31.444986], [131.0479241, 31.4450046], [131.0481122, 31.4450407], [131.0483472, 31.4451141], [131.048618, 31.445243], [131.0488127, 31.4453594], [131.0489557, 31.4454683], [131.0490561, 31.4455516], [131.0492344, 31.4457064], [131.0496587, 31.4460717], [131.0499587, 31.4463328], [131.0500704, 31.4464338], [131.0502548, 31.4465892], [131.0504928, 31.4468033], [131.0507425, 31.4470171], [131.0509827, 31.4471904], [131.0510812, 31.4472495], [131.0512409, 31.4473395], [131.0514589, 31.4474481], [131.0515578, 31.4474988], [131.0516373, 31.4475362], [131.0517711, 31.4475987]], [[131.1416541, 31.4676598], [131.1417618, 31.4676923], [131.1423892, 31.4679446], [131.1427989, 31.4681222], [131.1430519, 31.4682131], [131.1432826, 31.4682946], [131.143519, 31.468348], [131.143802, 31.468422], [131.144249, 31.468534], [131.144433, 31.468585], [131.1446351, 31.4686251], [131.1449785, 31.4686862], [131.1452948, 31.4686993], [131.1455676, 31.4686581], [131.145984, 31.468575], [131.146726, 31.468439], [131.147574, 31.468304], [131.148002, 31.468225], [131.148107, 31.468214], [131.148172, 31.468198], [131.148481, 31.468152], [131.148626, 31.468119], [131.148731, 31.468079], [131.148876, 31.467989], [131.149203, 31.467741], [131.149374, 31.467645], [131.14942, 31.467628], [131.149453, 31.467606], [131.149624, 31.467544], [131.149821, 31.467493], [131.150078, 31.467448], [131.150419, 31.467374], [131.150886, 31.467301], [131.151195, 31.467284], [131.151458, 31.46729], [131.151615, 31.467324], [131.151734, 31.467363], [131.151918, 31.467459], [131.152063, 31.467561], [131.152155, 31.467639], [131.1523, 31.467724], [131.15253, 31.467825], [131.152674, 31.467871], [131.152832, 31.467899], [131.152937, 31.467899], [131.153049, 31.467899], [131.153227, 31.467859], [131.153377, 31.467809], [131.15347, 31.467758], [131.153542, 31.467701], [131.153592, 31.467651], [131.153621, 31.467623], [131.153832, 31.467329], [131.153937, 31.46716], [131.154114, 31.466822], [131.154173, 31.466636], [131.154252, 31.466366], [131.154286, 31.466067], [131.154309, 31.465954], [131.154344, 31.465847], [131.154463, 31.465622], [131.154587, 31.465475], [131.155165, 31.465078], [131.155329, 31.464978], [131.155499, 31.464869], [131.155613, 31.464751], [131.155689, 31.464649], [131.155731, 31.464588], [131.155792, 31.464522], [131.156157, 31.464078], [131.156369, 31.463909], [131.156479, 31.463841], [131.156671, 31.463773], [131.157512, 31.463565], [131.157578, 31.463554], [131.158202, 31.4634], [131.158978, 31.463198], [131.159188, 31.463107], [131.1593834, 31.4630269], [131.1596698, 31.4628294], [131.1600674, 31.4625051], [131.1602138, 31.4623856]], [[130.896102, 31.3888801], [130.8959609, 31.388993], [130.895158, 31.3902202], [130.8944671, 31.3912935], [130.8943269, 31.3915114], [130.8934424, 31.3928761], [130.8929149, 31.3936842], [130.89277, 31.3939063], [130.891783, 31.3954185], [130.8909022, 31.3967761], [130.89066, 31.3971031], [130.8903853, 31.3974161]], [[131.1269688, 31.4756995], [131.127508, 31.475044], [131.127784, 31.474785], [131.127891, 31.474702], [131.127988, 31.474627], [131.128165, 31.474521], [131.128389, 31.47438], [131.128646, 31.474273], [131.1289544, 31.4742298], [131.1292999, 31.4742164], [131.1296441, 31.474236], [131.1299999, 31.4742819], [131.130689, 31.474459], [131.132234, 31.474774], [131.132596, 31.474819], [131.1329815, 31.4748445], [131.1332583, 31.4748463], [131.1335293, 31.4748055], [131.1337702, 31.4747638], [131.1340326, 31.47467], [131.1342767, 31.4745346], [131.1344667, 31.4744203], [131.1346624, 31.4742693], [131.1348187, 31.4741166], [131.1349657, 31.4739363], [131.1351078, 31.4736964], [131.1352079, 31.4733685], [131.1352632, 31.4730907], [131.1353781, 31.471754], [131.1354306, 31.4712589], [131.1354879, 31.470885], [131.1355468, 31.4705981], [131.1357217, 31.4702651], [131.1358305, 31.4700833], [131.135986, 31.4699014], [131.1361304, 31.4697554], [131.1364345, 31.4694396], [131.1369335, 31.4690373], [131.1372267, 31.4688075], [131.1376115, 31.468485], [131.1380209, 31.4681626], [131.1383911, 31.4679407], [131.1387528, 31.4677657], [131.1389663, 31.4676971], [131.1394079, 31.4675642], [131.139567, 31.4675121], [131.1399813, 31.4674286], [131.1403067, 31.4674022], [131.1406218, 31.4674238], [131.140915, 31.4674738], [131.1411352, 31.4675208], [131.1414058, 31.4675752], [131.1416541, 31.4676598]], [[130.8739175, 31.4006549], [130.8737748, 31.4007537], [130.8731709, 31.401141], [130.8729382, 31.4012755], [130.8726673, 31.401435], [130.8723235, 31.4015914], [130.8719781, 31.4017242], [130.8716897, 31.4018105], [130.8716289, 31.4018229], [130.8715664, 31.4018357], [130.8713856, 31.4018726], [130.8710554, 31.401915], [130.8708076, 31.4019374], [130.8705726, 31.4019542], [130.8696348, 31.4019665], [130.8684695, 31.4019899], [130.8672916, 31.4020042], [130.8661056, 31.4020203], [130.8655311, 31.4020429], [130.8649566, 31.4020722], [130.8644808, 31.4021208], [130.8637887, 31.4022067], [130.8631561, 31.4023233], [130.8626576, 31.4024336], [130.8622357, 31.4025423], [130.8614531, 31.4027676], [130.8606573, 31.4030475], [130.8597541, 31.403411], [130.8582618, 31.4040115], [130.8578059, 31.4041939], [130.8526283, 31.4062614], [130.8517377, 31.4066224], [130.8507868, 31.4069658], [130.8502235, 31.4070989], [130.8499056, 31.407136], [130.8495724, 31.4071605], [130.8492198, 31.4071761], [130.8488119, 31.4071597], [130.8485429, 31.4071427], [130.848253, 31.407098], [130.8478882, 31.4070192], [130.8473648, 31.4068651], [130.8468442, 31.4066546], [130.8442587, 31.4054118], [130.8420811, 31.4043328], [130.8399446, 31.4032382], [130.8380348, 31.4021232], [130.8371842, 31.4015892]], [[131.1782977, 31.4572086], [131.1788949, 31.4576128], [131.1792304, 31.4578665], [131.1795234, 31.4580821], [131.1797689, 31.45822], [131.1800378, 31.4583011], [131.1802045, 31.4583322], [131.1804629, 31.4583552], [131.1806342, 31.4583246], [131.1807634, 31.4582918], [131.1809344, 31.4582483], [131.1812178, 31.4581523], [131.1817733, 31.4579528], [131.182215, 31.4578281], [131.1825618, 31.457804], [131.1827995, 31.4578259], [131.1830788, 31.457879], [131.1835871, 31.4580238], [131.1839761, 31.4581476], [131.1842681, 31.4582235], [131.1845875, 31.4582769], [131.1848942, 31.458304], [131.1851405, 31.4583139], [131.1853065, 31.4583125], [131.1856427, 31.4582739], [131.1860249, 31.4581737], [131.186338, 31.4580363], [131.1867057, 31.4577962], [131.1869961, 31.4576104], [131.1873535, 31.45742], [131.1876563, 31.4572566], [131.1878724, 31.4571514], [131.1881651, 31.4570439], [131.1884802, 31.456986], [131.1888444, 31.4569806], [131.1892144, 31.4570027], [131.1895422, 31.4570357], [131.1896721, 31.4570569], [131.1902038, 31.4571121], [131.1905719, 31.4571522], [131.1907747, 31.4571721], [131.1909636, 31.4571839], [131.1915904, 31.4571806], [131.192454, 31.4571761], [131.1939555, 31.4571669], [131.1942168, 31.4571811], [131.1945129, 31.4572312], [131.1948198, 31.4573088], [131.1951255, 31.4573774], [131.1953593, 31.4574179], [131.1955922, 31.4574415], [131.1958723, 31.4574601], [131.1961565, 31.4574463], [131.1965355, 31.4574189], [131.1971248, 31.4573502], [131.1979516, 31.4572625], [131.199144, 31.4571265]], [[130.8301499, 31.397278], [130.8308432, 31.3977723], [130.8313327, 31.3980866], [130.8328053, 31.3990321], [130.8336806, 31.399579], [130.834613, 31.4001348], [130.8355961, 31.4007442], [130.8365347, 31.4013177]], [[130.8614904, 31.4028414], [130.862236, 31.4026346], [130.8626579, 31.4025259], [130.8631565, 31.4024155], [130.863789, 31.402299], [130.8643133, 31.4022339], [130.8644811, 31.4022131], [130.8646213, 31.4021988], [130.8649569, 31.4021645], [130.8655314, 31.4021351], [130.8661076, 31.4021121], [130.8672919, 31.4020964], [130.8684699, 31.4020822], [130.8696321, 31.4020675], [130.8705729, 31.4020465], [130.8708079, 31.4020297], [130.8710557, 31.4020072], [130.8713859, 31.4019649], [130.8716901, 31.4019027], [130.8719968, 31.4018139], [130.8723238, 31.4016837], [130.8726676, 31.4015273], [130.8729408, 31.4013777], [130.8731724, 31.4012405], [130.8738345, 31.4008219], [130.8739814, 31.4007318], [130.8741389, 31.4006321], [130.8749467, 31.4001206], [130.8753777, 31.3998777], [130.8755203, 31.3998204], [130.8757232, 31.3997389], [130.876146, 31.3995966], [130.8765201, 31.3995133], [130.8767076, 31.399492], [130.8769469, 31.3994647], [130.8773657, 31.3994335], [130.8778757, 31.3994226], [130.8790546, 31.3994019], [130.8802415, 31.3993821], [130.8814265, 31.3993629], [130.8825956, 31.3993435], [130.8849859, 31.3993027], [130.8864242, 31.3992608], [130.8868072, 31.3992369], [130.8873416, 31.399159], [130.8877491, 31.3990735], [130.8882034, 31.3989392], [130.8886815, 31.3987758], [130.8891503, 31.3985348], [130.889512, 31.3982917], [130.8898339, 31.3980763], [130.890147, 31.3978208], [130.8903374, 31.3976232]], [[131.1660078, 31.459525], [131.1666516, 31.459524], [131.1672155, 31.4594674], [131.1676875, 31.45938], [131.1679927, 31.4592877], [131.1682494, 31.4591667], [131.1686284, 31.4589596], [131.1688483, 31.4587979], [131.1690249, 31.458668], [131.1694301, 31.4582941], [131.1698543, 31.4577795], [131.1700251, 31.4576259], [131.1701129, 31.4575468], [131.1703635, 31.4574155], [131.1707665, 31.457208], [131.1711654, 31.4570263], [131.1718279, 31.4567245], [131.1719329, 31.4566766], [131.1720587, 31.4566193], [131.1728635, 31.4562502], [131.1730063, 31.4561916], [131.1733583, 31.456067], [131.173928, 31.4558777], [131.1741917, 31.4558187], [131.1749181, 31.4556867], [131.1749973, 31.4556706], [131.1753251, 31.4556123], [131.1757172, 31.455569], [131.1758875, 31.4555794], [131.1760279, 31.4556225], [131.1761396, 31.4556743], [131.1763663, 31.455823], [131.1764781, 31.4558999], [131.1771017, 31.4563744], [131.1771776, 31.4564269], [131.1772536, 31.4564794], [131.1782977, 31.4572086]], [[131.1269688, 31.4756995], [131.1259257, 31.4768324], [131.125673, 31.477077], [131.1253127, 31.4774835], [131.124985, 31.477845], [131.124576, 31.478329], [131.124504, 31.478397], [131.1241835, 31.4786694], [131.123834, 31.4788771], [131.123631, 31.4789804], [131.1233561, 31.479093], [131.1230436, 31.4791599], [131.1228177, 31.4791736], [131.1226726, 31.4791757], [131.1221535, 31.4791311], [131.120581, 31.478878], [131.1201794, 31.4788192], [131.1190733, 31.478653], [131.1186321, 31.4785997], [131.1182543, 31.4785876], [131.118084, 31.4786042], [131.1179912, 31.4786132], [131.1179416, 31.4786308], [131.1177815, 31.4786749], [131.1175409, 31.478783], [131.1174493, 31.4788242], [131.1169983, 31.479076], [131.1165892, 31.4792953], [131.1161132, 31.4795043], [131.1156571, 31.4797386], [131.1153082, 31.4799119], [131.114879, 31.4801446], [131.1140789, 31.4805967], [131.1138599, 31.4807123], [131.1135726, 31.4808273], [131.1133482, 31.4808875], [131.1133115, 31.4808973], [131.1130352, 31.4809517], [131.1127446, 31.4809856], [131.1125438, 31.4810015], [131.1123449, 31.4810073], [131.1122005, 31.4810072], [131.1119547, 31.4809682], [131.1117976, 31.4809302], [131.1116444, 31.4808935], [131.1115875, 31.4808759], [131.1112522, 31.4807552], [131.109601, 31.4801294], [131.1093477, 31.4799813], [131.1091465, 31.4798306], [131.1089598, 31.4796118], [131.1088623, 31.4794689], [131.1088057, 31.4793859], [131.108566, 31.478982]], [[130.826888, 31.3946531], [130.8287108, 31.3961784], [130.8295638, 31.3968474], [130.8301499, 31.397278]], [[130.8365347, 31.4013177], [130.8371172, 31.4016752]], [[130.8578387, 31.4042724], [130.8583002, 31.4040957], [130.860482, 31.4032197], [130.8606927, 31.4031353], [130.8614904, 31.4028414]], [[130.8903374, 31.3976232], [130.8904448, 31.3975137], [130.8907196, 31.397196], [130.8909617, 31.3968772], [130.8919097, 31.395417], [130.8935721, 31.3928742], [130.8942274, 31.3918435], [130.8943791, 31.3916049], [130.8947445, 31.3910818], [130.8960604, 31.3890308], [130.896102, 31.3888801]], [[130.8371172, 31.4016752], [130.8379744, 31.4021995], [130.8385466, 31.4025287], [130.8399745, 31.403368], [130.8420772, 31.4044425], [130.8442543, 31.4055155], [130.8464314, 31.4065581], [130.8468873, 31.4067796], [130.847412, 31.4069831], [130.8479314, 31.4071268], [130.848286, 31.4071952], [130.848582, 31.407233], [130.8488571, 31.4072586], [130.8492609, 31.407275], [130.8496115, 31.4072595], [130.8499508, 31.4072245], [130.8502208, 31.4071943], [130.8509023, 31.4070254], [130.851423, 31.4068368], [130.851941, 31.4066368], [130.8527415, 31.4063157]], [[130.7072507, 31.5416459], [130.7072988, 31.5412316], [130.7072961, 31.5410213], [130.7073062, 31.5408298], [130.7073633, 31.5404932], [130.7074513, 31.5402449], [130.7075356, 31.540078], [130.7076457, 31.5398901], [130.7078678, 31.5396083], [130.7079922, 31.5394693], [130.7080585, 31.5393665], [130.7082678, 31.5390897]], [[131.4547725, 31.6999679], [131.4546706, 31.6997123], [131.4545504, 31.6994346]], [[130.8527415, 31.4063157], [130.8578387, 31.4042724]], [[131.4558122, 31.7075226], [131.4559365, 31.7072127], [131.4560386, 31.7068098], [131.4560695, 31.7064035], [131.4560664, 31.7061754], [131.4560263, 31.7058504], [131.4559555, 31.7055123], [131.4548833, 31.7003797], [131.4547725, 31.6999679]], [[130.773375, 31.4229877], [130.773649, 31.4227812], [130.773915, 31.422545], [130.7741996, 31.4221328], [130.7744863, 31.4216779], [130.7748191, 31.4210446], [130.7750125, 31.4205944], [130.7751741, 31.420172], [130.775719, 31.418469], [130.7762853, 31.4166677], [130.7767002, 31.4153708], [130.7769134, 31.4146177], [130.7771185, 31.4140065], [130.7776677, 31.4125235], [130.7782119, 31.4111682], [130.778358, 31.4107666], [130.7784358, 31.4105003], [130.7784723, 31.4102825], [130.778491, 31.410059], [130.7785086, 31.4095753], [130.7784622, 31.4089048], [130.7783533, 31.4077349], [130.7782832, 31.4069348], [130.7782013, 31.4060901], [130.7781932, 31.4059942], [130.7781284, 31.4052798], [130.7781199, 31.4052006], [130.7780299, 31.4042569], [130.7780166, 31.4039783], [130.7780331, 31.4037679], [130.7780622, 31.4035811], [130.7781174, 31.4033991], [130.7781965, 31.4032122], [130.778346, 31.4029775], [130.7784792, 31.4027978], [130.7797268, 31.4015009], [130.7806583, 31.4005285], [130.7813157, 31.3998293], [130.7814913, 31.399639], [130.7822372, 31.3988757], [130.7826574, 31.3984195], [130.7828151, 31.3982222], [130.782947, 31.3980432], [130.7830598, 31.3978546], [130.7832452, 31.3975239], [130.7832879, 31.3973974], [130.7836509, 31.3963302], [130.7837724, 31.3959731], [130.7843167, 31.3943729], [130.7843545, 31.3942618], [130.784392, 31.3941515], [130.7848887, 31.3926297], [130.7850725, 31.3921864], [130.7852367, 31.3918754], [130.7856131, 31.3913694], [130.7859622, 31.3910218], [130.7862973, 31.3907615], [130.7865761, 31.3905709], [130.7869444, 31.3903753], [130.787293, 31.3902351], [130.787772, 31.3900734], [130.7884408, 31.3899222], [130.7899943, 31.3895376], [130.7903851, 31.3894236], [130.7919452, 31.3889079], [130.7924856, 31.3887666], [130.7930006, 31.3886614], [130.7935504, 31.388575], [130.7943051, 31.3884898], [130.795208, 31.3884643], [130.7960555, 31.3884755], [130.7965739, 31.3885229], [130.79721, 31.3886172], [130.7975818, 31.3886835], [130.7980245, 31.3887912], [130.7983573, 31.3888549], [130.7986807, 31.3889339], [130.7993256, 31.3891488], [130.7994712, 31.3892156], [130.8012704, 31.3899437]], [[130.773375, 31.4229877], [130.773085, 31.4231551], [130.77276, 31.4233042], [130.7724622, 31.4233847], [130.7721484, 31.423447], [130.7717513, 31.4234607], [130.7714055, 31.4234393], [130.7710432, 31.423383], [130.7707496, 31.4232921], [130.7704241, 31.423163], [130.7700605, 31.4229403], [130.7697728, 31.4226996], [130.7695596, 31.4224589], [130.7686672, 31.4213081], [130.7682707, 31.4208973], [130.7678359, 31.4205101], [130.7674265, 31.4201607], [130.7655096, 31.4187873], [130.765249, 31.4186169], [130.7649832, 31.4184642], [130.7647526, 31.4183527], [130.7644596, 31.4182483], [130.7640537, 31.4181635], [130.7637693, 31.4181405], [130.7634268, 31.4181352], [130.762994, 31.4182011], [130.7626063, 31.4183175], [130.7622537, 31.4184873], [130.7619588, 31.4186878], [130.7617311, 31.4188792], [130.7614773, 31.4191721], [130.7612933, 31.4194741], [130.7611694, 31.4197756], [130.7610967, 31.4200659], [130.761067, 31.42037], [130.7610413, 31.4207064], [130.7610215, 31.4209664], [130.7610052, 31.4212], [130.7609529, 31.4214246], [130.7608537, 31.4217363], [130.7607194, 31.4220135], [130.7605543, 31.4222414], [130.7604231, 31.4223947], [130.7599263, 31.4228371], [130.759475, 31.423154], [130.7589892, 31.4234921]]]}, "id": "relation/9702108"}]}