{"type": "FeatureCollection", "generator": "kokudo-quiz tools/fetch_raw.py (Overpass API)", "copyright": "The data included in this document is from www.openstreetmap.org. The data is made available under ODbL.", "timestamp": "2026-09-30T16:04:45Z", "features": [{"type": "Feature", "properties": {"@id": "relation/2883869", "colour": "red", "from": "北海道旭川市", "name": "国道237号", "name:en": "National Highway Route 237", "name:fr": "Route nationale 237", "name:ja-Hira": "こくどう237ごう", "name:ja-Latn": "Kokudō 237-gō", "network": "JP:national", "operator": "北海道開発局", "ref": "237", "route": "road", "to": "北海道浦河郡浦河町", "type": "route", "wikidata": "Q6157006", "wikimedia_commons": "Category:Route 237 (Japan)", "wikipedia": "ja:国道237号"}, "geometry": {"type": "MultiLineString", "coordinates": [[[142.351874, 43.7715298], [142.3518003, 43.771393], [142.3515592, 43.7709561], [142.3513263, 43.7705239], [142.3512655, 43.7704135], [142.3512062, 43.7703066], [142.3511, 43.7701148], [142.3509669, 43.7698746], [142.3507283, 43.7694439], [142.3506675, 43.7693341], [142.3506105, 43.7692314], [142.3503727, 43.7688022], [142.3502675, 43.7686124], [142.350125, 43.7683551], [142.3500561, 43.7682308], [142.3499702, 43.7680788], [142.3497356, 43.7676634], [142.349644, 43.7675013], [142.3494338, 43.7671293], [142.3493856, 43.7670439], [142.3492936, 43.766881], [142.3489319, 43.7662408], [142.3487008, 43.7658317], [142.3486014, 43.7656557], [142.3477932, 43.7641759], [142.3477535, 43.7640911], [142.3476781, 43.7639525], [142.3475402, 43.7637061], [142.3473639, 43.7634492], [142.3471522, 43.7632051], [142.3468192, 43.7628957], [142.3467023, 43.7628004], [142.3461794, 43.7624511], [142.3456803, 43.7621791], [142.3454764, 43.7620714], [142.3452363, 43.7619704], [142.3450376, 43.7618854], [142.3445594, 43.761731], [142.3442471, 43.7616301], [142.3444416, 43.7615227], [142.3446587, 43.7613476], [142.3449882, 43.7611043], [142.3451821, 43.7609534], [142.3453865, 43.7607946], [142.3454588, 43.7607385], [142.3455616, 43.7606587], [142.3458967, 43.7604027], [142.3461458, 43.7602014], [142.346488, 43.7599405], [142.3469113, 43.7596107], [142.3470038, 43.7595397], [142.3470925, 43.7594717], [142.3477617, 43.7589766], [142.3478341, 43.7589179], [142.3479063, 43.7588533], [142.3479827, 43.7587922], [142.3481106, 43.7586857], [142.3490848, 43.757939], [142.3493572, 43.7577331], [142.3495877, 43.7575519], [142.3503475, 43.7570077], [142.3509661, 43.7565314], [142.3514157, 43.7561851], [142.3516701, 43.7559892], [142.3517496, 43.755928], [142.3518398, 43.7558582], [142.3519368, 43.7557822], [142.3527447, 43.7551491], [142.3535421, 43.7545236], [142.3536825, 43.7544141], [142.3541154, 43.7540749], [142.3544435, 43.7538178], [142.3545658, 43.7537219], [142.3549077, 43.7533806], [142.3552432, 43.7529664], [142.3554311, 43.7526207], [142.355627, 43.7522963], [142.3558225, 43.7519507], [142.3558927, 43.7518279], [142.3559628, 43.7517024], [142.3563326, 43.7510072], [142.3568219, 43.750168], [142.3569061, 43.7500054], [142.3572055, 43.7495019], [142.3573978, 43.7491306], [142.3575603, 43.7488295], [142.3577238, 43.7485438], [142.3578187, 43.7483694], [142.3578935, 43.7482237], [142.3579232, 43.7481442], [142.3579926, 43.7479605], [142.3580349, 43.747722], [142.3580396, 43.7474954], [142.3580311, 43.747248], [142.3580109, 43.7469223], [142.3579953, 43.7467477], [142.3579372, 43.746082], [142.3579106, 43.7456183], [142.357901, 43.7453121], [142.3579127, 43.7450931], [142.3579288, 43.7448342], [142.3579531, 43.7446403], [142.3579767, 43.7445101], [142.3579952, 43.7443722], [142.3581067, 43.7439971], [142.358197, 43.7437524], [142.3582878, 43.7435194], [142.3586263, 43.74287], [142.3588146, 43.7425702], [142.3589943, 43.7422586], [142.3590777, 43.7421137], [142.3597228, 43.740966], [142.3604045, 43.7398294], [142.3604863, 43.7396853], [142.3607117, 43.7392881], [142.3610464, 43.7386982], [142.3617106, 43.7375276], [142.3623343, 43.7364284], [142.3627461, 43.7357027], [142.3629691, 43.7353097], [142.3630254, 43.7352105], [142.3633734, 43.7345972], [142.3635012, 43.7343719], [142.3648214, 43.7320451], [142.3655994, 43.7306739], [142.3656519, 43.7305813], [142.3658812, 43.7301824], [142.366656, 43.7288347], [142.3671014, 43.7280599], [142.3675904, 43.7272092], [142.368033, 43.7264392], [142.3682999, 43.7259749], [142.3686072, 43.7254404], [142.3686964, 43.7252852], [142.3691888, 43.7244214], [142.3701865, 43.7226099], [142.3707181, 43.7217001], [142.3708247, 43.7215168], [142.3709175, 43.7213737], [142.370945, 43.7213264], [142.3709925, 43.7212449], [142.3716024, 43.720198], [142.3719602, 43.7195838], [142.3722809, 43.7190431], [142.3725328, 43.7185576]], [[142.3442471, 43.7616301], [142.3443326, 43.7614832], [142.3445544, 43.7613129], [142.345097, 43.7608927], [142.3453005, 43.7607273], [142.3453665, 43.760673], [142.3458022, 43.7603468], [142.3465657, 43.7597539], [142.3468196, 43.759555], [142.346915, 43.7594852], [142.34701, 43.7594157], [142.3476623, 43.7589113], [142.3477365, 43.7588525], [142.34786, 43.7587687], [142.3480324, 43.7586344], [142.3485204, 43.7582584], [142.3488587, 43.7579843], [142.349268, 43.7576718], [142.349497, 43.7574943], [142.3502539, 43.7569467], [142.351072, 43.7563095], [142.3511004, 43.7562874], [142.3515702, 43.7559214], [142.3516995, 43.7558207], [142.3518376, 43.7557144], [142.3526526, 43.7550866], [142.3534547, 43.7544687], [142.3535994, 43.7543575], [142.3539691, 43.754066], [142.3540309, 43.7540172], [142.3544639, 43.7536594], [142.3548288, 43.7533058], [142.3551066, 43.752922], [142.3553065, 43.7525777], [142.3554866, 43.7523051], [142.3557282, 43.7518799], [142.3558017, 43.7517655], [142.3558695, 43.7516385], [142.3562277, 43.7509742], [142.3566948, 43.750132], [142.3567902, 43.7499734], [142.3570277, 43.7495306], [142.3572739, 43.7490978], [142.3574438, 43.7488063], [142.3575088, 43.7486884], [142.3576197, 43.7484933], [142.3577244, 43.7483091], [142.357803, 43.7481708], [142.3578605, 43.7480373], [142.3579127, 43.7477139], [142.3579316, 43.7474933], [142.357921, 43.7472492], [142.3578993, 43.7469325], [142.3578761, 43.7467549], [142.3578048, 43.7460862], [142.3577597, 43.7456681], [142.3577599, 43.7452554], [142.357779, 43.7448684], [142.3578177, 43.744606], [142.3578408, 43.7444725], [142.3578752, 43.7443426], [142.3579836, 43.7439691], [142.3580798, 43.7437136], [142.3581838, 43.7434714], [142.3585148, 43.7428402], [142.3586693, 43.7425635], [142.358863, 43.7422166], [142.3589431, 43.7420738], [142.3595971, 43.7409283], [142.3599415, 43.740351], [142.3602721, 43.7397874], [142.3603528, 43.7396456], [142.3609105, 43.7386652], [142.3615796, 43.737489], [142.3622048, 43.7363899], [142.3626355, 43.7356329], [142.362841, 43.7352716], [142.3628972, 43.7351729], [142.3632466, 43.7345586], [142.3633743, 43.7343341], [142.3646977, 43.7320076], [142.3652148, 43.7310986], [142.3654793, 43.7306335], [142.3655276, 43.7305486], [142.3661904, 43.7293897], [142.3665295, 43.7287968], [142.367459, 43.7271717], [142.3678386, 43.7265079], [142.3681666, 43.7259345], [142.3684733, 43.7253982], [142.3685423, 43.7252775], [142.3685882, 43.725197], [142.3690533, 43.7243807], [142.3700806, 43.7225772], [142.3705576, 43.721722], [142.3706698, 43.7215296], [142.3708122, 43.7212872], [142.3708665, 43.7212051], [142.371213, 43.7206398], [142.3714885, 43.7201634], [142.3718877, 43.7195649], [142.3722209, 43.7190519], [142.3725328, 43.7185576], [142.3732872, 43.7172384], [142.3735795, 43.7167316], [142.3750241, 43.714226], [142.3762423, 43.7121131], [142.3782404, 43.708564], [142.3783041, 43.7084568], [142.3788028, 43.7075771], [142.3788586, 43.7074792], [142.3814842, 43.7028475], [142.3815398, 43.7027782], [142.3828706, 43.7004783], [142.3836587, 43.6990858], [142.3841447, 43.6982272], [142.3868091, 43.6935929], [142.3868504, 43.6935206], [142.3890084, 43.6896809], [142.3894465, 43.6889278], [142.3894922, 43.6888486], [142.3902032, 43.6875859], [142.3907671, 43.6866016], [142.3912955, 43.6856676], [142.3913697, 43.6855353], [142.3916372, 43.6850738], [142.3920046, 43.6843879], [142.3920683, 43.6842719], [142.3924734, 43.6834721], [142.3926546, 43.6831337], [142.3929115, 43.6826869], [142.3933762, 43.6818913], [142.3933993, 43.6818531], [142.3937913, 43.68122], [142.394141, 43.68063], [142.3945654, 43.6799071], [142.3946353, 43.679791], [142.3946491, 43.679768], [142.3946629, 43.679745], [142.3946977, 43.6796872], [142.395229, 43.6787707], [142.3952832, 43.6786753], [142.3956568, 43.6780274], [142.3960558, 43.677332], [142.3973135, 43.6751087], [142.3973649, 43.6750178], [142.3986517, 43.6727493], [142.3986754, 43.6727076], [142.399979, 43.6704093], [142.4010319, 43.6685536], [142.4013324, 43.6680769], [142.4015199, 43.6678634], [142.4017522, 43.6676698], [142.4018656, 43.6675709], [142.4020999, 43.6674081], [142.4022979, 43.6672713], [142.4024782, 43.6671665], [142.4027228, 43.6670438], [142.4029755, 43.6669516], [142.4032152, 43.6668769], [142.4035735, 43.6667907], [142.4038716, 43.666734], [142.4041775, 43.6666812], [142.4052095, 43.6665595], [142.4060559, 43.6664498], [142.4070124, 43.6663285], [142.4073673, 43.6662835], [142.409132, 43.6660596], [142.4093518, 43.6660317], [142.4124519, 43.6656385], [142.414896, 43.665329], [142.415772, 43.665269], [142.4165329, 43.6652537], [142.4189695, 43.6652601], [142.4214326, 43.6652576], [142.4218488, 43.6652254], [142.4223326, 43.6651336], [142.4227609, 43.6649889], [142.4234688, 43.66471], [142.4280528, 43.6629038], [142.4284408, 43.6627509], [142.4290213, 43.6625294], [142.4292247, 43.6624517], [142.4296729, 43.6622595], [142.4300413, 43.6620534], [142.43049, 43.6617918], [142.4309106, 43.6615014], [142.4342897, 43.6589833], [142.4346943, 43.6586247], [142.4356692, 43.6578872], [142.4361714, 43.6575656], [142.437681, 43.6566375], [142.4385858, 43.6560849], [142.4434232, 43.6531306], [142.443923, 43.6527605], [142.4442349, 43.6524334], [142.4449834, 43.6514296], [142.4470535, 43.6484573], [142.4471388, 43.6483347], [142.4475516, 43.6477657], [142.4478059, 43.6474151], [142.4479157, 43.6472637], [142.4484668, 43.6464775], [142.4485081, 43.6464189], [142.4487058, 43.6461385], [142.4496387, 43.6448152], [142.4496658, 43.6447757], [142.4497405, 43.6446669], [142.4497604, 43.644638], [142.4501121, 43.6441416], [142.4505885, 43.6434758], [142.4506727, 43.6433548], [142.4510323, 43.6428426], [142.4512113, 43.6425875], [142.4516133, 43.6420151], [142.4516752, 43.6419269], [142.4518207, 43.6417127], [142.4523627, 43.6409551], [142.4524219, 43.6408741], [142.4539683, 43.6386908], [142.4546238, 43.6377652], [142.4554468, 43.6365551], [142.4570024, 43.6343724], [142.4576049, 43.633534], [142.4583072, 43.6326626], [142.4586093, 43.6323528], [142.4592683, 43.6318046], [142.4600213, 43.6312876], [142.4636658, 43.6289104], [142.4642873, 43.628403], [142.4647138, 43.6279089], [142.4664724, 43.6254015], [142.4665324, 43.6253198], [142.4665552, 43.6252875], [142.4669985, 43.6246853], [142.4670928, 43.6245528], [142.4675809, 43.6238513], [142.468194, 43.6229856], [142.4693108, 43.6214185], [142.4694737, 43.6212354], [142.4696717, 43.6210467], [142.469905, 43.6208793], [142.4701851, 43.6207146], [142.4750288, 43.6179926], [142.4757417, 43.6176086], [142.4760869, 43.6173249], [142.4762787, 43.6171144], [142.4764311, 43.6168829], [142.476658, 43.6162855], [142.4772244, 43.6148006], [142.4774027, 43.6142427], [142.4774454, 43.6138549], [142.4774212, 43.6134994], [142.4773746, 43.6131586], [142.477268, 43.6127748], [142.4769361, 43.6120308], [142.4764257, 43.6108867], [142.4763302, 43.6107122], [142.4762879, 43.6106349], [142.4760106, 43.6101429], [142.4758727, 43.6099402], [142.4756966, 43.6097512], [142.4749257, 43.6091982], [142.4727136, 43.6077581], [142.4714838, 43.6069611], [142.4705327, 43.6063447], [142.4702565, 43.6061628], [142.4701669, 43.6061028], [142.470072, 43.6060357], [142.4699895, 43.605974], [142.4698725, 43.6058807], [142.4697859, 43.6058067], [142.4696962, 43.6057252], [142.4696245, 43.6056561], [142.4695445, 43.6055742], [142.4694672, 43.6054897], [142.4693836, 43.6053916], [142.4693051, 43.6052917], [142.4692202, 43.6051736], [142.469147, 43.6050613], [142.4690682, 43.6049263], [142.4688993, 43.6046134], [142.4687302, 43.6042397], [142.468271, 43.603235], [142.46793, 43.602473], [142.4677335, 43.6020734], [142.467686, 43.601952], [142.467246, 43.60099], [142.4670693, 43.6005875], [142.4668322, 43.6001742], [142.466541, 43.599784], [142.4662272, 43.5994325], [142.4659073, 43.5991496], [142.4656032, 43.5989134], [142.4652867, 43.5986935], [142.4647787, 43.5983213], [142.4641856, 43.5979357], [142.4639637, 43.5977892], [142.4633925, 43.5973978], [142.4632678, 43.5973154], [142.4632496, 43.5973032], [142.4631449, 43.5972334], [142.4620794, 43.5964869], [142.4618043, 43.5962975], [142.4615753, 43.5961443], [142.4609402, 43.5957126], [142.4604608, 43.5953866], [142.460056, 43.5951008], [142.4600372, 43.5950886], [142.4591772, 43.5945014], [142.458974, 43.5943627], [142.4582378, 43.5938645], [142.458114, 43.5937759], [142.4572583, 43.5931843], [142.4565666, 43.5927038], [142.4548996, 43.5915733], [142.4547021, 43.5914389], [142.4543625, 43.5912078], [142.4539484, 43.5909306], [142.4537056, 43.5907652], [142.45351, 43.5906316], [142.453324, 43.5905045], [142.4532145, 43.5904297], [142.4531086, 43.5903589], [142.4513751, 43.5891599], [142.4513167, 43.5891181], [142.4503423, 43.5885335], [142.449941, 43.5883434], [142.4494089, 43.588137], [142.4488599, 43.5879527], [142.4470598, 43.5875994], [142.4457168, 43.5871276], [142.4452184, 43.5868631], [142.4446798, 43.586395], [142.4433539, 43.5851534], [142.4425719, 43.5846443], [142.441486, 43.584227], [142.4412288, 43.5841849], [142.440276, 43.584026], [142.4387639, 43.583949], [142.4383406, 43.5838608], [142.4379036, 43.5837132], [142.4376687, 43.5835463], [142.4373699, 43.5832909], [142.4371149, 43.5825832], [142.4371999, 43.5822107], [142.4378008, 43.5804318], [142.4380434, 43.5798498], [142.4392478, 43.5774925], [142.4393287, 43.57702], [142.4393612, 43.57683], [142.4394266, 43.5764486]], [[142.4626378, 43.4921889], [142.4626307, 43.4920938], [142.462616, 43.491868], [142.4625796, 43.4916969], [142.4625007, 43.4913846], [142.4621548, 43.4905234], [142.4620975, 43.4903185], [142.462053, 43.4901346], [142.4620359, 43.4899488], [142.4620281, 43.4897307], [142.4620377, 43.4894607], [142.4620737, 43.489243], [142.4621139, 43.4890659], [142.462174, 43.4888832], [142.4622996, 43.4886002], [142.462513, 43.4881758], [142.4627245, 43.4878146], [142.4628362, 43.487597], [142.4629356, 43.4873839], [142.4630919, 43.487012], [142.4631965, 43.4866512], [142.4632675, 43.4861633], [142.4633178, 43.4855896], [142.4633617, 43.4850142], [142.4633529, 43.4846399], [142.4632774, 43.4842695], [142.4631662, 43.4839131], [142.4631128, 43.4837776]], [[142.4626378, 43.4921889], [142.4626353, 43.4924411], [142.4626371, 43.4925728], [142.4624831, 43.4930784], [142.4621395, 43.4940529], [142.4620514, 43.4943026], [142.4618211, 43.4949339], [142.4613603, 43.4962626], [142.461189, 43.496957], [142.4610801, 43.4975719], [142.4610527, 43.498064], [142.461055, 43.4983366], [142.4611429, 43.498807], [142.4613561, 43.499541], [142.4614508, 43.499926], [142.4614425, 43.5002823], [142.4613839, 43.5005262], [142.4612977, 43.5007799], [142.4612186, 43.5009215], [142.4611644, 43.5010185], [142.4609493, 43.5012964], [142.4607077, 43.5015202], [142.4601835, 43.5019672], [142.4600222, 43.5021047], [142.4597142, 43.5023673], [142.4594623, 43.502582], [142.4591898, 43.5029341], [142.4590292, 43.5032261], [142.4589077, 43.5035521], [142.4588445, 43.5037819], [142.4586245, 43.5055597], [142.4580367, 43.5064845], [142.4571775, 43.507178], [142.4537973, 43.5098177], [142.4535826, 43.5099854], [142.4525877, 43.5105633], [142.4501469, 43.5118395], [142.4497124, 43.5120952], [142.4492843, 43.512458], [142.448423, 43.5132136], [142.4475909, 43.5139651], [142.447107, 43.5145804], [142.4469805, 43.5147412], [142.4469352, 43.5155339], [142.4471753, 43.5163376], [142.4472065, 43.5164421], [142.4475001, 43.517048], [142.4475695, 43.5171913], [142.4477266, 43.5175155], [142.447989, 43.5180656], [142.4480715, 43.5182387], [142.4482508, 43.5188366], [142.4482656, 43.5193525], [142.4480822, 43.5202136], [142.4479643, 43.520903], [142.4479301, 43.5210824], [142.4477246, 43.5218329], [142.4475683, 43.5224035], [142.4466187, 43.5242695], [142.4457143, 43.5271429], [142.4453213, 43.5279507], [142.445272, 43.5280521], [142.4444933, 43.5296529], [142.4438829, 43.5305941], [142.442888, 43.5314033], [142.4412366, 43.5327637], [142.4408415, 43.5331933], [142.4406869, 43.5334523], [142.4406306, 43.5338053], [142.4406054, 43.5340485], [142.4406889, 43.5345857], [142.4406723, 43.5351189], [142.4405885, 43.5355492], [142.4403215, 43.5359904], [142.4396628, 43.5368118], [142.4394569, 43.5371708], [142.4393273, 43.5375387], [142.4392252, 43.5380583], [142.4390058, 43.5393819], [142.4387159, 43.5410481], [142.4386937, 43.5427996], [142.4386714, 43.5432481], [142.438491, 43.5447542], [142.4384914, 43.5449809], [142.4385177, 43.5451916], [142.4386327, 43.5456704], [142.4388861, 43.5465958], [142.438944, 43.5468861], [142.4390775, 43.5475555], [142.4390896, 43.5479664], [142.4392478, 43.5507241], [142.4392673, 43.5510055], [142.4392252, 43.5512525], [142.4390897, 43.5515725], [142.4387956, 43.5519957], [142.4383526, 43.5524393], [142.4373938, 43.5533993], [142.4350198, 43.5562892], [142.4346581, 43.5571644], [142.4346806, 43.5579735], [142.4350745, 43.5595742], [142.4351328, 43.5599882], [142.4351781, 43.5613919], [142.4344546, 43.564645], [142.4344814, 43.5648475], [142.4347937, 43.5659826], [142.4354402, 43.5674397], [142.435585, 43.567766], [142.4367618, 43.5699816], [142.437035, 43.570496], [142.4372698, 43.5709282], [142.4375184, 43.5714309], [142.4377966, 43.5719376], [142.4379917, 43.5722027], [142.438468, 43.5727483], [142.4389324, 43.5732813], [142.4391415, 43.5735914], [142.4392739, 43.573878], [142.4393336, 43.574092], [142.4393859, 43.5742796], [142.439433, 43.5746663], [142.4394514, 43.5755064], [142.4394514, 43.5763035], [142.4394266, 43.5764486]], [[142.4631128, 43.4837776], [142.4630264, 43.4836395], [142.4628065, 43.4832762], [142.4624682, 43.4828867], [142.4611883, 43.4814217], [142.4610416, 43.4812375], [142.4597777, 43.4798182], [142.4577811, 43.4775517], [142.4573644, 43.4771015], [142.4571744, 43.4768804], [142.4565312, 43.4761319], [142.4561801, 43.4757232], [142.4560877, 43.4756156], [142.4559877, 43.4755031], [142.4537904, 43.4730286], [142.4537316, 43.4729614], [142.4534563, 43.4726468], [142.4532435, 43.4723742], [142.4530714, 43.4720405], [142.4530113, 43.4716979], [142.4530029, 43.4715008], [142.4530381, 43.4712502], [142.4531567, 43.4709382], [142.4535419, 43.4701594], [142.4542487, 43.4687031], [142.4544488, 43.4682907], [142.4557596, 43.4655894], [142.456819, 43.4634068], [142.457009, 43.4630015], [142.457383, 43.4622037], [142.4575181, 43.4619156], [142.4575912, 43.4617597], [142.4576642, 43.461609], [142.4586907, 43.459528], [142.458749, 43.4594097], [142.4592142, 43.4584547], [142.4595751, 43.4576953], [142.4598725, 43.4571025], [142.4605116, 43.455763], [142.4613148, 43.4541302], [142.461408, 43.4539408], [142.462068, 43.4525658], [142.4621461, 43.4524093], [142.4627638, 43.4511273], [142.4628191, 43.4510142], [142.4632569, 43.4501192], [142.4633761, 43.4498881], [142.46361, 43.4493609], [142.4636163, 43.4493403], [142.463708, 43.4490385], [142.4637692, 43.4486857], [142.4637739, 43.4485312], [142.4637814, 43.4482833], [142.4637717, 43.4481464], [142.4637481, 43.4479985], [142.4636145, 43.4474754], [142.463546, 43.4473131], [142.4635096, 43.4472406], [142.4634581, 43.447138], [142.4633477, 43.4469332], [142.4631611, 43.4466831], [142.4618854, 43.4452036], [142.4606906, 43.4438462], [142.4569664, 43.4396147], [142.4532272, 43.4353957], [142.4512894, 43.4332047], [142.4495399, 43.4312266], [142.4483254, 43.429834], [142.4464597, 43.4276945], [142.4458789, 43.4270379], [142.4421835, 43.4228159], [142.4400871, 43.4205028], [142.4384703, 43.4186381], [142.434764, 43.414435], [142.4338478, 43.4134024], [142.4333969, 43.4129248], [142.4330818, 43.4127137], [142.4329348, 43.4126491], [142.4327944, 43.4125859], [142.4325236, 43.4124793], [142.4322741, 43.412415], [142.4320504, 43.412375], [142.431745, 43.4123444], [142.4310842, 43.4123429], [142.4306848, 43.4123548], [142.4306146, 43.4123569], [142.4299847, 43.4123581], [142.4295953, 43.4123314]], [[142.388909, 43.3573962], [142.3886045, 43.3579955], [142.3883537, 43.3584771], [142.3878187, 43.3595258], [142.3875426, 43.3600689], [142.3873279, 43.3605007], [142.3872118, 43.3607447], [142.3871361, 43.3609233], [142.3870781, 43.3610838], [142.3870204, 43.3612969], [142.3869863, 43.3614678], [142.386968, 43.3616271], [142.3869551, 43.3618305], [142.3869895, 43.3623531], [142.3871018, 43.3637081], [142.3871826, 43.3646192], [142.3872548, 43.3653525], [142.3872815, 43.365496], [142.3872951, 43.3655779], [142.3873742, 43.365816], [142.3874818, 43.3660397], [142.3876126, 43.3662561], [142.3876855, 43.3663567], [142.3877575, 43.366456], [142.3879257, 43.3666355], [142.388102, 43.3668059], [142.3882451, 43.3669236], [142.3883225, 43.36698], [142.3883923, 43.3670309], [142.3885796, 43.3671514], [142.3887994, 43.3672749], [142.3890972, 43.3674281], [142.3896753, 43.3677114], [142.3902883, 43.3680154], [142.390568, 43.3681653], [142.3907383, 43.3682725], [142.3908964, 43.3683783], [142.3911038, 43.3685372], [142.3912763, 43.3686982], [142.3913987, 43.3688202], [142.3915236, 43.3689723], [142.3916247, 43.3691074], [142.3917055, 43.3692336], [142.3917798, 43.3693684], [142.3918576, 43.3695297], [142.3919284, 43.3697166], [142.3919974, 43.3699159], [142.3921209, 43.3702807], [142.3922813, 43.3707591], [142.3925176, 43.3714587], [142.3927686, 43.3721827], [142.3935342, 43.3744455], [142.3938059, 43.3752314], [142.3939289, 43.3755063], [142.3940483, 43.3757051], [142.3941813, 43.3758781], [142.3943462, 43.3760539], [142.3945147, 43.3762035], [142.3947398, 43.376366], [142.395507, 43.376839], [142.3980553, 43.3783604], [142.3995993, 43.3792933], [142.3999222, 43.3795016], [142.4001891, 43.3796993], [142.4004141, 43.3799074], [142.4006156, 43.3801199], [142.4023879, 43.3821787], [142.4060121, 43.3863589], [142.4083515, 43.3890682], [142.4096443, 43.3906076], [142.4109656, 43.3921073], [142.4132743, 43.3947446], [142.4133511, 43.3948329], [142.4143156, 43.3959519], [142.4162307, 43.398174], [142.4164357, 43.3984096], [142.417602, 43.3997497], [142.4179773, 43.4001809], [142.4184995, 43.4007971], [142.418955, 43.4013096], [142.419202, 43.4015973], [142.419893, 43.402402], [142.4206478, 43.4032653], [142.4207171, 43.4033484], [142.420788, 43.4034279], [142.4214655, 43.4041962], [142.4215403, 43.4042809], [142.4216114, 43.4043579], [142.4223059, 43.4051407], [142.4223803, 43.4052246], [142.4224556, 43.4053099], [142.4231515, 43.4060995], [142.4232153, 43.406175], [142.4239849, 43.4070388], [142.4240531, 43.4071155], [142.42412, 43.4071915], [142.4248808, 43.4080565], [142.4250345, 43.408233], [142.4251427, 43.4083562], [142.4256218, 43.4089017], [142.4256943, 43.4089844], [142.4265122, 43.4099255], [142.4265732, 43.4099941], [142.4272244, 43.4107259], [142.4273408, 43.4108562], [142.4279764, 43.4115579], [142.428065, 43.411648], [142.4281456, 43.411729], [142.4284766, 43.4119477], [142.4288029, 43.4121119], [142.4291182, 43.4122304], [142.4295953, 43.4123314]], [[142.388909, 43.3573962], [142.389358, 43.3565201], [142.3894503, 43.3563411], [142.3895108, 43.3561966], [142.3895817, 43.3560214], [142.3896737, 43.3558106], [142.389743, 43.3556117], [142.3897987, 43.3553529], [142.3898061, 43.3549751], [142.389795, 43.3547589], [142.3897656, 43.3546213], [142.3897001, 43.3544348], [142.389471, 43.3538671], [142.3891515, 43.3534073], [142.3886592, 43.3528715], [142.3883895, 43.3525461], [142.3880754, 43.3522085], [142.3860759, 43.349915], [142.3859205, 43.3497339], [142.3858704, 43.3496788], [142.3854452, 43.3492114], [142.3851567, 43.3488943], [142.3850734, 43.3488027], [142.3849859, 43.3487008], [142.3848695, 43.3485654], [142.3842436, 43.3478607], [142.3837284, 43.3472667], [142.3834998, 43.3470031], [142.3834177, 43.3469122], [142.3833366, 43.346823], [142.3826778, 43.3460752], [142.3825906, 43.3459805], [142.382078, 43.3453903], [142.3817771, 43.3450501], [142.3816567, 43.3449184], [142.381418, 43.3446341], [142.3813066, 43.3444979], [142.3814559, 43.3444307], [142.3820513, 43.344152], [142.3833701, 43.3435245], [142.3834754, 43.3434754], [142.3835916, 43.3434211], [142.3840994, 43.3431841], [142.3842232, 43.3431264], [142.3843318, 43.3430757], [142.3849634, 43.342779], [142.3850578, 43.3427368], [142.3855729, 43.3424964], [142.3856808, 43.342446], [142.3857956, 43.3423925], [142.3864036, 43.342108], [142.3866975, 43.3419657], [142.3869944, 43.341822], [142.3870938, 43.3417766], [142.3872156, 43.3417195], [142.3878397, 43.3414273], [142.388384, 43.3411699], [142.3884329, 43.3411468], [142.3885439, 43.3410929], [142.3886003, 43.3410655], [142.3886358, 43.3410483], [142.3891544, 43.3407965], [142.3897809, 43.3404981], [142.3903589, 43.3402071], [142.3907901, 43.3400015], [142.3911503, 43.3398297], [142.3912609, 43.339777], [142.3913881, 43.3397201], [142.3915087, 43.3396619], [142.391812, 43.3395153], [142.391905, 43.3394704], [142.3921542, 43.3393512], [142.3923754, 43.3392454], [142.3928664, 43.3390076], [142.3929631, 43.3389631], [142.3936561, 43.3386198], [142.3940144, 43.3384553], [142.3941762, 43.3383737], [142.3942569, 43.3383232], [142.3943314, 43.3382602], [142.394509, 43.3380643], [142.3945819, 43.3379541], [142.3947885, 43.3376419], [142.3948412, 43.3375623], [142.3951095, 43.3371264], [142.3951758, 43.3370187], [142.3951951, 43.3369872], [142.3952817, 43.3368599], [142.3953391, 43.3367689], [142.3953549, 43.3367439], [142.3954962, 43.3365448], [142.3958223, 43.3360519], [142.395909, 43.3359209], [142.3961397, 43.3355721], [142.3962146, 43.3354588], [142.396469, 43.3350743], [142.3965445, 43.3349533], [142.3966183, 43.334835], [142.396714, 43.3346817], [142.3969288, 43.334331], [142.3971234, 43.3340322], [142.3971884, 43.3339435], [142.397351, 43.3336865], [142.3976551, 43.3332212], [142.3976888, 43.3331698], [142.39773, 43.333107], [142.3981091, 43.3325289], [142.3985471, 43.331837], [142.3995228, 43.3303389], [142.3996369, 43.3301393], [142.3999599, 43.3295889], [142.4001315, 43.329272], [142.4002707, 43.3290244], [142.4006887, 43.3281865], [142.4021782, 43.3252542], [142.4024774, 43.324649], [142.4032591, 43.3230883], [142.4034071, 43.3227927], [142.403563, 43.3223728], [142.4035935, 43.3222905], [142.4036832, 43.3218526], [142.4037248, 43.3216138], [142.4037384, 43.3214681], [142.4037471, 43.3213347], [142.4037512, 43.3211208], [142.4037385, 43.3208824], [142.4037116, 43.3205382], [142.4036725, 43.3199647], [142.4036461, 43.319607], [142.4035527, 43.3184029], [142.4034975, 43.317618], [142.4034344, 43.3167882], [142.403409, 43.316455], [142.4033365, 43.3153441], [142.4032841, 43.3145121], [142.4032145, 43.3136818], [142.4030017, 43.3107297], [142.4029844, 43.3104804], [142.4028817, 43.3091665], [142.402861, 43.308866], [142.4027364, 43.307062], [142.4027023, 43.3065679], [142.4025926, 43.3052596], [142.4024845, 43.3036068], [142.4024233, 43.3027849], [142.4023821, 43.3022727], [142.4023788, 43.3022116], [142.4023394, 43.3016689], [142.402335, 43.3016066], [142.4021598, 43.299149], [142.4020352, 43.2974682], [142.4019764, 43.2966282], [142.4019448, 43.2962969], [142.4019154, 43.2961325], [142.4018733, 43.2959742], [142.4017863, 43.2957837], [142.4017234, 43.2956755], [142.401618, 43.2955312], [142.4015068, 43.2953986], [142.4013845, 43.29528], [142.4012357, 43.2951637], [142.401109, 43.2950775], [142.4010042, 43.2950143], [142.4008719, 43.2949511], [142.4007104, 43.2948764], [142.4005268, 43.2948097], [142.4003596, 43.2947551], [142.4001814, 43.2947126], [142.3999506, 43.2946715], [142.3997144, 43.2946424], [142.3995201, 43.2946376], [142.3993431, 43.2946353], [142.3991825, 43.2946449], [142.3986228, 43.294704], [142.3984903, 43.2947194], [142.3963191, 43.2949647], [142.3962517, 43.2949723], [142.3930061, 43.2953576], [142.3926706, 43.2954033], [142.392479, 43.2954165], [142.3922421, 43.295408], [142.3920069, 43.295371], [142.3916797, 43.2953015], [142.3914333, 43.2952206], [142.3911577, 43.2950975], [142.3908952, 43.2949687], [142.3893839, 43.2941451], [142.3878505, 43.2933156], [142.3868353, 43.2927689], [142.3863935, 43.2925428], [142.3860068, 43.2923527], [142.3857756, 43.2922603], [142.3855553, 43.2921779], [142.3852417, 43.2920774], [142.3850076, 43.292016], [142.384746, 43.2919626], [142.3843732, 43.2919073], [142.3841314, 43.2918782], [142.383873, 43.2918611], [142.3835284, 43.2918563], [142.3832062, 43.291865], [142.382727, 43.2918967], [142.3824595, 43.2919204], [142.3825067, 43.2915134], [142.3825068, 43.2911902], [142.3825201, 43.2908556], [142.3825002, 43.290571], [142.3824739, 43.2903037], [142.3824524, 43.2901543], [142.3824404, 43.2900831], [142.3824171, 43.2899448], [142.3823704, 43.2896638], [142.3823301, 43.2894435], [142.3823099, 43.2893245], [142.3821127, 43.2881378], [142.3820613, 43.2878281], [142.3819196, 43.2869833], [142.3818603, 43.2866192], [142.3815663, 43.2848974], [142.3813364, 43.2835177], [142.3810892, 43.2820573], [142.3809457, 43.2811992], [142.3807941, 43.2803056], [142.3807769, 43.2801084], [142.3807747, 43.2799375], [142.3807895, 43.2797], [142.3808039, 43.2795821], [142.38086, 43.2793151], [142.3809053, 43.2791472], [142.3809895, 43.278902], [142.3812854, 43.2780818], [142.381604, 43.277135], [142.381654, 43.2769975], [142.381797, 43.276657], [142.3818856, 43.2764958], [142.3819883, 43.2763175], [142.3821463, 43.2760899], [142.3828744, 43.274989], [142.383309, 43.2743344], [142.3844376, 43.272643], [142.3845258, 43.2724988], [142.384608, 43.2723465], [142.3846624, 43.2722323], [142.3847301, 43.2720732], [142.3847871, 43.2719261], [142.3848184, 43.2718271], [142.3848409, 43.2717567], [142.3848704, 43.271618], [142.3848957, 43.2714831], [142.3849071, 43.2713616], [142.3849173, 43.271166], [142.3849193, 43.2710782], [142.384921, 43.2710016], [142.3849166, 43.2708504], [142.3848938, 43.2706476], [142.3847735, 43.2697766], [142.3847028, 43.2692368], [142.3846742, 43.269018], [142.3846094, 43.2685572], [142.3844919, 43.2676557], [142.3844711, 43.2674947], [142.3843767, 43.2668334], [142.384249, 43.2658639], [142.3840509, 43.2643666], [142.3838307, 43.2627169], [142.3837177, 43.2618761], [142.3836074, 43.2610563], [142.383347, 43.2591048], [142.3833118, 43.2588411], [142.383146, 43.2575976], [142.3830577, 43.2569676], [142.3829447, 43.256131], [142.3828243, 43.255187], [142.3828173, 43.2550139], [142.3828196, 43.2548681], [142.3828267, 43.2547302], [142.3828427, 43.2546193], [142.382866, 43.254492], [142.382897, 43.254378], [142.38296, 43.254206], [142.3830175, 43.2540796], [142.3831175, 43.2538914], [142.3832437, 43.2537059], [142.3833787, 43.2535279], [142.3835793, 43.2532959], [142.3837799, 43.2530706], [142.3839021, 43.2529391], [142.3840305, 43.2527839], [142.3841089, 43.2526797], [142.3841878, 43.25257], [142.3842483, 43.2524581], [142.3842914, 43.252324], [142.384316, 43.2522191], [142.384326, 43.2521095], [142.3843263, 43.2519379], [142.3843082, 43.2517844], [142.384274, 43.251618], [142.3841212, 43.2510668], [142.3840439, 43.2507882], [142.3834038, 43.2485216], [142.3832363, 43.2479253], [142.3829225, 43.2467994], [142.3828581, 43.2465803], [142.3828296, 43.2464817], [142.3828064, 43.2463964], [142.3826181, 43.2456705], [142.3825892, 43.2455689], [142.3824127, 43.2449361], [142.3823296, 43.2446462], [142.3823058, 43.2445485], [142.3822806, 43.244452], [142.3820208, 43.2435358], [142.3819895, 43.2434239], [142.3816997, 43.2423935], [142.3816749, 43.2423089], [142.3816046, 43.2420608], [142.3815813, 43.2419812], [142.3813594, 43.2411957], [142.3813282, 43.2410732], [142.3811707, 43.2405387], [142.3809771, 43.2398218], [142.3808033, 43.2390732], [142.3807522, 43.2387817], [142.3807039, 43.2384573], [142.3806646, 43.2381644], [142.3805287, 43.2371047], [142.380289, 43.2353546], [142.380079, 43.2337429], [142.3799331, 43.2326259], [142.3798751, 43.2321953], [142.379863, 43.2321024], [142.3796074, 43.2300608], [142.3795292, 43.2294637], [142.3795202, 43.2294013], [142.3794836, 43.2291462], [142.37923, 43.227245], [142.3792061, 43.2269701], [142.3791899, 43.2267846], [142.3789643, 43.225032], [142.3787344, 43.2232515], [142.3785723, 43.2219569], [142.3785622, 43.221561], [142.3785908, 43.2210963], [142.378654, 43.220788], [142.3787352, 43.2205394], [142.3788059, 43.220375], [142.3789209, 43.220155], [142.3790599, 43.219942], [142.3792289, 43.219733], [142.3794129, 43.21957], [142.3797437, 43.2192999], [142.380165, 43.219046], [142.3806361, 43.2188572], [142.3814237, 43.2186259], [142.381564, 43.2186036], [142.3818309, 43.2185461], [142.3823488, 43.2184629], [142.3825956, 43.2184326], [142.385193, 43.218112], [142.389235, 43.217683], [142.390473, 43.217542], [142.391197, 43.21747], [142.391473, 43.217435], [142.39325, 43.217137], [142.394556, 43.216919], [142.4002708, 43.2159623], [142.4006853, 43.2158973], [142.4011798, 43.2158113], [142.4012912, 43.2157919], [142.4014785, 43.2157593], [142.402567, 43.215389], [142.403336, 43.21513], [142.406126, 43.214151], [142.407341, 43.213762], [142.407741, 43.213649], [142.407741, 43.213402], [142.407741, 43.212563], [142.407756, 43.212165], [142.407803, 43.211883], [142.407864, 43.211664], [142.408056, 43.211276], [142.409406, 43.208912], [142.409593, 43.208585], [142.411255, 43.205609], [142.412001, 43.204338], [142.412162, 43.20409], [142.412416, 43.203803], [142.412985, 43.203263], [142.4136522, 43.202673], [142.4141267, 43.202261], [142.414669, 43.2016318], [142.415088, 43.201123], [142.4154698, 43.2006827], [142.416198, 43.199734], [142.416291, 43.199599], [142.416337, 43.19947], [142.416352, 43.198869], [142.4163419, 43.1976581], [142.4163154, 43.1970663], [142.4163065, 43.1969272], [142.4163718, 43.1966103], [142.416444, 43.196348], [142.416514, 43.196139], [142.416729, 43.195689], [142.4170252, 43.1951577], [142.4176135, 43.1941021], [142.418128, 43.1932072], [142.4188383, 43.1919454], [142.4193565, 43.1909802], [142.4193897, 43.1909206], [142.419832, 43.1901708], [142.4205075, 43.188939], [142.420915, 43.1882124], [142.4210776, 43.187926], [142.4212455, 43.1875863], [142.4213785, 43.1872622], [142.4214536, 43.1870025], [142.4215233, 43.1867257], [142.4215722, 43.1864379], [142.4217342, 43.1854691], [142.4217467, 43.1853938], [142.422023, 43.183172], [142.4222621, 43.1818908], [142.4223369, 43.1814056], [142.422376, 43.1811503], [142.4224159, 43.1808918], [142.4224311, 43.1807926], [142.4228104, 43.1783111], [142.4230625, 43.1766079], [142.4232396, 43.175445], [142.4234941, 43.1737883], [142.4237555, 43.1720076], [142.4238022, 43.1716879], [142.4239026, 43.1710689], [142.4239076, 43.1709349], [142.4239018, 43.1708147], [142.4238876, 43.170711], [142.4238401, 43.1705726], [142.4237792, 43.1704474], [142.4235602, 43.1700827], [142.4234861, 43.1699331], [142.4234325, 43.1698088], [142.4234004, 43.1696924], [142.4233775, 43.1695646], [142.4233765, 43.1694398], [142.4234044, 43.1692045], [142.4235738, 43.1676901], [142.4235785, 43.1675639], [142.4235751, 43.1674319], [142.4235631, 43.1672695], [142.4235357, 43.1670803], [142.4235021, 43.1669274], [142.4234577, 43.1667725], [142.4233969, 43.1666091], [142.423327, 43.1664613], [142.4232491, 43.1663095], [142.4230289, 43.1659591], [142.421674, 43.163819], [142.421475, 43.163431], [142.421375, 43.163172], [142.421291, 43.16284], [142.421244, 43.162513], [142.421244, 43.162017], [142.421298, 43.161725], [142.421421, 43.161376], [142.421575, 43.161033], [142.421824, 43.160608], [142.4223855, 43.1596849], [142.4225438, 43.1594144], [142.4226102, 43.1592728], [142.4226783, 43.1591332], [142.4227278, 43.1590097], [142.4227597, 43.1588913], [142.4227951, 43.1587403], [142.4228128, 43.1585841], [142.4228119, 43.1583586], [142.4227959, 43.1580695], [142.4227199, 43.157144], [142.4226119, 43.1558261], [142.4225509, 43.1550649], [142.4225172, 43.1546337], [142.4224995, 43.1544471], [142.4224748, 43.1542656], [142.4224279, 43.1540799], [142.4223669, 43.1539034], [142.4222908, 43.1537422], [142.4221994, 43.1535812], [142.4220975, 43.153428], [142.4219218, 43.1531731], [142.4209926, 43.151913], [142.4204669, 43.1512131], [142.4199469, 43.1504996], [142.4195356, 43.1499444], [142.4189656, 43.1491702], [142.4188654, 43.149045], [142.4187206, 43.1488912], [142.4186049, 43.1487859], [142.4184627, 43.1486718], [142.4183008, 43.1485589], [142.4181281, 43.1484422], [142.4172857, 43.1479598], [142.4171429, 43.1478742], [142.4170205, 43.1477932], [142.4169176, 43.1477186], [142.4168086, 43.1476411], [142.4167299, 43.147569], [142.4166606, 43.1474982], [142.4165858, 43.147396], [142.4165506, 43.1473352], [142.4165079, 43.1472471], [142.416475, 43.1471504], [142.416448, 43.1470552], [142.4164279, 43.1469395], [142.4164127, 43.1467996], [142.4163273, 43.1459116], [142.4162994, 43.1456333], [142.4162566, 43.1451766], [142.4162137, 43.1447463], [142.4162113, 43.1445591], [142.4162183, 43.1443957], [142.4162447, 43.1442344], [142.4163259, 43.143852], [142.4164497, 43.1432713], [142.4165067, 43.143001], [142.4166098, 43.1425306], [142.4166399, 43.1423675], [142.4166623, 43.1422404], [142.4166717, 43.1421124], [142.4166647, 43.1419962], [142.4166447, 43.141873], [142.416613, 43.1417532], [142.4165302, 43.1415738], [142.4158871, 43.1403332], [142.4158411, 43.1402505], [142.4156242, 43.1398416], [142.4154398, 43.1394802], [142.4151678, 43.1387514], [142.4150372, 43.1383638], [142.4150032, 43.1380945], [142.4150046, 43.1378377], [142.4151471, 43.1362519], [142.415162, 43.1359789], [142.4152186, 43.1356233], [142.415322, 43.135278], [142.4154, 43.1350868], [142.4155613, 43.134712], [142.41583, 43.1342032], [142.4159586, 43.1338716], [142.4160197, 43.1336037], [142.4160341, 43.1333758], [142.4160204, 43.1331614], [142.4159464, 43.1328896], [142.4158296, 43.132614], [142.4150636, 43.1310671], [142.414895, 43.1307108], [142.414699, 43.1303403], [142.4145752, 43.1301259], [142.4144671, 43.1299406], [142.41432, 43.1297373], [142.4141129, 43.1294771], [142.4139269, 43.1292686], [142.4137051, 43.1290634], [142.4135082, 43.1288945], [142.413277, 43.1287064], [142.4129987, 43.1285214], [142.4126898, 43.1283424], [142.412272, 43.1280939], [142.4009147, 43.1214899], [142.4006833, 43.1213544], [142.400434, 43.1212084], [142.3988982, 43.1203091], [142.3985514, 43.1198264], [142.3984756, 43.1195336], [142.3984756, 43.1189638], [142.3983348, 43.117935], [142.3980205, 43.1168191], [142.3981397, 43.1150385], [142.3983673, 43.1144925], [142.3993641, 43.113345], [142.3996459, 43.1122212], [142.3998409, 43.1105593], [142.3998084, 43.1093485], [142.3999601, 43.1077341], [142.4002526, 43.1064995], [142.4007511, 43.105352], [142.400621, 43.1040937], [142.4006313, 43.1038691], [142.4006643, 43.103152], [142.4011844, 43.1019569], [142.4018237, 43.100849], [142.4026039, 43.1003267], [142.403785, 43.0996382], [142.404641, 43.0985935], [142.404771, 43.0980713], [142.404381, 43.0966152], [142.4037633, 43.0956259], [142.4027015, 43.0948741], [142.4024197, 43.0944546], [142.4029182, 43.093877], [142.4051394, 43.0927374], [142.4055404, 43.092492], [142.4058546, 43.0920963], [142.4057137, 43.0916532], [142.4052153, 43.0914078], [142.4045435, 43.0915502], [142.4036441, 43.0922625], [142.4024197, 43.0929827], [142.4013362, 43.0935208], [142.3997867, 43.0950323], [142.3995049, 43.095297], [142.3990294, 43.095482], [142.3984976, 43.0955431], [142.397536, 43.095349], [142.395785, 43.094971], [142.3930285, 43.0943722], [142.3924456, 43.09424], [142.3922851, 43.0941918], [142.3921541, 43.0941489], [142.3919957, 43.0940848], [142.3918392, 43.0940131], [142.391722, 43.0939458], [142.3916047, 43.0938732], [142.3914848, 43.0937899], [142.3913855, 43.093699], [142.3912586, 43.0935759], [142.3911523, 43.0934432], [142.3910755, 43.0933185], [142.3910097, 43.0931851], [142.3909461, 43.0930071], [142.3909139, 43.0928366], [142.3909013, 43.0926566], [142.3909142, 43.0925188], [142.3909248, 43.0924028], [142.3910262, 43.0918009], [142.3912545, 43.0904533], [142.3913061, 43.0901317], [142.391323, 43.0899385], [142.3913273, 43.0897575], [142.3913246, 43.0896232], [142.3913099, 43.0894007], [142.3912385, 43.0889741], [142.3910921, 43.0883128], [142.3910577, 43.0881656], [142.3910376, 43.0880116], [142.3910292, 43.0878765], [142.3910399, 43.0877277], [142.391075, 43.0875581], [142.3911155, 43.0874022], [142.3911947, 43.0872243], [142.3912794, 43.0870778], [142.3913789, 43.0869415], [142.3914858, 43.0868296], [142.3915829, 43.0867355], [142.3916818, 43.086655], [142.3918038, 43.086564], [142.391971, 43.086458], [142.3921138, 43.0863769], [142.3922948, 43.0862935], [142.3924721, 43.0862239], [142.3933837, 43.085928], [142.3935529, 43.085863], [142.3937298, 43.0857845], [142.3938957, 43.0856984], [142.3940476, 43.0856029], [142.3941578, 43.0855223], [142.3942681, 43.0854345], [142.3943515, 43.0853591], [142.3944217, 43.0852856], [142.3945066, 43.0851875], [142.3945605, 43.0851168], [142.3946275, 43.0850149], [142.3946863, 43.0849141], [142.3947353, 43.0848055], [142.3947809, 43.0846821], [142.3948102, 43.0845764], [142.3948338, 43.0844556], [142.394846, 43.0843157], [142.3948418, 43.084149], [142.39483, 43.0840036], [142.3948116, 43.0838821], [142.3947539, 43.0835268], [142.3946475, 43.0829169], [142.3945737, 43.08249], [142.394558, 43.0823701], [142.3945521, 43.0822252], [142.3945533, 43.0821076], [142.394566, 43.0819829], [142.3945857, 43.0818804], [142.3946199, 43.0817655], [142.3946673, 43.081647], [142.3947292, 43.0815197], [142.3947912, 43.0814152], [142.3948884, 43.081285], [142.3949826, 43.0811783], [142.3950769, 43.0810834], [142.3951921, 43.08098], [142.3953099, 43.0808954], [142.3954196, 43.0808203], [142.39559, 43.0807154], [142.3957938, 43.0805963], [142.3962829, 43.0803197], [142.3964551, 43.0802254], [142.3970439, 43.0799029], [142.397623, 43.0795769], [142.3987354, 43.078963], [142.3990046, 43.0788133], [142.3991817, 43.0787052], [142.3993143, 43.0786107], [142.3994148, 43.0785348], [142.3995186, 43.0784542], [142.3996141, 43.0783755], [142.3996998, 43.0782967], [142.3997798, 43.0782108], [142.3999104, 43.0780638], [142.4000018, 43.0779379], [142.400072, 43.0778345], [142.4001258, 43.0777429], [142.4001713, 43.0776653], [142.4002069, 43.0775949], [142.4002546, 43.0774951], [142.4003038, 43.0773726], [142.4003349, 43.0772888], [142.4003562, 43.0772217], [142.4003747, 43.0771357], [142.4004006, 43.0770119], [142.4004209, 43.0768951], [142.4004319, 43.0767581], [142.4004337, 43.0766158], [142.4004244, 43.076468], [142.4004088, 43.0763571], [142.4003876, 43.0762341], [142.4002996, 43.075803], [142.4001725, 43.0752566], [142.4000309, 43.0745771], [142.3999103, 43.0739966]], [[142.3990312, 43.0276037], [142.3980725, 43.0284322], [142.3974613, 43.0289731], [142.3971892, 43.0292313], [142.3969527, 43.0294941], [142.3968488, 43.0296308], [142.3967533, 43.0297827], [142.3966437, 43.029985], [142.3965526, 43.0301981], [142.3964633, 43.0304396], [142.3964054, 43.0306797], [142.396367, 43.0309329], [142.3963462, 43.0311893], [142.3963551, 43.0315457], [142.396534, 43.0334082], [142.3966566, 43.0346779], [142.3966771, 43.0348305], [142.3967069, 43.0349912], [142.3967424, 43.0351397], [142.3967931, 43.0353178], [142.3968604, 43.0355107], [142.3969566, 43.0357438], [142.3970651, 43.035965], [142.397219, 43.0362484], [142.3976011, 43.0369124], [142.3977141, 43.0371351], [142.3977945, 43.0373049], [142.3978734, 43.037485], [142.3979448, 43.0376906], [142.3980105, 43.0378822], [142.3980707, 43.0380912], [142.3980947, 43.0381933], [142.3981149, 43.0382927], [142.3981552, 43.0384758], [142.3982088, 43.038871], [142.3982412, 43.0391553], [142.3982762, 43.0394677], [142.3983749, 43.0404197], [142.398462, 43.0411812], [142.3985524, 43.0419399], [142.3986326, 43.0426496], [142.3986742, 43.0430163], [142.3987054, 43.0433603], [142.3987199, 43.0435991], [142.398724, 43.0438529], [142.3987337, 43.0448652], [142.398774, 43.0488048], [142.3987753, 43.0491751], [142.3987855, 43.0495921], [142.3988011, 43.0503804], [142.398807, 43.0515266], [142.39881, 43.0518746], [142.3988375, 43.0520902], [142.3988769, 43.0522781], [142.3989279, 43.0524611], [142.3990166, 43.0526614], [142.3991216, 43.0528448], [142.399248, 43.0530165], [142.3993616, 43.0531545], [142.3994682, 43.0532581], [142.3995676, 43.053353], [142.3997222, 43.0534761], [142.3998891, 43.0535936], [142.4000456, 43.0536924], [142.4002238, 43.053785], [142.4003745, 43.0538555], [142.400537, 43.0539191], [142.4007642, 43.0540026], [142.4009868, 43.0540738], [142.4012805, 43.0541589], [142.4018801, 43.0543399], [142.4024309, 43.0545094], [142.4026671, 43.0545994], [142.4028852, 43.0546889], [142.4031494, 43.0548164], [142.4034472, 43.0549785], [142.4036311, 43.055096], [142.4037693, 43.0551885], [142.4039112, 43.0552918], [142.4040636, 43.0554073], [142.4042239, 43.0555531], [142.4043457, 43.0556721], [142.4044675, 43.0558019], [142.4045782, 43.0559265], [142.4047046, 43.0560951], [142.4048184, 43.0562727], [142.4049748, 43.0565318], [142.4055166, 43.0574328], [142.4056277, 43.0576209], [142.4057012, 43.0577505], [142.4057577, 43.0578552], [142.405811, 43.0579634], [142.4058657, 43.0580807], [142.4059108, 43.0581926], [142.4059455, 43.0582944], [142.4059753, 43.0584021], [142.405997, 43.0585095], [142.406016, 43.0586144], [142.4060288, 43.0587468], [142.406035, 43.0589101], [142.4060276, 43.0590292], [142.4060173, 43.0591352], [142.4060008, 43.0592538], [142.4059745, 43.0593664], [142.4059442, 43.0594853], [142.4059023, 43.0596053], [142.4058627, 43.059706], [142.4058133, 43.0598161], [142.4056358, 43.0601228], [142.405215, 43.0607902], [142.4044773, 43.0619368], [142.4043079, 43.0621918], [142.4041857, 43.0623718], [142.4040569, 43.0625542], [142.403617, 43.0631417], [142.4030243, 43.0638872], [142.4024298, 43.0646369], [142.4020651, 43.0651036], [142.4019072, 43.0653144], [142.4017891, 43.0654853], [142.4016661, 43.0656848], [142.4015526, 43.0659061], [142.4014702, 43.0660895], [142.4014045, 43.0662543], [142.4013581, 43.0664127], [142.4013247, 43.0665675], [142.4012937, 43.0667347], [142.401273, 43.0668982], [142.4012518, 43.0671341], [142.401239, 43.067439], [142.4012148, 43.0681205], [142.4011946, 43.0683908], [142.4011676, 43.0685817], [142.4011335, 43.0687361], [142.4010985, 43.0688965], [142.4010397, 43.0690977], [142.4009647, 43.069287], [142.4008994, 43.0694338], [142.400561, 43.0701063], [142.4002578, 43.0707274], [142.4001863, 43.070917], [142.4001315, 43.0710518], [142.4000767, 43.0712145], [142.4000235, 43.0713824], [142.3999719, 43.0715785], [142.3999192, 43.071808], [142.3998732, 43.0720328], [142.3998411, 43.0722323], [142.3998158, 43.0724811], [142.3998, 43.0726724], [142.3997969, 43.0729437], [142.3998096, 43.0732195], [142.39982, 43.0733873], [142.3998383, 43.0735504], [142.3998571, 43.0736846], [142.3998748, 43.0738162], [142.3999103, 43.0739966]], [[142.3990312, 43.0276037], [142.399405, 43.0272845], [142.3995219, 43.0271788], [142.3996264, 43.0270822], [142.3997788, 43.0269288], [142.3999287, 43.0267626], [142.4000766, 43.0265752], [142.4001689, 43.0264285], [142.4002612, 43.0262511], [142.4003537, 43.0260311], [142.4004029, 43.0258623], [142.4004353, 43.0256951], [142.4004568, 43.0255104], [142.4004741, 43.0253012], [142.4005067, 43.0245189], [142.4005159, 43.0242597], [142.4005125, 43.0240127], [142.4004907, 43.023797], [142.4004577, 43.0235872], [142.4004017, 43.0233775], [142.4003229, 43.0231421], [142.4002336, 43.0229174], [142.3995981, 43.0215684], [142.3994965, 43.0213567], [142.3994165, 43.0211667], [142.3993586, 43.021009], [142.3993017, 43.0208371], [142.3992466, 43.0206333], [142.399198, 43.0203855], [142.3991883, 43.0202754], [142.3991744, 43.0201635], [142.3991638, 43.0199991], [142.3991586, 43.0197104], [142.3991629, 43.0158168], [142.3991719, 43.0146033], [142.3991805, 43.0120034], [142.3991784, 43.011789], [142.399173, 43.0113279], [142.3991764, 43.01045], [142.3991776, 43.0101272], [142.3991939, 43.0099259], [142.3992225, 43.0097361], [142.3992577, 43.0095607], [142.399317, 43.0093624], [142.3993673, 43.0092089], [142.3994397, 43.0090445], [142.3995354, 43.0088532], [142.3996265, 43.0086997], [142.3997362, 43.0085381], [142.3999037, 43.008323], [142.4000448, 43.0081573], [142.4002097, 43.0079875], [142.4004181, 43.0078057], [142.4007003, 43.0075955], [142.4010604, 43.0073651], [142.401262, 43.0072579], [142.4014802, 43.007148], [142.4017352, 43.007042], [142.4020475, 43.0069171], [142.403368, 43.0063793], [142.4046849, 43.0058429], [142.4048354, 43.0057828], [142.4054991, 43.0055157], [142.4056511, 43.0054441], [142.405761, 43.005318], [142.4058215, 43.0052499], [142.4058567, 43.005204], [142.4065676, 43.0041188], [142.4066871, 43.0039322], [142.4067888, 43.0037755], [142.4068713, 43.0036266], [142.4069127, 43.0035421], [142.4069481, 43.0034445], [142.4069833, 43.0033161], [142.4070064, 43.0031758], [142.4070133, 43.0030966], [142.4070142, 43.0030043], [142.4070042, 43.0028865], [142.4069929, 43.0027791], [142.4069707, 43.0026825], [142.4069407, 43.0025849], [142.4069076, 43.002496], [142.4068589, 43.002393], [142.4067087, 43.0021191], [142.4065526, 43.0018459], [142.4060654, 43.0010057], [142.4055436, 43.0000959], [142.404768, 42.9987475], [142.4039965, 42.9974098], [142.4034639, 42.9964992], [142.4023644, 42.994573], [142.4018097, 42.9936104], [142.4012552, 42.992663], [142.4012432, 42.9926421], [142.4010114, 42.9922402], [142.4008857, 42.9920222], [142.4003448, 42.9910797], [142.4002185, 42.9908636], [142.4000981, 42.9906507], [142.3999945, 42.9904656], [142.3995616, 42.9897229], [142.3989866, 42.9887302], [142.3986433, 42.9881367], [142.3985659, 42.9879975], [142.3985049, 42.9878615], [142.3984558, 42.9877229], [142.3984072, 42.9875645], [142.3983952, 42.9873999], [142.3983958, 42.9872747], [142.3984066, 42.987168], [142.39842, 42.9870653], [142.3984388, 42.9869744], [142.3984724, 42.9868651], [142.3985114, 42.9867636], [142.3986213, 42.9865683], [142.3987861, 42.9863101], [142.3989991, 42.9860067], [142.3994048, 42.9854183], [142.3999112, 42.9846837], [142.3999554, 42.9845657], [142.3999835, 42.9844653], [142.4000137, 42.9843457], [142.4000251, 42.9842636], [142.4000261, 42.9841822], [142.4000208, 42.9840955], [142.4000039, 42.9839833], [142.399983, 42.9838986], [142.3999329, 42.9837649], [142.3998749, 42.9836419], [142.3997542, 42.9834248], [142.399557, 42.9830756], [142.3992794, 42.9826241], [142.3992297, 42.9825384], [142.3990709, 42.9822741], [142.3990007, 42.982148], [142.3989273, 42.9820234], [142.3985555, 42.9813782], [142.3985289, 42.9813301], [142.3984789, 42.9812403], [142.3981207, 42.9806306], [142.3980455, 42.9804938], [142.3979453, 42.9803109], [142.39789, 42.9802223], [142.3976707, 42.9798254], [142.3976331, 42.979765], [142.3974787, 42.9795113], [142.3974546, 42.9794718], [142.3973417, 42.9793397], [142.3975033, 42.9792258], [142.3975587, 42.979188], [142.3982487, 42.9787173], [142.3982954, 42.9786846], [142.3987344, 42.9783858], [142.3989294, 42.9782633], [142.3989992, 42.9782246], [142.3991183, 42.9781684], [142.3992812, 42.9780974], [142.3994241, 42.9780505], [142.3995685, 42.9780138], [142.399765, 42.9779804], [142.3999345, 42.9779621], [142.4000945, 42.9779542], [142.4002372, 42.9779535], [142.4003754, 42.9779611], [142.400515, 42.977978], [142.4006502, 42.9780017], [142.4010519, 42.9780785], [142.4017123, 42.9782195], [142.4018401, 42.9782397], [142.40196, 42.9782531], [142.4021372, 42.978267], [142.4023059, 42.9782661], [142.4024818, 42.9782569], [142.4026653, 42.9782317], [142.4028773, 42.9781878], [142.4043143, 42.9777468], [142.4044451, 42.9777062], [142.4046065, 42.9776557], [142.4049687, 42.9775438], [142.4055215, 42.9773688], [142.4060452, 42.9772071], [142.4067058, 42.9770015], [142.4074951, 42.976758], [142.408109, 42.9765616], [142.4103831, 42.9758574], [142.4115066, 42.9755002], [142.4121512, 42.9753033], [142.4123688, 42.9752446], [142.412692, 42.9751729], [142.4128927, 42.9751456], [142.4130528, 42.9751297], [142.4132766, 42.9751152], [142.4134519, 42.9751147], [142.4136103, 42.9751159], [142.4137537, 42.9751236], [142.4139375, 42.9751401], [142.4141285, 42.975168], [142.4143565, 42.9752088], [142.4145878, 42.9752582], [142.4152969, 42.9754254], [142.4155592, 42.9754839], [142.4158168, 42.9755392], [142.4159816, 42.9755661], [142.4161451, 42.9755895], [142.4163086, 42.9756082], [142.4164962, 42.975624], [142.4166787, 42.9756313], [142.4168313, 42.9756292], [142.4169278, 42.9756251], [142.417047, 42.9756169], [142.417198, 42.9756024], [142.417342, 42.9755849], [142.4174597, 42.9755637], [142.4175869, 42.9755386], [142.4177703, 42.9754942], [142.4179196, 42.9754544], [142.4180881, 42.9753976], [142.4182692, 42.975326], [142.418427, 42.9752548], [142.4185596, 42.9751846], [142.4186677, 42.9751225], [142.4187727, 42.9750513], [142.4189579, 42.974919], [142.4191036, 42.974806], [142.4192463, 42.9746839], [142.4193704, 42.9745639], [142.419527, 42.9744066], [142.4196824, 42.97423], [142.4198891, 42.9739642], [142.4199656, 42.9738585], [142.4200483, 42.9737347], [142.4205753, 42.9729862], [142.4210164, 42.9723529], [142.4211412, 42.9721912], [142.4212674, 42.9720334], [142.421445, 42.9718401], [142.421506, 42.9717755], [142.421719, 42.9715564], [142.4218764, 42.9714069], [142.4220482, 42.9712611], [142.4221901, 42.9711414], [142.422344, 42.9710217], [142.4225138, 42.9708976], [142.4228415, 42.9706581], [142.4233381, 42.9702867], [142.4240601, 42.9697529], [142.4248163, 42.9691947], [142.4252101, 42.9689023], [142.4261864, 42.9681871], [142.4263918, 42.9680197], [142.4265418, 42.967893], [142.4266989, 42.9677499], [142.4268843, 42.9675507], [142.4270134, 42.9673901], [142.4271065, 42.9672377], [142.4271869, 42.9671003], [142.4272606, 42.9669365], [142.4273299, 42.9667482], [142.4273766, 42.9665846], [142.4274155, 42.9664007], [142.4274499, 42.9661642], [142.4276444, 42.9650654], [142.4278413, 42.9639238], [142.4280384, 42.9628431], [142.428155, 42.9621469], [142.4283541, 42.9610349], [142.4283852, 42.9608493], [142.4284118, 42.960667], [142.4284471, 42.960332], [142.4285087, 42.9595963], [142.4285349, 42.9593412], [142.4285468, 42.9591896], [142.4285653, 42.9590643], [142.4286191, 42.9588083], [142.4286501, 42.9586764], [142.4287015, 42.958498], [142.4287415, 42.9583626], [142.4287947, 42.9582182], [142.4288545, 42.9580834], [142.428925, 42.9579308], [142.4290041, 42.9577616], [142.4290929, 42.9576095], [142.4291671, 42.9574881], [142.4292903, 42.957288], [142.4295162, 42.9569885], [142.4298091, 42.9566002], [142.4299723, 42.9564039], [142.4301291, 42.9562305], [142.4302667, 42.956086], [142.4304126, 42.9559446], [142.4306521, 42.9557308], [142.4308516, 42.9555776], [142.431056, 42.9554245], [142.4312896, 42.9552652], [142.4314773, 42.9551467], [142.4316691, 42.9550311], [142.4319136, 42.9548958], [142.4323073, 42.9546978], [142.433444, 42.9541148], [142.4346978, 42.9534882], [142.4353351, 42.9531572], [142.4359684, 42.9528203], [142.4371576, 42.9521637], [142.438767, 42.9512648], [142.4391948, 42.9510265], [142.4397019, 42.9507404], [142.4413235, 42.9498409], [142.4414997, 42.9497391], [142.4416247, 42.9496651], [142.4417251, 42.9495937], [142.4418662, 42.9494837], [142.4420039, 42.9493583], [142.4420968, 42.9492705], [142.4421966, 42.9491711], [142.4423455, 42.9490071], [142.442468, 42.9488455], [142.4425835, 42.9486813], [142.4426551, 42.9485528], [142.4427179, 42.948441], [142.4427909, 42.9482713], [142.4428461, 42.9481099], [142.4428909, 42.9479535], [142.442994, 42.9474927], [142.443124, 42.9469022], [142.4432634, 42.9462531], [142.4435423, 42.9449913], [142.4436837, 42.9443508], [142.4438412, 42.9437025], [142.4439197, 42.9433676], [142.444207, 42.9421797], [142.4445186, 42.9408852], [142.4446138, 42.9404922], [142.4447789, 42.9398106], [142.4448281, 42.9395812], [142.4448612, 42.9393891], [142.4448951, 42.939103], [142.4449201, 42.9388059], [142.4449312, 42.9385401], [142.4449418, 42.938019], [142.4449438, 42.9367735], [142.444962, 42.9354515], [142.4449695, 42.9341693], [142.4449677, 42.9340171], [142.4449524, 42.9338629], [142.4449219, 42.9336842], [142.4448799, 42.9335278], [142.4448302, 42.9333803], [142.4447653, 42.9332381], [142.4446812, 42.9330779], [142.4445989, 42.9329271], [142.4445078, 42.9327595], [142.4439548, 42.9318842], [142.4438281, 42.9316634], [142.4437405, 42.9314744], [142.4436584, 42.9312893], [142.4436, 42.9311195], [142.4435601, 42.9309482], [142.4435358, 42.9307814], [142.443533, 42.930619], [142.4435325, 42.9304583], [142.443549, 42.9303089], [142.4435745, 42.9301589], [142.4436097, 42.9300241], [142.4436474, 42.9298879], [142.4437057, 42.9297407], [142.4439395, 42.9292072], [142.4443946, 42.9281688], [142.4445703, 42.9277589], [142.4446768, 42.9275126], [142.4449585, 42.9268698], [142.4450604, 42.9266238], [142.4450947, 42.9265322], [142.4451361, 42.9263925], [142.4451669, 42.9262574], [142.4451885, 42.9261083], [142.4452065, 42.9259538], [142.4452128, 42.9258244], [142.4452074, 42.9256933], [142.4451845, 42.925554], [142.4451592, 42.9254194], [142.4451191, 42.9252433], [142.4447864, 42.9237934], [142.4445764, 42.9229206], [142.444545, 42.9227668], [142.4445315, 42.9226209], [142.4445204, 42.9224853], [142.444531, 42.9223439], [142.4445542, 42.9222243], [142.4445894, 42.9220942], [142.4446421, 42.9219552], [142.4447018, 42.9218333], [142.4447797, 42.9216953], [142.4448745, 42.9215774], [142.4449719, 42.9214709], [142.4450622, 42.9213724], [142.4451876, 42.9212689], [142.4453079, 42.9211814], [142.4455703, 42.92102], [142.4459253, 42.9208237], [142.4467175, 42.9203854], [142.4469189, 42.9202583], [142.4470361, 42.9201624], [142.4471369, 42.9200682], [142.4472546, 42.9199482], [142.4473545, 42.9198109], [142.4474488, 42.9196438], [142.4475128, 42.9194869], [142.4475473, 42.9193477], [142.4475704, 42.9191989], [142.4475686, 42.919066], [142.4475599, 42.9189382], [142.447533, 42.9187612], [142.4470955, 42.9169315], [142.4470391, 42.9166644], [142.446992, 42.916411], [142.4469576, 42.9161391], [142.4469302, 42.9158415], [142.4469183, 42.9156145], [142.4469065, 42.9153808], [142.4469108, 42.9147628], [142.4469245, 42.9133712], [142.4469321, 42.9127085], [142.4469322, 42.9125509], [142.4469114, 42.9124071], [142.446872, 42.9122629], [142.4468218, 42.9121175], [142.4467774, 42.9120206], [142.4467237, 42.9119375], [142.4466302, 42.9117842], [142.4465508, 42.9116805], [142.4463288, 42.9114539], [142.4445133, 42.9098898], [142.4432725, 42.9091697], [142.4411988, 42.9081891], [142.4406207, 42.9080258], [142.4399241, 42.907829], [142.4379354, 42.9075063], [142.4368307, 42.9072953], [142.4361338, 42.907047], [142.4356068, 42.906538], [142.4353859, 42.9060911], [142.4354199, 42.9054208], [142.4356918, 42.9050111], [142.4363348, 42.904382], [142.4383015, 42.9023511], [142.4385276, 42.9016247], [142.4384598, 42.9014101], [142.437759, 42.900568], [142.4366739, 42.9000727], [142.4358827, 42.8993297], [142.4357019, 42.8986033], [142.4357294, 42.8983517], [142.4359115, 42.8966839], [142.4360409, 42.8954993], [142.4358601, 42.8940959], [142.4350747, 42.8917998], [142.4350148, 42.8915705], [142.4350057, 42.8913785], [142.4350293, 42.8911703], [142.4350962, 42.890935], [142.4352374, 42.8907025], [142.4353949, 42.8905224], [142.4356373, 42.8903073], [142.4361152, 42.8899598], [142.4363566, 42.8897758], [142.4365383, 42.889605], [142.4367085, 42.8893521], [142.4367706, 42.8891426], [142.4368092, 42.888943], [142.4367995, 42.8887435], [142.4367591, 42.8885453], [142.4366808, 42.8883414], [142.4365964, 42.8881773], [142.4363798, 42.8879087], [142.4361957, 42.8877606], [142.4359218, 42.8875821], [142.4356049, 42.8874509], [142.4349077, 42.8872449], [142.4346292, 42.8871687], [142.4342912, 42.8870211], [142.4340396, 42.8868611], [142.4338215, 42.8866471], [142.4337031, 42.886463], [142.4335844, 42.886202], [142.4335545, 42.8859596], [142.4335657, 42.885691], [142.4336529, 42.8853941], [142.4338617, 42.8848441], [142.4342751, 42.8836179], [142.4343699, 42.8834135], [142.4345216, 42.8831689], [142.4347298, 42.8829348], [142.4349921, 42.8826416], [142.4350723, 42.8824971], [142.4351087, 42.8823827], [142.4351225, 42.882287], [142.4351235, 42.8821704], [142.435095, 42.882038], [142.4350494, 42.8818804], [142.4350028, 42.8817621], [142.4349585, 42.8815967], [142.4349299, 42.8814305], [142.4349139, 42.8812365], [142.4348884, 42.8810361], [142.4348446, 42.8808788], [142.4347945, 42.8807216], [142.4347545, 42.8806135], [142.4346822, 42.8804656], [142.4346021, 42.8803171], [142.4345054, 42.8801685], [142.4343443, 42.8799751], [142.4341192, 42.8797271], [142.4335985, 42.8792073], [142.4323563, 42.8779654], [142.4322272, 42.877836], [142.4315809, 42.877156], [142.4309636, 42.8764638], [142.4308334, 42.8763292], [142.4299303, 42.8753955], [142.4296838, 42.8751506], [142.4295316, 42.8749802], [142.4294071, 42.8748261], [142.4293138, 42.8746813], [142.4292395, 42.8745412], [142.4291726, 42.8744063], [142.4287354, 42.8734396], [142.4268224, 42.8693084], [142.4265541, 42.8687175], [142.426316, 42.868222], [142.4261244, 42.8678486], [142.4260205, 42.8676883], [142.4259292, 42.8675763], [142.4257999, 42.8674177], [142.4256047, 42.8672121], [142.4252355, 42.8668636], [142.4245781, 42.8662616], [142.4244243, 42.8661168], [142.4243009, 42.8659706], [142.4241615, 42.8657919], [142.4240301, 42.8656155], [142.4239239, 42.8654578], [142.423845, 42.8653214], [142.4237185, 42.865062], [142.4233519, 42.8642221], [142.4227506, 42.8629525], [142.4225741, 42.8626024], [142.4224879, 42.8624556], [142.4223739, 42.862297], [142.4222663, 42.8621615], [142.4221428, 42.8620212], [142.4219683, 42.8618495], [142.4217844, 42.8616894], [142.4210235, 42.8611737], [142.4198807, 42.8604176], [142.4191988, 42.8599753], [142.4186527, 42.8596138], [142.4180497, 42.8592196], [142.4178187, 42.8590373], [142.4175672, 42.8588371], [142.4173508, 42.8586543], [142.4171348, 42.8584589], [142.4169642, 42.8582849], [142.4167883, 42.8581069], [142.4166517, 42.8579572], [142.4165107, 42.857803], [142.416371, 42.8576176], [142.4163038, 42.8575179], [142.4161895, 42.8573358], [142.4160811, 42.8571244], [142.4159957, 42.8569715], [142.4158639, 42.8566619], [142.4157374, 42.8563776], [142.4156482, 42.8561421], [142.4155748, 42.8558972], [142.4154944, 42.8555797], [142.4154298, 42.8552576], [142.4153889, 42.8549274], [142.4153671, 42.8546505], [142.4153603, 42.8543265], [142.4153702, 42.8540312], [142.4154031, 42.8537252], [142.4154772, 42.853368], [142.4158398, 42.8518254], [142.4161455, 42.8503292], [142.4164944, 42.8488081], [142.4166824, 42.8482482], [142.4168132, 42.8478571], [142.4169824, 42.8472281], [142.4172404, 42.8455462], [142.4174532, 42.8435029], [142.4174685, 42.8433059], [142.4174213, 42.8430083], [142.4172895, 42.8427193], [142.4171381, 42.8424671], [142.4168143, 42.8421078], [142.4165648, 42.8418031], [142.4164577, 42.8416693], [142.4163232, 42.841469], [142.4162344, 42.8412357], [142.4161786, 42.8410146], [142.4161302, 42.8408291], [142.4160647, 42.8405466], [142.4159084, 42.8397872], [142.4157713, 42.8390978], [142.4157225, 42.8387336], [142.4157057, 42.8386082], [142.4156638, 42.8379496], [142.4156482, 42.8368554], [142.4156354, 42.8359557], [142.4156793, 42.8351782], [142.4157201, 42.8346614], [142.4158317, 42.8330658], [142.4159644, 42.8314547], [142.4161125, 42.8293667], [142.4161489, 42.8289416], [142.4161945, 42.8283243], [142.4163046, 42.8268175], [142.4163673, 42.8262447], [142.4164821, 42.8256948], [142.416613, 42.8252069], [142.4167078, 42.8249275], [142.4168528, 42.8245626], [142.4170846, 42.824072], [142.4173116, 42.8236693], [142.4176058, 42.8231894], [142.4179182, 42.8227046], [142.4186759, 42.8214853], [142.4197285, 42.8197642], [142.420318, 42.8188227], [142.4210868, 42.8175812], [142.4212786, 42.8172819], [142.4214897, 42.8169074], [142.4215722, 42.8167737], [142.4216549, 42.8165239], [142.4216717, 42.816345], [142.421663, 42.8161786], [142.4216293, 42.8159837], [142.4215586, 42.815792], [142.4214569, 42.8156255], [142.4213478, 42.8155033], [142.4209847, 42.8151726], [142.4199487, 42.8143098], [142.4197462, 42.8140909], [142.4195906, 42.8139453], [142.418739, 42.8132206], [142.4185149, 42.8130675], [142.4182394, 42.8129038], [142.4179914, 42.8127806], [142.4176806, 42.8126323], [142.4172747, 42.8125081], [142.4166896, 42.8123564], [142.4149358, 42.8119913], [142.4147072, 42.8119462], [142.4143786, 42.8119056], [142.4140721, 42.8118811], [142.4137956, 42.8118736], [142.4135301, 42.8118662], [142.4131886, 42.8118849], [142.4125769, 42.8119319], [142.4099685, 42.8121022], [142.4096757, 42.8121163], [142.409322, 42.8121204], [142.4091074, 42.8121123], [142.4087634, 42.8120857], [142.4085464, 42.8120542], [142.4083889, 42.8120229], [142.4080841, 42.8119405], [142.4076902, 42.8118167], [142.4061796, 42.8112225], [142.4057385, 42.8110597], [142.4054518, 42.8109294], [142.4051651, 42.8107687], [142.404724, 42.8104987], [142.4035811, 42.8097354], [142.4012189, 42.8081571], [142.4009429, 42.8079587], [142.4007134, 42.8077916], [142.4004893, 42.8075881], [142.4001855, 42.8072592], [142.3984422, 42.805162], [142.3982853, 42.8049261], [142.3981504, 42.8046335], [142.3980021, 42.804244], [142.3979077, 42.8037969], [142.3978463, 42.80106], [142.3977911, 42.8007045], [142.3977167, 42.800462], [142.3976202, 42.8002599], [142.3974933, 42.8000579], [142.3972496, 42.7997071], [142.3970923, 42.7995272], [142.395979, 42.798242], [142.3958183, 42.7980566], [142.3955969, 42.7977273], [142.3954185, 42.7973556], [142.3952811, 42.7969651], [142.3952429, 42.7967485], [142.3949648, 42.7955487], [142.3948281, 42.7952342], [142.3947147, 42.7950556], [142.3945283, 42.7948747], [142.3941819, 42.7946453], [142.3937997, 42.7944216], [142.3936254, 42.794303], [142.3934346, 42.7941725], [142.3932758, 42.7940034], [142.3931533, 42.7938225], [142.3930892, 42.7936036], [142.3930803, 42.7933969], [142.3931281, 42.7931648], [142.393263, 42.7928953], [142.3941569, 42.7914404], [142.3944105, 42.7909853], [142.3944573, 42.790878], [142.3945552, 42.7906586], [142.3953112, 42.7891313], [142.39557, 42.7886032], [142.3957199, 42.7882726], [142.3958091, 42.7880068], [142.3958501, 42.7877804], [142.3958606, 42.7875876], [142.395849, 42.7873098], [142.3957638, 42.7869458], [142.3955553, 42.7862965], [142.395413, 42.7857403], [142.3951372, 42.7848019], [142.3950486, 42.7845236], [142.3949379, 42.7842696], [142.3947595, 42.7839644], [142.3945982, 42.7837531], [142.3943935, 42.783522], [142.3941833, 42.7833152], [142.3905672, 42.7800501], [142.389073, 42.7786782], [142.3877887, 42.7775101], [142.386206, 42.776071], [142.3834634, 42.7735666], [142.3823232, 42.7725306], [142.3820402, 42.7722558], [142.3818168, 42.7720109], [142.3816086, 42.7717378], [142.3811813, 42.7711888], [142.3809218, 42.7708597], [142.3807205, 42.7706033], [142.38045, 42.7702889], [142.3800833, 42.7699279], [142.3797807, 42.7696828], [142.3794172, 42.7694271], [142.3791128, 42.769245], [142.3786888, 42.7690208], [142.3762785, 42.7679284], [142.3756904, 42.7676619], [142.3753024, 42.7675053], [142.3750262, 42.7673723], [142.3748078, 42.7672335], [142.3744779, 42.7670112], [142.3740811, 42.7666717], [142.3737642, 42.7663448], [142.3735536, 42.7661131], [142.3732945, 42.7657096], [142.3730606, 42.765335], [142.3716772, 42.7631221], [142.3708106, 42.7617664], [142.3702873, 42.7609291], [142.3700426, 42.7606], [142.3698356, 42.7603642], [142.3696532, 42.7601828], [142.3693625, 42.7599395], [142.3690668, 42.7597289], [142.3678828, 42.758963], [142.365498, 42.7574505], [142.3651098, 42.7571886], [142.3648105, 42.7569773], [142.3645968, 42.7568014], [142.3643527, 42.7565678], [142.3641481, 42.7563414], [142.363955, 42.7560821], [142.3638062, 42.7558374], [142.3636982, 42.7556253], [142.36361, 42.755424], [142.3635209, 42.7551332], [142.3634762, 42.7548786], [142.3634346, 42.7546066], [142.363426, 42.7543836], [142.3634272, 42.7542112], [142.3634691, 42.7539318], [142.3636852, 42.7528564], [142.3640453, 42.7512933], [142.3641037, 42.7508833], [142.364366, 42.7497091], [142.3644802, 42.7489328], [142.3645116, 42.7487464], [142.3645529, 42.7485537], [142.3645635, 42.7483766], [142.3645378, 42.7482017], [142.3644478, 42.7480052], [142.36417, 42.747583], [142.3640597, 42.7473966], [142.3639346, 42.7471231], [142.3638781, 42.7469286], [142.3638314, 42.7467159], [142.3637896, 42.7462676], [142.3637528, 42.7460041], [142.3636475, 42.7456216], [142.3627666, 42.7431135], [142.3625965, 42.7427478], [142.3624454, 42.7425053], [142.3622943, 42.7422772], [142.3620946, 42.7420431], [142.361657, 42.7416221], [142.3586657, 42.7389061], [142.3579458, 42.7382569], [142.3560328, 42.7365099], [142.3540514, 42.7347197], [142.3538015, 42.7345103], [142.3535368, 42.734348], [142.3532791, 42.7342181], [142.3531129, 42.7341451], [142.3529171, 42.7340721], [142.3526045, 42.7339769], [142.3505079, 42.7334077], [142.3503192, 42.7333734], [142.3486251, 42.7328995], [142.3485301, 42.7328742], [142.3481801, 42.732789], [142.3471732, 42.7325193], [142.3446551, 42.7318447], [142.3433049, 42.7314911], [142.3429239, 42.7314044], [142.3428768, 42.7313936], [142.3423942, 42.7312995], [142.341971, 42.731242], [142.3416204, 42.731212], [142.3411135, 42.7311808], [142.3407802, 42.7311675], [142.3402653, 42.7311797], [142.3397505, 42.731207], [142.3393867, 42.7312437], [142.3390114, 42.7312914], [142.3386361, 42.7313402], [142.3364457, 42.7317449], [142.3356435, 42.7318674], [142.3353254, 42.7319106], [142.3349792, 42.7319262], [142.3346955, 42.7319153], [142.3343935, 42.7318709], [142.3342625, 42.7318449], [142.3341479, 42.731822], [142.3339512, 42.7317665], [142.3337627, 42.731697], [142.3335175, 42.7316078], [142.3320197, 42.7309839], [142.3315256, 42.7307836], [142.3312185, 42.7306498], [142.3307522, 42.7303897], [142.3305051, 42.7302314], [142.3303168, 42.7300899], [142.3285783, 42.7287713], [142.3278438, 42.7282141], [142.3274755, 42.7279336], [142.3268772, 42.7274834], [142.3263949, 42.7271205], [142.3262297, 42.726997], [142.3260561, 42.726873], [142.3258738, 42.7267704], [142.3257242, 42.7267032], [142.3255532, 42.726642], [142.3254107, 42.7266011], [142.3252442, 42.7265689], [142.3250733, 42.7265489], [142.3247547, 42.726543], [142.3245204, 42.7265562], [142.3243077, 42.7265884], [142.3241233, 42.7266248], [142.3232497, 42.7268675], [142.3230729, 42.7269071], [142.3228945, 42.7269374], [142.3226981, 42.7269549], [142.3224646, 42.7269581], [142.3221315, 42.7269349], [142.3195426, 42.7266598], [142.3192314, 42.7266189], [142.3189029, 42.7265547], [142.3186629, 42.7264933], [142.3184107, 42.7264126], [142.3181669, 42.7263179], [142.3171729, 42.7258135], [142.3162754, 42.7253467], [142.3159546, 42.7251794], [142.3157916, 42.7251064], [142.3156578, 42.7250548], [142.3155108, 42.7250103], [142.3153291, 42.7249668], [142.3151714, 42.7249407], [142.3150084, 42.7249223], [142.314844, 42.7249156], [142.3146762, 42.724916], [142.3144899, 42.7249348], [142.3142828, 42.7249685], [142.3140796, 42.7250206], [142.3138321, 42.7251091], [142.3136081, 42.7252196], [142.3134517, 42.725316], [142.3120244, 42.7263522], [142.3111401, 42.7269913], [142.3107505, 42.7272433], [142.3106244, 42.7273121], [142.3104869, 42.727381], [142.3102967, 42.7274583], [142.3101026, 42.7275271], [142.3098142, 42.7276088], [142.3095926, 42.7276559], [142.3093784, 42.7276886], [142.3091518, 42.7277078], [142.3089387, 42.727713], [142.308668, 42.7277066], [142.3084786, 42.7276937], [142.3083169, 42.7276736], [142.3081537, 42.7276476], [142.3079282, 42.7275993], [142.3076875, 42.7275377], [142.307046, 42.7273283], [142.3069886, 42.7273101], [142.3068751, 42.7272737], [142.3067531, 42.7272346], [142.3062557, 42.7270776], [142.3061119, 42.7270288], [142.3059178, 42.726963], [142.3052235, 42.7267378], [142.3048132, 42.7266039], [142.3046835, 42.7265701], [142.3044008, 42.7265132], [142.3041623, 42.7264761], [142.3039449, 42.7264595], [142.3036149, 42.7264467], [142.30315, 42.7264366], [142.3030347, 42.7264352], [142.3026568, 42.7264306], [142.3021476, 42.7264244], [142.3012595, 42.726417], [142.3009448, 42.7264144], [142.3005231, 42.7264116], [142.3004212, 42.7264113], [142.2995799, 42.7264013], [142.2990606, 42.7263957], [142.29846, 42.7263889], [142.2983906, 42.7263884], [142.2977083, 42.7263843], [142.2970761, 42.7263498], [142.2964919, 42.7263064], [142.2964389, 42.7263015], [142.2963061, 42.7262904], [142.296171, 42.7262781], [142.2961227, 42.7262714], [142.2953469, 42.7261641], [142.2946399, 42.7260601], [142.2936302, 42.7259146], [142.2928563, 42.7257965], [142.2926228, 42.7257648], [142.2924069, 42.7257699], [142.2919829, 42.7258143], [142.2915445, 42.7258333], [142.2895572, 42.7258187], [142.2885361, 42.7257984], [142.2883215, 42.7257916], [142.2881835, 42.7257841], [142.2878578, 42.7257663], [142.2876677, 42.725743], [142.2875381, 42.7257221], [142.2872023, 42.7256326], [142.2870387, 42.7255686], [142.2868782, 42.7254926], [142.2867167, 42.7253965], [142.2865633, 42.7252736], [142.2864405, 42.7251523], [142.286294, 42.724988], [142.2859993, 42.7244463], [142.2855832, 42.723875], [142.2854541, 42.7237205], [142.2852528, 42.7235204], [142.2850446, 42.7233443], [142.2848921, 42.723219], [142.2846171, 42.7229898], [142.2842537, 42.7227609], [142.2840006, 42.7226353], [142.2836719, 42.7224765], [142.2833346, 42.722346], [142.2827171, 42.7221453], [142.2811657, 42.7217414], [142.2807473, 42.7216408], [142.2800838, 42.7215181], [142.2798671, 42.7214876], [142.279328, 42.7214299], [142.2790197, 42.7214137], [142.2786656, 42.7214057], [142.2781528, 42.7214229], [142.2779976, 42.7214338], [142.2750789, 42.7216393], [142.2742301, 42.7217066], [142.2733512, 42.7217578], [142.2729028, 42.721757], [142.2726169, 42.7217336], [142.2723262, 42.7216775], [142.27192, 42.7215711], [142.2715704, 42.7214368], [142.2711541, 42.7212492], [142.2683598, 42.7198796], [142.2676301, 42.7195361], [142.2673235, 42.7193798], [142.2671464, 42.7192659], [142.2669397, 42.7191194], [142.266782, 42.7189678], [142.2666054, 42.7187697], [142.2663202, 42.7183976], [142.2661171, 42.7181446], [142.2659337, 42.7179461], [142.2656494, 42.7177435], [142.2654456, 42.7176344], [142.2652962, 42.7175642], [142.2650941, 42.7174996], [142.2648624, 42.7174385], [142.264572, 42.7173819], [142.2642663, 42.7173531], [142.2639754, 42.7173534], [142.2636552, 42.717372], [142.2633611, 42.7174235], [142.2628755, 42.7175798], [142.2623908, 42.71774], [142.2620417, 42.7178557], [142.2615789, 42.7179537], [142.2612146, 42.7179725], [142.2608816, 42.7179693], [142.2608421, 42.717969], [142.2606927, 42.717949], [142.260448, 42.7179083], [142.260214, 42.7178575], [142.259872, 42.7177523], [142.2593369, 42.7175309], [142.2576423, 42.7168608], [142.256457, 42.7164824], [142.255953, 42.716341], [142.2535998, 42.7156942], [142.2503448, 42.7148639], [142.2499239, 42.7147402], [142.2496766, 42.7146423], [142.2494392, 42.71453], [142.2492143, 42.7143861], [142.2488877, 42.7141353], [142.2479981, 42.7133347], [142.2477483, 42.7131324], [142.2474244, 42.7129192], [142.246863, 42.7125614], [142.2462276, 42.7121746], [142.2455824, 42.7117165], [142.2448131, 42.7111671], [142.2442439, 42.7107567], [142.2437755, 42.7104031], [142.2428826, 42.7096869], [142.2423151, 42.7092578], [142.2418414, 42.7088831], [142.2415006, 42.7086016], [142.2411746, 42.7082948], [142.2408369, 42.7079396], [142.240435, 42.7075046], [142.2392916, 42.7062332], [142.2388393, 42.7057598], [142.238433, 42.7053899], [142.237928, 42.7050091], [142.2372345, 42.7045651], [142.236875, 42.7043631], [142.2366191, 42.7042483], [142.2362475, 42.7041084], [142.2352385, 42.7038004], [142.2350049, 42.7037291], [142.2339881, 42.7034574], [142.2336827, 42.7033712], [142.2332876, 42.7032609], [142.2320483, 42.7029147], [142.2312736, 42.7026941], [142.2307239, 42.7025222], [142.2302774, 42.7023601], [142.2297985, 42.7021591], [142.229165, 42.7018738], [142.2274064, 42.701069], [142.2271113, 42.7009449], [142.2268826, 42.7008434], [142.2267487, 42.7007795], [142.2264708, 42.7006486], [142.2262247, 42.7005275], [142.2260056, 42.7004073], [142.2257197, 42.7002369], [142.2254978, 42.7000808], [142.2253406, 42.6999582], [142.2251821, 42.6998198], [142.2249875, 42.6996282], [142.2248659, 42.6995023], [142.2247484, 42.6993665], [142.2244762, 42.69902], [142.224182, 42.6986347], [142.223604, 42.6978901], [142.2233264, 42.6975544], [142.2231527, 42.6973745], [142.222937, 42.6971817], [142.2227082, 42.6970121], [142.2225432, 42.6969057], [142.2222612, 42.6967502], [142.2220001, 42.6966309], [142.221734, 42.6965293], [142.2213182, 42.6964123], [142.220045, 42.6961283], [142.2196557, 42.696025], [142.2191974, 42.6958926], [142.2187715, 42.6957245], [142.2185115, 42.6956061], [142.2182522, 42.6954627], [142.2179606, 42.6952628], [142.2176641, 42.695023], [142.2174053, 42.6947655], [142.2171865, 42.6945253], [142.2163244, 42.6934969], [142.2159805, 42.6930825], [142.2156824, 42.6926938], [142.2156042, 42.6926047], [142.2150069, 42.6917599], [142.2146546, 42.691259], [142.2137363, 42.6898634], [142.2136754, 42.6897706], [142.2132878, 42.6890667], [142.212586, 42.687951], [142.2120947, 42.6872685], [142.2114156, 42.6861357], [142.2112481, 42.6858894], [142.2110534, 42.6856284], [142.210824, 42.6853927], [142.2104667, 42.6850967], [142.2101288, 42.6847723], [142.2088853, 42.68374], [142.2087635, 42.6836522], [142.2085922, 42.6835572], [142.2083682, 42.6834615], [142.2081566, 42.6834023], [142.2079353, 42.6833504], [142.2076427, 42.6833198], [142.2073709, 42.6833116], [142.207072, 42.6833367], [142.2064928, 42.6834587], [142.2061151, 42.6835443], [142.2058536, 42.6835965], [142.2055141, 42.6836344], [142.20521, 42.6836262], [142.2048592, 42.6835711], [142.2044614, 42.6834608], [142.2041191, 42.6833454], [142.202925, 42.6828841], [142.2024828, 42.6827083], [142.2020714, 42.682502], [142.2016996, 42.6822849], [142.2012878, 42.6820074], [142.2009028, 42.6817135], [142.1988307, 42.6799444], [142.1985662, 42.6797103], [142.1982663, 42.6795415], [142.1980956, 42.6794321], [142.1979203, 42.6793588], [142.1978044, 42.6793104], [142.1977571, 42.6792906], [142.1974317, 42.6791708], [142.1971365, 42.6790917], [142.1940062, 42.678461], [142.1934428, 42.6783456], [142.193136, 42.6782458], [142.1929001, 42.6781411], [142.1927085, 42.6780291], [142.1925171, 42.6778824], [142.1923108, 42.6776741], [142.1921385, 42.6774333], [142.1918607, 42.6769805], [142.1911071, 42.6757784], [142.1909572, 42.6755216], [142.1904519, 42.6743612], [142.1901474, 42.6739397], [142.1898689, 42.6736467], [142.1895966, 42.6734313], [142.1890518, 42.673066], [142.1874973, 42.6720545], [142.1868003, 42.6716515], [142.1862628, 42.6713913], [142.1832917, 42.6699531], [142.1829449, 42.669783], [142.1826646, 42.6696209], [142.1824338, 42.6694621], [142.1821862, 42.6692578], [142.181998, 42.6690567], [142.1818813, 42.6689121], [142.1817833, 42.6687675], [142.1816659, 42.6685606], [142.1815564, 42.6683382], [142.1814347, 42.6680274], [142.1812787, 42.6676535], [142.1809783, 42.6669138], [142.1809598, 42.6668735], [142.1808805, 42.6666716], [142.1806826, 42.6661991], [142.1803359, 42.6653249], [142.1800157, 42.6645579], [142.1797042, 42.6637648], [142.1795391, 42.6633764], [142.1790685, 42.6622093], [142.1785817, 42.6609925], [142.1781376, 42.6599382], [142.1780877, 42.6598385], [142.177959, 42.6596236], [142.1778104, 42.6594229], [142.1775849, 42.6591746], [142.1773365, 42.6589635], [142.1770779, 42.6587817], [142.1767596, 42.6586068], [142.1764044, 42.6584472], [142.1760063, 42.658314], [142.1755151, 42.6582103], [142.1750357, 42.658152], [142.1732923, 42.6579523], [142.1729328, 42.6578793], [142.1725635, 42.6577701], [142.1722567, 42.657654], [142.1718906, 42.6574762], [142.1716149, 42.6572968], [142.171359, 42.6570774], [142.1710848, 42.6568049], [142.1708538, 42.6565242], [142.1686617, 42.6536805], [142.1677385, 42.6524606], [142.1674519, 42.6520465], [142.1673642, 42.6519308], [142.1672054, 42.6517213], [142.166906, 42.6513552], [142.1667264, 42.6511599], [142.1665427, 42.6509761], [142.1664042, 42.6508492], [142.1662155, 42.6506918], [142.165894, 42.6504563], [142.1655394, 42.650217], [142.1650677, 42.649895], [142.1649056, 42.6497792], [142.1647546, 42.649662], [142.1645679, 42.6494991], [142.1644128, 42.6493564], [142.1642657, 42.6492093], [142.1640931, 42.6490138], [142.1631426, 42.6479235], [142.1629293, 42.6476935], [142.1622694, 42.646921], [142.162002, 42.6465871], [142.1617248, 42.6461769], [142.1615758, 42.645877], [142.1614269, 42.6455554], [142.161209, 42.6450231], [142.1611434, 42.6448444], [142.1610441, 42.6445275], [142.1610046, 42.6444013], [142.1608793, 42.6437707], [142.1608465, 42.6436323], [142.1607532, 42.6431801], [142.1605533, 42.6421306], [142.1603226, 42.6409728], [142.1600724, 42.6396622], [142.1596811, 42.6376529], [142.159647, 42.637475], [142.159593, 42.6371957], [142.1594282, 42.636499], [142.1594151, 42.6364439], [142.1593964, 42.6363649], [142.1593831, 42.6363086], [142.1593697, 42.6362569], [142.1593579, 42.6362113], [142.159257, 42.6358222], [142.1592086, 42.6356651], [142.1590325, 42.6352276], [142.1588338, 42.6347948], [142.158692, 42.6345275], [142.1585013, 42.6341931], [142.1583576, 42.6339399], [142.1581946, 42.6336938], [142.1578997, 42.6332786], [142.1577378, 42.6330737], [142.1573082, 42.6325731], [142.1569173, 42.6321637], [142.1566947, 42.6319525], [142.1563749, 42.6316695], [142.1562351, 42.6315511], [142.1558883, 42.6312721], [142.1556072, 42.6310481], [142.1553965, 42.6308833], [142.155168, 42.6307038], [142.1551187, 42.630665], [142.1550667, 42.6306249], [142.1548304, 42.6304411], [142.1544276, 42.6301251], [142.1542714, 42.6299996], [142.1541506, 42.6299], [142.1540069, 42.6297877], [142.1538361, 42.6296458], [142.1536101, 42.6294458], [142.1533571, 42.6292078], [142.1532848, 42.6291338], [142.1531522, 42.6289815], [142.1528875, 42.6286643], [142.1524271, 42.6280695], [142.1519689, 42.6274693], [142.1517765, 42.6272272], [142.1515663, 42.6269546], [142.1512886, 42.6265871], [142.1511975, 42.6264608], [142.1511259, 42.6263529], [142.151061, 42.6262427], [142.1510127, 42.6261508], [142.1509665, 42.6260588], [142.1508982, 42.6258775], [142.1508566, 42.6257416], [142.1508214, 42.6256039], [142.150802, 42.6254751], [142.1507878, 42.6253454], [142.1507817, 42.6252198], [142.1507741, 42.625064], [142.1507854, 42.6248552], [142.1508071, 42.6246065], [142.1508131, 42.6245336], [142.1508223, 42.6244301], [142.1508452, 42.624192], [142.1508546, 42.6240434], [142.1508629, 42.6238757], [142.1508648, 42.6233522], [142.1508523, 42.6230333], [142.1508381, 42.6228968], [142.1507675, 42.622406], [142.1505661, 42.6211384], [142.1504636, 42.6204329], [142.1503273, 42.6195811], [142.150049, 42.617727], [142.1499082, 42.6169005], [142.1497561, 42.6163609], [142.1497317, 42.6162936], [142.1495385, 42.6157597], [142.1494588, 42.6155831], [142.1491252, 42.6148441], [142.1479028, 42.6121944], [142.1477222, 42.6118023], [142.1475711, 42.611437], [142.1475269, 42.6112266], [142.147515, 42.6110596], [142.1475173, 42.6109693], [142.1475262, 42.6108741], [142.1475416, 42.6107754], [142.1475658, 42.610668], [142.147604, 42.6105592], [142.1477571, 42.6101989], [142.1478658, 42.6099502], [142.1479698, 42.6096594], [142.1480214, 42.6094578], [142.148048, 42.6092199], [142.1480674, 42.6088998], [142.1481024, 42.6082596], [142.1481361, 42.6076908], [142.1482091, 42.6063818], [142.1482232, 42.6061299], [142.1482736, 42.6052253], [142.1483089, 42.6046065], [142.1483608, 42.6041776], [142.1484144, 42.60386], [142.1486133, 42.6030233], [142.1489008, 42.6018406], [142.1490375, 42.6013016], [142.1491704, 42.6007601], [142.1492485, 42.600388], [142.1492752, 42.6001776], [142.1492862, 42.5999471], [142.1492611, 42.5996983], [142.1492067, 42.5994824], [142.1491046, 42.5992289], [142.1489708, 42.5989976], [142.1488479, 42.5988249], [142.1486999, 42.5986481], [142.1482095, 42.5981352], [142.1480597, 42.5979816], [142.1471892, 42.5971032], [142.1467521, 42.5966652], [142.1464372, 42.5963439], [142.1461539, 42.5960703], [142.1459812, 42.5958823], [142.1459046, 42.5957877], [142.1458256, 42.59569], [142.1456807, 42.5954983], [142.1455477, 42.5953021], [142.1454493, 42.5951267], [142.1453638, 42.5949474], [142.1452564, 42.5946693], [142.1452039, 42.594487], [142.1451635, 42.5943069], [142.1451316, 42.5940661], [142.1451225, 42.5937826], [142.1451411, 42.5935155], [142.1451894, 42.5932319], [142.145246, 42.5929373], [142.145329, 42.5925535], [142.1455624, 42.5913128], [142.1456143, 42.5909798], [142.1456074, 42.5908071], [142.1455988, 42.5906756], [142.1455833, 42.5905464], [142.1455533, 42.5904178], [142.145499, 42.5902578], [142.1453972, 42.5900474], [142.1452848, 42.5898681], [142.1451447, 42.5896881], [142.1450049, 42.5895162], [142.1444745, 42.5889625], [142.1441216, 42.5886046], [142.1439377, 42.588411], [142.1436479, 42.5881122], [142.1433384, 42.5878247], [142.1431521, 42.5876723], [142.1430599, 42.5876059], [142.1429605, 42.5875403], [142.1428011, 42.5874477], [142.142632, 42.5873569], [142.1424137, 42.5872568], [142.1421832, 42.5871602], [142.1415081, 42.5868908], [142.1405535, 42.5865194], [142.1394369, 42.5860863], [142.1391524, 42.5859773], [142.1385241, 42.5857297], [142.1378042, 42.585447], [142.1369872, 42.5851227], [142.1366652, 42.5850054], [142.1364483, 42.5849453], [142.1362384, 42.5848878], [142.1361151, 42.5848623], [142.1358865, 42.5848256], [142.1356929, 42.5847989], [142.1356652, 42.5847951], [142.1355543, 42.5847817], [142.1353534, 42.5847629], [142.1353065, 42.5847631], [142.1347339, 42.5847658], [142.1331514, 42.5848028], [142.1326104, 42.5848163], [142.1315561, 42.5848513], [142.1314115, 42.5848561], [142.1308692, 42.5848606], [142.1308151, 42.584861], [142.1306388, 42.5848559], [142.1304706, 42.5848436], [142.1304136, 42.5848386], [142.1301037, 42.5848033], [142.1299324, 42.5847774], [142.1295618, 42.5847132], [142.1294658, 42.5846932], [142.1292379, 42.5846457], [142.1290361, 42.5845981], [142.1286732, 42.5844979], [142.128431, 42.5844208], [142.1280832, 42.5842906], [142.1277736, 42.5841558], [142.1273972, 42.5839717], [142.1261376, 42.5833126], [142.1257058, 42.5830885], [142.125598, 42.5830325], [142.1254661, 42.582967], [142.1253585, 42.5829108], [142.1248059, 42.5826222], [142.1243251, 42.5823488], [142.1239427, 42.582121], [142.1234057, 42.5817716], [142.1227304, 42.5813508], [142.1226785, 42.5813178], [142.1224728, 42.5811865], [142.1220718, 42.5809299], [142.1216211, 42.5806415], [142.1215253, 42.5805832], [142.1214298, 42.580524], [142.1210306, 42.5802642], [142.120672, 42.5800241], [142.1202246, 42.5797256], [142.1196498, 42.5793282], [142.1188045, 42.5787438], [142.1185463, 42.5785699], [142.1183648, 42.5784762], [142.1182169, 42.5783971], [142.1180265, 42.578314], [142.1177854, 42.5782268], [142.1175543, 42.5781531], [142.1173282, 42.5780915], [142.1171885, 42.5780534], [142.1158869, 42.5776987], [142.1153235, 42.5775452], [142.1151527, 42.5774986], [142.1148824, 42.577425], [142.114767, 42.5773944], [142.1147078, 42.5773786], [142.1139158, 42.5771761], [142.1126128, 42.5768222], [142.1123311, 42.5767474], [142.1118415, 42.5766166], [142.1113879, 42.5764944], [142.1101881, 42.5761691], [142.1099014, 42.5760917], [142.1098081, 42.5760664], [142.108401, 42.5756864], [142.1080975, 42.5756022], [142.1079279, 42.5755475], [142.1077727, 42.5754945], [142.1076351, 42.5754415], [142.1074735, 42.5753744], [142.1072299, 42.5752638], [142.1069911, 42.5751443], [142.106598, 42.5749268], [142.10633, 42.5747802], [142.1054396, 42.5742868], [142.1041653, 42.5735896], [142.1028508, 42.5728507], [142.1023045, 42.5725502], [142.1003429, 42.5714542], [142.0994664, 42.5709692], [142.0992315, 42.5708392], [142.0985891, 42.5704824], [142.098027, 42.5701636], [142.0976563, 42.5699421], [142.0972425, 42.5696728], [142.0968543, 42.5693932], [142.095153, 42.5680393], [142.0939098, 42.5670649], [142.0932031, 42.5664935], [142.0916664, 42.5652746], [142.0910778, 42.5648052], [142.0910394, 42.5647749], [142.0909927, 42.564738], [142.0909413, 42.5646973], [142.0908965, 42.5646621], [142.0905899, 42.5644208], [142.0893942, 42.5634857], [142.0890109, 42.5632161], [142.0887574, 42.5630521], [142.0883697, 42.5628159], [142.0881095, 42.5626706], [142.0878455, 42.5625337], [142.0875622, 42.5623984], [142.0867136, 42.5619958], [142.0850851, 42.5612411], [142.0850068, 42.561206], [142.0849127, 42.5611619], [142.0839952, 42.5607365], [142.0829348, 42.5602403], [142.0826368, 42.5600969], [142.0823148, 42.5599217], [142.082062, 42.5597621], [142.0817756, 42.5595689], [142.0816161, 42.5594498], [142.08148, 42.5593442], [142.0813439, 42.5592333], [142.0806504, 42.5586381], [142.0805011, 42.5585077], [142.078209, 42.5565711], [142.0772929, 42.5557961], [142.0772476, 42.5557578], [142.0770922, 42.5556263], [142.0770448, 42.5555861], [142.0754811, 42.5542612], [142.0749505, 42.553819], [142.0742063, 42.553183], [142.0729713, 42.552142], [142.072567, 42.5517964], [142.0714112, 42.5508184], [142.0712854, 42.550716], [142.0712629, 42.5506976], [142.0712296, 42.5506705], [142.0711469, 42.5506085], [142.0708883, 42.5504149], [142.0706766, 42.5502662], [142.0703946, 42.5500755], [142.0700414, 42.5498603], [142.0696589, 42.5496404], [142.0688507, 42.5492235], [142.0674822, 42.5485338], [142.0674351, 42.54851], [142.0669288, 42.5482546], [142.0668532, 42.5482174], [142.0667736, 42.5481782], [142.0667081, 42.5481456], [142.0655283, 42.5475587], [142.064542, 42.547054], [142.0635158, 42.5465053], [142.0631866, 42.5463289], [142.0628776, 42.5461628], [142.062839, 42.5461421], [142.0624576, 42.5459321], [142.0608378, 42.545049], [142.0607028, 42.5449777], [142.0602105, 42.5447136], [142.0599422, 42.5445683], [142.0595357, 42.5443504], [142.0593531, 42.5442525], [142.0591408, 42.5441331], [142.0589628, 42.5440132], [142.0588016, 42.5438897], [142.0586447, 42.5437528], [142.0585027, 42.5436082], [142.0583771, 42.5434699], [142.0582688, 42.5433327], [142.0581615, 42.5431664], [142.0577105, 42.5424892], [142.0567123, 42.5410136], [142.0563945, 42.540526], [142.0561718, 42.5401956], [142.056072, 42.5400311], [142.0559867, 42.5398594], [142.0559645, 42.5397828], [142.0559354, 42.5396823], [142.0558985, 42.539461], [142.0558075, 42.5388818], [142.0556758, 42.5379735], [142.0555993, 42.5374905], [142.0555687, 42.5373718], [142.0555362, 42.5372447], [142.0554862, 42.5370721], [142.0554284, 42.5369173], [142.0553122, 42.5366404], [142.0551995, 42.5364108], [142.0549598, 42.5360225], [142.0547871, 42.5357804], [142.0545944, 42.5355487], [142.0544147, 42.5353565], [142.0542326, 42.53518], [142.0540144, 42.5349822], [142.0537267, 42.5347557], [142.0533339, 42.5344855], [142.0529347, 42.5342453], [142.0525165, 42.5340002], [142.0518502, 42.5336011], [142.0514749, 42.5333758], [142.0510289, 42.5331081], [142.0494348, 42.5321717], [142.0485204, 42.5316289], [142.0475551, 42.5310505], [142.0470099, 42.5307297], [142.0467738, 42.5305765], [142.046454, 42.5303707], [142.0460953, 42.5301226], [142.0460075, 42.5300565], [142.0456883, 42.5298019], [142.0450887, 42.5292994], [142.045048, 42.5292642], [142.0449482, 42.5291823], [142.0448969, 42.5291396], [142.0446295, 42.5289171], [142.0442447, 42.5285971], [142.0439951, 42.5283756], [142.0437021, 42.5281122], [142.0431691, 42.527591], [142.0423292, 42.5267902], [142.0417122, 42.5261967], [142.0405598, 42.5251259], [142.0405314, 42.5250995], [142.0405058, 42.5250776], [142.0399835, 42.5246304], [142.0382888, 42.5231855], [142.0380393, 42.5229772], [142.0378975, 42.5228649], [142.0376382, 42.522664], [142.037586, 42.5226247]], [[142.033941, 42.5139156], [142.0342418, 42.5134244], [142.0344277, 42.513095], [142.0347101, 42.5125962], [142.0348493, 42.5123484], [142.0348687, 42.5123138], [142.0348949, 42.5122697], [142.0349303, 42.5122081], [142.034963, 42.512151], [142.0351138, 42.5118767], [142.0351517, 42.5118103], [142.035338, 42.5114743], [142.035538, 42.5111308], [142.0358581, 42.5105433], [142.035896, 42.5104738], [142.0360149, 42.5102603], [142.036167, 42.5099873], [142.036517, 42.5093632], [142.0365473, 42.5093091], [142.0366052, 42.5092059], [142.0366454, 42.5091471], [142.0367344, 42.5090171], [142.0369067, 42.5088051], [142.036954, 42.5087531], [142.0371615, 42.5085639], [142.037328, 42.5084225], [142.0378548, 42.5079718], [142.0381314, 42.5077367], [142.0382003, 42.5076778], [142.0384233, 42.5074924], [142.038784, 42.507186], [142.0388344, 42.5071432], [142.0389221, 42.5070687], [142.0390097, 42.5069955], [142.039052, 42.5069602], [142.0391834, 42.5068504], [142.0393408, 42.5067156], [142.0405311, 42.5056963], [142.0405906, 42.5056442], [142.04139, 42.5049604], [142.0414985, 42.5048655], [142.0421076, 42.5043459], [142.0424868, 42.5040221], [142.0427552, 42.5037959], [142.0428753, 42.5036954], [142.0431793, 42.5034454], [142.0436647, 42.5030853], [142.044015, 42.5028589], [142.0441894, 42.5027446], [142.0443366, 42.5026602], [142.044618, 42.5025014], [142.0449495, 42.5023189], [142.0450198, 42.5022802], [142.045304, 42.5021384], [142.0455725, 42.5020039], [142.0456968, 42.5019402], [142.0460956, 42.5017356], [142.0467952, 42.5013838], [142.0469456, 42.5013064], [142.0476198, 42.5009598], [142.0481726, 42.5006756], [142.049638, 42.499929], [142.0510896, 42.4991966], [142.0520231, 42.4986711], [142.0521654, 42.4985789], [142.0522292, 42.4985378], [142.052374, 42.4984442], [142.0527456, 42.49818], [142.0529382, 42.4979943], [142.0533269, 42.4976468], [142.0534067, 42.4975758], [142.0540752, 42.4969484], [142.054839, 42.4962298], [142.0553402, 42.4957347], [142.0558344, 42.4951648], [142.0561038, 42.4948063], [142.0562468, 42.4945965], [142.0563727, 42.4944068], [142.0564839, 42.494217], [142.0567391, 42.4937569], [142.0568679, 42.49349], [142.0570773, 42.4930354], [142.0574215, 42.4922803], [142.0575841, 42.491916], [142.057709, 42.4916821], [142.057868, 42.4914565], [142.058026, 42.4912616], [142.0582057, 42.4910866], [142.0583798, 42.4909393], [142.0585504, 42.4908118], [142.0588146, 42.4906483], [142.0590864, 42.4904993], [142.0599333, 42.4900476], [142.0604497, 42.4897723], [142.0613899, 42.4892684], [142.0622761, 42.488803], [142.0629155, 42.4884721], [142.0633341, 42.4882597], [142.0635825, 42.4881336], [142.0640323, 42.4879013], [142.0647058, 42.4875281], [142.0653758, 42.4871634], [142.0658934, 42.486883], [142.0664045, 42.4866124], [142.0664437, 42.4865916], [142.0666461, 42.4864845], [142.0667925, 42.4864049], [142.066829, 42.4863851], [142.067315, 42.4861217], [142.0682, 42.4856538], [142.0688961, 42.4852849], [142.0695814, 42.4849212], [142.0704665, 42.4844418], [142.0707055, 42.484297], [142.0718422, 42.4835844], [142.0727315, 42.4830123], [142.0727952, 42.4829713], [142.0728996, 42.4829058], [142.0729593, 42.4828682], [142.0741215, 42.4821359], [142.0745154, 42.4818769], [142.0747781, 42.4817143], [142.0751718, 42.4815238], [142.0754867, 42.4814096], [142.0760521, 42.4812155], [142.0763225, 42.4811061], [142.076386, 42.4810714], [142.0765562, 42.4809742], [142.0767425, 42.4808557], [142.076783, 42.4808299], [142.0769124, 42.4807049], [142.0770575, 42.480539], [142.0770983, 42.4804621], [142.0771579, 42.48035], [142.0772121, 42.4802193], [142.0772702, 42.4799812], [142.0772892, 42.4797586], [142.0772937, 42.4789794], [142.0773199, 42.4781127]], [[142.1660177, 42.4608505], [142.1658089, 42.4609104], [142.1648171, 42.4611924], [142.1642077, 42.4613629], [142.1635622, 42.4615691], [142.1629032, 42.4618161], [142.1617872, 42.4622536], [142.1613265, 42.4624366], [142.1608711, 42.4626027], [142.1605956, 42.4626948], [142.1603106, 42.4627829], [142.1599895, 42.4628756], [142.159667, 42.4629614], [142.1566274, 42.463719], [142.1535638, 42.4644801], [142.1519705, 42.4648798], [142.150844, 42.4651489], [142.1483046, 42.4656672], [142.145725, 42.4661914], [142.1406087, 42.4672289], [142.139163, 42.4675199], [142.1379598, 42.4677604], [142.1374456, 42.4678571], [142.1369342, 42.4679478], [142.1362803, 42.4680568], [142.1356238, 42.4681548], [142.1343282, 42.4683253], [142.1318053, 42.4686581], [142.1312074, 42.4687431], [142.1304067, 42.4688668], [142.1288805, 42.4691123], [142.1270131, 42.4694037], [142.1263982, 42.4695264], [142.1259087, 42.4696395], [142.1254652, 42.4697611], [142.1239363, 42.4702348], [142.1229423, 42.4705437], [142.1229008, 42.4705569], [142.1228031, 42.470588], [142.1226711, 42.4706295], [142.1226275, 42.4706431], [142.1205038, 42.4713096], [142.120318, 42.471366], [142.1200813, 42.4714236], [142.1198098, 42.4714841], [142.1196314, 42.4715131], [142.1194531, 42.4715341], [142.1192186, 42.4715585], [142.1189868, 42.471569], [142.1187015, 42.4715693], [142.1184163, 42.4715577], [142.1181565, 42.4715336], [142.1178968, 42.4714997], [142.117211, 42.4713723], [142.1164634, 42.4712166], [142.1163603, 42.4711949], [142.1138944, 42.4706924], [142.112768, 42.4704622], [142.1118335, 42.470276], [142.1114496, 42.4702272], [142.1110553, 42.4702105], [142.1106679, 42.4702244], [142.1089784, 42.470432], [142.1079942, 42.4705681], [142.1076079, 42.470648], [142.1071185, 42.4707832], [142.1069927, 42.4708208], [142.1063551, 42.4710118], [142.1049426, 42.4714301], [142.1046326, 42.4715226], [142.1043201, 42.4715969], [142.1038738, 42.4716836], [142.1033877, 42.4717489], [142.1030819, 42.4717725], [142.1026556, 42.4717857], [142.102224, 42.4717822], [142.101762, 42.4717545], [142.1012987, 42.4717139], [142.1000944, 42.4716125], [142.0996729, 42.4715844], [142.09925, 42.4715653], [142.0984261, 42.4715583], [142.0978977, 42.4715808], [142.0973732, 42.4716161], [142.0964412, 42.4716969], [142.095416, 42.4717993], [142.0948138, 42.471878], [142.0942103, 42.4719686], [142.0930906, 42.4721879], [142.0923488, 42.4723682], [142.0916184, 42.4725698], [142.0906532, 42.4728488], [142.0901461, 42.4729976], [142.0898703, 42.4730672], [142.0896011, 42.4731299], [142.0894001, 42.4731687], [142.0891964, 42.4732035], [142.0887887, 42.4732581], [142.0884993, 42.4732784], [142.0882086, 42.4732919], [142.087862, 42.4732949], [142.0875335, 42.4732831], [142.0871442, 42.4732496], [142.0866892, 42.4732048], [142.0849938, 42.4730258], [142.0838041, 42.4728936], [142.0830417, 42.4728089], [142.0828993, 42.4727929], [142.0818205, 42.4726765], [142.0814707, 42.4726435], [142.0811377, 42.4726215], [142.0807702, 42.4726297], [142.0803975, 42.472668], [142.0801213, 42.4727157], [142.0798497, 42.472781], [142.0795206, 42.4728861], [142.0793229, 42.4729612], [142.0791293, 42.4730432], [142.0787622, 42.4732469], [142.0784798, 42.4734497], [142.0783451, 42.4735639], [142.0781673, 42.4737344], [142.078011, 42.4739193], [142.0778238, 42.4741964], [142.0777076, 42.4744266], [142.0776369, 42.4746024], [142.0775889, 42.4747851], [142.0775594, 42.4749406], [142.0775209, 42.4751707], [142.0774322, 42.4757218], [142.0773843, 42.4761962], [142.0773635, 42.4764871], [142.0773437, 42.4771762], [142.0773394, 42.4772436], [142.0773199, 42.4781127]], [[142.1660177, 42.4608505], [142.1689362, 42.4600412], [142.1697356, 42.4598183], [142.1719943, 42.4591851], [142.1728562, 42.4589474], [142.1731651, 42.4588568], [142.1735905, 42.4587167], [142.1738534, 42.4586096], [142.1741184, 42.4584847], [142.1743649, 42.45835], [142.1745899, 42.4582114], [142.1750896, 42.45786], [142.1770487, 42.4564832], [142.1771035, 42.4564447], [142.1771743, 42.4563949], [142.177254, 42.4563389], [142.1783899, 42.4555406], [142.1791953, 42.4549781], [142.1795604, 42.4547172], [142.1800073, 42.4544226], [142.1802894, 42.454265], [142.1805795, 42.4541193], [142.1809382, 42.4539682], [142.1819782, 42.4535777], [142.1839838, 42.4528104], [142.1844139, 42.452647], [142.1849419, 42.4524419], [142.1852926, 42.4522988], [142.1857547, 42.4520953], [142.1863093, 42.4518457], [142.1865259, 42.4517427], [142.187054, 42.4515069], [142.1874428, 42.4513746], [142.1877078, 42.4513066], [142.1884649, 42.4511396], [142.1901324, 42.4507667], [142.1925955, 42.450215], [142.1938235, 42.4499374], [142.1943282, 42.4498205], [142.1947219, 42.4497079], [142.1949688, 42.449623], [142.1952158, 42.4495262], [142.195469, 42.4494151], [142.1956979, 42.4492931], [142.1959111, 42.4491687], [142.1960359, 42.4490867], [142.1961971, 42.4489746], [142.1963448, 42.4488606], [142.1966333, 42.4486034], [142.1968235, 42.4484041], [142.1970419, 42.4481417], [142.1972648, 42.4477935], [142.1982905, 42.4458053], [142.1984415, 42.4455065], [142.1985487, 42.4453599], [142.198664, 42.4452153], [142.1987853, 42.4450886], [142.1989175, 42.4449618], [142.1990786, 42.4448359], [142.1992452, 42.4447199], [142.1995944, 42.4445264], [142.2016307, 42.4434542], [142.2021285, 42.443184], [142.202465, 42.4429798], [142.2027907, 42.4427743], [142.2032261, 42.4424751], [142.2052783, 42.4410347], [142.2063274, 42.4402985], [142.2065691, 42.4401146], [142.206781, 42.4399102], [142.2068966, 42.4397672], [142.2070048, 42.439606], [142.2070941, 42.4394374], [142.2071563, 42.4392675], [142.2072862, 42.438807], [142.2075705, 42.4377994], [142.2076259, 42.4375903], [142.2076683, 42.437438], [142.2077559, 42.4371288], [142.2078626, 42.4367613], [142.207924, 42.4366032], [142.2079908, 42.4364491], [142.20809, 42.4362582], [142.2082108, 42.4360673], [142.2083793, 42.4358398], [142.2085666, 42.4356163], [142.208933, 42.4352519], [142.2092757, 42.4349013], [142.2094916, 42.4346952], [142.2096887, 42.4345287], [142.2098195, 42.4344253], [142.2099611, 42.4343278], [142.2101681, 42.4341898], [142.2103912, 42.4340597], [142.2107247, 42.4338895], [142.211069, 42.4337232], [142.2119516, 42.4332957], [142.2121673, 42.4331973], [142.212391, 42.4331108], [142.2126305, 42.4330321], [142.2128679, 42.4329697], [142.2136583, 42.4327832], [142.2140696, 42.4326882], [142.2142159, 42.4326535], [142.2145718, 42.4325691], [142.2147795, 42.4325035], [142.2149856, 42.4324066], [142.2152504, 42.4322659], [142.2164633, 42.4314638], [142.2169986, 42.4310885], [142.2173096, 42.4308244], [142.2176411, 42.4304858], [142.2179282, 42.4301737], [142.2189934, 42.4290479], [142.2200694, 42.4278991], [142.2203233, 42.4276463], [142.2205969, 42.4274136], [142.2208535, 42.427224], [142.2211163, 42.4270493], [142.2214073, 42.426877], [142.2214934, 42.4268261], [142.2216609, 42.4267351], [142.2217209, 42.4267026], [142.2226712, 42.4261867], [142.2230673, 42.4259717], [142.2231081, 42.4259495], [142.223203, 42.425898], [142.2233781, 42.4257763], [142.2234104, 42.4257539], [142.2238477, 42.42545], [142.2239989, 42.4253449], [142.2244456, 42.4250345], [142.2247899, 42.4247952], [142.224852, 42.4247521], [142.2250881, 42.424588], [142.2256435, 42.4242088], [142.2256995, 42.4241705], [142.2257987, 42.4241023], [142.2258671, 42.4240553], [142.225978, 42.4239727], [142.2260776, 42.4238978], [142.2262129, 42.4237793], [142.2262905, 42.423698], [142.2264432, 42.4235222], [142.2265725, 42.4233321], [142.226679, 42.42314], [142.2268043, 42.4228593], [142.2268675, 42.4227175], [142.2270005, 42.4224029], [142.2271352, 42.4220841], [142.2272667, 42.4217729], [142.2274008, 42.4214558], [142.2275307, 42.4211485], [142.2276656, 42.4208292], [142.2277318, 42.4206707], [142.2279203, 42.4202196], [142.2281921, 42.4195722], [142.2285288, 42.4187224], [142.2287451, 42.4181809], [142.2289512, 42.4176783], [142.2290452, 42.4175126], [142.229144, 42.4173471], [142.2292632, 42.4171835], [142.2293952, 42.4170256], [142.2295587, 42.4168614], [142.2297453, 42.4167012], [142.2299091, 42.416576], [142.2300918, 42.4164556], [142.2302747, 42.4163442], [142.2305038, 42.4162263], [142.2315591, 42.4157414], [142.2333287, 42.4149316], [142.2338094, 42.4147284], [142.2342485, 42.4145759], [142.2346475, 42.4144491], [142.2350891, 42.4143358], [142.2355039, 42.4142423], [142.2361931, 42.4141262], [142.2381843, 42.4138252], [142.2401779, 42.4135245], [142.2407238, 42.4134331], [142.2410386, 42.4133676], [142.241298, 42.4132995], [142.2416017, 42.4132004], [142.2418606, 42.4131023], [142.2421895, 42.4129541], [142.2424408, 42.4128259], [142.2427354, 42.4126415], [142.2429376, 42.4125042], [142.2432242, 42.4122777], [142.2442402, 42.4114617], [142.2455038, 42.4104488], [142.2465434, 42.4096164], [142.246608, 42.4095658], [142.2481088, 42.4083614], [142.2492405, 42.4074591], [142.2503845, 42.4065338], [142.2505611, 42.406371], [142.2507403, 42.406191], [142.250885, 42.4060296], [142.2510226, 42.4058656], [142.251162, 42.4056716], [142.2513527, 42.4053927], [142.2520464, 42.404367], [142.2526403, 42.403486], [142.2532754, 42.4025507], [142.2536792, 42.4019575], [142.2539274, 42.4015921], [142.2540057, 42.4014789], [142.2541942, 42.4012011], [142.2544353, 42.4008437], [142.2547602, 42.4003813], [142.2550181, 42.4000469], [142.255374, 42.3996362], [142.2555782, 42.3994144], [142.2557878, 42.3991946], [142.256215, 42.3987927], [142.2565073, 42.3985387], [142.2568102, 42.3982906], [142.2573516, 42.3978779], [142.2578357, 42.3975439], [142.25825, 42.3972773], [142.258596, 42.3970511], [142.2587832, 42.3969142], [142.2589759, 42.3967604], [142.259106, 42.3966438], [142.2592844, 42.3964677], [142.2594526, 42.396281], [142.2596207, 42.3960734], [142.2600697, 42.3954967], [142.2602405, 42.3952803], [142.2604083, 42.3950854], [142.2606284, 42.3948799], [142.2610264, 42.3945652], [142.2612005, 42.3944277], [142.2616723, 42.3940656], [142.2624151, 42.393491], [142.2632699, 42.3928264], [142.263481, 42.3926665], [142.2636733, 42.3925324], [142.2638436, 42.3924207], [142.2646507, 42.3919361], [142.2651338, 42.391643], [142.2653922, 42.3914854], [142.2655849, 42.39135], [142.2657561, 42.3912225], [142.2659364, 42.3910735], [142.2662005, 42.3908328], [142.2667369, 42.390342], [142.2673074, 42.3898131], [142.2684358, 42.3887798], [142.2689607, 42.3882582], [142.269841, 42.3873496], [142.2712204, 42.3859207], [142.271294, 42.3858444], [142.2716073, 42.3855311], [142.2718168, 42.3853388], [142.2721303, 42.38509], [142.272314, 42.3849599], [142.2725085, 42.3848376], [142.2726857, 42.3847287], [142.272871, 42.3846257], [142.2730508, 42.3845359], [142.2732361, 42.384454], [142.2736137, 42.384299], [142.2743682, 42.3840109], [142.2762757, 42.3832735], [142.2767772, 42.3830707], [142.277118, 42.3829103], [142.27731, 42.3828065], [142.277469, 42.3827064], [142.2777266, 42.3825233], [142.2777671, 42.3824931], [142.2778464, 42.382434], [142.2779366, 42.3823505], [142.2779683, 42.3823212], [142.2780541, 42.3822419], [142.2782215, 42.3820675], [142.2783536, 42.3819138], [142.2784073, 42.3818407], [142.2785022, 42.381704], [142.2785816, 42.3815732], [142.2787076, 42.3813253], [142.278804, 42.3810775], [142.2788227, 42.3810214], [142.2788552, 42.3809236], [142.2791144, 42.3801325], [142.2793427, 42.379438], [142.279529, 42.3788649], [142.2797173, 42.3782769], [142.279845, 42.3779451], [142.2799395, 42.3777403], [142.280055, 42.3775087], [142.2801178, 42.3773977], [142.2801966, 42.3772586], [142.2802602, 42.3771463], [142.2802957, 42.3770931], [142.2803632, 42.376992], [142.280494, 42.3768078], [142.280644, 42.3766151], [142.2807658, 42.3764637], [142.2808997, 42.3763122], [142.2811998, 42.3760016], [142.2814987, 42.375733], [142.2817868, 42.3754965], [142.2821094, 42.3752449], [142.282455, 42.3749856], [142.2830248, 42.3745638], [142.2834092, 42.3742706], [142.2838299, 42.3739516], [142.2844269, 42.3735029], [142.2844706, 42.3734703], [142.2850238, 42.3730587], [142.2852984, 42.3728743], [142.2855133, 42.3727493], [142.2858024, 42.372599], [142.286104, 42.3724515], [142.2864527, 42.3722958], [142.2870167, 42.3720385], [142.2878601, 42.3716554], [142.2890258, 42.3711253], [142.289431, 42.3709419], [142.2900822, 42.3706412], [142.2917628, 42.3698793], [142.2920618, 42.3697438], [142.2924593, 42.3695602], [142.2927547, 42.3694514], [142.293015, 42.3693846], [142.293201, 42.3693462], [142.2933817, 42.3693186], [142.2936136, 42.3693066], [142.2938398, 42.3693116], [142.2940455, 42.3693281], [142.2941812, 42.3693468], [142.294309, 42.3693694], [142.2944555, 42.3694027], [142.2946007, 42.3694414], [142.2947649, 42.3694957], [142.2949238, 42.3695593], [142.2950962, 42.3696372], [142.2952883, 42.3697571], [142.2954374, 42.3698616], [142.2955431, 42.3699447], [142.2956414, 42.3700307], [142.295898, 42.3702837], [142.296105, 42.3704895], [142.2964335, 42.3708169], [142.2973019, 42.3716791], [142.297619, 42.3719912], [142.2979773, 42.3723458], [142.2981442, 42.3725276], [142.2983112, 42.3727064], [142.2985505, 42.3730099], [142.2988113, 42.3733396], [142.2994768, 42.3741498], [142.2999176, 42.3746479], [142.3001121, 42.3748493], [142.3002408, 42.3749617], [142.3003447, 42.3750465], [142.3004439, 42.3751177], [142.3006165, 42.375236], [142.3007412, 42.3753021], [142.3008613, 42.375367], [142.3009957, 42.3754331], [142.3011399, 42.3754954], [142.3012984, 42.3755578], [142.3014562, 42.3756106], [142.3016278, 42.3756585], [142.3018064, 42.3757051], [142.3020177, 42.3757522], [142.3022727, 42.375794], [142.302485, 42.3758152], [142.3027056, 42.3758316], [142.30292, 42.3758378], [142.3031267, 42.3758365], [142.3033068, 42.3758254], [142.3034955, 42.375808], [142.3040128, 42.3757357], [142.3050043, 42.3755984], [142.3057473, 42.3754949], [142.3062999, 42.3754203], [142.3065873, 42.3753722], [142.3067263, 42.3753441], [142.306876, 42.3753081], [142.3070182, 42.3752681], [142.3071173, 42.3752346], [142.3072057, 42.3752036], [142.3073801, 42.3751305], [142.3075369, 42.375057], [142.3077035, 42.3749633], [142.3078234, 42.3748919], [142.3079311, 42.3748243], [142.3080337, 42.3747463], [142.3081262, 42.3746704], [142.3082376, 42.3745694], [142.3083526, 42.3744572], [142.3084775, 42.3743208], [142.3085691, 42.3742011], [142.3086494, 42.3740746], [142.3087035, 42.373983], [142.3087437, 42.3739], [142.3087815, 42.373803], [142.3088169, 42.3736827], [142.3088464, 42.3735658], [142.3088666, 42.373447], [142.3088764, 42.3733334], [142.3088806, 42.3732359], [142.3088767, 42.3730727], [142.3088603, 42.3728952], [142.3088156, 42.3727102], [142.3088076, 42.3726772], [142.30877, 42.3725731], [142.3086667, 42.3723505], [142.3085782, 42.372198], [142.3083674, 42.371869], [142.308043, 42.3713384], [142.3079371, 42.3711468], [142.3077757, 42.3709986], [142.3076303, 42.3707505], [142.3075703, 42.3706009], [142.3075347, 42.370452], [142.307528, 42.3702969], [142.3075744, 42.3701216], [142.3076829, 42.3700312], [142.3077723, 42.3698971], [142.3078459, 42.3698041], [142.3079241, 42.3697111], [142.3080531, 42.3696107], [142.3081507, 42.3695374], [142.3083433, 42.3693844], [142.308539, 42.3692317], [142.3087352, 42.3690785], [142.308974, 42.3688922], [142.3093164, 42.368625], [142.3095137, 42.368471], [142.3097021, 42.368324], [142.3099021, 42.368168], [142.3101006, 42.3680148], [142.3101632, 42.3679668], [142.3118505, 42.3666474], [142.3119036, 42.3666059], [142.3119968, 42.3665329], [142.3120189, 42.3665155], [142.3126093, 42.3660518], [142.3130194, 42.3657309], [142.3132606, 42.365525], [142.3134499, 42.3653447], [142.3136347, 42.3651431], [142.3138086, 42.364914], [142.3139557, 42.3646882], [142.3140732, 42.3644706], [142.3140926, 42.364432], [142.3141532, 42.3643112], [142.3142093, 42.3642024], [142.3142286, 42.3641649], [142.3142446, 42.3641344], [142.314528, 42.363595], [142.3149794, 42.3627395], [142.3151394, 42.3624409], [142.3152279, 42.3622759], [142.3154332, 42.3618694], [142.3154507, 42.3618355], [142.3154945, 42.3617508], [142.3155373, 42.3616679], [142.3155545, 42.3616346], [142.3157494, 42.3612574], [142.3159691, 42.3608343], [142.3159975, 42.360781], [142.3160414, 42.3606985], [142.3160873, 42.3606126], [142.3163201, 42.3601773], [142.3163631, 42.3600968], [142.3164713, 42.3598966], [142.3166112, 42.3596356], [142.3170362, 42.3588223], [142.3171921, 42.3585131], [142.317221, 42.3584557], [142.3173051, 42.3583064], [142.3174062, 42.3581224], [142.3175106, 42.3579325], [142.3175916, 42.3577699], [142.3180113, 42.3569709], [142.3180946, 42.3568369], [142.3182534, 42.3566546], [142.3183611, 42.3565446], [142.3184843, 42.3564422], [142.3185932, 42.3563603], [142.3187101, 42.3562864], [142.3193851, 42.355912], [142.3196516, 42.3557662], [142.3203588, 42.3553814], [142.3209557, 42.3550205], [142.3212581, 42.3548073], [142.3214885, 42.354608], [142.321786, 42.3543413], [142.3228075, 42.353428], [142.3234071, 42.3528849], [142.3239458, 42.3524021], [142.3244398, 42.3519558], [142.324631, 42.3517904], [142.325287, 42.3512833], [142.3256088, 42.3510739], [142.3262299, 42.3506416], [142.3268817, 42.3501984], [142.3274829, 42.3497846], [142.3281256, 42.3493465], [142.3290474, 42.3487253], [142.3300607, 42.3481336], [142.3301659, 42.3480746], [142.3309332, 42.3476309], [142.3323284, 42.3468221], [142.3330976, 42.3463715], [142.3335423, 42.3461107], [142.334887, 42.3453355], [142.3370323, 42.3440883], [142.3373001, 42.3439348], [142.3377795, 42.3436995], [142.3381703, 42.3435372], [142.3386113, 42.3433937], [142.340322, 42.3429208], [142.3410019, 42.3427328], [142.3425648, 42.3423031], [142.3441331, 42.3418688], [142.3451186, 42.3415992], [142.3454836, 42.3414985], [142.345749, 42.3414256], [142.3459857, 42.3413651], [142.3462191, 42.3413092], [142.3466049, 42.3412525], [142.346652, 42.3412483], [142.3468018, 42.3412363], [142.3469518, 42.341229], [142.3469997, 42.3412266], [142.347314, 42.3412272], [142.3482418, 42.3413069], [142.3493914, 42.3414057], [142.3501217, 42.3414684], [142.3502007, 42.3414752], [142.3503183, 42.3414853], [142.3508272, 42.341529], [142.3511072, 42.3415531], [142.351221, 42.3415629], [142.3518659, 42.3416183], [142.3522158, 42.3416483], [142.3523121, 42.3416566], [142.3525115, 42.3416738], [142.3525598, 42.3416779], [142.3526445, 42.3416854], [142.3537691, 42.3417845], [142.3540096, 42.3418058], [142.3541104, 42.3418147], [142.3544014, 42.3418404], [142.3546479, 42.3418622], [142.3548127, 42.3418767], [142.3552598, 42.3419162], [142.3557291, 42.3419577], [142.3558616, 42.3419694], [142.356017, 42.3419815], [142.3561857, 42.3419946], [142.3564649, 42.3420163], [142.3565162, 42.3420203], [142.3566782, 42.3420329], [142.3568505, 42.3420469], [142.3569, 42.3420509], [142.3569815, 42.3420575], [142.3573097, 42.3420841], [142.3575444, 42.3421032], [142.3578117, 42.3421261], [142.3581755, 42.3421589], [142.3587965, 42.3422139], [142.3591011, 42.3422399], [142.3595603, 42.3422794], [142.3598029, 42.3423014], [142.3600228, 42.3423112], [142.360108, 42.3423152], [142.3602253, 42.3423206], [142.3604037, 42.3423157], [142.3604492, 42.3423145], [142.3606589, 42.3423088], [142.3609209, 42.3422816], [142.3611234, 42.3422504], [142.3614342, 42.3421857], [142.3616712, 42.3421201], [142.3618644, 42.3420538], [142.3620427, 42.3419865], [142.3622446, 42.3419018], [142.3624123, 42.3418161], [142.3625612, 42.3417293], [142.3627529, 42.3416131], [142.3628318, 42.3415662], [142.3629256, 42.3415014], [142.3632209, 42.3413002], [142.3632289, 42.3412948], [142.3634988, 42.3411048], [142.3635711, 42.3410558], [142.3636893, 42.3409756], [142.3638636, 42.3408559], [142.363948, 42.3407973], [142.3641037, 42.3406933], [142.364143, 42.3406665], [142.3642622, 42.3405852], [142.3643439, 42.3405251], [142.3643826, 42.3404967], [142.3645868, 42.3403467], [142.3647626, 42.3401891], [142.3648594, 42.3400818], [142.3650285, 42.3398679], [142.3651635, 42.3396368], [142.3652812, 42.3393557], [142.3655526, 42.338648], [142.3655688, 42.3386032], [142.3656319, 42.3384394], [142.3656737, 42.3383089], [142.3656838, 42.3382769], [142.3657165, 42.3381723], [142.3657481, 42.3380712], [142.3657602, 42.3380323], [142.3658332, 42.3377899], [142.3658409, 42.337765], [142.3658684, 42.3376763], [142.365962, 42.3373756], [142.3659748, 42.3373399], [142.3660113, 42.3372386], [142.366067, 42.3371494], [142.3660887, 42.3371145], [142.3662878, 42.336822], [142.3664427, 42.3366295], [142.3664793, 42.3365873], [142.3666094, 42.3364338], [142.3666455, 42.336395], [142.3667088, 42.3363268], [142.366783, 42.3362501], [142.3668137, 42.3362184], [142.3674309, 42.3356684], [142.3680064, 42.3351746], [142.3681552, 42.3350468], [142.3682982, 42.3349123], [142.3683848, 42.3348063], [142.3684121, 42.334773], [142.3685047, 42.3346597], [142.3685567, 42.3345509], [142.3685755, 42.3345116], [142.3686112, 42.3344352], [142.3686411, 42.33436], [142.368675, 42.3342665], [142.3686967, 42.3341604], [142.3687252, 42.3339278], [142.3687347, 42.3337093], [142.3687514, 42.3332746], [142.3687708, 42.3328111], [142.3687935, 42.3321514], [142.3687956, 42.3320525], [142.3689056, 42.3295426], [142.3689151, 42.3293211], [142.3689385, 42.3291111], [142.3689529, 42.3289971], [142.3689692, 42.3288851], [142.3689934, 42.3287594], [142.3690223, 42.3286347], [142.3690517, 42.328517], [142.3690892, 42.3283993], [142.3691047, 42.3283641], [142.3691202, 42.3283288], [142.3691625, 42.3282328], [142.3692218, 42.3281048], [142.3693619, 42.3278892], [142.3695019, 42.3277155], [142.369622, 42.3275928], [142.3697611, 42.327472], [142.3699503, 42.3273263], [142.3701553, 42.3271764], [142.3703764, 42.3270143], [142.3704556, 42.3269581], [142.3719313, 42.3258868], [142.3727957, 42.3253419], [142.3734195, 42.324962], [142.3736644, 42.3248286], [142.3739039, 42.324709], [142.3741454, 42.324605], [142.3743869, 42.3245108], [142.3748768, 42.3243494], [142.375373, 42.3242251], [142.3766841, 42.3239154], [142.3770909, 42.3238009], [142.3774628, 42.3236795], [142.3777423, 42.3235754], [142.3780133, 42.323464], [142.3782607, 42.3233504], [142.3784973, 42.3232358], [142.3799304, 42.3224665], [142.380922, 42.321937], [142.3814844, 42.3216256], [142.3819303, 42.3213723], [142.3831461, 42.3206462], [142.3836517, 42.3203625], [142.3843194, 42.3200093], [142.3851143, 42.3195936], [142.3855525, 42.3193583], [142.3863816, 42.3188913], [142.3875667, 42.3182313], [142.3878313, 42.3180971], [142.3881076, 42.3179693], [142.3885141, 42.3178144], [142.3889285, 42.3176922], [142.3894375, 42.3175749], [142.3903788, 42.3174104], [142.39066, 42.3173749], [142.3909039, 42.3173485], [142.3912705, 42.317329], [142.3925509, 42.3173341], [142.3928218, 42.317319], [142.393145, 42.3172854], [142.3932828, 42.3172637], [142.3933747, 42.3172423], [142.3934577, 42.3172237], [142.3935628, 42.3171977], [142.3936652, 42.3171697], [142.3937953, 42.3171313], [142.3940199, 42.3170538], [142.3958189, 42.3163302], [142.3965488, 42.3160354], [142.3980116, 42.3154414], [142.3986997, 42.3151629], [142.3995297, 42.3148245], [142.3999714, 42.3146432], [142.4004254, 42.3144595], [142.4009407, 42.3142503], [142.4014747, 42.3140338], [142.4017681, 42.3139149], [142.4018619, 42.3138762], [142.402103, 42.3137775], [142.4023191, 42.313687], [142.4025311, 42.3135896], [142.4026863, 42.3135046], [142.4028249, 42.3134194], [142.4029875, 42.3133047], [142.4031103, 42.3131965], [142.4032265, 42.3130838], [142.4033651, 42.3129165], [142.4034623, 42.312782], [142.4035786, 42.3125749], [142.4037888, 42.3121318], [142.4039842, 42.3117173], [142.4040909, 42.3115611], [142.404187, 42.3114357], [142.4042843, 42.3113361], [142.4043683, 42.3112554], [142.4045126, 42.3111453], [142.4046582, 42.3110471], [142.4048183, 42.3109623], [142.4049851, 42.3108854], [142.4051427, 42.3108281], [142.4053633, 42.3107688], [142.405567, 42.3107244], [142.4057484, 42.310702], [142.4059244, 42.3106906], [142.4085318, 42.3106855], [142.4086192, 42.3106847], [142.4088225, 42.3106849], [142.4093589, 42.3106849], [142.4097117, 42.3106854], [142.4171068, 42.3106958], [142.4187821, 42.3106961], [142.4201264, 42.3106993], [142.4206782, 42.3107042], [142.4207848, 42.3107081], [142.4213132, 42.3107355], [142.4218348, 42.3107798], [142.4219329, 42.3107904], [142.4224468, 42.3108563], [142.4235644, 42.311005], [142.4239998, 42.3110514], [142.4242731, 42.3110652], [142.4245215, 42.3110618], [142.4247962, 42.3110368], [142.4250756, 42.3109769], [142.4252121, 42.3109334], [142.4253379, 42.310883], [142.4255855, 42.3107673], [142.425898, 42.3106147], [142.4260533, 42.3105322], [142.4263093, 42.3104001], [142.4265734, 42.310273], [142.4268688, 42.3101467], [142.4270538, 42.3100814], [142.4272912, 42.310008], [142.4275916, 42.3099315], [142.4278322, 42.3098818], [142.4280567, 42.309845], [142.4288845, 42.3097279], [142.4302713, 42.3095232], [142.4303836, 42.3095068], [142.4323743, 42.3092177], [142.4350388, 42.3088277], [142.4353302, 42.3087842], [142.4370192, 42.3085371], [142.4371586, 42.3085124], [142.4373208, 42.3084834], [142.4373903, 42.308471], [142.4376532, 42.308413], [142.4380157, 42.3083264], [142.4382006, 42.3082712], [142.4385597, 42.308164], [142.4405377, 42.307416], [142.4427248, 42.3065926], [142.4443842, 42.3059626], [142.4454176, 42.3055688], [142.4477603, 42.3046759], [142.4478479, 42.3046426], [142.4488222, 42.3042749], [142.4491515, 42.3041479], [142.4498844, 42.3038702], [142.4502844, 42.3037191], [142.4504674, 42.3036506], [142.4505842, 42.303607], [142.4516155, 42.303212], [142.4518785, 42.3031066], [142.4519482, 42.3030772], [142.4522343, 42.3029437], [142.4522642, 42.3029266], [142.4524083, 42.3028441], [142.452482, 42.3027944], [142.4525128, 42.3027736], [142.452713, 42.3026315], [142.4529251, 42.302446], [142.4531538, 42.30221], [142.4533406, 42.3019646], [142.4534053, 42.301856], [142.4534717, 42.3017398], [142.4535321, 42.3016221], [142.453579, 42.3014989], [142.4536098, 42.3014138], [142.4536433, 42.3013133], [142.453673, 42.3011967], [142.4536951, 42.3010867], [142.4537104, 42.3009757], [142.4537164, 42.3009172], [142.4537193, 42.3008749], [142.4537216, 42.3008396], [142.4537239, 42.3007772], [142.4537258, 42.3007486], [142.4537224, 42.3006182], [142.4536704, 42.299931], [142.4536795, 42.2996146], [142.4537101, 42.2994061], [142.4537992, 42.2990211], [142.4538755, 42.2986912], [142.4539166, 42.298519], [142.4539521, 42.2983702], [142.4539644, 42.2983184], [142.4539744, 42.2982769], [142.4539762, 42.2982696], [142.4539867, 42.2982252], [142.4542481, 42.2971195], [142.4544634, 42.2961294], [142.4544799, 42.2960552], [142.4545538, 42.2957387], [142.4546652, 42.2952506], [142.4547073, 42.2950592], [142.4549129, 42.2946141], [142.4550246, 42.2944391], [142.4551319, 42.2942841], [142.4552272, 42.2941612], [142.4552849, 42.2940958], [142.4559006, 42.2934095], [142.4577472, 42.2913706], [142.4580504, 42.2910235], [142.4585218, 42.2905357], [142.4592429, 42.2898199], [142.4599947, 42.2890978], [142.4606439, 42.2884698], [142.4617661, 42.2873927], [142.4627278, 42.2864726], [142.4652247, 42.2840744], [142.4657024, 42.2836571], [142.4663798, 42.2831298], [142.4667561, 42.2828654], [142.4671802, 42.2825891], [142.4675593, 42.2823566], [142.4682591, 42.2819657], [142.4685902, 42.2817845], [142.4697916, 42.2811121], [142.4700826, 42.2809382], [142.4703457, 42.2807475], [142.470549, 42.2805862], [142.4708106, 42.280336], [142.4711931, 42.2799294], [142.4715505, 42.2795584], [142.4717569, 42.2793737], [142.4718537, 42.2792901], [142.4719638, 42.2792065], [142.4721082, 42.2791066], [142.4722539, 42.2790166], [142.4724395, 42.2789152], [142.4727694, 42.2787723], [142.4733761, 42.2785499], [142.4735619, 42.2784861], [142.4738584, 42.2783637], [142.474124, 42.2782244], [142.4742752, 42.2781199], [142.474423, 42.2779914], [142.4745366, 42.2778811], [142.4746077, 42.2777959], [142.4747295, 42.2776273], [142.4748387, 42.277395], [142.4749347, 42.2771212], [142.475046, 42.276825], [142.4751707, 42.2765278], [142.4752973, 42.2763164], [142.4753453, 42.2762414], [142.4753974, 42.2761669], [142.4755082, 42.2760249], [142.4757727, 42.275696], [142.4760895, 42.2753136], [142.4763954, 42.2749546], [142.4764615, 42.2748833], [142.4765417, 42.2748205], [142.4766202, 42.2747635], [142.4767081, 42.2747143], [142.4767839, 42.2746762], [142.4768751, 42.2746421], [142.4769913, 42.2746026], [142.4771089, 42.2745705], [142.4772397, 42.2745452], [142.4773758, 42.2745298], [142.4776888, 42.2745233], [142.4781259, 42.2745074], [142.4782509, 42.274492], [142.4783731, 42.2744727], [142.4784919, 42.2744448], [142.4786106, 42.2744119], [142.4787424, 42.2743646], [142.4788716, 42.2743133], [142.479415, 42.2741028], [142.4812007, 42.2734013], [142.4821993, 42.2729761], [142.4826419, 42.2727738], [142.4827039, 42.2727442], [142.4828119, 42.2726958], [142.4828791, 42.2726648], [142.4832825, 42.2724759], [142.4834379, 42.272399], [142.4835015, 42.2723676], [142.4837641, 42.272202], [142.4838846, 42.2721117], [142.4840811, 42.27191], [142.4842282, 42.2717278], [142.4843845, 42.2715148], [142.4845707, 42.2712527], [142.4846893, 42.271102], [142.4847641, 42.271007], [142.4848306, 42.2709314], [142.4848807, 42.2708803], [142.4849611, 42.2708073], [142.4850688, 42.2707115], [142.48518, 42.2706236], [142.485298, 42.2705409], [142.4854228, 42.2704651], [142.4855156, 42.2704105], [142.485609, 42.2703608], [142.4857104, 42.2703101], [142.4858179, 42.2702648], [142.4859489, 42.2702133], [142.4860792, 42.2701673], [142.4867107, 42.2699534], [142.4874245, 42.2697144], [142.487917, 42.2695386], [142.4880988, 42.2694697], [142.4882751, 42.2693978], [142.4886279, 42.2692461], [142.4888609, 42.2691404], [142.4890939, 42.2690427], [142.4895572, 42.2688501], [142.4904895, 42.2684858], [142.4914732, 42.2681069], [142.4918522, 42.2679562], [142.4920546, 42.2678663], [142.4922544, 42.2677724], [142.4924493, 42.2676727], [142.4926403, 42.267569], [142.4927692, 42.2674964], [142.4928941, 42.2674217], [142.4930746, 42.2672973], [142.4935568, 42.2669624], [142.4938349, 42.2667964], [142.4941523, 42.2666436], [142.4943791, 42.2665527], [142.494509, 42.2665071], [142.494643, 42.2664656], [142.4947984, 42.2664346], [142.4949524, 42.2664106], [142.4952674, 42.2663932], [142.4955587, 42.2664024], [142.4956801, 42.2664164], [142.4958015, 42.2664353], [142.4959345, 42.2664664], [142.4960661, 42.2665034], [142.4962105, 42.2665564], [142.4963495, 42.2666182], [142.4964911, 42.2666967], [142.4966286, 42.2667801], [142.4968527, 42.2669383], [142.4970352, 42.2670759], [142.4972177, 42.2672134], [142.4974242, 42.267348], [142.4976549, 42.2674791], [142.4978311, 42.2675619], [142.4980514, 42.2676367], [142.498357, 42.2677083], [142.4986484, 42.2677536], [142.4991308, 42.2678088], [142.4992714, 42.2678249], [142.4994678, 42.2678473], [142.5007098, 42.267961], [142.5011183, 42.2680003], [142.5014679, 42.2680072], [142.5020856, 42.2679895], [142.5032921, 42.2679577], [142.5037542, 42.2679683], [142.5039912, 42.2679801], [142.5043209, 42.2680134], [142.5046922, 42.2680705], [142.5050202, 42.268134], [142.505356, 42.2682133], [142.5056998, 42.2683145], [142.5067004, 42.2686409], [142.5068994, 42.2686955], [142.507145, 42.2687465], [142.5074409, 42.2687785], [142.5077229, 42.2687812], [142.5079064, 42.2687727], [142.50809, 42.2687542], [142.5082602, 42.2687253], [142.5084776, 42.2686761], [142.5086248, 42.2686329], [142.5087432, 42.2685929], [142.5088782, 42.2685395], [142.5090114, 42.2684747], [142.5091669, 42.268391], [142.5113, 42.2670822], [142.5113899, 42.267027], [142.5135473, 42.265696], [142.5137807, 42.265526], [142.5138939, 42.2654359], [142.5139938, 42.2653449], [142.5141065, 42.2652411], [142.5142453, 42.2650858], [142.5143761, 42.2649161], [142.5146063, 42.2645818], [142.5146591, 42.2644983], [142.5146883, 42.2644531], [142.5147999, 42.2642884], [142.5148817, 42.2641822], [142.5149663, 42.264086], [142.5151001, 42.2639603], [142.5151989, 42.2638792], [142.5153327, 42.2637862], [142.515465, 42.2637038], [142.5156319, 42.2636166], [142.5169151, 42.2630994], [142.5173217, 42.2629203], [142.5177697, 42.2626872], [142.5197197, 42.2616052], [142.5202034, 42.2613407], [142.5206965, 42.2610782], [142.5217028, 42.260574], [142.5222541, 42.2603176], [142.5228146, 42.2600873], [142.5230913, 42.2599906], [142.5233734, 42.2599028], [142.5235469, 42.2598556], [142.5237915, 42.2597944], [142.5240169, 42.2597472], [142.5242464, 42.2597029], [142.5248925, 42.2595954], [142.5250992, 42.2595461], [142.5252979, 42.2594918], [142.5255417, 42.2594192], [142.5257787, 42.2593396], [142.5267683, 42.2589771], [142.5272956, 42.258772], [142.5276162, 42.258641], [142.5279315, 42.2585051], [142.5282397, 42.2583705], [142.5286137, 42.2581923], [142.5292804, 42.2578492], [142.5306995, 42.2571076], [142.5313203, 42.256816], [142.5316505, 42.2566695], [142.5319848, 42.25653], [142.5325915, 42.2562943], [142.5340683, 42.2557445], [142.5350241, 42.25539], [142.5360859, 42.2549898], [142.5367475, 42.2547397], [142.5370026, 42.2546386], [142.5375276, 42.2544347], [142.537855, 42.2543006], [142.5380563, 42.2542174], [142.5382187, 42.2541384], [142.5383798, 42.2540545], [142.5385745, 42.2539432], [142.5395573, 42.2533288], [142.5397777, 42.2531991], [142.540006, 42.2530743], [142.540189, 42.2529842], [142.5405886, 42.2527994], [142.5410664, 42.2526004], [142.5440131, 42.2513916], [142.5441692, 42.2513456], [142.544328, 42.2513105], [142.544582, 42.2512754], [142.5456008, 42.2511893], [142.5461358, 42.2511471], [142.5475424, 42.2510307], [142.548662, 42.2509308], [142.5488003, 42.2509199], [142.5511164, 42.2507351], [142.5513594, 42.2507111], [142.5515938, 42.2506652], [142.5518169, 42.2505921], [142.5520852, 42.2504773], [142.5525382, 42.2502148], [142.5526302, 42.2501615], [142.5527002, 42.2501177], [142.5527697, 42.2500708], [142.5529092, 42.2499757], [142.5529619, 42.249938], [142.5533532, 42.2496521], [142.5538462, 42.2492959], [142.554023, 42.249189], [142.5542403, 42.2490734], [142.5543929, 42.2490057], [142.5545435, 42.2489514], [142.5546733, 42.2489102], [142.5548032, 42.248872], [142.5549249, 42.2488443], [142.5550643, 42.2488156], [142.5555568, 42.2487261], [142.5559915, 42.2486508], [142.5565562, 42.2485516], [142.5566288, 42.2485391], [142.5567572, 42.2485163], [142.5568864, 42.2484934], [142.5571586, 42.2484458], [142.5578502, 42.2483253], [142.5585954, 42.248195], [142.5586669, 42.2481825], [142.5588257, 42.2481572], [142.558943, 42.2481396], [142.5593268, 42.2480818], [142.5594268, 42.2480668], [142.559941, 42.2480088], [142.5600146, 42.2480022], [142.5604245, 42.2479654], [142.5607735, 42.2479416], [142.5612644, 42.2479129], [142.5617279, 42.2478917], [142.561774, 42.2478896], [142.5619431, 42.2478808], [142.5620796, 42.2478735], [142.5621291, 42.2478713], [142.5622891, 42.247864], [142.5631609, 42.2478202], [142.5632326, 42.2478166], [142.5633304, 42.247811], [142.5634304, 42.2478053], [142.5636371, 42.2477914], [142.5638698, 42.2477704], [142.5641761, 42.2477196], [142.5643924, 42.2476707], [142.5646802, 42.2475892], [142.5649799, 42.2474956], [142.5654522, 42.2473426], [142.5659447, 42.2471833], [142.5662453, 42.2470839], [142.5666128, 42.2469697], [142.5676959, 42.2467035], [142.5687804, 42.2464562], [142.5689896, 42.2464093], [142.5691661, 42.2463809], [142.5694196, 42.2463605], [142.569634, 42.2463582], [142.5698805, 42.2463722], [142.5700833, 42.2463993], [142.5702831, 42.2464348], [142.5705625, 42.246516], [142.5714127, 42.2468326], [142.5716257, 42.2468958], [142.571862, 42.2469376], [142.5720902, 42.2469484], [142.5722694, 42.2469358], [142.572521, 42.246901], [142.5745528, 42.2466259], [142.5749583, 42.2465679], [142.5753571, 42.2465039], [142.5756192, 42.2464477], [142.575879, 42.2463841], [142.5759981, 42.2463523], [142.5762286, 42.2462844], [142.5764385, 42.2462157], [142.5785778, 42.2455045], [142.5790294, 42.2453707], [142.5794604, 42.245252], [142.5799268, 42.2451411], [142.5803504, 42.2450526], [142.5811642, 42.2449072], [142.5823541, 42.2447032], [142.5833794, 42.2445289], [142.5839056, 42.2444383], [142.5841284, 42.244391], [142.5843486, 42.2443377], [142.5845749, 42.2442787], [142.5848212, 42.2442078], [142.5850507, 42.2441346], [142.5852761, 42.2440535], [142.5855169, 42.2439609], [142.5857428, 42.2438658], [142.5859634, 42.2437677], [142.5863625, 42.2435695], [142.5865876, 42.2434398], [142.5870911, 42.243112], [142.5874698, 42.2428169], [142.5880316, 42.242317], [142.5883055, 42.2420667], [142.5884471, 42.241926], [142.5885548, 42.2418015], [142.5886558, 42.241675], [142.5887674, 42.2415066], [142.5888456, 42.2413658], [142.5891874, 42.2407509], [142.5893223, 42.2404972], [142.5893791, 42.2404023], [142.5894452, 42.2403113], [142.5895361, 42.2402132], [142.589655, 42.2401152], [142.5897715, 42.2400356], [142.5901668, 42.2397893], [142.5912839, 42.2390897], [142.5920926, 42.2386054], [142.5926296, 42.2382958], [142.5929542, 42.2381242], [142.5931347, 42.2380411], [142.5933164, 42.2379655], [142.5936997, 42.2378079], [142.5938615, 42.2377314], [142.5940232, 42.2376459], [142.5943014, 42.2374738], [142.5947919, 42.2371749], [142.5949976, 42.2370724], [142.5952114, 42.2369981], [142.5954029, 42.2369478], [142.5960587, 42.2368212], [142.5964047, 42.2367553], [142.5967468, 42.2366844]], [[142.6179743, 42.2276131], [142.6171334, 42.2280573], [142.6132198, 42.2301486], [142.6124061, 42.230588], [142.6116138, 42.231012], [142.6112948, 42.2311768], [142.6111213, 42.2312558], [142.6109424, 42.2313339], [142.6106127, 42.2314644], [142.6102683, 42.2315804], [142.6100548, 42.2316399], [142.6098333, 42.2316974], [142.6092373, 42.2318329], [142.6083947, 42.2320175], [142.6075635, 42.2322012], [142.605836, 42.2325856], [142.6050615, 42.2327579], [142.6037191, 42.2330566], [142.6034139, 42.2331405], [142.6031752, 42.2332141], [142.6029311, 42.2332966], [142.602687, 42.2333929], [142.6024497, 42.2334972], [142.6022426, 42.2335976], [142.6019913, 42.2337293], [142.6016161, 42.2339572], [142.6013514, 42.2341427], [142.6011081, 42.2343342], [142.60101, 42.2344161], [142.6006441, 42.2347057], [142.6004458, 42.2348558], [142.6002595, 42.2349904], [142.5998597, 42.2352614], [142.5993897, 42.2355508], [142.598885, 42.2358271], [142.598447, 42.2360417], [142.5979016, 42.2362777], [142.5973966, 42.2364737], [142.5971324, 42.2365692], [142.5968938, 42.2366438], [142.5967468, 42.2366844]], [[142.655077, 42.2053977], [142.6555967, 42.2049792], [142.6562206, 42.2044843], [142.6566758, 42.204118], [142.6568339, 42.2039908], [142.6579256, 42.2031212], [142.6584279, 42.2027188], [142.6586514, 42.202531], [142.6588686, 42.202318], [142.6591586, 42.2020212], [142.6595642, 42.2015943], [142.66009, 42.2010414], [142.6606194, 42.2004905], [142.6615301, 42.19958], [142.6620259, 42.1991109], [142.6623338, 42.1988616], [142.6624271, 42.1987938], [142.6625778, 42.1986843], [142.6630536, 42.1983313], [142.6637034, 42.1978448], [142.664252, 42.1974573], [142.6643057, 42.1974194], [142.6643614, 42.1973834], [142.6652541, 42.1968066], [142.6662201, 42.1961841], [142.666495, 42.196043], [142.6667831, 42.1959378], [142.6669404, 42.1958942], [142.6671298, 42.1958515], [142.6673211, 42.1958209], [142.6675508, 42.1958023], [142.6678414, 42.1957973], [142.668156, 42.1958245], [142.6685541, 42.1958996], [142.6698436, 42.1961808], [142.6711351, 42.196468], [142.6716537, 42.1966001], [142.6722049, 42.1967499], [142.6728421, 42.1969352], [142.6733602, 42.1970847], [142.6736235, 42.1971509], [142.6739039, 42.197202], [142.674151, 42.1972304], [142.6744134, 42.1972493], [142.6746363, 42.1972558], [142.6750168, 42.1972398], [142.6752766, 42.1972063], [142.6755658, 42.197161], [142.6762611, 42.1970199], [142.6776286, 42.1967469], [142.6779938, 42.1966751], [142.6780954, 42.1966551], [142.6787954, 42.1965125], [142.6789672, 42.1964791], [142.6795732, 42.1963588], [142.6796693, 42.196339], [142.6798298, 42.1963044], [142.6799663, 42.1962749], [142.6799967, 42.196268], [142.6802262, 42.1962133], [142.6804222, 42.1961562], [142.6806438, 42.1960777], [142.6809689, 42.1959378], [142.6810539, 42.1959003]], [[142.6538704, 42.2062957], [142.6539334, 42.2062562], [142.6540965, 42.2061506], [142.6542515, 42.206043], [142.6544537, 42.2058928], [142.655077, 42.2053977]], [[142.6262782, 42.2246819], [142.6264061, 42.2246398], [142.6264491, 42.2246253], [142.6282021, 42.2240502], [142.6299505, 42.22347], [142.6302213, 42.2233819], [142.6307265, 42.2232032], [142.6310898, 42.2230563], [142.6315683, 42.2228509], [142.6322353, 42.2225378], [142.6336387, 42.2218922], [142.6337187, 42.2218541], [142.6343937, 42.2215327], [142.6345016, 42.2214815], [142.6351567, 42.2211712], [142.6356652, 42.2209303], [142.6357777, 42.2208761], [142.6366408, 42.2204669], [142.6374642, 42.2200786], [142.6386962, 42.2194978], [142.6395173, 42.2191103], [142.639889, 42.2189394], [142.6400672, 42.2188463], [142.6402373, 42.2187452], [142.6403653, 42.2186609], [142.6404879, 42.2185745], [142.6405822, 42.2184995], [142.6406724, 42.2184234], [142.6407689, 42.2183338], [142.6408593, 42.2182417], [142.6409864, 42.2180977], [142.6410537, 42.2180163], [142.6411156, 42.2179329], [142.6411888, 42.2178207], [142.641258, 42.2177111], [142.6413638, 42.2175009], [142.6414683, 42.2172902], [142.6430258, 42.2141537], [142.6432913, 42.2136248], [142.6439363, 42.2123341], [142.6440073, 42.2121993], [142.6440744, 42.2120913], [142.6441469, 42.2119843], [142.6442764, 42.2118452], [142.6444, 42.211725], [142.6445715, 42.211591], [142.6461612, 42.2105494], [142.6464578, 42.2103663], [142.6467164, 42.2102267], [142.6469346, 42.2101243], [142.6471569, 42.2100289], [142.6480055, 42.2097098], [142.6488162, 42.2094017], [142.6489938, 42.2093205], [142.6491661, 42.2092364], [142.6493559, 42.209138], [142.6495046, 42.2090494], [142.6496471, 42.2089592], [142.6497877, 42.2088626], [142.6499836, 42.2087181], [142.650197, 42.2085598], [142.6516055, 42.2075279], [142.6519192, 42.2073174], [142.6522292, 42.2071362], [142.6525817, 42.2069539], [142.6530742, 42.2067079], [142.6536325, 42.2064311], [142.6538704, 42.2062957]], [[142.6179743, 42.2276131], [142.6180416, 42.227578], [142.6184248, 42.2273866], [142.6188037, 42.2272136], [142.6190292, 42.2271166], [142.6192546, 42.2270246], [142.6195881, 42.226896], [142.6219791, 42.2261005], [142.6224696, 42.2259373], [142.6238613, 42.2254817], [142.6259664, 42.224784], [142.626017, 42.2247669], [142.6262782, 42.2246819]], [[142.6810539, 42.1959003], [142.6831346, 42.1949239], [142.683223, 42.1948821], [142.6834515, 42.1947741], [142.6861635, 42.193503], [142.6865596, 42.1933391], [142.6868577, 42.1932441], [142.6871557, 42.1931548], [142.6876282, 42.1930272], [142.6898758, 42.1924365], [142.6911766, 42.1920893], [142.6940439, 42.1913311], [142.6945547, 42.1911881], [142.694913, 42.1910744], [142.6951795, 42.1909795], [142.6953919, 42.1908913], [142.6956014, 42.1907968], [142.6958451, 42.190671], [142.6960916, 42.190539], [142.6962769, 42.1904222], [142.6963723, 42.1903595], [142.6966581, 42.1901661], [142.6969674, 42.1899199], [142.69723, 42.1896878], [142.6973841, 42.1895516], [142.6976634, 42.1893048], [142.6977694, 42.1892118], [142.6980999, 42.1889218], [142.6982654, 42.1887692], [142.6984499, 42.188599], [142.6985825, 42.1884598], [142.698621, 42.1884194], [142.698663, 42.1883709], [142.6987766, 42.1882336], [142.6993129, 42.1875699], [142.6994658, 42.1873807], [142.6999417, 42.1867929], [142.7000904, 42.1866242], [142.7002062, 42.1865193], [142.7002782, 42.186454], [142.7003976, 42.186366], [142.7005001, 42.1863082], [142.7006177, 42.1862547], [142.7006805, 42.186232], [142.7007541, 42.1862055], [142.7008726, 42.1861764], [142.7009945, 42.1861579], [142.7011324, 42.186147], [142.7012884, 42.1861476], [142.7014343, 42.1861572], [142.7017183, 42.1862007], [142.7023795, 42.1863406], [142.7031342, 42.1865062], [142.7032652, 42.1865355], [142.7034497, 42.186574], [142.7036274, 42.1866046], [142.7038209, 42.1866317], [142.7040084, 42.1866508], [142.7042528, 42.1866664], [142.704611, 42.1866661], [142.7050875, 42.1866372], [142.7069109, 42.1865198], [142.7071552, 42.1865098], [142.7074341, 42.1865053], [142.7077988, 42.18651], [142.7081507, 42.1865228], [142.7085716, 42.1865454], [142.7089785, 42.1865654], [142.7096912, 42.1866003], [142.7104349, 42.1866351], [142.7109857, 42.1866638], [142.7115881, 42.1866728], [142.7120183, 42.1866678], [142.7123708, 42.1866507], [142.712707, 42.1866276], [142.7132086, 42.1865813], [142.7135927, 42.1865379], [142.7140534, 42.1864858], [142.7150187, 42.1863753], [142.7180605, 42.1860288], [142.7185075, 42.1859761], [142.7186615, 42.1859583], [142.7202254, 42.1857775], [142.7205717, 42.1857413], [142.7210383, 42.185685], [142.7213805, 42.1856385], [142.7216941, 42.1855777], [142.7220958, 42.1854812], [142.7223501, 42.1854078], [142.7237077, 42.1849536], [142.7250016, 42.1845113], [142.726103, 42.184135], [142.7263392, 42.1840584], [142.726684, 42.1839308], [142.7268992, 42.1838304], [142.7271827, 42.183687], [142.7273706, 42.183572], [142.7275217, 42.1834671], [142.7276326, 42.1833822], [142.7277294, 42.1833059], [142.7277967, 42.1832435], [142.7279455, 42.1830954], [142.7280606, 42.1829593], [142.7281968, 42.1827787], [142.7283021, 42.182626], [142.7285515, 42.1822246], [142.729032, 42.1814652], [142.7291764, 42.1812713], [142.7293596, 42.1810542], [142.7295145, 42.1808884], [142.7296264, 42.1807822], [142.7299795, 42.1804612], [142.7303019, 42.1801835], [142.7305455, 42.1799488], [142.7306926, 42.1797783], [142.7308623, 42.1795634], [142.7310147, 42.1793495], [142.7311745, 42.1791371], [142.7312619, 42.1790467], [142.7313514, 42.1789582], [142.7314865, 42.1788529], [142.7316424, 42.1787474], [142.7317962, 42.1786743], [142.7319634, 42.1786082], [142.7321432, 42.1785515], [142.7326252, 42.1784115], [142.7334514, 42.1781715], [142.7337991, 42.1780708], [142.734341, 42.1779139], [142.7345299, 42.1778584], [142.73472, 42.1778026], [142.7347678, 42.1777886], [142.734839, 42.1777681], [142.7349078, 42.1777483], [142.7351271, 42.1776851], [142.7352837, 42.1776344], [142.7354382, 42.1775828], [142.735641, 42.1775146], [142.7358445, 42.1774379], [142.7360388, 42.1773565], [142.7362941, 42.1772403], [142.7365935, 42.1771065], [142.7367512, 42.1770475], [142.7369062, 42.1769983], [142.7370627, 42.1769594], [142.7372731, 42.1769237], [142.7375331, 42.1768929], [142.7378733, 42.1768572], [142.7382448, 42.1768443], [142.7385054, 42.1768594], [142.7392329, 42.1769692], [142.7398297, 42.1770511], [142.7402436, 42.177082], [142.7406334, 42.1770867], [142.7411524, 42.1770565], [142.7422761, 42.1769816], [142.7438196, 42.1768786], [142.7443, 42.1768719], [142.7446042, 42.1768788], [142.744902, 42.1769072], [142.7453166, 42.1769745], [142.7461629, 42.1771574], [142.7466659, 42.1772748], [142.7469683, 42.1773287], [142.7471905, 42.1773548], [142.7474711, 42.1773761], [142.7477475, 42.1773813], [142.7480197, 42.1773715], [142.7484513, 42.1773331], [142.7493876, 42.1772315], [142.7500229, 42.1771683], [142.7504399, 42.1771232], [142.750906, 42.1770765], [142.7513693, 42.1770235], [142.7519507, 42.1769618], [142.7523684, 42.1769183], [142.7527091, 42.1768815], [142.7530839, 42.1768428], [142.7535311, 42.1767984], [142.7541092, 42.1767496], [142.7546887, 42.1767162], [142.7553613, 42.1766833], [142.7556637, 42.1766718], [142.7565732, 42.176635], [142.7568526, 42.1766164], [142.7570892, 42.1765917], [142.757343, 42.1765437], [142.7575057, 42.1765067], [142.7578867, 42.1764029], [142.7585466, 42.1761927], [142.7594365, 42.1759129], [142.7598526, 42.1757821], [142.7598988, 42.1757676], [142.7600221, 42.1757281], [142.7601549, 42.1756857], [142.7602022, 42.1756708], [142.7603236, 42.1756325], [142.7607406, 42.1754907], [142.7610582, 42.1753758], [142.7615956, 42.1751507], [142.7622752, 42.1748402], [142.7626641, 42.1746637], [142.7633585, 42.1743469], [142.7637937, 42.1741481], [142.7639767, 42.1740707], [142.7641285, 42.1740137], [142.7641764, 42.1739957], [142.7643148, 42.173948], [142.7643903, 42.1739243], [142.7644367, 42.1739117], [142.7644859, 42.1738985], [142.765228, 42.1736981], [142.7652487, 42.1736927], [142.7652658, 42.1736881], [142.7654164, 42.1736419], [142.7655275, 42.1736012], [142.7655695, 42.1735839], [142.7656574, 42.1735449], [142.7657413, 42.1735029], [142.7658208, 42.1734572], [142.7658982, 42.1734083], [142.7659787, 42.1733496], [142.7660541, 42.1732882], [142.7661536, 42.1731945], [142.7666039, 42.1726321], [142.7666441, 42.1725819], [142.7667392, 42.1724626], [142.7668912, 42.1722651], [142.7669751, 42.1721506], [142.7672163, 42.171792], [142.7672392, 42.1717579], [142.767308, 42.1716535], [142.7673876, 42.1715243], [142.767405, 42.1714946], [142.7674745, 42.1713762], [142.7676107, 42.1711226], [142.7679055, 42.1705106], [142.7681322, 42.1700589], [142.7682866, 42.1697879], [142.7684281, 42.1695637], [142.7685603, 42.1693671], [142.7687841, 42.1690673], [142.7689061, 42.1689106], [142.769083, 42.1687042], [142.7693032, 42.168459], [142.7693307, 42.1684284], [142.7694012, 42.16835], [142.7694754, 42.1682782], [142.769504, 42.1682505], [142.7697085, 42.1680528], [142.7699952, 42.1678002], [142.7704052, 42.1674636], [142.7708921, 42.1670746], [142.7711727, 42.1668567], [142.771227, 42.1668145], [142.7712778, 42.166775], [142.7713942, 42.1666846], [142.7718698, 42.1663156], [142.7723457, 42.1659414], [142.7727887, 42.1655904], [142.7730162, 42.1653586], [142.7731491, 42.1652073], [142.7732788, 42.1650364], [142.7734841, 42.1646868], [142.7735158, 42.1646328], [142.7735462, 42.1645805], [142.774133, 42.1635707], [142.7741555, 42.163532], [142.7742026, 42.163451], [142.7742419, 42.1633835], [142.7742633, 42.1633467], [142.7743622, 42.1631769], [142.7746809, 42.1626293], [142.7747243, 42.162555], [142.7747457, 42.1625184], [142.7747716, 42.1624741], [142.7747966, 42.1624313]], [[142.3079371, 42.3711468], [142.3078905, 42.3709749], [142.3077458, 42.370743], [142.3076845, 42.3705954], [142.307669, 42.3705202], [142.3076596, 42.3704495], [142.3076514, 42.3703677], [142.3076587, 42.3702904], [142.3076733, 42.3702078], [142.3077033, 42.3701251], [142.3076829, 42.3700312]], [[142.037586, 42.5226247], [142.0375348, 42.522589], [142.0370434, 42.5222468], [142.0364319, 42.5218591], [142.0362465, 42.52174], [142.0359314, 42.521533], [142.0359075, 42.5215173], [142.0358565, 42.5214798], [142.035716, 42.5213765], [142.0356593, 42.5213356], [142.0351813, 42.5209906], [142.0349449, 42.5208071], [142.0343267, 42.5203034], [142.0342473, 42.5202388], [142.0341269, 42.5201412], [142.0340343, 42.520065], [142.0339877, 42.5200266], [142.0333339, 42.5194881], [142.0332836, 42.5194465], [142.0325232, 42.5188119], [142.0321959, 42.5185742], [142.031841, 42.5183478], [142.0316943, 42.5182726], [142.0316578, 42.5182546], [142.0314949, 42.5181742], [142.0315649, 42.5180738], [142.0315871, 42.518042], [142.0317253, 42.5177791], [142.0317922, 42.5177382], [142.0318736, 42.5175982], [142.0320788, 42.5172394], [142.0324602, 42.5165911], [142.033775, 42.5142804], [142.033818, 42.5142091], [142.0339564, 42.5139806], [142.033941, 42.5139156], [142.0338685, 42.5139571], [142.0337268, 42.5141689], [142.0336719, 42.5142486], [142.033328, 42.5147996], [142.032667, 42.5159433], [142.0323397, 42.5165453], [142.0319057, 42.5173027], [142.0317633, 42.5175666], [142.0316994, 42.5177169], [142.0317253, 42.5177791]]]}, "id": "relation/2883869"}]}