{"type": "FeatureCollection", "generator": "kokudo-quiz tools/fetch_raw.py (Overpass API)", "copyright": "The data included in this document is from www.openstreetmap.org. The data is made available under ODbL.", "timestamp": "2026-09-30T16:05:43Z", "features": [{"type": "Feature", "properties": {"@id": "relation/8472959", "colour": "red", "from": "愛知県蒲郡市", "name": "国道248号", "name:en": "National Highway Route 248", "name:ja": "国道248号", "name:ja-Hira": "こくどうにひゃくよんじゅうはちごう", "name:ja-Latn": "Kokudo 248 Gou", "network": "JP:national", "ref": "248", "route": "road", "to": "岐阜県岐阜市", "type": "route", "wikidata": "Q6157033", "wikipedia": "ja:国道248号"}, "geometry": {"type": "MultiLineString", "coordinates": [[[137.203073, 34.8222475], [137.2029832, 34.8223477], [137.2017389, 34.8233744], [137.2014862, 34.8235964], [137.2011951, 34.8238055], [137.200876, 34.8240092], [137.200449, 34.8242811], [137.199359, 34.8249589], [137.1982652, 34.8256478], [137.1979021, 34.8258615], [137.1976287, 34.8259965], [137.1973901, 34.8260892], [137.1970969, 34.8261873], [137.1969679, 34.8262243], [137.1968374, 34.8262484], [137.1966639, 34.8262764], [137.1963966, 34.8263021], [137.1961132, 34.8263222], [137.1952092, 34.8263563], [137.1949241, 34.8263775], [137.1946412, 34.8264157], [137.1943286, 34.8264944], [137.194017, 34.8265929], [137.1931358, 34.8269005], [137.1930123, 34.8269499], [137.1926568, 34.8270602], [137.1924245, 34.827117], [137.1921355, 34.827178], [137.1910474, 34.8273709], [137.1906571, 34.8274335], [137.190283, 34.8274998], [137.1899525, 34.8275767], [137.1897905, 34.8276162], [137.1895526, 34.8276843], [137.1893494, 34.8277554], [137.1891271, 34.8278425], [137.1888782, 34.8279497], [137.1887178, 34.8280289], [137.1884081, 34.8281925], [137.188221, 34.8283011], [137.1880385, 34.8284242], [137.1877408, 34.8286528], [137.1875838, 34.8287557], [137.186848, 34.8293246], [137.1862188, 34.8297966], [137.1859557, 34.8300013], [137.184501, 34.8310738], [137.1843673, 34.8311756], [137.1834793, 34.8318464], [137.1832915, 34.8319998], [137.1830492, 34.8321873], [137.1829039, 34.8322997], [137.1822168, 34.8328271], [137.1821294, 34.83288], [137.1820998, 34.8329026], [137.1816856, 34.8332174], [137.1803883, 34.8342053], [137.1798817, 34.8345888], [137.1797654, 34.8346777], [137.1792428, 34.835061], [137.1791359, 34.8351344], [137.1790195, 34.8352276], [137.1784157, 34.8356877], [137.1780529, 34.8359607], [137.1779537, 34.8360384], [137.1778155, 34.8361423], [137.1771002, 34.836646], [137.1765334, 34.8370782], [137.1759166, 34.8375621], [137.1758012, 34.8376434], [137.1756869, 34.8377279], [137.1751268, 34.8381576], [137.1748463, 34.838375], [137.1744431, 34.838758], [137.1740955, 34.8391898], [137.1740082, 34.8392965], [137.1734035, 34.8400677], [137.1726685, 34.8410089], [137.1718285, 34.8421], [137.1713726, 34.842689], [137.1706814, 34.8435933], [137.1701782, 34.8442672], [137.1699354, 34.8446192], [137.1698412, 34.8447563], [137.1697204, 34.8449419], [137.1695079, 34.8453349], [137.1693201, 34.8457268], [137.1691189, 34.8462279], [137.1689023, 34.8471057], [137.1688616, 34.8472373], [137.1688146, 34.847438], [137.168769, 34.8475738], [137.1685969, 34.8482679], [137.1683518, 34.8492754], [137.1682935, 34.8495548], [137.168248, 34.8498075], [137.1682075, 34.8500757], [137.1681939, 34.8504], [137.168218, 34.8507301], [137.1682683, 34.8510881], [137.1683255, 34.8513778], [137.168404, 34.8516683], [137.1685435, 34.8520127], [137.1687925, 34.8524848], [137.1690239, 34.852826], [137.169275, 34.8531176], [137.1695936, 34.8534388], [137.1699032, 34.853723], [137.1700226, 34.8538287], [137.1702218, 34.8539681], [137.170981, 34.8544934], [137.1713629, 34.8547666], [137.1717169, 34.8549961], [137.1721638, 34.8552518], [137.1733536, 34.8558634], [137.1734332, 34.8559055], [137.1735408, 34.8559753], [137.1743196, 34.8564358], [137.1747638, 34.8567108], [137.1748841, 34.8567744], [137.1753961, 34.8571314], [137.1754532, 34.8571877], [137.1756018, 34.857322], [137.175774, 34.8574952], [137.176002, 34.8577336], [137.1762265, 34.8580011], [137.1764314, 34.8582934], [137.1766378, 34.8586063], [137.1767355, 34.8587937], [137.176797, 34.8589234], [137.1768661, 34.8591047], [137.1769315, 34.8593287], [137.1769897, 34.8595314], [137.1770175, 34.8596375], [137.1770477, 34.8597885], [137.1770712, 34.8599608], [137.1770864, 34.8601041], [137.1770934, 34.8602525], [137.1770958, 34.8604261], [137.177095, 34.8605432], [137.1770907, 34.8606337], [137.1770845, 34.8607678], [137.1770657, 34.8610277], [137.177059, 34.8611866], [137.1770501, 34.8613939], [137.1770374, 34.8616277], [137.1770318, 34.8617778], [137.1770269, 34.8618606], [137.1770177, 34.8619935], [137.1769994, 34.8622117], [137.176976, 34.8624922], [137.1769592, 34.8626912], [137.1769533, 34.8627743], [137.1769373, 34.8631203], [137.1769141, 34.8633594], [137.1769024, 34.8635448], [137.1768932, 34.8642728], [137.1768393, 34.864805], [137.1768373, 34.8648466], [137.176827, 34.8650224], [137.1767956, 34.8655502], [137.1767962, 34.8657087], [137.1767532, 34.8660007], [137.1767181, 34.866644], [137.1767145, 34.8667562], [137.1767111, 34.8668094], [137.1766973, 34.8670251], [137.1766722, 34.8672566], [137.1766663, 34.867445], [137.1766531, 34.8676094], [137.1766226, 34.8679548], [137.176591, 34.8686749], [137.1765789, 34.8690039], [137.1765641, 34.8693326], [137.1765373, 34.8699266], [137.1765273, 34.8700282], [137.1765035, 34.8702691], [137.1765129, 34.8708058], [137.1765136, 34.8708478], [137.1765084, 34.871066], [137.1765076, 34.871162], [137.1765035, 34.8713902], [137.1765035, 34.872127], [137.1764984, 34.8722327], [137.1764958, 34.8724227], [137.1765082, 34.872767], [137.1765081, 34.8728112], [137.1765035, 34.8732696], [137.1764927, 34.8739837], [137.1764987, 34.8742592], [137.1764995, 34.8742973], [137.1764952, 34.8744253], [137.1764924, 34.8745286], [137.1764773, 34.8748355], [137.1764865, 34.8752943], [137.1764847, 34.875356], [137.1764942, 34.8758655], [137.1764801, 34.8760605], [137.1764557, 34.8765354], [137.1763953, 34.8771522], [137.1763264, 34.8773933], [137.1761741, 34.8778306], [137.1760136, 34.8782605], [137.1758514, 34.878621], [137.175836, 34.8786554], [137.1757025, 34.8789583], [137.1756267, 34.879096], [137.1755253, 34.879307], [137.1754775, 34.8794004], [137.1751401, 34.8801385], [137.1750738, 34.880302], [137.174986, 34.8805189], [137.1748475, 34.8809176], [137.1748208, 34.8809947], [137.1748035, 34.8810634], [137.1747666, 34.881203], [137.1747392, 34.8813289], [137.1746641, 34.8821137], [137.1746635, 34.8821918], [137.174663, 34.8822485], [137.1746564, 34.8830805], [137.1746618, 34.8831976], [137.1746513, 34.883242], [137.1746489, 34.8835019], [137.174643, 34.8835673], [137.174644, 34.8850834], [137.17464, 34.8853718], [137.1746269, 34.8863105], [137.1746208, 34.8867177], [137.174613, 34.8872368], [137.1746053, 34.8874756], [137.1746043, 34.8875326], [137.1745899, 34.88834], [137.1745899, 34.8884369], [137.1745899, 34.8892119], [137.1745863, 34.8900085], [137.1745861, 34.890052], [137.1745816, 34.8901508], [137.1745898, 34.8902449], [137.174601, 34.8906835], [137.1745996, 34.8912888], [137.1745908, 34.8914357], [137.1745856, 34.8915224], [137.1745435, 34.8923728], [137.1745617, 34.892753], [137.1745611, 34.8927954], [137.1745605, 34.8928433], [137.1745583, 34.8930603], [137.1745614, 34.8931632], [137.1745677, 34.8933311], [137.1745809, 34.8945274], [137.1745608, 34.8952897], [137.1745552, 34.8955041], [137.1745566, 34.8961093], [137.1745518, 34.8963659], [137.1745509, 34.8964168], [137.1745375, 34.896648], [137.1745416, 34.8967632], [137.1745402, 34.898111], [137.1745389, 34.8982006], [137.1745377, 34.8985245], [137.1745342, 34.899185], [137.1745256, 34.8994312], [137.174524, 34.8994766], [137.1745108, 34.8998553], [137.1744966, 34.9000247], [137.1744665, 34.9003857], [137.1743801, 34.9009392], [137.174282, 34.9013241], [137.1740695, 34.901822], [137.1739692, 34.9021274], [137.1739577, 34.9021625], [137.1739181, 34.9022686], [137.173891, 34.9023282], [137.1735768, 34.9031299], [137.1735652, 34.9031583], [137.1734204, 34.903511], [137.1730792, 34.9043638], [137.1730209, 34.9045112], [137.1729406, 34.9047185], [137.1729272, 34.9047532], [137.1728862, 34.9048814], [137.1727726, 34.9051221], [137.1726779, 34.9053742], [137.1725142, 34.9057883], [137.1723927, 34.9061117], [137.1722338, 34.9065168], [137.1719887, 34.9071268], [137.1717849, 34.9076029], [137.1716653, 34.9079468], [137.1715402, 34.9081967], [137.1714142, 34.9084209], [137.1712522, 34.9086444], [137.1709915, 34.9089732], [137.1707171, 34.9092522], [137.1704047, 34.9095535], [137.1702385, 34.9096976], [137.1702098, 34.9097293], [137.1700731, 34.9098578], [137.1699482, 34.9099692], [137.1698289, 34.9100829], [137.1695822, 34.9103169], [137.1692267, 34.9106652], [137.1688916, 34.9109908], [137.1687316, 34.9111648], [137.1684553, 34.911474], [137.1682996, 34.9116864], [137.1681308, 34.9119518], [137.1679307, 34.9123301], [137.1678468, 34.9125975], [137.1677666, 34.9128538], [137.1677249, 34.9129896], [137.1676743, 34.9133063], [137.1676069, 34.913947], [137.1674745, 34.9151635], [137.1674528, 34.9155052], [137.1674111, 34.9158341], [137.167314, 34.9168846], [137.1672232, 34.9176845], [137.1671696, 34.9183206], [137.1671058, 34.9188354], [137.1670376, 34.9195207], [137.1669728, 34.9202757], [137.1669107, 34.9209294], [137.1667752, 34.9222336], [137.1667521, 34.9225732], [137.1667132, 34.9229521], [137.1666398, 34.9236117], [137.1666192, 34.9236964], [137.166506, 34.9249147], [137.1663621, 34.9263228], [137.1663543, 34.9283466], [137.1663311, 34.9301628], [137.166313, 34.9315762], [137.1663153, 34.9322991], [137.1663002, 34.9333194], [137.1663068, 34.9335606], [137.1662757, 34.9352211], [137.1662569, 34.9369736], [137.1662522, 34.9372136], [137.1662713, 34.937534], [137.1662555, 34.9377071], [137.1662151, 34.9378573], [137.166114, 34.9382156], [137.1660186, 34.9384283], [137.1659849, 34.9384944], [137.1658435, 34.9386753], [137.1657955, 34.9387438], [137.1657027, 34.9388624], [137.1656095, 34.9389741], [137.1654904, 34.9390918], [137.165283, 34.9392627], [137.1650756, 34.9394221], [137.1644942, 34.9397931], [137.1643537, 34.9398817], [137.1635039, 34.9403664], [137.163269, 34.9405089], [137.1628913, 34.9407313], [137.1627438, 34.940811], [137.1624822, 34.9409753], [137.1623228, 34.9410602], [137.1620854, 34.9411838], [137.1612153, 34.9416729], [137.1607437, 34.9419425], [137.1602679, 34.9421963], [137.1600922, 34.9422899], [137.1598712, 34.9424182], [137.1594929, 34.9426323], [137.1589932, 34.9429044], [137.1587013, 34.9430574], [137.1586346, 34.943095], [137.1578471, 34.9435438], [137.1570422, 34.9440058], [137.1568076, 34.9441437], [137.1565968, 34.9442864], [137.1563723, 34.9444502], [137.1561992, 34.9446069], [137.1560052, 34.9447821], [137.1558188, 34.9449648], [137.155668, 34.9451507], [137.1555196, 34.9453593], [137.1551417, 34.9458852], [137.1545499, 34.9467821], [137.1544816, 34.9468906], [137.1542619, 34.9472676], [137.154164, 34.9475211], [137.1540715, 34.9478087], [137.1540602, 34.9480044], [137.1540201, 34.9483898], [137.1540584, 34.9487795], [137.1540959, 34.949015], [137.1542308, 34.9501214], [137.15435, 34.9508638], [137.1543719, 34.9510003], [137.154458, 34.9518927], [137.1546627, 34.9534332], [137.154693, 34.95385], [137.1547366, 34.9541275], [137.1547713, 34.9544579], [137.1548534, 34.9550333], [137.1548787, 34.9553058], [137.1548996, 34.9554806], [137.154919, 34.9556429], [137.1549605, 34.955939], [137.1550149, 34.9563954], [137.1550249, 34.9564808], [137.1551727, 34.9577485], [137.1552121, 34.9580069], [137.1552943, 34.9586317], [137.1553117, 34.9587201], [137.1553387, 34.9589699], [137.1554238, 34.9594542], [137.1555039, 34.9599255], [137.1555672, 34.9603331], [137.1555854, 34.9604502], [137.1556007, 34.9605532], [137.1558585, 34.9622413], [137.1559732, 34.963013], [137.1562453, 34.9644667], [137.1565172, 34.9652156], [137.1568367, 34.9661716], [137.1570475, 34.9667947], [137.1575525, 34.9682372], [137.1579313, 34.9693341], [137.1580455, 34.9696851], [137.1582524, 34.9702813], [137.1584046, 34.9707207], [137.1587264, 34.9716556], [137.1591054, 34.9726909], [137.1591393, 34.972825], [137.1591807, 34.9729678], [137.1595564, 34.974087], [137.1599512, 34.9753443], [137.160307, 34.9763871], [137.1606087, 34.9773616], [137.1611216, 34.9789153], [137.1616552, 34.9805868], [137.1617185, 34.980761], [137.1622142, 34.982225], [137.1627833, 34.9839287], [137.1631905, 34.9852284], [137.1636723, 34.9866657], [137.1642508, 34.9884678], [137.1645357, 34.9893236], [137.1645954, 34.9895083], [137.1646319, 34.9896214], [137.1647228, 34.9899026], [137.1647656, 34.9900351], [137.1648157, 34.9901901], [137.164888, 34.990414], [137.1650176, 34.9908151], [137.1654094, 34.9922866], [137.165632, 34.9932477], [137.1659258, 34.9944612], [137.1664173, 34.9963954], [137.1664555, 34.996557], [137.1665767, 34.9970598], [137.1666266, 34.9972128], [137.1670314, 34.9987332], [137.1671239, 34.999068], [137.1672784, 34.9996502], [137.1673861, 35.0001348], [137.1681691, 35.0032059], [137.168209, 35.0033623], [137.168235, 35.0035296], [137.1683679, 35.004386], [137.1684805, 35.0051175], [137.1686209, 35.0059215], [137.1688616, 35.0076293], [137.1689898, 35.0086433], [137.1690502, 35.0090917], [137.1692125, 35.0098804], [137.1693688, 35.0109261], [137.1694038, 35.0111892], [137.169673, 35.0129817], [137.1696962, 35.0131366], [137.1698808, 35.0143662], [137.1701172, 35.0159402], [137.1701671, 35.0164432], [137.1701495, 35.0168653], [137.1701151, 35.0171719], [137.1699976, 35.0175753], [137.1699018, 35.0178264], [137.1698042, 35.0180683], [137.1697703, 35.0181216], [137.1695408, 35.018477], [137.1693115, 35.0187672], [137.1687966, 35.0194189], [137.1670259, 35.0216594], [137.1669397, 35.0217653], [137.1667452, 35.0219725], [137.1663633, 35.0222988], [137.1659797, 35.0225324], [137.1657477, 35.0226403], [137.1656276, 35.0226744], [137.1653718, 35.0227512], [137.1614832, 35.0238295], [137.1594449, 35.0243771], [137.1570871, 35.0250539], [137.1562059, 35.0252944], [137.1558828, 35.0254173], [137.1556935, 35.0254918], [137.1554255, 35.0256312], [137.1552284, 35.0257531], [137.1550636, 35.0258838], [137.1548372, 35.0260739], [137.1546547, 35.0262636], [137.1544284, 35.0265622], [137.1542405, 35.0268931], [137.1540939, 35.0272879], [137.1537617, 35.0284402], [137.1537093, 35.0286024], [137.1536214, 35.0288724], [137.153319, 35.0298558], [137.1532367, 35.0301259], [137.1530695, 35.030663], [137.1529542, 35.0310682], [137.1528617, 35.0314756], [137.152652, 35.0322051], [137.1525663, 35.0326083], [137.1525409, 35.0328735], [137.1525166, 35.0331295], [137.1525094, 35.03332], [137.1525251, 35.0335768], [137.1525836, 35.0340618], [137.1526502, 35.03446], [137.1528832, 35.0358915], [137.1529173, 35.0360965], [137.1529408, 35.0362337], [137.1530151, 35.03673], [137.1531372, 35.0373795], [137.1532423, 35.038035], [137.1532598, 35.0381193], [137.1533466, 35.038665], [137.1533986, 35.0390327], [137.1535886, 35.0401328], [137.1536697, 35.0405638], [137.1537521, 35.041047], [137.1539095, 35.0419803], [137.1539503, 35.0422354], [137.1539883, 35.0425043], [137.1540442, 35.0427647], [137.154123, 35.0432557], [137.1541802, 35.0437076], [137.1542572, 35.044076], [137.1542698, 35.0442029], [137.1542738, 35.0442956], [137.1542842, 35.0444374], [137.1542729, 35.0449123], [137.1542673, 35.045029], [137.1542538, 35.0451866], [137.1542184, 35.0454131], [137.154026, 35.0464741], [137.1538777, 35.0473287], [137.15383, 35.0476526], [137.1537877, 35.0481575], [137.1537833, 35.0483912], [137.1537958, 35.0486723], [137.1538642, 35.049195], [137.1539799, 35.0496456], [137.1540293, 35.0498121], [137.1541734, 35.050167], [137.1543507, 35.0504838], [137.1546082, 35.0509145], [137.1548244, 35.0512258], [137.1549561, 35.0513898], [137.1550878, 35.0515345], [137.1559477, 35.0524057], [137.1560314, 35.0524903], [137.1565215, 35.0529372], [137.1568051, 35.0531988], [137.157037, 35.0534412], [137.1572589, 35.0536557], [137.1573588, 35.0537693], [137.1574893, 35.0539376], [137.1576985, 35.054241], [137.1577515, 35.0543379], [137.1578424, 35.0545091], [137.157901, 35.0546431], [137.1580879, 35.0550745], [137.1581377, 35.0552131], [137.1582195, 35.0554185], [137.15828, 35.0556513], [137.1583049, 35.0557704], [137.1584415, 35.056394], [137.1591948, 35.0603039], [137.1592323, 35.0605081], [137.1593278, 35.0610197], [137.1594519, 35.061676], [137.1594947, 35.06203], [137.1595151, 35.0623873], [137.1595236, 35.0625531], [137.159565, 35.063355], [137.1595655, 35.063372], [137.1595723, 35.0636215], [137.1595751, 35.0637209], [137.1596317, 35.0645458], [137.1596719, 35.0652792], [137.1596947, 35.0656775], [137.1597348, 35.066379], [137.1597885, 35.0674311], [137.1598247, 35.0684035], [137.1598755, 35.0693703], [137.1599077, 35.0696972], [137.1599261, 35.0701506], [137.159933, 35.0703648], [137.1599718, 35.0709969], [137.1600244, 35.0718532], [137.1600955, 35.0734033], [137.1602387, 35.0759241], [137.1603328, 35.0775817], [137.1604294, 35.0796265], [137.1605269, 35.0803686], [137.1606104, 35.0809633], [137.1607011, 35.0815927], [137.1607529, 35.0819562], [137.1608248, 35.0824877], [137.1608347, 35.0825786], [137.1608532, 35.0827295], [137.1609052, 35.083155], [137.1610092, 35.0838863], [137.1611052, 35.0838749], [137.1610033, 35.0831484], [137.1609578, 35.0827217], [137.160942, 35.0825735], [137.1609352, 35.082483], [137.1608794, 35.0820628], [137.1608072, 35.0815707], [137.160701, 35.0809662], [137.1606155, 35.0803595], [137.1605241, 35.0796449], [137.1604094, 35.0775721]], [[137.2031067, 34.8223376], [137.2030192, 34.8224306], [137.2017946, 34.8234322], [137.2015556, 34.8236481], [137.2012972, 34.8238497], [137.200943, 34.8240722], [137.2005125, 34.824333], [137.1994922, 34.8249775], [137.1983213, 34.8257016], [137.1979519, 34.8259302], [137.1976727, 34.8260747], [137.1974005, 34.8261817], [137.1971256, 34.8262688], [137.1969961, 34.8263001], [137.196857, 34.8263268], [137.1966889, 34.8263523], [137.1963994, 34.8263886], [137.1961138, 34.8263949], [137.1951935, 34.8264313], [137.1949357, 34.8264492], [137.1946489, 34.8264944], [137.1943365, 34.8265678], [137.1940279, 34.8266671], [137.1931768, 34.8269881], [137.193038, 34.827034], [137.1926804, 34.8271413], [137.1924451, 34.8271987], [137.1921441, 34.8272484], [137.1910616, 34.8274371], [137.1906866, 34.8275049], [137.190317, 34.8275748], [137.1899791, 34.8276531], [137.1898227, 34.8276943], [137.1895967, 34.8277577], [137.1893886, 34.8278316], [137.1891609, 34.8279125], [137.1889379, 34.8280088], [137.188747, 34.8280964], [137.1884619, 34.8282563], [137.1882879, 34.8283626], [137.1881032, 34.8284921], [137.1878242, 34.8286963], [137.1876546, 34.8288167], [137.186908, 34.8293833], [137.186274, 34.8298544], [137.1856901, 34.83029], [137.1845879, 34.8311325], [137.184486, 34.8312176], [137.1844286, 34.8312655], [137.1830435, 34.832311], [137.1822831, 34.8328823], [137.1822041, 34.8329427], [137.1821767, 34.8329633], [137.1817529, 34.8332772], [137.1804541, 34.8342546], [137.1800207, 34.8345813], [137.1799383, 34.8346421], [137.1797901, 34.834764], [137.1793158, 34.835116], [137.1792051, 34.8351997], [137.1790809, 34.8352888], [137.1789951, 34.8353539], [137.1784828, 34.835746], [137.1781447, 34.8360123], [137.1780207, 34.8360901], [137.1778979, 34.8361786], [137.177503, 34.8364764], [137.1771879, 34.8367007], [137.177152, 34.8367278], [137.1765972, 34.8371459], [137.1759826, 34.8376236], [137.1758716, 34.8377042], [137.1757626, 34.8377893], [137.1751731, 34.8382396], [137.1749326, 34.8384448], [137.1747361, 34.8386141], [137.1745093, 34.8388318], [137.1741806, 34.8392353], [137.174107, 34.8393364], [137.1734834, 34.8401279], [137.1727697, 34.8410534], [137.1718944, 34.8421424], [137.171436, 34.8427325], [137.1711012, 34.8431775], [137.17078, 34.8436295], [137.1702435, 34.8443455], [137.17003, 34.84466], [137.1699733, 34.8447463], [137.1698895, 34.8448753], [137.1698215, 34.8449816], [137.1695957, 34.8453684], [137.1694101, 34.8457836], [137.1692936, 34.8461041], [137.16923, 34.8462621], [137.1691336, 34.8466237], [137.1690098, 34.8471236], [137.1689872, 34.847229], [137.1689252, 34.8474563], [137.1687102, 34.8483111], [137.1684457, 34.8492815], [137.1683844, 34.8495684], [137.1683369, 34.8498211], [137.1682995, 34.8500713], [137.1682898, 34.8503859], [137.168307, 34.8507293], [137.1683497, 34.8510718], [137.1684112, 34.851354], [137.1685083, 34.8516325], [137.1686496, 34.8519783], [137.1687507, 34.8522218], [137.1688658, 34.8524172], [137.1691422, 34.8528001], [137.1693509, 34.8530574], [137.1699728, 34.8536668], [137.1701278, 34.8537645], [137.1703028, 34.8538989], [137.1711285, 34.8544584], [137.1714325, 34.8546691], [137.1718389, 34.8549131], [137.1721649, 34.8550955], [137.1724049, 34.8552423], [137.1733935, 34.8557739], [137.1734682, 34.8558127], [137.1735853, 34.8558842], [137.174403, 34.8563703], [137.1750097, 34.856732], [137.1751802, 34.8568514], [137.1753931, 34.8570168], [137.175542, 34.8571339], [137.1756716, 34.8572694], [137.175764, 34.8573546], [137.1758549, 34.857433], [137.1760398, 34.857608], [137.1761764, 34.8577524], [137.1763077, 34.8579144], [137.1764341, 34.858087], [137.1766164, 34.8583784], [137.1767204, 34.8585417], [137.1767758, 34.8586482], [137.1768333, 34.8587722], [137.1769055, 34.8589387], [137.1769638, 34.8591047], [137.177053, 34.8593925], [137.1770965, 34.8595534], [137.1771132, 34.8596205], [137.1771403, 34.8597452], [137.1771637, 34.8598841], [137.1771785, 34.8600764], [137.1771877, 34.8602765], [137.1771879, 34.8604283], [137.1771895, 34.8605217], [137.1771891, 34.8606166], [137.1771883, 34.8607475], [137.1771836, 34.860819], [137.1771777, 34.8609711], [137.1771673, 34.8611406], [137.1771424, 34.8614732], [137.1771276, 34.8616446], [137.1771233, 34.861727], [137.1771161, 34.8618314], [137.177105, 34.8620084], [137.17709, 34.8622582], [137.17708, 34.8624708], [137.1770686, 34.8626423], [137.1770603, 34.8627618], [137.1770523, 34.8629365], [137.1770429, 34.8631146], [137.1770315, 34.863245], [137.1770196, 34.8634662], [137.1770073, 34.8637117], [137.1769816, 34.8642571], [137.1769417, 34.864607], [137.1769405, 34.8647344], [137.1769071, 34.8651292], [137.1768839, 34.8655021], [137.1768808, 34.865669], [137.1768042, 34.8667083], [137.1767881, 34.8669258], [137.1767641, 34.8672741], [137.1767555, 34.8675036], [137.1767473, 34.86763], [137.1767456, 34.8676735], [137.1767328, 34.8680109], [137.1766714, 34.8687533], [137.1766393, 34.8700224], [137.1766275, 34.8701909], [137.1766332, 34.8706871], [137.1766264, 34.8708531], [137.1766138, 34.8710505], [137.1766141, 34.8711377], [137.1766133, 34.8711762], [137.1765941, 34.8721146], [137.1765975, 34.8722664], [137.1765901, 34.8727272], [137.1765884, 34.8728125], [137.1765906, 34.873587], [137.1765882, 34.8743], [137.1765926, 34.8744473], [137.1765888, 34.8745363], [137.1765883, 34.8745792], [137.1765775, 34.8754954], [137.1765727, 34.8757763], [137.1765557, 34.8762741], [137.1765427, 34.8766532], [137.1765241, 34.8769323], [137.1764544, 34.8772843], [137.1764389, 34.8773628], [137.1762818, 34.8779055], [137.1762598, 34.8779579], [137.1761364, 34.8782524], [137.1759822, 34.8785613], [137.1759687, 34.8785883], [137.1759455, 34.8786369], [137.1758273, 34.8788997], [137.1757514, 34.8790791], [137.175733, 34.8791159], [137.175245, 34.8801147], [137.1751488, 34.8803384], [137.1750957, 34.8804732], [137.1749366, 34.8809116], [137.1748757, 34.8811388], [137.1748414, 34.8812634], [137.1748297, 34.8813202], [137.1747632, 34.8816976], [137.1747584, 34.8821589], [137.1747495, 34.8824041], [137.1747332, 34.8827646], [137.1747562, 34.8830438], [137.1747527, 34.8831845], [137.1747471, 34.8832909], [137.1747354, 34.8835544], [137.1747341, 34.8836198], [137.1747324, 34.8837014], [137.1747358, 34.8845668], [137.1747307, 34.8848296], [137.1747255, 34.8849881], [137.1747147, 34.8853566], [137.1747169, 34.8854153], [137.1747202, 34.8855054], [137.1747096, 34.8861222], [137.1747038, 34.886568], [137.1746984, 34.886695], [137.1746924, 34.886992], [137.1746953, 34.8872418], [137.1746877, 34.887479], [137.174689, 34.8875444], [137.1746923, 34.8877102], [137.1746846, 34.8883203], [137.17469, 34.8886428], [137.1746869, 34.88929], [137.1746991, 34.8900456], [137.1747002, 34.8901124], [137.174691, 34.8901442], [137.174689, 34.8902403], [137.1746889, 34.890277], [137.1746876, 34.8908261], [137.1746887, 34.8909111], [137.1746892, 34.8909577], [137.1746903, 34.8913871], [137.1746688, 34.8918839], [137.1746767, 34.8927535], [137.1746689, 34.892802], [137.1746666, 34.8929976], [137.1746637, 34.8931167], [137.1746635, 34.8932126], [137.1746635, 34.8932351], [137.1746758, 34.8933172], [137.174682, 34.8940215], [137.1746649, 34.8948733], [137.1746509, 34.8952384], [137.174661, 34.8956515], [137.1746399, 34.8960556], [137.1746434, 34.8964171], [137.1746444, 34.8965871], [137.1746479, 34.8967619], [137.1746475, 34.8968031], [137.1746458, 34.89699], [137.1746451, 34.8970785], [137.1746446, 34.8971305], [137.1746329, 34.897789], [137.1746166, 34.8981222], [137.1746261, 34.8984139], [137.1746173, 34.8985026], [137.1746122, 34.8985546], [137.1746135, 34.899149], [137.174604, 34.899414], [137.174602, 34.8994922], [137.1745934, 34.8998267], [137.174594, 34.9000118], [137.1745708, 34.9002552], [137.1745302, 34.9005394], [137.1744966, 34.9007129], [137.174463, 34.9010202], [137.174374, 34.901331], [137.1743631, 34.9013753], [137.1742758, 34.9016006], [137.1741735, 34.9018547], [137.1740174, 34.9022142], [137.1739788, 34.9023214], [137.1739592, 34.9023822], [137.1739454, 34.9024179], [137.173874, 34.902602], [137.1738255, 34.9027039], [137.1736999, 34.9030686], [137.1735813, 34.903379], [137.173451, 34.9037834], [137.1732503, 34.9042487], [137.1730442, 34.9047866], [137.1729848, 34.9049176], [137.1729517, 34.9049997], [137.1728757, 34.9051485], [137.1728593, 34.9051836], [137.1725932, 34.9058179], [137.1725035, 34.9060237], [137.1721151, 34.9070233], [137.1718837, 34.9076242], [137.1717458, 34.9079679], [137.1716149, 34.9082418], [137.1715184, 34.908428], [137.171332, 34.9086752], [137.1713264, 34.9086831], [137.1711614, 34.9089053], [137.1710362, 34.9090487], [137.1707834, 34.909314], [137.1705697, 34.9095242], [137.1704304, 34.9096765], [137.1703114, 34.909786], [137.1701741, 34.9099137], [137.1700479, 34.9100185], [137.1699266, 34.9101256], [137.1699013, 34.9101525], [137.1696879, 34.9103499], [137.1690524, 34.9109845], [137.1687163, 34.9112978], [137.1685457, 34.9115158], [137.1683757, 34.9117363], [137.1682151, 34.9119953], [137.1680498, 34.9123449], [137.1679437, 34.9126202], [137.1678904, 34.912815], [137.167839, 34.9129774], [137.1677841, 34.9133408], [137.1677276, 34.913911], [137.1676435, 34.9147068], [137.167564, 34.9155115], [137.1674212, 34.9168885], [137.1673483, 34.9176988], [137.1672836, 34.9183442], [137.1672361, 34.9187982], [137.1671636, 34.9195273], [137.1671046, 34.92001], [137.1670536, 34.9206379], [137.1669812, 34.9212232], [137.1668778, 34.9222555], [137.1667459, 34.9236461], [137.1666714, 34.9242802], [137.1666056, 34.9249046], [137.1665414, 34.9256407], [137.1664807, 34.9262615], [137.1664627, 34.926516], [137.1664538, 34.9270718], [137.166455, 34.9283152], [137.1664491, 34.9288993], [137.1664416, 34.9297842], [137.1664346, 34.9303127], [137.1664309, 34.9306709], [137.1664286, 34.9314642], [137.16643, 34.9323338], [137.166404, 34.9330578], [137.1664026, 34.9332214], [137.1664081, 34.934722], [137.1664061, 34.9351946], [137.1663949, 34.9365029], [137.1663558, 34.9374829], [137.1663469, 34.9376924], [137.1663332, 34.9377896], [137.1663194, 34.9378844], [137.1662297, 34.9382085], [137.166083, 34.9385211], [137.1659712, 34.9386855], [137.1659056, 34.9387707], [137.1657523, 34.9389715], [137.1655723, 34.93915], [137.165223, 34.9394577], [137.1640623, 34.9401639], [137.1635439, 34.9404719], [137.1630257, 34.9407893], [137.1629143, 34.940857], [137.1625148, 34.9410741], [137.1623461, 34.9411782], [137.1621044, 34.9413006], [137.1616923, 34.9415341], [137.1612417, 34.941798], [137.1603191, 34.9423037], [137.1599518, 34.9425058], [137.1595164, 34.9427553], [137.1591305, 34.9429721], [137.1587385, 34.94319], [137.1579559, 34.943636], [137.1571204, 34.9440944], [137.156895, 34.9442302], [137.1566888, 34.9443582], [137.1564715, 34.9445355], [137.1562742, 34.944697], [137.1560841, 34.9448784], [137.155932, 34.9450544], [137.155765, 34.945251], [137.1555959, 34.9454918], [137.1552107, 34.9460267], [137.1546683, 34.9468425], [137.1544268, 34.9472532], [137.1542862, 34.9475433], [137.1542063, 34.9478124], [137.1541754, 34.947996], [137.1541453, 34.9483874], [137.1542035, 34.9487584], [137.1543552, 34.9501179], [137.154469, 34.9508458], [137.1544899, 34.9509877], [137.1546122, 34.951912], [137.154798, 34.9534263], [137.154844, 34.9538696], [137.1549073, 34.9543765], [137.1549956, 34.9550139], [137.1550493, 34.9554727], [137.1550623, 34.9555839], [137.1551023, 34.9558945], [137.1551574, 34.9563798], [137.1551692, 34.956464], [137.1552577, 34.957094], [137.1553143, 34.9575707], [137.1553288, 34.9576936], [137.1553634, 34.958025], [137.155413, 34.958396], [137.1554473, 34.958619], [137.1554579, 34.9587131], [137.1554709, 34.9588505], [137.1557036, 34.9603187], [137.1557211, 34.9604288], [137.1557386, 34.9605396], [137.1560079, 34.9622222], [137.1560366, 34.9624473], [137.1561484, 34.9630241], [137.1563915, 34.9644134], [137.1566618, 34.9652384], [137.1569704, 34.966124], [137.1571717, 34.9667617], [137.1577016, 34.9682117], [137.1581911, 34.9696755], [137.1583675, 34.970183], [137.1585621, 34.9707561], [137.1588882, 34.9716979], [137.159238, 34.9726741], [137.1592751, 34.9728086], [137.159312, 34.9729398], [137.1596959, 34.9740663], [137.1601119, 34.9753362], [137.1604336, 34.976362], [137.1607463, 34.9773351], [137.1612533, 34.9788887], [137.1618139, 34.9805578], [137.1618724, 34.9807311], [137.1623352, 34.9822094], [137.1628876, 34.983916], [137.1632858, 34.9851963], [137.1637733, 34.9866435], [137.164369, 34.9884629], [137.1646452, 34.9893187], [137.1647617, 34.9896705], [137.1651391, 34.9908099], [137.1655111, 34.992295], [137.1657549, 34.9932491], [137.1660629, 34.9944206], [137.1665388, 34.9963736], [137.1665817, 34.996525], [137.1667182, 34.9970302], [137.1667528, 34.9971942], [137.1672318, 34.9990775], [137.1673662, 34.9996322], [137.1674805, 35.0000682], [137.16787, 35.0016236], [137.1682834, 35.0031696], [137.1683242, 35.0033222], [137.168344, 35.0034868], [137.168451, 35.0043785], [137.1685217, 35.0048304], [137.1685598, 35.0051146], [137.1686895, 35.0059028], [137.1691013, 35.0086358], [137.1692787, 35.0098014], [137.169313, 35.010004], [137.1695128, 35.0111841], [137.1697897, 35.0130469], [137.1698857, 35.0136927], [137.1702192, 35.0159362], [137.1702647, 35.0164502], [137.1702527, 35.0168298], [137.1701942, 35.017195], [137.1700858, 35.0176054], [137.1698867, 35.0181023], [137.1698501, 35.0181747], [137.16961, 35.0185213], [137.1688754, 35.0194614], [137.1670908, 35.021713], [137.1670124, 35.0218108], [137.1668312, 35.0220052], [137.1666045, 35.0222073], [137.1664794, 35.0223188], [137.1660277, 35.022588], [137.1657936, 35.0226998], [137.1656853, 35.0227361], [137.161493, 35.0239102], [137.1594479, 35.0244653], [137.1567646, 35.0252333], [137.1562258, 35.0253739], [137.1559433, 35.0254756], [137.1557035, 35.0255754], [137.1553077, 35.0257994], [137.1551447, 35.0259214], [137.1549125, 35.0261202], [137.1546276, 35.0264211], [137.1544782, 35.0266317], [137.1543557, 35.0268599], [137.1542377, 35.0271499], [137.154183, 35.0273188], [137.1537886, 35.0286329], [137.1537606, 35.0287321], [137.1535945, 35.0293102], [137.1535551, 35.02945], [137.1534, 35.029988], [137.1533456, 35.0301597], [137.1532861, 35.0303472], [137.1532442, 35.0304986], [137.1528861, 35.0317413], [137.1526809, 35.0324936], [137.1526333, 35.0329023], [137.1526218, 35.0333097], [137.1526555, 35.0336926], [137.1527011, 35.0340465], [137.1530445, 35.0360783], [137.1531345, 35.0367392], [137.1533682, 35.0381248], [137.1535044, 35.0389738], [137.15369, 35.0401708], [137.1539268, 35.0415373], [137.1539579, 35.041717], [137.1541158, 35.0425993], [137.154209, 35.043244], [137.1542849, 35.043715], [137.1543099, 35.0438328], [137.1543511, 35.0440599], [137.1543705, 35.044281], [137.1543786, 35.0444365], [137.1543798, 35.0448169], [137.1543769, 35.0450042], [137.1543601, 35.0451835], [137.1543443, 35.0453382], [137.1543092, 35.0455572], [137.1541297, 35.0464547], [137.1540345, 35.0470122], [137.1539371, 35.0475807], [137.153903, 35.0478447], [137.1538833, 35.0480991], [137.1538828, 35.048389], [137.1539142, 35.0488061], [137.1539687, 35.0492033], [137.1540314, 35.0494588], [137.1541223, 35.0497248], [137.1541934, 35.0499347], [137.1542623, 35.050101], [137.1542892, 35.0501661], [137.1544482, 35.0504904], [137.1546918, 35.0508805], [137.1548491, 35.0510774], [137.1550397, 35.0513587], [137.1553601, 35.0516688], [137.1556291, 35.0519354], [137.155693, 35.0520096], [137.1560613, 35.052358], [137.156134, 35.052437], [137.1571537, 35.0533635], [137.1572714, 35.0534947], [137.157483, 35.0537433], [137.1577205, 35.0540379], [137.1578886, 35.0542865], [137.1579977, 35.0544859], [137.1580568, 35.0546267], [137.1582154, 35.0550582], [137.1582841, 35.0552966], [137.1583672, 35.0555842], [137.1583834, 35.055696], [137.1587247, 35.0573671], [137.1593116, 35.0602254], [137.1593519, 35.06048], [137.1595722, 35.0617273], [137.1596849, 35.0632165], [137.159701, 35.0636182], [137.159704, 35.063719], [137.1596988, 35.0638784], [137.1597251, 35.0644949], [137.1597859, 35.0652844], [137.1598331, 35.066395], [137.1599017, 35.0674383], [137.1599151, 35.0677193], [137.1599337, 35.0684098], [137.1599587, 35.0689221], [137.1599716, 35.069022], [137.159993, 35.0694011], [137.160046, 35.0701546], [137.1602123, 35.073403], [137.1603507, 35.0759195], [137.1604094, 35.0775721]], [[137.1610092, 35.0838863], [137.1608502, 35.0838974], [137.1606135, 35.0839163], [137.1602645, 35.0839448], [137.1594993, 35.083993], [137.1593858, 35.0840015], [137.1592692, 35.0840104], [137.1586449, 35.08407], [137.1581137, 35.0841087], [137.1575056, 35.0841616], [137.1573758, 35.0841644], [137.1572409, 35.0841813], [137.1570164, 35.0842003], [137.1567253, 35.0842298], [137.156488, 35.0842651], [137.1559919, 35.0844025], [137.1553222, 35.0845858], [137.1552039, 35.0846181], [137.1552203, 35.0847416], [137.1553308, 35.0855729], [137.1553414, 35.0856523], [137.1553825, 35.0858892], [137.1554806, 35.0863001], [137.1555014, 35.0863825], [137.155644, 35.0869972], [137.1556719, 35.0871172], [137.1558227, 35.0877712], [137.1559269, 35.0881347], [137.1560036, 35.0884781], [137.1560588, 35.0886984], [137.1560889, 35.0888182], [137.1561146, 35.088945], [137.1561816, 35.0892366], [137.1562629, 35.0896048], [137.1563533, 35.0899465], [137.1564736, 35.0904117], [137.1565383, 35.0906715], [137.1566312, 35.0910824], [137.1567248, 35.0914692], [137.1567217, 35.0915103], [137.1567069, 35.0916122], [137.1566584, 35.0916949], [137.1563368, 35.0922526], [137.155878, 35.0930352], [137.1554799, 35.0938351], [137.1554227, 35.0939369], [137.1550363, 35.0946102], [137.1550102, 35.0946593], [137.1549578, 35.0947531], [137.1549341, 35.0947985], [137.1548589, 35.0949425], [137.1548446, 35.0949701], [137.1547592, 35.0951093], [137.1546454, 35.095311], [137.1546222, 35.0953529], [137.1542048, 35.0961083], [137.1540105, 35.096418], [137.153814, 35.0968039], [137.1537785, 35.0968607], [137.1536711, 35.0970224], [137.1534733, 35.097037], [137.1532904, 35.0970351], [137.153179, 35.097041], [137.1527239, 35.0970397], [137.1524406, 35.0970389], [137.1519538, 35.0970376], [137.1518809, 35.0970374], [137.1517774, 35.0970338], [137.151562, 35.0970263], [137.1512564, 35.0970157], [137.1509447, 35.0970082], [137.1508119, 35.0970308], [137.1505924, 35.0971055], [137.1501388, 35.0973712], [137.1494577, 35.097806], [137.1493892, 35.0978532], [137.1492934, 35.0979191], [137.1491799, 35.0979746], [137.148713, 35.098203], [137.1485416, 35.0982909], [137.1483027, 35.0984135], [137.1478232, 35.0986403], [137.1476332, 35.0987201], [137.1474646, 35.0987622], [137.1472668, 35.0987829], [137.1471108, 35.0987815], [137.1469707, 35.0987735], [137.146858, 35.098762], [137.1467891, 35.0988587], [137.1466855, 35.0990042], [137.1465313, 35.0991941], [137.1463758, 35.0993534], [137.1461598, 35.0995475], [137.1459389, 35.0997088], [137.1455848, 35.0999755], [137.1454994, 35.1000263], [137.1449488, 35.1003534], [137.1447968, 35.100451], [137.144372, 35.1007038], [137.1440362, 35.1010109], [137.1438059, 35.1012684], [137.1434486, 35.1018589], [137.1430448, 35.1025176], [137.1427241, 35.1030572], [137.142518, 35.1034327], [137.1424962, 35.1034883], [137.142479, 35.1035255], [137.1424777, 35.1035423], [137.1424138, 35.1036291], [137.1423992, 35.1036652], [137.1422466, 35.10393], [137.1422303, 35.1039584], [137.1421881, 35.1040037], [137.1421488, 35.1040694], [137.1420585, 35.1041386], [137.1419135, 35.1043303], [137.1418477, 35.1044338], [137.1417597, 35.104574], [137.1416478, 35.1047798], [137.141518, 35.1050733], [137.1414485, 35.1052766], [137.1414092, 35.1053518], [137.1411803, 35.1057902], [137.1407157, 35.106634], [137.1404909, 35.1070351], [137.1399557, 35.1080654], [137.1398156, 35.1083769], [137.1397703, 35.1084962], [137.1397069, 35.1086349], [137.139634, 35.1087943], [137.139246, 35.1096977], [137.1380757, 35.1123858], [137.1378878, 35.1128148], [137.1377051, 35.1131556], [137.1375159, 35.1134867], [137.1373253, 35.1138307], [137.137101, 35.1141387], [137.1367589, 35.1145918], [137.1362426, 35.1152227], [137.1358003, 35.1157925], [137.1348901, 35.1169364], [137.1347394, 35.1171128], [137.1346052, 35.1172487], [137.134471, 35.1173671], [137.1343353, 35.1175006], [137.1341942, 35.1176144], [137.1339053, 35.1178231], [137.1335117, 35.1180802], [137.1327063, 35.1185686], [137.1324932, 35.1186942], [137.1322067, 35.1189032], [137.1317334, 35.1193054], [137.1311526, 35.1198358], [137.1310585, 35.1199217], [137.1309409, 35.1200643], [137.1308183, 35.1202529], [137.1307614, 35.120358], [137.130588, 35.1206781], [137.1305611, 35.1207278], [137.1305014, 35.1208681], [137.1304599, 35.1209654], [137.1303685, 35.1211899], [137.130296, 35.1213561], [137.1302344, 35.1214973], [137.1302008, 35.1215698], [137.1300912, 35.1218069], [137.1299532, 35.1221379], [137.129806, 35.1223991], [137.1296558, 35.1226358], [137.129574, 35.1227646], [137.1294648, 35.1228908], [137.1293993, 35.1229666], [137.1290096, 35.123387], [137.1287467, 35.1236751], [137.1284786, 35.1239578], [137.128298, 35.1241629], [137.1280778, 35.1244243], [137.1277961, 35.1247528], [137.1276625, 35.1249042], [137.1275863, 35.1250026], [137.1273668, 35.1252358], [137.1270711, 35.1255916], [137.1268622, 35.1258442], [137.1266992, 35.1260764], [137.1266309, 35.1262075], [137.1265586, 35.1263644], [137.1265086, 35.1264719], [137.1264416, 35.1266783], [137.1264114, 35.1268352], [137.1263772, 35.1270459], [137.1263641, 35.12722], [137.126368, 35.1274081], [137.1264114, 35.1277075], [137.1264305, 35.1278641], [137.1265039, 35.1284216], [137.1265242, 35.1285942], [137.1265415, 35.1287409], [137.126573, 35.1290193], [137.1266217, 35.1292998], [137.1266571, 35.1294138], [137.1266929, 35.1294948], [137.126715, 35.1295449], [137.1268122, 35.1297222], [137.12692, 35.1299093], [137.1270488, 35.130064], [137.1271894, 35.1302102], [137.1273208, 35.1303295], [137.1274483, 35.1304359], [137.1275731, 35.1305413], [137.1276383, 35.1305851], [137.1277939, 35.1306896], [137.1279635, 35.13081], [137.128221, 35.1310131], [137.1283761, 35.1311206], [137.1284852, 35.1312098], [137.1286008, 35.1312968], [137.1286784, 35.1313613], [137.1287467, 35.131457], [137.1287822, 35.1315784], [137.1287625, 35.1317289], [137.1286981, 35.1318633], [137.1285732, 35.1319826], [137.1283945, 35.132089], [137.1278625, 35.1323835], [137.1274076, 35.1326362], [137.12712, 35.1327906], [137.1268789, 35.1329199], [137.1265759, 35.1330762], [137.1262714, 35.1332023], [137.1260384, 35.1332804], [137.1256635, 35.1334072], [137.1254869, 35.1334727], [137.1252676, 35.1335503], [137.1250706, 35.1336403], [137.1249488, 35.1337281], [137.1247964, 35.1338793], [137.1247586, 35.1339315], [137.1245679, 35.1342509], [137.1245367, 35.134303], [137.1242568, 35.1348426], [137.1238562, 35.1355942], [137.1236176, 35.1360616], [137.1235915, 35.136157], [137.1235796, 35.1362002], [137.123567, 35.1362463], [137.1235463, 35.1363219], [137.1234847, 35.1365079], [137.1234831, 35.1365127], [137.1234794, 35.136524], [137.1234709, 35.1365495], [137.1234604, 35.1365811], [137.1234015, 35.1368489], [137.1233599, 35.1370384], [137.1233099, 35.1373178], [137.1232915, 35.1374209], [137.12326, 35.1375967], [137.1232523, 35.1376818], [137.1232924, 35.1379484], [137.1233279, 35.138185], [137.1233351, 35.1382328], [137.1233717, 35.138424], [137.1234576, 35.1386665], [137.1235867, 35.1389243], [137.1236779, 35.1391634], [137.1237074, 35.1394375], [137.1237039, 35.1395788], [137.1236993, 35.1397029]], [[137.1455848, 35.0999755], [137.1460111, 35.0997682], [137.146372, 35.099494], [137.146538, 35.0993529], [137.1467071, 35.09915], [137.1467319, 35.0991202], [137.1469136, 35.0988799], [137.1469707, 35.0987735]], [[137.1236993, 35.1397029], [137.1237034, 35.1403686], [137.1237221, 35.1407338], [137.1237853, 35.1412547], [137.1237815, 35.1413101], [137.1237757, 35.1413985], [137.1237534, 35.1423907], [137.1237331, 35.1427392], [137.1236644, 35.1430304], [137.123567, 35.1432362], [137.1234459, 35.1434412], [137.1232519, 35.1436699], [137.1231078, 35.1438372], [137.1229004, 35.1440645], [137.1226725, 35.144252], [137.1222823, 35.1445538], [137.122125, 35.1447347], [137.121958, 35.1449736], [137.1217429, 35.1452892], [137.1216498, 35.1454864], [137.1215785, 35.145668], [137.1214827, 35.1460563], [137.1213397, 35.1465125], [137.121171, 35.1469093], [137.1211473, 35.1469515], [137.1210044, 35.1472057], [137.1206347, 35.1477801], [137.1204357, 35.1480258], [137.1203631, 35.14811], [137.1199653, 35.148571], [137.1198653, 35.1486919], [137.1197303, 35.1488282], [137.1194825, 35.1490662], [137.1190708, 35.1494117], [137.1189374, 35.1495471], [137.1189214, 35.149571], [137.1188625, 35.1496595], [137.1187911, 35.1498012], [137.1187513, 35.1499885], [137.118744, 35.1501021], [137.1187609, 35.1502335], [137.1187999, 35.1503492], [137.1188846, 35.1504876], [137.1190658, 35.1507586], [137.1191641, 35.1508827], [137.1195354, 35.1514179], [137.1196271, 35.1516197], [137.1196781, 35.1517807], [137.1197361, 35.1521478], [137.1197183, 35.1523973], [137.1196682, 35.1525918], [137.1196189, 35.1527423], [137.1194574, 35.1530757], [137.1193589, 35.1532559], [137.1191006, 35.1537505], [137.1189881, 35.1539505], [137.1189384, 35.1540387], [137.1188526, 35.1541889], [137.1187922, 35.1542723], [137.1187212, 35.1543545], [137.1186407, 35.1544258], [137.1185126, 35.1545277], [137.1182746, 35.1547087], [137.1178282, 35.1550331], [137.1175832, 35.1552833], [137.1173603, 35.1555881], [137.1169948, 35.1561561], [137.116928, 35.1562688], [137.1167854, 35.1565094], [137.1166, 35.1567913], [137.1161907, 35.1574077], [137.1160616, 35.1576462], [137.116022, 35.1578216], [137.1160229, 35.1579542], [137.1160586, 35.1581242], [137.1160749, 35.1582043], [137.1161275, 35.1583204], [137.1161986, 35.1584259], [137.1162777, 35.1585309], [137.1163449, 35.1585956], [137.1164211, 35.1586486], [137.1165542, 35.1587412], [137.1168365, 35.1588927], [137.117051, 35.1590434], [137.1171624, 35.1591516], [137.1172478, 35.1592571], [137.1173322, 35.1594445], [137.1176106, 35.1607625], [137.1176313, 35.1608604], [137.117637, 35.1608875], [137.1176758, 35.1610651], [137.1176689, 35.1613537], [137.1176262, 35.1615109], [137.1175482, 35.1616752], [137.1174608, 35.1617946], [137.1172514, 35.1620804], [137.1171978, 35.1621516], [137.117187, 35.1621659], [137.1171558, 35.1622073], [137.1171006, 35.1622806], [137.1170891, 35.1622959], [137.1170647, 35.1623283], [137.1170025, 35.1624109], [137.1169519, 35.162476], [137.1169274, 35.1625076], [137.1169029, 35.1625392], [137.1168846, 35.1625627], [137.1163907, 35.163182], [137.1162354, 35.1633831], [137.1160282, 35.1636478], [137.115878, 35.1638172], [137.1157815, 35.1639126], [137.1154462, 35.1642344], [137.1148896, 35.1647617], [137.1148202, 35.1648256], [137.1148128, 35.1648341], [137.1145204, 35.1651089], [137.1139336, 35.1656534], [137.1136504, 35.1659397], [137.1133231, 35.1662335], [137.1132029, 35.1663486], [137.112592, 35.1669353], [137.1125356, 35.166998], [137.1118305, 35.1677818], [137.1114754, 35.1681519], [137.1112365, 35.1683952], [137.1108052, 35.1687302], [137.1102708, 35.1691183], [137.10995, 35.1693591], [137.1096401, 35.1695972], [137.109352, 35.169804], [137.1091539, 35.1699458], [137.1086252, 35.1703401], [137.1084539, 35.1704818], [137.1083936, 35.1705554], [137.1082807, 35.1707267], [137.108189, 35.1709036], [137.1080528, 35.1712344], [137.107987, 35.171415], [137.1079415, 35.1715549], [137.1079022, 35.1716759], [137.1078594, 35.1718088], [137.1077582, 35.1720614], [137.1076598, 35.1723109], [137.1075871, 35.1724887], [137.107325, 35.1729933], [137.1072976, 35.1730623], [137.1072746, 35.1731066], [137.1072224, 35.1732075], [137.1070891, 35.1734535], [137.1068848, 35.1737948], [137.106862, 35.1738342], [137.1067755, 35.1739744], [137.1065155, 35.1743988], [137.1064411, 35.1745535], [137.1063977, 35.1746444], [137.1063613, 35.1747288], [137.1062412, 35.1750737], [137.1061403, 35.175361], [137.1060269, 35.1757065], [137.1059732, 35.1760147], [137.1059018, 35.1764676], [137.1058792, 35.1766337], [137.1057689, 35.1776735], [137.1057479, 35.1778667], [137.1057404, 35.1779441], [137.1056825, 35.1782892], [137.1055856, 35.1786893], [137.1055023, 35.1789949], [137.1054028, 35.1792758], [137.1051628, 35.1799211], [137.1050818, 35.1801117], [137.1050526, 35.1802937], [137.1050523, 35.1810278], [137.1050522, 35.1810596], [137.1050447, 35.1813991], [137.1050432, 35.1817354], [137.1050696, 35.1819808], [137.1051935, 35.1825261], [137.1052004, 35.182761], [137.1051733, 35.1831715], [137.1051731, 35.1832267], [137.1051726, 35.1833416], [137.1052502, 35.1837343], [137.1052846, 35.18394], [137.1053662, 35.184481], [137.1053794, 35.1846181], [137.1053929, 35.1848676], [137.1053909, 35.1849767], [137.1053908, 35.1850888], [137.1053664, 35.1852956], [137.1053533, 35.1853725], [137.1051626, 35.1860589], [137.1051157, 35.1862525], [137.104798, 35.1874038], [137.1046633, 35.1879301], [137.1045235, 35.1883355], [137.104291, 35.1887881], [137.1037992, 35.1896816], [137.103361, 35.1905153], [137.1032329, 35.1907556], [137.1028701, 35.1914118], [137.1026791, 35.1917427], [137.1024897, 35.1920706], [137.1023166, 35.1924129], [137.1022409, 35.1925779], [137.1021976, 35.1927435], [137.1021747, 35.1928853], [137.1021716, 35.1930647], [137.1021899, 35.1934908], [137.1021961, 35.1935456], [137.1022017, 35.1936814], [137.1022343, 35.1941131], [137.1022555, 35.1944425], [137.1022805, 35.1946861], [137.1022889, 35.1949899], [137.1022889, 35.1950175], [137.1023139, 35.1953901], [137.1023174, 35.1954187], [137.1023214, 35.1954628], [137.1023256, 35.1954895], [137.102376, 35.1958119], [137.1024062, 35.1959758], [137.1024569, 35.1962629], [137.1025363, 35.1966941], [137.1025878, 35.1969529], [137.1026122, 35.1970779], [137.1026403, 35.1972216], [137.1026705, 35.1973454], [137.1026842, 35.1973991], [137.102707, 35.19749], [137.1027123, 35.197517], [137.1028332, 35.1980169], [137.1028696, 35.1982446], [137.1029457, 35.1986279], [137.1030895, 35.199184], [137.1031274, 35.1993147], [137.1031604, 35.1994288], [137.1031985, 35.1996371], [137.1033417, 35.2001857], [137.1033571, 35.2002404], [137.1034127, 35.200438], [137.1034836, 35.2007064], [137.1034921, 35.200737], [137.1035185, 35.2008312], [137.1035638, 35.2009931], [137.1036125, 35.2011836], [137.103686, 35.2014708], [137.1037937, 35.2018992], [137.1038515, 35.2021606], [137.1038804, 35.2022911], [137.1039422, 35.202683], [137.1039415, 35.2027424], [137.1039395, 35.202917], [137.1039014, 35.2031854], [137.1038909, 35.2032595], [137.1038633, 35.2034366], [137.1037714, 35.2037329], [137.1036981, 35.2038861], [137.1036321, 35.2040239], [137.1035257, 35.204186], [137.1034008, 35.2043943], [137.1032852, 35.2045607], [137.1031735, 35.2047593], [137.1030881, 35.204915], [137.1029502, 35.2051587], [137.102894, 35.2052653], [137.1028359, 35.2053755], [137.1027938, 35.2055237], [137.1027662, 35.2056965], [137.1027668, 35.2057406], [137.1027702, 35.2060004], [137.1027899, 35.2061657], [137.1028346, 35.2065473], [137.1028559, 35.2069519], [137.1028708, 35.2071994], [137.1028922, 35.2075227], [137.1029228, 35.2078856], [137.1029293, 35.208026], [137.1029553, 35.2081452], [137.1030315, 35.208335], [137.1030835, 35.2084443], [137.103156, 35.2085399], [137.1033075, 35.208713], [137.1034654, 35.2088307], [137.1036038, 35.208918], [137.1038695, 35.2090539], [137.1043638, 35.2092725], [137.1048321, 35.2094716], [137.1052539, 35.2096659], [137.1057276, 35.2098504], [137.1061693, 35.2100717], [137.1063807, 35.2102342], [137.1065743, 35.2104097], [137.1066846, 35.2105395], [137.1067757, 35.2107295], [137.1068435, 35.2109578], [137.1068509, 35.2111988], [137.1068052, 35.2114216], [137.1067124, 35.2116457], [137.1065588, 35.2119085], [137.105805, 35.2128333], [137.1056016, 35.2130097], [137.1055166, 35.2130625], [137.1054345, 35.2130965], [137.1049814, 35.2132412], [137.1048705, 35.2132877], [137.1047737, 35.2133726], [137.1047404, 35.2134304], [137.1047094, 35.2134844], [137.1045394, 35.2138825], [137.1043447, 35.2144821], [137.1042216, 35.2147978], [137.103975, 35.2154465], [137.1038047, 35.2159045], [137.1037322, 35.2161072], [137.1036587, 35.216393], [137.1036012, 35.2166264], [137.1035612, 35.2168952], [137.1035521, 35.2169795], [137.1034613, 35.2178163], [137.1034561, 35.217864], [137.103444, 35.2179434], [137.1034114, 35.218077], [137.1033548, 35.2182524], [137.1032386, 35.2186236], [137.1031816, 35.2187799], [137.1031628, 35.2188315], [137.1029966, 35.2193141], [137.102746, 35.2200298], [137.1026169, 35.2203924], [137.1023997, 35.2210025], [137.1023216, 35.2212166], [137.1022501, 35.2213593], [137.102224, 35.2213967], [137.1021488, 35.2215043], [137.1020159, 35.221663], [137.1018658, 35.2218173], [137.1016353, 35.2220543], [137.1013969, 35.2222994], [137.1013471, 35.2223499], [137.1013176, 35.222381], [137.1012783, 35.2224235], [137.1011675, 35.2225435], [137.1010681, 35.2226794], [137.1010319, 35.2227439], [137.1010228, 35.2227651], [137.1009882, 35.2228456], [137.1009705, 35.2229307], [137.1009696, 35.2231219], [137.1010152, 35.2234089], [137.1010766, 35.2239092], [137.1011544, 35.2243933], [137.1012202, 35.2247525], [137.101254, 35.2250202], [137.1012668, 35.2251021], [137.1013395, 35.2256201], [137.1013537, 35.2258327], [137.1013601, 35.2259284], [137.1013653, 35.2259953], [137.101368, 35.226181], [137.1013602, 35.2262561], [137.1018309, 35.226319], [137.1022441, 35.2263931], [137.1025864, 35.2264389], [137.1031095, 35.2265829], [137.1031775, 35.2266054], [137.1039268, 35.226837], [137.1042767, 35.226888], [137.1045882, 35.2269081], [137.1048575, 35.2269228], [137.104913, 35.2269286], [137.1054185, 35.2269695], [137.1061721, 35.2270263], [137.1062472, 35.2270308], [137.1066461, 35.2270282], [137.1072231, 35.227008], [137.1072893, 35.2270052], [137.108472, 35.2269422], [137.1085694, 35.2269511], [137.1086555, 35.226975], [137.1087403, 35.2270142], [137.1088091, 35.2270626], [137.1089288, 35.2271464], [137.1091117, 35.2272509], [137.109257, 35.2273116], [137.1092772, 35.2273235], [137.1094068, 35.2273599], [137.1095295, 35.2273732], [137.1097465, 35.2273768], [137.1102539, 35.2273856], [137.1103828, 35.2273973], [137.1105269, 35.2274321], [137.1110179, 35.2276188], [137.1111608, 35.2276734], [137.1113575, 35.2277485], [137.1114155, 35.2277707], [137.1115257, 35.2278354], [137.1116619, 35.2279325], [137.1118292, 35.2280982], [137.1119107, 35.2281402], [137.1118927, 35.2280603], [137.1117643, 35.2279018], [137.1115684, 35.2276871], [137.1114488, 35.2275912], [137.1113342, 35.227517], [137.1112948, 35.2274943], [137.1109653, 35.2273528], [137.1106526, 35.2272536], [137.110482, 35.2272071], [137.1103242, 35.2271767], [137.1101507, 35.2271791], [137.1098448, 35.2271807], [137.1096658, 35.2271774], [137.1094442, 35.2271558], [137.1092697, 35.2271077], [137.109105, 35.2270252], [137.1088165, 35.2268471], [137.1087192, 35.2268024], [137.1086326, 35.2267626], [137.1085071, 35.226745], [137.1083512, 35.2267626], [137.1081464, 35.2267842], [137.1078591, 35.2268074], [137.1073208, 35.2268362], [137.1072003, 35.2268624], [137.1069936, 35.2268723], [137.106228, 35.2268699], [137.1057879, 35.2268443], [137.1053164, 35.2268082], [137.105088, 35.2267874], [137.1049269, 35.2267715], [137.1048174, 35.2267658], [137.1043536, 35.2267356], [137.1041185, 35.2267146], [137.1039352, 35.2266745], [137.1037872, 35.2266321], [137.103254, 35.2264315], [137.1026988, 35.2262391], [137.1025717, 35.226183], [137.1013601, 35.2259284]], [[137.1119107, 35.2281402], [137.1121483, 35.2284234], [137.1122052, 35.2284911], [137.1122408, 35.2285336], [137.1125993, 35.2289303], [137.1129106, 35.229295], [137.1130226, 35.2294337], [137.1131223, 35.2296052], [137.1131979, 35.2297549], [137.1132002, 35.2297595], [137.1132729, 35.2299037], [137.1133426, 35.2300421], [137.1135383, 35.2304305], [137.1135696, 35.2304927], [137.1138211, 35.2309923], [137.1139784, 35.2313067], [137.1140851, 35.231452], [137.1141014, 35.2314741], [137.1144629, 35.2318963], [137.1150752, 35.2325899], [137.1152564, 35.2328139], [137.115419, 35.2330322], [137.1155344, 35.233267], [137.1156274, 35.2334562], [137.11566, 35.2336022], [137.1156855, 35.233892], [137.1157266, 35.2343817], [137.1157532, 35.2346974], [137.1158147, 35.234888], [137.1158782, 35.2350627], [137.1159847, 35.2352396], [137.1160794, 35.2353627], [137.1167192, 35.2361951], [137.1167798, 35.2363037], [137.11687, 35.2364651], [137.1168853, 35.2365], [137.1169469, 35.236641], [137.1174924, 35.2381316], [137.1175123, 35.2381723], [137.1177432, 35.2386438], [137.1178944, 35.2388952], [137.1181028, 35.2391637], [137.1183403, 35.2394698], [137.1188845, 35.2401525], [137.1191578, 35.2404876], [137.1192019, 35.2405443], [137.1193349, 35.2407152], [137.1194635, 35.2409477], [137.119538, 35.2411389], [137.1196078, 35.2413386], [137.1197483, 35.2419594], [137.1197512, 35.2420956], [137.1198991, 35.2427913], [137.1200413, 35.2431033], [137.1203888, 35.2436747], [137.1204443, 35.2437633], [137.1204997, 35.2438519], [137.1205144, 35.2438754], [137.1207323, 35.2441782], [137.1211257, 35.2447439], [137.1212231, 35.2448845], [137.1212708, 35.2449365], [137.1212952, 35.2449582], [137.1213784, 35.2450105], [137.1215825, 35.2451183], [137.12184, 35.2452542], [137.1219633, 35.2453293], [137.1220858, 35.2454134], [137.122185, 35.2454866], [137.1222792, 35.2455735], [137.122351, 35.2456601], [137.1224156, 35.2457467], [137.1225303, 35.2459291], [137.1226154, 35.2460769], [137.1226279, 35.2460986], [137.122812, 35.246425], [137.1230389, 35.2468011], [137.1232954, 35.247102], [137.1236144, 35.2474352], [137.1236492, 35.2474849], [137.1237253, 35.2475936], [137.124135, 35.2481519], [137.1244717, 35.2485997], [137.1248048, 35.2489339], [137.125584, 35.24975], [137.1261078, 35.2502397], [137.1262035, 35.2503354], [137.1262674, 35.2504009], [137.1263131, 35.2504875], [137.1264794, 35.250849], [137.1265177, 35.2510533], [137.1265383, 35.2512101], [137.1265869, 35.2514099], [137.1266829, 35.2516353], [137.1267823, 35.2517688], [137.1269266, 35.2519077], [137.1274992, 35.2523416], [137.1275756, 35.2523995], [137.1276296, 35.252437], [137.1278279, 35.2526018], [137.1279416, 35.2527061], [137.1280422, 35.2528163], [137.1281389, 35.2529388], [137.1282168, 35.2530612], [137.128303, 35.2532161], [137.1284069, 35.2534949], [137.1285251, 35.2538548], [137.1286102, 35.2540222], [137.128692, 35.2541336], [137.1287596, 35.2542221], [137.1289033, 35.2543485], [137.1290414, 35.2544369], [137.1302753, 35.2551476], [137.1304221, 35.25525], [137.1304847, 35.2553087], [137.1306104, 35.2554177], [137.130728, 35.2555661], [137.1308777, 35.2558168], [137.1309556, 35.2560232], [137.1309997, 35.2563642], [137.1310193, 35.2571501], [137.1310148, 35.257336], [137.1310002, 35.2574224], [137.1309456, 35.2577025], [137.1305535, 35.2588489], [137.1305054, 35.25909], [137.1304894, 35.2592789], [137.1305374, 35.2595505], [137.1307118, 35.26006], [137.1309868, 35.2608732], [137.1310847, 35.2611564], [137.1313374, 35.2618965], [137.131809, 35.2632917], [137.131846, 35.2634298], [137.131871, 35.2635801], [137.1318798, 35.2637172], [137.1318816, 35.2638495], [137.1318727, 35.2639795], [137.1318176, 35.2642329], [137.1317215, 35.2644638], [137.1313372, 35.2651276], [137.1311024, 35.2656229], [137.1309726, 35.2659468], [137.1309014, 35.2662562], [137.1308445, 35.266612], [137.1308498, 35.2669054], [137.131001, 35.2683826], [137.1309975, 35.2686513], [137.1309423, 35.2688895], [137.1306105, 35.269971], [137.1304057, 35.2706504], [137.1302627, 35.2711607], [137.1300892, 35.2717947], [137.1300314, 35.2720872], [137.1300116, 35.2722757], [137.129985, 35.272664], [137.1299856, 35.2729553], [137.1300072, 35.2732692], [137.1301524, 35.2742469], [137.1302899, 35.2750274], [137.130387, 35.2755747], [137.1304459, 35.2759188], [137.130542, 35.2764673], [137.1305557, 35.2765458], [137.1306181, 35.2767776], [137.1306806, 35.2769664], [137.1310848, 35.2780265], [137.1311459, 35.2781868], [137.1315665, 35.2792854], [137.1323293, 35.2812824], [137.1325442, 35.2818528], [137.1326947, 35.2823793], [137.1328065, 35.2829118], [137.1328618, 35.2833862], [137.1328773, 35.2839123], [137.1328328, 35.2851887], [137.1328235, 35.2863177], [137.132797, 35.2869122], [137.1327429, 35.2873342], [137.1326071, 35.2878373], [137.1324499, 35.28821], [137.1322763, 35.2885047], [137.1320761, 35.2887668], [137.1317665, 35.2890877], [137.1314923, 35.2893256], [137.1311874, 35.2895409], [137.1309287, 35.2896827], [137.1305834, 35.2898448], [137.1299814, 35.2900461], [137.1284522, 35.2903908], [137.1275751, 35.2906019], [137.126071, 35.2910209], [137.1257926, 35.2911043], [137.1255517, 35.2911949], [137.1252762, 35.2913437], [137.1249202, 35.2916086], [137.12469, 35.2918889], [137.1244691, 35.2922956], [137.1243913, 35.292597], [137.1243521, 35.2927769], [137.1242753, 35.2931685], [137.1241869, 35.2935324], [137.1241139, 35.2938576], [137.1240867, 35.2940015], [137.1241069, 35.2941627], [137.1241547, 35.29433], [137.1243383, 35.2948044], [137.1243735, 35.2950292], [137.124376, 35.295443], [137.1243974, 35.295637], [137.1244389, 35.2957766], [137.1245018, 35.2958937], [137.124668, 35.2961228], [137.1252044, 35.2968045], [137.1253723, 35.2970179], [137.1255031, 35.2972458], [137.1257736, 35.2977773], [137.1258227, 35.2978737], [137.1259107, 35.2980466], [137.1260302, 35.2983104], [137.1260792, 35.2984716], [137.1261004, 35.2986648], [137.1260971, 35.2987137], [137.1260921, 35.2988081], [137.126033, 35.2996623], [137.1260081, 35.3002292], [137.1260162, 35.3003448], [137.1260224, 35.3004332], [137.1260317, 35.3005036], [137.1260415, 35.3005267], [137.1260597, 35.3005697], [137.1261754, 35.300822], [137.1262542, 35.3009513], [137.1264094, 35.3012167], [137.1264751, 35.301329], [137.126518, 35.3014023], [137.1265327, 35.3014274], [137.1265931, 35.3015107], [137.1267035, 35.301603], [137.1267962, 35.3016685], [137.1269519, 35.3017586], [137.1274146, 35.3019741], [137.1276109, 35.3020851], [137.1277905, 35.3022143], [137.1278483, 35.3022819], [137.1279345, 35.3023901], [137.1280342, 35.3025954], [137.1281232, 35.3028178], [137.1281977, 35.3030334], [137.1282591, 35.3032551], [137.1283216, 35.3036174], [137.1283749, 35.3042634], [137.1283829, 35.304888], [137.1284274, 35.3051697], [137.1284808, 35.3053831], [137.1285358, 35.3055255], [137.1289825, 35.3066824], [137.1290999, 35.3069031], [137.12926, 35.3070991], [137.1294468, 35.3072544], [137.1297207, 35.30743], [137.1300142, 35.307536], [137.1303202, 35.3075926], [137.1306564, 35.3076899], [137.1309325, 35.3078082], [137.1311972, 35.3079719], [137.1329673, 35.3095191], [137.1330776, 35.3096352], [137.1332893, 35.3099748], [137.1337393, 35.3105846], [137.1338705, 35.3108161], [137.133878, 35.3109089], [137.1338679, 35.3112117], [137.1337141, 35.3118599], [137.1332477, 35.3138255], [137.1330581, 35.3142207], [137.1328589, 35.3145428], [137.132276, 35.3151628], [137.1318502, 35.3156157], [137.1313987, 35.3161517], [137.1312115, 35.3164729], [137.1310435, 35.3168602], [137.130846, 35.3173223], [137.1306785, 35.3176444], [137.1304988, 35.3178526], [137.130396, 35.317973], [137.1301976, 35.3181582], [137.1300238, 35.3182886], [137.1295991, 35.3185188], [137.1294178, 35.318596], [137.1292312, 35.318656], [137.1289986, 35.3187214], [137.1279607, 35.3190064], [137.1266844, 35.3193429], [137.1257101, 35.3195853], [137.1248929, 35.3198856], [137.1242136, 35.3202191], [137.1236453, 35.320576], [137.1232156, 35.3208752], [137.1227507, 35.3212674], [137.1224734, 35.3215625], [137.1223323, 35.321732], [137.1221885, 35.3219159], [137.1220256, 35.3221406], [137.1217054, 35.3226988], [137.1215773, 35.3229983], [137.1215154, 35.3231534], [137.1213996, 35.3234882], [137.1212638, 35.3238961], [137.1211763, 35.3241073], [137.1210563, 35.324287], [137.1209346, 35.324432], [137.1207845, 35.3245806], [137.120642, 35.3247038], [137.1204571, 35.3248294], [137.1194975, 35.3254528], [137.1191534, 35.3256838], [137.1189667, 35.3258395], [137.1188235, 35.3259999], [137.118727, 35.3261306], [137.1186535, 35.3262499], [137.1184008, 35.3268205], [137.1181203, 35.3274583], [137.117933, 35.3278476], [137.1178812, 35.3279828], [137.1176462, 35.328509], [137.1174685, 35.3289653], [137.1171343, 35.3300104], [137.1171185, 35.3300681], [137.1168879, 35.3307993], [137.1167161, 35.331396], [137.1166915, 35.3314816], [137.1164468, 35.3322478], [137.1163591, 35.3325231], [137.116216, 35.3329835], [137.1159401, 35.3338347], [137.1156239, 35.3348735], [137.1155914, 35.3349801], [137.1155553, 35.3350952], [137.1154328, 35.3354863], [137.115367, 35.3357482], [137.1153538, 35.3359012], [137.1153583, 35.3360467], [137.1153706, 35.3361759], [137.1154676, 35.3364233], [137.1157094, 35.3370405], [137.1157454, 35.3371383], [137.115788, 35.3372863], [137.1158163, 35.3374329], [137.1158284, 35.3375535], [137.1158208, 35.3377771], [137.1158096, 35.3378873], [137.1157958, 35.3379974], [137.1157674, 35.3380266], [137.1157206, 35.3382093], [137.1156917, 35.3383466], [137.1156528, 35.3384779], [137.1156291, 35.3385755], [137.1156045, 35.3386793], [137.1155482, 35.3388677], [137.1155142, 35.3389943], [137.115336, 35.3396054], [137.1151544, 35.3400904], [137.1150865, 35.3402719], [137.1148008, 35.3410349], [137.1147878, 35.3410697], [137.1142967, 35.3423947], [137.1139734, 35.3432174], [137.1138054, 35.3436181], [137.1134838, 35.3443257], [137.1132545, 35.3448539], [137.1132514, 35.3449016], [137.1131424, 35.3451796], [137.1131116, 35.3452582], [137.1129602, 35.3452752], [137.112676, 35.3453348], [137.1126266, 35.3453313], [137.1125296, 35.3453587], [137.1123821, 35.3454165], [137.112296, 35.3454508], [137.1118476, 35.3456434], [137.1101359, 35.3463906], [137.1096081, 35.3466165], [137.1094881, 35.3466676], [137.108753, 35.3469804], [137.1077776, 35.3474122], [137.1072625, 35.3476363], [137.105668, 35.34833], [137.105139, 35.3485657], [137.104688, 35.3487848], [137.1039901, 35.349182], [137.1038475, 35.3492558], [137.1036258, 35.3493901], [137.1028588, 35.3498494], [137.1021448, 35.3502728], [137.1015727, 35.350627], [137.1010762, 35.3509206], [137.1007257, 35.3511368], [137.1004163, 35.3513723], [137.1001979, 35.3515868], [137.1000246, 35.3517726], [137.0998116, 35.3520575], [137.099706, 35.3522309], [137.09965, 35.3523604], [137.099223, 35.3533069], [137.0990335, 35.3536514], [137.0988102, 35.3539488], [137.0985872, 35.3541871], [137.0984088, 35.3543381], [137.0982138, 35.3545011], [137.0979852, 35.3546536], [137.0976803, 35.3548297], [137.0973097, 35.3549915], [137.0969005, 35.3551216], [137.0965658, 35.3552022], [137.0962413, 35.3552576], [137.095889, 35.3552851], [137.095296, 35.3552913], [137.0942255, 35.3552882], [137.0933254, 35.355294], [137.0926296, 35.3552745], [137.0917697, 35.3552656], [137.0913706, 35.3552957], [137.0909841, 35.3553329], [137.0906525, 35.3553779], [137.0903921, 35.3554191], [137.0902165, 35.3554507], [137.0899406, 35.3555101], [137.0897352, 35.355565], [137.0897092, 35.3555717], [137.0895518, 35.3556125], [137.0894643, 35.3556352], [137.0891435, 35.3557184], [137.0885156, 35.3559283], [137.0880045, 35.3561244], [137.0876162, 35.3562923], [137.0871976, 35.3564941], [137.0863697, 35.3569989], [137.0861625, 35.3571389], [137.0856792, 35.357492], [137.0852699, 35.357838], [137.0846128, 35.358505], [137.0842661, 35.3589335], [137.083957, 35.3593562], [137.0836063, 35.3598024], [137.0833744, 35.3600793], [137.083172, 35.3602943], [137.0828813, 35.3605858], [137.0823915, 35.3609986], [137.0820503, 35.3612586], [137.0816791, 35.3615121], [137.0812174, 35.3617851], [137.0806766, 35.3621019], [137.0793341, 35.3627944], [137.0769824, 35.3640424], [137.0749564, 35.3650883], [137.0721093, 35.3665949], [137.0713542, 35.3670121], [137.0705655, 35.3674744], [137.0690203, 35.3683639], [137.061257, 35.372834], [137.0600195, 35.3735454], [137.0596745, 35.373742], [137.059321, 35.3739509], [137.0590053, 35.3741704], [137.0586177, 35.3744828], [137.0582875, 35.3748043], [137.0579914, 35.3751588], [137.0577039, 35.3756014], [137.0574885, 35.3760476], [137.0573482, 35.3764266], [137.0572603, 35.3766784], [137.0572168, 35.3769189], [137.056655, 35.3802043], [137.0566474, 35.3802486], [137.056625, 35.3803878], [137.0561702, 35.3829914], [137.0559882, 35.3840103], [137.0558392, 35.3845186], [137.0557193, 35.3848455], [137.055516, 35.3852856], [137.0552981, 35.3857056], [137.0552519, 35.3857721], [137.0550993, 35.3859915], [137.0546873, 35.3865348], [137.0545715, 35.3866854], [137.0544704, 35.3867946], [137.0538718, 35.387414], [137.053769, 35.3875004], [137.0536287, 35.3876126], [137.0532471, 35.3879182], [137.0529951, 35.3881132], [137.0524941, 35.3885002], [137.0521099, 35.3887953], [137.0504161, 35.3901211], [137.0490244, 35.39119], [137.0483043, 35.3917332], [137.0476165, 35.3923027], [137.0469481, 35.3929358], [137.0466669, 35.3932355], [137.0465576, 35.3933778], [137.046159, 35.393923], [137.0457322, 35.3945527], [137.0456536, 35.3946934], [137.0453525, 35.3952721], [137.0449714, 35.3961792], [137.044701, 35.3971163], [137.0445529, 35.3982664], [137.0442779, 35.4010424], [137.0442635, 35.4011875], [137.044245, 35.4013587], [137.0435489, 35.4077989], [137.0432194, 35.411447], [137.0431884, 35.411756], [137.0430078, 35.415095], [137.042895, 35.4182385], [137.0428846, 35.4185563], [137.0428386, 35.4199946], [137.0428331, 35.4202383], [137.0427936, 35.4209145], [137.0427843, 35.4211153], [137.0427371, 35.4221317], [137.0427011, 35.4231029], [137.0426808, 35.4238292], [137.0426756, 35.4240159], [137.0426697, 35.4241659], [137.0426344, 35.4250608], [137.0425941, 35.4265167], [137.0425069, 35.4280346], [137.04248, 35.4288265], [137.0425807, 35.4301975], [137.0425545, 35.4324214], [137.0425345, 35.432824], [137.0424235, 35.4334708], [137.0423735, 35.4336875], [137.0423319, 35.4338113], [137.0423091, 35.4338827], [137.0422031, 35.4342011], [137.0419756, 35.4348504], [137.0416331, 35.4356633], [137.0416083, 35.4357065], [137.0415354, 35.435841], [137.0414626, 35.4359733], [137.0412232, 35.4365257], [137.0408792, 35.4373989], [137.0405662, 35.4380345], [137.040513, 35.4381446], [137.0390245, 35.4411861], [137.0389212, 35.4413918], [137.038873, 35.4414989], [137.0387866, 35.4416578], [137.0386531, 35.4419056], [137.0383999, 35.4423073], [137.0379905, 35.4428123], [137.0374715, 35.4433072], [137.0360485, 35.444403], [137.0336616, 35.4462096], [137.0330057, 35.4467042], [137.0325276, 35.4470608], [137.032028, 35.447378], [137.0318221, 35.4474949], [137.0316161, 35.4475942], [137.0314236, 35.4476718], [137.0312149, 35.447758], [137.0310132, 35.4478383], [137.0305726, 35.4479719], [137.0303196, 35.4480391], [137.0297614, 35.4481575], [137.0286058, 35.4483338], [137.0275906, 35.4484986], [137.0262979, 35.4487105], [137.025227, 35.4488676], [137.0242565, 35.4490071], [137.0234573, 35.449107], [137.0231833, 35.4491251], [137.0211047, 35.4492622], [137.0204759, 35.4492923], [137.0198449, 35.4493481], [137.0196405, 35.4493728], [137.0190669, 35.4494672], [137.017873, 35.4495914], [137.0176549, 35.4496141], [137.0173084, 35.4496469], [137.0161375, 35.4497777], [137.0154419, 35.4498713], [137.0142467, 35.4500095], [137.0138788, 35.4500452], [137.0135315, 35.450035], [137.0132358, 35.4500274], [137.0130598, 35.4500112], [137.0129262, 35.4500038], [137.0126334, 35.4499691], [137.0123038, 35.4499244], [137.0113543, 35.449706], [137.0110376, 35.4496325], [137.0098441, 35.449314], [137.0086436, 35.4490154], [137.0076611, 35.4487571], [137.0060401, 35.448324], [137.005557, 35.4481913], [137.0052382, 35.4481145], [137.0043544, 35.4478837], [137.0034099, 35.4476192], [137.0016878, 35.4471672], [137.0011738, 35.4470096], [137.0001301, 35.4466809], [136.9992364, 35.4463832], [136.9982814, 35.4460777], [136.997302, 35.4457653], [136.9964779, 35.4455194], [136.9958867, 35.4454137], [136.9952228, 35.4453481], [136.9947763, 35.4453378], [136.9941697, 35.4453717], [136.9933562, 35.4454472], [136.9931335, 35.4454554], [136.9928987, 35.4454858], [136.992659, 35.4455168], [136.9922691, 35.4455672], [136.991265, 35.4456827], [136.9906962, 35.4457449], [136.9896086, 35.4458859], [136.988612, 35.4460064], [136.9879786, 35.4460837], [136.9859951, 35.4463315], [136.9854381, 35.4463921], [136.9848495, 35.4464592], [136.9843298, 35.4465211], [136.9841202, 35.4465463], [136.982681, 35.4467192], [136.9809841, 35.4469297], [136.9804306, 35.4470175], [136.9802838, 35.4470524], [136.9800196, 35.4471231], [136.9796772, 35.4472325], [136.9793525, 35.4473574], [136.9790995, 35.4474721], [136.9785987, 35.4477222], [136.9780723, 35.4479997], [136.9767618, 35.4486796], [136.9765915, 35.4487701], [136.975597, 35.4492986], [136.9745143, 35.4498657], [136.974005, 35.4501102], [136.9736141, 35.4502747], [136.9731921, 35.450429], [136.9730204, 35.4504889], [136.9726078, 35.4506112], [136.9719748, 35.4507842], [136.9706793, 35.4510996], [136.9697043, 35.4513401], [136.9681915, 35.4516938], [136.968053, 35.4517302], [136.9665872, 35.4520649], [136.9659597, 35.4522107], [136.9645809, 35.4525339], [136.9644307, 35.4525691], [136.9636301, 35.452777], [136.962916, 35.4529897], [136.962388, 35.4532083], [136.9617504, 35.4534562], [136.9608777, 35.4538393], [136.9588805, 35.4547632], [136.9587965, 35.4548028], [136.9586648, 35.4548644], [136.9568776, 35.4557123], [136.9561117, 35.4560736], [136.9553635, 35.4564246], [136.9548279, 35.4566598], [136.954676, 35.4567177], [136.9544157, 35.456809], [136.9541583, 35.4568882], [136.9538666, 35.4569581], [136.9535749, 35.4570149], [136.9532464, 35.4570619], [136.953021, 35.4570871], [136.9527983, 35.4571035], [136.9525744, 35.4571116], [136.9523531, 35.4571133], [136.9518194, 35.457099], [136.9505104, 35.4570441], [136.9491961, 35.4569978], [136.9484952, 35.4570009], [136.9481354, 35.4570112], [136.9479219, 35.4570207], [136.9477755, 35.4570259], [136.9473481, 35.4570634], [136.9472003, 35.4570785], [136.947018, 35.4570989], [136.9463589, 35.4572056], [136.9461705, 35.4572543], [136.9454795, 35.4574522], [136.9453915, 35.4574826], [136.9445221, 35.4578063], [136.9443491, 35.4578734], [136.9430666, 35.4583516], [136.9426764, 35.4584692], [136.9422612, 35.4585679], [136.941961, 35.4586187], [136.9416594, 35.4586487], [136.9414591, 35.4586457], [136.9412575, 35.4586307], [136.9409248, 35.4585844], [136.9406351, 35.4585306], [136.939718, 35.4582862], [136.9389025, 35.4580835], [136.9387851, 35.4580669], [136.9382707, 35.4579696], [136.9379379, 35.4579234], [136.9375867, 35.4578812], [136.9372328, 35.4578565], [136.9368693, 35.4578499], [136.936448, 35.4578535], [136.9361205, 35.4578744], [136.9357591, 35.4579018], [136.9353891, 35.4579495], [136.9351478, 35.4579969], [136.9350524, 35.4580157], [136.9347234, 35.4580854], [136.9342503, 35.4582091], [136.9335028, 35.4584434], [136.9328901, 35.4586805], [136.9319704, 35.4590672], [136.93061, 35.4596753], [136.9290963, 35.4603629], [136.9285364, 35.4606218], [136.9281459, 35.4607987], [136.9272035, 35.4612382], [136.9265208, 35.4615554], [136.9257137, 35.4619727], [136.9248218, 35.4624781], [136.9241284, 35.4629075], [136.9234832, 35.4633762], [136.923037, 35.4637102], [136.9225907, 35.4640747], [136.9219609, 35.4646076], [136.9216694, 35.4648749], [136.9209875, 35.465415], [136.9207161, 35.4656211], [136.9204018, 35.4658184], [136.9201145, 35.4659942], [136.9195394, 35.4662572], [136.9191746, 35.4663794], [136.9187992, 35.4664886], [136.9183979, 35.4665829], [136.917986, 35.4666555], [136.9175498, 35.4666974], [136.9171279, 35.4667107], [136.9168509, 35.46671], [136.9163565, 35.4666722], [136.916132, 35.4666422], [136.9156826, 35.4665552], [136.9151386, 35.4664297], [136.9148983, 35.4663604], [136.91443, 35.4662191], [136.9137198, 35.4660203], [136.9134088, 35.4659504], [136.9131729, 35.4659067], [136.9128171, 35.4658509], [136.9124612, 35.4658126], [136.9120787, 35.4657901], [136.9116963, 35.4657895], [136.9113986, 35.4657999], [136.9111009, 35.4658278], [136.9106009, 35.4658988], [136.9100955, 35.4660179], [136.9088616, 35.4664509], [136.908362, 35.4666548], [136.9074076, 35.4670119], [136.9069079, 35.4671436], [136.9067926, 35.4671756], [136.9066671, 35.4672041], [136.9060354, 35.4673428], [136.9054072, 35.4674379], [136.9047548, 35.4675046], [136.9033877, 35.4676166], [136.902905, 35.4676702], [136.9021394, 35.4677325], [136.9009752, 35.4678055], [136.9006737, 35.4678098], [136.9002697, 35.4677896], [136.8997874, 35.4677449], [136.8996398, 35.4677205], [136.8993768, 35.4676788], [136.8990709, 35.4676164], [136.8988799, 35.4675735], [136.8985692, 35.4674996], [136.8982062, 35.4673962], [136.8976754, 35.4672435], [136.895845, 35.466711], [136.8954047, 35.4665945], [136.8950748, 35.4665077], [136.8947087, 35.4664349], [136.8943613, 35.466383], [136.8940664, 35.4663503], [136.8938016, 35.4663416], [136.8934511, 35.466341], [136.8929986, 35.4663782], [136.8927345, 35.4664182], [136.8924417, 35.4664783], [136.8920811, 35.4665674], [136.8919027, 35.4666244], [136.8916279, 35.4667102], [136.8911437, 35.4668659], [136.8908186, 35.4669712], [136.8905359, 35.46706], [136.8902346, 35.4671514], [136.8899083, 35.4672354], [136.8895873, 35.4673014], [136.8892679, 35.4673549], [136.8889007, 35.46741], [136.8884875, 35.467461], [136.886402, 35.4677037], [136.8857592, 35.4677805], [136.8849033, 35.4678806], [136.8843596, 35.4679321], [136.8838631, 35.4679583], [136.8833279, 35.4679742], [136.8828284, 35.4679687], [136.8827362, 35.4679677]], [[136.8827307, 35.4680654], [136.8828361, 35.4680669], [136.8833231, 35.4680737], [136.8838801, 35.4680584], [136.8843633, 35.4680293], [136.8849102, 35.4679782], [136.8857844, 35.4678729], [136.8870729, 35.4677248], [136.8888443, 35.4675127], [136.889174, 35.4674691], [136.8895233, 35.4674117], [136.8898732, 35.4673453], [136.8902605, 35.4672547], [136.8908522, 35.4670695], [136.8911802, 35.4669656], [136.8916652, 35.4668009], [136.891955, 35.4667091], [136.8922434, 35.4666315], [136.8925797, 35.46655], [136.8929391, 35.4664844], [136.893269, 35.4664408], [136.8935748, 35.4664277], [136.8938672, 35.4664298], [136.8941568, 35.4664408], [136.8945067, 35.4664851], [136.8951048, 35.466604], [136.8955376, 35.4667137], [136.896258, 35.4669179], [136.897702, 35.4673347], [136.8982319, 35.4674916], [136.8985579, 35.4675832], [136.898886, 35.4676603], [136.8990788, 35.4677053], [136.8993677, 35.4677597], [136.8996524, 35.4678015]], [[137.0428846, 35.4185563], [137.0429453, 35.4195032], [137.0429537, 35.4199645], [137.0429396, 35.420514], [137.0429317, 35.4207962], [137.0429239, 35.4211142], [137.0429205, 35.4212528], [137.0428476, 35.4228092], [137.0428208, 35.4238313], [137.0428174, 35.4239631], [137.0428078, 35.4241702], [137.0427686, 35.4250169], [137.0427093, 35.4264923], [137.0427006, 35.4277902], [137.042672, 35.4287882], [137.0427086, 35.4294665], [137.0427884, 35.4302261], [137.042832, 35.4306052], [137.0429232, 35.4316149], [137.0428381, 35.4328578], [137.042727, 35.4334519], [137.0426002, 35.4336505], [137.042532, 35.4337343], [137.0424647, 35.4338384], [137.0424197, 35.4339207], [137.0423648, 35.4340236], [137.042209, 35.4344757], [137.0421972, 35.4345831], [137.0421081, 35.4348269], [137.0419319, 35.4352654], [137.0417082, 35.4357263], [137.0416478, 35.4358514], [137.0415728, 35.4359922], [137.0415513, 35.4360457], [137.04133, 35.4365712], [137.0412615, 35.4367745], [137.0409969, 35.4374098], [137.0406854, 35.4381074], [137.0406406, 35.4381926], [137.0391482, 35.4412306], [137.0389849, 35.4415361], [137.0388988, 35.4416909], [137.0387215, 35.4420088], [137.038287, 35.4426268], [137.0378893, 35.443044], [137.0375912, 35.4432854], [137.0360782, 35.4444317], [137.0351751, 35.4451135], [137.0328042, 35.4469079], [137.0325245, 35.4471097], [137.0321213, 35.4473704], [137.0318412, 35.4475345], [137.0316399, 35.4476294], [137.0314619, 35.4477095], [137.0310063, 35.4478868], [137.0303865, 35.4480833], [137.0299893, 35.448188], [137.029864, 35.4482159], [137.0292165, 35.4483467], [137.0288717, 35.4484117], [137.0284795, 35.4484714], [137.0276127, 35.4486002], [137.0264874, 35.4488019], [137.0258872, 35.448889], [137.0252457, 35.4489848], [137.024309, 35.4491175], [137.0234784, 35.4492116], [137.0223817, 35.4492861], [137.0210937, 35.4493429], [137.0205119, 35.4493891], [137.0199222, 35.4494451], [137.0197167, 35.4494685], [137.0190785, 35.4495629], [137.0179013, 35.4496851], [137.0177819, 35.4496975], [137.0172043, 35.4497575], [137.0154527, 35.449951], [137.0142514, 35.4501027], [137.0137945, 35.4501272], [137.0133179, 35.4501261], [137.0130758, 35.4501136], [137.0129448, 35.4501058], [137.0127762, 35.4500833], [137.0123097, 35.4500109], [137.0122312, 35.4499987], [137.0117112, 35.4498923], [137.0113727, 35.4498215], [137.0105769, 35.4496087], [137.0098637, 35.4494279], [137.0094817, 35.4493331], [137.0085672, 35.4490975], [137.0076154, 35.4488363], [137.0059502, 35.4483905], [137.0054554, 35.4482646], [137.0053845, 35.4482458], [137.0033691, 35.4477152], [137.0016676, 35.4472561], [137.0011383, 35.4470901], [136.9991543, 35.4464795], [136.998027, 35.4460909], [136.997282, 35.4458382], [136.9964157, 35.4455951], [136.9958346, 35.4454949], [136.9952274, 35.4454239], [136.9947776, 35.4454158], [136.9941831, 35.4454518], [136.9932162, 35.4455619], [136.9922521, 35.4456864], [136.9912641, 35.4458136], [136.9908986, 35.4458545], [136.9896551, 35.4460307], [136.9882112, 35.4462284], [136.9860234, 35.4464887], [136.9850222, 35.4466022], [136.9843658, 35.4466633], [136.9841675, 35.4466815], [136.9831318, 35.446796], [136.9823263, 35.446875], [136.9817657, 35.44693], [136.9811672, 35.4470038], [136.9809977, 35.4470278], [136.9805121, 35.4471133], [136.9799582, 35.447252], [136.9794777, 35.4474338], [136.9791993, 35.4475601], [136.979033, 35.4476316], [136.9786308, 35.4478133], [136.9781764, 35.448075], [136.9768296, 35.4487757], [136.9766622, 35.4488616], [136.9756638, 35.4493743], [136.974498, 35.4499661], [136.9739647, 35.4502098], [136.9731797, 35.4505022], [136.973096, 35.4505335], [136.9726573, 35.4506798], [136.9718496, 35.4508789], [136.9707061, 35.4511685], [136.9697179, 35.451402], [136.9681971, 35.4517641], [136.9680716, 35.4517935], [136.9661054, 35.452253], [136.9646312, 35.4526115], [136.9644768, 35.452649], [136.9638973, 35.4527901], [136.9630038, 35.4530377], [136.9626416, 35.4531657], [136.9621663, 35.4533518], [136.9609629, 35.4538901], [136.9589414, 35.4548605], [136.958856, 35.4549015], [136.9587179, 35.4549653], [136.9573614, 35.4555924], [136.9557536, 35.4563103], [136.9550442, 35.4566164], [136.9548654, 35.4566917], [136.9547027, 35.4567531], [136.9543223, 35.456881], [136.9538411, 35.4570062], [136.9535911, 35.4570543], [136.9533198, 35.4570937], [136.9530564, 35.4571222], [136.9527985, 35.4571463], [136.9524797, 35.4571519], [136.9497015, 35.4570514], [136.9491825, 35.4570337], [136.9484705, 35.457038], [136.9479228, 35.4570595], [136.94752, 35.457094], [136.9472011, 35.4571258], [136.9466304, 35.4572131], [136.9463801, 35.457266], [136.9461339, 35.4573221], [136.9456268, 35.457458], [136.9451348, 35.4576332], [136.944879, 35.4577243], [136.9445265, 35.4578592], [136.9443512, 35.4579307], [136.9435738, 35.4582278], [136.943206, 35.4583602], [136.9428328, 35.4584751], [136.9423331, 35.4586001], [136.9419682, 35.4586626], [136.9416446, 35.4586867], [136.9414512, 35.4586838], [136.9412498, 35.4586678], [136.9409118, 35.4586192], [136.9405738, 35.458558], [136.9394873, 35.4582722], [136.9387649, 35.4580933], [136.938261, 35.4580042], [136.9378856, 35.4579483], [136.9375102, 35.4579143], [136.9372393, 35.4578959], [136.9368667, 35.4578859], [136.9363567, 35.4578929], [136.9359453, 35.4579199], [136.9357619, 35.4579381], [136.9353997, 35.4579882], [136.935048, 35.4580498], [136.934725, 35.4581302], [136.9342214, 35.4582594], [136.9336434, 35.4584435], [136.9329406, 35.458733], [136.9320555, 35.4591416], [136.9307052, 35.4597521], [136.9291525, 35.4604595], [136.9286917, 35.4606753], [136.9281834, 35.4609089], [136.927036, 35.4614302], [136.9265797, 35.4616444], [136.9257851, 35.4620451], [136.925546, 35.4621822], [136.9252012, 35.4623741], [136.9249638, 35.4625085], [136.9242846, 35.4629464], [136.9238007, 35.46326], [136.9232162, 35.4636709], [136.9226478, 35.4640904], [136.9220098, 35.4646323], [136.9217029, 35.4648977], [136.9210584, 35.465417], [136.9207453, 35.4656461], [136.9204269, 35.4658577], [136.9201201, 35.466036], [136.9195559, 35.466286], [136.919249, 35.466405], [136.9189314, 35.4665108], [136.9184888, 35.4666159], [136.9181998, 35.4666696], [136.9179107, 35.4667058], [136.9173648, 35.4667521], [136.9171173, 35.4667479], [136.916838, 35.4667458], [136.9165238, 35.4667262], [136.9161935, 35.4666907], [136.91575, 35.4666153], [136.9153064, 35.4665114], [136.9137163, 35.4660578], [136.9133909, 35.4659843], [136.9131546, 35.4659357], [136.9129077, 35.4658972], [136.9126608, 35.4658675], [136.9122686, 35.4658402], [136.9119619, 35.4658307], [136.9116955, 35.4658364], [136.9110878, 35.4658932], [136.9104426, 35.4660155], [136.9098603, 35.4661825], [136.9092618, 35.4663891], [136.9080074, 35.4668958], [136.9072481, 35.4671622], [136.9069397, 35.4672367], [136.9068211, 35.4672719], [136.9066845, 35.4673043], [136.9062902, 35.4673966], [136.9057961, 35.4674824], [136.905251, 35.4675485], [136.9032263, 35.4677252], [136.9021668, 35.467812], [136.9009939, 35.4678793], [136.9007975, 35.4678847], [136.9003244, 35.4678726], [136.8998783, 35.4678347], [136.8996524, 35.4678015]], [[136.8508843, 35.4572785], [136.8508552, 35.4572338], [136.8507521, 35.4570759], [136.8507283, 35.4570429], [136.8503075, 35.4564504], [136.850083, 35.4561894], [136.8497218, 35.4557913], [136.8496052, 35.4556627], [136.8494588, 35.4555011], [136.8491539, 35.4551645], [136.8486767, 35.4546483], [136.8479149, 35.4538285], [136.8478646, 35.4537743], [136.8472696, 35.4531207], [136.8469193, 35.4527506], [136.8464849, 35.4522746], [136.8452785, 35.4509528], [136.8447449, 35.4503825], [136.8446573, 35.4502889], [136.8445869, 35.4502105], [136.8441815, 35.4497816], [136.8433106, 35.4488322], [136.8432575, 35.4487756], [136.8421241, 35.4475008], [136.8416849, 35.4470304], [136.841374, 35.4466998], [136.8407758, 35.4459876], [136.8396619, 35.4446769], [136.8395576, 35.4445507], [136.8387972, 35.4436291], [136.8384951, 35.4432843], [136.8381557, 35.4428828], [136.8374774, 35.4420787], [136.8373674, 35.4419677], [136.836429, 35.4408402], [136.8357142, 35.4399543], [136.8355634, 35.4398001], [136.8354858, 35.4397069], [136.8353953, 35.4396134], [136.8351532, 35.4393934], [136.8345756, 35.4389558], [136.8340744, 35.438692], [136.8336444, 35.4385223], [136.8330055, 35.4383184], [136.8327418, 35.4381956], [136.8323976, 35.4379652], [136.8299203, 35.4362333], [136.8298447, 35.4361804], [136.8291149, 35.4356764], [136.8289803, 35.4356044], [136.8283848, 35.4353078], [136.8278561, 35.4350261], [136.8274343, 35.4347329], [136.8267135, 35.4342394], [136.8261456, 35.4338494], [136.8260875, 35.4338113], [136.8256663, 35.4335884], [136.8252191, 35.4334244], [136.8224397, 35.4326141], [136.8217437, 35.4324045], [136.8213848, 35.4323063], [136.8210339, 35.4322002], [136.8206536, 35.4320825], [136.8203029, 35.4319329], [136.8202735, 35.4319204], [136.8199135, 35.4317216], [136.8191037, 35.4312068], [136.8183094, 35.4307199], [136.8173603, 35.4301299], [136.8169464, 35.4298488], [136.8166641, 35.4296435], [136.8165974, 35.4295904], [136.8165389, 35.4295371], [136.8164042, 35.4294143]], [[136.8161552, 35.4299669], [136.8159896, 35.4299313], [136.8157874, 35.4298917], [136.81552, 35.4298464], [136.8152131, 35.4298073], [136.8146979, 35.4297587], [136.8140034, 35.4296992], [136.8139466, 35.4296943], [136.8137874, 35.4296807], [136.8136839, 35.4296736], [136.813455, 35.4296587], [136.8124689, 35.4295947], [136.8112065, 35.4294989], [136.8086508, 35.4292994], [136.8078857, 35.4292616], [136.8078477, 35.4292584], [136.8076697, 35.4292434], [136.806791, 35.4291694], [136.8048592, 35.4290205], [136.8035473, 35.4289415], [136.8016974, 35.4288049], [136.8009815, 35.4287521], [136.7995413, 35.4286615], [136.7992003, 35.4285988], [136.7987832, 35.4285649], [136.7985231, 35.4285452], [136.7984399, 35.4285157], [136.7982307, 35.4284807], [136.7980376, 35.4284425], [136.7978807, 35.4284064], [136.7976969, 35.4283605], [136.7975414, 35.4283146], [136.7973603, 35.4282622], [136.7971645, 35.4282021], [136.797013, 35.4281474], [136.7968681, 35.4280906], [136.7967086, 35.4280261], [136.7965651, 35.4279628], [136.7962845, 35.4278368], [136.7956745, 35.427561], [136.7948936, 35.4271445], [136.7946184, 35.4269575], [136.794213, 35.4266865], [136.793365, 35.4262224], [136.787615, 35.4230285], [136.7872587, 35.4228217], [136.7869691, 35.4226006], [136.78676, 35.4224046], [136.7865722, 35.4222041], [136.7863298, 35.4219011], [136.7862787, 35.4218242], [136.7861185, 35.4215812], [136.7859689, 35.4213011], [136.7858981, 35.4211626], [136.7858381, 35.4210307], [136.7857663, 35.4208433], [136.7857845, 35.4207388], [136.7857125, 35.4204527], [136.7856525, 35.4199304], [136.7856109, 35.4193338], [136.7855572, 35.4183729], [136.7854615, 35.4167929], [136.7854438, 35.4164075], [136.7851687, 35.4163896], [136.7839888, 35.4164283], [136.7828837, 35.4164562], [136.7817917, 35.4164975], [136.7806488, 35.4165481], [136.7804473, 35.416557], [136.7791047, 35.4166127], [136.7779014, 35.4166655], [136.7766837, 35.416704], [136.7755013, 35.4167586], [136.7743107, 35.4167987], [136.7730735, 35.4168436], [136.771803, 35.4169005], [136.7701805, 35.4169649], [136.7682786, 35.4170149], [136.7680561, 35.4170208], [136.7674594, 35.4170461], [136.7672622, 35.4170516], [136.7672178, 35.4170507], [136.7662055, 35.4170719], [136.7655512, 35.4171013], [136.7646982, 35.4171571], [136.7643644, 35.4171656], [136.7638148, 35.4171911], [136.7630592, 35.4171992], [136.7623887, 35.4172004], [136.7618092, 35.4172089], [136.7613199, 35.4172084], [136.7600652, 35.4172047], [136.7600319, 35.4167669], [136.7599956, 35.416339], [136.7599514, 35.4158225], [136.7599108, 35.4153377], [136.7598956, 35.4150199], [136.7598277, 35.4144022], [136.7597626, 35.4136563], [136.7597398, 35.4133998], [136.7596575, 35.4125588], [136.7596409, 35.4123672], [136.7596302, 35.4123289], [136.7596038, 35.412235], [136.7595725, 35.4121492], [136.7595535, 35.4120971], [136.7594193, 35.4118585], [136.7592976, 35.411659], [136.7589181, 35.4110333], [136.7586511, 35.4106149], [136.7591831, 35.4105525], [136.7594506, 35.4105169], [136.7597724, 35.4103629], [136.7599275, 35.4102647], [136.7600428, 35.4101319], [136.7601172, 35.4100044], [136.7601568, 35.4099286], [136.7601836, 35.4098543], [136.760211, 35.4097146], [136.7602259, 35.409539], [136.7602265, 35.4093957], [136.7602197, 35.4092947], [136.7601822, 35.4089804], [136.7601637, 35.408819], [136.7601482, 35.4086866], [136.7600252, 35.4076324], [136.7600054, 35.4075119], [136.7599901, 35.4074216], [136.7599807, 35.4073278], [136.7599486, 35.4071102], [136.7599198, 35.4070117], [136.7597938, 35.4067365], [136.75963, 35.4063526], [136.7594467, 35.4059655], [136.759413, 35.4058828], [136.7592037, 35.4053694], [136.7589866, 35.4048677], [136.7588482, 35.4047203]], [[136.8164042, 35.4294143], [136.8163345, 35.4294474], [136.8162927, 35.4294805], [136.8162762, 35.4295185], [136.8161659, 35.4299273], [136.8161552, 35.4299669], [136.8161598, 35.4300881], [136.815987, 35.4300528], [136.8157554, 35.4300054], [136.8154307, 35.4299545], [136.8151081, 35.429911], [136.8147762, 35.4298777], [136.8139375, 35.4298147], [136.8137085, 35.4297975], [136.8134478, 35.4297771], [136.8133982, 35.4297732], [136.8124604, 35.4296999], [136.8111975, 35.4296188], [136.8098526, 35.4295178], [136.8085803, 35.4294079], [136.8078528, 35.4293615], [136.8076291, 35.4293472], [136.807596, 35.4293451], [136.8067874, 35.4292723], [136.8048448, 35.4291379], [136.8035389, 35.4290423], [136.8009998, 35.4288489], [136.799737, 35.428747], [136.7987993, 35.4286775], [136.7981115, 35.4285878], [136.7977492, 35.428519], [136.7973506, 35.4284047], [136.7971632, 35.4283387], [136.7966343, 35.4281369], [136.7964651, 35.4280644], [136.7963982, 35.4280328], [136.7961162, 35.4278848], [136.7956742, 35.4276543], [136.7954329, 35.4275374], [136.7951513, 35.4273939], [136.7948883, 35.4272803], [136.7946392, 35.4271728], [136.7935295, 35.4266157], [136.7884727, 35.4240442], [136.7877129, 35.4235969], [136.7872441, 35.4232791], [136.7868024, 35.4229038], [136.786421, 35.4225017], [136.7863426, 35.4224153], [136.7862452, 35.4222796], [136.7861343, 35.4221178], [136.7860664, 35.4220116], [136.7860065, 35.4219164], [136.7859387, 35.4218057], [136.7858219, 35.4215612], [136.7857669, 35.4214259], [136.7857131, 35.42128], [136.7856474, 35.4211015], [136.7855741, 35.4210529], [136.7855271, 35.4209108], [136.7854962, 35.4207732], [136.785445, 35.4205437], [136.7853958, 35.4202801], [136.7853806, 35.4201483], [136.7853707, 35.4200165], [136.7853209, 35.4192442], [136.785289, 35.4186128], [136.7852588, 35.418385], [136.7852376, 35.4179197], [136.7852096, 35.4174521], [136.7851921, 35.4170585], [136.7851708, 35.4164548], [136.7848182, 35.4164679], [136.7839925, 35.4164986], [136.7830781, 35.4165248], [136.7817839, 35.4165689], [136.7804847, 35.4166254], [136.7791074, 35.4166842], [136.7779049, 35.4167314], [136.7767087, 35.4167577], [136.7755045, 35.4168107], [136.7749988, 35.4168215], [136.7744021, 35.4168497], [136.7742356, 35.4168547], [136.7732558, 35.4168914], [136.7724965, 35.4169175], [136.7718026, 35.4169525], [136.7701824, 35.4170155], [136.768971, 35.4170445], [136.7679884, 35.4170801], [136.7672402, 35.4171084], [136.7662128, 35.4171559], [136.765744, 35.4171571], [136.7647005, 35.4172048], [136.7638322, 35.4172347], [136.7630588, 35.4172538], [136.7623899, 35.4172604], [136.7618178, 35.4172674], [136.7613224, 35.4172704], [136.7607987, 35.4172649], [136.7600793, 35.4172779], [136.7600115, 35.4172729], [136.7600042, 35.4172083], [136.7599728, 35.4168064], [136.759887, 35.4158647], [136.7598195, 35.4150249], [136.7597585, 35.4143065], [136.759701, 35.4136603], [136.7596758, 35.4134048], [136.7595879, 35.4123718], [136.7595728, 35.4123333], [136.7595409, 35.412252], [136.7595047, 35.4121604], [136.7594844, 35.4121089], [136.7592158, 35.4116825], [136.7588583, 35.4111145], [136.7585648, 35.4106248], [136.7585111, 35.4105351], [136.758608, 35.4105261], [136.7591669, 35.4104615], [136.7594194, 35.4104171], [136.7596177, 35.4103385], [136.759809, 35.4101962], [136.75991, 35.4100882], [136.7599863, 35.4099846], [136.7600179, 35.4099095], [136.7600381, 35.409839], [136.7600582, 35.4097323], [136.7600703, 35.4095452], [136.7600696, 35.409505], [136.760054, 35.409328], [136.760022, 35.4089886], [136.7600148, 35.4088434], [136.7600109, 35.4086887], [136.76001, 35.4086519], [136.7599785, 35.408241], [136.7599341, 35.4076408], [136.7599251, 35.4075192], [136.759902, 35.4073325], [136.7598923, 35.407266], [136.7598839, 35.4072133], [136.7598525, 35.4070767], [136.7596655, 35.4066227], [136.759389, 35.4059826], [136.7593509, 35.4059013], [136.7592131, 35.4056076], [136.7591131, 35.405398], [136.758876, 35.4049021], [136.7588482, 35.4047203], [136.7586413, 35.4042263], [136.7584536, 35.4037885], [136.758292, 35.4034114], [136.7582647, 35.4033477], [136.7581219, 35.4030147], [136.7579319, 35.4025715], [136.7579202, 35.4025441], [136.7577062, 35.4020449], [136.7574613, 35.4014604], [136.7571263, 35.4007297], [136.7571025, 35.4006652], [136.7569299, 35.4001119], [136.7567645, 35.3995875], [136.7565698, 35.3989473], [136.756546, 35.3988405], [136.7565264, 35.3987285], [136.7564008, 35.3983031], [136.7562074, 35.3976455], [136.7560552, 35.3971599], [136.7559208, 35.3967111], [136.7559145, 35.3966815], [136.7558049, 35.3963355], [136.755701, 35.395987], [136.755497, 35.3954558], [136.7554516, 35.3953376], [136.755437, 35.395299], [136.7553828, 35.3951777], [136.7553717, 35.3951501], [136.7552804, 35.3949234], [136.7551773, 35.394639], [136.7550603, 35.3941667], [136.7550023, 35.3937445], [136.7549179, 35.3929018], [136.7548874, 35.3923729], [136.7548275, 35.391891], [136.7548121, 35.3916944], [136.7547545, 35.3910178], [136.7547484, 35.3909246], [136.7547222, 35.390525], [136.7546903, 35.3900398], [136.7546699, 35.3896982], [136.7546612, 35.389553], [136.7546435, 35.3893782], [136.7545746, 35.3884661], [136.7545571, 35.3882336]], [[136.8599875, 35.4694824], [136.8601368, 35.4694342], [136.8607637, 35.4692316], [136.8612282, 35.4690982], [136.8616947, 35.4689809], [136.8620549, 35.4689125], [136.8624256, 35.4688621], [136.8628101, 35.468824], [136.8631914, 35.4688031], [136.864314, 35.4687521], [136.8647355, 35.468719], [136.8651542, 35.468667], [136.8655623, 35.4685988], [136.8665574, 35.4684013], [136.8669793, 35.4683233], [136.8673398, 35.4682728], [136.8677144, 35.4682362], [136.8679086, 35.4682241], [136.8681027, 35.468212], [136.8681624, 35.4682111], [136.8684361, 35.4682067], [136.8687664, 35.4682161], [136.8690807, 35.4682328], [136.8693957, 35.4682657], [136.8699977, 35.4683529], [136.8710269, 35.4685508], [136.8715724, 35.4686502], [136.8717397, 35.4686807], [136.8718968, 35.4686997], [136.8721594, 35.4687315], [136.8725141, 35.4687556], [136.8728798, 35.4687567], [136.8732448, 35.4687419], [136.873653, 35.4687055], [136.8740696, 35.4686416], [136.8745252, 35.4685434], [136.8761493, 35.4681332], [136.8765613, 35.4680298], [136.8770012, 35.4679409], [136.8774149, 35.4678799], [136.8778224, 35.4678345], [136.878254, 35.4678057], [136.8787042, 35.4677917], [136.8791316, 35.4677943], [136.8795543, 35.4678106], [136.8800327, 35.4678407], [136.8814497, 35.467976], [136.8820727, 35.4680268], [136.8824682, 35.46805], [136.8827307, 35.4680654]], [[136.8827362, 35.4679677], [136.8825153, 35.4679559], [136.8824878, 35.467954], [136.8818442, 35.4679091], [136.8814461, 35.4678711], [136.8800533, 35.4677587], [136.8795693, 35.4677268], [136.8791608, 35.4677103], [136.8787422, 35.4677048], [136.8782822, 35.4677145], [136.8778287, 35.4677452], [136.8774081, 35.4677905], [136.8769784, 35.4678544], [136.8765362, 35.467945], [136.8761233, 35.4680467], [136.874497, 35.4684633], [136.8740262, 35.4685579], [136.8736377, 35.4686228], [136.8732515, 35.4686583], [136.8728699, 35.4686739], [136.8725178, 35.4686699], [136.8721673, 35.468642], [136.8718897, 35.4686096], [136.8717339, 35.4685915], [136.871566, 35.4685611], [136.8710622, 35.4684697], [136.8700126, 35.4682684], [136.8694265, 35.4681827], [136.8690978, 35.4681477], [136.8687721, 35.4681257], [136.8684285, 35.4681218], [136.8681622, 35.468127], [136.8680821, 35.4681285], [136.8678921, 35.4681408], [136.867702, 35.468153], [136.8673256, 35.4681905], [136.8669528, 35.4682457], [136.8665438, 35.4683192], [136.8655331, 35.4685221], [136.8651254, 35.4685886], [136.8647213, 35.4686376], [136.8643063, 35.4686675], [136.8631903, 35.4687169], [136.8627914, 35.4687378], [136.8627289, 35.4687432], [136.8624025, 35.4687714], [136.8620262, 35.4688236], [136.8618898, 35.46885], [136.8616576, 35.4688948], [136.8611851, 35.4690182], [136.8607269, 35.4691463], [136.860094, 35.4693486], [136.8599537, 35.4693934], [136.8599136, 35.4692901], [136.8596692, 35.4686602], [136.8594882, 35.46833], [136.8592262, 35.4680052], [136.8590263, 35.4678143], [136.858637, 35.4674993], [136.8585405, 35.4674213], [136.8580782, 35.4670713], [136.856904, 35.4661402], [136.8566787, 35.4659589], [136.8563943, 35.4657345], [136.856227, 35.4655853], [136.8560533, 35.4653298], [136.8548468, 35.4630491], [136.8545136, 35.4625077], [136.8535504, 35.4611254], [136.8535006, 35.4610539], [136.8529624, 35.46027], [136.852373, 35.4594394], [136.8522976, 35.4593332], [136.8522264, 35.4592266], [136.8520614, 35.4589795], [136.8512979, 35.4578953], [136.8510323, 35.4575322], [136.8509596, 35.4573812], [136.8508843, 35.4572785]], [[137.056625, 35.3803878], [137.0561702, 35.3829914], [137.0559882, 35.3840103], [137.0558392, 35.3845186]], [[137.0504161, 35.3901211], [137.0521867, 35.3888642], [137.052551, 35.3885932], [137.0527832, 35.3884036], [137.053052, 35.3882062], [137.0532976, 35.388006], [137.0538255, 35.3875898], [137.0542179, 35.3872326], [137.0545504, 35.3868666], [137.0546063, 35.3868061], [137.0547624, 35.3866243], [137.0548285, 35.386533], [137.0551963, 35.3860248], [137.0553951, 35.3857389], [137.055613, 35.3853189], [137.0558163, 35.3848788], [137.0559411, 35.3845468], [137.0560901, 35.3840385], [137.0562721, 35.3830196], [137.056624, 35.3809784], [137.0567155, 35.3803784], [137.0567455, 35.3802371], [137.0571897, 35.3778365], [137.0573976, 35.3766578], [137.0574743, 35.3763848], [137.0575765, 35.3761187], [137.0577161, 35.3757827], [137.0578375, 35.3755709], [137.0580108, 35.3752893], [137.0582378, 35.3750209], [137.0587843, 35.3744753], [137.0591327, 35.3742024], [137.0593122, 35.3740748], [137.0595025, 35.3739515], [137.0630075, 35.3719363], [137.0721077, 35.3667123], [137.0722838, 35.3666286], [137.0743937, 35.3654968], [137.0753782, 35.3649612], [137.0759549, 35.3646681], [137.0770691, 35.364084], [137.0785684, 35.3633001], [137.0793937, 35.3628575], [137.0798016, 35.3626396], [137.0804929, 35.3622702], [137.0808661, 35.3620877], [137.0817511, 35.3615752], [137.0822232, 35.3612383], [137.0825467, 35.3609909], [137.0828186, 35.3607571], [137.0830091, 35.360604], [137.0833819, 35.3602124], [137.0837225, 35.3598143], [137.0840522, 35.3593763], [137.0845835, 35.3586921], [137.0850178, 35.3582147], [137.0851194, 35.358111], [137.0852421, 35.3579875], [137.0856614, 35.3576288], [137.0858732, 35.3574556], [137.0860866, 35.3572961], [137.086445, 35.357045], [137.0871182, 35.3566381], [137.0872094, 35.3565917], [137.0875171, 35.3564352], [137.0879473, 35.3562426], [137.0884957, 35.356024], [137.089253, 35.3557756], [137.089678, 35.3556606], [137.0901751, 35.3555539], [137.0905619, 35.3554891], [137.0912566, 35.3554016], [137.0914293, 35.3553886], [137.0916769, 35.35537], [137.0921152, 35.355354], [137.0924985, 35.3553491], [137.0926403, 35.3553514], [137.0939958, 35.3553813], [137.0948937, 35.3553753], [137.0955216, 35.3553802], [137.0959357, 35.3553717], [137.0962857, 35.3553397], [137.096586, 35.355282], [137.0969456, 35.3551938], [137.0972516, 35.3551002], [137.097552, 35.3549777], [137.0978846, 35.3548071], [137.0982199, 35.3546015], [137.0984801, 35.3544024], [137.0987265, 35.3541743], [137.0989653, 35.3538965], [137.099097, 35.3537264], [137.0991866, 35.3535917], [137.0993327, 35.3532949], [137.0994929, 35.3529739], [137.099676, 35.3525883], [137.0997967, 35.3523368], [137.0998705, 35.3521841], [137.0999723, 35.3520007], [137.1001072, 35.3518309], [137.1002835, 35.3516485], [137.1005052, 35.3514143], [137.1008509, 35.3511554], [137.1012455, 35.3509133], [137.1016492, 35.3506691], [137.1020367, 35.3504452], [137.1028597, 35.3499547], [137.1035549, 35.3495417], [137.1036381, 35.3494923], [137.1038804, 35.3493486], [137.104047, 35.3492534], [137.1047163, 35.3488766], [137.1051106, 35.3486731], [137.1055746, 35.3484478], [137.1058559, 35.3483245], [137.1069717, 35.3478585], [137.1082487, 35.3472949], [137.1095392, 35.3467354], [137.1096565, 35.3466845], [137.1104075, 35.3463681], [137.1118455, 35.3457343], [137.1123002, 35.3455241], [137.1123707, 35.3455012], [137.1124616, 35.3454464], [137.1127939, 35.3453621], [137.113008, 35.3453349], [137.1130877, 35.3453348], [137.1131432, 35.3453353], [137.1131761, 35.3452514], [137.1133069, 35.3449593], [137.1133496, 35.3448583], [137.1134217, 35.344715], [137.1138153, 35.3438529], [137.114074, 35.3432063], [137.1142163, 35.34279], [137.1143793, 35.3423737], [137.1148941, 35.341059], [137.1154337, 35.3396315], [137.1155428, 35.3392727], [137.1155386, 35.3392353], [137.1156685, 35.338708], [137.1156869, 35.338621], [137.1157083, 35.3385209], [137.1157398, 35.338382], [137.1158072, 35.3380339], [137.1157958, 35.3379974]], [[136.8161598, 35.4300881], [136.8162387, 35.4299862], [136.8163134, 35.4297073], [136.8163787, 35.429635], [136.8164107, 35.4296099], [136.816444, 35.4295948], [136.8164822, 35.4295868], [136.8165974, 35.4295904]]]}, "id": "relation/8472959"}, {"type": "Feature", "properties": {"@id": "relation/10218392", "name": "国道248号", "network": "JP:national", "ref": "248", "route": "road", "route_master": "road", "type": "route", "wikipedia": "ja:国道248号"}, "geometry": {"type": "MultiLineString", "coordinates": [[[137.1021899, 35.1934908], [137.1023582, 35.1934531], [137.1027754, 35.1933594], [137.1029194, 35.1933264], [137.1032681, 35.1932256], [137.1035895, 35.1931502], [137.1038716, 35.1930963], [137.1041448, 35.1930428], [137.1043866, 35.1930064], [137.1046034, 35.192988], [137.104813, 35.1929713], [137.1050755, 35.1929683], [137.1051984, 35.1929762], [137.1053444, 35.1929855], [137.1054858, 35.1930092], [137.1056161, 35.1930234], [137.1060913, 35.1930908], [137.106299, 35.1930985], [137.1066612, 35.1932221], [137.1068081, 35.1932763], [137.10712, 35.1933943], [137.1075424, 35.1936003], [137.1079118, 35.1938443], [137.1079557, 35.1938728], [137.1081028, 35.1939836], [137.108208, 35.1940364], [137.1084684, 35.1942231], [137.1088437, 35.1944951], [137.1091666, 35.1947817], [137.1094048, 35.1950328], [137.1095685, 35.195232], [137.109663, 35.1953579], [137.1098229, 35.1956369], [137.1099345, 35.1958824], [137.1099878, 35.1960533], [137.1100243, 35.1961728], [137.1100539, 35.1963387], [137.1100538, 35.1964678], [137.1100264, 35.1965854], [137.1100173, 35.1968826], [137.1099747, 35.1971896], [137.1098558, 35.1977169], [137.1097216, 35.1983038], [137.1097003, 35.1984424], [137.1096726, 35.1985627], [137.1096688, 35.1987316], [137.1096985, 35.1990106], [137.1097334, 35.1991869], [137.1097903, 35.1993989], [137.1100341, 35.2000376], [137.1100508, 35.2000771], [137.1103796, 35.2008545], [137.1105656, 35.2012601], [137.1106371, 35.2014308], [137.1111468, 35.2026472], [137.1114282, 35.2031974], [137.1117741, 35.2039827], [137.1120002, 35.2045002], [137.1121615, 35.2047773], [137.112284, 35.2050144], [137.1126081, 35.2055334], [137.1129428, 35.2060009], [137.1134223, 35.2065059], [137.1137081, 35.2067751], [137.1140286, 35.2070637], [137.1146549, 35.2075648], [137.1152107, 35.2079606], [137.1158085, 35.2082867], [137.1162172, 35.2084822], [137.1166288, 35.2086435], [137.1172567, 35.2089254], [137.1175766, 35.2090566], [137.1178994, 35.2091684], [137.1188546, 35.2095457], [137.118963, 35.2096176], [137.1196478, 35.209862], [137.1200501, 35.2100198], [137.1204127, 35.2101339], [137.1208709, 35.2102521], [137.1212186, 35.2103435], [137.1214466, 35.2104121], [137.1217512, 35.2105019], [137.1213679, 35.2103444], [137.1209147, 35.2101903], [137.1205395, 35.210067], [137.1190156, 35.2095286], [137.1189072, 35.2094445], [137.1179233, 35.2090661], [137.1170391, 35.2086758], [137.1160865, 35.2082729], [137.1158884, 35.2081846], [137.1151925, 35.2078715], [137.1151134, 35.2078262], [137.1146549, 35.2075648]], [[137.1121615, 35.2047773], [137.1120917, 35.2045147], [137.1119844, 35.2042761], [137.1117259, 35.2037299], [137.1115637, 35.2033985], [137.1113275, 35.2027449], [137.1109106, 35.2016517], [137.1107887, 35.2013887], [137.1107051, 35.2012084], [137.1098487, 35.1992937], [137.109759, 35.1989793], [137.1097227, 35.1986972], [137.1097003, 35.1984424]], [[137.1100264, 35.1965854], [137.1099839, 35.1965048], [137.1099512, 35.1961776], [137.1099047, 35.1960123], [137.1098626, 35.1959207], [137.1097898, 35.195784], [137.1096921, 35.1956344], [137.1095915, 35.1954668], [137.1094645, 35.1953179], [137.109291, 35.1951147], [137.1090723, 35.1948925], [137.108882, 35.1946991], [137.1086924, 35.1945363], [137.1083775, 35.1942955], [137.1081555, 35.1941333], [137.1080646, 35.1940669], [137.1079101, 35.1939817], [137.1078645, 35.1939469], [137.1076328, 35.1938064], [137.107396, 35.1936705], [137.1070527, 35.1935039], [137.1067593, 35.1933985], [137.1065982, 35.1933436], [137.1064216, 35.1933021], [137.1062528, 35.1932492], [137.1059747, 35.1932006], [137.1054815, 35.1931347], [137.1054094, 35.1931272], [137.1052768, 35.1931133], [137.1051613, 35.1930752], [137.1051447, 35.193075], [137.1049325, 35.193059], [137.104704, 35.1930564], [137.104417, 35.1930976], [137.1037443, 35.1932252], [137.1032632, 35.1933175], [137.1031969, 35.1933297], [137.1023664, 35.1935097], [137.1021961, 35.1935456]], [[137.1217512, 35.2105019], [137.1220382, 35.2106413], [137.1220769, 35.2106654], [137.1223943, 35.21087], [137.1227205, 35.211128], [137.1227819, 35.211197], [137.1230114, 35.211475], [137.1230471, 35.2115269], [137.1231879, 35.2117172], [137.1234024, 35.2120469], [137.1236939, 35.2125044], [137.124135, 35.213198], [137.1250153, 35.2145705]]]}, "id": "relation/10218392"}]}