{"type": "FeatureCollection", "generator": "kokudo-quiz tools/fetch_raw.py (Overpass API)", "copyright": "The data included in this document is from www.openstreetmap.org. The data is made available under ODbL.", "timestamp": "2026-09-30T16:06:09Z", "features": [{"type": "Feature", "properties": {"@id": "relation/9706190", "colour": "red", "from": "鹿児島県指宿市", "name": "国道269号", "name:en": "National Highway Route 269", "name:ja": "国道269号", "name:ja-Hira": "こくどうにひゃくろくじゅうきゅうごう", "name:ja-Latn": "Kokudou 269 Gou", "network": "JP:national", "ref": "269", "route": "road", "to": "宮崎県宮崎市", "type": "route", "wikidata": "Q6157086", "wikipedia": "ja:国道269号"}, "geometry": {"type": "MultiLineString", "coordinates": [[[130.6359427, 31.2379684], [130.6360179, 31.2378873], [130.6360479, 31.2378549], [130.6360744, 31.2378263], [130.6362905, 31.2375883], [130.6364664, 31.237364], [130.6366074, 31.2371798], [130.6370821, 31.2365067], [130.6373281, 31.2361516], [130.6373863, 31.2360779], [130.6375188, 31.2359032], [130.6376553, 31.235756], [130.6377462, 31.2356764], [130.6378789, 31.2355688], [130.6381505, 31.2353879], [130.6383905, 31.235253], [130.638648, 31.2350989], [130.6390405, 31.2348119], [130.6393818, 31.2345287], [130.6396841, 31.2342609], [130.6399439, 31.2339891], [130.6404673, 31.2334388], [130.6418472, 31.2319895], [130.6420988, 31.2317201], [130.6423343, 31.2314681], [130.6430341, 31.2307225], [130.6433991, 31.2303514], [130.6434729, 31.2302717], [130.6435744, 31.2301515], [130.6436727, 31.2300154], [130.6437749, 31.2298429], [130.643874, 31.229652], [130.6439446, 31.2294686], [130.6440059, 31.2292627], [130.6440416, 31.2290837], [130.6440561, 31.2289525], [130.6440648, 31.2288279], [130.6440958, 31.2282386], [130.6441001, 31.2281617], [130.64411, 31.2280126], [130.6441336, 31.2274713], [130.6441384, 31.2273766], [130.6441528, 31.2271193], [130.6441601, 31.2269958], [130.6441875, 31.2268737], [130.6442173, 31.2267821], [130.6442704, 31.2266448], [130.6443387, 31.2265173], [130.644401, 31.2264243], [130.644514, 31.2262947], [130.644966, 31.2258808], [130.645406, 31.2254784], [130.6454691, 31.2253849], [130.6455028, 31.2253315], [130.6455294, 31.2252722], [130.6455668, 31.2251639], [130.645715, 31.2246252], [130.6458773, 31.2241124], [130.6461479, 31.2232887], [130.6462736, 31.2229061], [130.6463322, 31.2227252], [130.6466299, 31.2217876], [130.6467261, 31.2214585], [130.6467533, 31.2213495], [130.6467901, 31.2211189], [130.6468058, 31.2208566], [130.6468043, 31.2206763], [130.6467927, 31.2205233], [130.6467375, 31.2201517], [130.6465763, 31.2192071], [130.6465441, 31.2190484], [130.6465093, 31.2189293], [130.6464705, 31.2188161], [130.6464174, 31.2186818], [130.6463027, 31.2184892], [130.6462276, 31.2183836], [130.646147, 31.2182851], [130.6460023, 31.2181416], [130.6457141, 31.2178943], [130.6455071, 31.2177262], [130.6451185, 31.2174177], [130.6447694, 31.2171314], [130.6446706, 31.2170761], [130.6445712, 31.2170337], [130.644443, 31.2169883], [130.6442991, 31.216958], [130.6441068, 31.2169415], [130.6438632, 31.2169465], [130.6433281, 31.2169775], [130.6418436, 31.21706], [130.6415964, 31.2170611], [130.6413561, 31.2170452], [130.641085, 31.2169894], [130.6408131, 31.2169017], [130.6405972, 31.2168011], [130.6397852, 31.2163334], [130.6394015, 31.2161431], [130.6390125, 31.2159864], [130.6381338, 31.2157103], [130.6377876, 31.2155929], [130.6374447, 31.2154494], [130.6364819, 31.2149647], [130.6358804, 31.2146681], [130.6351971, 31.2144014], [130.6345015, 31.2141608], [130.6336377, 31.2138529], [130.6334108, 31.2137634], [130.6331616, 31.2136391], [130.6328736, 31.2134259], [130.6326412, 31.2131915], [130.6323966, 31.2129136], [130.6322418, 31.2127426], [130.6321155, 31.2126367], [130.6319588, 31.2125291], [130.6316949, 31.2124119], [130.6314019, 31.2123011], [130.6311567, 31.2122077], [130.6309405, 31.2120871], [130.6307325, 31.2119335], [130.6306179, 31.2118418], [130.6297954, 31.211101], [130.629508, 31.2108474], [130.6292374, 31.2106081], [130.6291517, 31.2104982], [130.6290862, 31.2103474], [130.6290363, 31.2102267], [130.6290036, 31.2100995], [130.6289867, 31.2097611], [130.6289751, 31.209702], [130.6289546, 31.2096474], [130.6289264, 31.2095855], [130.6287257, 31.209251], [130.6286633, 31.2091652], [130.6285915, 31.2090734], [130.6284198, 31.2088861], [130.6282553, 31.2087088], [130.6281983, 31.2086473], [130.6281401, 31.2085517], [130.6281425, 31.2083539], [130.6281463, 31.2081975], [130.6281324, 31.2080681], [130.6280907, 31.2078069], [130.6280503, 31.2075994], [130.6280309, 31.2074684], [130.6280298, 31.2073568], [130.6280377, 31.2069001], [130.6280651, 31.2064604], [130.6280787, 31.2063477], [130.628122, 31.2060789], [130.6281346, 31.205965], [130.6281448, 31.2058477], [130.6281346, 31.2057668], [130.6281141, 31.2056802], [130.6280093, 31.2053864], [130.6279865, 31.2052987], [130.6279842, 31.2052269], [130.6279945, 31.2051426], [130.6280138, 31.2050606], [130.6280252, 31.2049786], [130.6280309, 31.2048784], [130.6280298, 31.2046073], [130.6280229, 31.2045321], [130.6280161, 31.2044501], [130.6279819, 31.2041426], [130.627974, 31.2040526], [130.6279762, 31.2039569], [130.6279853, 31.2038749], [130.6280036, 31.203794], [130.6280281, 31.2037154], [130.6280981, 31.2034677], [130.6281249, 31.2033948], [130.6281568, 31.2033185], [130.6282627, 31.2031123], [130.6282963, 31.2030611], [130.6283538, 31.2030007], [130.6285212, 31.2028692], [130.6286095, 31.20279], [130.6286465, 31.202753], [130.6286818, 31.2027029], [130.628728, 31.2026277], [130.6289558, 31.2022621], [130.6294125, 31.2016151], [130.6294877, 31.2015251], [130.6295742, 31.201442], [130.629662, 31.2013645], [130.6297736, 31.2012791], [130.6299034, 31.2012074], [130.6300572, 31.2011345], [130.6306249, 31.2008973], [130.6308237, 31.2008315], [130.6310048, 31.200778], [130.6316609, 31.2006356], [130.6318101, 31.2006139], [130.632039, 31.2006151], [130.6322817, 31.2006242], [130.6325243, 31.2006219], [130.6327657, 31.2005991], [130.6329673, 31.2005627], [130.6331439, 31.2005228], [130.6333204, 31.2004773], [130.6337373, 31.2003645], [130.6338592, 31.2003474], [130.6339742, 31.2003554], [130.634087, 31.2003793], [130.6341895, 31.200418], [130.6342908, 31.2004693], [130.634382, 31.2005342], [130.6344628, 31.2006128], [130.6345335, 31.200696], [130.6345745, 31.2007609], [130.6346371, 31.2008691], [130.6346792, 31.2009796], [130.63471, 31.2010935], [130.6347613, 31.2013372], [130.6347863, 31.2014716], [130.6347931, 31.201606], [130.6347829, 31.2017222], [130.6347533, 31.2018236], [130.6345653, 31.2024045], [130.6345323, 31.2025195], [130.6344985, 31.2026473], [130.634468, 31.2028521], [130.6344013, 31.203335], [130.6343922, 31.2034626], [130.6343956, 31.203564], [130.6344025, 31.2036539], [130.6344332, 31.2037747], [130.6344776, 31.2039022], [130.6345414, 31.2040207], [130.6346644, 31.2041881], [130.6348273, 31.2043909], [130.6348979, 31.2044854], [130.6350666, 31.2046884], [130.6351326, 31.2047497], [130.63521, 31.2048009], [130.6354116, 31.2049399], [130.6358285, 31.2052292], [130.6363228, 31.2055697], [130.6363946, 31.2056335], [130.6366326, 31.2058795], [130.6368194, 31.2060755], [130.637168, 31.206432], [130.6377751, 31.2070607], [130.6356645, 31.2092692], [130.6354458, 31.2096155], [130.635382, 31.2099162], [130.6354367, 31.2102351], [130.635628, 31.2104902], [130.6360381, 31.2107818], [130.6363843, 31.2108638], [130.63725, 31.2109458], [130.6483302, 31.2090505], [130.6493325, 31.2083762], [130.6499156, 31.2075015], [130.6506081, 31.2062805], [130.6921179, 31.0978795], [130.6921316, 31.0971323], [130.6920951, 31.0970002], [130.6920359, 31.0969], [130.6919174, 31.0968089], [130.6906463, 31.0964991], [130.6904732, 31.0963897], [130.6904048, 31.0962986], [130.6903547, 31.0961892], [130.6903845, 31.0954727], [130.6904001, 31.0952371], [130.6904213, 31.0949179], [130.6904466, 31.094524], [130.6904871, 31.0944683], [130.6905367, 31.0945171], [130.6906452, 31.0945348], [130.6909722, 31.0945695], [130.6910263, 31.0945739], [130.6915256, 31.094607], [130.6921152, 31.0946758], [130.692473, 31.0947451], [130.6932166, 31.0948625], [130.6934299, 31.0949076], [130.6936098, 31.0949546], [130.6940305, 31.0951286], [130.6941608, 31.0952045], [130.694685, 31.0955086], [130.6954984, 31.0959769], [130.6961814, 31.096318], [130.6969945, 31.096694], [130.6992224, 31.0975957], [130.6997346, 31.0978533], [130.7003688, 31.0981631], [130.7013852, 31.0987549], [130.7020926, 31.0992109], [130.7028528, 31.0997575], [130.7037025, 31.1004363], [130.7045807, 31.1012404], [130.7051905, 31.1018809], [130.7061865, 31.1030401], [130.7071053, 31.1043907], [130.7075485, 31.1051705], [130.7080038, 31.1060894], [130.7090113, 31.1086575], [130.7090649, 31.1087941], [130.709195, 31.109076], [130.7093047, 31.109264], [130.7093917, 31.1094191], [130.7096927, 31.1097883], [130.7098327, 31.1099252], [130.7099067, 31.110003], [130.7101938, 31.1103049], [130.7104491, 31.1106241], [130.7108439, 31.111043], [130.7113181, 31.1115353], [130.7117709, 31.112035], [130.7120885, 31.112351], [130.7123545, 31.1126082], [130.7126292, 31.112814], [130.7129639, 31.1130271], [130.7133287, 31.1131881], [130.7142483, 31.1134747], [130.7150086, 31.1136713], [130.7158123, 31.1139117], [130.7160643, 31.114037], [130.7165365, 31.1141287], [130.7168077, 31.1141927], [130.7172045, 31.1142969], [130.7179421, 31.114482], [130.7187575, 31.1146873], [130.7195439, 31.1148421], [130.7197754, 31.1148744], [130.7201404, 31.11488], [130.7203751, 31.1148497], [130.7205936, 31.1148221], [130.7210196, 31.1147433], [130.7216377, 31.1146289], [130.7222745, 31.1145091], [130.7227451, 31.1144603], [130.7230233, 31.1144673], [130.7233237, 31.114482], [130.724079, 31.1145922], [130.7250489, 31.1147686], [130.7255725, 31.1148421], [130.7261561, 31.114967], [130.7275637, 31.1155549], [130.7282332, 31.1158488], [130.7284735, 31.1159737], [130.7286795, 31.1160619], [130.7289199, 31.116106], [130.7292889, 31.1161207], [130.7300871, 31.1161133], [130.7304133, 31.1161427], [130.7311343, 31.1162823], [130.7316321, 31.1163926], [130.7318293, 31.1164641], [130.7319852, 31.1165341], [130.7322749, 31.1167747], [130.7325388, 31.1170011], [130.7332085, 31.1175956], [130.7333566, 31.117746], [130.7334613, 31.11791], [130.7335342, 31.1180991], [130.7336527, 31.1185501], [130.7337188, 31.1187209], [130.7338372, 31.1188918], [130.7339739, 31.1190239], [130.7349625, 31.1196709], [130.7350491, 31.1197506], [130.7353544, 31.1200877], [130.7356391, 31.1204067], [130.7357872, 31.1205889], [130.735974, 31.1208577], [130.7361266, 31.1210878], [130.7362929, 31.1213839], [130.7365462, 31.121819], [130.7367029, 31.1220537], [130.7368624, 31.1222572], [130.7371705, 31.1226824], [130.737405, 31.1230652], [130.737563, 31.1234759], [130.7379599, 31.1245101], [130.7384389, 31.1257693], [130.7387752, 31.1264546], [130.7389887, 31.1268448], [130.7392583, 31.1272309], [130.7393694, 31.1273617], [130.7395516, 31.127574], [130.7396265, 31.1276559], [130.7397282, 31.1277317], [130.7404297, 31.1280357], [130.7406939, 31.1281784], [130.7408946, 31.12832], [130.7410303, 31.1284657], [130.7411405, 31.1286485], [130.741248, 31.1288712], [130.7415986, 31.1297306], [130.7416259, 31.1298118], [130.7416988, 31.1299803], [130.7417942, 31.1301209], [130.7419333, 31.1302526], [130.7420927, 31.1303501], [130.7423391, 31.1304492], [130.7431751, 31.1307255], [130.7437498, 31.1309548], [130.7442087, 31.1311803], [130.7447479, 31.1315153], [130.7448753, 31.1316309], [130.7449744, 31.1317534], [130.7450389, 31.1318791], [130.7450943, 31.1320389], [130.7451892, 31.1323985], [130.7453205, 31.1328643], [130.745457, 31.1333454], [130.7455029, 31.1335166], [130.745578, 31.1337011], [130.7456646, 31.133856], [130.7457625, 31.1340018], [130.7461908, 31.1346442], [130.7464414, 31.1350018], [130.7466988, 31.1353025], [130.7469813, 31.1355895], [130.7473344, 31.1358857], [130.7473905, 31.1359309], [130.7483663, 31.1367172], [130.748569, 31.1368721], [130.748708, 31.1369951], [130.7488994, 31.1372274], [130.74903, 31.1374206], [130.7490468, 31.1374503], [130.7493537, 31.1379324], [130.7497946, 31.1386899], [130.7498607, 31.1388175], [130.7501046, 31.1392719], [130.7502381, 31.1395307], [130.75063, 31.140395], [130.7507842, 31.1407541], [130.7509928, 31.1413028], [130.7510202, 31.1413825], [130.7510635, 31.1414941], [130.7512651, 31.1420488], [130.7513302, 31.1423353], [130.7515487, 31.1440478], [130.7515897, 31.1443576], [130.7516489, 31.1448405], [130.7516967, 31.1450683], [130.7517879, 31.1453189], [130.7518926, 31.1455376], [130.7522924, 31.1462483], [130.7526854, 31.1469112], [130.7531128, 31.1477064], [130.7533561, 31.1480507], [130.7534651, 31.1481815], [130.7535579, 31.148294], [130.7537162, 31.148458], [130.754157, 31.1489215], [130.7542606, 31.1490411], [130.7543415, 31.1491721], [130.7544281, 31.1493464], [130.7545329, 31.1496539], [130.7545796, 31.1498111], [130.7546661, 31.1501129], [130.7547174, 31.1503054], [130.754747, 31.1505173], [130.7547447, 31.1507861], [130.7546513, 31.1516688], [130.7546456, 31.1518169], [130.754649, 31.1519627], [130.7546855, 31.1521506], [130.7547698, 31.1525162], [130.7550467, 31.1538312], [130.7551154, 31.154103], [130.7552441, 31.1543895], [130.7554072, 31.1546539], [130.7555703, 31.1548596], [130.7555875, 31.1548757], [130.7558364, 31.1551093], [130.7563428, 31.1556896], [130.7564632, 31.1560033], [130.7569178, 31.157188], [130.7570637, 31.1577609], [130.7571925, 31.1584439], [130.7572096, 31.1587451], [130.757141, 31.1591931], [130.7570723, 31.1596191], [130.7570551, 31.1597954], [130.757038, 31.1600084], [130.7570478, 31.1602079], [130.7570797, 31.160463], [130.7571571, 31.1607455], [130.7572323, 31.1609619], [130.7573325, 31.1611442], [130.7575148, 31.1614654], [130.7577539, 31.1618754], [130.7579886, 31.1622581], [130.7581913, 31.1626066], [130.7584442, 31.1630281], [130.7587745, 31.1635748], [130.7589885, 31.1639325], [130.7591458, 31.1641944], [130.7592495, 31.164429], [130.7593087, 31.164609], [130.7593315, 31.1647764], [130.7593812, 31.1652818], [130.7595099, 31.1669122], [130.7595357, 31.1672353], [130.7596215, 31.1674924], [130.7597588, 31.1677862], [130.7600249, 31.1682121], [130.7606213, 31.1692292], [130.7607287, 31.1694092], [130.7610857, 31.1699592], [130.7610892, 31.169982], [130.7613896, 31.1703639], [130.7617243, 31.1706797], [130.7620247, 31.1709808], [130.7622393, 31.1712378], [130.7623509, 31.1714214], [130.762411, 31.1715903], [130.762514, 31.1719575], [130.762617, 31.1724422], [130.7628487, 31.1734116], [130.7629603, 31.1737861], [130.7630547, 31.1740432], [130.763192, 31.1743075], [130.7633465, 31.1745572], [130.7635611, 31.1748216], [130.7637929, 31.1750492], [130.7658528, 31.1770614], [130.7658792, 31.1770922], [130.7660416, 31.1772817], [130.7661618, 31.1774799], [130.7665051, 31.1786182], [130.7665394, 31.1787356], [130.7665909, 31.1788605], [130.7666939, 31.1790441], [130.7668227, 31.179211], [130.7673979, 31.1799616], [130.7674639, 31.1800812], [130.7675118, 31.180186], [130.7675437, 31.1803124], [130.7675607, 31.1804491], [130.7675516, 31.1805915], [130.7675061, 31.1807999], [130.7673933, 31.1811951], [130.7668689, 31.1830042], [130.766833, 31.1831338], [130.7668184, 31.1831986], [130.7667896, 31.1833581], [130.7667817, 31.183464], [130.766776, 31.1835642], [130.7667828, 31.1836827], [130.7667942, 31.1837909], [130.7668363, 31.1839982], [130.7669502, 31.184513], [130.7670373, 31.1849626], [130.7670557, 31.1851895], [130.7670533, 31.1852705], [130.7670368, 31.1854283], [130.7670163, 31.1855495], [130.7669928, 31.1856443], [130.766932, 31.1858263], [130.7668967, 31.1859191], [130.7668701, 31.1859789], [130.7663712, 31.1870175], [130.7663534, 31.1870519], [130.7663067, 31.187151], [130.7662281, 31.1873496], [130.7661879, 31.1874805], [130.7661529, 31.1876635], [130.766129, 31.1878697], [130.7660812, 31.1885599], [130.766055, 31.1888948], [130.7659914, 31.1895204], [130.7659654, 31.1898475], [130.7658978, 31.1904393], [130.7658419, 31.1909577], [130.7657429, 31.1918767], [130.7657024, 31.1922062], [130.7656973, 31.1923801], [130.7657201, 31.1924895], [130.76576, 31.1925772], [130.7658033, 31.1926432], [130.7658716, 31.1927218], [130.7659582, 31.1927913], [130.7660869, 31.192863], [130.7661757, 31.1928961], [130.7662737, 31.1929097], [130.7663819, 31.1929143], [130.7670778, 31.1929018], [130.7678033, 31.1928949], [130.7679309, 31.1929086], [130.7680437, 31.1929331], [130.7681821, 31.1929792], [130.7683039, 31.1930379], [130.7684013, 31.1930988], [130.768497, 31.193178], [130.7685733, 31.1932554], [130.7686399, 31.1933443], [130.7686946, 31.1934411], [130.7687413, 31.1935556], [130.7687709, 31.1936888], [130.7689275, 31.1944018], [130.7689589, 31.1945237], [130.7690056, 31.1946598], [130.769075, 31.1947937], [130.7691422, 31.1949127], [130.7693125, 31.1952082], [130.7699219, 31.1962493], [130.7701463, 31.19664], [130.7706748, 31.1975216], [130.7711987, 31.1982984], [130.7719039, 31.1993828], [130.7720198, 31.199598], [130.7720755, 31.1996838], [130.7723764, 31.2003041], [130.7724641, 31.2004738], [130.7725188, 31.2005456], [130.7726088, 31.2006367], [130.7731111, 31.2010479], [130.7738241, 31.2015946], [130.774102, 31.2018201], [130.7742467, 31.20195], [130.7749472, 31.2025628], [130.7754882, 31.2030417], [130.7757365, 31.2032678], [130.7758436, 31.2034056], [130.775921, 31.2035389], [130.7759654, 31.2036687], [130.7759905, 31.2037872], [130.775995, 31.2039125], [130.7759631, 31.2047132], [130.7759518, 31.2052497], [130.7759461, 31.2054798], [130.7759552, 31.2057543], [130.77597, 31.2059467], [130.7759871, 31.2060686], [130.7760019, 31.2061848], [130.7760452, 31.2064365], [130.7761716, 31.2070698], [130.7762408, 31.2074133], [130.7762538, 31.2074912], [130.7763509, 31.2080055], [130.7764109, 31.2082679], [130.7764684, 31.2084803], [130.7765184, 31.2086317], [130.7766675, 31.2090276], [130.7767716, 31.209302], [130.7769271, 31.2097076], [130.7771379, 31.210258], [130.7778457, 31.2121226], [130.7779118, 31.2122974], [130.7779365, 31.2123969], [130.7779439, 31.2124709], [130.7779359, 31.2125438], [130.7779108, 31.2126224], [130.7778599, 31.2127122], [130.7778189, 31.2127617], [130.7777685, 31.2128024], [130.777699, 31.2128445], [130.7776124, 31.2128719], [130.7773994, 31.2129129], [130.7767353, 31.2130401], [130.7766866, 31.2130494], [130.7755491, 31.2132696], [130.7754662, 31.2132878], [130.7753526, 31.2133127], [130.7747105, 31.2134484], [130.7733973, 31.2137787], [130.7732332, 31.2138177], [130.7727364, 31.2139476], [130.7722386, 31.2141237], [130.7716791, 31.2143475], [130.7713288, 31.2144834], [130.7703847, 31.2149239], [130.7698525, 31.2151441], [130.7696672, 31.2152266], [130.768814, 31.2156065], [130.7687498, 31.2156445], [130.7683934, 31.2158341], [130.7677239, 31.2163259], [130.767358, 31.2165771], [130.76699, 31.2167285], [130.7667369, 31.2168397], [130.7661189, 31.2170526], [130.7656296, 31.2172508], [130.7651357, 31.2174427], [130.7653268, 31.2178443], [130.7654689, 31.2181591], [130.765474, 31.2181704], [130.7656689, 31.2185144], [130.7656873, 31.2185468], [130.7658758, 31.2188606], [130.7659656, 31.2189956], [130.7662374, 31.2194767], [130.7665289, 31.2199557], [130.7667062, 31.2202644], [130.7667534, 31.2203428], [130.7672532, 31.221174], [130.7673375, 31.2213722], [130.7674127, 31.2215613], [130.7674719, 31.2217663], [130.7675015, 31.2219121], [130.767596, 31.222501], [130.7676758, 31.223132], [130.7677817, 31.2238644], [130.7678352, 31.2242459], [130.7678671, 31.224476], [130.767899, 31.2246252], [130.7679605, 31.2247619], [130.7679987, 31.2248208], [130.7680528, 31.2249043], [130.76821, 31.2250603], [130.7684808, 31.2253158], [130.7687149, 31.2255388], [130.7688779, 31.2257133], [130.7689974, 31.2258565], [130.7690686, 31.2259781], [130.7691105, 31.2260727], [130.769341, 31.2265888], [130.7693797, 31.2267141], [130.7694219, 31.2268793], [130.7694481, 31.2270456], [130.7694481, 31.2271823], [130.7694287, 31.2273531], [130.7693604, 31.2276994], [130.7693205, 31.2278816], [130.7692624, 31.2281709], [130.7692533, 31.2282791], [130.7692522, 31.228401], [130.7692727, 31.2285457], [130.7693125, 31.2286903], [130.7694196, 31.2290354], [130.7695027, 31.2293247], [130.7695369, 31.2294728], [130.7695483, 31.2296209], [130.7695585, 31.2298646], [130.769587, 31.2303327], [130.7696052, 31.2304911], [130.7696611, 31.2306448], [130.7697476, 31.2307667], [130.7698695, 31.2308738], [130.7704079, 31.2312013], [130.770947, 31.2315355], [130.7712044, 31.2316847], [130.7715769, 31.231916], [130.771952, 31.2321427], [130.7720913, 31.2322269], [130.7722682, 31.2323454], [130.7726397, 31.2326001], [130.772987, 31.232839], [130.7739993, 31.2335212], [130.7745423, 31.2338949], [130.7762749, 31.2350938], [130.7770403, 31.2356213], [130.7773097, 31.2357966], [130.7774384, 31.2358859], [130.7779271, 31.2362169], [130.7780025, 31.2362738], [130.7781887, 31.2364095], [130.7782999, 31.2364799], [130.7797192, 31.2374585], [130.7803338, 31.2378788], [130.7808126, 31.2382051], [130.7810649, 31.238377], [130.7814499, 31.2386387], [130.7818333, 31.2388983], [130.7825455, 31.2393857], [130.7826996, 31.2394855], [130.7831809, 31.2398442], [130.7832645, 31.2399284], [130.7834644, 31.2401294], [130.7837021, 31.2403818], [130.7839595, 31.240659], [130.7843891, 31.2410867], [130.7844527, 31.2411605], [130.7846318, 31.2413496], [130.7847809, 31.2415071], [130.784997, 31.2417342], [130.7851438, 31.2418797], [130.7857822, 31.2425507], [130.7867391, 31.2435312], [130.787275, 31.244085], [130.7877261, 31.2445488], [130.7878716, 31.2447033], [130.788232, 31.245113], [130.7883114, 31.2452225], [130.7886361, 31.2456702], [130.7888661, 31.2460397], [130.7889465, 31.2461738], [130.7889965, 31.2462573], [130.7893461, 31.2468243], [130.7893949, 31.2469034], [130.7896338, 31.2472788], [130.7897352, 31.2474344], [130.7899254, 31.2477313], [130.7901483, 31.2480727], [130.7905278, 31.2486904], [130.7907345, 31.2490308], [130.7908157, 31.2491593], [130.7908772, 31.2493028], [130.7909137, 31.2494167], [130.7909433, 31.2495374], [130.7909695, 31.2496809], [130.7909775, 31.2498825], [130.7909689, 31.2500346], [130.7909486, 31.2501853], [130.7909277, 31.2503144], [130.790861, 31.2507054], [130.7908311, 31.2508645], [130.7908021, 31.2510197], [130.790786, 31.2511755], [130.7907773, 31.2512771], [130.7907788, 31.2514866], [130.7908007, 31.2516154], [130.7908869, 31.2519484], [130.7910372, 31.2524132], [130.7911036, 31.2525806], [130.79116, 31.252727], [130.7911946, 31.2529593], [130.7911956, 31.2530522], [130.7911914, 31.2531187], [130.7911748, 31.253201], [130.7911514, 31.2532914], [130.7910587, 31.2534541], [130.7908576, 31.2537142], [130.7907245, 31.2538547], [130.7905301, 31.2540886], [130.7902889, 31.2544055], [130.7901108, 31.2546445], [130.7899001, 31.2548862], [130.7895196, 31.2552062], [130.7891605, 31.2554795], [130.7888255, 31.2557317], [130.7887799, 31.2557698], [130.788633, 31.255931], [130.788522, 31.2561418], [130.7884509, 31.2562578], [130.788292, 31.256742], [130.7882068, 31.257062], [130.7881332, 31.2573008], [130.7879999, 31.257727], [130.7878559, 31.2583085], [130.787839, 31.258478], [130.7878109, 31.2587425], [130.7877891, 31.259029], [130.7878266, 31.2594295], [130.7878626, 31.2595375], [130.7879186, 31.2596775], [130.7880106, 31.2598185], [130.7882285, 31.2600431], [130.7885702, 31.2603245], [130.7886892, 31.2604482], [130.788713, 31.2605041], [130.7888, 31.2606171], [130.788877, 31.2607411], [130.7889487, 31.2608638], [130.788966, 31.2609178], [130.788983, 31.2609748], [130.789003, 31.2611278], [130.7890226, 31.2615071], [130.7889979, 31.2617728], [130.7889615, 31.2621645], [130.7889217, 31.2624382], [130.7888816, 31.2628771], [130.78887, 31.2629779], [130.7888419, 31.2633972], [130.7888342, 31.2637018], [130.7888346, 31.2637176], [130.788838, 31.2638564], [130.7890752, 31.264802], [130.7891392, 31.2650586], [130.7892109, 31.26534], [130.7892236, 31.2653761], [130.7892882, 31.2655606], [130.789313, 31.2656244], [130.7894044, 31.26586], [130.7894811, 31.2660009], [130.7896332, 31.2662762], [130.7896429, 31.2662956], [130.7898855, 31.2666738], [130.7900236, 31.2668675], [130.7903024, 31.2672586], [130.7904805, 31.2675456], [130.7907472, 31.2679193], [130.7908794, 31.2681201], [130.7914809, 31.268917], [130.791538, 31.2690159], [130.7917009, 31.2693092], [130.791822, 31.269538], [130.792038, 31.26987], [130.79208, 31.269961], [130.7922154, 31.2702428], [130.7923803, 31.27056], [130.7924447, 31.2707885], [130.7924506, 31.2710456], [130.7924684, 31.2716503], [130.7924757, 31.2720498], [130.792479, 31.2722606], [130.7924944, 31.2730464], [130.7924906, 31.2732115], [130.7925003, 31.2734183], [130.7925092, 31.2739285], [130.792519, 31.274007], [130.792571, 31.274245], [130.7926135, 31.2744123], [130.792635, 31.274497], [130.7927171, 31.2747429], [130.7927991, 31.2749886], [130.7928406, 31.2751128], [130.7929193, 31.2753935], [130.7929717, 31.2755368], [130.7930364, 31.2757288], [130.7931498, 31.2761233], [130.7932629, 31.2764307], [130.7932861, 31.2765291], [130.7935595, 31.277433], [130.7935737, 31.2775209], [130.79359, 31.2777065], [130.7935819, 31.277854], [130.7935598, 31.2779772], [130.7935276, 31.2780816], [130.793494, 31.2781904], [130.7934417, 31.2782952], [130.793338, 31.278477], [130.7932174, 31.2787373], [130.79276, 31.2795228], [130.792662, 31.2797255], [130.7926187, 31.2798758], [130.7925948, 31.2800068], [130.7925937, 31.2801435], [130.7926051, 31.2802563], [130.7926438, 31.2804043], [130.7927008, 31.2805365], [130.7928283, 31.2808064], [130.792883, 31.2809431], [130.7929183, 31.2810661], [130.7929468, 31.2812096], [130.7929775, 31.2818623], [130.7929955, 31.2820321], [130.7930319, 31.2822245], [130.7930846, 31.2824466], [130.7931393, 31.2826721], [130.7931917, 31.2828657], [130.7932566, 31.2830502], [130.7933158, 31.2831824], [130.7933819, 31.2832906], [130.7934878, 31.283409], [130.793604, 31.2835366], [130.7939104, 31.2838043], [130.7947122, 31.284515], [130.7948261, 31.2846346], [130.7948956, 31.2847234], [130.7949628, 31.2848396], [130.7950391, 31.28499], [130.7951097, 31.2851927], [130.7951792, 31.2854171], [130.7952681, 31.2857314], [130.7953262, 31.2859558], [130.7953649, 31.2861062], [130.7953769, 31.2862114], [130.7953899, 31.2863526], [130.7953922, 31.2865595], [130.7953865, 31.2866597], [130.7953569, 31.2868468], [130.7953307, 31.2869673], [130.7952836, 31.2871514], [130.7952344, 31.2873026], [130.795141, 31.2875563], [130.7951082, 31.2876982], [130.7950892, 31.2878338], [130.7950779, 31.2879821], [130.7950904, 31.2881484], [130.7951211, 31.2882885], [130.7951747, 31.2884206], [130.7952544, 31.288571], [130.795333, 31.2887077], [130.7954423, 31.2888318], [130.7955031, 31.2889052], [130.7955631, 31.2889776], [130.7956679, 31.28912], [130.7957351, 31.2892179], [130.7957977, 31.2893204], [130.7958615, 31.2894765], [130.7959082, 31.2896359], [130.7959412, 31.2898665], [130.7959697, 31.2900653], [130.7960096, 31.2902134], [130.7960574, 31.2903581], [130.7961371, 31.2905358], [130.7962134, 31.2906884], [130.7963695, 31.2909378], [130.796431, 31.2910688], [130.7964845, 31.291234], [130.7965164, 31.291398], [130.7965255, 31.2916713], [130.7965005, 31.2917921], [130.7964686, 31.2919185], [130.7963159, 31.2922705], [130.796259, 31.2924265], [130.7962328, 31.2925529], [130.7962237, 31.2926634], [130.7962282, 31.2927796], [130.7962499, 31.2929208], [130.7962818, 31.2930438], [130.7963535, 31.2932842], [130.7964321, 31.2935268], [130.7964538, 31.2936691], [130.7964606, 31.2937853], [130.7964583, 31.2938901], [130.7964367, 31.2940222], [130.7963911, 31.2941441], [130.7963535, 31.2942227], [130.7962328, 31.294422], [130.7960141, 31.2947933], [130.7959298, 31.2949369], [130.7958922, 31.2950302], [130.7958649, 31.2951248], [130.7958501, 31.2952398], [130.7958501, 31.2954505], [130.79587, 31.295725], [130.7959173, 31.2959859], [130.7959367, 31.2961829], [130.7959385, 31.296275], [130.7959321, 31.2963857], [130.7959048, 31.2965053], [130.7958695, 31.2966408], [130.7958285, 31.2967501], [130.7957795, 31.2968697], [130.7957305, 31.2969688], [130.7956815, 31.2970463], [130.7954056, 31.2974061], [130.7952975, 31.2975704], [130.7952259, 31.2977234], [130.7951844, 31.2978601], [130.7951644, 31.2979689], [130.7951542, 31.2980691], [130.7951519, 31.2982126], [130.7951701, 31.2983482], [130.7952009, 31.2985042], [130.7952396, 31.2987035], [130.7953546, 31.2992912], [130.7953626, 31.2994222], [130.7953444, 31.2995566], [130.7953065, 31.299671], [130.7952498, 31.2997696], [130.7951678, 31.2998494], [130.7950744, 31.2999177], [130.7949173, 31.2999724], [130.794792, 31.2999963], [130.7946325, 31.3000168], [130.7944677, 31.3000238], [130.7942831, 31.3000311], [130.794085, 31.30006], [130.79377, 31.300122], [130.7936352, 31.3001647], [130.7934917, 31.3002421], [130.7933585, 31.3003272], [130.7932492, 31.3004086], [130.7931516, 31.3004877], [130.7930322, 31.3006091], [130.7929456, 31.3007173], [130.7928705, 31.3008357], [130.7928137, 31.3009423], [130.7927698, 31.3010443], [130.792727, 31.3011754], [130.7926882, 31.3013836], [130.7926444, 31.3015487], [130.792624, 31.3016159], [130.7925914, 31.30169], [130.7925356, 31.3017879], [130.7924547, 31.301887], [130.7923135, 31.3020704], [130.7922771, 31.3021308], [130.7922452, 31.3021957], [130.7922076, 31.3022777], [130.7921802, 31.3023631], [130.7920891, 31.3026707], [130.7920424, 31.3027925], [130.7919946, 31.3029144], [130.7919205, 31.3030363], [130.7918727, 31.3031058], [130.7917679, 31.3032413], [130.7916836, 31.3033962], [130.7916244, 31.3035591], [130.791585, 31.3037], [130.7915583, 31.3038393], [130.7914627, 31.3042254], [130.7914387, 31.3043655], [130.7914251, 31.3044908], [130.7914285, 31.3046115], [130.7914513, 31.3047368], [130.7914911, 31.3048644], [130.7915572, 31.3049976], [130.7916609, 31.3051913], [130.7917656, 31.3053439], [130.7918989, 31.3055022], [130.7920139, 31.3056275], [130.7921495, 31.3057505], [130.7922862, 31.3058724], [130.7923579, 31.3059544], [130.7924103, 31.3060683], [130.7924536, 31.3061765], [130.7924764, 31.3062984], [130.7924832, 31.3065], [130.7924604, 31.3067585], [130.7924285, 31.3070615], [130.7924297, 31.3072267], [130.7924513, 31.3073428], [130.7924923, 31.3074476], [130.7925607, 31.3075786], [130.7926142, 31.3076618], [130.7927121, 31.3077597], [130.7928215, 31.3078474], [130.7929764, 31.3079442], [130.7932691, 31.3080866], [130.7933762, 31.3081379], [130.7935858, 31.308237], [130.7939001, 31.3083919], [130.7941188, 31.3084955], [130.7942919, 31.3085923], [130.794506, 31.3087413], [130.7946167, 31.3088569], [130.7947119, 31.3089845], [130.7947703, 31.3090821], [130.794809, 31.3091812], [130.7948455, 31.3092871], [130.7948694, 31.3094284], [130.7948808, 31.3095764], [130.7948717, 31.3099124], [130.7948785, 31.3100286], [130.7949024, 31.3101391], [130.7949412, 31.3102302], [130.7949924, 31.3103418], [130.7950687, 31.3104421], [130.7951701, 31.310556], [130.7956838, 31.3110047], [130.7959508, 31.3112352], [130.7960209, 31.3112975], [130.7960904, 31.3113624], [130.7961497, 31.3114239], [130.7962385, 31.3115184], [130.7963137, 31.311613], [130.7963854, 31.3117177], [130.7964492, 31.311826], [130.7965016, 31.3119273], [130.7965586, 31.3120594], [130.7965961, 31.312179], [130.7966269, 31.312318], [130.7966394, 31.3124376], [130.7966508, 31.3126016], [130.7966428, 31.3127292], [130.7966246, 31.3128545], [130.7965893, 31.3130014], [130.7965517, 31.3131244], [130.7965119, 31.3132372], [130.7964447, 31.313367], [130.7964078, 31.31343], [130.7963693, 31.3135002], [130.7962955, 31.3136164], [130.7962076, 31.3137649], [130.7960106, 31.314081], [130.7958457, 31.3143509], [130.7957119, 31.3145714], [130.7955897, 31.3147928], [130.7955412, 31.3148976], [130.7955028, 31.3150194], [130.7954692, 31.3151653], [130.7954588, 31.3153086], [130.7954758, 31.315453], [130.7955217, 31.3156368], [130.7955789, 31.3158021], [130.7956598, 31.3159575], [130.7958888, 31.31641], [130.7961345, 31.316968], [130.7962453, 31.3172943], [130.7963547, 31.3176405], [130.7964777, 31.3179982], [130.7965779, 31.3182146], [130.7966668, 31.3183832], [130.7968103, 31.3185814], [130.7969743, 31.3187613], [130.7971451, 31.3189185], [130.7976941, 31.3193582], [130.7981839, 31.3197568], [130.7983639, 31.319914], [130.7985734, 31.3201076], [130.7987443, 31.320299], [130.7995143, 31.3211578], [130.7997147, 31.32134], [130.7999539, 31.3215382], [130.800168, 31.3217227], [130.800348, 31.3218719], [130.8006009, 31.3220975], [130.8007045, 31.3222216], [130.800758, 31.3223036], [130.8008013, 31.3224016], [130.8008344, 31.3225109], [130.8009027, 31.3228184], [130.8009323, 31.3229745], [130.8009414, 31.3231385], [130.8009471, 31.3232638], [130.800938, 31.3233754], [130.800913, 31.3235007], [130.8008799, 31.3236123], [130.8008321, 31.3237365], [130.8007763, 31.323872], [130.8006715, 31.3241226], [130.800635, 31.3242593], [130.80061, 31.32438], [130.8005929, 31.3245099], [130.8006054, 31.3250702], [130.800594, 31.3252001], [130.8005633, 31.3253345], [130.800528, 31.3254723], [130.800438, 31.3257628], [130.8004095, 31.3258607], [130.8003981, 31.3259678], [130.8003964, 31.3260731], [130.8004101, 31.326162], [130.8004369, 31.3262349], [130.8004716, 31.3263055], [130.8005189, 31.3263738], [130.8005747, 31.3264382], [130.8006413, 31.326494], [130.8007136, 31.3265475], [130.8007814, 31.3265863], [130.8008503, 31.3266176], [130.8009272, 31.3266421], [130.8010081, 31.3266671], [130.8012216, 31.3267161], [130.8014938, 31.3267651], [130.8016385, 31.3267822], [130.8019329, 31.3268403], [130.8022217, 31.3268938], [130.8023515, 31.3269262], [130.8024369, 31.3269519], [130.80254, 31.3269878], [130.8026254, 31.3270214], [130.8027365, 31.3270743], [130.8029229, 31.3271954], [130.8030421, 31.3272872], [130.803123, 31.327363], [130.8031955, 31.3274474], [130.8032735, 31.3275498], [130.8033834, 31.3277146], [130.8034689, 31.3278699], [130.8036216, 31.3281765], [130.8037175, 31.3283754], [130.803827, 31.328701], [130.8039091, 31.3290299], [130.8039473, 31.329288], [130.8039962, 31.3298267], [130.8040065, 31.3300044], [130.8041432, 31.3316423], [130.8041451, 31.3316665], [130.8041648, 31.3319191], [130.8041899, 31.332181], [130.8042138, 31.3324783], [130.8042479, 31.3327255], [130.8042787, 31.3329145], [130.804322, 31.3331378], [130.8043698, 31.3333383], [130.8044108, 31.333533], [130.8044928, 31.3338952], [130.8045259, 31.3341151], [130.804535, 31.3342415], [130.8045327, 31.3343747], [130.8045259, 31.3344829], [130.8045133, 31.3346037], [130.8044723, 31.3347643], [130.804429, 31.3348964], [130.804359, 31.335077], [130.8042855, 31.335229], [130.804224, 31.3353292], [130.8041352, 31.3354853], [130.8040418, 31.3356425], [130.8039165, 31.3358509], [130.8038015, 31.3360491], [130.8035805, 31.3364113], [130.803314, 31.3368509], [130.8023489, 31.3384202], [130.8021788, 31.3386822], [130.8019358, 31.3390469], [130.800968, 31.340419], [130.800613, 31.340927], [130.8004298, 31.3411831], [130.7999209, 31.3419024], [130.7998001, 31.3420755], [130.7996954, 31.3422259], [130.799627, 31.3423648], [130.7995462, 31.3425619], [130.7994524, 31.3428294], [130.7993969, 31.3430311], [130.799348, 31.3431747], [130.7993024, 31.3433182], [130.7992477, 31.3435152], [130.7992136, 31.3436599], [130.7991794, 31.3438011], [130.7991657, 31.3439765], [130.7991748, 31.3441383], [130.7991999, 31.3443068], [130.7992392, 31.3444538], [130.7993121, 31.3446018], [130.799373, 31.3447157], [130.7994573, 31.3448251], [130.7995467, 31.3449333], [130.7996709, 31.3450517], [130.7997779, 31.3451332], [130.7998953, 31.3452112], [130.8000507, 31.3452932], [130.8002557, 31.3453929], [130.801446, 31.345928], [130.8017424, 31.3460679], [130.802103, 31.34626], [130.80228, 31.346378], [130.802413, 31.346491], [130.802669, 31.34674], [130.8027664, 31.346853], [130.8028087, 31.346914], [130.8030457, 31.347279], [130.8038364, 31.3487361], [130.8039895, 31.3490124], [130.8042252, 31.3495108], [130.8042935, 31.3496738], [130.8043231, 31.349831], [130.8043322, 31.3499882], [130.8043208, 31.350134], [130.8043003, 31.350257], [130.8042662, 31.3503868], [130.8042001, 31.3505212], [130.8041306, 31.3506442], [130.8040367, 31.3507524], [130.8039228, 31.350876], [130.8037684, 31.3510076], [130.8029928, 31.3516055], [130.8027479, 31.3518108], [130.8026146, 31.3519586], [130.8025349, 31.3520953], [130.8024711, 31.3522981], [130.8024369, 31.352437], [130.8024278, 31.3526033], [130.8025121, 31.3537514], [130.8025713, 31.3544849], [130.8027183, 31.3545254], [130.8029101, 31.3546092], [130.8031405, 31.3547307], [130.8034531, 31.3549897], [130.8042492, 31.3555845], [130.80456, 31.355854], [130.8048607, 31.3562071], [130.8054849, 31.3569657], [130.8057724, 31.3573069], [130.8060453, 31.3576309], [130.8062184, 31.3577994], [130.8063255, 31.3578951], [130.8064205, 31.357958], [130.8065146, 31.3580204], [130.806675, 31.3580992], [130.8067025, 31.3581127], [130.8068802, 31.3581867], [130.8070869, 31.3582637], [130.8073289, 31.3583393], [130.8074713, 31.3583837], [130.8075898, 31.3584259], [130.8079599, 31.3585534], [130.8081069, 31.3585979], [130.8082549, 31.3586184], [130.8083552, 31.3586275], [130.8085078, 31.3586241], [130.8085827, 31.3586212], [130.8086866, 31.3586172], [130.8091144, 31.3585895], [130.8091465, 31.3585873], [130.8096626, 31.3585514], [130.809693, 31.3585493], [130.8100417, 31.358525], [130.8103183, 31.3585058], [130.8108826, 31.3584726], [130.8110614, 31.3584692], [130.8111742, 31.3584726], [130.8113166, 31.3584851], [130.8117505, 31.3585477], [130.8121845, 31.3586081], [130.8126139, 31.3586799], [130.8128895, 31.3587266], [130.8131048, 31.3587699], [130.8132654, 31.3588279], [130.8133975, 31.3588997], [130.813536, 31.3589879], [130.8139955, 31.3593143], [130.8143976, 31.3596025], [130.8145491, 31.3596993], [130.8147028, 31.3597824], [130.8148754, 31.3598508], [130.8150161, 31.3598912], [130.8151778, 31.3599185], [130.8153287, 31.3599328], [130.8157342, 31.359959], [130.816417, 31.3600057], [130.8167027, 31.3600288], [130.8169239, 31.3600444], [130.8170685, 31.3600638], [130.8171642, 31.3600854], [130.8173339, 31.3601287], [130.8175036, 31.3601834], [130.8176882, 31.3602631], [130.8178465, 31.3603445], [130.8180461, 31.3604714], [130.8184339, 31.3607162], [130.8186069, 31.3608151], [130.8187537, 31.3608868], [130.8189279, 31.3609674], [130.8190994, 31.361041], [130.8192856, 31.3611115], [130.8199237, 31.361342], [130.8204864, 31.3615512], [130.8208631, 31.3616825], [130.8216342, 31.361965], [130.8217407, 31.3620038], [130.8221086, 31.3621424], [130.8224614, 31.3622941], [130.8226676, 31.3624152], [130.8228207, 31.3625064], [130.8230443, 31.3626472], [130.8233711, 31.3628489], [130.82374, 31.3630331], [130.8239884, 31.3631632], [130.824189, 31.3632741], [130.8243174, 31.363361], [130.8243991, 31.3634363], [130.8244428, 31.3634888], [130.824458, 31.363507], [130.8245372, 31.3636162], [130.8245979, 31.3637296], [130.8246292, 31.3638361], [130.8246468, 31.363955], [130.8246625, 31.3643213], [130.8247507, 31.3664011], [130.8248001, 31.3676163], [130.8247944, 31.3678329], [130.8247796, 31.3679923], [130.8247477, 31.3681176], [130.824652, 31.3683124], [130.8244436, 31.3686336], [130.8237864, 31.3696257], [130.8236918, 31.3697783], [130.8234766, 31.370161], [130.8232981, 31.3705037], [130.8232427, 31.3706102], [130.8233612, 31.3706587], [130.8235574, 31.3707316], [130.8236611, 31.3707795], [130.823759, 31.3708467], [130.8238399, 31.3709446], [130.8239759, 31.3711572], [130.8250917, 31.3729014], [130.8257943, 31.3740051], [130.827102, 31.3760713], [130.8281162, 31.3775765], [130.828835, 31.3787204], [130.8288555, 31.378753], [130.8289334, 31.3788769], [130.8291482, 31.3791971], [130.829259, 31.3793796], [130.8300638, 31.3806163], [130.8307876, 31.3817365], [130.8308975, 31.3818704], [130.831005, 31.3820008], [130.8311664, 31.3821674], [130.8312206, 31.3822706], [130.8312567, 31.3824005], [130.8312264, 31.3825765], [130.8327059, 31.382939], [130.8332064, 31.3830647], [130.834107, 31.383291], [130.8344706, 31.3833885], [130.8347174, 31.383455], [130.835167, 31.3837069], [130.8354388, 31.3838812], [130.8357236, 31.3840706], [130.8362408, 31.3844116], [130.8369564, 31.3848835], [130.8372982, 31.3851061], [130.837615, 31.38532], [130.8382231, 31.3857231], [130.8387708, 31.3860871], [130.8393951, 31.3865055], [130.839465, 31.3865481], [130.839775, 31.386758], [130.840057, 31.386938], [130.840392, 31.387158], [130.840761, 31.387406], [130.8408418, 31.3874607], [130.8410825, 31.387605], [130.8411618, 31.3876344], [130.8412541, 31.3876515], [130.8413128, 31.3876537], [130.8422284, 31.3876522], [130.84273, 31.387648], [130.8429665, 31.3876449], [130.8432252, 31.3876508], [130.8436547, 31.3876559], [130.8440827, 31.387651], [130.8441673, 31.3876802], [130.8445284, 31.3877885], [130.844744, 31.3878588], [130.8448681, 31.3878941], [130.8449109, 31.3879082], [130.845204, 31.3880025], [130.8455242, 31.3881048], [130.8456051, 31.3881291], [130.8456295, 31.3881364], [130.8457292, 31.3881663], [130.8458647, 31.3882187], [130.8459647, 31.3882631], [130.8460641, 31.388352], [130.8463769, 31.3886862], [130.8465151, 31.3888304], [130.8466009, 31.3889018], [130.8467238, 31.3889803], [130.8468113, 31.3890137], [130.8469172, 31.3890331], [130.8470083, 31.3890365], [130.8471097, 31.3890297], [130.8472801, 31.3889945], [130.8476632, 31.3888679], [130.8477649, 31.3888336], [130.8485297, 31.3886063], [130.8492875, 31.3883905], [130.8495538, 31.3883165], [130.8498513, 31.3882352], [130.8499897, 31.3881904], [130.8500975, 31.3881437], [130.8501929, 31.3881025], [130.8503217, 31.3880228], [130.8504892, 31.3878978], [130.850512, 31.3878785], [130.8507325, 31.3877135], [130.8507874, 31.3876766], [130.8508798, 31.3876059], [130.851071, 31.3874506], [130.8510898, 31.3874331], [130.851325, 31.3872012], [130.8515694, 31.3869812], [130.8517901, 31.3867955], [130.8518957, 31.3867066], [130.852272, 31.3864598], [130.8526212, 31.3862447], [130.8529579, 31.3860859], [130.8530738, 31.3860787], [130.8532591, 31.3860746], [130.8534681, 31.3860932], [130.8537832, 31.3861587], [130.8540764, 31.3862983], [130.8544198, 31.3864935], [130.8546973, 31.3866179], [130.8549804, 31.3867028], [130.85521, 31.3867375], [130.8554898, 31.386739], [130.855669, 31.38673], [130.8558328, 31.3867027], [130.8561451, 31.386619], [130.8562899, 31.3865717], [130.8569713, 31.3863454], [130.8574209, 31.3862239], [130.857742, 31.38616], [130.8581471, 31.3861054], [130.8583901, 31.3860803], [130.8588163, 31.3860631], [130.859338, 31.38607], [130.8595655, 31.3860662], [130.8597821, 31.3860725], [130.8600261, 31.3860908], [130.8601896, 31.3861188], [130.8602197, 31.3861239], [130.8606479, 31.3861971], [130.8607697, 31.3862189], [130.8608679, 31.3862382], [130.8612144, 31.3863191]], [[130.8900784, 31.4188959], [130.8892219, 31.4178946], [130.8877167, 31.4162241], [130.887014, 31.4154321], [130.8852798, 31.4135493], [130.8848405, 31.4129822], [130.8828641, 31.410801], [130.8826773, 31.410544], [130.8816551, 31.4093918], [130.8805089, 31.4080998], [130.8792153, 31.4066417], [130.8783368, 31.4056514], [130.8779989, 31.4052705], [130.8767692, 31.4038949], [130.8761265, 31.4031598], [130.8755855, 31.4025428], [130.8743705, 31.4011799], [130.8740526, 31.4008066], [130.8739814, 31.4007318], [130.8739175, 31.4006549], [130.8738511, 31.4005771], [130.873143, 31.3997915], [130.8719525, 31.3984575], [130.8717683, 31.3982337], [130.8706374, 31.3969838], [130.8696268, 31.3958117], [130.8694138, 31.3956127], [130.8683795, 31.3944537], [130.8681914, 31.3942428], [130.8677218, 31.3937166], [130.8673517, 31.3932852], [130.8671244, 31.392981], [130.8658935, 31.391619], [130.865532, 31.3911991], [130.8654114, 31.3910551], [130.8652414, 31.3908702], [130.8646832, 31.3902628], [130.8643519, 31.3898623], [130.863946, 31.38944], [130.8638736, 31.3893615], [130.8634654, 31.3888986], [130.8630285, 31.388391], [130.8625374, 31.3878317], [130.8624247, 31.3876956], [130.8622654, 31.3875042], [130.8618175, 31.3870079], [130.8615983, 31.3867645], [130.8615727, 31.3867348], [130.8612144, 31.3863191]], [[130.8900784, 31.4188959], [130.8902322, 31.4190724], [130.8910134, 31.4199267], [130.8913989, 31.4203507], [130.8917816, 31.4207798], [130.8925381, 31.421628], [130.893586, 31.422824], [130.8950017, 31.4243874], [130.8958044, 31.4252915], [130.8974437, 31.4271775], [130.8979446, 31.4277453], [130.8986779, 31.4285772], [130.8997494, 31.429751], [130.9001384, 31.4301945], [130.9008681, 31.4309917], [130.9013728, 31.4315634], [130.9016165, 31.4318345], [130.9018535, 31.432126], [130.9020197, 31.4323516], [130.9022088, 31.432609], [130.9024389, 31.4329325], [130.9025906, 31.433167], [130.9027711, 31.4334088], [130.9030267, 31.4337868], [130.9032613, 31.434117], [130.9034002, 31.4343183], [130.9034973, 31.4344391], [130.9036508, 31.4345822], [130.9038867, 31.4347394], [130.904195, 31.43488], [130.9046533, 31.4351291], [130.9052662, 31.43544], [130.9070503, 31.4363562], [130.907607, 31.436621], [130.909507, 31.437593], [130.909569, 31.437621], [130.909606, 31.437638], [130.909731, 31.437711], [130.91025, 31.437971], [130.910348, 31.438021], [130.911025, 31.438376], [130.9110753, 31.4383911], [130.9118883, 31.438812], [130.9126696, 31.4392164], [130.9127084, 31.4392365], [130.913813, 31.439797], [130.9148169, 31.4403212], [130.915464, 31.4406591], [130.9155457, 31.4407001], [130.9167405, 31.4413149], [130.9170629, 31.4414817], [130.9174045, 31.4416586], [130.9177558, 31.4418404], [130.9187371, 31.4423324], [130.9197561, 31.4428536], [130.9207694, 31.4433719], [130.9217589, 31.443878], [130.9229144, 31.4444762], [130.9238419, 31.4449421], [130.9239625, 31.4450027], [130.9241223, 31.4451025], [130.9242582, 31.445213], [130.9243729, 31.4453524], [130.9244343, 31.4454658], [130.9244877, 31.4456047], [130.924509, 31.4457505], [130.9245109, 31.4459259], [130.9244689, 31.4460888], [130.9243795, 31.44627], [130.9242677, 31.4464275], [130.9237873, 31.4469719], [130.9229492, 31.4479859], [130.9224568, 31.448568], [130.9221065, 31.449037], [130.922047, 31.449087], [130.9219326, 31.449162], [130.921772, 31.449262], [130.921417, 31.449397], [130.921279, 31.44947], [130.921147, 31.449577], [130.921069, 31.449684], [130.9210179, 31.4497387], [130.9209822, 31.4498169], [130.9209555, 31.4499731], [130.9210093, 31.4501925], [130.9212269, 31.4506202], [130.9213083, 31.4507342], [130.9214209, 31.4508206], [130.9219446, 31.4510607], [130.9221679, 31.45123], [130.9224658, 31.4515579], [130.9225511, 31.451683], [130.922591, 31.451762], [130.922628, 31.451954], [130.922628, 31.452159], [130.922593, 31.452284], [130.922536, 31.452379], [130.922411, 31.452486], [130.921866, 31.452807], [130.921722, 31.4528759], [130.9216293, 31.4529511], [130.9215468, 31.4530083], [130.9214896, 31.4530952], [130.9214485, 31.453259], [130.9214428, 31.4533203], [130.9214537, 31.4537621], [130.9214815, 31.4539071], [130.9214955, 31.454], [130.9215546, 31.4541211], [130.921699, 31.454251], [130.921989, 31.454583], [130.922094, 31.454679], [130.922324, 31.454966], [130.922436, 31.455153], [130.922567, 31.455457], [130.922763, 31.456038], [130.922786, 31.456113], [130.922841, 31.456165], [130.922885, 31.456183], [130.923016, 31.456208], [130.923203, 31.456229], [130.923401, 31.456235], [130.923592, 31.456224], [130.923736, 31.456201], [130.923861, 31.456162], [130.923933, 31.456116], [130.923999, 31.456054], [130.924485, 31.455401], [130.92461, 31.455293], [130.924722, 31.45522], [130.924926, 31.455124], [130.925136, 31.455057], [130.925374, 31.455006], [130.925636, 31.455006], [130.925767, 31.455034], [130.925939, 31.455113], [130.926057, 31.455175], [130.926234, 31.455333], [130.926234, 31.455339], [130.926314, 31.455451], [130.926314, 31.455474], [130.926307, 31.455615], [130.926267, 31.455688], [130.926209, 31.455761], [130.925814, 31.456122], [130.925676, 31.456263], [130.925557, 31.456511], [130.92517, 31.457604], [130.925085, 31.457841], [130.925019, 31.457943], [130.924894, 31.458044], [130.924322, 31.458383], [130.923816, 31.458732], [130.923527, 31.458957], [130.923282, 31.45916], [130.923, 31.459503], [130.922725, 31.459926], [130.922639, 31.460072], [130.922639, 31.460332], [130.922817, 31.460953], [130.922896, 31.461128], [130.923014, 31.461359], [130.923079, 31.461516], [130.923099, 31.461691], [130.923092, 31.461911], [130.92306, 31.461984], [130.922981, 31.462109], [130.922764, 31.462357], [130.922442, 31.462644], [130.921975, 31.463043], [130.92164, 31.463332], [130.921552, 31.463403], [130.921512, 31.463464], [130.921489, 31.46354], [130.921482, 31.46367], [130.921547, 31.463924], [130.921784, 31.464544], [130.921962, 31.464961], [130.922065, 31.465144], [130.922159, 31.465288], [130.922521, 31.46575], [130.922639, 31.465885], [130.923125, 31.466398], [130.923513, 31.466781], [130.924045, 31.467238], [130.924367, 31.467481], [130.924433, 31.467514], [130.924604, 31.467554], [130.924762, 31.467565], [130.925518, 31.467599], [130.925748, 31.467644], [130.92582, 31.467678], [130.925875, 31.467719], [130.925927, 31.467775], [130.925994, 31.467921], [130.926004, 31.468028], [130.926009, 31.468088], [130.925984, 31.46849], [130.925946, 31.468684], [130.925878, 31.469049], [130.925783, 31.46937], [130.92557, 31.469899], [130.92536, 31.470395], [130.925338, 31.470452], [130.925307, 31.470524], [130.925276, 31.4706], [130.925242, 31.470682], [130.924972, 31.471296], [130.924873, 31.47155], [130.924827, 31.471702], [130.924834, 31.472068], [130.924925, 31.472565], [130.925024, 31.47297], [130.92507, 31.473195], [130.925109, 31.473488], [130.925109, 31.473738], [130.92509, 31.473867], [130.925024, 31.474093], [130.924886, 31.474408], [130.924787, 31.474611], [130.924655, 31.474798], [130.924563, 31.474893], [130.924438, 31.474989], [130.924203, 31.475152], [130.923946, 31.475355], [130.923857, 31.475448], [130.923815, 31.475491], [130.923788, 31.475528], [130.923759, 31.475595], [130.923731, 31.475659], [130.923697, 31.475761], [130.92367, 31.475879], [130.92367, 31.476156], [130.923684, 31.476252], [130.923697, 31.476545], [130.923723, 31.476945], [130.923729, 31.477069], [130.923736, 31.477103], [130.923749, 31.477176], [130.923776, 31.47752], [130.923789, 31.47761], [130.923782, 31.477976], [130.923722, 31.478546], [130.923545, 31.479554], [130.923407, 31.480129], [130.923308, 31.480626], [130.923288, 31.480732], [130.923143, 31.481426], [130.923052, 31.482057], [130.923023, 31.482445], [130.923033, 31.483146], [130.923078, 31.483692], [130.923084, 31.483782], [130.923098, 31.483908], [130.923137, 31.484273], [130.923177, 31.484617], [130.923203, 31.484797], [130.923387, 31.486155], [130.923446, 31.486477], [130.923557, 31.487135], [130.923584, 31.487378], [130.923617, 31.487573], [130.923669, 31.487885], [130.923715, 31.488145], [130.923768, 31.488595], [130.923795, 31.489311], [130.923814, 31.490096], [130.923814, 31.490704], [130.923834, 31.491048], [130.92384, 31.491758], [130.923874, 31.49204], [130.923906, 31.492283], [130.923953, 31.492463], [130.924097, 31.49301], [130.924176, 31.493269], [130.924203, 31.493314], [130.924229, 31.49341], [130.924419, 31.49385], [130.924531, 31.494041], [130.924643, 31.494222], [130.924801, 31.494419], [130.924985, 31.494605], [130.925389, 31.495006], [130.925642, 31.495257], [130.926207, 31.49581], [130.926313, 31.4959], [130.92672, 31.496295], [130.92716, 31.496701], [130.927614, 31.497164], [130.927939, 31.497485], [130.928068, 31.497604], [130.928423, 31.497947], [130.928902, 31.498415], [130.929369, 31.49886], [130.930367, 31.499785], [130.930604, 31.50001], [130.930699, 31.5000866], [130.931077, 31.500411], [130.931156, 31.500473], [130.931412, 31.500676], [130.931577, 31.500817], [130.93177, 31.500971], [130.93228, 31.501382], [130.93235, 31.501438], [130.933714, 31.502542], [130.934128, 31.502891], [130.934345, 31.503066], [130.934866, 31.503506], [130.935541, 31.504111], [130.935558, 31.504126], [130.935686, 31.504241], [130.935731, 31.504282], [130.936742, 31.505123], [130.936918, 31.505278], [130.93697, 31.505313], [130.937498, 31.505766], [130.93788, 31.506082], [130.938242, 31.506391], [130.938488, 31.50658], [130.938662, 31.506712], [130.938853, 31.506842], [130.939129, 31.507011], [130.9398, 31.507383], [130.939918, 31.507447], [130.940386, 31.507699], [130.941656, 31.508386], [130.942849, 31.509042], [130.943012, 31.509131], [130.943084, 31.509176], [130.944308, 31.509836], [130.944408, 31.509895], [130.944544, 31.509965], [130.944843, 31.510131], [130.94488, 31.510151], [130.945012, 31.510219], [130.945327, 31.510399], [130.945387, 31.510423], [130.9454215, 31.5104407], [130.945459, 31.510467], [130.945801, 31.510659], [130.946571, 31.511081], [130.9468, 31.51116], [130.946971, 31.511194], [130.947168, 31.511183], [130.947585, 31.511146], [130.947952, 31.511104], [130.94798, 31.511101], [130.948232, 31.511073], [130.948524, 31.511031], [130.948797, 31.510998], [130.94906, 31.510962], [130.949277, 31.510939], [130.949445, 31.510912], [130.94961, 31.510895], [130.949885, 31.510849], [130.949913, 31.510845], [130.950419, 31.510777], [130.951426, 31.510642], [130.951623, 31.510614], [130.951781, 31.510591], [130.951965, 31.510569], [130.952435, 31.5105], [130.952551, 31.510484], [130.95263, 31.510466], [130.95288, 31.510439], [130.953104, 31.510404], [130.953518, 31.510342], [130.95363, 31.510337], [130.954255, 31.510246], [130.955163, 31.510117], [130.955308, 31.510094], [130.955716, 31.510043], [130.955985, 31.509998], [130.95615, 31.50997], [130.956472, 31.509932], [130.956854, 31.50988], [130.957734, 31.50975], [130.958208, 31.509689], [130.95884, 31.509599], [130.959729, 31.50947], [130.95992, 31.509453], [130.9610144, 31.5093363], [130.9614551, 31.5092768], [130.9617016, 31.5092455], [130.9620217, 31.5092372], [130.9623199, 31.5092424], [130.9634, 31.509493], [130.964361, 31.509686], [130.964422, 31.5097], [130.964485, 31.509712], [130.964926, 31.509814], [130.965242, 31.509898], [130.965538, 31.51], [130.9657911, 31.5101028], [130.966308, 31.510378], [130.96663, 31.51058], [130.966979, 31.51084], [130.967242, 31.511065], [130.967465, 31.511279], [130.967814, 31.511612], [130.967874, 31.511668], [130.968084, 31.511877], [130.968472, 31.512209], [130.968795, 31.512429], [130.969169, 31.512661], [130.969511, 31.512835], [130.969813, 31.512959], [130.970255, 31.513117], [130.970458, 31.513173], [130.970873, 31.513281], [130.971295, 31.513354], [130.971313, 31.513354], [130.971695, 31.513399], [130.972524, 31.513455], [130.972828, 31.513484], [130.972991, 31.513489], [130.973301, 31.513523], [130.97342, 31.513529], [130.97367, 31.513546], [130.973716, 31.513557], [130.975216, 31.513664], [130.975473, 31.513692], [130.975509, 31.513696], [130.975525, 31.513698], [130.975775, 31.513709], [130.976025, 31.51373], [130.976163, 31.513743], [130.976274, 31.513754], [130.976446, 31.51376], [130.976828, 31.513794], [130.97692, 31.513805], [130.977078, 31.51381], [130.977418, 31.51384], [130.977525, 31.51385], [130.977762, 31.513867], [130.978348, 31.513912], [130.978469, 31.513925], [130.978558, 31.513929], [130.978979, 31.513962], [130.979222, 31.513985], [130.9794081, 31.5140351], [130.979748, 31.5141702], [130.9799083, 31.5142479], [130.9800447, 31.5143402], [130.9801644, 31.5144226], [130.9803455, 31.5145687], [130.9804765, 31.5146778], [130.9806644, 31.5148302], [130.980928, 31.51514], [130.9809853, 31.5152313], [130.9810277, 31.5152931], [130.981433, 31.515947], [130.982149, 31.51722], [130.982474, 31.517803], [130.983089, 31.518902], [130.983695, 31.519989], [130.984315, 31.521082], [130.984367, 31.521173], [130.984465, 31.521398], [130.984524, 31.521612], [130.984565, 31.52186], [130.98457, 31.521979], [130.984603, 31.522091], [130.98467, 31.522536], [130.984709, 31.52272], [130.984769, 31.523117], [130.984782, 31.523176], [130.984817, 31.523374], [130.984834, 31.523488], [130.985005, 31.524305], [130.98519, 31.525135], [130.985262, 31.525451], [130.985348, 31.525761], [130.985479, 31.526104], [130.985564, 31.526341], [130.985689, 31.526628], [130.985821, 31.526888], [130.985933, 31.527057], [130.986058, 31.527209], [130.986262, 31.527378], [130.986446, 31.527508], [130.986604, 31.527576], [130.986815, 31.527643], [130.9871481, 31.5277264], [130.9874898, 31.5277844], [130.9887534, 31.527984], [130.9890542, 31.5280298], [130.9893978, 31.5280969], [130.9897371, 31.5281894], [130.9908119, 31.5285707], [130.9915924, 31.5289202], [130.991808, 31.5290506], [130.9919175, 31.5291374], [130.9919775, 31.529185], [130.992137, 31.529373], [130.992392, 31.52965], [130.992782, 31.530123], [130.993018, 31.530433], [130.993361, 31.530918], [130.993571, 31.531239], [130.993696, 31.531453], [130.993788, 31.531724], [130.993815, 31.531859], [130.993815, 31.532478], [130.993749, 31.533577], [130.993755, 31.534017], [130.993808, 31.534225], [130.993867, 31.534362], [130.993953, 31.53449], [130.994124, 31.534672], [130.9946838, 31.5351997], [130.9948769, 31.5353779], [130.995053, 31.535587], [130.9951938, 31.5357954], [130.9953347, 31.5361267], [130.995578, 31.536896], [130.996526, 31.539619], [130.9967, 31.540181], [130.996846, 31.540459], [130.997108, 31.5408873], [130.997333, 31.541113], [130.9979944, 31.5418257], [130.998577, 31.542444], [130.998603, 31.542467], [130.998939, 31.542967], [130.998965, 31.543014], [130.99909, 31.543391], [130.999137, 31.543552], [130.999155, 31.543657], [130.999189, 31.543825], [130.999341, 31.544755], [130.9994, 31.545031], [130.999479, 31.545499], [130.999617, 31.546407], [130.999715, 31.546976], [130.999821, 31.547664], [130.999867, 31.548075], [130.999988, 31.549013], [131.000064, 31.549923], [131.00013, 31.550893], [131.000136, 31.551598], [131.000156, 31.551857], [131.000176, 31.552009], [131.000176, 31.552421], [131.000172, 31.553079], [131.000173, 31.553179], [131.000187, 31.553281], [131.000211, 31.553406], [131.000239, 31.553492], [131.000307, 31.553672], [131.000505, 31.554073], [131.0009753, 31.5547455], [131.0010773, 31.5549396], [131.0011735, 31.5551005], [131.0011933, 31.5552528], [131.0012253, 31.5555208], [131.001235, 31.555566], [131.001281, 31.5558955], [131.0012831, 31.5560863], [131.0012875, 31.5562355], [131.0012971, 31.5563967], [131.0012865, 31.5565236], [131.0012651, 31.5568058], [131.0012372, 31.5572525], [131.00124, 31.5574027], [131.0012442, 31.557624], [131.0012516, 31.5579862], [131.0012391, 31.5583598], [131.0012281, 31.5586973], [131.0012171, 31.559049], [131.0012242, 31.5594799], [131.001209, 31.5598668], [131.0011989, 31.5605612], [131.0011919, 31.560905], [131.0011842, 31.561346], [131.0011817, 31.5615544], [131.0011715, 31.5617602], [131.0011608, 31.5619772], [131.0011289, 31.5622937], [131.0010672, 31.5625575], [131.0009921, 31.5627626], [131.0008918, 31.5630268], [131.000787, 31.5632296], [131.000623, 31.5634756], [131.0004134, 31.5637558], [131.0002608, 31.5639266], [130.9990239, 31.5653527], [130.9988598, 31.5655668], [130.9986594, 31.5658584], [130.9985417, 31.5660431], [130.9985273, 31.5660657], [130.9984179, 31.5662912], [130.9982881, 31.5665645], [130.9981924, 31.5668311], [130.9981127, 31.5670885], [130.9980261, 31.5674552], [130.997986, 31.567669], [130.997939, 31.5680003], [130.9979109, 31.568242], [130.9977564, 31.5696366], [130.997712, 31.5699779], [130.9975757, 31.571288], [130.9974999, 31.5719251], [130.9974812, 31.5720609], [130.9974532, 31.5721718], [130.9974201, 31.5722527], [130.9973552, 31.5723564], [130.9972937, 31.5724452], [130.9971923, 31.5725318], [130.9970819, 31.5726001], [130.9969019, 31.5726821], [130.9963894, 31.5728473], [130.995498, 31.57314], [130.9952849, 31.5732059], [130.9949934, 31.5733223], [130.9948916, 31.5734008], [130.9947913, 31.5734965], [130.9947048, 31.5736127], [130.9946638, 31.5737448], [130.9946205, 31.573927], [130.9946159, 31.5741981], [130.9946096, 31.5745879], [130.994608, 31.575258], [130.9946112, 31.5754328], [130.9946101, 31.575913], [130.9946228, 31.5779454], [130.9946387, 31.5780912], [130.994656, 31.578185], [130.994689, 31.578303], [130.994794, 31.578495], [130.994991, 31.578754], [130.9951754, 31.5789756], [130.9955368, 31.5794129], [130.9958612, 31.5798259], [130.9962414, 31.5802798], [130.9964976, 31.5805913], [130.9966173, 31.5807503], [130.9966635, 31.5808608], [130.9966825, 31.580914], [130.9966935, 31.5809447], [130.996711, 31.5810233], [130.9967215, 31.5810894], [130.9967162, 31.5811984], [130.9966935, 31.5813123], [130.9966502, 31.5814285], [130.9965682, 31.5815287], [130.9964292, 31.5816517], [130.9959235, 31.5819569], [130.9944056, 31.5828692], [130.99383, 31.5831802], [130.9927857, 31.5838068], [130.9916707, 31.5844446], [130.9903646, 31.5852044], [130.9896771, 31.5856232], [130.9895801, 31.5856823], [130.9894588, 31.5857482], [130.9893215, 31.5858229], [130.9891509, 31.5859353], [130.98895, 31.586098], [130.9888074, 31.5862752], [130.988675, 31.586414], [130.988535, 31.586617], [130.98843, 31.586831], [130.988378, 31.5869781], [130.9883043, 31.5872282], [130.98827, 31.5873881], [130.9882449, 31.5876103], [130.9882383, 31.5877507], [130.9882402, 31.5879256], [130.9882736, 31.5881401], [130.9883435, 31.5883673], [130.9884506, 31.588562], [130.9885862, 31.5888045], [130.9889522, 31.5893736], [130.9892243, 31.5897397], [130.9893063, 31.5899219], [130.9893806, 31.5901057], [130.9893803, 31.5901889], [130.9893616, 31.5903599], [130.9893472, 31.5905201], [130.9892896, 31.5907302], [130.9892282, 31.5910085], [130.9891943, 31.5912144], [130.9891789, 31.591439], [130.9891959, 31.5916007], [130.9892436, 31.5917328], [130.9893116, 31.5918736], [130.9895398, 31.5921509], [130.9897805, 31.592368], [130.9899379, 31.5925465], [130.9900279, 31.5926783], [130.9900812, 31.5927724], [130.9901385, 31.5928696], [130.9901993, 31.5929851], [130.9902529, 31.5931099], [130.9903697, 31.59344], [130.9904593, 31.5938554], [130.9905033, 31.594072], [130.990526, 31.594774], [130.990538, 31.595014], [130.9905242, 31.595405], [130.9905244, 31.5958258], [130.9905822, 31.5961621], [130.9906839, 31.5964444], [130.9909409, 31.5970283], [130.9910588, 31.5972898], [130.9911663, 31.597626], [130.9912049, 31.5978125], [130.9912866, 31.5984118], [130.9913001, 31.598575], [130.9913417, 31.5990756], [130.9913974, 31.5995649], [130.9914425, 31.5999612], [130.9915166, 31.6006296], [130.9915475, 31.6009783], [130.9916249, 31.6015729], [130.9916423, 31.6017363], [130.9917251, 31.6025592], [130.9918061, 31.6033513], [130.9918573, 31.6038144], [130.9918687, 31.6039443], [130.9918914, 31.604106], [130.9919165, 31.6042677], [130.9919621, 31.6044523], [130.9920441, 31.6047006], [130.9921329, 31.6049261], [130.9922491, 31.6051676], [130.9924997, 31.6056368], [130.9926773, 31.6059398], [130.9928938, 31.6062997], [130.9930737, 31.6066209], [130.9931603, 31.6067918], [130.9932992, 31.6071016], [130.9935999, 31.6079012], [130.9938913, 31.6086526], [130.9942423, 31.6095444], [130.9942936, 31.6097179], [130.9943369, 31.6099126], [130.9943631, 31.6101962], [130.9944236, 31.6117613], [130.9944223, 31.6119114], [130.994455, 31.6125838], [130.9944561, 31.6126072], [130.9944792, 31.6127749], [130.994518, 31.612939], [130.9945544, 31.6130631], [130.9945863, 31.6131349], [130.9946765, 31.6133052], [130.9947583, 31.6134173], [130.9949177, 31.6136369], [130.9951305, 31.6139156], [130.9952968, 31.6141379], [130.9956078, 31.6145494], [130.9957821, 31.6147789], [130.9959387, 31.6149852], [130.9960351, 31.6151087], [130.996124, 31.6152181], [130.996231, 31.6153206], [130.9962786, 31.6153567], [130.9963677, 31.6154243], [130.9965181, 31.6154994], [130.9966661, 31.6155587], [130.9968541, 31.615627], [130.9970253, 31.6156933], [130.9972254, 31.615758], [130.9973678, 31.6158161], [130.9974994, 31.6158703], [130.9983143, 31.6161741], [130.9985699, 31.6162741], [130.9989785, 31.6164302], [130.9991608, 31.6165], [130.9992958, 31.616555], [130.9994168, 31.6166202], [130.9995159, 31.616699], [130.9999579, 31.617229], [131.0002127, 31.6175461], [131.0003092, 31.6176743], [131.0004493, 31.6178262], [131.000615, 31.6179756], [131.0010949, 31.6183163], [131.0013251, 31.6184796], [131.0017828, 31.6188058], [131.0019851, 31.6189771], [131.0020923, 31.6190873], [131.0021734, 31.6191872], [131.0022654, 31.6193345], [131.0025122, 31.6197886], [131.0025639, 31.6199068], [131.0026037, 31.6200213], [131.0026185, 31.6201579], [131.0026185, 31.6203766], [131.0026208, 31.6205725], [131.002622, 31.6208026], [131.0026334, 31.6209689], [131.002663, 31.6211899], [131.0027188, 31.6214165], [131.0028612, 31.6219986], [131.0028987, 31.6221535], [131.0029204, 31.6223084], [131.0029249, 31.6223642], [131.0029272, 31.6224633], [131.0029215, 31.6225886], [131.0028527, 31.6233025], [131.0028082, 31.6237122], [131.002724, 31.6245714], [131.002662, 31.625188], [131.0026392, 31.6254673], [131.0025682, 31.6262305], [131.0025031, 31.6267796], [131.0024464, 31.627237], [131.0024409, 31.6274168], [131.0024471, 31.6276605], [131.002486, 31.628063], [131.0025146, 31.6283539], [131.0025184, 31.6285632], [131.0025116, 31.6287418], [131.0024835, 31.6289093], [131.0024227, 31.6290986], [131.002367, 31.6292329], [131.0022939, 31.6293611], [131.002202, 31.629496], [131.001984, 31.6298], [131.0015046, 31.6303098], [131.0013338, 31.6305673], [131.0012039, 31.630827], [131.001124, 31.631045], [131.0010877, 31.6311709], [131.0010536, 31.6313418], [131.0010171, 31.6315855], [131.0009738, 31.6319682], [131.0009283, 31.6323304], [131.000844, 31.6331892], [131.0008485, 31.6332974], [131.0008611, 31.6334057], [131.0008895, 31.6335321], [131.0009374, 31.6336608], [131.0010012, 31.6337929], [131.001066, 31.6338956], [131.0011692, 31.6340374], [131.0013166, 31.6341907], [131.002078, 31.6349106], [131.0028184, 31.6355864], [131.0034424, 31.6361879], [131.0036281, 31.6363669], [131.004814, 31.63751], [131.0053693, 31.6380345], [131.0067389, 31.6393281], [131.0077627, 31.6401561], [131.0078906, 31.6402417], [131.009255, 31.6412941], [131.0095418, 31.6415272], [131.0098005, 31.6417166], [131.0098407, 31.6417457], [131.0101515, 31.6419914], [131.0104959, 31.6422508], [131.010776, 31.6424618], [131.0113572, 31.6429419], [131.0118577, 31.6433955], [131.0119854, 31.643512], [131.0122255, 31.643731], [131.0126927, 31.6441433], [131.0128523, 31.644279], [131.0137847, 31.6451221], [131.0140092, 31.6453142], [131.0140582, 31.645359], [131.0141865, 31.6454802], [131.0145652, 31.6458381], [131.0149684, 31.6461984], [131.0153561, 31.6465551], [131.0154576, 31.6466562], [131.0157017, 31.6468754], [131.0160908, 31.6472387], [131.016422, 31.64757], [131.0168752, 31.6479992], [131.0169521, 31.6480772], [131.0170476, 31.6481542], [131.0174678, 31.6485692], [131.0182748, 31.6493539], [131.0183935, 31.6494561], [131.0186426, 31.649697], [131.0187153, 31.6497804], [131.0188387, 31.6499051], [131.0191797, 31.6502796], [131.0195658, 31.6507597], [131.0196325, 31.6508713], [131.019715, 31.651003], [131.0198455, 31.6512006], [131.0200374, 31.6515105], [131.0201348, 31.6516749], [131.0202681, 31.6520356], [131.0203875, 31.652414], [131.0204898, 31.6527528], [131.020609, 31.6531799], [131.020845, 31.6538945], [131.0209798, 31.654289], [131.0210093, 31.6544031], [131.0211104, 31.6547402], [131.021303, 31.6553683], [131.02136, 31.6555396], [131.0213976, 31.6556977], [131.0214217, 31.6558427], [131.0214358, 31.6559614], [131.0214593, 31.6562485], [131.0214572, 31.6563689], [131.0214403, 31.6565441], [131.0213841, 31.656684], [131.0213359, 31.6567873], [131.0212702, 31.6568843], [131.0211669, 31.6570168], [131.0208897, 31.6572582], [131.0206078, 31.657491], [131.020045, 31.6579913], [131.0204021, 31.6581964], [131.0205785, 31.6582988], [131.0210884, 31.6586047], [131.021221, 31.658684], [131.0213638, 31.6587494], [131.0215352, 31.6588151], [131.021568, 31.6588304], [131.0218823, 31.6589474], [131.0219133, 31.658963], [131.0220461, 31.6590379], [131.0221316, 31.6591106], [131.0222037, 31.6592012], [131.0222667, 31.6593344], [131.0223394, 31.6595105], [131.0224367, 31.6597549], [131.0226423, 31.6602842], [131.0227474, 31.6606149], [131.0229451, 31.6611892], [131.0230629, 31.6614608], [131.0231586, 31.6617175], [131.0233027, 31.6621177], [131.023417, 31.6624252], [131.0234843, 31.6625961], [131.0236689, 31.6631078], [131.0238718, 31.6637118], [131.024165, 31.664468], [131.0242908, 31.6648186], [131.0243462, 31.6649776], [131.0245868, 31.665639], [131.0247005, 31.6659552], [131.0249018, 31.6665147], [131.0249857, 31.6667002], [131.0250643, 31.6668036], [131.0251357, 31.666878], [131.0252714, 31.6669878], [131.0260646, 31.6677064], [131.0266444, 31.6682748], [131.0272592, 31.6689098], [131.0274977, 31.669161], [131.0277423, 31.6694577], [131.0285762, 31.6705453], [131.0291075, 31.6712676], [131.0296442, 31.6720242], [131.0299158, 31.6724141], [131.0302985, 31.6730168], [131.0304864, 31.6733991], [131.0305849, 31.6736468], [131.0307526, 31.6742344], [131.0310481, 31.6751738], [131.0311647, 31.675502], [131.0311992, 31.6755982], [131.03122, 31.6756559], [131.0312696, 31.6757942], [131.0313322, 31.6759586], [131.031558, 31.6765516], [131.0317681, 31.67707], [131.0318446, 31.6773123], [131.0325915, 31.6792838], [131.032975, 31.6802867], [131.033039, 31.6804523], [131.03332, 31.6812288], [131.0337178, 31.6822237], [131.034171, 31.6834429], [131.0342003, 31.6835171], [131.0346665, 31.6847301], [131.0350355, 31.6857058], [131.0354299, 31.6866585], [131.0357041, 31.68734], [131.0357512, 31.6874906], [131.0357993, 31.6876431], [131.035816, 31.6876971], [131.0361082, 31.6889921], [131.036169, 31.6892461], [131.036201, 31.689386], [131.0363671, 31.6901214], [131.0365186, 31.6907713], [131.036786, 31.691973], [131.0368518, 31.6922412], [131.0368717, 31.6923167], [131.0369596, 31.6926256], [131.0370363, 31.6928157], [131.0370913, 31.6929275], [131.0371369, 31.6930131], [131.0371995, 31.6931083], [131.0378475, 31.6940008], [131.038059, 31.69428], [131.0381073, 31.6943464], [131.0381704, 31.694447], [131.0383125, 31.6946393], [131.0384192, 31.6947764], [131.0384705, 31.6948369], [131.0387259, 31.6951676], [131.0388162, 31.6952941], [131.0391758, 31.6957527], [131.0395491, 31.6962338], [131.0398434, 31.6966189], [131.0401328, 31.696978], [131.0404088, 31.6972973], [131.0408382, 31.6978256], [131.0417111, 31.6989279], [131.0418402, 31.6990826], [131.0429816, 31.7004836], [131.0437204, 31.7013991], [131.044065, 31.7018347], [131.0443342, 31.7021735], [131.0444555, 31.7023112], [131.0445289, 31.7023945], [131.04491, 31.7027946], [131.0451277, 31.7029848], [131.045414, 31.7032369], [131.045676, 31.7034327], [131.0458851, 31.7035432], [131.0460969, 31.7036302], [131.0480863, 31.7044281], [131.0490789, 31.7048272], [131.0493985, 31.7049638], [131.04957, 31.705038], [131.0498497, 31.7051696], [131.050084, 31.7052898], [131.0501786, 31.7053609], [131.0503075, 31.7054747], [131.0504118, 31.7055993], [131.0504698, 31.7057072], [131.0505481, 31.7058817], [131.0506241, 31.706092], [131.0508527, 31.7067659], [131.0509117, 31.7069383], [131.0509542, 31.7070237], [131.0509847, 31.7070848], [131.0510627, 31.7072037], [131.0511818, 31.7073293], [131.0515441, 31.7076641], [131.0516157, 31.7077615], [131.0516733, 31.7078828], [131.0517113, 31.7080099], [131.0517386, 31.7082055], [131.0517916, 31.7088282], [131.0518244, 31.7092965], [131.0518327, 31.7094142], [131.051829, 31.7094407], [131.0518213, 31.7094965], [131.0517939, 31.7095743], [131.0519216, 31.7095871], [131.0520459, 31.7095996], [131.052279, 31.7096231], [131.0531294, 31.7097057], [131.0536495, 31.7097638], [131.0539727, 31.7097999], [131.0542944, 31.709857], [131.0545491, 31.7099277], [131.0548172, 31.7100288], [131.0550104, 31.7101216], [131.0551503, 31.7102123], [131.0554618, 31.7104175], [131.0558162, 31.7106953], [131.0562671, 31.7110322], [131.0562922, 31.7110512], [131.0571479, 31.7116757], [131.0575468, 31.7119669], [131.0578951, 31.7122355], [131.0584005, 31.7126251], [131.0591649, 31.7132048], [131.0597854, 31.7136892], [131.0599119, 31.7137884], [131.0599994, 31.7138704], [131.0600359, 31.7139047], [131.0600987, 31.7140016], [131.0601978, 31.7141541], [131.0602243, 31.7141949], [131.060289, 31.7143035], [131.060391, 31.7145054], [131.060447, 31.7146656], [131.0605949, 31.7151918], [131.0606691, 31.7154306], [131.0607282, 31.7156898], [131.0607657, 31.7159776], [131.0607816, 31.716359], [131.0607938, 31.7166667], [131.0607964, 31.7167336], [131.0608012, 31.7168548], [131.0608066, 31.7169776], [131.0608088, 31.7170284], [131.0608243, 31.7173841], [131.0608408, 31.7177404], [131.060844, 31.71788], [131.0608483, 31.7180599], [131.0608896, 31.71851], [131.0609186, 31.7187424], [131.0609692, 31.7190928], [131.0609758, 31.7191382], [131.0609924, 31.7192407], [131.061009, 31.7193458], [131.0610191, 31.7194099], [131.0610961, 31.7199003], [131.0611497, 31.7203057], [131.0611368, 31.720637], [131.0611336, 31.7207205], [131.0611209, 31.7210461], [131.061119, 31.7210949], [131.061137, 31.721195], [131.0611985, 31.721315], [131.0612067, 31.7213301], [131.0612337, 31.7213721], [131.0613446, 31.7215446], [131.061483, 31.7217149], [131.061527, 31.721769], [131.0617711, 31.7220353], [131.0618082, 31.7220758], [131.0618166, 31.7220849], [131.0619108, 31.7221966], [131.0619918, 31.7223904], [131.0623296, 31.7229049], [131.0623618, 31.7229539], [131.0624083, 31.7230248], [131.0624834, 31.7231527], [131.0625846, 31.7233249], [131.0629149, 31.7238287], [131.0629515, 31.7238845], [131.0630117, 31.7239763], [131.0630602, 31.7240518], [131.063704, 31.7250558], [131.0637192, 31.7250795], [131.0637979, 31.7252022], [131.063852, 31.7252876], [131.0642474, 31.7259111], [131.064288, 31.725974], [131.0643645, 31.7260873], [131.0647452, 31.7266544], [131.0647965, 31.7267307], [131.0648538, 31.726816], [131.0649283, 31.7269324], [131.0651356, 31.727256], [131.0653892, 31.7276112], [131.0654626, 31.7277002], [131.0656009, 31.7278498], [131.0656143, 31.7278643], [131.0656677, 31.7279198], [131.0657921, 31.7280677], [131.0658065, 31.7280814], [131.0659713, 31.728256], [131.066474, 31.7287831], [131.0665686, 31.7288823], [131.0666768, 31.7289999], [131.0671215, 31.7294831], [131.0673029, 31.7296771], [131.0676159, 31.730041], [131.0676469, 31.730085], [131.0677215, 31.7301901], [131.0677663, 31.7302577], [131.0678609, 31.730398], [131.0679817, 31.7306204], [131.068072, 31.7308204], [131.0681374, 31.7310254], [131.0682031, 31.7312747], [131.0682509, 31.7314931], [131.0682812, 31.7317284], [131.0682934, 31.7318235], [131.0683063, 31.7319455], [131.0683174, 31.7320499], [131.0684164, 31.7326563], [131.0685687, 31.7335444], [131.0685822, 31.733623], [131.0685964, 31.7336999], [131.068636, 31.7339131], [131.0686702, 31.7341726], [131.0687102, 31.7344194], [131.068834, 31.7351226], [131.0688565, 31.7352507], [131.0689387, 31.7352451], [131.069734, 31.7351513], [131.0707301, 31.735044], [131.069734, 31.7351513], [131.0689387, 31.7352451], [131.0688565, 31.7352507]], [[131.0689387, 31.7352451], [131.068916, 31.7351104], [131.0687976, 31.7344057], [131.0686678, 31.733692], [131.0686537, 31.7336142], [131.0686417, 31.7335364], [131.068575, 31.733106], [131.068489, 31.7326477], [131.0683856, 31.7320304], [131.0683825, 31.73194], [131.0683782, 31.7318176], [131.0683704, 31.7317266], [131.068337, 31.7314743], [131.0683012, 31.7312595], [131.0681974, 31.7309026], [131.068118, 31.7306939], [131.0680385, 31.7305232], [131.0679451, 31.7303655], [131.0678537, 31.7302053], [131.0678061, 31.7301298], [131.0675638, 31.729831], [131.0667549, 31.728952], [131.0666635, 31.7288527], [131.0665507, 31.7287364], [131.0661168, 31.7282459], [131.065929, 31.7280643], [131.0658979, 31.7280313], [131.0658206, 31.7279601], [131.0657426, 31.727874], [131.0656614, 31.7277821], [131.065312, 31.727354], [131.0652073, 31.7272133], [131.0650384, 31.7269507], [131.0650028, 31.7268952], [131.0649309, 31.7267791]], [[131.0638782, 31.7251635], [131.0639355, 31.7252483], [131.0639679, 31.7252963], [131.0643901, 31.7259219], [131.0644479, 31.7260246], [131.0648752, 31.7266916], [131.0649309, 31.7267791]], [[131.062491, 31.7230089], [131.0624335, 31.7229189], [131.0620998, 31.722397], [131.0620713, 31.7223524], [131.0619108, 31.7221966]], [[131.0638782, 31.7251635], [131.0637963, 31.725041], [131.0635215, 31.7246301], [131.0631729, 31.7240693], [131.0631389, 31.7240145], [131.0630933, 31.7239411], [131.0630332, 31.7238481], [131.0625921, 31.7231654], [131.0625597, 31.7231152], [131.062491, 31.7230089]], [[131.0707301, 31.735044], [131.0718231, 31.7349211], [131.0724824, 31.7348419], [131.0730786, 31.7347666], [131.0737646, 31.7346931], [131.0744089, 31.7346365], [131.07501, 31.7345753], [131.0754047, 31.7345352], [131.0765, 31.7342397], [131.0769417, 31.7341184], [131.0772493, 31.7340376], [131.0777456, 31.7338897], [131.0780019, 31.7345382], [131.0781961, 31.7350397], [131.0784197, 31.735618], [131.0787057, 31.7362754], [131.078724, 31.7363151], [131.078809, 31.7365347], [131.0791046, 31.7372706], [131.079245, 31.7375738], [131.0794828, 31.7379451], [131.0796095, 31.7381026], [131.0798676, 31.7383573], [131.0800662, 31.7385319], [131.0803882, 31.7387734], [131.0804666, 31.7388121], [131.0806791, 31.7389032], [131.0809224, 31.7389798], [131.0812566, 31.7390417], [131.0821307, 31.739096], [131.0824578, 31.7391063], [131.0829766, 31.7391404], [131.0832702, 31.7391739], [131.0836715, 31.739276], [131.0839896, 31.7393896], [131.08434, 31.739561], [131.0847227, 31.7397621], [131.0851023, 31.7399692], [131.0863369, 31.7406256], [131.0871364, 31.7410464], [131.0880056, 31.741515], [131.0882932, 31.7416576], [131.0886347, 31.7418429], [131.0888541, 31.7419531], [131.0896929, 31.7423955], [131.0903831, 31.7428089], [131.0906895, 31.7430265], [131.0910961, 31.7433374], [131.0916246, 31.7439046], [131.0917513, 31.7440419], [131.0922499, 31.7446417], [131.0925917, 31.7450258], [131.092913, 31.7454081], [131.0932289, 31.7457677], [131.093341, 31.7459206], [131.0935593, 31.7461648], [131.0936788, 31.7463078], [131.0941011, 31.7467921], [131.0948862, 31.7476797], [131.0952301, 31.7479698], [131.0956692, 31.7483381], [131.0959664, 31.7485837], [131.0965337, 31.7490483], [131.0965879, 31.7490844], [131.0969467, 31.7493805], [131.0969956, 31.7494206], [131.0970377, 31.7494584], [131.0984043, 31.7505858], [131.0984437, 31.7506148], [131.0987983, 31.7508979], [131.0996527, 31.7515823], [131.100505, 31.752265], [131.1005631, 31.7523083], [131.1009981, 31.7526707], [131.1013242, 31.7529546], [131.102289, 31.7537577], [131.103157, 31.7544835], [131.1035654, 31.7548094], [131.1038996, 31.7550985], [131.1045514, 31.7556056], [131.1054379, 31.756332], [131.1063056, 31.7570578], [131.10696, 31.7575926], [131.1075348, 31.7580644], [131.1082419, 31.758636], [131.1085191, 31.7588441], [131.1087886, 31.7590242], [131.1091212, 31.7592235], [131.1096805, 31.7595123], [131.1101042, 31.7597244], [131.1109793, 31.76016], [131.1114621, 31.7604051], [131.1132561, 31.7613103], [131.1134004, 31.7613838], [131.1144527, 31.7619083], [131.1152187, 31.7622998], [131.1159704, 31.762672], [131.1162182, 31.7627947], [131.1166705, 31.7630344], [131.1168414, 31.7631272], [131.1170844, 31.76323], [131.1173852, 31.7633977], [131.1177905, 31.7636236], [131.118071, 31.76378], [131.118374, 31.763931], [131.119238, 31.764388], [131.119476, 31.764506], [131.119516, 31.764517], [131.120215, 31.764838], [131.1205797, 31.765013], [131.121013, 31.765165], [131.121066, 31.765182], [131.121086, 31.7652], [131.121145, 31.76521], [131.121395, 31.765306], [131.121943, 31.765475], [131.122181, 31.765543], [131.122279, 31.765571], [131.12235, 31.765583], [131.122669, 31.765672], [131.12284, 31.765723], [131.12296, 31.765756], [131.1235171, 31.7659028], [131.1235398, 31.7659097], [131.1236296, 31.7659372], [131.123724, 31.765966], [131.124304, 31.766123], [131.124489, 31.76618], [131.125069, 31.766336], [131.1251397, 31.7663551], [131.1264409, 31.7666981], [131.1299653, 31.7676548], [131.1299962, 31.7676616], [131.1312146, 31.7679957], [131.1323914, 31.7683144], [131.1331896, 31.7685346], [131.1341596, 31.7687981], [131.1351632, 31.7690787], [131.1353713, 31.7691456], [131.1354753, 31.7691969], [131.135553, 31.7692316], [131.1356811, 31.7693063], [131.1359178, 31.7694831], [131.1359707, 31.7695309], [131.136125, 31.7696843], [131.1364733, 31.7700666], [131.1366849, 31.770276], [131.1373997, 31.7710394], [131.1376539, 31.7713056], [131.1377297, 31.7713894], [131.1379208, 31.7715918], [131.1379623, 31.7716362], [131.1383365, 31.7720342], [131.1385008, 31.7721978], [131.1386497, 31.7723409], [131.1387851, 31.7724457], [131.1389206, 31.7725558], [131.1392438, 31.7727724], [131.1403508, 31.7734864], [131.1418254, 31.7744273], [131.1419092, 31.7744854], [131.1419842, 31.7745419], [131.1420199, 31.7745681], [131.1422693, 31.7747123], [131.1423036, 31.7747347], [131.1431178, 31.7752652], [131.1438494, 31.7757419], [131.143966, 31.775785], [131.144784, 31.776315], [131.1452938, 31.7766357], [131.145609, 31.776834], [131.1462658, 31.7772846], [131.1466963, 31.7775771], [131.1470389, 31.7777974], [131.1475439, 31.7780984], [131.1477786, 31.7782203], [131.1481125, 31.7783629], [131.149064, 31.778744], [131.1493389, 31.7788599], [131.1504353, 31.7792983], [131.1506794, 31.7793416], [131.15091, 31.7793456], [131.1510428, 31.7793336], [131.1519054, 31.77918], [131.1521616, 31.7791375], [131.1522914, 31.7791318], [131.1524436, 31.7791295], [131.1526193, 31.7791438], [131.1528989, 31.7792088], [131.153207, 31.7793054], [131.1534964, 31.7793887], [131.1536653, 31.7794374], [131.1541394, 31.7795747], [131.1543528, 31.7796616], [131.1542628, 31.7798569], [131.1539054, 31.7806424], [131.15384, 31.7807741], [131.1537471, 31.7809679], [131.1536922, 31.7810859], [131.153611, 31.7813133], [131.1535755, 31.7814797], [131.1535507, 31.7816599], [131.1535373, 31.7820868], [131.153546, 31.7822065], [131.1535648, 31.782288], [131.1536613, 31.7826602], [131.1537384, 31.7829321], [131.1537585, 31.7830609], [131.1537639, 31.7831846], [131.1537559, 31.7834793], [131.1536857, 31.7848167], [131.1536881, 31.7850111], [131.1539745, 31.7855985], [131.1543305, 31.7863276], [131.1547074, 31.7870702], [131.1548899, 31.7874449], [131.1550131, 31.7876761], [131.1551124, 31.7878517], [131.1552398, 31.7880586], [131.1553759, 31.7882387], [131.1554759, 31.7883906], [131.1562447, 31.7893809], [131.157184, 31.7906218], [131.1583574, 31.7921784], [131.1593697, 31.7935104], [131.1596358, 31.7938477], [131.160059, 31.794393], [131.1608421, 31.7954485], [131.1608674, 31.7954826], [131.161068, 31.795753], [131.161867, 31.796808], [131.1624549, 31.7975207], [131.162658, 31.797726], [131.1633108, 31.7984807], [131.164016, 31.799263], [131.1641756, 31.7994962], [131.164261, 31.799627], [131.1648531, 31.7998846], [131.1651718, 31.7999913], [131.1657299, 31.8001707], [131.1660697, 31.8002632], [131.1663434, 31.8003301], [131.1668733, 31.8004503], [131.1673982, 31.8005648], [131.1675042, 31.8005897], [131.1677242, 31.8006358], [131.1679459, 31.8006749], [131.1681823, 31.8007058], [131.1683626, 31.8007191], [131.1685808, 31.8007312], [131.1688375, 31.8007313], [131.1690841, 31.8007262], [131.1694229, 31.8007023], [131.1697446, 31.8006596], [131.1703889, 31.8005638], [131.1707414, 31.8005038], [131.1709316, 31.8004559], [131.1711433, 31.8003831], [131.1712622, 31.800322], [131.1715219, 31.8001759], [131.172013, 31.7998972], [131.1726473, 31.7995379], [131.1739614, 31.7988038], [131.17569, 31.797832], [131.1759048, 31.7976984], [131.1761033, 31.7975608], [131.176246, 31.7974342], [131.1764578, 31.7972079], [131.1766183, 31.7969836], [131.1771327, 31.7961708], [131.177347, 31.795861], [131.1775602, 31.7956268], [131.1777464, 31.7954319], [131.1780193, 31.795194], [131.1782226, 31.7950267], [131.1785048, 31.7948374], [131.179932, 31.79396], [131.1806074, 31.7935545], [131.1807696, 31.7934732], [131.1809261, 31.7934059], [131.1811584, 31.7933306], [131.1813539, 31.7932869], [131.1815673, 31.7932539], [131.1824513, 31.7931901], [131.1827919, 31.7931715], [131.1829911, 31.7931571], [131.1835659, 31.7931155], [131.1840878, 31.7930903], [131.1849515, 31.7930242], [131.1853753, 31.7929972], [131.1856589, 31.7929752], [131.1859353, 31.792943], [131.186169, 31.79291], [131.186282, 31.792892], [131.187023, 31.792732], [131.187492, 31.792625], [131.1884044, 31.7924195], [131.1886148, 31.7923555], [131.1887977, 31.7922771], [131.1889841, 31.7921821], [131.1891545, 31.7920685], [131.1893106, 31.7919232], [131.1894239, 31.7917946], [131.1895372, 31.7916294], [131.189721, 31.791324], [131.1905712, 31.7899475], [131.1913386, 31.7887473], [131.1914888, 31.7885898], [131.1916815, 31.7884622], [131.191838, 31.788399], [131.1920354, 31.7883411], [131.1922816, 31.7883071], [131.1925438, 31.78832], [131.1927599, 31.7883532], [131.1936041, 31.788491], [131.1938371, 31.7885196], [131.1940257, 31.7885323], [131.1945817, 31.7885603], [131.1954458, 31.7885843], [131.1964264, 31.7885954], [131.1979118, 31.7886242], [131.1981623, 31.7886328], [131.1983536, 31.7886437], [131.1985588, 31.7886739], [131.1987909, 31.7887345], [131.1989863, 31.788808], [131.1991343, 31.7888843], [131.1992674, 31.7889732], [131.1993681, 31.7890501], [131.1994996, 31.7891717], [131.2002667, 31.7900049], [131.2004961, 31.7902781], [131.2006012, 31.7904219], [131.2007019, 31.790588], [131.200802, 31.790777], [131.2008332, 31.7908418], [131.2008804, 31.7909604], [131.2014043, 31.7924474], [131.2014899, 31.7926453], [131.2015914, 31.7928505], [131.2017451, 31.7931223], [131.2019439, 31.7933946], [131.2020991, 31.7935849], [131.2023476, 31.793832], [131.2026108, 31.7940548], [131.2028577, 31.7942558], [131.2035918, 31.7947792], [131.2040319, 31.7951228], [131.2042734, 31.7953474], [131.2044196, 31.7955047], [131.2045506, 31.7956868], [131.2046795, 31.7958949], [131.2047726, 31.7960615], [131.2053334, 31.7971807], [131.2058996, 31.7982944], [131.2060378, 31.798589], [131.2061465, 31.7988579], [131.2063157, 31.7991993], [131.2065498, 31.7996591], [131.2070976, 31.8006815], [131.2071831, 31.8008773], [131.2072294, 31.8010193], [131.2072574, 31.8011524], [131.207277, 31.8013114], [131.2072805, 31.8015429], [131.2072738, 31.8018584], [131.2072576, 31.8024439], [131.2072326, 31.8032741], [131.2072398, 31.8035024], [131.2072662, 31.8036832], [131.207311, 31.803852], [131.2073783, 31.8040393], [131.2075032, 31.8042637], [131.2076318, 31.804455], [131.207796, 31.8046301], [131.2079416, 31.8047943], [131.2090569, 31.8059853], [131.2095476, 31.8065157], [131.2098202, 31.8067814], [131.2101522, 31.8070428], [131.2109024, 31.8076255], [131.21111, 31.8077775], [131.2115467, 31.80811], [131.2118194, 31.8083443], [131.2120373, 31.8085418], [131.2122125, 31.8087384], [131.2123532, 31.8089266], [131.2124497, 31.8090655], [131.2125444, 31.8092167], [131.2126259, 31.8093623], [131.2127569, 31.8096644], [131.2128026, 31.809824], [131.2128598, 31.8100447], [131.2128964, 31.8102624], [131.2129114, 31.8104446], [131.2129068, 31.8106956], [131.212885, 31.8109112], [131.2128541, 31.81111], [131.2127674, 31.8115416], [131.212634, 31.8119921], [131.2125339, 31.8123228], [131.2124973, 31.8124744], [131.2124499, 31.8126996], [131.2124234, 31.8129373], [131.2124142, 31.8131854], [131.2124263, 31.813378], [131.21245, 31.8135389], [131.2124919, 31.8137454], [131.2125458, 31.8138879], [131.2127357, 31.8143356], [131.2130699, 31.8148731], [131.2132129, 31.8150633], [131.2133529, 31.8152984], [131.2135623, 31.8157088], [131.2136731, 31.8160002], [131.2137341, 31.8162199], [131.2137681, 31.8164185], [131.2137891, 31.816527], [131.2138139, 31.8167542], [131.2138154, 31.8168249], [131.2138364, 31.8171918], [131.213873, 31.8177632], [131.2139005, 31.8180179], [131.2139385, 31.8182178], [131.2139957, 31.8184168], [131.2141026, 31.8186295], [131.2141636, 31.8187432], [131.2143636, 31.8190294], [131.2145036, 31.8191844], [131.2146594, 31.81934], [131.2148446, 31.819491], [131.2159342, 31.8202421], [131.2160872, 31.820412], [131.2162749, 31.8207242], [131.2163702, 31.8209001], [131.2164409, 31.8211], [131.2164747, 31.8212683], [131.2165112, 31.8214971], [131.2165882, 31.821864], [131.2166315, 31.8220847], [131.2167025, 31.8224432], [131.21673, 31.8225962], [131.216815, 31.8229131], [131.2169169, 31.8231642], [131.2169759, 31.8232815], [131.21713, 31.8235062], [131.2172387, 31.8236441], [131.217339, 31.82376], [131.2181292, 31.8245039], [131.2190629, 31.8253919], [131.2204648, 31.8267439], [131.2209368, 31.8271824], [131.2210786, 31.8273273], [131.2211649, 31.8274508], [131.2212268, 31.8275606], [131.2212614, 31.8276741], [131.2212703, 31.8277887], [131.2212651, 31.8279264], [131.2211615, 31.8286457], [131.221163, 31.8288033], [131.2211869, 31.8289454], [131.2212557, 31.8290977], [131.2213617, 31.8292416], [131.2214361, 31.8293062], [131.2215477, 31.8293877], [131.2216964, 31.8294615], [131.2218715, 31.8295106], [131.2220588, 31.8295476], [131.222982, 31.829647], [131.223272, 31.829687], [131.223772, 31.829738], [131.22403, 31.829799], [131.224472, 31.829997], [131.224635, 31.830082], [131.224709, 31.830121], [131.22494, 31.830234], [131.225198, 31.830369], [131.2253773, 31.8304609], [131.2255521, 31.8306132], [131.2259464, 31.831145], [131.2260709, 31.8313303], [131.2268353, 31.8324364], [131.2269072, 31.8325218], [131.2271852, 31.8328581], [131.2278625, 31.8338481], [131.2283162, 31.8345476], [131.2284811, 31.8348234], [131.2286574, 31.8349825], [131.2288147, 31.8350611], [131.2290074, 31.8350871], [131.2291724, 31.8350559], [131.2293174, 31.8350009], [131.2294579, 31.8348826], [131.229651, 31.8345089], [131.2297708, 31.8342777], [131.2298963, 31.8341206], [131.2302625, 31.8338526], [131.2306316, 31.8336444], [131.2309364, 31.8334489], [131.2311261, 31.8333219], [131.2314174, 31.8332694], [131.2317536, 31.8332873], [131.2320401, 31.8334909], [131.2322257, 31.83382], [131.232276, 31.8347234], [131.2323074, 31.8353816], [131.2322835, 31.8357599], [131.2321602, 31.8362813], [131.2321659, 31.8364401], [131.2322157, 31.8366036], [131.2323439, 31.8367603], [131.2325827, 31.836842], [131.2327184, 31.8368735], [131.2328447, 31.8368722], [131.2335455, 31.8367062], [131.2338387, 31.8366298], [131.2342057, 31.8365218], [131.2343907, 31.8364428], [131.2344897, 31.8363648], [131.2350567, 31.8355078], [131.2352109, 31.8353993], [131.2352852, 31.8353482], [131.2353881, 31.8353209], [131.235526, 31.8352939], [131.2356844, 31.835299], [131.2358192, 31.8353364], [131.235942, 31.835413], [131.236265, 31.835599], [131.23643, 31.835701], [131.237406, 31.83637], [131.237664, 31.836535], [131.237828, 31.836596], [131.23798, 31.836635], [131.238099, 31.836641], [131.238184, 31.83663], [131.2384517, 31.836581], [131.2388409, 31.8363806], [131.2391434, 31.836239], [131.2394003, 31.8361561], [131.2396292, 31.8361366], [131.23988, 31.836174], [131.240196, 31.836219], [131.240678, 31.836292], [131.2410296, 31.836344], [131.2414232, 31.8364144], [131.2417638, 31.8364587], [131.242233, 31.836495], [131.242477, 31.836506], [131.242649, 31.836489], [131.243032, 31.836439], [131.243659, 31.836354], [131.244238, 31.836247], [131.244385, 31.836191], [131.244437, 31.836151], [131.24453, 31.836039], [131.2447, 31.835773], [131.244847, 31.83556], [131.244942, 31.835439], [131.2450265, 31.8353681], [131.245128, 31.8353281], [131.2452751, 31.835299], [131.2454582, 31.835289], [131.245664, 31.835323], [131.2458423, 31.8353778], [131.2460868, 31.835513], [131.2464907, 31.8358277], [131.2466816, 31.835934], [131.2468891, 31.8359781], [131.2470828, 31.8359748], [131.2473239, 31.835891], [131.247655, 31.835752], [131.2479599, 31.8356244], [131.248266, 31.8354832], [131.2484485, 31.8354112], [131.248747, 31.835279], [131.248927, 31.835266], [131.249059, 31.835274], [131.249216, 31.835308], [131.249358, 31.835356], [131.249625, 31.8355], [131.2499368, 31.8356984], [131.2500615, 31.8357583], [131.2501742, 31.8357906], [131.2503224, 31.835807], [131.2503772, 31.8358085], [131.2504399, 31.8358034], [131.250505, 31.8357967], [131.2505809, 31.8357629], [131.250699, 31.835701], [131.250835, 31.835619], [131.2509394, 31.835549], [131.2510774, 31.8354583], [131.2511708, 31.8354077], [131.2512413, 31.835379], [131.2513383, 31.8353483], [131.2514558, 31.8353283], [131.2516016, 31.8353232], [131.251723, 31.835337], [131.251933, 31.835403], [131.252393, 31.835566], [131.2525456, 31.8356514], [131.2527555, 31.8357307], [131.2532988, 31.8359247], [131.2536808, 31.8360783], [131.2537736, 31.8361275], [131.2538652, 31.8361981], [131.2541375, 31.8363906], [131.254308, 31.836488], [131.25438, 31.836524], [131.254482, 31.836561], [131.25463, 31.836572], [131.2548003, 31.8365585], [131.2549305, 31.8365196], [131.2555487, 31.8363148], [131.2557343, 31.8362442], [131.2559403, 31.836151], [131.2561765, 31.8359903], [131.2563008, 31.8358967], [131.2564249, 31.8357964], [131.2567526, 31.8355961], [131.2573974, 31.835306], [131.2579481, 31.8350562], [131.2587688, 31.8346845], [131.2590966, 31.8345412], [131.2593943, 31.8344194], [131.2594678, 31.8344009], [131.2595859, 31.8343805], [131.2596823, 31.8343764], [131.2597858, 31.8343952], [131.2599039, 31.8344156], [131.2600992, 31.8344883], [131.2601908, 31.8345385], [131.2607644, 31.8348569], [131.2608933, 31.8349255], [131.2610307, 31.834991], [131.2611982, 31.8350514], [131.2613079, 31.8350821], [131.2614875, 31.8351129], [131.2615995, 31.8351221], [131.2617538, 31.8351292], [131.2620093, 31.8351047], [131.262184, 31.8350647], [131.2625335, 31.8349972], [131.2627251, 31.8349531], [131.2630408, 31.8348712], [131.2631686, 31.8348262], [131.2632999, 31.8347627], [131.2634132, 31.8346921], [131.2636458, 31.834476], [131.2637061, 31.8344085], [131.2638374, 31.8342825], [131.2639664, 31.8341505], [131.2643532, 31.8337542], [131.2649859, 31.8330836], [131.2652942, 31.8327747], [131.2658246, 31.8321243], [131.2660126, 31.8318704], [131.2663693, 31.8314557], [131.2667779, 31.8310165], [131.2669056, 31.8308833], [131.2671177, 31.8306591], [131.2673009, 31.830484], [131.2674479, 31.8303571], [131.2676552, 31.8302127], [131.2677745, 31.830141], [131.2678745, 31.8300817], [131.2680902, 31.8299782], [131.268277, 31.829881], [131.2685313, 31.8297735], [131.2687289, 31.8297008], [131.2689242, 31.829667], [131.2690652, 31.8296649], [131.269223, 31.8296731], [131.2694653, 31.8297008], [131.2700244, 31.8297643], [131.2705715, 31.8298277], [131.2708716, 31.8298636], [131.2711295, 31.8298769], [131.2713163, 31.8298736], [131.2714586, 31.8298455], [131.2717248, 31.8297602], [131.2719695, 31.8296445], [131.2723575, 31.8294417], [131.2725564, 31.8293455], [131.2727492, 31.8292707], [131.2729565, 31.8292277], [131.2731264, 31.8292155], [131.273215, 31.8292118], [131.2733505, 31.8292236], [131.2736012, 31.8292625], [131.2738687, 31.829325], [131.2741146, 31.8293823], [131.2742988, 31.8294179], [131.2747641, 31.8295093], [131.2749738, 31.8295451], [131.2752751, 31.8295865], [131.275692, 31.8296439], [131.2759287, 31.8296783], [131.2762072, 31.8297055], [131.2765577, 31.8297172], [131.2770078, 31.8296973], [131.2774542, 31.8296877], [131.2777792, 31.8296997], [131.2781126, 31.8297415], [131.2783905, 31.8298132], [131.2785847, 31.8298782], [131.278763, 31.8299649], [131.2789711, 31.8300915], [131.279305, 31.8303381], [131.27968, 31.8306393], [131.2799536, 31.8308455], [131.2800885, 31.8309274], [131.2802747, 31.8310419], [131.280502, 31.8311532], [131.2807332, 31.8312591], [131.280958, 31.8313344], [131.2810774, 31.8313726], [131.2812855, 31.831426], [131.281536, 31.8314817], [131.281762, 31.8315155], [131.2819881, 31.8315297], [131.2822025, 31.8315406], [131.2824087, 31.8315393], [131.2833074, 31.8315092], [131.2837168, 31.8314992], [131.2840148, 31.8314926], [131.284264, 31.8315003], [131.2846621, 31.8315341], [131.2848779, 31.8315712], [131.2851823, 31.8316399], [131.2854237, 31.8317032], [131.2860467, 31.8318985], [131.286712, 31.832107], [131.2873452, 31.8323056], [131.2880718, 31.832525], [131.2891471, 31.8328675], [131.2904429, 31.8332679], [131.2907573, 31.8333554], [131.2910788, 31.8334077], [131.2914166, 31.8334131], [131.2918456, 31.8333738], [131.2925828, 31.8332778], [131.2936514, 31.8331392], [131.2944169, 31.8330443], [131.2956024, 31.832897], [131.2964051, 31.8327955], [131.2973196, 31.8326787], [131.2983061, 31.8325364], [131.2993005, 31.8323295], [131.3000625, 31.832146], [131.3013976, 31.8318099], [131.3022703, 31.831601], [131.3032912, 31.8313562], [131.3034991, 31.8313173], [131.3036771, 31.8312953], [131.3039405, 31.8312694], [131.3044896, 31.8312483], [131.3056798, 31.8312082], [131.3059861, 31.8311919], [131.3067211, 31.8311679], [131.3076499, 31.8311372], [131.3085741, 31.8311103], [131.3107083, 31.8310299], [131.3135918, 31.8309269], [131.313959, 31.8309264], [131.3143367, 31.8309524], [131.3148695, 31.8310482], [131.3153335, 31.8311608], [131.3160269, 31.8313301], [131.3163578, 31.8314055], [131.3177861, 31.8319243], [131.3191144, 31.8326636], [131.3197323, 31.8330075], [131.3198386, 31.8330663], [131.3205916, 31.8334546], [131.3227642, 31.8344921], [131.3239295, 31.8350525], [131.3243494, 31.835256], [131.3264402, 31.8362421], [131.3275676, 31.8367753], [131.3279466, 31.8369071], [131.3281543, 31.8369588], [131.3289177, 31.8370378], [131.3300845, 31.8371118], [131.3302426, 31.8371146], [131.3307303, 31.8371479], [131.3313216, 31.8371896], [131.331993, 31.837237], [131.3322231, 31.8372634], [131.3324112, 31.8373083], [131.3326237, 31.8373991], [131.333207, 31.8378832], [131.3334114, 31.8380211], [131.3336279, 31.8381315], [131.3343344, 31.8383695], [131.3347517, 31.8385666], [131.3348201, 31.8386077], [131.3348534, 31.8386319], [131.3351395, 31.8388455], [131.3356934, 31.8392214], [131.335997, 31.8394426], [131.3373172, 31.8405647], [131.3375616, 31.8407401], [131.3378407, 31.840859], [131.3388191, 31.8412582], [131.3391471, 31.8414122], [131.339571, 31.841709], [131.3407551, 31.8426519], [131.3431232, 31.844266], [131.3438782, 31.8447514], [131.3450523, 31.8454679], [131.3452733, 31.8455981], [131.3458773, 31.8459281], [131.3465788, 31.8462754], [131.3478751, 31.8469263], [131.3488769, 31.8474791], [131.3493051, 31.8477138], [131.3496728, 31.8479559], [131.3501212, 31.8483077], [131.3508082, 31.8489001], [131.3514118, 31.8493006], [131.3517517, 31.8495118], [131.35228, 31.8498085], [131.3526682, 31.8499279], [131.3533291, 31.8500242], [131.3537448, 31.8500786], [131.3540764, 31.8501452], [131.3543865, 31.8502767], [131.3554846, 31.8509104], [131.3559339, 31.8512521], [131.3561893, 31.8514827], [131.3572419, 31.852603], [131.3575271, 31.8528093], [131.3578418, 31.8529646], [131.3603417, 31.8537888], [131.3607565, 31.8539806], [131.3621943, 31.8547472], [131.3634803, 31.85539], [131.3650166, 31.8563329], [131.3657911, 31.8569937], [131.3665341, 31.8575671], [131.3666328, 31.8576317], [131.3678441, 31.8584902], [131.3680135, 31.8586369], [131.3681403, 31.8587756], [131.3683899, 31.859047], [131.3685268, 31.8591856], [131.3686495, 31.8592886], [131.3688735, 31.8594114], [131.3690178, 31.8594587], [131.3691782, 31.8594893], [131.3699467, 31.8595021], [131.3712538, 31.8594771], [131.3730803, 31.8594025], [131.3734365, 31.8593728], [131.3737926, 31.859319], [131.3743619, 31.8591741], [131.3746696, 31.8590893], [131.3757467, 31.858661], [131.3767693, 31.8583757], [131.3772226, 31.858248], [131.3781138, 31.8580355], [131.3797127, 31.8577495], [131.3800432, 31.8577335], [131.3801764, 31.8577527], [131.3803536, 31.8578072], [131.3813173, 31.8581775], [131.3816075, 31.8582703], [131.3817219, 31.8582822], [131.3822031, 31.8583322], [131.3823878, 31.8583504], [131.3825839, 31.8583984], [131.3826894, 31.8584304], [131.3827761, 31.8585019], [131.3828917, 31.8586503], [131.3829872, 31.858757], [131.3830771, 31.8588394], [131.3832121, 31.858963], [131.3832825, 31.8590046], [131.3834157, 31.8590644], [131.3835642, 31.8591005], [131.3836393, 31.8591188], [131.3841622, 31.8591488], [131.384441, 31.8592031], [131.3847652, 31.8593685], [131.3849233, 31.8595338], [131.3850861, 31.8598907], [131.3857138, 31.8613223], [131.3858767, 31.8616643], [131.3860603, 31.8619418], [131.3862826, 31.862207], [131.3864648, 31.8624024], [131.3865005, 31.8624371], [131.3875683, 31.8635883], [131.3887622, 31.8648758], [131.3896326, 31.8657872], [131.3901451, 31.866264], [131.391062, 31.8669639], [131.391485, 31.8673248], [131.3917533, 31.8676545], [131.3917813, 31.8676975], [131.3919228, 31.8678998], [131.3920474, 31.8681169], [131.3928652, 31.8700068], [131.3928901, 31.8702925], [131.3929557, 31.8706761], [131.3929437, 31.8712076], [131.3929251, 31.8717322], [131.3928336, 31.8722034], [131.3926575, 31.8728038], [131.3920383, 31.8745805], [131.391915, 31.8751047], [131.3918578, 31.875716], [131.3918302, 31.8760702], [131.3918492, 31.8765948], [131.3919152, 31.8771653], [131.3919838, 31.8775324], [131.3921068, 31.8779862], [131.392256, 31.8784097], [131.3925769, 31.8791126], [131.3929796, 31.8797721], [131.3933679, 31.880317], [131.3937596, 31.880759], [131.3941364, 31.8811327], [131.3944961, 31.8814261], [131.3956305, 31.8822452], [131.3958308, 31.8823789], [131.3960179, 31.8825125], [131.3963925, 31.8827801], [131.4007653, 31.885848], [131.4011664, 31.8861504], [131.4015229, 31.8864754], [131.4016348, 31.8865759], [131.4018914, 31.8868735], [131.4021533, 31.8872635], [131.402288, 31.8875469], [131.4024509, 31.8879499], [131.4027356, 31.888835], [131.402972, 31.8894406], [131.4031075, 31.8897193], [131.4032933, 31.8900167], [131.4035554, 31.8903291], [131.4038191, 31.890612], [131.4040243, 31.8908077], [131.405795, 31.8924433], [131.4061666, 31.8928456], [131.4064251, 31.8932261], [131.4066494, 31.8937128], [131.4068181, 31.8943269], [131.4068444, 31.8947371], [131.4068176, 31.8952385], [131.406721, 31.8957819], [131.4064865, 31.896888], [131.4061509, 31.8984052], [131.4059762, 31.8992094], [131.4057206, 31.9004181], [131.4056869, 31.9007257], [131.4057106, 31.9013138], [131.4057575, 31.9015877], [131.4058877, 31.9020541], [131.4060197, 31.902325], [131.4062334, 31.9026843], [131.4064854, 31.9030238], [131.4066808, 31.9032323], [131.4068863, 31.9034352], [131.4082138, 31.9046844], [131.4084192, 31.9048854], [131.4086527, 31.9051123], [131.4087114, 31.9051679], [131.4088703, 31.9053184], [131.4092388, 31.9056676], [131.4096157, 31.906086], [131.4100746, 31.9066728], [131.4117782, 31.9089012], [131.4124196, 31.9098427], [131.4124698, 31.9099178], [131.4125066, 31.9099729], [131.4126263, 31.9101519], [131.4131217, 31.91095], [131.413257, 31.9112007], [131.4135296, 31.9117058], [131.4135831, 31.911805], [131.4137882, 31.9122665], [131.4139775, 31.9126038], [131.4143354, 31.9132565], [131.4147938, 31.914075], [131.415186, 31.91529], [131.4153901, 31.9159149], [131.4155425, 31.9164098], [131.4158585, 31.9174424], [131.4160086, 31.9179328], [131.4160915, 31.91803], [131.4160965, 31.9179142], [131.41604, 31.9177311], [131.4154735, 31.9158939], [131.4152942, 31.9152879], [131.4151036, 31.9146942], [131.4148802, 31.9140164], [131.4143978, 31.9131773], [131.4140461, 31.912572], [131.4138721, 31.9121988], [131.4136537, 31.9117565], [131.4135951, 31.9116471], [131.4133321, 31.9111564], [131.4132101, 31.9109287], [131.412706, 31.9101127], [131.4125901, 31.9099443], [131.4125524, 31.9098897], [131.412494, 31.9098048], [131.4118727, 31.9088904], [131.4096917, 31.9060581], [131.4093189, 31.9056355], [131.4089349, 31.9052626], [131.4087928, 31.9051247], [131.4087296, 31.9050633], [131.4084799, 31.9048271], [131.4072938, 31.9037138], [131.4069398, 31.9033811], [131.40674, 31.9031859], [131.4065826, 31.9030058], [131.4063034, 31.9026503], [131.4061109, 31.9023155], [131.4059807, 31.9020455], [131.4058431, 31.9015908], [131.4057986, 31.9013089], [131.4057836, 31.9007083], [131.4058043, 31.9004702], [131.4062528, 31.8983888], [131.4065859, 31.8968463], [131.4068193, 31.8957806], [131.4069095, 31.8952342], [131.4069392, 31.8947425], [131.4068978, 31.8943102], [131.4067576, 31.8937155], [131.4065107, 31.8931945], [131.4062413, 31.8928066], [131.4058623, 31.8923671], [131.4040875, 31.8907675], [131.4037701, 31.8904632], [131.4036122, 31.8902755], [131.4034622, 31.8900945], [131.4033785, 31.8899872], [131.4031968, 31.8896845], [131.4030665, 31.8894185], [131.4028286, 31.888824], [131.4025296, 31.8879309]], [[131.4015964, 31.8864347], [131.40121, 31.8860934], [131.4008059, 31.8857937], [131.396449, 31.8827333], [131.3958778, 31.8823233], [131.3956856, 31.8821879], [131.3950561, 31.881761], [131.3942325, 31.881098], [131.3938476, 31.8807014], [131.3934803, 31.8803066], [131.3930661, 31.8797574], [131.3927588, 31.8792722], [131.3924339, 31.8786214], [131.3923174, 31.8783281], [131.3921927, 31.8779532], [131.3920703, 31.8775258], [131.3920032, 31.8771634], [131.3919392, 31.8765934], [131.3919201, 31.8760628], [131.391934, 31.8757234], [131.3920153, 31.8751091], [131.3921188, 31.8745941], [131.3927265, 31.8728159], [131.3929167, 31.8722298], [131.3930277, 31.8717735]], [[131.4025296, 31.8879309], [131.4023519, 31.887491], [131.4021871, 31.8871685], [131.4019222, 31.8868006], [131.4016987, 31.8865337], [131.4015964, 31.8864347]], [[131.3930587, 31.8712687], [131.3930346, 31.8706714], [131.3929653, 31.8702876], [131.3928652, 31.8700068]], [[131.3930277, 31.8717735], [131.3930587, 31.8712687]], [[131.4160915, 31.91803], [131.4161153, 31.9181116], [131.4173203, 31.9178624], [131.4176938, 31.917793], [131.4181207, 31.917704], [131.4182502, 31.917677], [131.4190598, 31.9175082], [131.4195915, 31.9173974], [131.4203814, 31.917245], [131.421059, 31.9171031], [131.4216348, 31.9169932], [131.4220777, 31.9169071], [131.4225524, 31.9168109], [131.4230189, 31.9167175], [131.4232124, 31.9166787], [131.4233208, 31.9166583]], [[131.4233045, 31.9165549], [131.4231902, 31.9165783], [131.4229964, 31.9166179], [131.4226135, 31.9166962], [131.4220938, 31.9168025], [131.421054, 31.9170151], [131.4203795, 31.9171531], [131.4195819, 31.9173162], [131.4190247, 31.9174301], [131.4189461, 31.9174462], [131.4180905, 31.9176212], [131.4172912, 31.9177847], [131.4172374, 31.9177957], [131.4165017, 31.9179461], [131.4160915, 31.91803]], [[130.8246144, 31.3808646], [130.8246641, 31.3803594], [130.8246992, 31.3798167], [130.824714, 31.37941], [130.8246711, 31.3790207], [130.8245377, 31.3785092], [130.8244173, 31.3781027], [130.824379, 31.3778286], [130.8243616, 31.377582], [130.824409, 31.3772955], [130.8245472, 31.3767091], [130.8246361, 31.3762991], [130.8246588, 31.3760895], [130.8246725, 31.3759437], [130.8246592, 31.3757408], [130.8246211, 31.375541], [130.8245609, 31.3753742], [130.8244709, 31.3751999], [130.8243399, 31.3749983], [130.8237727, 31.3741919], [130.823382, 31.3735323], [130.8232089, 31.3732135], [130.8230358, 31.372865], [130.8229446, 31.3726679], [130.8228672, 31.3724709], [130.8228239, 31.3723057], [130.8227966, 31.372136], [130.8227875, 31.3720039], [130.822792, 31.3718672], [130.8228102, 31.371734], [130.822866, 31.3715016], [130.8229642, 31.3712412], [130.8230004, 31.3711451], [130.8231724, 31.3707533], [130.8232039, 31.3706893], [130.8232427, 31.3706102]]]}, "id": "relation/9706190"}]}