{"type": "FeatureCollection", "generator": "kokudo-quiz tools/fetch_raw.py (Overpass API)", "copyright": "The data included in this document is from www.openstreetmap.org. The data is made available under ODbL.", "timestamp": "2026-09-30T16:10:21Z", "features": [{"type": "Feature", "properties": {"@id": "relation/7920696", "colour": "red", "from": "群馬県吾妻郡長野原町", "name": "国道292号", "name:en": "National Highway Route 292", "name:fr": "Route nationale 292", "name:ja": "国道292号", "name:ja-Hira": "こくどうにひゃくきゅうじゅうにごう", "name:ja-Latn": "Kokudō 292-gō", "network": "JP:national", "ref": "292", "route": "road", "start_date": "1970", "to": "新潟県妙高市", "type": "route", "wikidata": "Q11421437", "wikimedia_commons": "Category:Route 292 (Japan)", "wikipedia": "ja:国道292号"}, "geometry": {"type": "MultiLineString", "coordinates": [[[138.6434054, 36.5504463], [138.6441149, 36.550163], [138.644375, 36.5500347], [138.6447, 36.549879], [138.6449096, 36.5501497], [138.6450631, 36.550352], [138.6453219, 36.5506852], [138.645356, 36.5507228], [138.6454535, 36.5508306], [138.6456084, 36.5509847], [138.6458375, 36.5512009], [138.6460136, 36.5513297], [138.646111, 36.5513862], [138.6462083, 36.5514331], [138.6463352, 36.5514737], [138.6467716, 36.5515699], [138.647068, 36.5516518], [138.6473, 36.5517693], [138.647406, 36.5518511], [138.6475226, 36.551974], [138.6476407, 36.5521668], [138.647709, 36.5523586], [138.64776, 36.5527335], [138.6477817, 36.5530264], [138.6477893, 36.553207], [138.6477814, 36.5535135], [138.6477653, 36.5538808], [138.6477704, 36.5539888], [138.6477884, 36.5541267], [138.6477989, 36.5541954], [138.6479772, 36.5548874], [138.6480067, 36.5550283], [138.6480125, 36.5551273], [138.6480107, 36.5552253], [138.6480014, 36.5553093], [138.6479813, 36.5554171], [138.647881, 36.5556193], [138.6478136, 36.5557144], [138.6477219, 36.5558069], [138.6474897, 36.5560254], [138.6472034, 36.5562834], [138.6468773, 36.5565501], [138.646302, 36.5569518], [138.6460531, 36.5570759], [138.64583, 36.5571517], [138.645694, 36.5572269], [138.6455309, 36.5573643], [138.6454575, 36.5574415], [138.6453719, 36.5575043], [138.6452744, 36.5575465], [138.6451168, 36.5575687], [138.644873, 36.5575788], [138.6446472, 36.5576152], [138.6443822, 36.5576914], [138.644162, 36.5577618], [138.6439493, 36.557807], [138.6436755, 36.557819], [138.643431, 36.5578054], [138.6431788, 36.5577778], [138.6428943, 36.5577197], [138.6426483, 36.5577014], [138.6423883, 36.5576672], [138.6421476, 36.5576697], [138.6419296, 36.5576928], [138.6416496, 36.5577284], [138.6410937, 36.5576989], [138.6406744, 36.5576756], [138.6403488, 36.5577363], [138.6399732, 36.5578444], [138.6396955, 36.5579473], [138.6395409, 36.5580114], [138.6392897, 36.5582789], [138.6392791, 36.5585476], [138.6393837, 36.5587303], [138.6396112, 36.5589217], [138.640073, 36.5591841], [138.6410992, 36.559611], [138.641303, 36.5597034], [138.64148, 36.5598095], [138.6416072, 36.5599988], [138.6417989, 36.5603093], [138.6418971, 36.5606193], [138.6418877, 36.5608196], [138.6417977, 36.5611372], [138.641655, 36.5615163], [138.6414353, 36.5618837], [138.6412339, 36.5620773], [138.6410591, 36.5621785], [138.6407727, 36.5622644], [138.640733, 36.5622738], [138.6399023, 36.5624707], [138.6395533, 36.56256], [138.639308, 36.5627025], [138.6390592, 36.5628894], [138.6389295, 36.5630725], [138.6388394, 36.5632578], [138.6387862, 36.56348], [138.6387964, 36.5638789], [138.6387896, 36.5641046], [138.6387575, 36.5643285], [138.6387161, 36.5644439], [138.6386924, 36.5644863], [138.6385876, 36.5646794], [138.6383481, 36.5650004], [138.6382697, 36.5651418], [138.6382425, 36.5652316], [138.6381481, 36.5655418], [138.6380451, 36.5659279], [138.637961, 36.5662919], [138.6379724, 36.5665414], [138.6380331, 36.5669495], [138.6380651, 36.5671606], [138.6380748, 36.5673646], [138.6380491, 36.5675213], [138.6380051, 36.5676789], [138.6378939, 36.5679041], [138.6376673, 36.5681908], [138.6374828, 36.5682609], [138.6371106, 36.5683449], [138.6368622, 36.5684043], [138.6364235, 36.568508], [138.6361327, 36.5685828], [138.6353543, 36.5687529], [138.6351654, 36.5687846], [138.6350126, 36.5687841], [138.6348469, 36.5687552], [138.6344764, 36.5687856], [138.6343112, 36.5687988], [138.6340126, 36.568824], [138.6337626, 36.5687931], [138.6327427, 36.5685795], [138.6322249, 36.5685023], [138.6321266, 36.5685032], [138.631956, 36.5685305], [138.6318148, 36.5685717], [138.6315653, 36.5686738], [138.6312609, 36.5687969], [138.6308751, 36.5689975], [138.6305206, 36.5692305], [138.6302241, 36.5694686], [138.6299491, 36.5697153], [138.6297838, 36.5698462], [138.6296026, 36.5699647], [138.6293705, 36.5700896], [138.6291906, 36.5701516], [138.6290526, 36.5701757], [138.6284539, 36.5702243], [138.6282045, 36.5702674], [138.6279393, 36.5703474], [138.627651, 36.5705189], [138.6273267, 36.5707525], [138.6272371, 36.5707911], [138.6271496, 36.5708183], [138.6270433, 36.5708287], [138.6267422, 36.5708311], [138.626653, 36.5708416], [138.626557, 36.5708714], [138.6264665, 36.5709308], [138.6262981, 36.5710866], [138.6262204, 36.5711394], [138.6261255, 36.5711824], [138.625909, 36.571273], [138.6257953, 36.5713332], [138.6256872, 36.5714171], [138.6255464, 36.5715759], [138.6251711, 36.5720286], [138.6247757, 36.5726489], [138.6246082, 36.5728828], [138.6243771, 36.5731899], [138.6242341, 36.5734836], [138.6240559, 36.5738774], [138.6239574, 36.5742518], [138.6238807, 36.5744893], [138.6237173, 36.5748054], [138.6235015, 36.5751623], [138.6232642, 36.5755603], [138.6231305, 36.5759206], [138.623102, 36.5760058], [138.6231192, 36.5764469], [138.6231812, 36.5770134], [138.6231691, 36.5773203], [138.6231639, 36.5776013], [138.6230848, 36.5784281], [138.6230818, 36.5784744], [138.6231032, 36.5785727], [138.6231509, 36.5787025], [138.6232156, 36.5788685], [138.6232908, 36.5790179], [138.6233853, 36.5792127], [138.6234436, 36.5794176], [138.6234597, 36.5796171], [138.6234826, 36.5798799], [138.6234875, 36.5801734], [138.6234884, 36.5804896], [138.6234912, 36.581276], [138.6234887, 36.5815411], [138.6234827, 36.5816174], [138.6234692, 36.58179], [138.6234324, 36.5820192], [138.6233531, 36.5823433], [138.6229206, 36.5838125], [138.6228267, 36.5842303], [138.6227516, 36.584562], [138.6226926, 36.5850531], [138.6226738, 36.5853912], [138.6226872, 36.5856324], [138.6227811, 36.585893], [138.62293, 36.5861062], [138.6230609, 36.5862449], [138.6232143, 36.5863916], [138.6234409, 36.5865563], [138.6239264, 36.58686], [138.6244092, 36.5871292], [138.6246599, 36.5873112], [138.6249896, 36.5875679], [138.6251367, 36.5877622], [138.6255114, 36.5882776], [138.6257818, 36.5886633], [138.6259325, 36.5888956], [138.6259846, 36.5890254], [138.626027, 36.5891656], [138.6260507, 36.5892713], [138.6260661, 36.5893888], [138.6260541, 36.5900363], [138.6260511, 36.5902563], [138.6260405, 36.5903979], [138.6260144, 36.5905059], [138.6259638, 36.5906216], [138.6258442, 36.5908277], [138.6256683, 36.5912167], [138.6254963, 36.591573], [138.6253864, 36.5917561], [138.6253234, 36.5919373], [138.6252737, 36.5921028], [138.6253003, 36.5922682], [138.6253803, 36.59261], [138.6254339, 36.5928034], [138.6254848, 36.5929381], [138.6257465, 36.5934122], [138.625828, 36.5936217], [138.6259728, 36.594145], [138.626117, 36.594402], [138.6264722, 36.5948103], [138.6267462, 36.5951227], [138.6269687, 36.5953935], [138.6273118, 36.5957058], [138.6275814, 36.5959477], [138.6276895, 36.5961066], [138.6277807, 36.596304], [138.6278192, 36.5965095], [138.6278608, 36.5968284], [138.6278657, 36.597435], [138.6279094, 36.597742], [138.6280527, 36.5980664], [138.6282289, 36.5983903], [138.6283935, 36.5987034], [138.6285694, 36.599038], [138.6287177, 36.5992727], [138.628891, 36.5995019], [138.6290586, 36.5997156], [138.6293847, 36.6000082], [138.629771, 36.6003955], [138.6301058, 36.60074], [138.6304047, 36.6011404], [138.6305468, 36.6013937], [138.6306386, 36.6016343], [138.6306637, 36.6019862], [138.6306478, 36.6022554], [138.6305729, 36.6024815], [138.6304544, 36.6028328], [138.6304329, 36.6029876], [138.6304519, 36.6032379], [138.6305573, 36.6034376], [138.6307778, 36.6036892], [138.630831, 36.6037402], [138.6310104, 36.6039123], [138.6311393, 36.6040062], [138.6312414, 36.6040805], [138.6314363, 36.6041557], [138.6317967, 36.6042059], [138.6319697, 36.6042951], [138.6321571, 36.6044608], [138.6323817, 36.6046128], [138.6326035, 36.6046744], [138.6328695, 36.6046951], [138.6332912, 36.604672], [138.6335644, 36.6046967], [138.6337448, 36.6047509], [138.6340343, 36.6048702], [138.6342257, 36.6050189], [138.6343115, 36.6052532], [138.6344059, 36.6055357], [138.6344574, 36.6055977], [138.6346205, 36.6057011], [138.6347534, 36.6057595], [138.6350421, 36.605821], [138.635359, 36.605854], [138.6355014, 36.6059191], [138.6355732, 36.6059836], [138.6357449, 36.6061903], [138.6359079, 36.6063074], [138.6361225, 36.6063487], [138.6362727, 36.6063357], [138.6363991, 36.6062729], [138.6366804, 36.6060387], [138.6369135, 36.6059282], [138.637124, 36.6059078], [138.6372383, 36.6059353], [138.6373756, 36.6060456], [138.6375044, 36.6062178], [138.6375205, 36.6062508], [138.6377533, 36.6067277], [138.6380709, 36.6073547], [138.6381679, 36.6075105], [138.6384485, 36.607961], [138.6385321, 36.6080712], [138.6385615, 36.60811], [138.6388651, 36.6085105], [138.63957, 36.60935], [138.6398631, 36.609783], [138.6399395, 36.610025], [138.6399425, 36.6102043], [138.6399366, 36.610679], [138.6399588, 36.6108719], [138.6400254, 36.6110729], [138.6401235, 36.6115718], [138.6401823, 36.6117917], [138.6401696, 36.6118921], [138.6401407, 36.6119926], [138.6400707, 36.6121086], [138.6399366, 36.6123403], [138.6398244, 36.612557], [138.6397926, 36.612748], [138.6398033, 36.6130769], [138.6398208, 36.6135742], [138.6399157, 36.6138507], [138.6399823, 36.6139401], [138.6401577, 36.6141271], [138.6402989, 36.6143307], [138.6403485, 36.6144955], [138.6404305, 36.614924], [138.6404, 36.615157], [138.640365, 36.61527], [138.640268, 36.615433], [138.640191, 36.615506], [138.640114, 36.615557], [138.63996, 36.615619], [138.639758, 36.615653], [138.6392335, 36.6157576], [138.6391445, 36.6157729], [138.639053, 36.6157669], [138.6389651, 36.6157626], [138.6388918, 36.6157542], [138.6387316, 36.61573], [138.6385724, 36.6156886], [138.6384769, 36.6156697], [138.6383827, 36.6157032], [138.6383604, 36.6158229], [138.6383606, 36.6158456], [138.6383695, 36.6158879], [138.6384069, 36.6159294], [138.638513, 36.6160105], [138.6386755, 36.6161076], [138.6387363, 36.6161556], [138.6387959, 36.6162027], [138.6388925, 36.6162556], [138.6389302, 36.616277], [138.6389679, 36.6162983], [138.6390821, 36.6163612], [138.6391694, 36.6164275], [138.639223, 36.6164909], [138.6392376, 36.6165419], [138.6392373, 36.6166009], [138.6392381, 36.6167317], [138.6392662, 36.6168978], [138.6392786, 36.6169611], [138.6392749, 36.6170178], [138.6392628, 36.6170567], [138.6392412, 36.6170974], [138.6392004, 36.6171341], [138.639142, 36.617131], [138.639101, 36.617094], [138.639066, 36.617044], [138.639046, 36.616976], [138.639018, 36.616649], [138.638989, 36.616576], [138.638927, 36.616526], [138.638878, 36.616503], [138.638836, 36.616482], [138.638685, 36.616456], [138.63846, 36.616405], [138.638175, 36.616338], [138.637915, 36.616296], [138.637844, 36.616296], [138.637753, 36.616307], [138.637622, 36.616339], [138.637481, 36.616379], [138.637351, 36.616422], [138.637268, 36.616459], [138.637151, 36.616513], [138.637086, 36.616535], [138.636921, 36.616579], [138.636737, 36.616633], [138.636546, 36.616659], [138.63627, 36.61667], [138.636052, 36.616677], [138.635901, 36.616698], [138.6355354, 36.6168973], [138.635452, 36.6169065], [138.6353196, 36.616894], [138.6351734, 36.6168048], [138.635014, 36.616764], [138.634944, 36.616764], [138.634894, 36.616793], [138.634862, 36.616841], [138.634847, 36.616895], [138.634852, 36.616949], [138.634875, 36.61701], [138.634912, 36.617064], [138.634966, 36.617097], [138.635064, 36.617123], [138.635247, 36.617116], [138.6356326, 36.6169503], [138.6358917, 36.616873], [138.6360611, 36.6168505], [138.6363795, 36.6168706], [138.6368772, 36.6169071], [138.6369751, 36.6168933], [138.6370708, 36.6168675], [138.6374054, 36.6167269], [138.6375187, 36.6166869], [138.6376452, 36.616675], [138.6377649, 36.6166865], [138.6378781, 36.6167316], [138.6379981, 36.6168176], [138.6380662, 36.6168923], [138.6381096, 36.616975], [138.6381418, 36.6170602], [138.638305, 36.617597], [138.6383316, 36.6178223], [138.6383191, 36.618052], [138.6382954, 36.618194], [138.6382963, 36.6183737], [138.6383274, 36.6184983], [138.6383138, 36.618638], [138.638233, 36.618727], [138.638163, 36.618799], [138.638076, 36.618864], [138.637972, 36.618908], [138.637831, 36.618966], [138.637685, 36.619016], [138.637566, 36.619063], [138.637505, 36.619107], [138.637483, 36.61916], [138.637479, 36.619225], [138.637492, 36.619298], [138.637507, 36.619357], [138.637551, 36.619411], [138.637605, 36.619454], [138.63767, 36.619498], [138.637807, 36.619557], [138.637948, 36.619635], [138.638028, 36.619693], [138.638078, 36.619737], [138.6381, 36.619776], [138.638109, 36.619823], [138.638104, 36.619895], [138.638089, 36.61996], [138.638028, 36.620024], [138.637946, 36.620085], [138.637822, 36.620155], [138.63767, 36.62023], [138.637544, 36.620329], [138.637496, 36.620426], [138.637495, 36.62084], [138.637474, 36.62113], [138.63743, 36.621235], [138.637365, 36.62129], [138.637289, 36.621312], [138.637217, 36.621315], [138.637119, 36.621312], [138.637035, 36.621294], [138.636844, 36.621214], [138.636642, 36.621149], [138.636588, 36.621155], [138.636535, 36.621164], [138.636479, 36.621187], [138.636446, 36.621235], [138.636424, 36.62129], [138.63642, 36.621355], [138.636448, 36.62144], [138.63647, 36.621512], [138.636511, 36.621617], [138.636565, 36.621865], [138.636576, 36.62198], [138.636559, 36.622067], [138.636519, 36.622169], [138.636483, 36.62223], [138.636417, 36.62231], [138.636313, 36.622387], [138.636226, 36.622437], [138.636107, 36.622474], [138.636023, 36.622478], [138.635936, 36.622467], [138.6358604, 36.622436], [138.6357245, 36.6223713], [138.6356271, 36.6223419], [138.6354195, 36.6222997], [138.635329, 36.622272], [138.635292, 36.622257], [138.635248, 36.622235], [138.635216, 36.622203], [138.635194, 36.622164], [138.63519, 36.622127], [138.635194, 36.622082], [138.635211, 36.62204], [138.635259, 36.622014], [138.635303, 36.621995], [138.635396, 36.622002], [138.635458, 36.622007], [138.635681, 36.62204], [138.635844, 36.622057], [138.635924, 36.622055], [138.635974, 36.62204], [138.636007, 36.622019], [138.636029, 36.62199], [138.636033, 36.621937], [138.636033, 36.621839], [138.636016, 36.621747], [138.636001, 36.621672], [138.635951, 36.621519], [138.635914, 36.621412], [138.635859, 36.62131], [138.635744, 36.62115], [138.635653, 36.621029], [138.635592, 36.620917], [138.635583, 36.620852], [138.635588, 36.620787], [138.635609, 36.620737], [138.635649, 36.620694], [138.635703, 36.620667], [138.635783, 36.620652], [138.63592, 36.62064], [138.636382, 36.6206994], [138.6364398, 36.6206981], [138.6364937, 36.6206907], [138.6365487, 36.6206728], [138.6365784, 36.6206525], [138.6366039, 36.6206172], [138.636593, 36.6202432], [138.6365774, 36.6201766], [138.6365207, 36.6200763], [138.6364611, 36.6200041], [138.636049, 36.6197], [138.636001, 36.619642], [138.635986, 36.61958], [138.636038, 36.619045], [138.636011, 36.618957], [138.635969, 36.618915], [138.635914, 36.618884], [138.635799, 36.618868], [138.6352187, 36.6189929], [138.6351309, 36.6190015], [138.6348519, 36.619021], [138.6347934, 36.6190309], [138.6347521, 36.6190582], [138.6347318, 36.6190956], [138.6347303, 36.6191453], [138.6347711, 36.6192259], [138.6348575, 36.619278], [138.6349328, 36.6192889], [138.6349893, 36.619279], [138.63515, 36.619188], [138.6352987, 36.6190961], [138.6353712, 36.6190803], [138.6354661, 36.619083], [138.6355294, 36.6191163], [138.6355626, 36.6191575], [138.6355704, 36.619203], [138.6355574, 36.6192647], [138.6355255, 36.6193666], [138.635321, 36.61987], [138.635279, 36.619929], [138.635232, 36.619959], [138.635156, 36.619974], [138.635042, 36.619985], [138.634897, 36.61999], [138.634736, 36.620007], [138.63465, 36.620032], [138.634557, 36.620072], [138.6344435, 36.6201394], [138.6341685, 36.6204333], [138.6341463, 36.6204854], [138.6341445, 36.6205483], [138.634217, 36.62077], [138.634172, 36.620867], [138.634111, 36.620914], [138.63404, 36.62093], [138.633914, 36.620939], [138.6337, 36.620942], [138.633558, 36.6210614], [138.6330563, 36.6210993], [138.632825, 36.6211139], [138.632742, 36.621139], [138.632717, 36.62118], [138.632717, 36.62128], [138.632727, 36.621349], [138.632724, 36.621442], [138.632707, 36.62152], [138.632671, 36.621585], [138.632617, 36.621628], [138.632539, 36.621653], [138.632342, 36.621674], [138.632244, 36.621678], [138.632125, 36.621723], [138.631997, 36.621849], [138.631901, 36.621958], [138.631816, 36.621971], [138.6317278, 36.6219589], [138.6316313, 36.6219117], [138.6315381, 36.6218296], [138.6314018, 36.6216807], [138.6312329, 36.6216017], [138.6309984, 36.6215261], [138.6307753, 36.6214227], [138.6302774, 36.6211954], [138.6297874, 36.6209217], [138.629479, 36.6207876], [138.6292155, 36.6207125], [138.628864, 36.6206951], [138.6285694, 36.6206856], [138.6283998, 36.6207148], [138.628251, 36.6207568], [138.6280431, 36.6208467], [138.6264708, 36.6215902], [138.6262989, 36.6216701], [138.6260347, 36.6217605], [138.6257799, 36.6218286], [138.6254996, 36.6218466], [138.6251931, 36.621804], [138.6250024, 36.6217402], [138.62483, 36.6216403], [138.6246762, 36.6215106], [138.6244495, 36.6213263], [138.6242267, 36.6211768], [138.6240836, 36.6211037], [138.6238568, 36.6210115], [138.6235255, 36.6208912], [138.6226126, 36.6204782], [138.6224169, 36.6203964], [138.6221758, 36.6203824], [138.6217188, 36.6204479], [138.6216321, 36.6204651], [138.6214327, 36.6204618], [138.6212332, 36.6204204], [138.6206016, 36.6202809], [138.6200977, 36.6201223], [138.6198399, 36.6200321], [138.6196786, 36.6199958], [138.6195387, 36.619995], [138.6191763, 36.620034], [138.6188893, 36.6201131], [138.6185709, 36.6202524], [138.6181341, 36.6204739], [138.61796, 36.6205479], [138.6177602, 36.6205794], [138.617528, 36.6206014], [138.6172389, 36.6206531], [138.615707, 36.6212066], [138.6148817, 36.6214874], [138.6144673, 36.6216665], [138.6139356, 36.6218826], [138.6136254, 36.6219999], [138.6133738, 36.6220474], [138.6128845, 36.6221121], [138.6125583, 36.6221213], [138.6124377, 36.6221241], [138.6123208, 36.6221269], [138.6116374, 36.6220694], [138.6115895, 36.6220643], [138.6098056, 36.6218911], [138.6095369, 36.6218868], [138.6091039, 36.6219036], [138.6087502, 36.6219294], [138.6083259, 36.6219604], [138.6081644, 36.6219736], [138.6079389, 36.6219799], [138.6076808, 36.6219872], [138.6075148, 36.6219861], [138.6062836, 36.621975], [138.6060318, 36.6219858], [138.6058531, 36.6220143], [138.6054865, 36.6221081], [138.6053974, 36.6221219], [138.6052562, 36.6221277], [138.6049999, 36.6221117], [138.6046554, 36.6220851], [138.6045308, 36.6220906], [138.604421, 36.6221052], [138.6040916, 36.6221691], [138.6040506, 36.622177], [138.603942, 36.6221857], [138.6037977, 36.6221814], [138.6034775, 36.6221074], [138.6028597, 36.6219377], [138.6025686, 36.6218859], [138.6024792, 36.6218769], [138.6023879, 36.6218677], [138.6022374, 36.6218462], [138.6020892, 36.6218156], [138.6017649, 36.6217343], [138.6015734, 36.6216651], [138.6014678, 36.6216327], [138.6012482, 36.6215591], [138.6011036, 36.6215056], [138.6009211, 36.6214741], [138.6009093, 36.621473], [138.6002452, 36.6214336], [138.6001971, 36.6214277], [138.6001397, 36.6214147], [138.6000885, 36.6213954], [138.6000344, 36.6213674], [138.5995068, 36.6210538], [138.5993737, 36.6209828], [138.5988897, 36.6208317], [138.598623, 36.6207153], [138.5980516, 36.6204707], [138.5979226, 36.6203871], [138.5978674, 36.6203513], [138.5978208, 36.6203271], [138.5977506, 36.620371], [138.5976689, 36.6204221], [138.5970582, 36.6208043], [138.5969782, 36.6208543], [138.5969096, 36.6208913], [138.5964836, 36.6211039], [138.5964312, 36.6211205], [138.5963762, 36.6211295], [138.5963108, 36.6211275], [138.5962315, 36.6211115], [138.5960111, 36.6210643], [138.5957316, 36.6210092], [138.5954841, 36.6209604], [138.5953054, 36.620922], [138.5950372, 36.6208644], [138.5949443, 36.6208425], [138.5947462, 36.6207958], [138.5946613, 36.6207807], [138.5945918, 36.6207683], [138.5945097, 36.6207602], [138.5943815, 36.620757], [138.5943063, 36.6207597], [138.5940128, 36.6207951], [138.5939485, 36.6208029], [138.5937667, 36.6208208], [138.5935284, 36.6208238], [138.5932746, 36.6208184], [138.5930932, 36.6208146], [138.5930043, 36.6208188], [138.5927571, 36.6208306], [138.59221, 36.6208568], [138.5919, 36.6208796], [138.5916184, 36.6209162], [138.5910858, 36.6210164], [138.5905586, 36.6211346], [138.59031, 36.6211889], [138.5897922, 36.6213019], [138.5889516, 36.621453], [138.5878606, 36.6216697], [138.5877443, 36.621706], [138.5876046, 36.6217988], [138.5874794, 36.6219371], [138.5874344, 36.62205], [138.587401, 36.6221623], [138.5873902, 36.6222778], [138.587381, 36.6228704], [138.5873633, 36.6229486], [138.5873248, 36.623035], [138.5872562, 36.6231287], [138.5871827, 36.6231954], [138.5870821, 36.6232547], [138.5859716, 36.62361], [138.5858489, 36.6236492], [138.5857389, 36.6236844], [138.5855495, 36.6237873], [138.5854424, 36.6238886], [138.5853523, 36.6240195], [138.5853008, 36.6241213], [138.5852767, 36.6242692], [138.5853606, 36.6258874], [138.5853687, 36.6259742], [138.5853803, 36.6260994], [138.5853832, 36.6261301], [138.5854629, 36.6263933], [138.5855383, 36.6265382], [138.585583, 36.6266242], [138.5857348, 36.6268339], [138.5859487, 36.6270515], [138.5861881, 36.6272336], [138.5864372, 36.6273718], [138.5867, 36.6274927], [138.5867985, 36.6275382], [138.5868961, 36.6275829], [138.5871384, 36.6276944], [138.5873565, 36.6277948], [138.5875309, 36.627901], [138.5876808, 36.628028], [138.5877636, 36.6281096], [138.5878376, 36.6282238], [138.5878536, 36.6282485], [138.5879262, 36.6284004], [138.5882689, 36.6291996], [138.5882784, 36.6292247], [138.588301, 36.6292847], [138.5883082, 36.6293474], [138.5883112, 36.6293884], [138.5883136, 36.6294224], [138.588306, 36.6296238], [138.5882361, 36.6298392], [138.5881403, 36.6300132], [138.5879379, 36.6301801], [138.5876638, 36.6303292], [138.5875494, 36.6303914], [138.5861086, 36.6310108], [138.585822, 36.6312444], [138.5857093, 36.6314166], [138.5856332, 36.631621], [138.5853829, 36.6323752], [138.5851525, 36.6330821], [138.5851132, 36.6331728], [138.585059, 36.6332714], [138.5849912, 36.6333523], [138.5848686, 36.6334454], [138.5845145, 36.6336629], [138.5843652, 36.633713], [138.5842505, 36.6337162], [138.5841308, 36.6336861], [138.5840429, 36.6336139], [138.5839816, 36.633523], [138.5839235, 36.6333542], [138.5837882, 36.6327759], [138.5837261, 36.6325958], [138.5836357, 36.6324813], [138.583541, 36.6324265], [138.5833886, 36.6324154], [138.5832663, 36.6324628], [138.5831447, 36.6325319], [138.582161, 36.6331755], [138.5813843, 36.6335916], [138.5805382, 36.6339938], [138.5795435, 36.634293], [138.5793731, 36.6343143], [138.579224, 36.6343143], [138.5791636, 36.6342717], [138.5791174, 36.6341865], [138.579121, 36.6341048], [138.5792097, 36.6339876], [138.5793269, 36.6338882], [138.5795471, 36.6337817], [138.5797424, 36.6336858], [138.5799057, 36.6335899], [138.5799838, 36.633526], [138.5800145, 36.6334365], [138.5800003, 36.6333485], [138.5799577, 36.6332689], [138.5798498, 36.6332036], [138.5797503, 36.6331894], [138.5795742, 36.6332036], [138.5794294, 36.6332405], [138.5791226, 36.6333456], [138.5788982, 36.6335047], [138.5787419, 36.6336808], [138.5785715, 36.6338228], [138.5784266, 36.6338853], [138.5782615, 36.6338654], [138.5781586, 36.6337944], [138.5781408, 36.6336523], [138.578187, 36.6335174], [138.5783432, 36.6333718], [138.5789859, 36.6329635], [138.5791139, 36.6328981], [138.5792481, 36.6328446], [138.5809725, 36.6322963], [138.5813205, 36.632178], [138.5815354, 36.6320745], [138.5816815, 36.6319808], [138.5818389, 36.6318627], [138.581954, 36.6317519], [138.5820743, 36.6316108], [138.5823229, 36.6312319], [138.5823862, 36.6311188], [138.5824146, 36.6309977], [138.5824128, 36.6309004], [138.5823955, 36.6308156], [138.5823449, 36.6307415], [138.5822774, 36.6306754], [138.5821821, 36.6306246], [138.5820749, 36.6305892], [138.5819958, 36.6305785], [138.5818156, 36.6305999], [138.5816454, 36.6306431], [138.5806342, 36.630986], [138.5803304, 36.6310984], [138.5802167, 36.6311447], [138.580122, 36.6312043], [138.5800266, 36.6312785], [138.5796365, 36.6316548], [138.5795556, 36.6317161], [138.5794974, 36.631748], [138.579433, 36.6317651], [138.5793604, 36.6317728], [138.5792707, 36.6317655], [138.5791807, 36.6317431], [138.5788478, 36.6316278], [138.5787135, 36.6315985], [138.5785156, 36.6315932], [138.5782134, 36.6316128], [138.5781183, 36.6316103], [138.5780444, 36.6315882], [138.5779846, 36.6315465], [138.5779502, 36.6314744], [138.5779616, 36.6313874], [138.5780174, 36.6312168], [138.5780544, 36.6310462], [138.57805, 36.6309469], [138.5779934, 36.630846], [138.5779276, 36.6307939], [138.5778249, 36.6307493], [138.5777015, 36.6307322], [138.5775781, 36.6307276], [138.5773993, 36.6307486], [138.5772154, 36.630799], [138.5770808, 36.6308625], [138.5764335, 36.6312262], [138.5763597, 36.6312468], [138.5762703, 36.6312575], [138.5761665, 36.6312473], [138.5760763, 36.6312209], [138.5759689, 36.6311588], [138.5748184, 36.6302068], [138.5747324, 36.630104], [138.5746912, 36.6300191], [138.5746792, 36.6299109], [138.5746888, 36.6297861], [138.5748163, 36.6292704], [138.5748227, 36.629133], [138.5748158, 36.6290534], [138.5747626, 36.6289367], [138.5746853, 36.628852], [138.574544, 36.6287977], [138.5743736, 36.6287948], [138.5742176, 36.6288346], [138.5740404, 36.6289156], [138.5738647, 36.6290201], [138.5737352, 36.6291203], [138.5736269, 36.6292374], [138.5735484, 36.6293593], [138.5734863, 36.6294693], [138.5734441, 36.6295924], [138.5734218, 36.629733], [138.5733925, 36.6302496], [138.573405, 36.6304088], [138.5734259, 36.6305478], [138.5734551, 36.6306632], [138.5734963, 36.6307938], [138.5735682, 36.6310316], [138.5735831, 36.6311035], [138.5735823, 36.6311626], [138.5735577, 36.63123], [138.5735157, 36.6312787], [138.5734342, 36.6313278], [138.5733251, 36.6313669], [138.5729616, 36.631469], [138.5727885, 36.6314908], [138.5726244, 36.6314771], [138.5724981, 36.6314262], [138.5714082, 36.6308457], [138.571272, 36.6307435], [138.5711728, 36.6306487], [138.5711142, 36.6305545], [138.5710812, 36.6304478], [138.571037, 36.6300661], [138.5710173, 36.6299366], [138.5709782, 36.6298116], [138.5709203, 36.6296901], [138.570504, 36.6289649], [138.5704361, 36.6288762], [138.5703534, 36.628822], [138.5702616, 36.628799], [138.5701614, 36.6288016], [138.5700817, 36.6288299], [138.5700265, 36.6288739], [138.5699883, 36.6289474], [138.5699752, 36.6290202], [138.5699852, 36.629115], [138.5700402, 36.6293611], [138.5700464, 36.6294204], [138.5700433, 36.6295002], [138.5700343, 36.6295476], [138.57, 36.6295971], [138.5699552, 36.6296353], [138.5698916, 36.6296652], [138.5698194, 36.6296769], [138.5697329, 36.6296742], [138.5696283, 36.6296483], [138.569491, 36.6295987], [138.5680866, 36.6290812], [138.5678961, 36.6290354], [138.5677903, 36.6290291], [138.567678, 36.6290367], [138.5675436, 36.6290597], [138.5674198, 36.6290913], [138.5671301, 36.6291746], [138.5670217, 36.6291944], [138.5669218, 36.6292016], [138.5668178, 36.6291994], [138.5667201, 36.6291862], [138.5666225, 36.6291597], [138.566095, 36.628947], [138.566018, 36.628902], [138.5659534, 36.6288434], [138.5659057, 36.6287849], [138.5658691, 36.628723], [138.5658359, 36.6286405], [138.5658127, 36.6285321], [138.5657352, 36.6281728], [138.565692, 36.628074], [138.5656485, 36.6280229], [138.5655944, 36.627992], [138.5655375, 36.6279816], [138.5654749, 36.6279861], [138.5654261, 36.6279988], [138.5653862, 36.628029], [138.5653612, 36.628069], [138.5653485, 36.6281154], [138.565359, 36.6281805], [138.5653898, 36.6282578], [138.5654487, 36.6284128], [138.565452, 36.6284622], [138.5654425, 36.6284943], [138.5654269, 36.6285249], [138.5654007, 36.6285476], [138.5653673, 36.6285669], [138.5653223, 36.6285861], [138.5652615, 36.6285897], [138.5652167, 36.6285797], [138.5651687, 36.6285556], [138.5651177, 36.628504], [138.5648659, 36.6280985], [138.5648249, 36.6279998], [138.5648194, 36.6279085], [138.5648241, 36.6278186], [138.5648777, 36.6275312], [138.5648744, 36.6274134], [138.5648583, 36.6273407], [138.5648234, 36.6272627], [138.5647778, 36.6271933], [138.5647067, 36.6271264], [138.5646123, 36.6270575], [138.5644861, 36.626993], [138.5641562, 36.6268365], [138.5639747, 36.6267672], [138.5637485, 36.6266952], [138.5629094, 36.6264594], [138.5627717, 36.6264262], [138.5626904, 36.626416], [138.5626017, 36.6264391], [138.5625341, 36.6264713], [138.5624865, 36.6265301], [138.5624672, 36.6265805], [138.5624624, 36.6266347], [138.5624855, 36.626686], [138.5626996, 36.6269718], [138.5627661, 36.6270508], [138.5628446, 36.6271127], [138.5629262, 36.6271602], [138.5630149, 36.6271924], [138.5632294, 36.6272506], [138.5633438, 36.6272965], [138.5634229, 36.6273519], [138.5634477, 36.6273996], [138.56345, 36.6274657], [138.5634325, 36.6275114], [138.5634001, 36.627556], [138.5633502, 36.6275928], [138.5632757, 36.6276164], [138.5631763, 36.6276324], [138.562268, 36.6276802], [138.5621086, 36.6276917], [138.5615405, 36.6277839], [138.5613561, 36.6278098], [138.561195, 36.6278213], [138.5610593, 36.6278147], [138.5608743, 36.6277743], [138.5599825, 36.6274066], [138.5598962, 36.6273732], [138.5598019, 36.6273559], [138.5596881, 36.6273542], [138.5595965, 36.6273671], [138.5595137, 36.6273911], [138.5594329, 36.6274316], [138.5591722, 36.6276323], [138.5589015, 36.6278221], [138.5587799, 36.6278775], [138.5586467, 36.6279035], [138.5585327, 36.62791], [138.5584367, 36.6278957], [138.5583514, 36.6278474], [138.5582981, 36.6277958], [138.5582691, 36.6277467], [138.5582521, 36.6276912], [138.5582493, 36.6276315], [138.5582624, 36.6275686], [138.5582938, 36.6275053], [138.5583332, 36.6274452], [138.5584058, 36.6273699], [138.5585024, 36.6273138], [138.5588597, 36.6271467], [138.5593577, 36.6270047], [138.5595348, 36.6269769], [138.5597179, 36.6269731], [138.5599981, 36.6270008], [138.5603856, 36.627037], [138.560551, 36.6270354], [138.5606229, 36.6270201], [138.5606879, 36.6269788], [138.5607232, 36.626937], [138.5607304, 36.6268679], [138.560704, 36.6268166], [138.5606574, 36.6267739], [138.5605788, 36.6267497], [138.5601378, 36.626772], [138.5599643, 36.6267782], [138.5589056, 36.6267881], [138.5587564, 36.6267953], [138.5586827, 36.6268089], [138.5585439, 36.6268423], [138.5574891, 36.6271562], [138.557112, 36.6273039], [138.5565421, 36.6274824], [138.5563094, 36.6275406], [138.5561337, 36.6275653], [138.555941, 36.6275676], [138.5557294, 36.6275478], [138.5555147, 36.627497], [138.5552849, 36.6274218], [138.5546873, 36.6271397], [138.5541397, 36.6269089], [138.5540046, 36.6268694], [138.5536609, 36.6268087], [138.5535446, 36.6267965], [138.5534562, 36.6267973], [138.5533825, 36.6268184], [138.5533378, 36.6268567], [138.5533232, 36.6269085], [138.5533324, 36.6269682], [138.5533554, 36.6270274], [138.5534301, 36.6271191], [138.5539738, 36.6278273], [138.553998, 36.6279042], [138.5539933, 36.627984], [138.5539692, 36.6280505], [138.55391, 36.6281029], [138.5537532, 36.6281913], [138.5536016, 36.6282521], [138.5534615, 36.6283313], [138.5527298, 36.6289758], [138.552683, 36.6290509], [138.5526823, 36.6291195], [138.5526948, 36.6291806], [138.5527326, 36.6292289], [138.5528001, 36.629267], [138.5529189, 36.6293029], [138.5533641, 36.6294132], [138.5534913, 36.6294707], [138.5535894, 36.6295375], [138.5536542, 36.629621], [138.5536827, 36.6297236], [138.5537022, 36.6298314], [138.5536985, 36.6299044], [138.5536721, 36.6299949], [138.5534153, 36.630409], [138.5533789, 36.6304628], [138.553347, 36.6305258], [138.5533474, 36.6305935], [138.5533747, 36.6306474], [138.553434, 36.630679], [138.5534982, 36.630685], [138.5535656, 36.6306698], [138.5536641, 36.6306479], [138.5550447, 36.6301762], [138.5554731, 36.6299468], [138.5556108, 36.6297989], [138.5556792, 36.6297617], [138.5557444, 36.629745], [138.5558371, 36.6297449], [138.5559309, 36.6297676], [138.5565038, 36.6299058], [138.5567353, 36.6299804], [138.5580989, 36.6306076], [138.5582163, 36.6306832], [138.5582881, 36.6307638], [138.5583378, 36.6308795], [138.5583479, 36.631], [138.5583332, 36.6311053], [138.5582885, 36.6312051], [138.5582147, 36.6312905], [138.5581142, 36.6313589], [138.5579978, 36.6314103], [138.5578823, 36.6314349], [138.5577635, 36.6314418], [138.5576447, 36.6314362], [138.5575578, 36.6314063], [138.5568791, 36.631007], [138.5567787, 36.6309833], [138.5566857, 36.6309809], [138.556596, 36.6309869], [138.5565233, 36.6309994], [138.5564383, 36.6310315], [138.5563626, 36.6310857], [138.5563167, 36.6311284], [138.5552395, 36.6328659], [138.5552147, 36.6329534], [138.5552059, 36.6330452], [138.5552153, 36.6331467], [138.5552512, 36.6332535], [138.5556247, 36.6341538], [138.5556533, 36.6342335], [138.5556566, 36.6342855], [138.5556533, 36.6343371], [138.5556403, 36.634379], [138.5556035, 36.6344281], [138.5555504, 36.6344721], [138.5554891, 36.6345022], [138.5554266, 36.6345172], [138.5553533, 36.6345216], [138.5552745, 36.6345096], [138.5551806, 36.6344689], [138.5543578, 36.6340179], [138.5541325, 36.633875], [138.5539502, 36.6337433], [138.5537821, 36.6335929], [138.5536804, 36.6334499], [138.5536114, 36.6333301], [138.5535508, 36.6331735], [138.5535193, 36.632983], [138.5535124, 36.6328699], [138.5535177, 36.6327508], [138.5535384, 36.6326111], [138.5535863, 36.6323351], [138.5535963, 36.6322336], [138.5535846, 36.632169], [138.5535607, 36.6321263], [138.5535318, 36.6320898], [138.5534896, 36.6320686], [138.5534276, 36.6320535], [138.553358, 36.6320596], [138.5532816, 36.6320927], [138.5532192, 36.6321494], [138.5531913, 36.6321978], [138.5531647, 36.6322619], [138.5530776, 36.6324926], [138.5530228, 36.6325787], [138.5529712, 36.6326404], [138.5529067, 36.6327039], [138.5528377, 36.6327443], [138.5527729, 36.6327775], [138.5526974, 36.6328057], [138.5525842, 36.6328298], [138.5524583, 36.6328488], [138.5509645, 36.6330232], [138.5508214, 36.6330417], [138.5506784, 36.6330708], [138.5505902, 36.6331005], [138.5505346, 36.6331336], [138.5504545, 36.6332051], [138.550392, 36.6332934], [138.5503646, 36.6333804], [138.5503607, 36.6334548], [138.5503805, 36.633717], [138.5503819, 36.6337737], [138.550369, 36.6338375], [138.550347, 36.6339015], [138.5503002, 36.633961], [138.5502401, 36.6340115], [138.5489491, 36.6347384], [138.5486483, 36.6348849], [138.5484193, 36.6349609], [138.5479639, 36.6350775], [138.5477416, 36.6351401], [138.5474121, 36.6352588], [138.5473583, 36.6352718], [138.5472965, 36.6352729], [138.5472399, 36.6352614], [138.5471958, 36.6352343], [138.5471699, 36.6352012], [138.5471601, 36.6351609], [138.547165, 36.6351206], [138.5471806, 36.6350852], [138.5472116, 36.635057], [138.5472588, 36.635022], [138.5473184, 36.6349949], [138.5481969, 36.634632], [138.5484276, 36.634552], [138.5485203, 36.6345052], [138.5485873, 36.6344615], [138.5486602, 36.634388], [138.548714, 36.6343184], [138.548759, 36.6342302], [138.5487918, 36.6341233], [138.5487991, 36.6340373], [138.5487982, 36.6339652], [138.5487954, 36.6339288], [138.548782, 36.6338998], [138.5487574, 36.6338775], [138.5487139, 36.6338542], [138.5486621, 36.6338441], [138.5486054, 36.6338473], [138.5485602, 36.633859], [138.5485197, 36.6338745], [138.5484868, 36.6339021], [138.5483118, 36.6341778], [138.5482263, 36.6342681], [138.5481268, 36.6343337], [138.5480362, 36.6343743], [138.5479308, 36.6344054], [138.5477776, 36.6344266], [138.5473457, 36.6344546], [138.5470176, 36.6344923], [138.54652, 36.6345653], [138.5459474, 36.6346545], [138.5454912, 36.6347409], [138.5453599, 36.6347961], [138.5452799, 36.6348458], [138.545219, 36.634914], [138.545186, 36.6349992], [138.5451787, 36.635063], [138.5451996, 36.6351472], [138.545252, 36.6352241], [138.5453446, 36.6353091], [138.546018, 36.6358632], [138.546052, 36.6359122], [138.546072, 36.6359699], [138.5460685, 36.6360167], [138.5460531, 36.6360589], [138.546038, 36.6360876], [138.5460097, 36.6361102], [138.5459818, 36.6361267], [138.5459512, 36.6361388], [138.5459226, 36.6361427], [138.5458881, 36.6361435], [138.5458577, 36.6361394], [138.5458311, 36.6361285], [138.5457935, 36.6361029], [138.5457585, 36.6360649], [138.5455215, 36.6357459], [138.5454266, 36.6356386], [138.5453556, 36.6355715], [138.5451564, 36.6354436], [138.5449141, 36.6352689], [138.5448625, 36.6352277], [138.54457, 36.6349231], [138.5445432, 36.6348751], [138.544533, 36.6348279], [138.5445403, 36.6347733], [138.5445645, 36.6347298], [138.54461, 36.6346929], [138.5446777, 36.6346521], [138.5449643, 36.6344912], [138.5454593, 36.6342579], [138.5460328, 36.6340021], [138.5466165, 36.6337673], [138.5466688, 36.6337347], [138.5466997, 36.6336933], [138.5467186, 36.6336452], [138.546716, 36.6335944], [138.5466957, 36.6335484], [138.5466616, 36.633521], [138.5466289, 36.633507], [138.5465754, 36.6335014], [138.5465037, 36.6335119], [138.5464348, 36.6335374], [138.5463786, 36.6335702], [138.5461803, 36.6337027], [138.5460715, 36.6337602], [138.5459937, 36.6337878], [138.5459024, 36.6338191], [138.5457886, 36.6338386], [138.5453528, 36.63389], [138.5444713, 36.6340089], [138.543814, 36.6340699], [138.5436795, 36.6341075], [138.5435603, 36.6341762], [138.5434806, 36.6342463], [138.5434263, 36.6343455], [138.5434159, 36.6344718], [138.5434439, 36.6345906], [138.5435351, 36.6347566], [138.5436792, 36.6349629], [138.5437222, 36.6350694], [138.5437566, 36.6352429], [138.5437228, 36.6354149], [138.543689, 36.6355227], [138.543606, 36.6356172], [138.5434785, 36.6356977], [138.5433217, 36.6357435], [138.5431857, 36.6357683], [138.543018, 36.6357656], [138.5428038, 36.6357338], [138.5426583, 36.6356829], [138.5425128, 36.635596], [138.5421707, 36.6353591], [138.5418508, 36.6351482], [138.5416359, 36.6350332], [138.54154, 36.6350125], [138.5414316, 36.635022], [138.541311, 36.6350612], [138.5411171, 36.6351622], [138.5407206, 36.6354439], [138.5401442, 36.635849], [138.5398003, 36.6360898], [138.5397511, 36.636148], [138.539729, 36.6362173], [138.5397274, 36.6362942], [138.5397347, 36.6366936], [138.539736, 36.6367528], [138.5397196, 36.6368494], [138.5397059, 36.6369002], [138.5396649, 36.6369705], [138.539628, 36.6370055], [138.5395815, 36.6370329], [138.5394734, 36.6370674], [138.5393835, 36.6370774], [138.5386926, 36.6371144], [138.538348, 36.637114], [138.5381835, 36.6371011], [138.5380307, 36.6370627], [138.5371223, 36.6368036], [138.5370034, 36.6367791], [138.5368925, 36.6367704], [138.5367756, 36.6367807], [138.5366734, 36.6367934], [138.5365906, 36.6368074], [138.5347534, 36.6372166], [138.5342961, 36.6373287], [138.5341643, 36.6373652], [138.5337039, 36.637511], [138.5336259, 36.6375497], [138.5334681, 36.6376278], [138.5333548, 36.6376839], [138.533339, 36.6376918], [138.5332499, 36.6377359], [138.5330419, 36.6378391], [138.5326083, 36.6380515], [138.5324279, 36.6381151], [138.5323019, 36.6381479], [138.5321796, 36.6381666], [138.531931, 36.6381685], [138.5316486, 36.638163], [138.5315386, 36.6381608], [138.5314123, 36.6381584], [138.5301143, 36.6381469], [138.529539, 36.6382132], [138.5287871, 36.6383168], [138.528653, 36.6383496], [138.5285234, 36.6384228], [138.5284394, 36.6385279], [138.5283389, 36.638736], [138.528192, 36.6388885], [138.5279804, 36.6390154], [138.5269856, 36.6393699], [138.5268322, 36.6394025], [138.5267002, 36.6394139], [138.5264011, 36.6393826], [138.5259791, 36.6392783], [138.5258824, 36.6392651], [138.5257521, 36.6392911], [138.5256713, 36.6393473], [138.5256112, 36.639433], [138.5256203, 36.6395086], [138.5256773, 36.6396008], [138.526039, 36.6398308], [138.526132, 36.6399467], [138.526217, 36.6400907], [138.5263959, 36.640545], [138.526403, 36.640618], [138.5264043, 36.6406841], [138.5263671, 36.6407441], [138.5263129, 36.6407929], [138.5256789, 36.6411249], [138.5255689, 36.6411641], [138.5254829, 36.6411794], [138.5253793, 36.6411733], [138.5252715, 36.6411473], [138.525126, 36.6411111], [138.5250497, 36.6411164], [138.5249855, 36.6411297], [138.5249271, 36.6411618], [138.5248769, 36.641199], [138.5248337, 36.6412563], [138.5247661, 36.6416083], [138.5247256, 36.6416984], [138.5246746, 36.6417775], [138.5245993, 36.6418535], [138.5241568, 36.642148], [138.5240862, 36.6421827], [138.5240062, 36.642188], [138.5239275, 36.6421864], [138.5238527, 36.6421622], [138.5237974, 36.6421247], [138.5235816, 36.641835], [138.5234977, 36.6417313], [138.523379, 36.6416145], [138.5232364, 36.6415154], [138.5230709, 36.64141], [138.5228602, 36.6413148], [138.5227467, 36.6412827], [138.5226333, 36.6412705], [138.5224847, 36.6412783], [138.5223302, 36.6413061], [138.522133, 36.6413984], [138.5217999, 36.6415605], [138.5216965, 36.6416013], [138.521574, 36.6416342], [138.521411, 36.6416478], [138.5212431, 36.6416571], [138.5202678, 36.6416892], [138.5201426, 36.6417122], [138.5200207, 36.6417452], [138.5199336, 36.6418056], [138.519783, 36.6419873], [138.5196785, 36.6421396], [138.519665, 36.6421921], [138.5196867, 36.6422569], [138.5197304, 36.6422965], [138.5197956, 36.642326], [138.5198824, 36.6423443], [138.5219712, 36.6422859], [138.5220888, 36.6422998], [138.5222226, 36.6423309], [138.5225372, 36.642504], [138.5233318, 36.6429456], [138.5235037, 36.6430163], [138.5236907, 36.6430631], [138.5246407, 36.6432719], [138.5247835, 36.6433059], [138.5249111, 36.6433411], [138.524964, 36.6433735], [138.5250088, 36.6434124], [138.5250164, 36.6434667], [138.5250169, 36.6435324], [138.5249916, 36.6436019], [138.5247282, 36.6440619], [138.524702, 36.6442102], [138.5247139, 36.6443064], [138.524742, 36.6443853], [138.5248384, 36.6446033], [138.5248674, 36.6446964], [138.5248748, 36.6448025], [138.5248629, 36.6455526], [138.5248816, 36.6456218], [138.5249248, 36.6456634], [138.5252766, 36.6459803], [138.5253443, 36.6460594], [138.5253973, 36.6461659], [138.5254269, 36.6462498], [138.5254413, 36.646388], [138.5254151, 36.6465874], [138.5253753, 36.6467915], [138.5251799, 36.6479224], [138.5251801, 36.6480013], [138.5251898, 36.6481079], [138.52521, 36.6482276], [138.5252196, 36.6482981], [138.5254768, 36.6496477], [138.5254838, 36.6497732], [138.5254571, 36.6499706], [138.5254211, 36.6501568], [138.5253197, 36.6508589], [138.5253545, 36.6510515], [138.5254189, 36.6511859], [138.5254451, 36.6512272], [138.525879, 36.651814], [138.5266052, 36.6527494], [138.5266955, 36.652845], [138.5268069, 36.6529237], [138.5275095, 36.6533417], [138.5277304, 36.6534861], [138.5280071, 36.6537447], [138.5284422, 36.6541968], [138.5285162, 36.6542479], [138.5285848, 36.6542764], [138.5286601, 36.6542984], [138.5287646, 36.6543207], [138.528862, 36.654329], [138.5290683, 36.6543379], [138.529175, 36.6543514], [138.52926, 36.6543807], [138.5293198, 36.6544189], [138.5293632, 36.6544816], [138.5295434, 36.6548454], [138.5295875, 36.6548915], [138.5299753, 36.6551412], [138.5300778, 36.6552139], [138.5301241, 36.6552605], [138.5301451, 36.6553264], [138.5301506, 36.6553913], [138.5301399, 36.6554518], [138.5296804, 36.6566932], [138.5296698, 36.6567821], [138.5296665, 36.6568825], [138.5296987, 36.6570147], [138.5297391, 36.6571147], [138.5298, 36.6572212], [138.5300273, 36.6574481], [138.5302137, 36.6575608], [138.5304249, 36.6576536], [138.5306073, 36.6577196], [138.530827, 36.6577706], [138.5312777, 36.6578153], [138.5313623, 36.6578461], [138.5314038, 36.6579041], [138.531408, 36.657962], [138.5313924, 36.6580158], [138.5313582, 36.6580546], [138.5312981, 36.6580879], [138.5312347, 36.6580953], [138.5311307, 36.658093], [138.5308892, 36.6580935], [138.5303904, 36.6580574], [138.5302706, 36.6580276], [138.5300845, 36.6579644], [138.5298586, 36.6578688], [138.5297424, 36.6578184], [138.5296474, 36.657797], [138.5295858, 36.6577996], [138.5295335, 36.6578145], [138.5294922, 36.6578336], [138.5294578, 36.6578719], [138.529445, 36.6579109], [138.5294498, 36.6579821], [138.5294882, 36.6580278], [138.5295478, 36.6580678], [138.529645, 36.658109], [138.529813, 36.6581548], [138.5303387, 36.6582899], [138.5305927, 36.6583399], [138.5310621, 36.6584298], [138.5317333, 36.6585308], [138.531854, 36.6585395], [138.5319685, 36.6585333], [138.5327729, 36.6584506], [138.5329923, 36.6584141], [138.5336337, 36.658309], [138.5338145, 36.6583095], [138.5339867, 36.6583284], [138.534079, 36.658357], [138.5341413, 36.6583924], [138.5341802, 36.6584408], [138.5341981, 36.6584916], [138.5341977, 36.6585544], [138.534185, 36.6586227], [138.5340794, 36.6588713], [138.5340574, 36.6589729], [138.5340534, 36.6590498], [138.534101, 36.6593974], [138.5341331, 36.6595539], [138.5341621, 36.6596582], [138.5342218, 36.659783], [138.5343044, 36.6598986], [138.5345708, 36.6601902], [138.5348572, 36.6604715], [138.5354464, 36.6610326], [138.5355232, 36.6611298], [138.5355968, 36.6612582], [138.5356649, 36.6613975], [138.5359326, 36.6621625], [138.5362321, 36.6631098], [138.5363627, 36.6636424], [138.5364032, 36.6638177], [138.5364112, 36.6639843], [138.5363895, 36.6641696], [138.5363462, 36.6643158], [138.5362518, 36.6644809], [138.5361289, 36.6646526], [138.5357607, 36.6649555], [138.5353023, 36.665281], [138.5350926, 36.6654394], [138.5348621, 36.6656534], [138.5348017, 36.6657644], [138.5346299, 36.6662456], [138.534576, 36.6663215], [138.5345124, 36.6663717], [138.5344558, 36.6664077], [138.5343963, 36.6664287], [138.5343516, 36.6664365], [138.5342467, 36.6664381], [138.5340982, 36.6664245], [138.5340282, 36.6664128], [138.5333327, 36.6662985], [138.5329562, 36.6662697], [138.5325982, 36.6662791], [138.5315604, 36.6663648], [138.5313533, 36.6663672], [138.5311657, 36.6663449], [138.5309029, 36.6662847], [138.5306829, 36.6662718], [138.5305242, 36.6662903], [138.5303446, 36.6663337], [138.5302122, 36.6663396], [138.5300806, 36.666332], [138.5299287, 36.6662848], [138.5293364, 36.6659555], [138.5291862, 36.6658802], [138.5290087, 36.6658419], [138.5288223, 36.6658444], [138.5286983, 36.6658578], [138.5282788, 36.665963], [138.5279873, 36.6660695], [138.527416, 36.6663342], [138.5270298, 36.66653], [138.5268407, 36.6666053], [138.5267135, 36.6666326], [138.5265553, 36.6666253], [138.5264107, 36.6665864], [138.5262707, 36.6665074], [138.5260406, 36.6663462], [138.5259032, 36.6662739], [138.5258013, 36.6662395], [138.5256994, 36.6662072], [138.5255862, 36.6661857], [138.525466, 36.6661782], [138.5253695, 36.6661814], [138.5252555, 36.6661954], [138.5251589, 36.6662191], [138.5250181, 36.6662718], [138.524937, 36.666316], [138.5248278, 36.6663866], [138.5246327, 36.6665406], [138.5244606, 36.6666692], [138.5235328, 36.6673782], [138.5233618, 36.6674648], [138.5232358, 36.6675089], [138.5229635, 36.667596], [138.5228536, 36.6676304], [138.522753, 36.6676648], [138.5226685, 36.667709], [138.5226068, 36.6677477], [138.5225383, 36.6677973], [138.522444, 36.6678716], [138.5223211, 36.6679897], [138.5221508, 36.668178], [138.522065, 36.6682554], [138.5219175, 36.6683684], [138.5217495, 36.6684716], [138.5214301, 36.6686531], [138.520968, 36.668918], [138.5206622, 36.6690794], [138.520517, 36.6691092], [138.5203457, 36.6691095], [138.5202137, 36.6690684], [138.5200691, 36.6689919], [138.5199045, 36.6688976], [138.5197851, 36.6688492], [138.5196497, 36.6688191], [138.5195249, 36.6688245], [138.5193013, 36.6688684], [138.5191642, 36.6689062], [138.5190698, 36.6689447], [138.5189965, 36.6689987], [138.5189161, 36.6690772], [138.5188665, 36.6691504], [138.5188379, 36.6692236], [138.5188316, 36.6692397], [138.5188028, 36.6693561], [138.5187122, 36.6696936], [138.5186962, 36.6697852], [138.5186882, 36.6698558], [138.51869, 36.6699103], [138.5186906, 36.6699278], [138.5186931, 36.6699913], [138.5187033, 36.6700334], [138.518712, 36.6700695], [138.5187371, 36.670131], [138.5187752, 36.6701976], [138.5190207, 36.6705854], [138.519085, 36.6707209], [138.5190877, 36.6708113], [138.5190545, 36.6708893], [138.5189865, 36.6709272], [138.5189209, 36.6709417], [138.518863, 36.6709366], [138.5187922, 36.6709208], [138.5187112, 36.6708761], [138.5183729, 36.670481], [138.5180291, 36.6700511], [138.5179438, 36.6699389], [138.5178874, 36.6698216], [138.5178597, 36.6697284], [138.517848, 36.6696397], [138.5178479, 36.6692846], [138.5178418, 36.6692289], [138.5178083, 36.6691708], [138.5177508, 36.6691188], [138.5176863, 36.6690869], [138.51759, 36.6690847], [138.5175133, 36.6691224], [138.517468, 36.6691671], [138.5174429, 36.6692537], [138.5174596, 36.6694279], [138.5175282, 36.6697433], [138.5175656, 36.6699034], [138.5176098, 36.6700271], [138.517697, 36.670182], [138.5179252, 36.6704995], [138.5179545, 36.670557], [138.5179558, 36.6706273], [138.5179196, 36.6706886], [138.5178671, 36.6707351], [138.5177802, 36.6707463], [138.5177198, 36.6707284], [138.5176447, 36.6706725], [138.51707, 36.669679], [138.517001, 36.6695936], [138.5169272, 36.6695355], [138.5168554, 36.6694994], [138.5167429, 36.6694624], [138.5165571, 36.6694322], [138.5161749, 36.6693752], [138.5160568, 36.6693419], [138.5159579, 36.669313], [138.5158396, 36.6692623], [138.515685, 36.6691661], [138.515158, 36.6687538], [138.5143356, 36.6680891], [138.5142437, 36.6680284], [138.5141353, 36.667992], [138.5140398, 36.6679876], [138.5139552, 36.6680036], [138.5138832, 36.6680516], [138.5138502, 36.6681137], [138.5138427, 36.6681812], [138.5138561, 36.6682522], [138.5138997, 36.6683203], [138.5140103, 36.6684404], [138.5145441, 36.6689621], [138.514947, 36.669357], [138.515191, 36.6696051], [138.5152522, 36.6696818], [138.5152884, 36.6697635], [138.5152937, 36.6698442], [138.5152656, 36.6699131], [138.5152052, 36.669974], [138.5151225, 36.6700122], [138.5150282, 36.6700196], [138.5149384, 36.670012], [138.5148538, 36.6699885], [138.5146983, 36.6699141], [138.5139199, 36.6694805], [138.5137005, 36.6693655], [138.5135677, 36.6693279], [138.5134631, 36.6693107], [138.5133626, 36.6693171], [138.5132656, 36.6693435], [138.5131863, 36.6693849], [138.513099, 36.6694711], [138.5130541, 36.669543], [138.5130367, 36.669628], [138.513048, 36.6697194], [138.5130876, 36.6698184], [138.5131879, 36.6699407], [138.5142956, 36.6709971], [138.5143577, 36.6710812], [138.5143898, 36.6711544], [138.5143943, 36.6712354], [138.5143644, 36.6713179], [138.5143355, 36.6713719], [138.5142331, 36.6714489], [138.514127, 36.6714771], [138.5140056, 36.6714748], [138.5138601, 36.6714362], [138.513688, 36.6713346], [138.5125721, 36.6706043], [138.5124466, 36.6705348], [138.5123017, 36.6704875], [138.5121461, 36.6704609], [138.5119804, 36.6704842], [138.511882, 36.6705208], [138.5118002, 36.6705897], [138.5117537, 36.6706589], [138.5117251, 36.6707628], [138.5117318, 36.67085], [138.5117603, 36.6709475], [138.5118443, 36.6710918], [138.5134447, 36.673449], [138.5135074, 36.6735714], [138.5135382, 36.6736725], [138.513546, 36.6737634], [138.5135356, 36.6738371], [138.5134994, 36.6739235], [138.5134406, 36.6739931], [138.513376, 36.674049], [138.5132794, 36.6740952], [138.5131912, 36.6741202], [138.5130711, 36.674136], [138.5129455, 36.6741393], [138.5128047, 36.6741232], [138.5122758, 36.6740117], [138.5111189, 36.6737553], [138.5108618, 36.673706], [138.5106602, 36.6736757], [138.5101117, 36.6736133], [138.5098824, 36.6735746], [138.5097456, 36.6735434], [138.5096054, 36.6734941], [138.5086766, 36.6731409], [138.5085615, 36.6731267], [138.5084514, 36.6731325], [138.5083182, 36.6731658], [138.5082167, 36.6732218], [138.5081457, 36.6733003], [138.5080893, 36.6734025], [138.5080584, 36.673489], [138.5080424, 36.6736434], [138.5080335, 36.6737774], [138.5080317, 36.6738887], [138.5080545, 36.6740113], [138.5081057, 36.6741401], [138.5081953, 36.6742759], [138.5090383, 36.6752117], [138.5091582, 36.6753774], [138.5093875, 36.6757732], [138.5097903, 36.6764829], [138.5098435, 36.6766003], [138.5098758, 36.6766912], [138.5098806, 36.6767638], [138.5098636, 36.6768595], [138.5098283, 36.6769128], [138.5097451, 36.6770073], [138.5096456, 36.6770723], [138.5095471, 36.6771069], [138.5094412, 36.6771166], [138.5093392, 36.6771101], [138.5092333, 36.6770808], [138.5091273, 36.677023], [138.5090388, 36.676958], [138.5084568, 36.6763475], [138.5081965, 36.676085], [138.508088, 36.6759808], [138.5079941, 36.675913], [138.5079013, 36.6758725], [138.5077932, 36.6758551], [138.507683, 36.6758624], [138.5076049, 36.6758857], [138.5075301, 36.675941], [138.5074714, 36.6760178], [138.5074299, 36.6761726], [138.507404, 36.6766068], [138.5073692, 36.6775619], [138.5073713, 36.6777768], [138.5073806, 36.6779213], [138.50742, 36.6780712], [138.5074724, 36.6782513], [138.5075194, 36.6783976], [138.5075314, 36.6785062], [138.5075073, 36.6785955], [138.5074507, 36.6786718], [138.5073217, 36.6787693], [138.5055338, 36.6794284], [138.505332, 36.6795248], [138.5051523, 36.6796323], [138.5051362, 36.6796425], [138.5050133, 36.6797205], [138.5045542, 36.6800411], [138.5044282, 36.680115], [138.5043128, 36.6801615], [138.5042068, 36.680183], [138.5040854, 36.6801823], [138.5039607, 36.6801712], [138.5037965, 36.6801335], [138.5033906, 36.6800083], [138.5032399, 36.679984], [138.5031192, 36.6799862], [138.5029671, 36.6800126], [138.5028343, 36.6800846], [138.5027316, 36.6801766], [138.5026847, 36.6802669], [138.502674, 36.6803497], [138.5026686, 36.6804444], [138.502695, 36.6805332], [138.5027544, 36.6806595], [138.5030055, 36.6811107], [138.5030293, 36.6812134], [138.5030256, 36.681308], [138.5029824, 36.6813865], [138.502928, 36.6814361], [138.5028557, 36.6814788], [138.5027397, 36.6815006], [138.5026273, 36.6814927], [138.5025237, 36.6814597], [138.5024362, 36.6814049], [138.5022984, 36.6812844], [138.502094, 36.6810743], [138.5020034, 36.681008], [138.5019122, 36.680966], [138.501804, 36.6809369], [138.501688, 36.6809311], [138.501576, 36.680955], [138.5014368, 36.6810185], [138.5012189, 36.6811779], [138.5011311, 36.6812759], [138.5010874, 36.6813618], [138.5010754, 36.6814296], [138.5010749, 36.6815132], [138.5010995, 36.6815887], [138.5011519, 36.6816582], [138.5012269, 36.6817307], [138.5013235, 36.6817888], [138.5014578, 36.6818589], [138.5015836, 36.6819426], [138.5016413, 36.6820039], [138.5016666, 36.6820645], [138.5016507, 36.6821351], [138.5016023, 36.682192], [138.5015285, 36.6822156], [138.5014226, 36.6822221], [138.5013136, 36.6821907], [138.501243, 36.6821555], [138.5008653, 36.6819634], [138.5005054, 36.6817544], [138.5003123, 36.6816529], [138.5001969, 36.6815973], [138.5000816, 36.6815705], [138.4999676, 36.6815619], [138.4998804, 36.6815629], [138.4997991, 36.6815819], [138.49969, 36.6816382], [138.4996119, 36.6817093], [138.4995545, 36.6818135], [138.4995327, 36.6818923], [138.4995183, 36.682005], [138.4995237, 36.6822201], [138.4995398, 36.6825277], [138.4995299, 36.6827063], [138.4994915, 36.6828643], [138.4994392, 36.6830095], [138.4993259, 36.6832269], [138.4987352, 36.6842372], [138.4986032, 36.6844812], [138.498445, 36.684688], [138.4983207, 36.6847754], [138.4981935, 36.6848642], [138.4976997, 36.6851034], [138.497658, 36.685126], [138.4976071, 36.6851462], [138.4973674, 36.6852632], [138.4972653, 36.6853401], [138.4972151, 36.685392], [138.4971118, 36.6855288], [138.496984, 36.6858163], [138.4968615, 36.6862085], [138.4968028, 36.6863497], [138.4967419, 36.6864118], [138.4966966, 36.6864683], [138.496578, 36.6865129], [138.4964539, 36.6865596], [138.4962702, 36.6866178], [138.4960543, 36.6866941], [138.4959309, 36.6867435], [138.4957847, 36.686836], [138.4956466, 36.6869404], [138.4953643, 36.6872336], [138.4952301, 36.6874117], [138.4951423, 36.6875716], [138.4950689, 36.6877169], [138.4948789, 36.688148], [138.49476, 36.6883878], [138.4945482, 36.6886998], [138.4939415, 36.6894112], [138.4931909, 36.6902739], [138.4929613, 36.6905769], [138.4927672, 36.6908915], [138.4923005, 36.6917367], [138.4921838, 36.6919862], [138.4921007, 36.6921927], [138.4920887, 36.6922409], [138.4919613, 36.69276], [138.4918097, 36.6933777], [138.4916648, 36.6937498], [138.4915334, 36.6939821], [138.4913587, 36.6942647], [138.490767, 36.6952039], [138.490733, 36.695302], [138.490722, 36.6953875], [138.4907314, 36.6954768], [138.4907784, 36.6955714], [138.4908414, 36.6956531], [138.4909406, 36.695751], [138.4911928, 36.6959467], [138.4913725, 36.6960972], [138.4914529, 36.6961736], [138.4915079, 36.6962693], [138.491524, 36.6963403], [138.4915267, 36.6964252], [138.4915093, 36.6965177], [138.4913778, 36.6968295], [138.491365, 36.6968759], [138.491355, 36.6969984], [138.4913684, 36.6970714], [138.491402, 36.6971435], [138.4914548, 36.6972169], [138.4915401, 36.6972898], [138.4919437, 36.6975546], [138.4921127, 36.6976554], [138.4922455, 36.6977232], [138.4923823, 36.6977683], [138.4925223, 36.6977984], [138.4928047, 36.6978276], [138.4929411, 36.697845], [138.4930421, 36.6978747], [138.4931102, 36.6979086], [138.4931749, 36.6979565], [138.4932337, 36.6980269], [138.4932725, 36.6981094], [138.4933224, 36.6982575], [138.4933744, 36.6984636], [138.4933886, 36.698585], [138.4933989, 36.698707], [138.4934023, 36.6988003], [138.493376, 36.6989795], [138.493154, 36.6995594], [138.4928826, 36.7002188], [138.4921071, 36.7009963], [138.4919277, 36.7012186], [138.4917853, 36.7014264], [138.4915788, 36.7019251], [138.4913541, 36.703024], [138.4912059, 36.7036524], [138.4911861, 36.7038682], [138.4912054, 36.7040815], [138.4911487, 36.7045114], [138.4911248, 36.7047065], [138.4910734, 36.7047822], [138.4910372, 36.7048444], [138.4909567, 36.7049016], [138.490858, 36.7049687], [138.4901455, 36.7053544], [138.4900109, 36.7054715], [138.4899321, 36.7055885], [138.4898767, 36.7057038], [138.4898143, 36.7059627], [138.4897765, 36.7060809], [138.4897322, 36.7061836], [138.4896424, 36.7062895], [138.4894702, 36.7064072], [138.4891306, 36.7066201], [138.4887941, 36.7068183], [138.4886585, 36.7069096], [138.4885952, 36.7070076], [138.488591, 36.7071045], [138.4886113, 36.7071731], [138.4886536, 36.7072247], [138.488781, 36.7072553], [138.4890201, 36.7072184], [138.4899047, 36.7070987], [138.490071, 36.7070812], [138.4901896, 36.7070916], [138.4903133, 36.7071241], [138.490356, 36.7072035], [138.4903494, 36.7072977], [138.4903398, 36.7073604], [138.4902773, 36.7074154], [138.490156, 36.7074847], [138.4896961, 36.7076442], [138.4892983, 36.707769], [138.4890641, 36.7078183], [138.4888753, 36.7078313], [138.4887055, 36.7078402], [138.4885711, 36.7078658], [138.4884879, 36.7079162], [138.4884703, 36.7079732], [138.4884631, 36.7080678], [138.488524, 36.708199], [138.488684, 36.7084606], [138.4888317, 36.708672], [138.4889665, 36.7088334], [138.4895137, 36.7093709], [138.4896486, 36.7094979], [138.4898404, 36.7096382], [138.4900256, 36.7097239], [138.4910935, 36.7101607], [138.4916757, 36.7103496], [138.4918606, 36.7104633], [138.4920511, 36.7106396], [138.4922248, 36.7108578], [138.4924329, 36.7111321], [138.4925687, 36.7112653], [138.4927307, 36.7113709], [138.4929128, 36.7114277], [138.4932719, 36.7115469], [138.4935617, 36.71162], [138.4938055, 36.7116841], [138.4939917, 36.711718], [138.4942105, 36.7117595], [138.4944522, 36.7117577], [138.4948205, 36.7117103], [138.4949546, 36.7117019], [138.4950687, 36.7117138], [138.4951777, 36.7117596], [138.4952571, 36.711815], [138.4954122, 36.7119962], [138.4955073, 36.7122794], [138.4959069, 36.7131463], [138.49593, 36.7133716], [138.4959356, 36.7135942], [138.4958795, 36.7137176], [138.4957276, 36.7138141], [138.4953732, 36.7138643], [138.4950051, 36.7138373], [138.4944555, 36.7137762], [138.4942148, 36.7137907], [138.49406, 36.7138347], [138.4939424, 36.7139168], [138.4938681, 36.7140382], [138.4938186, 36.7141422], [138.4937707, 36.7143208], [138.4937095, 36.7145179], [138.4936899, 36.7146512], [138.4937144, 36.7148021], [138.4937543, 36.7149528], [138.4939199, 36.7154063], [138.4939501, 36.7155398], [138.4939451, 36.7156608], [138.4938823, 36.715814], [138.4937194, 36.7160666], [138.4933881, 36.7165865], [138.4932334, 36.7168251], [138.4930658, 36.7170754], [138.4928503, 36.7173596], [138.4927726, 36.7174641], [138.4926608, 36.717607], [138.4925835, 36.7176931], [138.4925231, 36.7177544], [138.4924594, 36.7178124], [138.4924199, 36.7178468], [138.4923074, 36.7179329], [138.4921527, 36.7180593], [138.4920635, 36.7181178], [138.4919568, 36.7181796], [138.4918469, 36.7182181], [138.4917429, 36.7182404], [138.4916338, 36.7182517], [138.4915451, 36.7182539], [138.4914528, 36.7182475], [138.4913495, 36.7182274], [138.4912462, 36.7181989], [138.4910859, 36.7181248], [138.4908924, 36.7180149], [138.4903756, 36.7177088], [138.4901842, 36.7176234], [138.490019, 36.7175864], [138.4898722, 36.7175718], [138.4896344, 36.7175996], [138.4891032, 36.7176819], [138.4887894, 36.7177415], [138.4886205, 36.7177693], [138.4882879, 36.7178275], [138.4876878, 36.7179323], [138.48755, 36.7179689], [138.4874095, 36.7180306], [138.4872898, 36.7181108], [138.4872089, 36.7182064], [138.4871385, 36.7183274], [138.4870048, 36.7188008], [138.4869489, 36.7189407], [138.4868704, 36.7190448], [138.4867358, 36.7191558], [138.4866629, 36.7191797], [138.4865802, 36.7192069], [138.4864345, 36.719225], [138.4862897, 36.7192207], [138.4861337, 36.7191815], [138.4851665, 36.7186646], [138.484926, 36.7185962], [138.4844316, 36.7184406], [138.4841354, 36.7183612], [138.4838466, 36.7182701], [138.4837045, 36.7182044], [138.4835705, 36.7180834], [138.4832648, 36.7174083], [138.4831828, 36.717326], [138.4830819, 36.7172865], [138.4829216, 36.7172624], [138.4828503, 36.7172712], [138.4827554, 36.7173041], [138.4826904, 36.717352], [138.4817099, 36.7180758], [138.4814624, 36.7182021], [138.4811356, 36.7183101], [138.4804728, 36.7184246], [138.480191, 36.7185002], [138.4798738, 36.7186015], [138.4795939, 36.7187196], [138.4793459, 36.718874], [138.4781589, 36.719588], [138.4770566, 36.7202974], [138.4762232, 36.7209363], [138.4755189, 36.7215921], [138.4751128, 36.7220443], [138.4750968, 36.7222969], [138.4752311, 36.7229751], [138.4751743, 36.7232722], [138.474779, 36.7244235], [138.4747099, 36.7245283], [138.4746147, 36.7245604], [138.4743624, 36.7245949], [138.474179, 36.7245599], [138.4740699, 36.724504], [138.473948, 36.7244146], [138.4738989, 36.7242369], [138.4739212, 36.7241335], [138.4739935, 36.7239685], [138.4742388, 36.7233147], [138.4742057, 36.7231334], [138.4741258, 36.7229442], [138.4739668, 36.7227782], [138.4737386, 36.7226754], [138.4734913, 36.722694], [138.4733331, 36.7227469], [138.4731668, 36.7228996], [138.4729766, 36.7232763], [138.4729148, 36.7234765], [138.4727824, 36.7236282], [138.4724332, 36.723789], [138.4709236, 36.7243736], [138.4704552, 36.7244885], [138.4701016, 36.7245178], [138.4698852, 36.7245145], [138.4697187, 36.7244568], [138.4695901, 36.724349], [138.4695205, 36.7242338], [138.4694566, 36.7240557], [138.4695254, 36.7235907], [138.4696231, 36.7233526], [138.4698476, 36.7229277], [138.4700769, 36.7227321], [138.4703726, 36.7226137], [138.4709706, 36.722512], [138.47127, 36.7224173], [138.4715008, 36.7222607], [138.4715426, 36.7221411], [138.4715499, 36.7219557], [138.4715063, 36.7218003], [138.4714344, 36.7217016], [138.4713176, 36.7216161], [138.4711628, 36.7215437], [138.4709836, 36.7215362], [138.4704873, 36.7216682], [138.4702154, 36.7217972], [138.4700041, 36.7219815], [138.4698173, 36.7221381], [138.4694956, 36.7226901], [138.4691361, 36.7230199], [138.4678887, 36.7238752], [138.4670917, 36.7240661], [138.4666453, 36.7241123], [138.4662974, 36.7240875], [138.4660991, 36.7240265], [138.4659703, 36.7239158], [138.4658842, 36.7238307], [138.465805, 36.7236485], [138.4658069, 36.7235172], [138.4658349, 36.7234342], [138.4659168, 36.7233221], [138.4660873, 36.723238], [138.4662386, 36.7232101], [138.4667069, 36.7232582], [138.4669727, 36.7232842], [138.4671146, 36.7232991], [138.4672619, 36.7232991], [138.4675292, 36.7232503], [138.4676676, 36.723198], [138.4678192, 36.7231125], [138.4680131, 36.7229551], [138.4681821, 36.7228304], [138.4683349, 36.7226907], [138.4685156, 36.7225197], [138.4686889, 36.7223255], [138.4688356, 36.7221385], [138.4689303, 36.7218601], [138.4689358, 36.7216501], [138.4688341, 36.7213323], [138.4686033, 36.7210948], [138.4683968, 36.7209345], [138.4679, 36.7206897], [138.4658604, 36.7199931], [138.4635097, 36.7192865], [138.462652, 36.719084], [138.4624471, 36.7190856], [138.4622273, 36.7191271], [138.4620899, 36.7191819], [138.4619837, 36.719278], [138.4617061, 36.7195725], [138.4615559, 36.7196738], [138.4613482, 36.7197509], [138.4612256, 36.7197488], [138.461069, 36.7197097], [138.4609529, 36.7196604], [138.4602141, 36.7192013], [138.4600538, 36.7191533], [138.4599005, 36.7191375], [138.459711, 36.7191339], [138.4595029, 36.7191711], [138.459334, 36.7192477], [138.459175, 36.7193608], [138.458548, 36.7200654], [138.4583711, 36.7201631], [138.4581567, 36.720284], [138.4579088, 36.7203727], [138.457695, 36.7203892], [138.4574718, 36.7203759], [138.4571351, 36.72029], [138.4567446, 36.7201208], [138.455735, 36.7197973], [138.4549665, 36.7196576], [138.4538607, 36.7193802], [138.4537747, 36.7193195], [138.4537146, 36.7192011], [138.4536676, 36.7190473], [138.45364, 36.7186788], [138.4536088, 36.718236], [138.4536187, 36.7172906], [138.4535724, 36.7172039], [138.4534884, 36.7171115], [138.4533623, 36.7170552], [138.4531841, 36.7170263], [138.4524998, 36.7170502], [138.4519553, 36.7171725], [138.4516718, 36.7172833], [138.4508403, 36.7173244], [138.4506762, 36.7173615], [138.4505515, 36.7174611], [138.4504567, 36.7176282], [138.4504335, 36.7177291], [138.4504253, 36.7178804], [138.4506326, 36.7182012], [138.450852, 36.7187704], [138.4508713, 36.7189618], [138.4509055, 36.7194002], [138.4510285, 36.7196775], [138.4511272, 36.719782], [138.4512505, 36.7198431], [138.4514298, 36.7198998], [138.4520947, 36.720065], [138.4522717, 36.7201114], [138.4525541, 36.7202582], [138.4530722, 36.7207026], [138.4541672, 36.7212676], [138.4552442, 36.721825], [138.4558133, 36.7222727], [138.4561779, 36.7225739], [138.4562888, 36.7226675], [138.4563932, 36.7228079], [138.4564438, 36.7228987], [138.4564862, 36.7230613], [138.4564544, 36.7231516], [138.4563826, 36.7232274], [138.4562368, 36.7232897], [138.4560984, 36.7233081], [138.4558964, 36.7233051], [138.4557428, 36.7232726], [138.4555388, 36.7231313], [138.4554526, 36.7230566], [138.4554012, 36.723005], [138.4550531, 36.7225858], [138.4549054, 36.7224394], [138.4547657, 36.722337], [138.4546222, 36.7222338], [138.454417, 36.722115], [138.4537576, 36.7217814], [138.4528734, 36.7214695], [138.4521477, 36.7212304], [138.4518655, 36.7211746], [138.4517066, 36.7211556], [138.4515561, 36.7211625], [138.4514008, 36.7211825], [138.4512986, 36.7212165], [138.4511648, 36.7212696], [138.4510654, 36.7213279], [138.450961, 36.7214244], [138.450895, 36.7214964], [138.4508276, 36.7216051], [138.4507732, 36.7217469], [138.4507383, 36.7218791], [138.4506324, 36.7224424], [138.4506246, 36.7225605], [138.4506349, 36.722679], [138.4506895, 36.7228056], [138.4507678, 36.7229057], [138.450858, 36.7229786], [138.4509793, 36.7230548], [138.4511131, 36.7231088], [138.4512453, 36.723126], [138.4513742, 36.7231278], [138.4515129, 36.7230977], [138.4516342, 36.7230551], [138.4517299, 36.7229998], [138.45183, 36.7229196], [138.4518957, 36.7228336], [138.4519453, 36.7227337], [138.4519654, 36.722623], [138.4519547, 36.7225058], [138.4519065, 36.722383], [138.4518387, 36.722281], [138.4517464, 36.7221997], [138.4516463, 36.7221414], [138.4515374, 36.7220959], [138.4514129, 36.7220704], [138.4512835, 36.722062], [138.4510991, 36.7220801], [138.4509283, 36.7221237], [138.4507373, 36.722181], [138.4504232, 36.7222833], [138.450222, 36.722337], [138.4500396, 36.7223478], [138.449813, 36.7223392], [138.4495139, 36.7223037], [138.4482573, 36.7220844], [138.4479408, 36.7220124], [138.4477168, 36.7219199], [138.4476042, 36.7218157], [138.4475277, 36.7217071], [138.4474459, 36.7215759], [138.4471352, 36.7209053], [138.4470124, 36.7206784], [138.4469523, 36.7205885], [138.4468795, 36.720503], [138.4467978, 36.7204425], [138.4467259, 36.7204018], [138.4466338, 36.720367], [138.4465471, 36.7203471], [138.4464146, 36.720344], [138.4462926, 36.7203526], [138.4461263, 36.7204128], [138.446019, 36.7204988], [138.445956, 36.7205827], [138.445901, 36.7207074], [138.4458862, 36.7208224], [138.4459023, 36.7209815], [138.4459881, 36.7213749], [138.4459949, 36.7216512], [138.4459801, 36.7218049], [138.4459265, 36.72195], [138.4457475, 36.7223216], [138.4456851, 36.722451], [138.4455429, 36.722796], [138.4454007, 36.7232206], [138.4451955, 36.723786], [138.4451178, 36.7240507], [138.445044, 36.7242773], [138.4449448, 36.7246782], [138.4448925, 36.724948], [138.4448147, 36.7253468], [138.4447696, 36.7255124], [138.4447461, 36.7256201], [138.4446698, 36.7257994], [138.4445626, 36.7260111], [138.4444003, 36.726253], [138.4442299, 36.7264547], [138.4438464, 36.7268345], [138.4435906, 36.727078], [138.4434819, 36.7272043], [138.4434588, 36.7272311], [138.4432499, 36.7274638], [138.4431194, 36.7276091], [138.443035, 36.7276998], [138.4427561, 36.728047], [138.4426501, 36.7281501], [138.44252, 36.7282328], [138.4423066, 36.7283429], [138.4416591, 36.7286489], [138.4412516, 36.7288242], [138.440392, 36.7292168], [138.4402821, 36.729265], [138.4401313, 36.7293194], [138.43989, 36.729401], [138.4397928, 36.729431], [138.4396277, 36.7294763], [138.4393961, 36.7295331], [138.439258, 36.7295531], [138.4389682, 36.7295845], [138.4387053, 36.7295962], [138.4381695, 36.7295933], [138.4379495, 36.7295867], [138.437134, 36.729553], [138.4368378, 36.729551], [138.4362737, 36.7295388], [138.435833, 36.7295242], [138.4352331, 36.7294696], [138.4345306, 36.7293394], [138.4344656, 36.7293211], [138.4334744, 36.7290417], [138.4305962, 36.7281899], [138.4301375, 36.7280738], [138.4296145, 36.7280158], [138.4290244, 36.7279943], [138.42844, 36.7280294], [138.4274168, 36.7282539], [138.4248604, 36.7290417], [138.4240436, 36.7294617], [138.4213336, 36.731658], [138.4211003, 36.7318936], [138.4204863, 36.7326495], [138.4197727, 36.7335085], [138.4193703, 36.7338328], [138.418879, 36.7341185], [138.4186635, 36.7342122], [138.4182906, 36.7343229], [138.4179156, 36.7343954], [138.4174806, 36.7344442], [138.4163819, 36.7344961], [138.4156469, 36.7345225], [138.4150438, 36.7345532], [138.4146368, 36.7346131], [138.414114, 36.7347556], [138.4135764, 36.7349637], [138.4131159, 36.7352085], [138.4121943, 36.7358289], [138.4111968, 36.7366003], [138.4094465, 36.7379918], [138.4084184, 36.7388352], [138.4069119, 36.7399935], [138.4059025, 36.7408388], [138.4052369, 36.7413804], [138.4046336, 36.7418978], [138.4044999, 36.7420367], [138.4043071, 36.742291], [138.4041095, 36.7425354], [138.4039247, 36.7427773], [138.4037346, 36.7431011], [138.40369, 36.7431695], [138.4034675, 36.7436566], [138.4033282, 36.7440375], [138.4032178, 36.7444844], [138.4031121, 36.7449268], [138.4029826, 36.7454198], [138.4028671, 36.7457172], [138.4027133, 36.7460355], [138.4024592, 36.7463971], [138.4021766, 36.7467235], [138.4019166, 36.7469851], [138.40142, 36.7475143], [138.4004929, 36.7485006], [138.3989851, 36.7499738], [138.3977618, 36.7513033], [138.3967771, 36.7525567], [138.3964479, 36.7531067], [138.3961137, 36.7536371], [138.3960271, 36.7537699], [138.3958404, 36.7540692], [138.3957524, 36.7542011], [138.3954185, 36.7547019], [138.3950826, 36.7550602], [138.3949344, 36.755232], [138.3943763, 36.7557771], [138.394064, 36.7560657], [138.3935525, 36.7564103], [138.3896272, 36.759168], [138.3893292, 36.7593439], [138.3888761, 36.7595555], [138.3885446, 36.7596705], [138.3882237, 36.7597425], [138.3879105, 36.7597736], [138.3875221, 36.7597917], [138.3872412, 36.7597729], [138.386971, 36.7597369], [138.3866482, 36.7596508], [138.3863362, 36.7595389], [138.3859214, 36.7593316], [138.3854808, 36.7590593], [138.3851223, 36.7588587], [138.3846902, 36.7586715], [138.384261, 36.7585576], [138.3838211, 36.7584867], [138.3834617, 36.7584717], [138.3829896, 36.758491], [138.3820911, 36.7585684], [138.3820453, 36.7585524], [138.3810914, 36.7586016], [138.3810623, 36.7585876], [138.3793898, 36.7586562], [138.3787605, 36.7586647], [138.3779048, 36.7586702], [138.3771034, 36.7586366], [138.3761264, 36.758555], [138.3749853, 36.7584118], [138.3738716, 36.7582529], [138.3737541, 36.7582377], [138.3709079, 36.7578485], [138.3687225, 36.7574182], [138.3661366, 36.7568767], [138.3660377, 36.7568551], [138.3650661, 36.7566431], [138.3630329, 36.7562202], [138.3610288, 36.7558038], [138.3582378, 36.7552114], [138.3573663, 36.7550048], [138.3555305, 36.7544904], [138.3552812, 36.7544206], [138.3545623, 36.7541869], [138.353746, 36.7539555], [138.3527612, 36.7536879], [138.3526954, 36.7538488]], [[138.3820911, 36.7585684], [138.3820469, 36.7585891], [138.3809692, 36.7586562], [138.3809143, 36.7586764], [138.380306, 36.7587011], [138.3793845, 36.7587392], [138.3787185, 36.7587551], [138.3786434, 36.7587569], [138.3783434, 36.7587697], [138.377911, 36.7587615], [138.3778453, 36.7587587], [138.3770583, 36.7587253], [138.3761323, 36.758656], [138.3749654, 36.7585168], [138.3737445, 36.7583379], [138.3736337, 36.7583217], [138.3718049, 36.7580632], [138.3708984, 36.7579302], [138.3706258, 36.7578837], [138.3686754, 36.7575137], [138.3661546, 36.7569802], [138.3650642, 36.7567533], [138.3631331, 36.7563347], [138.3609607, 36.7558956], [138.3597802, 36.755651], [138.3582055, 36.7553246], [138.3578257, 36.7552301], [138.3573421, 36.7551053], [138.3569154, 36.7549877], [138.3558284, 36.7546821], [138.3554883, 36.7545828], [138.3549513, 36.7544476], [138.3544248, 36.7543201], [138.3536481, 36.7541065], [138.3536069, 36.7540955], [138.3534178, 36.7540456], [138.3526954, 36.7538488], [138.3523538, 36.7546106], [138.3517921, 36.7559102], [138.3512377, 36.757191], [138.3512079, 36.7572606], [138.3508153, 36.7581804], [138.3506492, 36.7586361], [138.3505252, 36.7590955], [138.3504528, 36.7595066], [138.3504354, 36.7596056], [138.3504055, 36.7600721], [138.350416, 36.7612042], [138.3504212, 36.7621883], [138.3504262, 36.7631164], [138.3504496, 36.7641992], [138.3504507, 36.7649902], [138.3504576, 36.7654888], [138.3504638, 36.7659305], [138.3504632, 36.7669127], [138.3504744, 36.7677188], [138.3504871, 36.7686253], [138.3504864, 36.768653], [138.3504958, 36.7693766], [138.3505112, 36.7705575], [138.3505224, 36.7724731], [138.350547, 36.7743674], [138.3505626, 36.7757639], [138.3505684, 36.7762795], [138.3505813, 36.778179], [138.3506145, 36.7800942], [138.3506067, 36.7804602], [138.3506245, 36.7820204], [138.3506228, 36.7820611], [138.3506217, 36.7822671], [138.350621, 36.7824088], [138.3506197, 36.7826382], [138.3506172, 36.7831078], [138.3506167, 36.783211], [138.3506115, 36.784191], [138.3506305, 36.7851034], [138.3506309, 36.7853735], [138.3506334, 36.7860963], [138.35065, 36.7879989], [138.3506513, 36.7893631], [138.3506614, 36.7898686], [138.350674, 36.7904945], [138.3506696, 36.7911857], [138.3506693, 36.7912373], [138.3506685, 36.7913607], [138.3506681, 36.7916803], [138.3506924, 36.7934527], [138.3506894, 36.7935288], [138.3507081, 36.7954269], [138.3507194, 36.7963111], [138.3507324, 36.7973323], [138.3507267, 36.7987529], [138.3506838, 36.799029], [138.3506244, 36.7992289], [138.350511, 36.7995001], [138.3503965, 36.799716], [138.3502451, 36.7999145], [138.35005, 36.800163], [138.3497579, 36.8005352], [138.3494923, 36.8009368], [138.349421, 36.8010674], [138.3494047, 36.8011303], [138.3493539, 36.8013269], [138.3493489, 36.8015348], [138.3493766, 36.8016191], [138.3495091, 36.8020132], [138.3497778, 36.8028613], [138.3506184, 36.805169], [138.3506577, 36.8052654], [138.350931, 36.8061089], [138.3510056, 36.8070916], [138.3509998, 36.8074989], [138.3509633, 36.8077787], [138.3508028, 36.8085227], [138.3506801, 36.8089636], [138.3505383, 36.8093029], [138.3505179, 36.809349], [138.3504246, 36.8095852], [138.3503222, 36.8097606], [138.3499395, 36.810332], [138.3497158, 36.8107267], [138.3495716, 36.8110763], [138.349281, 36.8118125], [138.3491983, 36.8122107], [138.3491572, 36.8129503], [138.3491078, 36.8141832], [138.3490635, 36.8149059], [138.3490013, 36.8156868], [138.3490052, 36.815719], [138.3490555, 36.8161404], [138.3490794, 36.8164088], [138.3490979, 36.8166167], [138.34903, 36.8170868], [138.3490209, 36.8171248], [138.3489874, 36.8172491], [138.3486716, 36.8183197], [138.3484945, 36.8189821], [138.3484922, 36.8190481], [138.3484938, 36.8191011], [138.3486606, 36.8195389], [138.349075, 36.8206489], [138.3493161, 36.8211639], [138.3495021, 36.8214502], [138.3498665, 36.8217731], [138.3502155, 36.822042], [138.350394, 36.8221764], [138.3505097, 36.8223203], [138.3505685, 36.8224628], [138.3505724, 36.8226086], [138.3505415, 36.8227398], [138.3504203, 36.8229363], [138.3502744, 36.8231656], [138.3506438, 36.8234382], [138.3508423, 36.8235941], [138.3511663, 36.8238485], [138.3516072, 36.8241875], [138.3518552, 36.8244136], [138.3520828, 36.8246252], [138.352535, 36.8250592], [138.3528614, 36.8254115], [138.3531527, 36.8257867], [138.3533648, 36.8261243], [138.3535642, 36.8264772], [138.3536256, 36.8265872], [138.3538232, 36.8270009], [138.3539644, 36.8274319], [138.3539875, 36.8275278], [138.3542985, 36.8288192], [138.3544129, 36.8292323], [138.3546883, 36.8301302], [138.3549249, 36.8306021], [138.355236, 36.8311774], [138.3554608, 36.8316416], [138.3562324, 36.8329459], [138.3566821, 36.8337294], [138.3572492, 36.8346357], [138.3582316, 36.8363792], [138.3586901, 36.8371709], [138.3587651, 36.837302], [138.3588253, 36.8373893], [138.3588971, 36.8374737], [138.358984, 36.8375475], [138.3591017, 36.8376291], [138.3592454, 36.8377146], [138.3600957, 36.838202], [138.3606882, 36.8385292], [138.3609678, 36.8387721], [138.3612274, 36.8391075], [138.3612614, 36.8391559], [138.3614769, 36.8394623], [138.3616553, 36.8397744], [138.3624847, 36.84139], [138.3628024, 36.8420279], [138.3631594, 36.8426744], [138.363898, 36.8441437], [138.3642241, 36.844968], [138.3644902, 36.8457991], [138.364889, 36.8471619], [138.3652198, 36.8482924], [138.3654491, 36.8491989], [138.365553, 36.8495184], [138.3656837, 36.8498156], [138.3658786, 36.8503183], [138.3661044, 36.8507955], [138.3668234, 36.8522173], [138.3671028, 36.8528715], [138.3672136, 36.8531185], [138.3674235, 36.8537128], [138.3675364, 36.8540724], [138.3678376, 36.8551856], [138.3681026, 36.8561227], [138.3683462, 36.8570684], [138.3685457, 36.8577653], [138.3687409, 36.8584861], [138.3691814, 36.8600607], [138.3693225, 36.8605652], [138.3694643, 36.8609566], [138.3697746, 36.8616959], [138.3703244, 36.862955], [138.3706138, 36.8636436], [138.3708416, 36.8641893], [138.3710471, 36.8646886], [138.3707799, 36.864775], [138.3702617, 36.8649454], [138.3699772, 36.8650389], [138.3696375, 36.8651548], [138.3690761, 36.8653599], [138.3681869, 36.8656672], [138.3631196, 36.8673912], [138.3618627, 36.8678155], [138.3609889, 36.868116], [138.3594161, 36.868639], [138.3588607, 36.8688099], [138.3585539, 36.8688735], [138.3581891, 36.8689183], [138.3576752, 36.8689638], [138.3568169, 36.868984], [138.3548423, 36.8690419], [138.3525847, 36.8690717], [138.3510135, 36.8691138], [138.3478344, 36.8691766], [138.3474296, 36.8691934], [138.3471701, 36.8692385], [138.3468776, 36.8693418], [138.3466096, 36.8695414], [138.3463216, 36.8696618], [138.3460953, 36.8697078], [138.3460331, 36.8697205], [138.3458346, 36.8697224], [138.3456478, 36.8697242], [138.3453247, 36.8696417], [138.345008, 36.8694388], [138.3447318, 36.8690873], [138.3444067, 36.8685888], [138.3440139, 36.8682773], [138.3435533, 36.868196], [138.3418467, 36.8680064], [138.3413997, 36.8678709], [138.3411559, 36.8676], [138.340885, 36.8671395], [138.3405464, 36.8669905], [138.3400588, 36.8670176], [138.3396909, 36.8670618], [138.3394239, 36.8670075], [138.3390727, 36.8667349], [138.3387926, 36.866571], [138.3384194, 36.8664957], [138.3362741, 36.866577], [138.3358858, 36.8666394], [138.3349218, 36.8669098], [138.3346444, 36.8669168], [138.334419, 36.86685], [138.3343046, 36.8668127], [138.334048, 36.8667503], [138.3338885, 36.8667642], [138.333729, 36.8668058], [138.3333268, 36.8671179], [138.3331396, 36.8671734], [138.3329246, 36.867104], [138.3328163, 36.8669817], [138.3327102, 36.8668119], [138.3324372, 36.866546], [138.3321808, 36.866475], [138.3319928, 36.8664563], [138.331496, 36.8665631], [138.3309204, 36.8667919], [138.3305209, 36.8670431], [138.3302205, 36.8670961], [138.3298848, 36.8670254], [138.3296551, 36.8670254], [138.3293812, 36.8671137], [138.329125, 36.8673788], [138.3288599, 36.8678912], [138.3286744, 36.8679972], [138.3283917, 36.8679884], [138.327623, 36.8678559], [138.3265187, 36.8679796], [138.3261299, 36.8682093], [138.3256793, 36.8684301], [138.3252111, 36.8686687], [138.3238889, 36.8695105], [138.32276, 36.869928], [138.3222565, 36.8702269], [138.3221159, 36.8703227], [138.3220025, 36.8704588], [138.3219142, 36.8707349], [138.3220577, 36.8728], [138.3220025, 36.8730982], [138.3218037, 36.873297], [138.3215128, 36.8734974], [138.3213037, 36.8736124], [138.3210919, 36.8737515], [138.3209029, 36.8739554], [138.3207215, 36.874313], [138.3204785, 36.874556], [138.3198666, 36.8750178], [138.3195895, 36.8756729], [138.3188322, 36.8786313], [138.3188002, 36.8790694], [138.3189307, 36.8794231], [138.3192506, 36.8797553], [138.3203891, 36.8806227], [138.3206562, 36.8809071], [138.3208115, 36.8811832], [138.3208115, 36.8814938], [138.3203629, 36.8820805], [138.3203111, 36.8824428], [138.3203456, 36.8827189], [138.3209668, 36.8838578], [138.3212084, 36.8848069], [138.3213919, 36.8851323], [138.3226406, 36.8860838], [138.322844, 36.886285], [138.3232487, 36.8872222], [138.3233085, 36.8875836], [138.3231111, 36.8879717], [138.3228617, 36.8884093], [138.3227677, 36.8887497], [138.3228926, 36.8891753], [138.3229948, 36.8893755], [138.3230469, 36.8897797], [138.3230469, 36.8900213], [138.3237026, 36.8902974], [138.3237544, 36.890539], [138.3235818, 36.8908841], [138.32353, 36.8913155], [138.3233747, 36.8915571], [138.3228053, 36.8919712], [138.3223566, 36.8927132], [138.3219763, 36.8933187], [138.3217354, 36.8937658], [138.3216111, 36.8941271], [138.3215828, 36.8942006], [138.321478, 36.8944944], [138.3214461, 36.8946106], [138.321421, 36.8947587], [138.3213572, 36.8954261], [138.3213367, 36.895556], [138.3212433, 36.8958248], [138.3211972, 36.8959175], [138.3210963, 36.8960781], [138.3195095, 36.8980452], [138.318802, 36.8993566], [138.3181635, 36.9007716], [138.3170933, 36.9023181], [138.316519, 36.9026604], [138.3160773, 36.9028592], [138.315249, 36.9028813], [138.3147852, 36.9030911], [138.3145422, 36.9033451], [138.3141004, 36.9045599], [138.313979, 36.9050459], [138.3141446, 36.9056753], [138.3141778, 36.9060287], [138.3142219, 36.9067908], [138.3143986, 36.907354], [138.3145193, 36.9075664], [138.315332, 36.908984], [138.3154995, 36.9092017], [138.3157685, 36.909572], [138.3161387, 36.910225], [138.3162768, 36.9105701], [138.3163044, 36.9111775], [138.3160559, 36.9115916], [138.315704, 36.912046], [138.3153698, 36.9122755], [138.314912, 36.912525], [138.3141233, 36.9129169], [138.3137995, 36.9131909], [138.3132945, 36.9139443], [138.313049, 36.91423], [138.312776, 36.914416], [138.3120664, 36.9149185], [138.3117831, 36.9152554], [138.3114804, 36.9156842], [138.3111691, 36.9161195], [138.310755, 36.9165337], [138.310142, 36.916979], [138.3098162, 36.9172377], [138.3087822, 36.9185649], [138.3086196, 36.9187274], [138.3083935, 36.9188335], [138.3077008, 36.9190031], [138.3073898, 36.9191515], [138.3067606, 36.9198074], [138.3052911, 36.9213189], [138.305061, 36.9215602], [138.3049339, 36.9216905], [138.3047205, 36.9218491], [138.3041941, 36.9221398], [138.3039558, 36.9222954], [138.3037765, 36.9224489], [138.3036128, 36.9226122], [138.3031496, 36.923129], [138.3024783, 36.9239197], [138.3022562, 36.9242186], [138.302077, 36.9244908], [138.3020188, 36.9246593], [138.3020044, 36.9248517], [138.3020117, 36.9250084], [138.302014, 36.9252214], [138.3019867, 36.925398], [138.3019454, 36.9255557], [138.3018971, 36.9257398], [138.3018744, 36.9258263], [138.3016451, 36.9265481], [138.3015283, 36.926809], [138.3013899, 36.9269977], [138.3011595, 36.927263], [138.3010311, 36.9273753], [138.3009226, 36.9274625], [138.300561, 36.927668], [138.2997703, 36.9279822], [138.2996775, 36.9280186], [138.2995029, 36.9280985], [138.2993495, 36.9282068], [138.299199, 36.9283287], [138.2989024, 36.9285939], [138.298474, 36.9289626], [138.2983622, 36.9290894], [138.2982893, 36.9292076], [138.2982451, 36.929357], [138.2982326, 36.9295006], [138.2982289, 36.9297616], [138.2982392, 36.9298883], [138.2982672, 36.9300037], [138.2983178, 36.9301199], [138.2983731, 36.9302364], [138.2985828, 36.9306362], [138.2986089, 36.9307438], [138.2986014, 36.9308329], [138.2985677, 36.9309185], [138.298509, 36.9309937], [138.2978195, 36.9316353], [138.2977362, 36.9317408], [138.2976485, 36.9318866], [138.2976175, 36.9320607], [138.2976155, 36.9327215], [138.297646, 36.9328368], [138.2977046, 36.9329355], [138.2978273, 36.9331823], [138.2978758, 36.9333404], [138.2978824, 36.9334527], [138.2978647, 36.9335928], [138.2978227, 36.9337087], [138.2977454, 36.9338129], [138.2976257, 36.9338967], [138.2974917, 36.9339643], [138.2971623, 36.934214], [138.2969101, 36.9344183], [138.2968229, 36.934458], [138.2967039, 36.9344815], [138.2965666, 36.934492], [138.2964138, 36.934487], [138.2961459, 36.9344285], [138.2959684, 36.9344319], [138.2958126, 36.9344615], [138.2956984, 36.9345059], [138.2956069, 36.9345765], [138.2955399, 36.934665], [138.2955074, 36.9347932], [138.2954873, 36.93494], [138.2954141, 36.9351859], [138.295347, 36.9353521], [138.2952589, 36.9354963], [138.2951391, 36.9356004], [138.2950153, 36.9356947], [138.2947213, 36.9358601], [138.2943733, 36.9360251], [138.2942642, 36.9361003], [138.2942019, 36.9362015], [138.2941635, 36.9363356], [138.2940705, 36.9369421], [138.294005, 36.9370671], [138.2939273, 36.9371857], [138.2937083, 36.9374212], [138.2936148, 36.9375731], [138.2935528, 36.9377074], [138.2933622, 36.9382725], [138.2932813, 36.9384281], [138.293176, 36.9385747], [138.2929893, 36.9387442], [138.2926685, 36.93894], [138.2919176, 36.9392775], [138.2917255, 36.9393929], [138.2916896, 36.9394665], [138.2916729, 36.9395552], [138.2916968, 36.9396736], [138.2918453, 36.9400215], [138.2918699, 36.9401232], [138.2918523, 36.9402036], [138.2917913, 36.9402998], [138.291603, 36.9404342], [138.2915111, 36.940514], [138.2914441, 36.940625], [138.291414, 36.940745], [138.2914142, 36.9408818], [138.291425, 36.9412194], [138.2914455, 36.9414915], [138.2914864, 36.9420215], [138.2914688, 36.9421431], [138.2914291, 36.9422423], [138.2913061, 36.9424443], [138.290852, 36.9431185], [138.2908086, 36.9431968], [138.290787, 36.9432934], [138.2908043, 36.9433843], [138.2909554, 36.9436133], [138.2915656, 36.9442519], [138.2916496, 36.9443712], [138.2916852, 36.9444674], [138.2916926, 36.9445722], [138.2916617, 36.9446834], [138.2915885, 36.9448196], [138.2915004, 36.9448951], [138.2913868, 36.944945], [138.2911469, 36.9450132], [138.2908183, 36.9450577], [138.2906675, 36.9450955], [138.2905275, 36.9451725], [138.2904157, 36.9453042], [138.2903207, 36.9454368], [138.290241, 36.9455095], [138.2901077, 36.9455789], [138.2899299, 36.9456381], [138.2897459, 36.9456799], [138.2895208, 36.9457109], [138.2886984, 36.9457732], [138.2884396, 36.9457745], [138.2880462, 36.9457788], [138.2879059, 36.945814], [138.2878156, 36.9458656], [138.2877655, 36.9459621], [138.287775, 36.9460708], [138.2878083, 36.9461671], [138.2879186, 36.9463713], [138.2879413, 36.946517], [138.2879065, 36.9466452], [138.2878378, 36.9467352], [138.2876938, 36.946876], [138.2874994, 36.9470026], [138.2873279, 36.947085], [138.2871344, 36.9471636], [138.2869428, 36.9472071], [138.286745, 36.9472149], [138.2864662, 36.947187], [138.2861777, 36.9471852], [138.2860245, 36.9472028], [138.2858311, 36.9472375], [138.2856153, 36.9472918], [138.2854285, 36.9473611], [138.2852756, 36.9474323], [138.2850897, 36.9475434], [138.2832516, 36.9488505], [138.2830768, 36.948957], [138.2829535, 36.949007], [138.2828566, 36.9490327], [138.2827009, 36.9490602], [138.2825554, 36.9490828], [138.2823674, 36.9491006], [138.2821812, 36.9491168], [138.2820073, 36.9491443], [138.2818234, 36.9492008], [138.2816657, 36.9492751], [138.2815263, 36.9493702], [138.2813994, 36.9494851], [138.2810659, 36.949939], [138.2809321, 36.9501181], [138.2807993, 36.9502986], [138.2804812, 36.9506467], [138.2800346, 36.9510369], [138.2800036, 36.9510639], [138.2796948, 36.9512794], [138.2794567, 36.9514344], [138.2792364, 36.9515711], [138.2790564, 36.9516681], [138.2785105, 36.9519439], [138.2783345, 36.952057], [138.2782143, 36.9521112], [138.2779873, 36.9522951], [138.2778995, 36.9523769], [138.2778102, 36.9524713], [138.2777395, 36.9525721], [138.2776656, 36.9526968], [138.2776002, 36.9528137], [138.277557, 36.9529371], [138.2775224, 36.9531004], [138.2774764, 36.9533586], [138.2774263, 36.9536101], [138.2773709, 36.953834], [138.2772933, 36.9540011], [138.2771823, 36.9542079], [138.2770684, 36.9543631], [138.2769964, 36.9544415], [138.2768592, 36.9546078], [138.2767031, 36.9547541], [138.2765202, 36.9548645], [138.2763199, 36.9549574], [138.2760289, 36.955065], [138.2756269, 36.9551747], [138.2746729, 36.9554407], [138.274373, 36.9555443], [138.2740575, 36.9556812], [138.2737172, 36.9558677], [138.2734372, 36.9560868], [138.2730585, 36.95643], [138.2728176, 36.9566957], [138.2725799, 36.9569796], [138.2723687, 36.9572177], [138.272058, 36.9575592], [138.2715763, 36.958192], [138.2713841, 36.958492], [138.2712294, 36.9588048], [138.2711369, 36.9590109], [138.2710345, 36.9592645], [138.2709474, 36.9595399], [138.2708914, 36.9597452], [138.2706929, 36.9607117], [138.270563, 36.9613438], [138.2705127, 36.9616025], [138.2705189, 36.9617988], [138.2706949, 36.9628337], [138.2708636, 36.9637551], [138.2709541, 36.9640618], [138.2714552, 36.9654036], [138.2715226, 36.9656656], [138.2717686, 36.9671786], [138.2717877, 36.967482], [138.2717647, 36.9677902], [138.2717382, 36.9680814], [138.2716251, 36.9685323], [138.2715297, 36.9688786], [138.2714816, 36.9692048], [138.271476, 36.9695198], [138.2718434, 36.9713801], [138.2718505, 36.9718112], [138.2717869, 36.9722141], [138.2715395, 36.9728149], [138.2715395, 36.9730481], [138.2718505, 36.9738327], [138.2718717, 36.9741578], [138.2708352, 36.9773014], [138.2704351, 36.9785598], [138.2702321, 36.9792988], [138.2702102, 36.9795238], [138.2702376, 36.9797567], [138.2702895, 36.979882], [138.2703538, 36.9800374], [138.2704813, 36.980313], [138.2716265, 36.9827656], [138.2716445, 36.9828109], [138.2717992, 36.9832163], [138.2718755, 36.9834142], [138.272076, 36.9841828], [138.2722582, 36.9849795], [138.2722345, 36.985348], [138.2721445, 36.9856719], [138.2720031, 36.9860518], [138.2717383, 36.9866902], [138.2717306, 36.9867088], [138.2717173, 36.9867446], [138.2715084, 36.9873064], [138.2714936, 36.9874271], [138.2713847, 36.9883136], [138.2712968, 36.9885647], [138.2711429, 36.9888272], [138.2710963, 36.9889067], [138.2710175, 36.9890411], [138.270696, 36.9895896], [138.2706426, 36.9897249], [138.2704487, 36.9901903], [138.2698719, 36.9922793], [138.2697523, 36.9926379], [138.2685054, 36.9959373], [138.2680184, 36.9967033], [138.2672926, 36.9976355], [138.2654309, 37.0002376], [138.264878, 37.0010103], [138.2647949, 37.0011315], [138.264251, 37.001924], [138.2641094, 37.0021203], [138.2623169, 37.0046054], [138.2619343, 37.0048588], [138.2618264, 37.0049223], [138.2615949, 37.0050234], [138.261421, 37.0050743], [138.2611979, 37.005122], [138.2606694, 37.0052182], [138.260852, 37.005737], [138.2610328, 37.0064392], [138.2611159, 37.0067857], [138.261314, 37.0073071], [138.2613889, 37.0074609], [138.2614716, 37.0076825], [138.2615059, 37.0078786], [138.2615217, 37.0080704], [138.2615137, 37.0083343], [138.2614698, 37.0086072], [138.2613897, 37.0089025], [138.2610892, 37.0101003], [138.2607479, 37.0114182], [138.2605872, 37.0120401], [138.260222, 37.0131555], [138.2597582, 37.0140611], [138.2596827, 37.0142147], [138.2592434, 37.0151682], [138.2591563, 37.0155077], [138.2592229, 37.0158099], [138.2594679, 37.0170514], [138.2595746, 37.0175086], [138.2596268, 37.0181722], [138.2596203, 37.0187993], [138.259536, 37.0193492], [138.2594976, 37.0195199], [138.2593766, 37.0203251], [138.2590816, 37.0223551], [138.258986, 37.0230139], [138.2589283, 37.0234112], [138.2588465, 37.0239019], [138.2586719, 37.0247296], [138.2586435, 37.0249239], [138.2586193, 37.0250893], [138.2586106, 37.0253826], [138.2586032, 37.0256314], [138.2586866, 37.0260648], [138.2587493, 37.0263487], [138.2588882, 37.0268041], [138.2594796, 37.0280605], [138.2598721, 37.0289111], [138.2600882, 37.0295424], [138.2601285, 37.0298026], [138.2601673, 37.0302612], [138.2602626, 37.0310284], [138.2603002, 37.031498], [138.2604124, 37.0329413], [138.2604387, 37.03361], [138.2604737, 37.0340965], [138.2605847, 37.0354743], [138.260602, 37.0358585], [138.2606567, 37.0367217], [138.2606645, 37.0368137], [138.2606994, 37.0373122], [138.2606917, 37.0375016], [138.2607736, 37.0385501], [138.2607768, 37.0386154], [138.2608247, 37.0395985], [138.2609286, 37.0411182], [138.26097, 37.0417329], [138.260886, 37.0435509], [138.2607937, 37.0462606], [138.260764, 37.047008], [138.2606934, 37.0482126], [138.2606921, 37.0492136], [138.2605422, 37.0530729], [138.260498, 37.0537897], [138.2604954, 37.0538692], [138.2604551, 37.0551049], [138.2604435, 37.0553179], [138.2604074, 37.0558756], [138.2603435, 37.0562693], [138.2602482, 37.0566565], [138.2600556, 37.0575575], [138.2597709, 37.0588369]]]}, "id": "relation/7920696"}, {"type": "Feature", "properties": {"@id": "relation/10474573", "name": "国道292号別線（草津道路）", "name:en": "National Route 292 (Kusatsu Road)", "name:fr": "Route nationale 292 (route de Kusatsu)", "name:ja-Latn": "Kokudō 292-gō betsu-sen (Kusatsu dōro)", "network": "JP:national", "ref": "292", "route": "road", "type": "route", "wikidata": "Q11421437", "wikimedia_commons": "Category:Route 292 (Japan)", "wikipedia": "ja:国道292号"}, "geometry": {"type": "MultiLineString", "coordinates": [[[138.6166119, 36.5539002], [138.6165523, 36.5539276], [138.6161245, 36.5541445], [138.6153852, 36.5544642], [138.6147352, 36.554763], [138.6146926, 36.5547865], [138.614469, 36.5548978], [138.6142892, 36.5549888], [138.6141221, 36.5551639], [138.6140088, 36.5553595], [138.6139953, 36.5553828], [138.613887, 36.5557453], [138.6138419, 36.555896], [138.6137885, 36.5560462], [138.6137315, 36.5561875], [138.6137119, 36.5562182], [138.6136362, 36.556325], [138.613469, 36.5564899], [138.6131431, 36.5567761], [138.6122911, 36.5575245], [138.6121999, 36.5575805], [138.6119935, 36.5577138], [138.6117581, 36.5578636], [138.6109036, 36.5584284], [138.6107076, 36.5585447], [138.6105282, 36.5586412], [138.6104312, 36.5586823], [138.6102401, 36.5587539], [138.6100951, 36.558777], [138.6099808, 36.5587897], [138.6098423, 36.5587859], [138.6096364, 36.5587856], [138.6094266, 36.5587936], [138.6092944, 36.5588083], [138.6091382, 36.558853], [138.6084791, 36.5590334], [138.6083079, 36.5590599], [138.6078754, 36.5591172], [138.6076663, 36.5591433], [138.6074868, 36.5591735], [138.607327, 36.5592219], [138.6071892, 36.5592823], [138.6066973, 36.5595441], [138.6064761, 36.5596215], [138.6062971, 36.5596647], [138.6061598, 36.5596807], [138.6059574, 36.5596999], [138.6058411, 36.559711], [138.6056945, 36.5597352], [138.6052735, 36.5598628], [138.6044334, 36.5601063], [138.6040393, 36.560178], [138.6038941, 36.5602126], [138.6037496, 36.5602583], [138.6035816, 36.5603114], [138.603467, 36.5603476], [138.6032227, 36.5604903], [138.6030176, 36.5607129], [138.6029012, 36.5609108], [138.6027804, 36.5613793], [138.6026609, 36.5618243], [138.6026517, 36.5620393], [138.6026761, 36.5622446], [138.6027222, 36.5625495], [138.6027491, 36.5628975], [138.6027364, 36.5630083], [138.6026908, 36.5631054], [138.6025987, 36.5632693], [138.6022853, 36.5636864], [138.6020586, 36.5638757], [138.6018787, 36.5639709], [138.6017938, 36.5640027], [138.6013883, 36.564074], [138.6010017, 36.5640798], [138.6005361, 36.5640927], [138.6003027, 36.5641323], [138.600106, 36.5641995], [138.5999447, 36.56431], [138.5998231, 36.5644227], [138.5995035, 36.5646538], [138.5987367, 36.5652084], [138.5984527, 36.5655012], [138.5984234, 36.5655372], [138.5982322, 36.5657576], [138.5980198, 36.5659629], [138.5977719, 36.5661328], [138.5975124, 36.566403], [138.5973223, 36.5667543], [138.5972677, 36.5668484], [138.5970238, 36.5673058], [138.5968072, 36.5677031], [138.5966518, 36.5678931], [138.5964318, 36.5681055], [138.5962938, 36.5682038], [138.5957035, 36.5685583], [138.5954789, 36.568729], [138.5954033, 36.568799], [138.5950442, 36.5692418], [138.5943826, 36.5703002], [138.5941702, 36.5708016], [138.5940226, 36.5711957], [138.5939532, 36.5712945], [138.5938436, 36.5714432], [138.5937044, 36.5715867], [138.5927355, 36.5723567], [138.5924621, 36.5726148], [138.5921814, 36.5730413], [138.5920036, 36.573387], [138.5918159, 36.5737426], [138.5914307, 36.5740784], [138.5910145, 36.5742543], [138.5905569, 36.5743615], [138.5902368, 36.5744725], [138.5900597, 36.5746572], [138.589978, 36.5749318], [138.5900383, 36.5753552], [138.5900825, 36.5757032], [138.5900556, 36.575865], [138.5900018, 36.576052], [138.5898257, 36.5762662], [138.5890248, 36.5769084], [138.5885734, 36.5771019], [138.5880182, 36.5772835], [138.5872246, 36.5777773], [138.5870894, 36.5778614], [138.5867061, 36.578181], [138.5865253, 36.5785371], [138.5865098, 36.5788354], [138.5866897, 36.5791009], [138.5870453, 36.579338], [138.5872651, 36.5795327], [138.587409, 36.5798266], [138.5874799, 36.5802072], [138.5874852, 36.5808509], [138.5873969, 36.5812333], [138.5870814, 36.582058], [138.5869755, 36.5823706], [138.5869449, 36.5826094], [138.5869251, 36.5832483], [138.5869583, 36.583892], [138.5870395, 36.5843626], [138.5870284, 36.5847135], [138.5868951, 36.5853044], [138.5868306, 36.5855234], [138.5866203, 36.5858546], [138.586549, 36.5859802], [138.5864974, 36.5861414], [138.586501, 36.5862891], [138.586536, 36.5864566], [138.5866714, 36.586709], [138.5868229, 36.5870382], [138.5870362, 36.5873408], [138.5872758, 36.5876165], [138.5873365, 36.5877396], [138.5873384, 36.587904], [138.5873191, 36.588012], [138.5872626, 36.5881187], [138.5870909, 36.5884332], [138.5870628, 36.588497], [138.5870131, 36.5887214], [138.5869764, 36.5890989], [138.5869724, 36.5891562], [138.5869663, 36.5897682], [138.5871764, 36.5908097], [138.5872337, 36.591103], [138.5873546, 36.5917215], [138.5874385, 36.5921598], [138.5874411, 36.5923537], [138.5874315, 36.5925058], [138.5874102, 36.5927071], [138.5873034, 36.5929767], [138.5871239, 36.593272], [138.5869773, 36.5934456], [138.5861337, 36.5942131], [138.5861192, 36.5942263], [138.585712, 36.5946287], [138.5856386, 36.5947571], [138.5855455, 36.5949587], [138.5854875, 36.5951815], [138.5854478, 36.5953489], [138.5854288, 36.59558], [138.5854621, 36.5957462], [138.5855163, 36.5958823], [138.5856784, 36.5961687], [138.5858998, 36.5964348], [138.5860605, 36.5965929], [138.5862135, 36.5967352], [138.5864165, 36.5969015], [138.5866238, 36.5970935], [138.5868618, 36.5974287], [138.5869968, 36.597676], [138.5870737, 36.5978579], [138.5871166, 36.5979839], [138.5870861, 36.5981834], [138.5870469, 36.5982907], [138.5869573, 36.5984318], [138.5867984, 36.5986674], [138.5867035, 36.5988065], [138.5866456, 36.5989605], [138.5866397, 36.5991312], [138.5867102, 36.5993169], [138.5868189, 36.5994611], [138.5870947, 36.5997243], [138.5871609, 36.5998465], [138.5871989, 36.5999676], [138.5871929, 36.600158], [138.587126, 36.6003471], [138.5867525, 36.6008314], [138.5862996, 36.6013737], [138.5854337, 36.6020919], [138.5846007, 36.6029738], [138.5839141, 36.6035091], [138.5837938, 36.60365], [138.5836928, 36.603773], [138.5836339, 36.6039423], [138.5835832, 36.6041243], [138.5835805, 36.6043486], [138.5835691, 36.6046817], [138.5835992, 36.6050201], [138.5836748, 36.6053016], [138.5837917, 36.6055716], [138.5838838, 36.6058048], [138.5839055, 36.6059925], [138.5838979, 36.6061049], [138.5838433, 36.6062247], [138.5837346, 36.6064031], [138.5835367, 36.6067149], [138.5835154, 36.6068224], [138.5835104, 36.6069274], [138.5835366, 36.607027], [138.583594, 36.6071394], [138.5837114, 36.6072759], [138.5839023, 36.6074487], [138.5842276, 36.6076726], [138.5843317, 36.6078238], [138.5843909, 36.6079611], [138.5843937, 36.6080938], [138.5843418, 36.6082165], [138.5842476, 36.6083131], [138.58413, 36.6083857], [138.5840637, 36.6084302], [138.5839804, 36.608467], [138.583692, 36.6085889], [138.583445, 36.6087582], [138.5833429, 36.6088844], [138.5832444, 36.6090166], [138.5832151, 36.6091071], [138.5831966, 36.6092206], [138.5831861, 36.6093692], [138.5832266, 36.6095401], [138.5833311, 36.6097666], [138.5835305, 36.6101345], [138.5836214, 36.6103158], [138.5838332, 36.6111284], [138.5839003, 36.6112727], [138.5840173, 36.6114112], [138.5841566, 36.6115418], [138.5843445, 36.6116782], [138.5845531, 36.6117912], [138.5847683, 36.6118762], [138.5849941, 36.6119239], [138.5852511, 36.6119591], [138.5856092, 36.6119817], [138.5867667, 36.6120529], [138.5870455, 36.6120915], [138.5874161, 36.6121908], [138.5880182, 36.6124015], [138.5888708, 36.6127228], [138.5890148, 36.6127999], [138.5891142, 36.6128745], [138.5892338, 36.6129805], [138.5893462, 36.6131284], [138.5897876, 36.6137709], [138.5902426, 36.614448], [138.5908495, 36.6153585], [138.5909049, 36.6154323], [138.5909649, 36.6155014], [138.5910845, 36.6156196], [138.591197, 36.6157022], [138.5913408, 36.6157712], [138.5915263, 36.6158383], [138.591881, 36.615938], [138.5919843, 36.6159791], [138.5921794, 36.6160839], [138.5922903, 36.6161464], [138.5923145, 36.6161617], [138.5923424, 36.6161846], [138.5923678, 36.6162143], [138.5924221, 36.6162978], [138.5926357, 36.6167859], [138.592732, 36.6170072], [138.592945, 36.6173787], [138.5932263, 36.6178152], [138.593301, 36.6179747], [138.5933641, 36.6181697], [138.5933931, 36.6183351], [138.5933931, 36.6183968], [138.5933661, 36.6185955], [138.5933462, 36.618754], [138.5933187, 36.6189729], [138.593264, 36.6194398], [138.5932566, 36.6195031], [138.5932113, 36.619888], [138.5931344, 36.6204918], [138.5931133, 36.6206573], [138.5930932, 36.6208146]]]}, "id": "relation/10474573"}]}