{"type": "FeatureCollection", "generator": "kokudo-quiz tools/fetch_raw.py (Overpass API)", "copyright": "The data included in this document is from www.openstreetmap.org. The data is made available under ODbL.", "timestamp": "2026-09-30T16:19:51Z", "features": [{"type": "Feature", "properties": {"@id": "relation/10015101", "colour": "red", "from": "京都府宮津市", "name": "国道312号", "name:en": "National Highway Route 312", "name:ja": "国道312号", "name:ja-Hira": "こくどうさんびゃくじゅうにごう", "name:ja-Latn": "Kokudou 312 Gou", "network": "JP:national", "ref": "312", "route": "road", "to": "兵庫県姫路市", "type": "route", "wikidata": "Q6157205", "wikipedia": "ja:国道312号"}, "geometry": {"type": "MultiLineString", "coordinates": [[[135.1971508, 35.5370326], [135.197121, 35.5370438], [135.1966544, 35.5372024], [135.1961294, 35.537363], [135.1959231, 35.5374255], [135.1955651, 35.5375147], [135.195116, 35.5376186], [135.1946223, 35.5377562], [135.1942827, 35.5378516], [135.1940857, 35.5379086], [135.1939729, 35.5379505], [135.1939514, 35.5379583], [135.1938418, 35.537999], [135.1932053, 35.5382034], [135.1928505, 35.5383035], [135.1926357, 35.5383954], [135.1925211, 35.5384709], [135.1924824, 35.5384973], [135.1924022, 35.5385519], [135.1923341, 35.5386122], [135.1922988, 35.5386868], [135.1922625, 35.5387765], [135.1921413, 35.5390188], [135.1919777, 35.539356], [135.1918905, 35.5395515], [135.1918218, 35.5397059], [135.1917735, 35.5398139], [135.1915996, 35.5402528], [135.1914745, 35.5405806], [135.191307, 35.5409844], [135.191283, 35.5410552], [135.1911719, 35.5412761], [135.1906915, 35.5420754], [135.1904769, 35.5424265], [135.1900737, 35.5430803], [135.1899891, 35.5432194], [135.1899919, 35.5433043], [135.1900602, 35.543592], [135.190135, 35.5438171], [135.1901799, 35.5440559], [135.1902184, 35.544216], [135.1902438, 35.5443893], [135.1902532, 35.5445508], [135.1902409, 35.544786], [135.1901612, 35.5450788], [135.1899852, 35.545376], [135.1898646, 35.5455137], [135.1897187, 35.5456564], [135.1895566, 35.5457998], [135.1890515, 35.5462019], [135.1883826, 35.5466726], [135.1878965, 35.5469689], [135.1876497, 35.5471095], [135.1873764, 35.5472231], [135.1870959, 35.547313], [135.1868271, 35.5473728], [135.1866576, 35.5474015], [135.1864424, 35.5474231], [135.186208, 35.5474297], [135.1858968, 35.5474076], [135.185546, 35.5473502], [135.1849648, 35.5472129], [135.1847085, 35.5471431], [135.1845282, 35.5471013], [135.1843232, 35.547051], [135.1841308, 35.5470321], [135.183902, 35.5470242], [135.1835516, 35.5470409], [135.1832767, 35.5470893], [135.1821959, 35.5474134], [135.1776097, 35.548828], [135.1716075, 35.5506882], [135.1713933, 35.5507022], [135.1709823, 35.5506809], [135.1703363, 35.5506316], [135.1691959, 35.5505219], [135.168856, 35.5505162], [135.1685068, 35.5505456], [135.1681207, 35.5506114], [135.1677407, 35.5507012], [135.1670851, 35.5509806], [135.1666178, 35.5512592], [135.1660342, 35.5516264], [135.1656298, 35.5517815], [135.1652161, 35.551919], [135.1647869, 35.5519889], [135.1643367, 35.551998], [135.1638885, 35.5519617], [135.1625374, 35.5516736], [135.1619964, 35.5515976], [135.1615109, 35.5515868], [135.1610972, 35.5516082], [135.1606713, 35.5516573], [135.1603948, 35.5517061], [135.1595583, 35.5519106], [135.1581749, 35.5522768], [135.1571161, 35.5525514], [135.156661, 35.5526806], [135.1561632, 35.552808], [135.1556691, 35.5529182], [135.1553313, 35.5529545], [135.1549773, 35.5529356], [135.1545655, 35.5528656], [135.1539785, 35.5526698], [135.1535249, 35.5525285], [135.1532266, 35.5524665], [135.1528959, 35.5524179], [135.1525119, 35.5523973], [135.1521877, 35.5523924], [135.1519627, 35.552431], [135.1516575, 35.5524905], [135.1512209, 35.5526216], [135.1504205, 35.5529451], [135.1499401, 35.5530999], [135.1497207, 35.553166], [135.1492764, 35.5532401], [135.1489812, 35.5532665], [135.1489093, 35.5532729], [135.1483771, 35.5532652], [135.147845, 35.5532148], [135.146751, 35.5530665], [135.1461947, 35.5529858], [135.1449561, 35.5527876], [135.1446442, 35.5527427], [135.14369, 35.5525964], [135.1421488, 35.5523602], [135.1419804, 35.5523347], [135.1417534, 35.5522711], [135.1414457, 35.5521876], [135.1411013, 35.552069], [135.1408814, 35.5519762], [135.1404683, 35.5518019], [135.1402132, 35.5516709], [135.1400025, 35.5515514], [135.1397599, 35.5514033], [135.1394081, 35.5511467], [135.1389831, 35.5508335], [135.1379967, 35.5499841], [135.1377848, 35.5498019], [135.1377402, 35.5497543], [135.1375479, 35.549549], [135.1372905, 35.5492164], [135.1366823, 35.5483667], [135.1362426, 35.547763], [135.1354613, 35.5466673], [135.1352107, 35.5463393], [135.1345484, 35.5455718], [135.1342152, 35.5451821], [135.1339601, 35.5448381], [135.1337851, 35.544588], [135.1336093, 35.5443028], [135.1334908, 35.5441023], [135.1332744, 35.5437105], [135.1329509, 35.5431524], [135.1326685, 35.5427287], [135.1321924, 35.5420726], [135.1318005, 35.5414917], [135.1307853, 35.5400317], [135.1306706, 35.5398857], [135.1305545, 35.5397399], [135.13042, 35.5395969], [135.1301533, 35.539402], [135.129804, 35.5391845], [135.1283568, 35.5383419], [135.1261401, 35.5370635], [135.1259102, 35.5369475], [135.1258626, 35.536916], [135.1254434, 35.5366672], [135.1253828, 35.5366285], [135.1234658, 35.5355298], [135.12239, 35.5349126], [135.1220411, 35.5347846], [135.1217083, 35.534685], [135.1214103, 35.5346172], [135.1210881, 35.5345713], [135.1207396, 35.5345576], [135.1203832, 35.5345646], [135.1201235, 35.5345868], [135.1190504, 35.5348138], [135.1180169, 35.5350618], [135.1157315, 35.5356392], [135.1152477, 35.5357831], [135.1149977, 35.5358768], [135.1146628, 35.5360593], [135.1143748, 35.5362599], [135.1142225, 35.536386], [135.1140831, 35.5365457], [135.1140576, 35.5365746], [135.1138273, 35.5368631], [135.1136347, 35.5371126], [135.1132775, 35.5375334], [135.1131186, 35.5377689], [135.1124047, 35.5385403], [135.1119099, 35.5390879], [135.1113603, 35.5397028], [135.1109548, 35.5401182], [135.1108691, 35.540266], [135.1108175, 35.5403918], [135.1107572, 35.5405763], [135.1107321, 35.5406938], [135.1106834, 35.540872], [135.110656, 35.5411651], [135.1106641, 35.5413342], [135.110713, 35.541518], [135.1108233, 35.5417506], [135.1108918, 35.5419045], [135.1109447, 35.5420722], [135.1109581, 35.5422735], [135.1109425, 35.5424856], [135.1109326, 35.542693], [135.1109602, 35.5429157], [135.1110162, 35.5430796], [135.1111381, 35.5433678], [135.1112177, 35.5436327], [135.1110717, 35.5433699], [135.1109695, 35.5431449], [135.1109035, 35.5429627], [135.1108746, 35.5428244], [135.1108577, 35.5424657], [135.1108244, 35.542111], [135.1108061, 35.5419836], [135.1107745, 35.5419033], [135.110731, 35.5418068], [135.1106786, 35.5417271], [135.1105316, 35.5415151], [135.1104859, 35.5413877], [135.1104673, 35.5412603], [135.1104634, 35.5410968], [135.1104831, 35.5409333], [135.1105124, 35.5407635], [135.110564, 35.5405962], [135.1106727, 35.5404323], [135.1108047, 35.5402682], [135.1109548, 35.5401182]], [[135.111926, 35.5600535], [135.112101, 35.5594524], [135.1121969, 35.5590538], [135.1123477, 35.5585326], [135.1124477, 35.5581363], [135.1124795, 35.5579434], [135.1125013, 35.5576523], [135.1125068, 35.5574784], [135.1124749, 35.5572463], [135.1123589, 35.5567743], [135.112206, 35.5562632], [135.1120356, 35.5556589], [135.1119868, 35.5553844], [135.1119895, 35.5550154], [135.1120297, 35.5547988], [135.1121893, 35.5539358], [135.1121906, 35.5537744], [135.1121921, 35.5535274], [135.11215, 35.5532888], [135.1120569, 35.5530846], [135.1119655, 35.5528417], [135.1118272, 35.55256], [135.1116061, 35.5522296], [135.1110486, 35.5515532], [135.1109052, 35.5513656], [135.110787, 35.5511493], [135.1106747, 35.5508584], [135.1105929, 35.5505562], [135.1105689, 35.550392], [135.1105616, 35.5502891], [135.1105725, 35.5500172], [135.1106305, 35.5497476], [135.1108005, 35.5489456], [135.1108425, 35.5487007], [135.1108513, 35.5484915], [135.110821, 35.5482274], [135.1107655, 35.5479394], [135.110679, 35.5475468], [135.1106552, 35.547364], [135.1106313, 35.5471249], [135.1106292, 35.5467759], [135.11068, 35.5464773], [135.1107196, 35.5463017], [135.1107706, 35.5461181], [135.1108281, 35.5459304], [135.110872, 35.5458325], [135.1110829, 35.545297], [135.1111487, 35.5451018], [135.1112079, 35.5447538], [135.1112337, 35.5443081], [135.1112506, 35.5439089], [135.1112177, 35.5436327]], [[135.111926, 35.5600535], [135.1118521, 35.5602626], [135.1118319, 35.5603158], [135.1117466, 35.5604714], [135.1116231, 35.5606584], [135.1114687, 35.56083], [135.1113425, 35.5609548], [135.1111946, 35.5610568], [135.1109636, 35.5611649], [135.1106422, 35.5612616], [135.1103165, 35.561321], [135.1099829, 35.561308], [135.1097129, 35.5612592], [135.1095868, 35.5612323], [135.109403, 35.5611874], [135.1092221, 35.5611462], [135.1089875, 35.5611261], [135.10876, 35.5611332], [135.1082993, 35.5611911], [135.1077911, 35.5612929], [135.1067629, 35.5615446], [135.1065105, 35.5615941], [135.1062678, 35.5616183], [135.1057553, 35.5616353], [135.1052365, 35.5616563], [135.1048252, 35.5616634], [135.1045941, 35.5616536], [135.1043991, 35.5616278], [135.1042052, 35.561581], [135.1040309, 35.561528], [135.1038078, 35.5614437], [135.1035351, 35.5613127], [135.1033562, 35.5612352], [135.1031631, 35.5611785], [135.1029196, 35.5611292], [135.1027219, 35.5610956], [135.1024776, 35.5610816], [135.1019827, 35.561096], [135.1014725, 35.5611199], [135.1009582, 35.5611314], [135.1005909, 35.5611381], [135.1004072, 35.5611447], [135.100206, 35.5611632], [135.0988388, 35.5614636], [135.0988042, 35.5614719], [135.098636, 35.5615054], [135.0984652, 35.561557], [135.0982721, 35.561628], [135.0980787, 35.5617332], [135.0979946, 35.5617836], [135.0978859, 35.5618538], [135.0978128, 35.5619072], [135.0977378, 35.561969], [135.0976431, 35.5620545], [135.0975224, 35.5621713], [135.0964108, 35.5632935], [135.0963221, 35.5633844], [135.096228, 35.5634941], [135.0961035, 35.5636822], [135.0960271, 35.563835], [135.095962, 35.5640296], [135.0959231, 35.5641914], [135.0958956, 35.5644405], [135.0959276, 35.5649521], [135.0960075, 35.565481], [135.0961034, 35.5660472], [135.096242, 35.5671024], [135.0962748, 35.5672261], [135.0964604, 35.5680771], [135.0966641, 35.568827], [135.0969815, 35.5699546], [135.0971465, 35.5705722], [135.0975039, 35.5719101], [135.0978782, 35.5732666], [135.0981143, 35.5742223], [135.0982221, 35.5746291], [135.0982786, 35.5748066], [135.0984554, 35.5754716], [135.0985877, 35.5759794], [135.0986811, 35.5763565], [135.0986841, 35.5763685], [135.098779, 35.5767518], [135.0990347, 35.5776431], [135.0992847, 35.5785916], [135.0995734, 35.5796392], [135.099641, 35.5799435], [135.0997101, 35.5802417], [135.0998561, 35.5807382], [135.0999241, 35.5809568], [135.099983, 35.5812462], [135.100089, 35.5816523], [135.1001355, 35.581877], [135.1001483, 35.5822874], [135.1001316, 35.5825077], [135.1001288, 35.5825453], [135.1000544, 35.582837], [135.0999364, 35.5831489], [135.0999281, 35.5831629], [135.0997433, 35.5834723], [135.0995541, 35.5837249], [135.099302, 35.5840236], [135.0992927, 35.5840346], [135.0988686, 35.5845135], [135.0983942, 35.5850511], [135.0981335, 35.5853628], [135.0981261, 35.5853716], [135.0975291, 35.586055], [135.0975064, 35.5860829], [135.0971235, 35.5865652], [135.0968061, 35.5869409], [135.0961489, 35.5878325], [135.0955214, 35.5886627], [135.0954581, 35.58874], [135.0953385, 35.5888947], [135.0952324, 35.5890321], [135.09516, 35.5891257], [135.0951368, 35.5891558], [135.0947851, 35.5896109], [135.0947757, 35.5896231], [135.0941142, 35.5904802], [135.0940988, 35.5905002], [135.0937815, 35.5909121], [135.0934517, 35.5913594], [135.093431, 35.5913875], [135.0927607, 35.5922477], [135.0918734, 35.5936727], [135.0918346, 35.593735], [135.0916377, 35.5940245], [135.0913963, 35.5943495], [135.0909139, 35.594997], [135.0907648, 35.595195], [135.090727, 35.5952446], [135.0906153, 35.5953919], [135.090061, 35.5960931], [135.0894924, 35.5968479], [135.0893806, 35.5969881], [135.0886963, 35.5978746], [135.087983, 35.5987945], [135.08756, 35.599345], [135.0868538, 35.6002571], [135.0868241, 35.6002958], [135.0861526, 35.6011812], [135.0858119, 35.6016265], [135.0854646, 35.6020789], [135.0847766, 35.6029707], [135.084442, 35.6034238], [135.084207, 35.603733], [135.0839623, 35.6040274], [135.083736, 35.604339], [135.0833927, 35.604791], [135.0830506, 35.6052387], [135.0827031, 35.6056879], [135.0826274, 35.6057852], [135.0823924, 35.6060872], [135.0823586, 35.6061307], [135.0820063, 35.6065872], [135.0817263, 35.6069512], [135.0805072, 35.6084872], [135.0802163, 35.6088657], [135.0800908, 35.6090321], [135.079846, 35.6092735], [135.0795458, 35.6095234], [135.0792212, 35.6097285], [135.0789642, 35.6098291], [135.0788502, 35.6098634], [135.0787658, 35.6098888], [135.0784667, 35.6099654], [135.0781682, 35.610019], [135.0778361, 35.6100375], [135.0773656, 35.6100276], [135.0769012, 35.609992], [135.0767185, 35.6099818], [135.0748969, 35.6098278], [135.0741668, 35.6097754], [135.0738767, 35.6097559], [135.072759, 35.6096704], [135.072279, 35.609641], [135.0717638, 35.6096009], [135.0715446, 35.6095838], [135.0712196, 35.6095655], [135.0710144, 35.6095546], [135.0708665, 35.6095433], [135.0703308, 35.609506], [135.0695645, 35.6094496], [135.068555, 35.6093766], [135.067495, 35.60931], [135.0660169, 35.6092044], [135.0647972, 35.6091229], [135.0642886, 35.6090898], [135.063942, 35.6090472], [135.0635281, 35.6089809], [135.0630828, 35.6088726], [135.0626231, 35.6087299], [135.0620142, 35.6085147], [135.0615229, 35.608341], [135.060528, 35.607955], [135.0597337, 35.6076919], [135.0588925, 35.6074096], [135.058493, 35.6072548], [135.0566766, 35.6066068], [135.0555159, 35.6062085], [135.0549303, 35.6060058], [135.0544386, 35.605799], [135.0533678, 35.6052035], [135.0517926, 35.6042476], [135.0509585, 35.603709], [135.0502324, 35.6032732], [135.0487462, 35.6023427], [135.0484642, 35.6021662], [135.04823, 35.60203], [135.0478882, 35.6018208], [135.0471937, 35.6013851], [135.0469581, 35.6012369], [135.0468655, 35.6012066], [135.0468657, 35.601144], [135.0468768, 35.60105], [135.0468742, 35.6007954], [135.0468321, 35.600541], [135.0468002, 35.6003458], [135.0466686, 35.6001017], [135.0465323, 35.5998986], [135.0463837, 35.5996943], [135.0462055, 35.599491], [135.0457401, 35.5989415], [135.0454926, 35.5986245], [135.045331, 35.5983593], [135.0449492, 35.5977032], [135.0445497, 35.597026], [135.0441389, 35.5963028], [135.0438073, 35.5955888], [135.0436424, 35.5952183], [135.0434812, 35.5948559], [135.043313, 35.594521], [135.0430283, 35.5941165], [135.0427657, 35.593844], [135.0426177, 35.5936993], [135.0424515, 35.5935782], [135.0416837, 35.5929777], [135.0415128, 35.5928411], [135.0409573, 35.5924308], [135.0407745, 35.5922545], [135.0406015, 35.5919655], [135.0403896, 35.5916069], [135.0401586, 35.5913263], [135.0398964, 35.5910697], [135.039708, 35.5908976], [135.0391147, 35.5903175], [135.0389612, 35.5901578], [135.0388215, 35.5899591], [135.0386795, 35.5896801], [135.0385786, 35.5894366], [135.0385012, 35.5889174], [135.0383937, 35.5884442], [135.0383226, 35.5882937], [135.0382315, 35.5881655], [135.038117, 35.5880488], [135.0379674, 35.5879402], [135.0375988, 35.587784], [135.037321, 35.5876595], [135.0370188, 35.5874617], [135.0368216, 35.5872803], [135.0365354, 35.586946], [135.0360362, 35.5863421], [135.0356284, 35.5858429], [135.0355281, 35.5856643], [135.0354999, 35.5855409], [135.0355045, 35.5852591], [135.0355348, 35.5838899], [135.0355101, 35.5837266], [135.0354572, 35.5835187], [135.0351483, 35.582855], [135.0349563, 35.5824729], [135.0347286, 35.5821545], [135.0345495, 35.5819819], [135.0343674, 35.5818371], [135.034046, 35.5816663], [135.0337059, 35.5815328], [135.0332856, 35.5814394], [135.0328296, 35.5814026], [135.0318049, 35.5813987], [135.0314159, 35.5813883], [135.0312574, 35.5813625], [135.0303247, 35.5810646], [135.0296513, 35.5808424], [135.0294722, 35.5807917], [135.0293156, 35.5807615], [135.0281386, 35.5806654], [135.0269475, 35.5805597], [135.0262576, 35.5804572], [135.0257906, 35.5803774], [135.0254456, 35.5803178], [135.0253311, 35.580298], [135.0246587, 35.5801839], [135.0235587, 35.579989], [135.0232091, 35.5799312], [135.0228729, 35.5798805], [135.0225209, 35.5798958], [135.0223225, 35.5798981], [135.0222181, 35.579875], [135.0221027, 35.579835], [135.0219489, 35.5797171], [135.0218184, 35.5795681], [135.0215155, 35.5791885], [135.0211595, 35.5788576], [135.0210431, 35.5787654], [135.0208874, 35.5786724], [135.0206535, 35.5785743], [135.0199982, 35.5783984], [135.0196531, 35.5783532], [135.0190488, 35.5783251], [135.0175595, 35.5782273], [135.0162857, 35.5781384], [135.0149517, 35.578074], [135.0146872, 35.5780702], [135.0142281, 35.5780771], [135.0137156, 35.5780342], [135.0129619, 35.5778748], [135.0120231, 35.5776258], [135.0119708, 35.5776112], [135.0111078, 35.5774365], [135.0100287, 35.5773613], [135.0093806, 35.5773379], [135.0086686, 35.5773445], [135.0072423, 35.5773744], [135.0060754, 35.5773796], [135.0008353, 35.5775452], [134.9999631, 35.5775242], [134.9990281, 35.5774011], [134.9978865, 35.5770965], [134.9968643, 35.5766507], [134.9962686, 35.5762867], [134.9958847, 35.576035], [134.995606, 35.5758766], [134.9953854, 35.5757717], [134.9951021, 35.5756839], [134.9948397, 35.5756287], [134.9946175, 35.5755936], [134.9942843, 35.5755944], [134.9939808, 35.5756317], [134.9936777, 35.575699], [134.992267, 35.5760858], [134.9914456, 35.5763052], [134.9908966, 35.5763929], [134.9906299, 35.5764287], [134.990031, 35.5764317], [134.9894584, 35.5763968], [134.9888183, 35.5763088], [134.9883161, 35.5761979], [134.987855, 35.5760754], [134.987188, 35.5758514], [134.9864525, 35.5755223], [134.9858716, 35.5751061], [134.9851628, 35.5745036], [134.9844646, 35.573836], [134.9838968, 35.5733226], [134.9838517, 35.5732812], [134.9835213, 35.5730731], [134.9833668, 35.573016], [134.9830011, 35.5729133], [134.9826443, 35.5728848], [134.9823168, 35.5728968], [134.9816187, 35.5729734], [134.9809258, 35.5730601], [134.98049, 35.5731249], [134.9802665, 35.5731525], [134.9798666, 35.5732214], [134.9796336, 35.5732669], [134.9792398, 35.5733765], [134.9788394, 35.5735029], [134.9783937, 35.5736726], [134.9780651, 35.5738094], [134.9777045, 35.5739477], [134.9768358, 35.5742901], [134.9762947, 35.5745281], [134.9760274, 35.5746338], [134.9756115, 35.5748694], [134.9750717, 35.5755299], [134.9750086, 35.5756357], [134.9748106, 35.5759547], [134.9744376, 35.5765203], [134.9742456, 35.5768157], [134.9740378, 35.5771597], [134.9736594, 35.5777362], [134.9734254, 35.5780651], [134.9733592, 35.5781514], [134.9730373, 35.5784351], [134.9723907, 35.5787612], [134.9723017, 35.5787868], [134.9720242, 35.5788411], [134.9717781, 35.5789022], [134.97158, 35.5789456], [134.9712345, 35.5790366], [134.9709423, 35.5791907], [134.970251, 35.5797291], [134.9699552, 35.5799398], [134.9697375, 35.5800542], [134.9695199, 35.5801371], [134.9693019, 35.5802157], [134.9690469, 35.5802642], [134.9687941, 35.5802942], [134.968471, 35.5803237], [134.9673378, 35.5804372], [134.9665928, 35.5805128], [134.9660126, 35.5805981], [134.9658753, 35.5806183], [134.9657906, 35.5806418], [134.9652662, 35.580781], [134.9650842, 35.5808561], [134.9649069, 35.5809351], [134.9646829, 35.5810815], [134.964511, 35.5812414], [134.9644003, 35.5813823], [134.9643165, 35.5815304], [134.9642459, 35.5816727], [134.9641786, 35.5819496], [134.9641535, 35.5822554], [134.964077, 35.582805], [134.963999, 35.5834778], [134.963931, 35.5837325], [134.9638262, 35.5839709], [134.9637077, 35.5841551], [134.9635378, 35.5843305], [134.9633489, 35.5844865], [134.963078, 35.5846251], [134.9628427, 35.5847128], [134.9625843, 35.5847808], [134.9623175, 35.5848035], [134.9615381, 35.5848329], [134.9608308, 35.5848497], [134.96046, 35.5848401], [134.960152, 35.5848174], [134.9598369, 35.5847487], [134.9594927, 35.5846312], [134.9580182, 35.5839758], [134.957661, 35.5838409], [134.9575033, 35.5837926], [134.9572085, 35.5837285], [134.9568612, 35.5837095], [134.954744, 35.5837691], [134.9544256, 35.5837911], [134.9542596, 35.5838201], [134.9540427, 35.5839221], [134.9538622, 35.5840277], [134.9535272, 35.584345], [134.9533496, 35.5845598], [134.9527332, 35.5853251], [134.9526013, 35.5854644], [134.9522922, 35.5857125], [134.9520539, 35.5858729], [134.9517439, 35.5860334], [134.9514354, 35.5861545], [134.9511455, 35.5862405], [134.9508471, 35.5863159], [134.9494718, 35.5865158], [134.9491445, 35.5866058], [134.9487765, 35.5867587], [134.9480159, 35.5870898], [134.947419, 35.5873474], [134.9471432, 35.5874418], [134.9468674, 35.5875111], [134.9466443, 35.5875448], [134.9459648, 35.5876471], [134.9456522, 35.5877296], [134.9454532, 35.5877967], [134.9453228, 35.5878555], [134.9445862, 35.588223], [134.9437236, 35.5886631], [134.9429327, 35.5891023], [134.9424481, 35.58934], [134.9423889, 35.5893691], [134.9423426, 35.5893918], [134.9418726, 35.5896088], [134.9412876, 35.5899544], [134.9408287, 35.5902071], [134.94015, 35.5906145], [134.9400065, 35.5906965], [134.9398516, 35.5907763], [134.9396261, 35.5908719], [134.9394666, 35.5909448], [134.9393026, 35.5909927], [134.9390999, 35.5910405], [134.9389222, 35.5910861], [134.938699, 35.591118], [134.9384324, 35.5911362], [134.9382228, 35.5911362], [134.9380019, 35.5911362], [134.9378265, 35.5911202], [134.9376055, 35.5910815], [134.9373709, 35.5910382], [134.9371476, 35.590979], [134.9369312, 35.590897], [134.9367171, 35.590799], [134.9364893, 35.5906942], [134.9356988, 35.5903093], [134.9354619, 35.5901931], [134.9352159, 35.5900883], [134.9350769, 35.5900336], [134.9349539, 35.5899995], [134.9348491, 35.589979], [134.9347033, 35.5899493], [134.9345211, 35.5899266], [134.9343434, 35.5899243], [134.9341748, 35.5899311], [134.9339972, 35.5899471], [134.9338377, 35.5899767], [134.9336509, 35.5900268], [134.9334892, 35.5900701], [134.9333411, 35.5901225], [134.9330401, 35.590218], [134.932772, 35.5902851], [134.9326129, 35.5903079], [134.932397, 35.5903243], [134.9321144, 35.5903185], [134.9318511, 35.5902872], [134.9316993, 35.5902664], [134.9316235, 35.5902523], [134.9311751, 35.5901923], [134.9308922, 35.5901544], [134.9307054, 35.5900951], [134.9305213, 35.5900165], [134.9303705, 35.5899443], [134.930256, 35.5898745], [134.9299693, 35.5896221], [134.9296348, 35.5893525], [134.9295687, 35.5893024], [134.9294799, 35.5892432], [134.929202, 35.5891293], [134.9289975, 35.5890575], [134.928536, 35.5889622], [134.9283294, 35.5889357], [134.9282268, 35.5889133], [134.9269402, 35.588699], [134.9264056, 35.5885885], [134.9259177, 35.5885027], [134.9257474, 35.58848], [134.9255925, 35.5884823], [134.9254438, 35.5884981], [134.9252698, 35.5885365], [134.9251328, 35.5885878], [134.9250116, 35.5886719], [134.9249038, 35.5887863], [134.9247356, 35.5890077], [134.9244007, 35.5895858], [134.9241086, 35.5899935], [134.9234574, 35.5909427], [134.9230229, 35.591531], [134.9228565, 35.5917581], [134.9226086, 35.5920206], [134.9224212, 35.5921841], [134.9221146, 35.5924265], [134.9215743, 35.5928301], [134.9209222, 35.5932868], [134.9206062, 35.5935029], [134.9204837, 35.5935906], [134.9202984, 35.5936796], [134.9201674, 35.5937058], [134.9200854, 35.5937206], [134.919984, 35.5937206], [134.9198861, 35.5937115], [134.9197881, 35.5936818], [134.9196936, 35.5936363], [134.9192517, 35.5933914], [134.9185683, 35.5929753], [134.9182698, 35.5928606], [134.9180033, 35.5927832], [134.9177322, 35.5927285], [134.9173837, 35.5926966], [134.9171126, 35.5926898], [134.9167982, 35.5927148], [134.9165112, 35.592749], [134.9162873, 35.5927976], [134.9157436, 35.5929753], [134.9155772, 35.5930201], [134.9154132, 35.5930429], [134.9152788, 35.5930611], [134.9151262, 35.5930679], [134.914985, 35.5930588], [134.9144906, 35.5929722], [134.914256, 35.5929221], [134.9140669, 35.5929176], [134.913887, 35.5929381], [134.9137503, 35.5929905], [134.9136387, 35.5930679], [134.913486, 35.5932707], [134.9131215, 35.5937511], [134.912994, 35.5938584], [134.9128619, 35.5939336], [134.9127275, 35.5940019], [134.9125999, 35.5940475], [134.9124495, 35.5940885], [134.9123083, 35.5941135], [134.9109773, 35.5943317], [134.910254, 35.594439], [134.90964, 35.59455], [134.9091686, 35.5946067], [134.908817, 35.5946377], [134.9085132, 35.5946076], [134.9082376, 35.5945483], [134.9079585, 35.5944251], [134.907441, 35.5942184], [134.9070474, 35.5940904], [134.9068282, 35.5940189], [134.9066347, 35.5939908], [134.9064941, 35.5939807], [134.90635, 35.5939868], [134.9062072, 35.5940253], [134.9060609, 35.5940953], [134.9059345, 35.5941705], [134.9058741, 35.5942502], [134.9058085, 35.5943544], [134.9057394, 35.5944307], [134.9056528, 35.5946099], [134.9056767, 35.5947278], [134.9054553, 35.5955081], [134.9052768, 35.5962586], [134.9050096, 35.5972833], [134.9049242, 35.5975241], [134.904509, 35.5982537], [134.9037911, 35.5992186], [134.903584, 35.5994508], [134.9030586, 35.5998719], [134.9025801, 35.6002661], [134.9018367, 35.6008743], [134.9016841, 35.6010045], [134.9014003, 35.6012388], [134.9012037, 35.601401], [134.9008937, 35.6016306], [134.9007017, 35.6017539], [134.9005042, 35.6018715], [134.9002151, 35.6020166], [134.8999313, 35.6021328], [134.8997323, 35.6022074], [134.8993625, 35.6023182], [134.899043, 35.6023972], [134.8987733, 35.6024392], [134.8983849, 35.6024861], [134.8980131, 35.6024817], [134.8976304, 35.6024664], [134.8972338, 35.6024113], [134.8968051, 35.6023295], [134.8961065, 35.6022002], [134.8954019, 35.6020735], [134.8947951, 35.6019543], [134.8940949, 35.6018056], [134.8936932, 35.601679], [134.8933084, 35.6015172], [134.8930578, 35.601387], [134.8928296, 35.601237], [134.8926663, 35.6011105], [134.8926011, 35.6010596], [134.8924681, 35.6009286], [134.892158, 35.6005801], [134.8919729, 35.6003751], [134.8916326, 35.5999981], [134.8910985, 35.5993645], [134.8908848, 35.5991079], [134.8905717, 35.5987547], [134.890375, 35.5985397], [134.890118, 35.5983382], [134.8896278, 35.5979753], [134.8892792, 35.597764], [134.8890221, 35.5976348], [134.8887838, 35.5975306], [134.888487, 35.5974098], [134.8884468, 35.5973944], [134.8883343, 35.5973496], [134.8879735, 35.597232], [134.8877193, 35.5971402], [134.8873103, 35.5969907], [134.8866566, 35.5967686], [134.8864305, 35.5966903], [134.8860061, 35.5965371], [134.8853065, 35.596277], [134.884965, 35.596163], [134.884481, 35.595995], [134.8837819, 35.5957473], [134.8833868, 35.5956164], [134.8827741, 35.5954957], [134.8822051, 35.5953903], [134.8815997, 35.5952476], [134.8813557, 35.5951727], [134.880504, 35.5947958], [134.8799641, 35.5945427], [134.8797496, 35.5944569], [134.8794285, 35.5943284], [134.8791413, 35.5942581], [134.8788743, 35.5941996], [134.8788519, 35.5941936], [134.8785976, 35.5941333], [134.8784263, 35.594095], [134.8780042, 35.594002], [134.8774937, 35.5939037], [134.8770211, 35.5937829], [134.8766031, 35.5936899], [134.8760944, 35.5935391], [134.8757435, 35.5933924], [134.8754263, 35.5932223], [134.8752033, 35.5930934], [134.8748563, 35.5928339], [134.8746644, 35.5926008], [134.874381, 35.5922966], [134.8741015, 35.591828], [134.8738996, 35.5915109], [134.8736081, 35.591181], [134.8735115, 35.5910566], [134.8730584, 35.5906957], [134.8726958, 35.5904891], [134.8725128, 35.5903906], [134.871975, 35.590093], [134.8715112, 35.5898383], [134.8711882, 35.5896524], [134.8709008, 35.5894908], [134.8707611, 35.5893974], [134.8706418, 35.5893102], [134.8703816, 35.5891091], [134.8702348, 35.5889636], [134.8698578, 35.5886505], [134.8687215, 35.5876856], [134.8677275, 35.5868555], [134.8675529, 35.5867019], [134.8671357, 35.5863749], [134.8667607, 35.5861502], [134.8663573, 35.5859397], [134.8659039, 35.585724], [134.8654884, 35.5855112], [134.8648847, 35.5852096], [134.8608125, 35.5832087], [134.8600439, 35.5828337], [134.8597503, 35.5826894], [134.8593653, 35.5824661], [134.8586067, 35.5818898], [134.8583675, 35.581703], [134.858183, 35.581564], [134.8578365, 35.5812814], [134.8575833, 35.5810635], [134.8574313, 35.5809193], [134.8571707, 35.5806119], [134.8568572, 35.5800757], [134.8563332, 35.5792065], [134.8558686, 35.5784736], [134.8553742, 35.5776481], [134.8548457, 35.5767711], [134.8545655, 35.5764135], [134.8542352, 35.5760057], [134.853685, 35.5752969], [134.8531262, 35.5745824], [134.8529217, 35.5743201], [134.8525933, 35.5739107], [134.852462, 35.5736248], [134.8523454, 35.5733658], [134.8522477, 35.5729124], [134.8521607, 35.5724642], [134.8521489, 35.5721829], [134.8521351, 35.5719373], [134.8521372, 35.5717891], [134.8521828, 35.5715522], [134.8522739, 35.5711262], [134.8524128, 35.5704747], [134.8525951, 35.5695681], [134.8526526, 35.5693466], [134.8526611, 35.5691102], [134.8527228, 35.568319], [134.8528384, 35.5668316], [134.852832, 35.5663698], [134.8528365, 35.5661875], [134.8528469, 35.5657906], [134.8526052, 35.564908], [134.8523282, 35.5639058], [134.8520445, 35.5628327], [134.8515797, 35.5610939], [134.8513846, 35.5602304], [134.8512395, 35.5597003], [134.8511372, 35.5595039], [134.8510472, 35.559341], [134.8508888, 35.5590893], [134.8507669, 35.5589335], [134.8506109, 35.5587658], [134.8504788, 35.5586428], [134.8502442, 35.5584446], [134.8500574, 35.5583125], [134.8498273, 35.5581803], [134.8495198, 35.5580482], [134.8491712, 35.5579115], [134.8487658, 35.5577703], [134.8478594, 35.5574465], [134.8467524, 35.5570767], [134.8460997, 35.5568586], [134.8458561, 35.556784], [134.845143, 35.5565399], [134.8441802, 35.5563064], [134.8433191, 35.5561301]], [[134.8370182, 35.5485509], [134.837055, 35.548581], [134.8376135, 35.5491016], [134.8384449, 35.5498804], [134.8386135, 35.5500269], [134.8386477, 35.5500552], [134.8398299, 35.5510307], [134.8402195, 35.5512937], [134.8403364, 35.5513726], [134.8405468, 35.5514917], [134.8415547, 35.5520566], [134.8421782, 35.5523926], [134.8423469, 35.5524154], [134.8424781, 35.552413], [134.8425594, 35.5525366], [134.8427355, 35.5527257], [134.8432029, 35.5531961], [134.843335, 35.5533453], [134.8434257, 35.5534738], [134.843464, 35.5535909], [134.8435033, 35.5538232], [134.8435006, 35.5540748], [134.8434663, 35.5542175], [134.8432906, 35.5545879], [134.8431995, 35.5548021], [134.8431089, 35.5549881], [134.8430651, 35.5551369], [134.8430627, 35.5552109], [134.8431147, 35.5554441], [134.8432135, 35.5556372], [134.8432605, 35.5557894], [134.8433191, 35.5561301]], [[134.8370182, 35.5485509], [134.8367933, 35.5483431], [134.8358825, 35.5475113], [134.8353574, 35.5470307], [134.8348127, 35.5465229], [134.8341023, 35.5458706], [134.8340795, 35.5458501], [134.8337933, 35.5455957], [134.8337463, 35.5455596], [134.8326751, 35.5445636], [134.832513, 35.5444276], [134.8324063, 35.5443529], [134.8322772, 35.5442848], [134.8320965, 35.5442139], [134.831918, 35.5441582], [134.8315679, 35.5440639], [134.8315141, 35.5440501], [134.828335, 35.5432035], [134.8282774, 35.5431902], [134.8281401, 35.5431559], [134.8280285, 35.543141], [134.8279033, 35.5431353], [134.8277797, 35.5431518], [134.8276521, 35.5431837], [134.8273975, 35.5432418], [134.8273613, 35.54325], [134.8269345, 35.543346], [134.8264413, 35.5434474], [134.8259174, 35.5435396], [134.8254447, 35.5436211], [134.825281, 35.5436493]], [[134.8254181, 35.5353593], [134.8254053, 35.5353956], [134.8253752, 35.5355271], [134.8252229, 35.5362255], [134.825103, 35.5367797], [134.8249528, 35.5373207], [134.8248697, 35.5375817], [134.8247401, 35.5379348], [134.8246642, 35.5381444], [134.8245022, 35.5385149], [134.8243889, 35.5387684], [134.8243659, 35.5388409], [134.8243344, 35.5389406], [134.8243177, 35.5390092], [134.824261, 35.5392443], [134.8241734, 35.5396135], [134.8241532, 35.5396869], [134.8241125, 35.5398352], [134.8240637, 35.5400787], [134.8240566, 35.5402596], [134.8240631, 35.5405634], [134.8240768, 35.5406796], [134.8240928, 35.5407709], [134.8241421, 35.5409659], [134.824328, 35.5417007], [134.8246249, 35.5428562], [134.8247536, 35.5433574], [134.8248531, 35.5437147], [134.825281, 35.5436493]], [[134.8254181, 35.5353593], [134.8254688, 35.5352619], [134.8255186, 35.5351724], [134.8256461, 35.5349194], [134.8258366, 35.5345408], [134.8260743, 35.5340291], [134.8262787, 35.5335948], [134.826531, 35.5330599], [134.8267234, 35.5326564], [134.8268942, 35.5322934], [134.8269313, 35.5321928], [134.8269768, 35.532074], [134.8270279, 35.5319366], [134.8270578, 35.5318237], [134.8270667, 35.531743], [134.8270678, 35.531661], [134.8270642, 35.5315206], [134.8270492, 35.5313932], [134.8270257, 35.5312692], [134.826973, 35.5311199], [134.8268187, 35.530868], [134.8265831, 35.5305614], [134.8261607, 35.5300464], [134.8257326, 35.5295115], [134.8253839, 35.5290641], [134.8249998, 35.5285521], [134.8246068, 35.5280155], [134.824455, 35.5278923], [134.8245107, 35.5280492], [134.8247351, 35.5283659], [134.82566, 35.5295891], [134.8265142, 35.530612], [134.8267466, 35.5309081], [134.8268423, 35.5310607], [134.8268969, 35.5311576], [134.8269528, 35.5312931], [134.8269858, 35.5314059], [134.8270074, 35.5315266], [134.8270131, 35.531669], [134.8270108, 35.531735], [134.8270097, 35.5318216], [134.8269972, 35.5319173], [134.8269768, 35.532074]], [[134.824455, 35.5278923], [134.8243914, 35.5278068], [134.8242752, 35.527563], [134.8238435, 35.5266682], [134.823797, 35.5265662], [134.8235536, 35.5260324], [134.8232713, 35.5254406], [134.8230445, 35.5249532], [134.8228155, 35.5244441], [134.8226433, 35.5240546], [134.8224882, 35.523677], [134.8224792, 35.5236527], [134.8222663, 35.5231388], [134.8222378, 35.5230528], [134.8218876, 35.5220535], [134.8217077, 35.5214704], [134.8214571, 35.5206343], [134.8212612, 35.51996], [134.8210699, 35.5192118], [134.820931, 35.5185986], [134.8208254, 35.5181011], [134.8207936, 35.5179631], [134.8206814, 35.5170002], [134.8206629, 35.5167174], [134.8206608, 35.5163746], [134.8206675, 35.5161641], [134.8207008, 35.515928], [134.8207349, 35.5157457], [134.8207873, 35.5154974], [134.820858, 35.5152469], [134.820924, 35.5150578], [134.8210106, 35.5148163], [134.8211056, 35.5145568], [134.8211629, 35.5143847], [134.8215596, 35.5132604], [134.8216279, 35.5130212], [134.8216667, 35.5128299], [134.8216963, 35.5126477], [134.8217099, 35.5125019], [134.8217236, 35.5123173], [134.8217213, 35.51211], [134.8217099, 35.51188], [134.821678, 35.5116499], [134.8216165, 35.5113811], [134.8215277, 35.5111328], [134.8214389, 35.5109483], [134.8212794, 35.5107478], [134.8210994, 35.5105428], [134.82083, 35.5102767], [134.8205231, 35.5100029], [134.8202885, 35.5098138], [134.8199376, 35.5095929], [134.8194479, 35.5093263], [134.8188317, 35.5090295], [134.8187622, 35.508996], [134.8180856, 35.5086908], [134.8174364, 35.5083832], [134.8172587, 35.5082853], [134.8166345, 35.5079436], [134.815958, 35.50757], [134.8155753, 35.5073399], [134.8152495, 35.5071212], [134.8149365, 35.5068877], [134.8148053, 35.5067932], [134.814598, 35.5066406], [134.8142108, 35.5063444], [134.8138668, 35.5060517], [134.8135898, 35.5057897], [134.813211, 35.5054143], [134.8130167, 35.5052365], [134.8128258, 35.5050601], [134.8124484, 35.5047185], [134.8118644, 35.5042396], [134.8115409, 35.5039913], [134.8112289, 35.5037589], [134.8109919, 35.5035858], [134.8107527, 35.5034263], [134.8101536, 35.503014], [134.8091855, 35.5023648], [134.8080624, 35.5016381], [134.8073312, 35.5011711], [134.8071011, 35.5010139], [134.8069508, 35.5009068], [134.8066569, 35.5006927], [134.8065857, 35.5006057], [134.806177, 35.5001733], [134.8059051, 35.4997889], [134.8057015, 35.4995007], [134.8055737, 35.4993236], [134.8054649, 35.4992207], [134.8053336, 35.4991091], [134.8049582, 35.4987688], [134.8045363, 35.4983983], [134.8044338, 35.4983133], [134.8038322, 35.4977837], [134.8032148, 35.4972598], [134.8027251, 35.4968005], [134.8026451, 35.49674], [134.8023912, 35.4965297], [134.8021219, 35.4962933], [134.8018167, 35.4959506], [134.8017522, 35.4958516], [134.8016031, 35.4955919], [134.8015193, 35.4954076], [134.8014542, 35.4952131], [134.8014115, 35.4950415], [134.8012301, 35.4945793], [134.8010277, 35.4939759], [134.8009951, 35.4938921], [134.8008054, 35.4934436], [134.8006175, 35.4929352], [134.800451, 35.4923938], [134.8002993, 35.4919322], [134.8002886, 35.4919071], [134.8001499, 35.4915612], [134.8000192, 35.4911924], [134.799926, 35.4909146], [134.7998981, 35.4908016], [134.7998955, 35.490705], [134.799889, 35.4903278], [134.7998821, 35.4900863], [134.7998707, 35.4896695], [134.7998502, 35.4892663], [134.7998388, 35.4891501], [134.7998035, 35.4890114], [134.7997938, 35.4889782], [134.7997629, 35.4888958], [134.7996619, 35.488715], [134.7994933, 35.4884838], [134.7992904, 35.4881878], [134.7991503, 35.4879747], [134.7990681, 35.4878224], [134.7990141, 35.4876526], [134.79899, 35.487449], [134.798987, 35.487377], [134.7989633, 35.4871733], [134.7989219, 35.4868176], [134.7988966, 35.486448], [134.7986927, 35.4856135], [134.7986845, 35.4855776], [134.7986745, 35.4855394], [134.7986231, 35.4853492], [134.7985809, 35.4851093], [134.7984595, 35.4846699], [134.7984378, 35.4845947], [134.7984293, 35.4845623], [134.7983275, 35.4842147], [134.7981701, 35.4835726], [134.7981491, 35.4835193], [134.7980462, 35.4833437], [134.7978967, 35.4831628], [134.7975917, 35.4829374], [134.7972461, 35.4828064], [134.7971106, 35.4827812], [134.7965758, 35.4826315], [134.7963822, 35.4825744], [134.7954825, 35.4822452], [134.7949938, 35.4820863], [134.7945575, 35.4819761], [134.7940752, 35.4818778], [134.7935758, 35.4818045], [134.7931775, 35.4817408], [134.7925219, 35.4816673], [134.7921524, 35.4816703], [134.7916707, 35.4816845], [134.7915824, 35.4816871], [134.790864, 35.4817236], [134.7904672, 35.4817309], [134.7903049, 35.4817027], [134.790011, 35.481664], [134.7899828, 35.4818388], [134.7899476, 35.4819581], [134.7897695, 35.4821034], [134.7895499, 35.4821932], [134.7894927, 35.4822006], [134.7893487, 35.4822023], [134.7881721, 35.4821919], [134.7876912, 35.4821873], [134.7876134, 35.4821866], [134.787228, 35.4821829], [134.7854899, 35.4821705], [134.7851427, 35.482168], [134.784821, 35.4821665], [134.7847625, 35.4820271], [134.7847091, 35.48192], [134.7846446, 35.4817911], [134.784545, 35.4816003], [134.7843751, 35.4813426], [134.7842051, 35.4810945], [134.7840411, 35.4808607], [134.7839832, 35.4807747], [134.7838594, 35.4806269], [134.7836426, 35.4803692], [134.7834073, 35.4801109], [134.7832493, 35.4799611], [134.7830098, 35.4797393], [134.7827109, 35.479496], [134.7824542, 35.4792946], [134.7823886, 35.4792431], [134.781996, 35.4789759], [134.780926, 35.4783366], [134.7803905, 35.4780167], [134.7797654, 35.4776529], [134.779408, 35.4774316], [134.7793434, 35.477394], [134.7790297, 35.4772044], [134.7787699, 35.477053], [134.7768182, 35.4760118], [134.7764199, 35.4758067], [134.7762051, 35.4756961], [134.7715243, 35.4732555], [134.770991, 35.4729111], [134.7705532, 35.4725966], [134.7700928, 35.472182], [134.7698764, 35.4719657], [134.7697002, 35.4717586], [134.7694981, 35.471499], [134.7693963, 35.4713712], [134.7692668, 35.4711791], [134.7690376, 35.4707878], [134.7688134, 35.4702938], [134.7686992, 35.4699739], [134.768583, 35.4695088], [134.768558, 35.4694087], [134.7685404, 35.469323], [134.7685251, 35.469249], [134.7684935, 35.468902], [134.7684464, 35.4682281], [134.7684379, 35.4681061], [134.7683909, 35.4674955], [134.768346, 35.4667936], [134.7683271, 35.4665965], [134.7682874, 35.4660475], [134.7682747, 35.4658725], [134.768254, 35.4656651], [134.7682288, 35.4652269], [134.7682073, 35.46484], [134.7682052, 35.4647674], [134.7681251, 35.4636771], [134.7681199, 35.4622985], [134.768202, 35.4612243], [134.7683678, 35.460073], [134.7685832, 35.4591754], [134.7688538, 35.4582646], [134.7689736, 35.4577424], [134.7690371, 35.4572537], [134.7690477, 35.4569895], [134.7690338, 35.4563985], [134.7690273, 35.4563308], [134.7690144, 35.455835], [134.7690147, 35.4555168], [134.7690239, 35.4552429], [134.7690567, 35.4548823], [134.7691474, 35.4543528], [134.7693366, 35.4537231], [134.7693642, 35.4536283], [134.7694635, 35.4533873], [134.7695331, 35.4532185], [134.7695775, 35.4531046], [134.7697467, 35.4527428], [134.7700578, 35.4520901], [134.7702289, 35.4517575], [134.7703651, 35.4513518], [134.770473, 35.4509692], [134.7705725, 35.4505152], [134.7707977, 35.4490499], [134.7708137, 35.4489217]], [[134.7712037, 35.4476646], [134.7711101, 35.4477928], [134.7710257, 35.4479335], [134.7709382, 35.4482039], [134.7708578, 35.4485671], [134.7708411, 35.4486887], [134.7708137, 35.4489217]], [[134.7712037, 35.4476646], [134.7713724, 35.4474596], [134.7715892, 35.4472506], [134.7722746, 35.4466106], [134.7727537, 35.446181], [134.7732453, 35.4457312], [134.7738772, 35.4451363], [134.7744113, 35.4446916], [134.7749445, 35.4442359], [134.7753141, 35.4438763], [134.7755144, 35.4437578], [134.7757221, 35.4436708], [134.776027, 35.4435533], [134.7764302, 35.4433979], [134.7775012, 35.4429248], [134.7780732, 35.4426941], [134.7785895, 35.4424886], [134.7798263, 35.4420933], [134.7802467, 35.4419781], [134.7809504, 35.4417976], [134.7814057, 35.4416818], [134.7824997, 35.4413573], [134.783539, 35.441018], [134.784256, 35.440753], [134.784872, 35.440529], [134.7853853, 35.4403428], [134.7858563, 35.4401534], [134.7863332, 35.4399445], [134.7867169, 35.4397448], [134.7870598, 35.4395307], [134.7874022, 35.4392799], [134.7877859, 35.4389127], [134.7880833, 35.4386016], [134.7882638, 35.4383605], [134.7885068, 35.4379564], [134.788626, 35.4377072], [134.7887459, 35.437409], [134.7888407, 35.4371335], [134.7889261, 35.4366943], [134.7889966, 35.4363172], [134.7890243, 35.435888], [134.7890142, 35.4354515], [134.7889876, 35.4350802], [134.7889815, 35.4347968], [134.7889201, 35.4345182], [134.7888851, 35.4342763], [134.7888825, 35.4340344], [134.7888933, 35.4337884], [134.7888843, 35.4334504], [134.7888929, 35.4333394], [134.7888956, 35.4330338], [134.7888964, 35.4328777], [134.7888906, 35.4326955], [134.7888753, 35.4323524], [134.7888528, 35.4321425], [134.7888159, 35.432015], [134.7887686, 35.4319127], [134.7886808, 35.4318055], [134.7885595, 35.431706], [134.788299, 35.4315335], [134.7881723, 35.4314384], [134.7880813, 35.4313602], [134.7879944, 35.4312747], [134.7879137, 35.4311772], [134.7878297, 35.4310565], [134.78774, 35.4308854], [134.7876684, 35.4306955], [134.7876227, 35.4305548], [134.7875315, 35.4302652], [134.7875128, 35.4301599], [134.7874939, 35.4300128], [134.7874786, 35.4295032], [134.7874709, 35.4289881], [134.7874771, 35.4288054], [134.7874991, 35.4286398], [134.7875728, 35.4283507], [134.787649, 35.4281096], [134.7877162, 35.4279096], [134.7878279, 35.4276164], [134.7879164, 35.4274284], [134.788007, 35.4272544], [134.7882445, 35.4268482], [134.7885148, 35.426471], [134.788722, 35.4262078], [134.7887559, 35.4261651], [134.7892361, 35.4255724], [134.7895056, 35.4252581], [134.7896098, 35.425132], [134.789696, 35.4250111], [134.7898282, 35.4247933], [134.7898998, 35.424657], [134.7899756, 35.4245048], [134.7900368, 35.4243439], [134.7900783, 35.4242349], [134.790114, 35.4240446], [134.7901433, 35.4239264], [134.7901661, 35.4238101], [134.7901706, 35.4237679], [134.7902348, 35.4233299], [134.7902781, 35.4230144], [134.790329, 35.4226445], [134.790353, 35.4224683], [134.7904349, 35.421923], [134.7905049, 35.4214697], [134.7905489, 35.4212081], [134.7905903, 35.4209623], [134.7905969, 35.4208871], [134.7906088, 35.4206996], [134.7906336, 35.4203953], [134.790634, 35.420181], [134.7906101, 35.4200694], [134.7905664, 35.4199531], [134.7905222, 35.4198691], [134.7904681, 35.4198037], [134.7904102, 35.419743], [134.7903211, 35.4196727], [134.7902273, 35.4196055], [134.7900655, 35.4195165], [134.7893903, 35.4192331], [134.7887145, 35.4189401], [134.7884971, 35.4188322], [134.788261, 35.4187151], [134.7879885, 35.4185915], [134.7878185, 35.4185161], [134.7876066, 35.4184494], [134.7872968, 35.4183647], [134.7869925, 35.4182746], [134.7867425, 35.418181], [134.7863473, 35.4180177], [134.7859779, 35.4178606], [134.7856958, 35.4177022], [134.7852709, 35.4174452], [134.7849532, 35.4172116], [134.7848855, 35.4171467], [134.7847252, 35.4170046], [134.7846348, 35.4169169], [134.7843312, 35.4165948], [134.7839427, 35.416175], [134.7836162, 35.4158033], [134.7833, 35.4154195], [134.7827682, 35.4147559], [134.7823583, 35.4142128], [134.7819153, 35.4136368], [134.781527, 35.4131329], [134.7810206, 35.4124733], [134.7807559, 35.4121228], [134.7804437, 35.4117423], [134.7802593, 35.411555], [134.780038, 35.4113633], [134.7797873, 35.411147], [134.7797725, 35.4111342], [134.7794737, 35.4108848], [134.7791769, 35.4106368], [134.7790651, 35.4105461], [134.7790034, 35.4104893], [134.77894, 35.4104145], [134.7788796, 35.4103285], [134.7788347, 35.410227], [134.7788136, 35.4101678], [134.7788022, 35.4101226], [134.77854, 35.4090834], [134.778412, 35.4086134], [134.7783142, 35.4082051], [134.7782639, 35.4079952], [134.7782469, 35.4079306], [134.7781987, 35.4077471], [134.7781097, 35.4074087], [134.7780731, 35.4072207], [134.7780299, 35.4069984], [134.7779183, 35.4066486], [134.7778211, 35.406388], [134.7778186, 35.406383], [134.7777661, 35.406262], [134.7776131, 35.4059715], [134.7775816, 35.4059085], [134.7775214, 35.405788], [134.7774561, 35.4056526], [134.7773738, 35.4055042], [134.7773305, 35.4053407], [134.7772506, 35.4049249], [134.7772453, 35.4048697], [134.7772258, 35.4046688], [134.7772322, 35.4045652], [134.7772502, 35.4041776], [134.7772526, 35.4037027], [134.7772571, 35.403397], [134.777472, 35.4033889], [134.7776719, 35.4033482], [134.7778624, 35.4033107], [134.7780706, 35.4032424], [134.7781645, 35.4031948], [134.7782645, 35.4031477], [134.7783989, 35.4030596], [134.7785406, 35.4029447], [134.7787623, 35.4026873], [134.778987, 35.4024472], [134.7792981, 35.4021238], [134.7795903, 35.401822], [134.7797725, 35.4016313], [134.7799242, 35.4015058], [134.7801832, 35.4012885], [134.7804533, 35.4011219], [134.7806931, 35.4009701], [134.7811, 35.400751], [134.7815058, 35.4005332], [134.7818045, 35.4003156], [134.7819587, 35.400176], [134.7821085, 35.4000218], [134.7822539, 35.399861], [134.7823971, 35.3996848], [134.7827558, 35.3992331], [134.7831622, 35.3987052], [134.7837942, 35.3979145], [134.7844954, 35.3970345], [134.7852932, 35.3959622], [134.7853689, 35.3958557], [134.7857244, 35.3953558], [134.7858885, 35.3951108], [134.7859305, 35.395048], [134.7860464, 35.394831], [134.7861097, 35.3946849], [134.7861248, 35.3946501], [134.7863488, 35.3941405], [134.7865068, 35.3937809], [134.7865176, 35.3937566], [134.7868625, 35.3929803], [134.7871218, 35.392454], [134.7874377, 35.3919392], [134.7880797, 35.3909144], [134.788254, 35.3906181], [134.7883009, 35.3905196], [134.7883393, 35.3904391], [134.7884558, 35.3902022], [134.7884864, 35.3900348], [134.7884935, 35.3897783], [134.788477, 35.389558], [134.7884247, 35.3893377], [134.7883555, 35.3891081], [134.7882127, 35.3886713], [134.7880805, 35.3882913], [134.7879538, 35.3880022], [134.7877736, 35.38774], [134.7874444, 35.3874349], [134.7871828, 35.3871596], [134.7870176, 35.3869586], [134.7869385, 35.3867995], [134.7868839, 35.3866173], [134.7868383, 35.3863712], [134.7868406, 35.386132], [134.7868497, 35.3859361], [134.7868689, 35.3854986], [134.7868884, 35.3851867], [134.7868998, 35.3850067], [134.7868952, 35.3849429], [134.7868896, 35.3848586], [134.7868713, 35.3847692], [134.7868326, 35.3846343], [134.7867835, 35.3844964], [134.7867147, 35.3843344], [134.7866737, 35.3842711], [134.7865555, 35.3841151], [134.7864757, 35.384039], [134.7862594, 35.3838516], [134.7860403, 35.3836956], [134.785448, 35.3833458], [134.785068, 35.3831311], [134.7848119, 35.3829824], [134.7845531, 35.3827979], [134.784282, 35.3825238], [134.7842134, 35.3823724], [134.7841626, 35.3822313], [134.7841412, 35.3821355], [134.7841284, 35.3820453], [134.7841245, 35.3819101], [134.7841331, 35.3818042], [134.7841574, 35.3816931], [134.7842214, 35.3814546], [134.7842266, 35.3814388], [134.7847607, 35.379689], [134.7848631, 35.3792861], [134.7849457, 35.3790254], [134.7852875, 35.3778831], [134.7853138, 35.3777873], [134.785356, 35.3776306], [134.7855172, 35.3770564], [134.7856464, 35.376624], [134.7856543, 35.3765442], [134.7856307, 35.3764784], [134.7856093, 35.3764124], [134.785547, 35.3763105], [134.7860545, 35.3758002], [134.7887738, 35.3734363], [134.789063, 35.3731794], [134.7891601, 35.3730985], [134.7892587, 35.3730222], [134.7893573, 35.3729489], [134.789472, 35.3728747], [134.7896013, 35.3728006], [134.7896871, 35.3727555], [134.7897256, 35.3727353], [134.7898721, 35.3726637], [134.7900446, 35.3725828], [134.7915125, 35.371914], [134.792763, 35.3713486], [134.7929522, 35.3712673], [134.7931078, 35.3712051], [134.793278, 35.3711448], [134.7934503, 35.371088], [134.7936353, 35.3710355], [134.7938223, 35.3709857], [134.7962518, 35.3704381], [134.7964195, 35.3703975], [134.7965914, 35.3703478], [134.7967442, 35.3703025], [134.7968938, 35.3702507], [134.797077, 35.3701833], [134.7972288, 35.3701271], [134.7973805, 35.3700656], [134.7975496, 35.369987], [134.7977276, 35.3698967], [134.7978893, 35.3698154], [134.7994982, 35.3689497], [134.7996502, 35.3688673], [134.7998234, 35.3687795], [134.8000079, 35.368692], [134.8001957, 35.3686084], [134.800368, 35.36854], [134.8005305, 35.3684783], [134.8007104, 35.3684152], [134.8009774, 35.368324], [134.8012502, 35.3682371], [134.8014742, 35.368164], [134.8017241, 35.3680858], [134.8019949, 35.3680055], [134.8042886, 35.3673331], [134.8044703, 35.3672812], [134.8046354, 35.3672363], [134.8047969, 35.367202], [134.8049225, 35.3671796], [134.8050417, 35.3671653], [134.8051679, 35.3671542], [134.8052912, 35.3671473], [134.8054162, 35.367143], [134.805598, 35.3671429], [134.8057718, 35.3671494], [134.8059457, 35.3671586], [134.8067511, 35.3672147], [134.8084537, 35.3673158], [134.8085684, 35.3673199], [134.808677, 35.3673225], [134.8087865, 35.3673234], [134.8088987, 35.3673197], [134.8090001, 35.3673105], [134.8090825, 35.3673007], [134.8091685, 35.3672897], [134.8092132, 35.3672838], [134.8092643, 35.3672771], [134.8093652, 35.3672617], [134.8107828, 35.367013], [134.812617, 35.3667137], [134.8127596, 35.3666863], [134.8128902, 35.3666568], [134.8130197, 35.3666247], [134.8131404, 35.366592], [134.8132518, 35.3665581], [134.8133592, 35.3665222], [134.813466, 35.3664836], [134.8135878, 35.3664373], [134.813701, 35.3663932], [134.8138163, 35.3663453], [134.8139328, 35.3662957], [134.8140364, 35.3662493], [134.8141315, 35.3662029], [134.8144511, 35.3660126], [134.8147849, 35.3657973], [134.8149898, 35.3656384], [134.8151528, 35.3654905], [134.8154194, 35.365233], [134.8156403, 35.3649852], [134.8159049, 35.364626], [134.8161602, 35.3642244], [134.8164342, 35.3637823], [134.8168096, 35.3632194], [134.8170293, 35.3628939], [134.8172746, 35.3625221], [134.8174398, 35.3622608], [134.8176764, 35.361937], [134.8178912, 35.361663], [134.8182158, 35.3613133], [134.8184606, 35.3610789], [134.8187128, 35.3608696], [134.8189736, 35.3606717], [134.819369, 35.3604239], [134.8195839, 35.3603008], [134.8197278, 35.3602075], [134.8197512, 35.3601929], [134.8203195, 35.359839], [134.8203983, 35.35979], [134.8206611, 35.3596289], [134.8210209, 35.3594083], [134.8216047, 35.3590454], [134.8217027, 35.3589859], [134.82212, 35.3587327], [134.8226904, 35.3583888], [134.8232252, 35.3580633], [134.823792, 35.3577036], [134.8241921, 35.3574626], [134.8246716, 35.3571451], [134.8249742, 35.3569842], [134.8250536, 35.356942], [134.8252631, 35.3568306], [134.8259792, 35.3565255], [134.8265116, 35.3563573], [134.8270067, 35.3562608], [134.8275949, 35.3561209], [134.8278629, 35.3560553], [134.8282988, 35.3559619], [134.8286027, 35.3559025], [134.8288561, 35.355853], [134.8293805, 35.3557843], [134.8297145, 35.3557435], [134.8303222, 35.3556703], [134.8306385, 35.3556181], [134.8309077, 35.3555716], [134.8310812, 35.3555293], [134.8312886, 35.3554669], [134.8315062, 35.3553845], [134.8317923, 35.3552572], [134.8320744, 35.3551147], [134.8324517, 35.3548876], [134.832731, 35.3547144], [134.8328649, 35.3546211], [134.8329812, 35.3545286], [134.8330747, 35.3544439], [134.833155, 35.354354], [134.833243, 35.3542477], [134.8337565, 35.3536175], [134.8340005, 35.3532577], [134.8344961, 35.3525533], [134.8348749, 35.3520061], [134.8350649, 35.3516984], [134.8351954, 35.3514631], [134.8353323, 35.3511496], [134.835443, 35.3508801], [134.8356019, 35.3504677], [134.8357516, 35.3500991], [134.8359465, 35.3497225], [134.835982, 35.3496538], [134.8363257, 35.349081], [134.8366818, 35.3485997], [134.8372169, 35.3479411], [134.8375667, 35.34749], [134.8379419, 35.3470794], [134.8382579, 35.3466712], [134.838616, 35.3462166], [134.8392791, 35.3454227], [134.839581, 35.3450568], [134.8400239, 35.3445513], [134.8402412, 35.3442769], [134.8406641, 35.3437462], [134.8411846, 35.3430938], [134.8417948, 35.3423341], [134.842055, 35.3420228], [134.8423023, 35.341727], [134.8427907, 35.3411261], [134.8432011, 35.3406629], [134.8434027, 35.3404422], [134.8437008, 35.3401498], [134.8439867, 35.3399399], [134.8442412, 35.3397844], [134.8443906, 35.3396951], [134.844544, 35.3396005], [134.8447417, 35.3394942], [134.8448615, 35.3394293], [134.8451738, 35.3392895], [134.8457112, 35.3390919], [134.8462657, 35.3389796], [134.8467565, 35.3389154], [134.8471904, 35.3388844], [134.8476965, 35.3388629], [134.8487583, 35.338814], [134.8495754, 35.3387462], [134.8499045, 35.3386889], [134.8504784, 35.3385401], [134.8509128, 35.3383693], [134.8513229, 35.3381874], [134.8544534, 35.3366482], [134.8549343, 35.3364138], [134.8552534, 35.3362686], [134.856001, 35.3358858], [134.859156, 35.3343463], [134.8602472, 35.3337768], [134.8607534, 35.3335011], [134.8610469, 35.3333386], [134.8611272, 35.3332941], [134.8616904, 35.3329281], [134.8616153, 35.3324776], [134.8615456, 35.3321194], [134.8614533, 35.3318273], [134.8611214, 35.3312761], [134.860982, 35.3311279], [134.8607983, 35.3309838], [134.8606374, 35.3308866], [134.8604791, 35.330791], [134.8601105, 35.3306263], [134.859442, 35.3303866], [134.8593555, 35.330355], [134.8587568, 35.3301613], [134.8586942, 35.3301405], [134.8585033, 35.3300743], [134.8581318, 35.3299528], [134.8578157, 35.3298468], [134.8574221, 35.3297372], [134.8569267, 35.3295731], [134.8564476, 35.3294067], [134.8560077, 35.3292134], [134.8557501, 35.3291003], [134.8557199, 35.32908], [134.8551421, 35.3286918], [134.8546951, 35.3283125], [134.854565, 35.3281823], [134.8544062, 35.3280003], [134.8537833, 35.3271875], [134.8531912, 35.3263888], [134.8519823, 35.32473], [134.8507717, 35.3231196], [134.8507073, 35.323031], [134.8501769, 35.322281], [134.8495578, 35.3214739], [134.8489873, 35.3207009], [134.8488655, 35.320536], [134.8486811, 35.3203092], [134.8482276, 35.3197336], [134.848174, 35.3196563], [134.8477389, 35.3191499], [134.8473943, 35.3187802], [134.8467732, 35.3181139], [134.8464974, 35.3178416], [134.8461479, 35.3174804], [134.8459516, 35.3172683], [134.8451195, 35.3163653], [134.8447095, 35.3159542], [134.8438694, 35.315172], [134.8435916, 35.314877], [134.8427306, 35.3139982], [134.8424217, 35.3136808], [134.8421757, 35.313366], [134.8419721, 35.3131272], [134.841713, 35.3127908], [134.8414762, 35.3124087], [134.8412894, 35.3120894], [134.8411253, 35.3117766], [134.8408391, 35.3111429], [134.8406421, 35.3104874], [134.8404973, 35.309904], [134.8403942, 35.3094685], [134.8403266, 35.3090583], [134.8400528, 35.3077368], [134.8399808, 35.3072453], [134.8398979, 35.306764], [134.83983, 35.306407], [134.8397906, 35.3061437], [134.8397649, 35.3058874], [134.8397579, 35.3056214], [134.8397784, 35.3031538], [134.8397751, 35.3016014], [134.8396714, 35.2976733], [134.8396587, 35.2974458], [134.83963, 35.2972183], [134.8395712, 35.29699], [134.8395055, 35.2967917], [134.8394243, 35.2966076], [134.8393274, 35.2964278], [134.8389142, 35.2958227], [134.838414, 35.2951533], [134.8380452, 35.2947405], [134.8379236, 35.2946492], [134.8377118, 35.2945046], [134.8374374, 35.2943693], [134.8370574, 35.2942396], [134.8356183, 35.2938772], [134.8353294, 35.2937799], [134.8350368, 35.293653], [134.8347938, 35.293488], [134.8328066, 35.2920238], [134.8323452, 35.2916842], [134.8320579, 35.2914436], [134.8318685, 35.2912642], [134.8314774, 35.2908813], [134.8310761, 35.2903222], [134.8308396, 35.2900284], [134.8306267, 35.2897392], [134.8303678, 35.2893066], [134.8300626, 35.2887691], [134.8298338, 35.2883086], [134.8292911, 35.287288], [134.8290216, 35.2867664], [134.8287145, 35.2863412], [134.8286299, 35.2862302], [134.8285739, 35.2861267], [134.8284428, 35.2860144], [134.8282472, 35.2857998], [134.8281287, 35.2856761], [134.8279897, 35.2855605], [134.8277963, 35.2854059], [134.8274477, 35.285145], [134.827268, 35.2850146], [134.8270025, 35.2848579], [134.8268319, 35.2847723], [134.8264974, 35.2845349], [134.8257114, 35.2840977], [134.8252584, 35.2838332], [134.8250589, 35.2836745], [134.8249484, 35.2835677], [134.8247553, 35.2833281], [134.8245756, 35.2830163], [134.8244036, 35.28262], [134.8243103, 35.2823008], [134.8242188, 35.2818701], [134.8240531, 35.2808658], [134.8239844, 35.2804924], [134.8238881, 35.2799672], [134.8236443, 35.2786273], [134.8235596, 35.2782525], [134.8235417, 35.2779937], [134.8235292, 35.27784], [134.8234857, 35.2775961], [134.8234894, 35.277374], [134.8235425, 35.276743], [134.8236284, 35.2762424], [134.8236901, 35.2756975], [134.8237041, 35.2754357], [134.8236805, 35.2751998], [134.8236353, 35.274978], [134.8235748, 35.2747723], [134.8230568, 35.273153], [134.8228886, 35.2726126], [134.8228194, 35.2722108], [134.8227589, 35.2716273], [134.8226876, 35.2712524], [134.8226064, 35.2709328], [134.8224486, 35.2704436], [134.8222237, 35.2700149], [134.8219967, 35.2696639], [134.8217264, 35.2692919], [134.8213946, 35.2689188], [134.8210157, 35.268552], [134.8207925, 35.2683801], [134.819675, 35.2676485], [134.8194477, 35.2675095], [134.8183325, 35.2668115], [134.8171386, 35.2660735], [134.8157086, 35.2651989], [134.8154167, 35.2650214], [134.8143213, 35.2643144], [134.8140759, 35.2641594], [134.8135317, 35.2638705], [134.8128715, 35.2635423], [134.8116624, 35.2629543], [134.8100298, 35.2621448], [134.8097766, 35.2620066], [134.8095607, 35.2618517], [134.809376, 35.2616905], [134.809192, 35.261523], [134.8090529, 35.261369], [134.8088845, 35.2611417], [134.8087272, 35.2608405], [134.8086077, 35.2605802], [134.8084681, 35.2602793], [134.8078961, 35.2590279], [134.8078047, 35.2588329], [134.8071731, 35.2574251], [134.807051, 35.257203], [134.806891, 35.256858], [134.8065891, 35.2561354], [134.805507, 35.2537866], [134.805219, 35.253186], [134.8046103, 35.2518832], [134.8042854, 35.2511821], [134.8039499, 35.2504694], [134.8036682, 35.2498415], [134.8035497, 35.2496046], [134.803454, 35.2493631], [134.8033902, 35.2490807], [134.8033447, 35.248821], [134.803372, 35.2484884], [134.8034358, 35.2481786], [134.8034631, 35.2480191], [134.8035087, 35.2478278], [134.8035269, 35.2476956], [134.8035543, 35.2475134], [134.8035588, 35.2473631], [134.8035543, 35.2471831], [134.8035234, 35.2470259], [134.8034688, 35.2468699], [134.8034039, 35.2467081], [134.8033527, 35.2466033], [134.8031849, 35.2462975], [134.8026188, 35.2453915], [134.8021251, 35.2446067], [134.8018177, 35.2441025], [134.8013314, 35.2433226], [134.8009756, 35.2427433], [134.8006202, 35.2420098], [134.8003833, 35.2413901], [134.800201, 35.2409345], [134.800078, 35.2405108], [134.7999641, 35.2401281], [134.7999414, 35.2398138], [134.7999277, 35.2396179], [134.7999687, 35.2393126], [134.8000006, 35.2390529], [134.8000871, 35.2387841], [134.8001418, 35.2384971], [134.8001282, 35.2383057], [134.8001236, 35.2381144], [134.8000735, 35.2378365], [134.7998275, 35.2371667], [134.7997044, 35.2368751], [134.799586, 35.236579], [134.799447, 35.2362362], [134.7993901, 35.2360824], [134.7992875, 35.2358043], [134.7991486, 35.2354389], [134.7991018, 35.2352952], [134.7987221, 35.2343118], [134.7987033, 35.2342668], [134.7983502, 35.2333761], [134.7982044, 35.2329866], [134.7980051, 35.2324251], [134.7979071, 35.2321449], [134.7978183, 35.2318704], [134.797636, 35.2312792], [134.7976019, 35.2311847], [134.7974743, 35.2307655], [134.7974196, 35.2305674], [134.7972567, 35.2299603], [134.7971793, 35.2297165], [134.7970779, 35.2294842], [134.7969674, 35.2292996], [134.7967959, 35.2290219], [134.796417, 35.228563], [134.796382, 35.228536], [134.7956723, 35.2278195], [134.795469, 35.2276413], [134.7951517, 35.2273221], [134.7948892, 35.2269505], [134.7947184, 35.2266251], [134.7945987, 35.2262421], [134.7945251, 35.2258128], [134.7945364, 35.2255476], [134.7945802, 35.2252724], [134.794793, 35.224282], [134.795048, 35.2231055], [134.795205, 35.2224176], [134.7954792, 35.2210892], [134.7955302, 35.2208509], [134.795626, 35.2205281], [134.7957611, 35.2197391], [134.7958318, 35.2192867], [134.7960072, 35.2182343], [134.7961371, 35.2173139], [134.7961849, 35.2170087], [134.7961986, 35.2167353], [134.7962077, 35.2164893], [134.7961872, 35.2161339], [134.7961508, 35.2157831], [134.7961143, 35.215471], [134.7960528, 35.2148469], [134.7960072, 35.2143617], [134.7959708, 35.2138081], [134.7959617, 35.2133161], [134.796005, 35.2125188], [134.7960095, 35.2116531], [134.7960186, 35.2108672], [134.7960528, 35.2086667], [134.7960571, 35.2078539], [134.7960029, 35.2074724], [134.7956647, 35.2048887], [134.795543, 35.2038072], [134.7953354, 35.2026906], [134.7950239, 35.2004482], [134.7949776, 35.2002321], [134.7948601, 35.1999572], [134.7947885, 35.1997961], [134.7946978, 35.1996366], [134.7945789, 35.1993792], [134.7944969, 35.1992084], [134.7944354, 35.1990216], [134.7943959, 35.1987044], [134.7943924, 35.1985744], [134.7943923, 35.1983044], [134.7943864, 35.1980181], [134.7943921, 35.1969625], [134.7943661, 35.1966876], [134.794283, 35.1963973], [134.7938772, 35.1949292], [134.7937416, 35.1944865], [134.7935873, 35.1942059], [134.7935021, 35.1941088], [134.7932569, 35.1938291], [134.792599, 35.193116], [134.7924922, 35.1929393], [134.7924368, 35.1928312], [134.7921747, 35.1920495], [134.7920047, 35.1915067], [134.7917908, 35.1907822], [134.7917816, 35.1907315], [134.7915297, 35.1897561], [134.7913323, 35.1889306], [134.7913449, 35.1887082], [134.7913938, 35.1885349], [134.7915167, 35.188348], [134.7917476, 35.1880982], [134.791857, 35.187959], [134.7920286, 35.1877316], [134.7920998, 35.1875385], [134.79213, 35.18733], [134.7920857, 35.1867688], [134.7920706, 35.186641], [134.7920604, 35.1865553], [134.7920834, 35.1863522], [134.792148, 35.186192], [134.7922118, 35.186075], [134.792307, 35.185975], [134.7923911, 35.1859122], [134.7925906, 35.1857657], [134.7930526, 35.1853992], [134.7936892, 35.1847818], [134.7938989, 35.1846348], [134.794063, 35.1844718], [134.7942184, 35.1842601], [134.7943627, 35.1839834], [134.7944503, 35.1837782], [134.7947117, 35.183007], [134.794743, 35.182743], [134.79475, 35.1825663], [134.7947141, 35.1823764], [134.7945333, 35.1817819], [134.7944892, 35.1814418], [134.7945439, 35.1811153], [134.7946581, 35.1808347], [134.7947008, 35.180662], [134.7946981, 35.1805555], [134.7946763, 35.1803778], [134.7945202, 35.1795215], [134.7943491, 35.1785809], [134.7942373, 35.1780894], [134.7939975, 35.1775291], [134.793931, 35.1772664], [134.793931, 35.1770862], [134.793964, 35.1768611], [134.794004, 35.17658], [134.7940239, 35.1763324], [134.7940188, 35.176054], [134.7939573, 35.1757931], [134.7937952, 35.175419], [134.7935199, 35.174674], [134.7932418, 35.1737873], [134.7932057, 35.1735884], [134.7931528, 35.1734868], [134.7930807, 35.1733278], [134.7929494, 35.1732151], [134.7927586, 35.1731062], [134.7924514, 35.1730247], [134.7922235, 35.1729485], [134.7921194, 35.1728966], [134.791969, 35.1727962], [134.7918404, 35.1726492], [134.7913736, 35.1719663], [134.79126, 35.1717332], [134.7911619, 35.1714774], [134.7911279, 35.1713102], [134.7911666, 35.1709997], [134.7912089, 35.17076], [134.791251, 35.1704323], [134.7912286, 35.1700236], [134.7911563, 35.1697631], [134.7910976, 35.1695628], [134.7909597, 35.1692525], [134.7906994, 35.1688049], [134.7904643, 35.1683538], [134.7902247, 35.167901], [134.7898927, 35.1672029], [134.7896729, 35.1668245], [134.7896, 35.1666572], [134.7891555, 35.1658354], [134.7888279, 35.1651939], [134.7887667, 35.1650566], [134.7887233, 35.1649347], [134.788671, 35.1647535], [134.7886243, 35.1644599], [134.7885788, 35.1641885], [134.7885016, 35.1635703], [134.7884422, 35.1630661], [134.7883844, 35.162522], [134.7883649, 35.1623052], [134.7883104, 35.1619122], [134.788248, 35.1612523], [134.788194, 35.160566], [134.78816, 35.1602], [134.788166, 35.159867], [134.788246, 35.1595373], [134.7883046, 35.1594157], [134.7883963, 35.15922], [134.788506, 35.1590847], [134.7886227, 35.1589794], [134.7887468, 35.1588795], [134.789016, 35.1587653], [134.789687, 35.1584795], [134.7901954, 35.1582633], [134.7906313, 35.1580867], [134.790937, 35.157962], [134.791328, 35.157793], [134.7916127, 35.1576422], [134.7918228, 35.1574862], [134.7920605, 35.1572537], [134.7921851, 35.1570443], [134.7922618, 35.1567828], [134.7922704, 35.1565687], [134.7922297, 35.1562972], [134.792165, 35.1559685], [134.792059, 35.1555201], [134.7919875, 35.1552096], [134.7919583, 35.1548103], [134.791986, 35.154467], [134.792082, 35.153736], [134.792116, 35.153606], [134.792144, 35.153443], [134.7925318, 35.1516154], [134.7926021, 35.1511435], [134.7927024, 35.1506579], [134.7929146, 35.1501357], [134.7933447, 35.149439], [134.793676, 35.1488909], [134.7940854, 35.1482357], [134.7942851, 35.1478915], [134.7943456, 35.1477919], [134.7945891, 35.1474038], [134.7947422, 35.1470069], [134.7949942, 35.1462429], [134.7950722, 35.1459014], [134.795133, 35.145604], [134.795112, 35.145282], [134.795023, 35.144713], [134.794948, 35.144381], [134.794914, 35.144211], [134.794886, 35.144082], [134.79477, 35.143828], [134.7946645, 35.1436257], [134.7945987, 35.1434995], [134.794358, 35.143158], [134.794098, 35.142819], [134.7940424, 35.1427501], [134.793969, 35.142644], [134.793888, 35.1424745], [134.7938309, 35.1423212], [134.7938108, 35.1422672], [134.7937222, 35.1419992], [134.7936353, 35.1416816], [134.7935483, 35.141364], [134.7933587, 35.1406829], [134.7932842, 35.1404434], [134.7932122, 35.140251], [134.793157, 35.1401155], [134.7929842, 35.1397386], [134.792822, 35.139347], [134.792587, 35.138882], [134.7923888, 35.1384802], [134.7921775, 35.138064], [134.7919831, 35.1375752], [134.7918668, 35.1370653], [134.791826, 35.136653], [134.7917886, 35.1362265], [134.7917677, 35.1355612], [134.7917341, 35.135194], [134.7917269, 35.1351332], [134.7917197, 35.1350841], [134.7915997, 35.1345776], [134.7915859, 35.1345075], [134.7915561, 35.1343558], [134.7915229, 35.1341869], [134.7914509, 35.1338217], [134.791398, 35.1335802], [134.791279, 35.133086], [134.791224, 35.132934], [134.790957, 35.132168], [134.790861, 35.13183], [134.790806, 35.131571], [134.790792, 35.131413], [134.790785, 35.13069], [134.790785, 35.130612], [134.7907985, 35.1301821], [134.7908393, 35.1297639], [134.7909041, 35.1293496], [134.790977, 35.128915], [134.7910338, 35.1286133], [134.7910986, 35.1281774], [134.7912138, 35.1274961], [134.7913099, 35.1270406], [134.7913387, 35.1267559], [134.7913579, 35.1264319], [134.7913507, 35.126212], [134.7913291, 35.1260353], [134.791281, 35.1257801], [134.7911658, 35.1254404], [134.7910002, 35.1250399], [134.7907293, 35.1245477], [134.790484, 35.1240542], [134.7902032, 35.1235122], [134.7899953, 35.1230024], [134.7899412, 35.1228697], [134.78982, 35.1225262], [134.789603, 35.1219414], [134.7894157, 35.1214682], [134.7892813, 35.121101], [134.789236, 35.1209846], [134.7891805, 35.1208418], [134.7890484, 35.1206435], [134.7889668, 35.1205335], [134.788758, 35.120331], [134.7885611, 35.1201644], [134.7883355, 35.1200171], [134.7879009, 35.1197559], [134.7874928, 35.1195341], [134.7873896, 35.1194732], [134.7869191, 35.1191885], [134.7868158, 35.119108], [134.7865422, 35.118782], [134.7864942, 35.1186917], [134.7863813, 35.1184835], [134.7862853, 35.1182381], [134.7862421, 35.1180417], [134.7862229, 35.1178355], [134.7862205, 35.1175233], [134.7862193, 35.1174785], [134.786214, 35.11729], [134.7862061, 35.1169656], [134.7861653, 35.1166593], [134.7861053, 35.116404], [134.7860452, 35.1161919], [134.7859996, 35.1160211], [134.785858, 35.1155301], [134.7857164, 35.1149548], [134.7856587, 35.1146975], [134.7856083, 35.1145149], [134.7854931, 35.1142086], [134.7853614, 35.1139495], [134.7851402, 35.1136077], [134.7850418, 35.1134191], [134.7848953, 35.1131462], [134.7847655, 35.1129043], [134.784694, 35.1127572], [134.7845888, 35.1125411], [134.784527, 35.112414], [134.7844368, 35.1122094], [134.784312, 35.111909], [134.7842664, 35.1117872], [134.7841895, 35.1115143], [134.784115, 35.111215], [134.7839975, 35.1108308], [134.7839087, 35.1105756], [134.7838078, 35.1104008], [134.7836326, 35.1101455], [134.783416, 35.109856], [134.7832341, 35.1095516], [134.7831453, 35.1093324], [134.7831285, 35.1092598], [134.7831165, 35.1090842], [134.7831429, 35.1087915], [134.7832317, 35.1083497], [134.7832821, 35.1080806], [134.7832893, 35.1078057], [134.7832677, 35.1076387], [134.7832413, 35.1075582], [134.7831525, 35.1073716], [134.7830538, 35.1072057], [134.7830222, 35.1071636], [134.782991, 35.107117], [134.782799, 35.106847], [134.782533, 35.106494], [134.782498, 35.106447], [134.782189, 35.106018], [134.7816569, 35.1052585], [134.7813952, 35.1048932], [134.781024, 35.104417], [134.7809631, 35.1043432], [134.7807158, 35.1040369], [134.7804781, 35.103756], [134.780229, 35.103391], [134.7800485, 35.1031036], [134.780018, 35.103055], [134.779858, 35.1028], [134.779653, 35.102411], [134.7795347, 35.1021161], [134.7794819, 35.1018293], [134.7794627, 35.1016584], [134.7794693, 35.1014506], [134.7794987, 35.101136], [134.7795227, 35.100863], [134.7795827, 35.1004918], [134.7796355, 35.1001068], [134.7796691, 35.0998417], [134.7796883, 35.0996021], [134.7796667, 35.0993565], [134.7796355, 35.0991228], [134.7796019, 35.0989735], [134.7795443, 35.0987555], [134.77948, 35.098605], [134.779323, 35.098354], [134.7789218, 35.0977778], [134.778232, 35.096787], [134.7777598, 35.096129], [134.777658, 35.095987], [134.777582, 35.095845], [134.7774677, 35.0955913], [134.777383, 35.095339], [134.777381, 35.095113], [134.7774029, 35.0948724], [134.7774917, 35.0944854], [134.7776454, 35.0939413], [134.7777054, 35.0937037], [134.7778182, 35.093354], [134.777895, 35.0931006], [134.7780967, 35.0923326], [134.778119, 35.0922499], [134.7782383, 35.0918081], [134.7783296, 35.0914644], [134.7783454, 35.0913982], [134.7784112, 35.0911226], [134.7784592, 35.0909105], [134.7785696, 35.0903506], [134.7786705, 35.0898576], [134.7787713, 35.0893763], [134.7789873, 35.0883961], [134.779081, 35.0879718], [134.7791578, 35.0875809], [134.7792119, 35.0872444], [134.7792347, 35.0869024], [134.779238, 35.0867869], [134.7792335, 35.0867153], [134.779189, 35.0863669], [134.779105, 35.0860074], [134.7790443, 35.0857057], [134.778964, 35.085307], [134.7786993, 35.0839781], [134.7786344, 35.0836049], [134.7785792, 35.0832906], [134.7785168, 35.0829448], [134.7784664, 35.0826285], [134.778428, 35.0824557], [134.7783944, 35.0822926], [134.7782936, 35.0817111], [134.7781879, 35.0810923], [134.7781519, 35.0809155], [134.7781387, 35.080731], [134.7781519, 35.0804597], [134.7781832, 35.0801838], [134.7781735, 35.0800039], [134.7781465, 35.0798326], [134.7780751, 35.0795599], [134.7779767, 35.0792888], [134.7776805, 35.0786323], [134.7775886, 35.0783887], [134.777477, 35.077912], [134.777402, 35.077597], [134.777272, 35.076982], [134.7772029, 35.0765657], [134.7770956, 35.0751198], [134.7770596, 35.0745796], [134.7770212, 35.0743104], [134.7768995, 35.0740042], [134.776797, 35.0739147], [134.7764329, 35.0735912], [134.7762075, 35.073392], [134.7759924, 35.0731791], [134.775861, 35.072993], [134.775779, 35.072858], [134.7757424, 35.0727764], [134.775581, 35.072334], [134.775505, 35.072103], [134.775413, 35.071803], [134.775315, 35.071484], [134.7751019, 35.0708418], [134.7750834, 35.070772], [134.7748287, 35.069926], [134.7748198, 35.0698993], [134.7747148, 35.0695854], [134.7746617, 35.0693941], [134.7746388, 35.0693392], [134.7744572, 35.0687792], [134.7742774, 35.0682522], [134.7742253, 35.0680684], [134.7741552, 35.0678333], [134.7741066, 35.0676486], [134.7740692, 35.0674705], [134.7740252, 35.0672411], [134.7740252, 35.0667695], [134.7740247, 35.0661654], [134.7740242, 35.0658357], [134.7739507, 35.0644693], [134.7739462, 35.0641239], [134.7739458, 35.0640906], [134.7739443, 35.063856], [134.773931, 35.0627255], [134.773926, 35.062527], [134.7739172, 35.0622384], [134.773876, 35.062014], [134.773793, 35.061846], [134.7737252, 35.061724], [134.773608, 35.061513], [134.77334, 35.061011], [134.77319, 35.060729], [134.772993, 35.060398], [134.772943, 35.060313], [134.7728225, 35.0600729], [134.7725008, 35.0595443], [134.771772, 35.058351], [134.7715429, 35.0579428], [134.7711973, 35.0572668], [134.7710412, 35.0569622], [134.770822, 35.056559], [134.770783, 35.056478], [134.770718, 35.056344], [134.7705947, 35.0561643], [134.770499, 35.056045], [134.769218, 35.054508], [134.7689647, 35.0542109], [134.7687054, 35.0538592], [134.7685397, 35.0534956], [134.7681844, 35.0523656], [134.7681124, 35.0520787], [134.7681004, 35.0517151], [134.768101, 35.051301], [134.768098, 35.050916], [134.7681076, 35.0504318], [134.7681508, 35.049797], [134.7682012, 35.0493823], [134.7682517, 35.0490502], [134.7683573, 35.0482582], [134.7683381, 35.0479457], [134.768246, 35.04749], [134.7682109, 35.0472163], [134.7682401, 35.0469835], [134.7683234, 35.0467484], [134.7685231, 35.0463866], [134.7687014, 35.0460482], [134.7687576, 35.0459063], [134.7688378, 35.045706], [134.7689016, 35.0455289], [134.7689298, 35.045351], [134.768907, 35.0451018], [134.7688902, 35.0449131], [134.7688638, 35.0447205], [134.7688278, 35.0444846], [134.7687942, 35.0441387], [134.7687942, 35.0439147], [134.7689238, 35.0434174], [134.7690127, 35.0431639], [134.7690703, 35.0429693], [134.7691015, 35.0427865], [134.7691279, 35.0424878], [134.7691207, 35.0422322], [134.7690751, 35.0418608], [134.768979, 35.0415], [134.7688206, 35.0409173], [134.768751, 35.040538], [134.7687006, 35.0402196], [134.7686598, 35.0397321], [134.7686574, 35.0390167], [134.768704, 35.03773], [134.76871, 35.036895], [134.76867, 35.036428], [134.768567, 35.035853], [134.768478, 35.035385], [134.768396, 35.035103], [134.768368, 35.035013], [134.768232, 35.03463], [134.768075, 35.034313], [134.767863, 35.033965], [134.767116, 35.033502], [134.766773, 35.033271], [134.766609, 35.033135], [134.766506, 35.033035], [134.766376, 35.032854], [134.766129, 35.032341], [134.76606, 35.032217], [134.765956, 35.032031], [134.765746, 35.031728], [134.76552, 35.031541], [134.7654392, 35.031491], [134.764691, 35.030916], [134.7641798, 35.0304436], [134.7639372, 35.0301804], [134.7638012, 35.0299856], [134.763679, 35.02976], [134.763602, 35.029507], [134.763575, 35.029366], [134.763554, 35.02918], [134.7636104, 35.0283645], [134.7636488, 35.0277492], [134.7636584, 35.0276515], [134.7637146, 35.0265378], [134.7637228, 35.0261751], [134.763728, 35.0258847], [134.7636862, 35.0254975], [134.763619, 35.025198], [134.763526, 35.0248528], [134.7633795, 35.0244315], [134.7632318, 35.0241149], [134.7631007, 35.0238811], [134.7626917, 35.0232211], [134.7613073, 35.0210605], [134.7605343, 35.0198492], [134.7598699, 35.0188385], [134.7597842, 35.0187034], [134.7596638, 35.0183655], [134.7596068, 35.0180659], [134.7595265, 35.0175691], [134.7595003, 35.0172802], [134.7594901, 35.0170555], [134.759504, 35.0168687], [134.7595626, 35.0166376], [134.7597595, 35.0161298], [134.7600477, 35.0152379], [134.7602286, 35.0146624], [134.7602782, 35.0143429], [134.7603133, 35.0140055], [134.760322, 35.0135749], [134.7602986, 35.0131896], [134.7602899, 35.0128633], [134.7603049, 35.0126801], [134.7603415, 35.0125283], [134.7603893, 35.0123681], [134.7604441, 35.0122209], [134.76054, 35.0119874], [134.7606638, 35.0117469], [134.7614407, 35.010533], [134.7615752, 35.0103258], [134.7616814, 35.0101635], [134.7617824, 35.0100346], [134.7618982, 35.0098982], [134.7622202, 35.0095609], [134.762345, 35.0094203], [134.7625536, 35.0091376], [134.7627396, 35.0088396], [134.7629035, 35.0085899], [134.7630699, 35.0083458], [134.7633247, 35.0080357], [134.7635782, 35.0077792], [134.7639189, 35.0074776], [134.764055, 35.0073511], [134.764175, 35.0071917], [134.7643392, 35.0068991], [134.7644166, 35.0067962], [134.7645021, 35.0067064], [134.7647048, 35.0065394], [134.764835, 35.006451], [134.764984, 35.00631], [134.765082, 35.0061965], [134.7651634, 35.0060692], [134.765234, 35.005921], [134.7652979, 35.0057561], [134.7653792, 35.0055802], [134.7655531, 35.0052753], [134.7660591, 35.0045438], [134.766559, 35.0037904], [134.7666265, 35.0036962], [134.7670142, 35.0031542], [134.767657, 35.002195], [134.768459, 35.000953], [134.768634, 35.000681], [134.7686841, 35.000499], [134.7685642, 35.0001734], [134.7683998, 34.999854], [134.7683726, 34.9996274], [134.7683088, 34.999449], [134.7682219, 34.9993184], [134.7678834, 34.9990011], [134.7676714, 34.9987957], [134.7675713, 34.9986272], [134.7674599, 34.998428], [134.7674032, 34.9982864], [134.7673759, 34.9981711], [134.7673555, 34.9980618], [134.7673405, 34.9976574], [134.7673218, 34.9974689], [134.7672844, 34.9972909], [134.7671835, 34.997001], [134.7670041, 34.9965788], [134.7669457, 34.9964382], [134.766865, 34.9963211], [134.7667594, 34.9961911], [134.7666107, 34.9960772], [134.7664131, 34.9958828], [134.7662973, 34.9957204], [134.7662554, 34.9955842], [134.7662412, 34.9954424], [134.7662631, 34.9952959], [134.7663503, 34.9950175], [134.7663881, 34.9948817], [134.7664185, 34.994641], [134.7664162, 34.9945479], [134.7663996, 34.9944621], [134.76639, 34.9944011], [134.7663577, 34.9942927], [134.7662807, 34.9941448], [134.7661885, 34.9940016], [134.7655549, 34.993109], [134.7654091, 34.9929144], [134.765249, 34.9927165], [134.7650567, 34.992507], [134.764852, 34.9922789], [134.7647327, 34.9921646], [134.764622, 34.9920329], [134.7645321, 34.9919136], [134.7644434, 34.9917774], [134.7644011, 34.9916974], [134.764385, 34.991663], [134.7643587, 34.991595], [134.7643269, 34.991521], [134.7642921, 34.9914066], [134.7642628, 34.9913091], [134.7642438, 34.9912473], [134.7642314, 34.9911824], [134.7641399, 34.9907933], [134.764013, 34.9903703], [134.7639359, 34.9901585], [134.7638826, 34.9899977], [134.7638014, 34.9897273], [134.76376, 34.9895101], [134.7636787, 34.989061], [134.7635879, 34.9885994], [134.763478, 34.9879891], [134.7633968, 34.9875691], [134.76338, 34.9874824], [134.763337, 34.9872794], [134.7633303, 34.9872204], [134.7633114, 34.9870525], [134.763297, 34.9869057], [134.763273, 34.98666], [134.7632353, 34.9862325], [134.763225, 34.9861162], [134.7631999, 34.985604], [134.7631937, 34.9850792], [134.7631837, 34.9847296], [134.7632067, 34.9843972], [134.7633304, 34.9840694], [134.7634514, 34.9836832], [134.7635844, 34.9832474], [134.7637364, 34.9827789], [134.7639167, 34.9821907], [134.7641037, 34.9815841], [134.7642183, 34.9812189], [134.7642856, 34.9810017], [134.7643434, 34.9807657], [134.764388, 34.9804858], [134.7644381, 34.9801956], [134.7644851, 34.9799219], [134.7645454, 34.9794554], [134.7645834, 34.9790697], [134.764605, 34.9788129], [134.7646134, 34.9786078], [134.76462, 34.978404], [134.7645775, 34.9780472], [134.7645324, 34.9776657], [134.7645024, 34.9774487], [134.76445, 34.9772369], [134.764353, 34.976948], [134.7643123, 34.9767741], [134.7642963, 34.9766153], [134.7642901, 34.9765474], [134.7643137, 34.9763271], [134.764383, 34.9760943], [134.7644917, 34.9757613], [134.7645647, 34.9755334], [134.7647087, 34.9752455], [134.764851, 34.9749368], [134.765025, 34.9745431], [134.765215, 34.9741845], [134.7655167, 34.9736058], [134.7656668, 34.9733043], [134.765803, 34.973002], [134.76583, 34.97294], [134.7659891, 34.9725253], [134.7661852, 34.9719668], [134.7663338, 34.971442], [134.7663964, 34.9712006], [134.7664539, 34.9709507], [134.766488, 34.9706935], [134.7664932, 34.9704544], [134.7665046, 34.9702088], [134.766506, 34.9699296], [134.7664864, 34.9697705], [134.7664608, 34.9696199], [134.7664218, 34.9694663], [134.7664014, 34.9693822], [134.76612, 34.9685966], [134.7659931, 34.968218], [134.7658685, 34.9679658], [134.7657322, 34.9677311], [134.7656375, 34.9676042], [134.7655554, 34.9674575], [134.7654845, 34.9673135], [134.7653309, 34.9669693], [134.7652294, 34.9667778], [134.7651503, 34.9666662], [134.7649797, 34.9664113], [134.7648818, 34.9662966], [134.7647689, 34.9661882], [134.7646955, 34.9661245], [134.7643815, 34.9658439], [134.7640795, 34.9655414], [134.7639034, 34.9652977], [134.7637251, 34.9650299], [134.7635456, 34.9647683], [134.7634087, 34.9645877], [134.7632445, 34.9644036], [134.7631075, 34.9642672], [134.7629753, 34.9641586], [134.7628284, 34.9640514], [134.7626681, 34.9639296], [134.7625552, 34.9638422], [134.7624313, 34.9637346], [134.7623594, 34.9636616], [134.7622281, 34.963505], [134.762147, 34.9633681], [134.7621026, 34.963213], [134.762071, 34.9631024], [134.7619903, 34.9627563], [134.7619342, 34.9624439], [134.7618872, 34.9621573], [134.7618827, 34.9620587], [134.7617861, 34.961424], [134.7617031, 34.960962], [134.7615571, 34.9601012], [134.7614034, 34.9597629], [134.7612411, 34.9595086], [134.7613422, 34.9594538], [134.7613963, 34.9593445], [134.7613508, 34.9590406], [134.7612418, 34.9583188], [134.761124, 34.9576], [134.7609623, 34.9565334], [134.7609592, 34.9563115], [134.7609595, 34.9562004], [134.7609964, 34.9546151], [134.760132, 34.9545807], [134.7590614, 34.9545292], [134.7586227, 34.9545068], [134.7584255, 34.9545057], [134.7582282, 34.9545097], [134.7580188, 34.9545293], [134.7578288, 34.9545566], [134.7575787, 34.9545897], [134.7558585, 34.9547866], [134.7556185, 34.9548105], [134.7554764, 34.9548205], [134.7547899, 34.9548412], [134.7541696, 34.9548623], [134.7540636, 34.954868], [134.7538858, 34.9548755], [134.7537079, 34.9548874], [134.7535804, 34.9549013], [134.7534452, 34.9549221], [134.7531989, 34.9549708], [134.7529525, 34.9550194], [134.7525644, 34.954482], [134.752343, 34.9541444], [134.75204, 34.9536779], [134.7519535, 34.9535827], [134.751807, 34.9534184], [134.7516736, 34.9532517], [134.7515899, 34.9530341], [134.751347, 34.9526388], [134.7512024, 34.9524266], [134.750774, 34.9515671], [134.7507107, 34.9514751], [134.7505865, 34.9512423], [134.7505476, 34.9511719], [134.7500579, 34.9502962], [134.7497929, 34.949736], [134.7494438, 34.9491708], [134.7492418, 34.9488045], [134.7489468, 34.948327], [134.7488197, 34.9481411], [134.7487252, 34.9480412], [134.7482048, 34.9473493], [134.748138, 34.9472327], [134.7479136, 34.9468898], [134.747783, 34.946679], [134.7473689, 34.9459131], [134.7461501, 34.9444066], [134.7456927, 34.9438035], [134.7453869, 34.9433778], [134.745221, 34.9430952], [134.7451189, 34.9428231], [134.745094, 34.9427569], [134.7449426, 34.9422555], [134.7447435, 34.9415779], [134.7446714, 34.9413568], [134.7445805, 34.9408388], [134.7445747, 34.9406744], [134.7445927, 34.9404897], [134.7446518, 34.9402485], [134.7448964, 34.9396727], [134.7451481, 34.9390446], [134.7453529, 34.9384438], [134.7455563, 34.9378998], [134.7457569, 34.937467], [134.7459588, 34.9371287], [134.7464032, 34.936632], [134.746784, 34.9362074], [134.7468642, 34.9360917], [134.7470004, 34.9357367], [134.7471822, 34.9347327], [134.7472112, 34.9341589], [134.7472256, 34.9338892], [134.7472443, 34.9334469], [134.7472905, 34.9332092], [134.7473194, 34.9330554], [134.7474377, 34.9325386], [134.7476007, 34.9318502], [134.747693, 34.9315415], [134.7477723, 34.9312305], [134.7478373, 34.930988], [134.7478632, 34.9307562], [134.7478834, 34.9302287], [134.7478979, 34.9297461], [134.747877, 34.929353], [134.7478107, 34.9290239], [134.747732, 34.928648], [134.7476076, 34.9281904], [134.74754, 34.927954], [134.7474653, 34.9277333], [134.7473677, 34.9275238], [134.7472637, 34.9273686], [134.7470426, 34.9271347], [134.7468107, 34.9269228], [134.74667, 34.9267957], [134.7459997, 34.9262041], [134.7453966, 34.92566], [134.7448052, 34.9250993], [134.7446234, 34.9248628], [134.744432, 34.9246062], [134.7443001, 34.924388], [134.7441829, 34.9241709], [134.7440832, 34.9239237], [134.7439742, 34.9236326], [134.7438097, 34.9231051], [134.7436366, 34.9225515], [134.7430524, 34.9210985], [134.7426527, 34.9202046], [134.7424591, 34.9197035], [134.7422739, 34.9192243], [134.742065, 34.9187149], [134.741972, 34.918488], [134.7418806, 34.9183068], [134.7414005, 34.9172734], [134.7413226, 34.9170746], [134.7412389, 34.9168869], [134.7412297, 34.9168521], [134.7411887, 34.9166906], [134.7411011, 34.9163373], [134.7410676, 34.9161911], [134.7410348, 34.9160598], [134.7409697, 34.9159313], [134.7407507, 34.9154985], [134.740205, 34.9143652], [134.739821, 34.9136702], [134.7395006, 34.9131662], [134.7393939, 34.9129864], [134.7392666, 34.912772], [134.7391021, 34.9124027], [134.7390446, 34.9117148], [134.739034, 34.9116481], [134.7390109, 34.9111025], [134.738962, 34.910752], [134.7386664, 34.9098255], [134.7383763, 34.9088595], [134.7381865, 34.9083348], [134.7379531, 34.9078504], [134.7375032, 34.9068633], [134.7371223, 34.9060647], [134.736925, 34.905506], [134.7368253, 34.9051191], [134.7365591, 34.9044264], [134.7364569, 34.9041532], [134.7364355, 34.9040958], [134.7363892, 34.9039696], [134.7360692, 34.9032188], [134.7360345, 34.9031373], [134.7356295, 34.9021302], [134.7354905, 34.9017985], [134.7352765, 34.901288], [134.7348652, 34.9003061], [134.7346051, 34.8996564], [134.7344434, 34.8992751], [134.7340107, 34.8981904], [134.73356, 34.8970924], [134.7331089, 34.8959257], [134.7324406, 34.89422], [134.7323537, 34.8940188], [134.7320609, 34.8932904], [134.7319912, 34.8931052], [134.7319275, 34.8928811], [134.7318, 34.8924243], [134.7316942, 34.8921686], [134.7316738, 34.8921092], [134.7316197, 34.891954], [134.7315076, 34.891675], [134.7313227, 34.8913316], [134.7312238, 34.8911494], [134.7310808, 34.8908204], [134.7304539, 34.8894202], [134.7302315, 34.8889083], [134.7297065, 34.8877586], [134.7295763, 34.8874249], [134.7295569, 34.8873448], [134.7295468, 34.8872533], [134.7295118, 34.8870337], [134.7294866, 34.8866727], [134.7294324, 34.885182], [134.7294325, 34.8850405], [134.7294091, 34.8843187], [134.7293801, 34.8837566], [134.7293239, 34.8822645], [134.7293108, 34.8821837], [134.7292934, 34.8820675], [134.7292712, 34.8819666], [134.7288988, 34.8807682], [134.7287779, 34.8803109], [134.7287496, 34.8801569], [134.72874, 34.879999], [134.7287433, 34.8798327], [134.7288087, 34.8793172], [134.7288852, 34.8788326], [134.7291079, 34.8775962], [134.72918, 34.8769589], [134.7293213, 34.8758645], [134.729405, 34.8753214], [134.7294774, 34.8749087], [134.7295172, 34.8746822], [134.7295502, 34.8745188], [134.7295665, 34.8743002], [134.7295622, 34.8740115], [134.7295455, 34.8738245], [134.7294915, 34.8733027], [134.7294324, 34.8726128], [134.7293419, 34.8716933], [134.7292935, 34.8710816], [134.7292519, 34.8706377], [134.7291601, 34.8696757], [134.7290363, 34.8689813], [134.7288062, 34.8683062], [134.7287237, 34.8681032], [134.7286459, 34.867951], [134.7285394, 34.8677777], [134.7283458, 34.8674648], [134.7281381, 34.8671824], [134.7273968, 34.8662861], [134.7273151, 34.8661841], [134.7265724, 34.8652946], [134.7258621, 34.8644471], [134.7254455, 34.8639494], [134.7251585, 34.8636042], [134.7246721, 34.8630191], [134.7245284, 34.8628465], [134.7243927, 34.8626717], [134.7242216, 34.8624281], [134.7240866, 34.862212], [134.7239873, 34.8620381], [134.7238723, 34.8618096], [134.7237451, 34.8615134], [134.7235747, 34.8609858], [134.7233557, 34.8601764], [134.723316, 34.8600339], [134.7232914, 34.8599464], [134.723185, 34.8596082], [134.7230719, 34.8593377], [134.7229877, 34.8591362], [134.7228832, 34.8589572], [134.722776, 34.858787], [134.7225566, 34.8585023], [134.7224281, 34.8583568], [134.722233, 34.8581595], [134.7219232, 34.8578948], [134.7200066, 34.8563848], [134.7189992, 34.855589], [134.7185104, 34.8551916], [134.7180117, 34.8548615], [134.7175806, 34.8546205], [134.7169566, 34.8543431], [134.7167361, 34.8542522], [134.7163374, 34.854122], [134.7157497, 34.8539557], [134.7151533, 34.8537886], [134.7148728, 34.8537143], [134.714595, 34.8536335], [134.7130015, 34.8531812], [134.712145, 34.8529494], [134.7114322, 34.8527387], [134.7105374, 34.8523396], [134.7100823, 34.8521328], [134.7089982, 34.8516071], [134.7083191, 34.8512824], [134.7079611, 34.851075], [134.7077328, 34.8509131], [134.7074912, 34.8506894], [134.7072984, 34.8504411], [134.7071203, 34.8501397], [134.7069972, 34.8497681], [134.7069614, 34.8495869], [134.7068886, 34.8489245], [134.7068222, 34.8484102], [134.7068142, 34.8480589], [134.7068326, 34.8477732], [134.7068774, 34.8475631], [134.7071727, 34.8467114], [134.7073919, 34.8461841], [134.7074919, 34.8460213], [134.7076527, 34.8458098], [134.7078224, 34.8456319], [134.7081603, 34.8453731], [134.7082822, 34.8452933], [134.7086406, 34.8451284], [134.7089884, 34.8450044], [134.7100105, 34.8446491], [134.7102711, 34.8445383], [134.7104679, 34.8444309], [134.7106561, 34.8442817], [134.7108593, 34.8440992], [134.7110613, 34.8438129], [134.7111358, 34.8436375], [134.7111932, 34.8434742], [134.7112773, 34.8429426], [134.7113238, 34.8426358], [134.7113551, 34.8424589], [134.7113694, 34.8423885], [134.7113973, 34.8421638], [134.7115887, 34.8409514], [134.711611, 34.8408103], [134.7117229, 34.8400536], [134.7118627, 34.8390594], [134.7119191, 34.8387224], [134.7119243, 34.8382158], [134.7119009, 34.837919], [134.711869, 34.8377898], [134.7118148, 34.8375968], [134.7116861, 34.8372668], [134.7115287, 34.8369404], [134.7113351, 34.8365091], [134.7111795, 34.8361786], [134.7110274, 34.8358469], [134.7108168, 34.8353842], [134.7105349, 34.8347976], [134.7102254, 34.8341192], [134.7098947, 34.833399], [134.7098234, 34.8332637], [134.7096958, 34.8329878], [134.7095458, 34.8326596], [134.7093135, 34.8321612], [134.7091115, 34.8317451], [134.7090609, 34.831641], [134.7090243, 34.8315569], [134.708942, 34.8313614], [134.7087913, 34.8310183], [134.7087736, 34.8309772], [134.7086503, 34.8306856], [134.7085184, 34.8304059], [134.7083939, 34.830144], [134.7082238, 34.8297659], [134.7080268, 34.8293345], [134.7079769, 34.8292254], [134.7087, 34.8290648], [134.709554, 34.8288752], [134.711227, 34.8285079], [134.7113355, 34.8284841], [134.7113976, 34.8284706], [134.7120646, 34.8283261], [134.7130591, 34.8281162], [134.7140525, 34.8278927], [134.7141194, 34.8278776], [134.7146599, 34.8277684], [134.7148141, 34.8277372], [134.7149335, 34.8277108], [134.7162847, 34.8274073], [134.7190308, 34.8268146], [134.719116, 34.8267978], [134.7192444, 34.8267703], [134.7200353, 34.8266005], [134.7202223, 34.8265596], [134.7203687, 34.8265261], [134.7212527, 34.8263235], [134.7216471, 34.8262139], [134.7220277, 34.8260924], [134.7224472, 34.8259385], [134.7229224, 34.8257468], [134.7245698, 34.8250772], [134.7245864, 34.8250705], [134.7266467, 34.8242295], [134.7271945, 34.8240025], [134.7300737, 34.8228302], [134.7306756, 34.8225845], [134.7323679, 34.8218888], [134.7349078, 34.8208489], [134.7365163, 34.8201939], [134.7373404, 34.8198667], [134.7372169, 34.8195075], [134.7371097, 34.8190435], [134.7370782, 34.818727], [134.7370684, 34.8183136], [134.7371034, 34.8179345], [134.7371459, 34.8175947], [134.7372207, 34.8169973], [134.7372156, 34.8167946], [134.7371819, 34.8166027], [134.7371391, 34.8164578], [134.7367859, 34.8156713], [134.7361937, 34.8144131], [134.7360504, 34.8141086], [134.7358995, 34.8137687], [134.7354626, 34.8130294], [134.7352011, 34.8126316], [134.734389, 34.8117226], [134.7342448, 34.8115725], [134.7336325, 34.8110547], [134.7325392, 34.8099581], [134.7301615, 34.8077524], [134.7301042, 34.8076971], [134.7288473, 34.8064988], [134.7284719, 34.8060855], [134.7281113, 34.8056358], [134.727818, 34.8052277], [134.7274919, 34.8046966], [134.7273505, 34.8044402], [134.7273253, 34.8043876], [134.7265315, 34.8026522], [134.7255162, 34.8006925], [134.7254274, 34.8005418], [134.7252453, 34.8002372], [134.7250904, 34.8000408], [134.7245613, 34.7993674], [134.7241132, 34.7988446], [134.7238799, 34.7985645], [134.723363, 34.7980661]], [[134.8215776, 35.2853245], [134.8218192, 35.2859091], [134.8219719, 35.2862602], [134.8221392, 35.286652], [134.8223104, 35.2869765], [134.8220281, 35.2866727], [134.8218631, 35.2862918], [134.8217221, 35.2859693], [134.8215776, 35.2853245], [134.821034, 35.2840138], [134.8216489, 35.2853016], [134.821887, 35.2858969], [134.8220299, 35.2862442], [134.8222005, 35.2866385], [134.8222943, 35.2868217], [134.8223598, 35.2869496], [134.8225484, 35.2873985], [134.8223104, 35.2869765]], [[134.8225484, 35.2873985], [134.8230218, 35.2884301], [134.8231441, 35.2887199], [134.8234341, 35.2893656], [134.8236739, 35.2899369], [134.8239322, 35.2905682], [134.8241396, 35.2911315], [134.8243219, 35.2916626], [134.824426, 35.2919891], [134.8246236, 35.2926196], [134.8248186, 35.2933311], [134.8249912, 35.2940667], [134.825147, 35.2948039], [134.8252598, 35.2954402], [134.8253405, 35.2960196], [134.8253982, 35.2966441], [134.8254519, 35.2973494], [134.8254596, 35.2975727], [134.825557, 35.2997295], [134.8255383, 35.3006072], [134.8253635, 35.3033751], [134.8253429, 35.3038361], [134.825328, 35.3045104], [134.8253216, 35.305162], [134.8253301, 35.3058445], [134.825358, 35.306391], [134.8254337, 35.30684], [134.8255123, 35.3072322], [134.8256069, 35.3076132], [134.8257276, 35.3079779], [134.8258761, 35.3083727], [134.8260649, 35.3087959], [134.8262873, 35.3092272], [134.8265126, 35.3096186], [134.826756, 35.3099761], [134.8270471, 35.310336], [134.8273312, 35.3106525], [134.8276323, 35.3109263], [134.8279547, 35.3111868], [134.8283528, 35.3114545], [134.828793, 35.3117125], [134.8292551, 35.3119418], [134.8297493, 35.3121389], [134.8301755, 35.3122782], [134.8306205, 35.3124064], [134.8310783, 35.312515], [134.8315704, 35.3126103], [134.8320632, 35.3126898], [134.8325714, 35.3127535], [134.8330581, 35.3127976], [134.8335407, 35.3128254], [134.8340152, 35.3128371], [134.8344692, 35.3128312], [134.8349121, 35.3128157], [134.8353211, 35.3127886], [134.8357674, 35.312745], [134.8362245, 35.3126876], [134.8366384, 35.3126249], [134.8379328, 35.312389], [134.8382548, 35.3123303], [134.8386963, 35.312263], [134.8391144, 35.3122137], [134.8392895, 35.3121999], [134.8396378, 35.3121807], [134.8399187, 35.3121737], [134.8401755, 35.3121711], [134.8403988, 35.3121751], [134.8406839, 35.3121856], [134.8409551, 35.3122047], [134.8412009, 35.3122248], [134.8414294, 35.3122485], [134.8416686, 35.3122788], [134.8420559, 35.3123444], [134.8424037, 35.3124177], [134.8426818, 35.3124822]], [[134.8223598, 35.2869496], [134.822318, 35.2866043], [134.8221542, 35.286208], [134.8220322, 35.2859201], [134.8216489, 35.2853016]], [[134.821034, 35.2840138], [134.8207818, 35.2835202], [134.8205197, 35.283049], [134.8202361, 35.2825602], [134.8199389, 35.2820797], [134.8196479, 35.2816312], [134.8193157, 35.2811272], [134.8190069, 35.2806877], [134.8182562, 35.2797015], [134.8180113, 35.279394], [134.8175172, 35.2788104], [134.8169666, 35.278187], [134.8164514, 35.2776549], [134.8159527, 35.2771532], [134.8154004, 35.2766279], [134.8148269, 35.2761173], [134.8137115, 35.2751518], [134.8105373, 35.2723972], [134.8100489, 35.2719015], [134.8096685, 35.2714401], [134.8089973, 35.2705717], [134.8083442, 35.2696834], [134.8079896, 35.2691865], [134.8076237, 35.2686879], [134.8072932, 35.2682718], [134.8069822, 35.2678729], [134.8067084, 35.2675497], [134.8064317, 35.2672509], [134.8061162, 35.2669398], [134.8057294, 35.2665511], [134.8051253, 35.2660249], [134.8044276, 35.2654448], [134.8036736, 35.2648683], [134.8028868, 35.2643629], [134.8020674, 35.2638705], [134.7992086, 35.2622494], [134.7988567, 35.262027], [134.7985115, 35.2617856], [134.7980874, 35.2614656], [134.7977013, 35.2611758], [134.797258, 35.2607835], [134.7968572, 35.2604017], [134.7965025, 35.2600387], [134.7962468, 35.2597415], [134.7959842, 35.2594255], [134.7957319, 35.2591105], [134.7954912, 35.2587766], [134.795254, 35.2584029], [134.7950044, 35.2580189], [134.7948485, 35.2577044], [134.7946896, 35.2573658], [134.7945214, 35.2570254], [134.7943751, 35.2566832], [134.794215, 35.2563501], [134.7936153, 35.2549835], [134.7928757, 35.2531226], [134.7926167, 35.2525325], [134.7917707, 35.2506191], [134.7916785, 35.2504049], [134.7912304, 35.2493582], [134.7905391, 35.2477431], [134.7897856, 35.2459618], [134.7891818, 35.2446246], [134.7888897, 35.2440342], [134.7886723, 35.2436283], [134.7884124, 35.2431982], [134.7881287, 35.242697], [134.787899, 35.2422643], [134.7878223, 35.24211], [134.7877287, 35.2419598], [134.7872694, 35.2412927], [134.7870612, 35.2410484], [134.7866149, 35.2404769], [134.7852232, 35.2384609], [134.7847977, 35.2378561], [134.7846378, 35.2376095], [134.7844967, 35.237382], [134.7843558, 35.2371507], [134.7842546, 35.2369676], [134.784154, 35.2367692], [134.7840664, 35.2365742], [134.7839191, 35.2362101], [134.7838225, 35.2358769], [134.7837608, 35.2355674], [134.7837013, 35.2352246], [134.7836565, 35.2348627], [134.7836337, 35.2344947], [134.7834935, 35.2318415], [134.7834945, 35.2315926], [134.7835098, 35.2313381], [134.7835405, 35.2311149], [134.7835773, 35.2308989], [134.7836194, 35.2307201], [134.7837398, 35.2302502], [134.7838237, 35.2299592], [134.7840495, 35.2293195], [134.78457, 35.2281067], [134.7849476, 35.2273987], [134.7853315, 35.2267994], [134.7854694, 35.2266213], [134.7859307, 35.2260109], [134.7865445, 35.2251947], [134.7871747, 35.224404], [134.7882226, 35.2230481], [134.7893811, 35.2215769], [134.7909696, 35.2195788], [134.7914431, 35.2189879], [134.7920348, 35.2182225], [134.7923857, 35.2177791], [134.7927085, 35.2173057], [134.7929862, 35.2167971], [134.7931782, 35.2163792], [134.7933377, 35.2159423], [134.7934244, 35.2156342]], [[134.7934723, 35.2154585], [134.7935778, 35.2150561], [134.793639, 35.2147414], [134.7938033, 35.2136294], [134.7939482, 35.212543], [134.7942663, 35.2106921], [134.7943059, 35.2101745], [134.7943535, 35.2097782], [134.7943714, 35.2095302], [134.7943669, 35.2093227], [134.7943543, 35.2091324], [134.7943185, 35.2087581], [134.7942467, 35.2084397], [134.7941872, 35.208201], [134.7941066, 35.2079695], [134.7939781, 35.2075985], [134.7938532, 35.2073201], [134.7937426, 35.2070979], [134.79359, 35.2068457], [134.7933355, 35.2064672], [134.7932436, 35.20633], [134.7930593, 35.2060872], [134.792692, 35.2056873], [134.7919924, 35.2050561], [134.7915064, 35.2046931], [134.7901984, 35.2038096], [134.7897105, 35.2034439], [134.7892709, 35.2030346], [134.7888403, 35.2025531], [134.7884481, 35.2020043], [134.7882039, 35.2015445], [134.788027, 35.2010631], [134.787884, 35.2005371], [134.7877753, 35.1999981], [134.7876973, 35.1993839], [134.787657, 35.1989854], [134.787647, 35.1986957], [134.7876692, 35.1984329], [134.7877124, 35.1982113], [134.7877679, 35.1979999], [134.7877915, 35.1979231], [134.7878308, 35.1978095], [134.7878744, 35.1976923], [134.7881571, 35.1970447], [134.7882253, 35.1969173], [134.7883145, 35.1967641], [134.7884006, 35.196627], [134.7885049, 35.1964767], [134.7896328, 35.1950214], [134.7898703, 35.1947149], [134.7901506, 35.1943494], [134.7904477, 35.1939271], [134.7906264, 35.1935856], [134.7907302, 35.1933295], [134.7908629, 35.1928146], [134.7909023, 35.1925332], [134.7909263, 35.1921142], [134.7909217, 35.1918673], [134.7908777, 35.1915547], [134.7907929, 35.19118], [134.7907188, 35.1908377], [134.7906929, 35.1904731], [134.7906865, 35.1900364], [134.7907262, 35.1897089], [134.7907779, 35.1895511], [134.790834, 35.1893695], [134.7908685, 35.1892857], [134.7909646, 35.1890526], [134.7912466, 35.188562], [134.7915353, 35.188082], [134.7916656, 35.1878367], [134.7917617, 35.1875654], [134.791856, 35.1872513], [134.7919496, 35.1868772], [134.7919852, 35.1863751], [134.7920066, 35.1860057], [134.7920279, 35.1853465], [134.7921185, 35.1845713], [134.792193, 35.1841164], [134.7922657, 35.1836743], [134.7924326, 35.1829827], [134.7925382, 35.1825777], [134.7927236, 35.1819163], [134.7927372, 35.1817328], [134.7927053, 35.1814624], [134.7926996, 35.181405], [134.7926853, 35.1812988], [134.7926676, 35.1811943], [134.7926417, 35.1810813], [134.792614, 35.1809857], [134.7925671, 35.1808572], [134.7925127, 35.1807256], [134.7924374, 35.1805756], [134.7923556, 35.1804329], [134.7922523, 35.1802733], [134.7920442, 35.1799748], [134.7919267, 35.1797914], [134.7918186, 35.1796023], [134.7917231, 35.1794055], [134.791652, 35.179197], [134.7916068, 35.1790152], [134.7915756, 35.178819], [134.791564, 35.1786331], [134.7915687, 35.17845], [134.7916047, 35.178051], [134.7916934, 35.1774397], [134.7917798, 35.1767993], [134.7918773, 35.1761809], [134.7919539, 35.1755238], [134.7920163, 35.1750958], [134.7920403, 35.1747287], [134.7920271, 35.1744129], [134.7919945, 35.1740458], [134.7919403, 35.1737213], [134.7917841, 35.1732433], [134.791531, 35.1726748], [134.7912966, 35.1721233], [134.7906447, 35.1708317], [134.7903484, 35.1701734], [134.7901506, 35.1696799], [134.7895624, 35.1679969], [134.7894546, 35.1677227], [134.7893544, 35.1674896], [134.7892371, 35.1672541], [134.7890383, 35.1669441], [134.788727, 35.1665405], [134.7872516, 35.1650129], [134.7860437, 35.1638525], [134.7859158, 35.1637005], [134.7856335, 35.163341], [134.7853978, 35.1629428], [134.785188, 35.1625374], [134.7850729, 35.1622474], [134.7849498, 35.1618281], [134.7848751, 35.1614279], [134.7848514, 35.1610154], [134.7848535, 35.1605796], [134.7849012, 35.1600545], [134.784972, 35.1595192], [134.7863272, 35.152609], [134.7864273, 35.1519455], [134.7865074, 35.1511985], [134.7865609, 35.1509039], [134.786609, 35.1506743], [134.7866711, 35.1504358], [134.7868035, 35.1501185], [134.7869507, 35.1498671], [134.7871084, 35.14965], [134.7873475, 35.1493621], [134.7874973, 35.1491429], [134.787686, 35.148821], [134.7878313, 35.1485364], [134.7879151, 35.1483344], [134.7879733, 35.1481402], [134.7880152, 35.1479374], [134.7880418, 35.1477324], [134.7880578, 35.1474906], [134.7880631, 35.1471699], [134.7880297, 35.1466123], [134.7880291, 35.1460602], [134.7880555, 35.1456478], [134.7880845, 35.1453213], [134.7881369, 35.1449301], [134.788198, 35.1446088], [134.7882871, 35.1442325], [134.7884032, 35.1438155], [134.788556, 35.1433201], [134.7887456, 35.1427779], [134.7895037, 35.1406977], [134.7897031, 35.1400977], [134.7898636, 35.139556], [134.7899675, 35.1390369], [134.7900299, 35.138665], [134.7900702, 35.1384036], [134.7900952, 35.1381718], [134.7901021, 35.1379041], [134.7900827, 35.1376193], [134.7900333, 35.1373296], [134.7899557, 35.1370436], [134.7898543, 35.1367743], [134.7897248, 35.1365105], [134.7894398, 35.1360428], [134.7889775, 35.1353986], [134.7886931, 35.1350399], [134.78834, 35.1346177], [134.7881067, 35.1343432], [134.7879162, 35.1340983], [134.7877157, 35.1337788], [134.7875991, 35.1335255], [134.7875302, 35.133325], [134.7874811, 35.1331308], [134.787453, 35.1329421], [134.7874443, 35.1327626], [134.7874507, 35.132539], [134.7874757, 35.1323417], [134.7875281, 35.1320793], [134.7876188, 35.1317235], [134.7877249, 35.1313034], [134.7878143, 35.1309191], [134.7878945, 35.1304941], [134.7879628, 35.130073], [134.7880296, 35.1296186], [134.7880533, 35.1292276], [134.7880641, 35.1287226], [134.7880488, 35.1281584], [134.7880107, 35.12773], [134.7879329, 35.1273187], [134.787817, 35.1269387], [134.7876074, 35.1263785], [134.7874765, 35.1260124], [134.7874157, 35.1257617], [134.7873811, 35.1255309], [134.7873706, 35.1252607], [134.7873878, 35.1249783], [134.7874085, 35.1245634], [134.7873977, 35.1243177], [134.7873626, 35.1240992], [134.7872875, 35.1237978], [134.7871569, 35.1233762], [134.7870652, 35.1230946], [134.7869803, 35.1228227], [134.7868972, 35.1225737], [134.7867671, 35.1221745], [134.7866469, 35.1218011], [134.7865096, 35.1213232], [134.7864561, 35.1209951], [134.7864487, 35.1207077], [134.7864677, 35.1203612], [134.7864799, 35.1200971], [134.786468, 35.1198681], [134.7864284, 35.1196146], [134.7863726, 35.1194082], [134.7862967, 35.1192087], [134.7862091, 35.1190228], [134.7861146, 35.1188604], [134.7859625, 35.1186468], [134.7856793, 35.1182883], [134.7854067, 35.1179503], [134.7852397, 35.1177082], [134.785099, 35.1174613], [134.784999, 35.117263], [134.784929, 35.1171209], [134.784774, 35.1167576], [134.7845923, 35.1161701], [134.7844875, 35.1158394], [134.7844124, 35.1156107], [134.7843346, 35.1154209], [134.7839482, 35.1144856], [134.7838066, 35.1141604], [134.7836689, 35.1138991], [134.7834286, 35.1134724], [134.7831267, 35.1129666], [134.7828689, 35.1125998], [134.7825934, 35.1122067], [134.7823414, 35.1118926], [134.7820307, 35.1115091], [134.7817992, 35.1111998], [134.7815208, 35.1108474], [134.7811926, 35.1104159], [134.7808702, 35.1100059], [134.7806621, 35.1096943], [134.780413, 35.1093467], [134.780205, 35.1090254], [134.7800204, 35.1087281], [134.7798445, 35.1084716], [134.7796804, 35.1081672], [134.7794665, 35.107786], [134.7792643, 35.1073952], [134.7790972, 35.1070907], [134.7789243, 35.106676], [134.7787163, 35.1062612], [134.7785434, 35.1058369], [134.7782855, 35.1051895], [134.7780891, 35.1046597], [134.7779016, 35.1041083], [134.777799, 35.1037247], [134.7776876, 35.1032619], [134.777547, 35.1028256], [134.7774473, 35.1023581], [134.7774004, 35.102044], [134.7773272, 35.1016628], [134.7772568, 35.1012216], [134.7771982, 35.1008572], [134.7771436, 35.1004414], [134.7770839, 35.0999988], [134.777028, 35.0995444], [134.7769762, 35.0991998], [134.7769168, 35.0988717], [134.7768379, 35.098506], [134.7767301, 35.09807], [134.7766502, 35.097805], [134.7764964, 35.0972699], [134.7763453, 35.0968263], [134.7762284, 35.0964984], [134.7761315, 35.0962158], [134.7760071, 35.0958942], [134.7758842, 35.0955111], [134.7757918, 35.0951432], [134.7757499, 35.0949552], [134.7757136, 35.0946792], [134.7756992, 35.0943937], [134.7757167, 35.0940696], [134.7757588, 35.0937629], [134.7758187, 35.0935302], [134.7759011, 35.0932924], [134.7759714, 35.0931177], [134.7760547, 35.0929216], [134.7763351, 35.0923782], [134.7765382, 35.0919869], [134.776668, 35.0916922], [134.7767825, 35.0913878], [134.7768888, 35.0910366], [134.7769624, 35.0906508], [134.7770065, 35.0903027], [134.7770656, 35.0897436], [134.777127, 35.0890734], [134.777184, 35.0883509], [134.777207, 35.088017], [134.7772259, 35.0875893], [134.7772343, 35.0872096], [134.7772153, 35.0868973], [134.7771588, 35.0865414], [134.777101, 35.0863095], [134.777027, 35.0860865], [134.776911, 35.085818], [134.776721, 35.0854752], [134.7765457, 35.0852235], [134.7762954, 35.0849218], [134.7759084, 35.0845304], [134.7755282, 35.08417], [134.7752427, 35.0838916], [134.7749589, 35.0835934], [134.7746932, 35.0832701], [134.7744169, 35.0829205], [134.7741504, 35.0825614], [134.7739072, 35.0821848], [134.7736962, 35.0818347], [134.7735233, 35.0815445], [134.7733123, 35.0811848], [134.7730573, 35.0807675], [134.7728346, 35.0803982], [134.7726324, 35.0800409], [134.7724214, 35.0796356], [134.7721635, 35.0791943], [134.77182, 35.0785579], [134.7715612, 35.0780246], [134.7713112, 35.0774694], [134.7710946, 35.0769809], [134.7709067, 35.0764879], [134.7707297, 35.0759956], [134.7706398, 35.0757061], [134.7705657, 35.0754132], [134.7705013, 35.0751099], [134.7704532, 35.0748279], [134.7703874, 35.0743088], [134.7703409, 35.0739995], [134.7702645, 35.073539], [134.7702001, 35.0730833], [134.770118, 35.0726348], [134.7700037, 35.0720448], [134.7698689, 35.0714908], [134.7697077, 35.0709559], [134.7694967, 35.0703443], [134.7693062, 35.0698574], [134.7690982, 35.0693849], [134.7689546, 35.0690155], [134.7688139, 35.0686341], [134.7686205, 35.0681232], [134.768471, 35.0676339], [134.7682571, 35.0669095], [134.7681838, 35.0665066], [134.7680754, 35.0659645], [134.7679048, 35.0652317], [134.7678347, 35.0649185], [134.7677182, 35.0644813], [134.7675746, 35.0640661], [134.7673126, 35.0635434], [134.7670446, 35.063119], [134.7666407, 35.0625875], [134.7661933, 35.062103], [134.7657141, 35.0616069], [134.7653447, 35.0612076], [134.7650646, 35.0608695], [134.7648607, 35.0605894], [134.7645948, 35.0602141], [134.7643615, 35.0597574], [134.7641692, 35.0593285], [134.7639562, 35.0587507], [134.7638248, 35.0582758], [134.7636977, 35.0576774], [134.7636656, 35.0572699], [134.7636641, 35.0569999], [134.7636593, 35.0563174], [134.7636744, 35.0557585], [134.7637245, 35.0542848], [134.7637576, 35.0536764], [134.7637902, 35.0528292], [134.7638294, 35.0513053], [134.7638646, 35.0507667], [134.763926, 35.0502674], [134.7640292, 35.0498044], [134.7641961, 35.0492967], [134.7644352, 35.0487832], [134.7647021, 35.048255], [134.7652429, 35.0472538], [134.7659199, 35.0461018], [134.7664167, 35.0451561], [134.7668358, 35.0444531], [134.7672402, 35.0437765], [134.7676417, 35.0431143], [134.7680549, 35.0423993], [134.7689311, 35.0409813], [134.7691509, 35.0406214], [134.7692037, 35.0405062], [134.7693831, 35.0401472], [134.7695066, 35.0398372], [134.7696575, 35.03948], [134.7697645, 35.0390802], [134.7698495, 35.0386915], [134.7699099, 35.0382827], [134.7699373, 35.0377682], [134.7699346, 35.0374313], [134.769866, 35.0369101], [134.7697562, 35.0362968], [134.7696331, 35.035688], [134.7695246, 35.0352475], [134.769465, 35.0350268], [134.7694095, 35.0348796], [134.769345, 35.0347382], [134.7692697, 35.0346059], [134.7691767, 35.0344811], [134.7690565, 35.0343421], [134.7689308, 35.0342131], [134.7687807, 35.0340726], [134.7685565, 35.0339109], [134.7683069, 35.0337548], [134.7680158, 35.0335964], [134.7676921, 35.0334212], [134.7674279, 35.0332656], [134.7672015, 35.0331106], [134.7670262, 35.0329587], [134.7668606, 35.0327924], [134.7666936, 35.0326004], [134.7665386, 35.0323608], [134.7663356, 35.0320167], [134.7662038, 35.0317116], [134.7661016, 35.0314062], [134.7660373, 35.0310424], [134.7660083, 35.0307725], [134.7659955, 35.0305347], [134.7660131, 35.0302219], [134.7660349, 35.0300434], [134.766087, 35.0297874], [134.7661777, 35.0294729], [134.7663049, 35.0291281], [134.7665504, 35.0286067], [134.7666534, 35.028348], [134.7667325, 35.0281381], [134.7667892, 35.0279069], [134.7668282, 35.0276675], [134.7668418, 35.027411], [134.7668193, 35.0271352], [134.766782, 35.026827], [134.7666714, 35.0263552], [134.7665954, 35.025953], [134.7665354, 35.0255528], [134.7664711, 35.02497], [134.7664282, 35.0244659], [134.766395, 35.0239065], [134.7663768, 35.0236008], [134.7663599, 35.0232343], [134.7663332, 35.0226544], [134.7662599, 35.0220372], [134.7661547, 35.0214776], [134.7661095, 35.0211413], [134.7660954, 35.0208336], [134.7661018, 35.0204592], [134.7661352, 35.0201587], [134.7662221, 35.0194912], [134.7662845, 35.0190099], [134.7663, 35.0187751], [134.7662989, 35.0185008], [134.7662599, 35.0182679], [134.7661923, 35.0180218], [134.766083, 35.0177472], [134.7659588, 35.0175181], [134.7658264, 35.0172997], [134.7656704, 35.0170699], [134.7654945, 35.0168802], [134.7652927, 35.0167086], [134.7650634, 35.0165447], [134.7647988, 35.0163877], [134.7644945, 35.0162443], [134.7640904, 35.0160827], [134.7635137, 35.0158792], [134.7631108, 35.0157633], [134.7626593, 35.0156004], [134.7623059, 35.0154787], [134.7620816, 35.0153902], [134.7618807, 35.0152961], [134.7616872, 35.0151724], [134.7614879, 35.0150253], [134.7613215, 35.0148944], [134.7611681, 35.0147376], [134.7610271, 35.0145796], [134.7609031, 35.014426], [134.7607897, 35.0142575], [134.7606907, 35.0140777], [134.7605933, 35.0138631], [134.760521, 35.0136321], [134.7604829, 35.0134136], [134.7604622, 35.0131393], [134.7604685, 35.012924], [134.7604895, 35.0127151], [134.7605274, 35.012505], [134.760592, 35.0122862], [134.7606822, 35.0120552], [134.7608063, 35.0118031], [134.7609787, 35.0114926], [134.7611926, 35.0111658], [134.7614813, 35.0107675], [134.7618084, 35.0103294], [134.7621025, 35.0099375], [134.7624647, 35.0094791], [134.7627676, 35.0090836], [134.7630266, 35.0087725], [134.7634371, 35.0083429], [134.7637861, 35.0079419], [134.7641416, 35.0074961], [134.7643436, 35.0072012], [134.7645307, 35.0068124], [134.764711, 35.0064201], [134.7648325, 35.0061519], [134.7649691, 35.0058996], [134.7650974, 35.0056967], [134.7652046, 35.0055268], [134.7653932, 35.0052495], [134.7656867, 35.0048314], [134.7659377, 35.0044495], [134.7664047, 35.0037666], [134.7665217, 35.0035955], [134.767776, 35.0017351], [134.7680399, 35.0013254], [134.7681472, 35.0011347], [134.7682187, 35.0009722], [134.7682674, 35.0008124], [134.7683024, 35.0006241], [134.7683173, 35.0004388], [134.7683137, 35.0002775], [134.7682849, 35.0000972], [134.7682461, 34.9999263], [134.7681979, 34.9997439], [134.7681322, 34.9995128], [134.7680322, 34.9991841], [134.7679382, 34.9988512], [134.7678458, 34.9985254], [134.76739, 34.997029], [134.7672703, 34.9966308], [134.7671396, 34.9962396], [134.7670499, 34.9960125], [134.7669581, 34.9957913], [134.7668667, 34.9956077], [134.7667172, 34.995358], [134.7665571, 34.9951345], [134.7664507, 34.9949975], [134.7663099, 34.9947946], [134.7661665, 34.9945928], [134.7658638, 34.9941757], [134.7656014, 34.99385], [134.7652822, 34.9934259], [134.7650778, 34.9931504], [134.7647108, 34.9926702], [134.764434, 34.9923023], [134.7643466, 34.9921536], [134.7642787, 34.9920168], [134.7642143, 34.9918529], [134.7641695, 34.9916907], [134.7641463, 34.9915153], [134.7641433, 34.9913398], [134.7641607, 34.9911611], [134.7641982, 34.9909643], [134.7642546, 34.9908111], [134.7643324, 34.9906538], [134.7644177, 34.9905125], [134.7645084, 34.9903887], [134.7646156, 34.9902661], [134.7647398, 34.9901517], [134.7648787, 34.9900401], [134.7650202, 34.9899452], [134.7651724, 34.9898571], [134.7653086, 34.9897938], [134.7654318, 34.9897414], [134.765588, 34.9896889], [134.765772, 34.9896327], [134.7665585, 34.989421], [134.7669471, 34.989313], [134.7673161, 34.9892124], [134.7676563, 34.9891102], [134.7679939, 34.9889851], [134.7682216, 34.9888891], [134.7685677, 34.9887019], [134.7687506, 34.9885815], [134.7689485, 34.988432], [134.7691545, 34.9882664], [134.7693999, 34.9880266], [134.7695755, 34.987816], [134.7696989, 34.9876564], [134.7699159, 34.9872824], [134.7699639, 34.9871581], [134.7700333, 34.9869755], [134.7700795, 34.9868353], [134.7701339, 34.9866097], [134.7701694, 34.9863924], [134.770188, 34.9862169], [134.7701913, 34.9860486], [134.7701813, 34.9858486], [134.7701544, 34.9855923], [134.7700841, 34.9852166], [134.7699157, 34.9843559], [134.7698611, 34.9841358], [134.7697425, 34.9835719], [134.7695963, 34.982868], [134.7694134, 34.9819844], [134.7693131, 34.9814889], [134.7684797, 34.9774907], [134.7684346, 34.9772011], [134.7684121, 34.9769028], [134.7684139, 34.9766268], [134.7684234, 34.9763875], [134.768435, 34.9761063], [134.7684646, 34.9757546], [134.7686174, 34.974252], [134.7686667, 34.9737732], [134.7687337, 34.9730639], [134.7688239, 34.971753], [134.7689037, 34.9707698], [134.7689344, 34.9705209], [134.7690344, 34.9697173], [134.7691313, 34.968683], [134.7692783, 34.967009], [134.7694287, 34.9648445], [134.7695025, 34.9636789], [134.7695649, 34.9629243], [134.7695902, 34.9626327], [134.7696145, 34.9623659], [134.7696496, 34.9619391], [134.7696872, 34.9615193], [134.7697225, 34.9610935], [134.7697512, 34.9607504], [134.7697868, 34.96034], [134.7698246, 34.9599324], [134.7698583, 34.9595941], [134.7698974, 34.9591419], [134.7699261, 34.9587751], [134.7699462, 34.9584631], [134.7700517, 34.9572701], [134.7700895, 34.9568256], [134.7701309, 34.9562996], [134.7701619, 34.9557164], [134.7701645, 34.9555724], [134.7701569, 34.9553171], [134.7701458, 34.9550275], [134.7701184, 34.9547018], [134.7700525, 34.9542344], [134.7700268, 34.9541159], [134.7699744, 34.9539084], [134.7698796, 34.9535996], [134.769747, 34.9532592], [134.7695797, 34.9529189], [134.7694136, 34.9526398], [134.7692675, 34.952417], [134.7692228, 34.9523468], [134.7688857, 34.9518958], [134.7687477, 34.9517336], [134.7686163, 34.9515869], [134.7680806, 34.9510383], [134.7678757, 34.9508331], [134.7675631, 34.950534], [134.7670796, 34.9500618], [134.7665832, 34.9495881], [134.7660849, 34.9490976], [134.7655996, 34.9486482], [134.7650272, 34.9481047], [134.76455, 34.9476403], [134.7641683, 34.9472712], [134.7637768, 34.9468642], [134.7634181, 34.9464573], [134.7631823, 34.9461896], [134.7629952, 34.9459319], [134.7628245, 34.9457125], [134.7626395, 34.9454551], [134.7624692, 34.9452096], [134.7622804, 34.9449166], [134.7621144, 34.944653], [134.761943, 34.9443562], [134.7617664, 34.9440421], [134.7616065, 34.9437283], [134.7613882, 34.9432666], [134.7612338, 34.9429185], [134.7610814, 34.9425276], [134.7609991, 34.942299], [134.760947, 34.9421352], [134.7607412, 34.9414158], [134.7606409, 34.941021], [134.7605546, 34.940591], [134.7604884, 34.9401814], [134.7604056, 34.9395621], [134.7603296, 34.9390003], [134.7602537, 34.938405], [134.760174, 34.9378067], [134.7600971, 34.9370965], [134.7600295, 34.9366211], [134.7598596, 34.9353749], [134.7595949, 34.9333523], [134.7595784, 34.9330421], [134.7595638, 34.932885], [134.7594631, 34.9321004], [134.759413, 34.9315319], [134.759313, 34.9307272], [134.7589881, 34.9284442], [134.7589701, 34.928319], [134.7587878, 34.9273338], [134.7585393, 34.9261196], [134.7582802, 34.9250807], [134.7575932, 34.9225417], [134.7567488, 34.9194301], [134.7567166, 34.9193117], [134.7556023, 34.9152055], [134.755236, 34.9138699], [134.7547342, 34.9120321], [134.7547018, 34.9119137], [134.7540776, 34.9095949], [134.7537465, 34.9083935], [134.7532633, 34.9065919], [134.7529507, 34.9054755], [134.7520473, 34.902208], [134.75201, 34.902073], [134.7517487, 34.901128], [134.7514692, 34.9002598], [134.7513253, 34.8998732], [134.7510917, 34.8992605], [134.7508711, 34.8987728], [134.7506408, 34.8982582], [134.7503362, 34.8976268], [134.7500079, 34.8970091], [134.7496082, 34.8962763], [134.7492797, 34.8956596], [134.7489381, 34.8950429], [134.7482189, 34.8937627], [134.7477054, 34.8928148], [134.7476033, 34.8926511], [134.7469845, 34.8915203], [134.7466724, 34.8909664], [134.746177, 34.8900117], [134.7444317, 34.8869003], [134.7437838, 34.8857316], [134.7437332, 34.8856402], [134.7425141, 34.8834411], [134.7420399, 34.8825756], [134.7419768, 34.8824605], [134.7408582, 34.8804186], [134.7406005, 34.879948], [134.7397837, 34.8784981], [134.739488, 34.8779163], [134.7391992, 34.8773035], [134.7390523, 34.876954], [134.7389621, 34.8767208], [134.7388677, 34.8764177], [134.7387865, 34.8761169], [134.7387035, 34.8757097], [134.7386521, 34.875343], [134.7386251, 34.8750782], [134.7386181, 34.8748469], [134.7386158, 34.874526], [134.7386335, 34.8742034], [134.7386672, 34.87389], [134.7387309, 34.8735051], [134.7388265, 34.8730704], [134.7389784, 34.8724892], [134.7391145, 34.8720735], [134.7395507, 34.8708749], [134.7396639, 34.8705521], [134.7398926, 34.8698492], [134.7399797, 34.8695282], [134.7400492, 34.8691672], [134.740098, 34.8687636], [134.7401133, 34.8684391], [134.7401077, 34.8680713], [134.7400454, 34.8672077], [134.7400383, 34.8665985], [134.7400699, 34.8662444], [134.7401423, 34.8658871], [134.740225, 34.8655623], [134.7403933, 34.8650526], [134.740682, 34.8643747], [134.740951, 34.8637576], [134.741191, 34.8631397], [134.7413457, 34.8626261], [134.7414156, 34.8622924], [134.7414581, 34.8619529], [134.7414815, 34.8615911], [134.7414723, 34.861261], [134.7414459, 34.8609884], [134.7414116, 34.860754], [134.7413509, 34.8604468], [134.7412805, 34.8601817], [134.7411891, 34.8598999], [134.7410916, 34.8596628], [134.7409557, 34.8593715], [134.7407672, 34.8590374], [134.7406001, 34.8587799], [134.7403721, 34.858475], [134.7401333, 34.8582044], [134.7398859, 34.8579542], [134.7395373, 34.8576356], [134.7391908, 34.857363], [134.7388203, 34.8570906], [134.7384843, 34.8568443], [134.7380613, 34.8565374], [134.7376119, 34.8561976], [134.7372897, 34.8559512], [134.7369494, 34.8556763], [134.7366662, 34.855436], [134.7362945, 34.8551084], [134.7359868, 34.8548127], [134.7356773, 34.8544984], [134.7353746, 34.8541791], [134.7350899, 34.8538505], [134.7348688, 34.8535846], [134.7346278, 34.8532753], [134.7343319, 34.8528521], [134.7341347, 34.8525485], [134.7339292, 34.8521921], [134.7337766, 34.8518984], [134.7336218, 34.8515629], [134.7335202, 34.8513011], [134.7334383, 34.8510729], [134.7333353, 34.8507373], [134.7332726, 34.8504407], [134.7332107, 34.8500274], [134.7331614, 34.8495895], [134.7331475, 34.849255], [134.7331544, 34.8489046], [134.7331869, 34.8485306], [134.7332374, 34.8482052], [134.7332943, 34.8479245], [134.7333706, 34.8476122], [134.733451, 34.8473506], [134.733554, 34.8470549], [134.7337307, 34.8466402], [134.7339694, 34.8461723], [134.7341767, 34.8458201], [134.7343393, 34.8455604], [134.7345179, 34.8452899], [134.7347305, 34.8449893], [134.7350002, 34.8446124], [134.7353727, 34.8441166], [134.7357289, 34.8436341], [134.7361951, 34.8430157], [134.7364272, 34.8426996], [134.7367109, 34.8423031], [134.736999, 34.8418858], [134.7372283, 34.8415415], [134.7375147, 34.8410934], [134.7377022, 34.8407819], [134.7379609, 34.8403381], [134.7382145, 34.8398663], [134.7384555, 34.8394009], [134.738642, 34.8390168], [134.7387943, 34.8387102], [134.7389767, 34.8382945], [134.7391373, 34.837888], [134.7393565, 34.8373436], [134.739479, 34.8370591], [134.7395594, 34.8368184], [134.7396403, 34.8364945], [134.739719, 34.836166], [134.7398085, 34.8355741], [134.7398752, 34.8347852], [134.739892, 34.8341847], [134.7398853, 34.833827], [134.7398533, 34.8334616], [134.7398214, 34.8331537], [134.7396475, 34.8320217], [134.7394446, 34.8308897], [134.7393895, 34.8303446], [134.7393929, 34.8302157], [134.7393991, 34.829867], [134.739433, 34.8295632], [134.7394973, 34.82924], [134.739586, 34.8288775], [134.7397577, 34.8283387], [134.7400779, 34.8275619], [134.7403176, 34.8269764], [134.7405971, 34.8262823], [134.7408966, 34.825644], [134.7411642, 34.8251351], [134.7413784, 34.8247951], [134.7416793, 34.824353], [134.7419491, 34.8240305], [134.7422904, 34.823632], [134.7428534, 34.8229981], [134.7435012, 34.8222763], [134.7444175, 34.8212389], [134.7448558, 34.8206986], [134.7451506, 34.820317], [134.7454469, 34.8199035], [134.7457563, 34.8194462], [134.7462553, 34.8186788], [134.7465838, 34.8181956], [134.7469969, 34.8175382], [134.747192, 34.8171906], [134.7473229, 34.8169265], [134.7474424, 34.8166143], [134.7475264, 34.8163257], [134.747588, 34.8160429], [134.7476259, 34.8157597], [134.7476436, 34.8155469], [134.7476501, 34.8153067], [134.7476384, 34.8150732], [134.7476142, 34.8148655], [134.7475737, 34.8146213], [134.7475263, 34.8144196], [134.7474299, 34.8140988], [134.7473154, 34.8138144], [134.7471688, 34.8135215], [134.7469922, 34.8132277], [134.7467711, 34.8129107], [134.7464824, 34.8125705], [134.7461531, 34.8122415], [134.7457701, 34.8118921], [134.7453318, 34.8115145], [134.7448676, 34.8111065], [134.7445437, 34.8107908], [134.744264, 34.8104773], [134.7440616, 34.8102354], [134.7439151, 34.8100255], [134.7437773, 34.8097928], [134.7436209, 34.8095178], [134.7434888, 34.8092333], [134.7433933, 34.8089847], [134.7433101, 34.8087133], [134.7432487, 34.8084751], [134.7432008, 34.8082502], [134.7431674, 34.8080082], [134.743147, 34.807686], [134.7431447, 34.8073812], [134.7431629, 34.8069789], [134.7431869, 34.8068008], [134.7432581, 34.806365], [134.7434296, 34.8056356], [134.7435332, 34.8051414], [134.7436189, 34.8046697], [134.7436623, 34.8041017]], [[134.742221, 34.7987945], [134.742148, 34.7988027], [134.7420872, 34.7988146], [134.7420163, 34.7988398], [134.7419425, 34.7988769], [134.7418765, 34.7989199], [134.7417287, 34.7990404], [134.7415654, 34.7992004], [134.7415132, 34.7992438], [134.741451, 34.799291], [134.7413862, 34.7993307], [134.7413113, 34.7993668], [134.7412279, 34.7993948], [134.7411318, 34.7994174], [134.741035, 34.799427], [134.7409354, 34.7994278], [134.7408483, 34.7994205], [134.7407373, 34.7994026], [134.7406079, 34.7993782], [134.7402593, 34.7992943], [134.7390403, 34.7990405]], [[134.7595949, 34.9333523], [134.7595307, 34.9330481], [134.7595045, 34.9328925], [134.7594212, 34.9323754], [134.759351, 34.9319203], [134.7592016, 34.9307559], [134.7588695, 34.9284336], [134.7588526, 34.9283081], [134.7586828, 34.9273437], [134.758426, 34.9261598], [134.758159, 34.9250948], [134.7579267, 34.9241885], [134.7576907, 34.9233001], [134.7574868, 34.9225699], [134.7571972, 34.9215319], [134.7569397, 34.9206346], [134.7566353, 34.9194556], [134.7566032, 34.9193286], [134.7563496, 34.9183825], [134.7560599, 34.9173708], [134.7557917, 34.9163679], [134.7554879, 34.9152332], [134.7552486, 34.9143089], [134.7547617, 34.9124705], [134.7546263, 34.9120565], [134.7545878, 34.9119351], [134.7544552, 34.9114429], [134.753801, 34.9090488], [134.7536433, 34.9084652], [134.7531041, 34.9065075], [134.7528386, 34.9055155], [134.7525945, 34.9045432], [134.7523155, 34.9034785], [134.7520259, 34.9024667], [134.7519338, 34.9021475], [134.7518934, 34.9020075], [134.7516503, 34.9011644], [134.7513719, 34.9003375], [134.7512351, 34.8999561], [134.7509743, 34.8993064], [134.750754, 34.898795], [134.7505299, 34.898292], [134.7502257, 34.8976632], [134.7499016, 34.8970477], [134.7495114, 34.8963193], [134.7491654, 34.8957074], [134.7488166, 34.8950829], [134.7483673, 34.8942568], [134.7478416, 34.8932976], [134.7475226, 34.8927263], [134.7474392, 34.8925672], [134.7466936, 34.8912296], [134.7462108, 34.8903671], [134.7457269, 34.889513], [134.7452083, 34.8885327], [134.7447792, 34.8877791], [134.7442689, 34.8868381], [134.743829, 34.8860725], [134.7436748, 34.8857776], [134.7436246, 34.8856816], [134.7434202, 34.8852908], [134.7429418, 34.8844356], [134.7425523, 34.8837196], [134.7419406, 34.8826139], [134.741878, 34.8825071], [134.741415, 34.8816984], [134.741036, 34.8809945], [134.7406333, 34.8802409], [134.7403069, 34.8796794], [134.7396388, 34.8784565], [134.7392557, 34.877722], [134.7391055, 34.8773878], [134.7389524, 34.8770163], [134.7388508, 34.8767417], [134.7387546, 34.8764473], [134.7386681, 34.876123], [134.7385869, 34.8757249], [134.7385293, 34.8753589], [134.7385044, 34.8750563], [134.7385036, 34.8747746], [134.738512, 34.8745234], [134.7385293, 34.8741961], [134.7385612, 34.8738852], [134.7386255, 34.873478], [134.7387204, 34.8730481], [134.7388741, 34.872465], [134.7389266, 34.8722844], [134.7391552, 34.8715956], [134.7392205, 34.8714223], [134.7395125, 34.870652], [134.7397875, 34.8698379], [134.7398735, 34.8695058], [134.7399413, 34.8691568], [134.7399866, 34.8687561], [134.7399999, 34.8684409], [134.7399932, 34.8680636], [134.7399619, 34.8676033], [134.7399266, 34.8669215], [134.739931, 34.8665886], [134.739972, 34.866183], [134.7400398, 34.8658149], [134.7401364, 34.8654598], [134.7403196, 34.8649449], [134.7406125, 34.8642868], [134.7408361, 34.8637411], [134.7410127, 34.8633173], [134.7411388, 34.8629481], [134.7412284, 34.8626202], [134.7413027, 34.8622878], [134.7413433, 34.8619559], [134.7413623, 34.8615963], [134.7413487, 34.861271], [134.7413304, 34.8610212], [134.7412963, 34.8607701], [134.7412382, 34.8604594], [134.7411689, 34.8602039], [134.7410756, 34.8599278], [134.7409903, 34.8597119], [134.740881, 34.8594782], [134.740751, 34.8592408], [134.7404827, 34.8588365], [134.7403097, 34.8586171], [134.7401344, 34.8584023], [134.7398418, 34.8580806], [134.7396712, 34.8579036], [134.739455, 34.8577038], [134.7391523, 34.8574577], [134.7387545, 34.8571621], [134.7384069, 34.8569033], [134.7379875, 34.8565998], [134.7375285, 34.8562574], [134.7372123, 34.8560126], [134.7368723, 34.8557383], [134.7365895, 34.8555002], [134.7362066, 34.8551581], [134.7358946, 34.8548604], [134.7355913, 34.854551], [134.7352836, 34.8542251], [134.7349933, 34.8538962], [134.7347707, 34.853622], [134.7345316, 34.8533136], [134.7342291, 34.8528936], [134.73403, 34.8525815], [134.7338247, 34.8522296], [134.7336733, 34.8519283], [134.7335181, 34.8515847], [134.7334189, 34.8513252], [134.7333332, 34.8510902], [134.7332309, 34.8507545], [134.7331634, 34.8504549], [134.7330924, 34.8500328], [134.7330484, 34.849593], [134.7330374, 34.8492527], [134.7330468, 34.8489011], [134.73308, 34.8485245], [134.7331283, 34.8481979], [134.7331835, 34.8479091], [134.7332627, 34.8475966], [134.7333505, 34.8473222], [134.7334479, 34.8470424], [134.7337219, 34.8464191], [134.733901, 34.8460934], [134.7340791, 34.8457851], [134.7342407, 34.8455184], [134.7344185, 34.8452555], [134.7346364, 34.8449466], [134.7349055, 34.8445676], [134.7352778, 34.8440662], [134.7356361, 34.843589], [134.736101, 34.8429703], [134.7363248, 34.8426561], [134.7366104, 34.8422612], [134.7369025, 34.8418447], [134.7371294, 34.8415038], [134.73741, 34.8410611], [134.7376074, 34.84074], [134.737867, 34.8403001], [134.7381155, 34.8398313], [134.7383481, 34.8393636], [134.7385344, 34.8389848], [134.7386857, 34.8386774], [134.7388713, 34.838267], [134.7390353, 34.8378613], [134.7391774, 34.8374307], [134.7394502, 34.8364789], [134.7395825, 34.8358936], [134.7396892, 34.8353655], [134.7397447, 34.8347938], [134.7397675, 34.8341893], [134.7397601, 34.8338263], [134.7397313, 34.8334289], [134.7396876, 34.8330227], [134.7395404, 34.8320355], [134.739375, 34.8310981], [134.7392964, 34.8306526], [134.7392706, 34.8302268], [134.7392877, 34.8298627], [134.7393177, 34.8295577], [134.7393823, 34.829223], [134.7394792, 34.8288631], [134.7396281, 34.8284158], [134.7399189, 34.8276756], [134.740178, 34.8270258], [134.7404847, 34.8262669], [134.7407873, 34.8256115], [134.7410704, 34.8250997], [134.7412826, 34.8247519], [134.7415936, 34.8243174], [134.7418596, 34.8239883], [134.7422765, 34.8234933], [134.7429965, 34.8226839], [134.7438534, 34.8217259], [134.7443424, 34.8211764], [134.7447675, 34.8206476], [134.7450535, 34.8202672], [134.7453456, 34.8198546], [134.7456547, 34.8194014], [134.7465197, 34.8180963], [134.7468287, 34.817614], [134.747094, 34.8171473], [134.7472149, 34.816898], [134.7473334, 34.8165918], [134.7474093, 34.8163094], [134.7474752, 34.8160299], [134.7475136, 34.8157582], [134.7475299, 34.8155449], [134.7475347, 34.8153079], [134.7475256, 34.8150856], [134.7475033, 34.8148786], [134.7474598, 34.8146414], [134.7474158, 34.8144394], [134.7473196, 34.8141243], [134.7472099, 34.8138387], [134.7470581, 34.8135511], [134.7468902, 34.8132668], [134.7466705, 34.8129609], [134.7463923, 34.8126234], [134.7460723, 34.8122988], [134.7456939, 34.8119518], [134.7452353, 34.8115634], [134.7447841, 34.8111612], [134.7444652, 34.8108474], [134.7441675, 34.8105259], [134.7439647, 34.8102726], [134.743825, 34.8100742], [134.7436754, 34.8098332], [134.7435193, 34.809555], [134.7434205, 34.8093555], [134.7433529, 34.8091908], [134.7432829, 34.8090009], [134.7431978, 34.8087178], [134.7431282, 34.8084504], [134.743091, 34.8082679], [134.7430475, 34.8079824], [134.743033, 34.8077329], [134.7430286, 34.8073869], [134.7430534, 34.8069644], [134.7431015, 34.8066262], [134.7432562, 34.8058282], [134.7433887, 34.8052639], [134.7435307, 34.8044075], [134.7435519, 34.8041044]], [[135.0808258, 35.6126751], [135.0801001, 35.6123228]]]}, "id": "relation/10015101"}, {"type": "Feature", "properties": {"@id": "relation/10694623", "description": "橋爪バイパスの旧道区間", "name": "国道312号旧道", "network": "JP:national", "old_ref": "312", "route": "road", "type": "route"}, "geometry": {"type": "MultiLineString", "coordinates": [[[134.9313469, 35.5898234], [134.9312633, 35.5897813], [134.9309959, 35.5894846], [134.9309276, 35.58943], [134.9308478, 35.5893798], [134.9307533, 35.5893423], [134.9306451, 35.5893172], [134.9304658, 35.589284]], [[134.9302307, 35.5892512], [134.9301311, 35.5892329], [134.929927, 35.589195], [134.9296803, 35.5891657], [134.9296143, 35.5891634], [134.9295573, 35.5891862], [134.9294799, 35.5892432]]]}, "id": "relation/10694623"}]}