{"type": "FeatureCollection", "generator": "kokudo-quiz tools/fetch_raw.py (Overpass API)", "copyright": "The data included in this document is from www.openstreetmap.org. The data is made available under ODbL.", "timestamp": "2026-09-30T16:22:31Z", "features": [{"type": "Feature", "properties": {"@id": "relation/9145802", "colour": "red", "from": "新潟県新潟市中央区", "name": "国道345号", "name:en": "National Highway Route 345", "name:ja": "国道345号", "name:ja-Hira": "こくどうさんびゃくよんじゅうごごう", "name:ja-Latn": "kokudou 345 Gou", "network": "JP:national", "official_name": "一般国道345号", "ref": "345", "route": "road", "to": "山形県飽海郡遊佐町", "type": "route", "wikidata": "Q6157295", "wikipedia": "ja:国道345号"}, "geometry": {"type": "MultiLineString", "coordinates": [[[139.056299, 37.9180526], [139.0563837, 37.9181661], [139.0569326, 37.9189017], [139.0571053, 37.9191205], [139.0572423, 37.9192943], [139.0574456, 37.9195252], [139.0577352, 37.919778], [139.0582502, 37.9201882], [139.0585682, 37.9204677], [139.0587453, 37.9206256], [139.0588592, 37.9207115], [139.0592439, 37.9210362], [139.0594807, 37.9212198], [139.0595439, 37.921273], [139.0596676, 37.9213652], [139.0597929, 37.9214679], [139.0601455, 37.921742], [139.0606138, 37.9221122], [139.0607473, 37.922213], [139.0614449, 37.9227412], [139.0615457, 37.922825], [139.0619634, 37.9232158], [139.0622991, 37.9235589], [139.062488, 37.923752], [139.0631015, 37.9243615], [139.0632906, 37.9245556], [139.0637107, 37.9249771], [139.063859, 37.9251119], [139.0639602, 37.9251954], [139.0642079, 37.9253659], [139.0643043, 37.9254369], [139.064403, 37.9255014], [139.0645068, 37.9255608], [139.0647185, 37.9256655], [139.0648177, 37.9257142], [139.0649789, 37.9257817], [139.0651851, 37.9258918], [139.0653236, 37.9259658], [139.0654492, 37.9260367], [139.0655179, 37.9260754], [139.0656628, 37.9261844], [139.0657401, 37.9262641], [139.0661486, 37.9268379], [139.0662327, 37.9269561], [139.0663026, 37.9270538], [139.0669027, 37.9278931], [139.0674595, 37.9285882], [139.0675019, 37.9286495], [139.0679448, 37.9292887], [139.0684554, 37.930038], [139.0691238, 37.9309761], [139.069188, 37.9310708], [139.0694015, 37.9313857], [139.0695086, 37.9314887], [139.0697314, 37.9315795], [139.0702242, 37.9317588], [139.0708364, 37.932002], [139.0709485, 37.9320667], [139.0712291, 37.9322426], [139.0713629, 37.9323261], [139.0717277, 37.9325537], [139.0720457, 37.9327473], [139.0725324, 37.9330473], [139.0729005, 37.933274], [139.0727107, 37.9341196], [139.0725673, 37.9348617], [139.0725584, 37.9349079], [139.0725239, 37.9350864], [139.0722902, 37.9362913], [139.0721265, 37.9371227], [139.0720344, 37.9375948], [139.0726189, 37.9377023], [139.0727815, 37.9377328], [139.0729764, 37.9377819], [139.0730892, 37.937835], [139.0732749, 37.9379609], [139.0736253, 37.9382104], [139.0737676, 37.9383117], [139.0740714, 37.9385279], [139.0742312, 37.9386328], [139.0743416, 37.9387053], [139.0744179, 37.9387436], [139.0744635, 37.938757], [139.0748796, 37.9388794], [139.0750897, 37.9389338], [139.0752828, 37.9389954], [139.0753734, 37.9390229], [139.0764503, 37.9393498], [139.0765356, 37.9393757], [139.0765868, 37.9393919], [139.0773177, 37.9396224], [139.0773639, 37.939637], [139.0776144, 37.9397129], [139.0776451, 37.9397222], [139.0776796, 37.9397327], [139.07941, 37.9402609], [139.0795003, 37.9402885], [139.0795987, 37.9403189], [139.0802585, 37.9405228], [139.081124, 37.9407914], [139.0812222, 37.9408219], [139.0812344, 37.9408243], [139.0820089, 37.9410592], [139.0825112, 37.9412132], [139.0825508, 37.941225], [139.0826421, 37.9412522], [139.0833814, 37.9414821], [139.0835601, 37.9415343], [139.0837158, 37.9415797], [139.0838222, 37.9416101], [139.0839326, 37.9416417], [139.0840328, 37.9416747], [139.0844808, 37.9418222], [139.0846398, 37.9418746], [139.0850743, 37.9420718], [139.085242, 37.9421479], [139.0854342, 37.9422351], [139.0856195, 37.9423504], [139.0860451, 37.9426153], [139.0866452, 37.9429981], [139.0867346, 37.9430552], [139.0867902, 37.9430907], [139.0868864, 37.9431748], [139.0869714, 37.9432238], [139.0872278, 37.9433715], [139.0878669, 37.9437756], [139.0882503, 37.9440116], [139.0884108, 37.9441186], [139.0885255, 37.944191], [139.0891156, 37.9445331], [139.0893696, 37.9446801], [139.0898691, 37.9448702], [139.0903193, 37.9449661], [139.0905153, 37.9450078], [139.0906002, 37.9450181], [139.0909842, 37.9450779], [139.091472, 37.9451587], [139.0918933, 37.94523], [139.0922977, 37.945296], [139.0928471, 37.9453871], [139.0941984, 37.9456117], [139.0945665, 37.9456723], [139.0947034, 37.945695], [139.0948349, 37.9457168], [139.0957569, 37.9458698], [139.095784, 37.9458743], [139.0959103, 37.9458952], [139.0959662, 37.9459045], [139.0960249, 37.9459119], [139.096059, 37.9459174], [139.0965292, 37.9459933], [139.0985829, 37.9463143], [139.0998126, 37.9465083], [139.0999223, 37.9465256], [139.099997, 37.946538], [139.1009844, 37.9467016], [139.1013459, 37.9467579], [139.101768, 37.946828], [139.1019571, 37.9468594], [139.1020039, 37.9468672], [139.1024086, 37.9468911], [139.1027737, 37.946889], [139.1028218, 37.9468883], [139.1028905, 37.9468872], [139.1032789, 37.9468249], [139.1036945, 37.9467459], [139.1040933, 37.9466213], [139.1043575, 37.9464994], [139.1048443, 37.946301], [139.1051222, 37.9461825], [139.1053015, 37.9461217], [139.1056229, 37.9460387], [139.1058686, 37.9459814], [139.1061737, 37.9459432], [139.1064346, 37.9459317], [139.1064719, 37.945931], [139.1066733, 37.9459274], [139.1071254, 37.9459637], [139.1075054, 37.9460253], [139.1077706, 37.9460779], [139.1079443, 37.9461124], [139.1080741, 37.946133], [139.1091976, 37.9463113], [139.1092569, 37.9463207], [139.109426, 37.9463476], [139.1094423, 37.9463502], [139.1096602, 37.9463859], [139.1100082, 37.94644], [139.1100354, 37.9464443], [139.11069, 37.9465482], [139.1108176, 37.9465689], [139.1110661, 37.9466093], [139.1110875, 37.9466126], [139.1116674, 37.9467021], [139.1116874, 37.9467053], [139.1127399, 37.9468758], [139.1129316, 37.9469069], [139.1130937, 37.9469318], [139.1139752, 37.9470669], [139.114915, 37.947212], [139.1164382, 37.9474441], [139.1173985, 37.9475878], [139.1177675, 37.9476438], [139.1178455, 37.9476556], [139.1179015, 37.9476706], [139.1187963, 37.9477998], [139.1193351, 37.9478815], [139.1196681, 37.947932], [139.1197553, 37.9479453], [139.1213001, 37.9481816], [139.1213339, 37.9481868], [139.1214505, 37.9482048], [139.1216745, 37.9482395], [139.1217564, 37.9481043], [139.1218326, 37.9470955], [139.1219342, 37.9463799], [139.122074, 37.9457599], [139.1220896, 37.9457048], [139.1221231, 37.9455866], [139.1221642, 37.9454413], [139.1222949, 37.9449797], [139.1223724, 37.9443598], [139.1224085, 37.9435724], [139.1224192, 37.9435321], [139.1224647, 37.943361], [139.1224885, 37.9432185], [139.1224935, 37.9432065], [139.1226554, 37.9428176], [139.1228112, 37.9425066], [139.1233293, 37.941759], [139.1240519, 37.9408171], [139.1244977, 37.9402361], [139.1249103, 37.9397118], [139.1255591, 37.9388486], [139.1261212, 37.9382438], [139.1264582, 37.9379739], [139.1268594, 37.9376526], [139.1274388, 37.9372756], [139.1275654, 37.9371932], [139.1280193, 37.9369529], [139.1281887, 37.9368632], [139.1283656, 37.9367695], [139.1288009, 37.936539], [139.1308607, 37.9354791], [139.1313414, 37.9351534], [139.1315659, 37.9349829], [139.131622, 37.9349426], [139.1317351, 37.9348544], [139.1319876, 37.9348813], [139.1327214, 37.9349596], [139.1329339, 37.9349902], [139.1332977, 37.935047], [139.1338962, 37.9351606], [139.1344171, 37.9352655], [139.1348493, 37.9353704]], [[139.1216745, 37.9482395], [139.1216463, 37.9481023], [139.121647, 37.9480925], [139.1217183, 37.9471013], [139.1217986, 37.9463879], [139.1219644, 37.9457124], [139.1219924, 37.9455974], [139.1220366, 37.9454443], [139.1221657, 37.9449966], [139.1222514, 37.9443912], [139.1222867, 37.9436351], [139.122301, 37.9435201], [139.1223282, 37.9433016], [139.122378, 37.9431887], [139.1225721, 37.9427], [139.1226141, 37.9426304], [139.1227158, 37.9424619], [139.1228308, 37.9423055], [139.1232549, 37.9417283], [139.1239566, 37.940774], [139.1243831, 37.9401939], [139.1247884, 37.9396567], [139.1254761, 37.9387862], [139.1260487, 37.9381895], [139.1267404, 37.9376253], [139.1270838, 37.9373797], [139.1274987, 37.9371219], [139.1279728, 37.936877], [139.128151, 37.936785], [139.1283258, 37.9366924], [139.1287776, 37.936453], [139.1308397, 37.9353774], [139.1312734, 37.9350496], [139.1314078, 37.9349302], [139.131516, 37.9348311], [139.1316497, 37.9347174], [139.1318561, 37.9347408], [139.1321109, 37.93476], [139.1327267, 37.9348063], [139.1333452, 37.9349227], [139.133924, 37.9350749], [139.1344347, 37.9352181], [139.1348493, 37.9353704], [139.1352809, 37.9355099], [139.135705, 37.9356612], [139.1373362, 37.9363076], [139.1469537, 37.9402094], [139.148482, 37.940802], [139.15122, 37.9419359], [139.1516282, 37.9421133], [139.1528828, 37.9426181], [139.1540055, 37.9431113], [139.1544915, 37.943359], [139.1548368, 37.9435918], [139.1552502, 37.9439186], [139.155536, 37.944208], [139.155878, 37.944605], [139.156141, 37.945022], [139.157485, 37.947409], [139.1578554, 37.9481952], [139.1583463, 37.9494045], [139.1586094, 37.9499998], [139.1587518, 37.9502495], [139.1588637, 37.9504599], [139.1588938, 37.9505252], [139.1599705, 37.950129], [139.1603515, 37.950059], [139.1607691, 37.9500425], [139.163678, 37.950034], [139.1645059, 37.9500672], [139.1654036, 37.9501701], [139.1660716, 37.9503265], [139.1666562, 37.9505528], [139.167843, 37.951147], [139.169107, 37.951737], [139.169558, 37.9519521], [139.1702421, 37.9521883], [139.1708648, 37.9523418], [139.1715725, 37.9524682], [139.1721129, 37.9525396], [139.172628, 37.9525833], [139.1741906, 37.9526758], [139.1756411, 37.9527556], [139.176564, 37.9528569], [139.1771939, 37.952942], [139.1777689, 37.9530849], [139.1782166, 37.9532141], [139.1787705, 37.9533752], [139.1800896, 37.9537938], [139.1812034, 37.9542019], [139.1821194, 37.9546019], [139.1830962, 37.9549754], [139.184183, 37.9553986], [139.186005, 37.956109], [139.1866087, 37.9563541], [139.1871146, 37.9565452], [139.1874589, 37.9566423], [139.1884225, 37.9568812], [139.1888519, 37.9569979], [139.1892312, 37.9571295], [139.1896196, 37.9572832], [139.1899214, 37.9574154], [139.1901788, 37.9575509], [139.1904044, 37.9576751], [139.190934, 37.9580099], [139.1916049, 37.9584781], [139.1918008, 37.9586022], [139.1919637, 37.9586876], [139.1921516, 37.9587788], [139.1925685, 37.9589468], [139.1938077, 37.9594006], [139.1947804, 37.9597879], [139.1955504, 37.9600989], [139.1963032, 37.9604098], [139.1969194, 37.9606809], [139.2000255, 37.9621844], [139.2007966, 37.9625454], [139.20148, 37.9628484], [139.2018724, 37.9630249], [139.203717, 37.963697], [139.2041959, 37.963872], [139.2044806, 37.96396], [139.2050423, 37.9640676], [139.2056078, 37.9641283], [139.2067202, 37.9642177], [139.2074022, 37.9642966], [139.207646, 37.9643359], [139.207855, 37.9643866], [139.2081545, 37.964484], [139.2083937, 37.9645882], [139.2085726, 37.9646765], [139.2087195, 37.9647665], [139.2088624, 37.9648661], [139.2090253, 37.9649726], [139.2091609, 37.9650529], [139.2093734, 37.9651585], [139.2094668, 37.9651957], [139.2095391, 37.9650716], [139.2095964, 37.9649869], [139.2112582, 37.9623153], [139.211728, 37.9615381], [139.2121317, 37.9609095], [139.2124515, 37.960384], [139.2127307, 37.9598682], [139.2129223, 37.959474], [139.2132181, 37.9586659], [139.213364, 37.958068], [139.2134056, 37.9578512], [139.2135212, 37.957155], [139.2142444, 37.9572823], [139.2145712, 37.9573806], [139.2149202, 37.9575114], [139.2151604, 37.957599], [139.2163202, 37.9580457], [139.2173901, 37.9584481], [139.2178533, 37.9586267], [139.218641, 37.9589488], [139.2193149, 37.9592116], [139.2211613, 37.959912], [139.22331, 37.9607256], [139.2241196, 37.9610369], [139.2264844, 37.9619378], [139.2271686, 37.962196], [139.2305072, 37.963462], [139.230662, 37.9635201], [139.2313118, 37.9637641], [139.2313888, 37.9637362]], [[139.2093734, 37.9651585], [139.2094506, 37.9650373], [139.2095039, 37.9649504], [139.2097297, 37.9645938], [139.2102678, 37.9637227], [139.2111799, 37.9622573], [139.2120191, 37.9608882], [139.2123483, 37.9603644], [139.2126352, 37.9598458], [139.2128183, 37.9594571], [139.2131103, 37.9586525], [139.2131972, 37.9582931], [139.213252, 37.9580461], [139.2133355, 37.9575827], [139.2134078, 37.9571862], [139.2134232, 37.9571017], [139.2135373, 37.9570584], [139.2137765, 37.9570987], [139.2140452, 37.9571418], [139.2142931, 37.9572028], [139.2144503, 37.9572485], [139.2146508, 37.9573084], [139.214797, 37.9573638], [139.2149594, 37.9574265], [139.2157383, 37.9577313], [139.2163394, 37.9579569], [139.2174023, 37.9583525], [139.2177959, 37.9584987], [139.2187142, 37.958848], [139.2194784, 37.9591439], [139.2241748, 37.960925], [139.2249678, 37.9612249], [139.2272455, 37.9620943], [139.227479, 37.9621808], [139.2280468, 37.9623911], [139.2313684, 37.9636643], [139.2313888, 37.9637362], [139.2319815, 37.9639711], [139.2323971, 37.9641358], [139.233937, 37.9647445], [139.23511, 37.9652086], [139.2369017, 37.9658988], [139.2378153, 37.9662418], [139.239795, 37.966923], [139.2417665, 37.9675881], [139.2423094, 37.967778], [139.2435442, 37.9681957], [139.2451023, 37.9687373], [139.246127, 37.9690632], [139.2462399, 37.9690959], [139.2462915, 37.9691512], [139.2470994, 37.9694238], [139.2471758, 37.9694163], [139.247144, 37.9693626], [139.2463296, 37.9690844], [139.2462399, 37.9690959]], [[139.2471758, 37.9694163], [139.2473228, 37.9694657], [139.2479406, 37.9696732], [139.2487706, 37.969952], [139.2492341, 37.97011], [139.250799, 37.9706333], [139.2523513, 37.9711527], [139.2531262, 37.971415], [139.2524281, 37.9727107], [139.2522694, 37.9730074], [139.2520914, 37.9733401], [139.2517005, 37.9740302], [139.2512847, 37.9748261], [139.2507991, 37.975744], [139.2506947, 37.9759462], [139.2504966, 37.976318], [139.2501856, 37.9768677], [139.2498689, 37.977466], [139.2495423, 37.9780604], [139.2492503, 37.9785961], [139.2492039, 37.9786812], [139.2490811, 37.9789065], [139.2489583, 37.9791318], [139.2489031, 37.9792348], [139.2486577, 37.9796928], [139.2485794, 37.979838], [139.2483454, 37.9802721], [139.2474438, 37.9820099], [139.2470926, 37.982641], [139.246454, 37.9838946], [139.2460662, 37.9846057], [139.2460059, 37.9847164], [139.245915, 37.9848832], [139.2458486, 37.9850131], [139.2457974, 37.9851138], [139.2454029, 37.9858896], [139.2450168, 37.9867811], [139.2441268, 37.9889976], [139.2440941, 37.989123], [139.244067, 37.9893708], [139.2440834, 37.9896254], [139.2442083, 37.9900324], [139.2442524, 37.9901069], [139.2443878, 37.9903354], [139.2446345, 37.9906078], [139.2449664, 37.9908559], [139.2453246, 37.9910387], [139.2460077, 37.9913644], [139.246456, 37.9915765], [139.2469909, 37.9918327], [139.2472015, 37.9919336], [139.2479353, 37.992283], [139.2483806, 37.9924957], [139.2487281, 37.9926948], [139.2490928, 37.9929266], [139.2494936, 37.9932363], [139.250142, 37.9938041], [139.2514304, 37.9949132], [139.2521185, 37.9954984], [139.2532822, 37.9965028], [139.2535875, 37.9967404], [139.2542138, 37.9971794], [139.2543545, 37.9972664], [139.2547751, 37.997537], [139.254947, 37.9976326], [139.2551648, 37.9977821], [139.2553923, 37.9979198], [139.2559796, 37.9982636], [139.2563943, 37.9984983]], [[139.2531262, 37.971415], [139.2532264, 37.9714495], [139.2528568, 37.9721249], [139.2521956, 37.9733771], [139.2518411, 37.9740176], [139.2508078, 37.9759844], [139.2505053, 37.9765536], [139.2503065, 37.9769244], [139.2496497, 37.9780951], [139.2493158, 37.9787122], [139.2490707, 37.9791698], [139.2488605, 37.9795714], [139.2487713, 37.9797418], [139.2487012, 37.9798755], [139.2484718, 37.9803137], [139.2484251, 37.9804016], [139.2481214, 37.9809732], [139.2472324, 37.982688], [139.2468375, 37.9833926], [139.2461278, 37.9847589], [139.2460401, 37.9849233], [139.2459717, 37.9850436], [139.2458396, 37.9852877], [139.245628, 37.9856866], [139.2453989, 37.9861473], [139.2451291, 37.9868106], [139.2445488, 37.9882063], [139.2442726, 37.9888966], [139.2442083, 37.9891362], [139.2441869, 37.9893792], [139.2442126, 37.9896189], [139.2443197, 37.9899952], [139.2444824, 37.9902889], [139.2447415, 37.9905531], [139.245052, 37.9907699], [139.2453796, 37.9909572], [139.2460677, 37.9912864], [139.2472645, 37.9918517], [139.2473569, 37.9918969], [139.247952, 37.9921876], [139.2481606, 37.9922945], [139.2487881, 37.9926163], [139.2491634, 37.9928524], [139.249458, 37.9930833], [139.2495681, 37.9931696], [139.2502213, 37.993735], [139.2514996, 37.9948386], [139.2521892, 37.9954191], [139.2533605, 37.9964417], [139.253671, 37.9966847], [139.2540586, 37.9969733], [139.2544202, 37.9971917], [139.2548593, 37.9974617], [139.2550132, 37.997564], [139.2552335, 37.9976982], [139.2556481, 37.9979667], [139.2560257, 37.9982255], [139.2563943, 37.9984983], [139.2564819, 37.9985535], [139.2565991, 37.9986274], [139.2580296, 37.9995227], [139.2594327, 38.0004073], [139.2597279, 38.0005909], [139.2599893, 38.0007224], [139.2610361, 38.0011746], [139.2612308, 38.0012669], [139.2614564, 38.0013899], [139.2618368, 38.0016365], [139.2630048, 38.0024139], [139.2637497, 38.0029064], [139.2648956, 38.0036639], [139.2656242, 38.0041501], [139.2659087, 38.0043218], [139.2663662, 38.0044964], [139.2668534, 38.0046586], [139.2672858, 38.0048356], [139.2674378, 38.004902], [139.2676752, 38.0050193], [139.267909, 38.0051327], [139.2679773, 38.0051683], [139.2691536, 38.0057645], [139.2707722, 38.0065667], [139.2710046, 38.0066919], [139.2712251, 38.0068372], [139.2713748, 38.0069551], [139.2720511, 38.0075438], [139.2723966, 38.0078575], [139.2727177, 38.0081789], [139.2732906, 38.008708], [139.2738794, 38.0092444], [139.2741762, 38.0094903], [139.2746278, 38.0098014], [139.2748077, 38.0099142], [139.2758505, 38.0105965], [139.2759906, 38.0106885], [139.2770019, 38.0113357], [139.2774701, 38.0116597], [139.2782654, 38.0121748], [139.2796589, 38.0130886], [139.28, 38.0133121], [139.2802017, 38.0134732], [139.2803856, 38.0136657], [139.2806235, 38.0140581], [139.2806823, 38.0141845], [139.2807571, 38.0144492], [139.2808976, 38.0150593], [139.2810262, 38.015353], [139.2812162, 38.0156275], [139.2815728, 38.0160025], [139.2817166, 38.0161391], [139.2818482, 38.0162642], [139.2838719, 38.0181904], [139.2839129, 38.0182307], [139.2839934, 38.0183099], [139.2846874, 38.0189726], [139.2856704, 38.0198998], [139.2858367, 38.0200729], [139.2860007, 38.020262], [139.2861749, 38.0205126], [139.2863207, 38.0207506], [139.2864175, 38.0209443], [139.2865018, 38.0211561], [139.2865668, 38.0213668], [139.286626, 38.021614], [139.2867763, 38.0224728], [139.2871385, 38.0245879], [139.2872251, 38.0250686], [139.2873157, 38.0256357], [139.2874483, 38.0263374], [139.2874859, 38.0265128], [139.2875771, 38.026768], [139.2876716, 38.0269912], [139.2877957, 38.0272646], [139.2879529, 38.0275436], [139.2880976, 38.0277555], [139.288347, 38.0280847], [139.2885213, 38.0282726], [139.2887149, 38.0284651], [139.2889575, 38.0286747], [139.2893402, 38.0289503], [139.2896865, 38.0291861], [139.2899644, 38.0293706], [139.2905134, 38.0297385], [139.2915351, 38.0304139], [139.2919406, 38.0306907], [139.2925921, 38.0311258], [139.2935522, 38.0317591], [139.2943473, 38.0322887], [139.2949452, 38.0326851], [139.2950967, 38.032791], [139.2952357, 38.0328769], [139.2963459, 38.0336232], [139.2968633, 38.0339699], [139.2972956, 38.0342609], [139.2975706, 38.034446], [139.2987996, 38.0352683], [139.2993485, 38.0355986], [139.2996217, 38.0357879], [139.3001334, 38.0361255], [139.3004655, 38.0363385], [139.3012587, 38.036875], [139.3018705, 38.0372743], [139.3023798, 38.0376264], [139.3029101, 38.0379826], [139.3031876, 38.038176], [139.3033448, 38.03827], [139.3041119, 38.0388061], [139.3046643, 38.0391762], [139.304842, 38.0392947], [139.3049833, 38.0393927], [139.3052714, 38.0395532], [139.3055004, 38.0396637], [139.3058591, 38.0397845], [139.3061952, 38.0398631], [139.3063865, 38.0398972], [139.3066671, 38.0399231], [139.3073064, 38.0399522], [139.3075115, 38.0399744], [139.3077295, 38.040022], [139.3079208, 38.0400792], [139.308154, 38.040216], [139.3083311, 38.0403603], [139.3091224, 38.0410123], [139.30919, 38.0410668], [139.3092695, 38.0411289], [139.3094655, 38.0412814], [139.3102796, 38.0419508], [139.3105906, 38.042206], [139.3108685, 38.0424691], [139.3110393, 38.042657], [139.3111703, 38.0428199], [139.3116954, 38.0435716], [139.3121396, 38.0442118], [139.3123731, 38.0445626], [139.3125906, 38.0448633], [139.3127455, 38.0450683], [139.3129517, 38.0453075], [139.313323, 38.0456742], [139.313957, 38.046288], [139.3165134, 38.0487712], [139.3186285, 38.050802], [139.3189531, 38.0510959], [139.3193552, 38.0514137], [139.3197675, 38.0516836], [139.3204657, 38.0521267], [139.3213496, 38.0527691], [139.3218689, 38.0531837], [139.3227631, 38.0539081], [139.3236463, 38.0546234], [139.3246907, 38.0554471], [139.3249155, 38.0556234], [139.3274267, 38.0575565], [139.3278601, 38.0578843], [139.3284455, 38.0583354], [139.3290856, 38.0588206], [139.3294963, 38.0591423], [139.3295771, 38.0592073], [139.3303978, 38.05984], [139.3315921, 38.0607536], [139.332479, 38.0614422], [139.3332784, 38.0621353], [139.3341548, 38.062931], [139.3344774, 38.0632287], [139.3347687, 38.063497], [139.335499, 38.0641525], [139.3369014, 38.0654371], [139.3375807, 38.0660499], [139.3380317, 38.0664568], [139.3383958, 38.06679], [139.3394443, 38.0677448], [139.3404088, 38.0686211], [139.3414657, 38.0695708], [139.3422553, 38.0702916], [139.3430327, 38.0710012], [139.3435708, 38.0714924], [139.3440223, 38.0719045], [139.3441263, 38.0719994], [139.344752, 38.0725705], [139.3459887, 38.0736869], [139.3467937, 38.0744351], [139.3469395, 38.0745832], [139.3470602, 38.0747313], [139.3472791, 38.0749972], [139.347555, 38.0753984], [139.3477072, 38.0756561], [139.3479293, 38.0760639], [139.3482596, 38.076638], [139.348394, 38.0768498], [139.3487266, 38.0772963], [139.3491116, 38.0777132], [139.3504068, 38.0789672], [139.3507181, 38.0792571], [139.3515786, 38.0800886], [139.3523668, 38.080846], [139.3548191, 38.0832146], [139.3556258, 38.0839953], [139.356056, 38.0844055], [139.3569808, 38.085286], [139.3575535, 38.0858666], [139.3577238, 38.0860633], [139.3580226, 38.0864406], [139.3581836, 38.0866788], [139.3583728, 38.0869676], [139.3585299, 38.0872364], [139.3587486, 38.0876726], [139.3589502, 38.0881624], [139.3595721, 38.089741], [139.3596598, 38.0899449], [139.3597874, 38.090224], [139.3599355, 38.0904985], [139.3601115, 38.0907538], [139.3602669, 38.0909552], [139.3604389, 38.09115], [139.3605904, 38.0913003], [139.360731, 38.0914311], [139.3610141, 38.0916602], [139.3612282, 38.0918151], [139.361497, 38.0919894], [139.3617704, 38.0921307], [139.362513, 38.0924655], [139.3629442, 38.0926453], [139.3630359, 38.092684], [139.3633294, 38.0928312], [139.3635381, 38.0929485], [139.3638069, 38.0931232], [139.364258, 38.0934621], [139.3645211, 38.0937093], [139.3647113, 38.0939029], [139.3651259, 38.094354], [139.3654186, 38.094682], [139.3657706, 38.0950545], [139.3661966, 38.0954429], [139.3665451, 38.0957219], [139.3684205, 38.0971109], [139.3693611, 38.0977885], [139.3694102, 38.0978243], [139.3711085, 38.0990694], [139.3711877, 38.0991287], [139.3719571, 38.0996889], [139.3722139, 38.0998827], [139.3724952, 38.100115], [139.3727515, 38.1003451], [139.3730568, 38.1006515], [139.3733711, 38.1010012], [139.373567, 38.1012324], [139.3738393, 38.1015502], [139.3743222, 38.1021983], [139.3748826, 38.1029318], [139.3758433, 38.1041226], [139.3761953, 38.1045628], [139.3764681, 38.1049427], [139.376603, 38.1051585], [139.3767312, 38.105371], [139.3768155, 38.1055686], [139.3769039, 38.105804], [139.3769658, 38.1060128], [139.3770211, 38.1062286], [139.3770564, 38.1064485], [139.377111, 38.1068374], [139.3771822, 38.1073938], [139.3772016, 38.1076393], [139.3772255, 38.108063], [139.3772711, 38.1086427], [139.3773269, 38.1090334], [139.3773918, 38.1093364], [139.3774658, 38.1096291], [139.3775524, 38.1099241], [139.3776686, 38.1102487], [139.3777916, 38.110538], [139.3779009, 38.1107749], [139.3780125, 38.1109971], [139.3781139, 38.1111964], [139.3782745, 38.111464], [139.3784932, 38.1117966], [139.3786287, 38.1119834], [139.3790411, 38.1124994], [139.379532, 38.1130302], [139.3801744, 38.1136145], [139.3805958, 38.1139881], [139.3811015, 38.1144573], [139.3814867, 38.1148303], [139.381645, 38.114987], [139.3819888, 38.1153754], [139.3825742, 38.1160679], [139.38358, 38.1173185], [139.3841711, 38.1180566], [139.3845162, 38.1184928], [139.3847873, 38.1188345], [139.3856803, 38.1199564], [139.3860687, 38.1204416], [139.38644, 38.1208972], [139.3868239, 38.1213813], [139.3871883, 38.1218335], [139.3876007, 38.1223472], [139.3883945, 38.1233336], [139.3888296, 38.1238735], [139.3894504, 38.1246104], [139.3899151, 38.1251617], [139.3903958, 38.1257072], [139.3905769, 38.1259157], [139.3908901, 38.126279], [139.3915143, 38.1269898], [139.3933139, 38.1290445], [139.393995, 38.1298054], [139.3955418, 38.1316187], [139.3960201, 38.1322269], [139.3963653, 38.1326825], [139.3966603, 38.1331028], [139.3968892, 38.1334217], [139.3986512, 38.1360266], [139.3990248, 38.1365767], [139.3995602, 38.1373626], [139.3998973, 38.137857], [139.4003301, 38.1385108], [139.4007219, 38.1390529], [139.4010625, 38.1395415], [139.4017334, 38.1405701], [139.402091, 38.1411054], [139.4027744, 38.1421145], [139.4030569, 38.1425257], [139.4040387, 38.1439666], [139.40441, 38.1444943], [139.4045621, 38.144706], [139.404695, 38.1448688], [139.4048352, 38.1450078], [139.4050032, 38.1451697], [139.4051336, 38.1452754], [139.4052654, 38.1453808], [139.4054545, 38.1455137], [139.4056102, 38.145609], [139.4057366, 38.1456908], [139.4059414, 38.14579], [139.4060875, 38.1458596], [139.4070972, 38.1462799], [139.4075578, 38.1464671], [139.4086352, 38.1469025], [139.411514, 38.1480909], [139.4117976, 38.1482014], [139.4120641, 38.1482879], [139.4122179, 38.148321], [139.4124069, 38.148354], [139.4126074, 38.1483779], [139.412801, 38.1483836], [139.4130721, 38.1483734], [139.4133546, 38.1483301], [139.4140938, 38.1481626], [139.4173582, 38.1474166], [139.4196954, 38.1468756], [139.4200462, 38.1467167], [139.4203114, 38.1465646], [139.4206119, 38.1463492], [139.4207446, 38.1462337], [139.4209356, 38.1460786], [139.4211858, 38.145933], [139.4214006, 38.1458522], [139.4216808, 38.1457934], [139.4219797, 38.1457714], [139.4223071, 38.1457935], [139.4224586, 38.1458186], [139.4226352, 38.1458584], [139.4228026, 38.1459074], [139.4229586, 38.1459689], [139.4231158, 38.1460487], [139.4232706, 38.1461358], [139.42333, 38.1461796], [139.4234611, 38.146292], [139.4235768, 38.1464104], [139.4237356, 38.1466308], [139.4238664, 38.1469029], [139.4251239, 38.1504965], [139.4251364, 38.1505273], [139.4254261, 38.1512802], [139.4255325, 38.1515562], [139.4256731, 38.1517551], [139.4257318, 38.1518425], [139.4259305, 38.1521101], [139.4259966, 38.1521881], [139.426136, 38.1523525], [139.4263153, 38.1526685], [139.4264155, 38.1529419], [139.426436, 38.153115], [139.4264577, 38.1535353], [139.4264759, 38.1538098], [139.4264964, 38.1543941], [139.4265032, 38.1545331], [139.426534, 38.1552028], [139.4265488, 38.1554055], [139.4265829, 38.1561334], [139.4266091, 38.1566892], [139.4266262, 38.1569307], [139.426649, 38.1572951], [139.4266889, 38.1575822], [139.4267424, 38.1578191], [139.4268028, 38.1580366], [139.4268791, 38.1582451], [139.4270089, 38.1585332], [139.4271399, 38.1587918], [139.427296, 38.1590287], [139.4275727, 38.1593966], [139.42787, 38.1597634], [139.4281946, 38.160178], [139.4287277, 38.1608295], [139.4288723, 38.1610197], [139.4289578, 38.1611131], [139.4296514, 38.1619662], [139.4301879, 38.1626348], [139.4303166, 38.1628193], [139.4304373, 38.1630186], [139.4305364, 38.1632476], [139.430672, 38.1636417], [139.430713, 38.1637829], [139.4308143, 38.1640654], [139.4308781, 38.1642317], [139.4309442, 38.1643934], [139.431082, 38.1646941], [139.431205, 38.1649219], [139.4314134, 38.1652613], [139.4317882, 38.1658593], [139.4319533, 38.1661218], [139.4321606, 38.1664436], [139.4325547, 38.167045], [139.4328099, 38.1674397], [139.4328959, 38.1675615], [139.4329841, 38.1676857], [139.4330866, 38.1678178], [139.4332239, 38.1679767], [139.4333993, 38.1681658], [139.4336112, 38.16836], [139.4342997, 38.168942], [139.4351156, 38.1696358], [139.4354364, 38.1699096], [139.4356278, 38.1700525], [139.4358573, 38.1702131], [139.4361739, 38.1704045], [139.4366597, 38.1706682], [139.4369695, 38.1707957], [139.4373192, 38.1709278], [139.4377486, 38.1710839], [139.4383306, 38.1712741], [139.43894, 38.1714848], [139.4393454, 38.171634], [139.4397623, 38.1718333], [139.4400209, 38.1719734], [139.4405243, 38.1723038], [139.4406877, 38.1724251], [139.4408213, 38.1725297], [139.4409304, 38.1726327], [139.4412157, 38.1729338], [139.4413797, 38.1731386], [139.4415073, 38.1733232], [139.441636, 38.1735179], [139.4417077, 38.1736444], [139.4419481, 38.1741603], [139.4421508, 38.1745738], [139.442431, 38.1751547], [139.4431053, 38.1766559], [139.4431258, 38.1767026], [139.4433342, 38.1771787], [139.4434413, 38.1774361], [139.4435928, 38.1777846], [139.4438661, 38.1784464], [139.4440233, 38.1788154], [139.4441167, 38.1790409], [139.4442261, 38.1793018], [139.4443104, 38.179558], [139.444417, 38.179946], [139.4444744, 38.1802312], [139.4445495, 38.1806082], [139.44457, 38.1806902], [139.444596, 38.180828], [139.4447044, 38.1812574], [139.4447865, 38.181483], [139.4448935, 38.1817244], [139.4449926, 38.1819226], [139.4451532, 38.1821823], [139.4452637, 38.1823668], [139.44538, 38.1825398], [139.4454938, 38.1827712], [139.4455906, 38.1829568], [139.4456601, 38.1830981], [139.4457056, 38.1832245], [139.4457945, 38.1834853], [139.4459175, 38.1839557], [139.4460394, 38.1844261], [139.4460917, 38.1846107], [139.4461476, 38.1847758], [139.4462091, 38.184925], [139.44634, 38.1851767], [139.4464596, 38.1853647], [139.4466271, 38.1855845], [139.4468412, 38.1858214], [139.4470007, 38.1859752], [139.4475223, 38.1864536], [139.4478444, 38.1867437], [139.4479843, 38.1868744], [139.448481, 38.187311], [139.4488197, 38.1876404], [139.4490213, 38.1878545], [139.4492081, 38.1880812], [139.4493743, 38.1883022], [139.4495201, 38.1885334], [139.4496318, 38.1887293], [139.4497525, 38.188981], [139.4499222, 38.1894833], [139.4500042, 38.1898193], [139.4500407, 38.1901314], [139.4500623, 38.1904879], [139.4501369, 38.1919481], [139.4501694, 38.1932796], [139.4501808, 38.193652], [139.4501762, 38.19384], [139.4501614, 38.1941691], [139.4500999, 38.1947147], [139.4500475, 38.1950439], [139.4500042, 38.195299], [139.4497217, 38.1962968], [139.4496459, 38.1966018], [139.4495052, 38.1971337], [139.4494433, 38.1973539], [139.4491135, 38.1984017], [139.448831, 38.1993926], [139.4483163, 38.2012056], [139.4478745, 38.2025973], [139.4477401, 38.2032], [139.4477702, 38.2038651], [139.4477982, 38.2040963], [139.4478561, 38.2043261], [139.4479274, 38.2045386], [139.4480323, 38.2047919], [139.4481324, 38.2049901], [139.448257, 38.20518], [139.448393, 38.205386], [139.4484418, 38.2054576], [139.448545, 38.205585], [139.448694, 38.205752], [139.448874, 38.205932], [139.449135, 38.206203], [139.449344, 38.206421], [139.449521, 38.206621], [139.4497857, 38.2068873], [139.4500598, 38.2071834], [139.4503111, 38.2074893], [139.4505289, 38.2077814], [139.4506947, 38.2080426], [139.4508385, 38.2082903], [139.4510644, 38.2086624], [139.4512367, 38.2089953], [139.4513774, 38.2092642], [139.4514774, 38.2094925], [139.4515572, 38.2097219], [139.4516419, 38.2099813], [139.4517233, 38.2103009], [139.451769, 38.2105053], [139.4518047, 38.2107097], [139.4518181, 38.2108266], [139.4518297, 38.2110477], [139.4518294, 38.211302], [139.4518222, 38.2115437], [139.4518047, 38.2118277], [139.4517939, 38.2119077], [139.4517805, 38.2119794], [139.4517445, 38.212139], [139.451684, 38.2123335], [139.4515659, 38.2126938], [139.4514897, 38.2129455], [139.4514118, 38.213193], [139.451341, 38.2134349], [139.4512898, 38.2136719], [139.4512589, 38.2139231], [139.4512495, 38.2141397], [139.451265, 38.2143491], [139.4512975, 38.2145686], [139.451348, 38.2148109], [139.4514288, 38.2152528], [139.451539, 38.2158554], [139.4517578, 38.2165288], [139.4519227, 38.2170459], [139.4519258, 38.2171472], [139.4518998, 38.2172775], [139.4525073, 38.2175012], [139.4527572, 38.2175779], [139.4533779, 38.2177191], [139.453772, 38.2178171], [139.4546243, 38.2180151], [139.4560776, 38.2183754], [139.45623, 38.2184276], [139.456402, 38.2185045], [139.4566924, 38.2186821], [139.4576568, 38.2193767], [139.4581634, 38.2197414], [139.4584835, 38.2199345], [139.4587033, 38.2200529], [139.4591413, 38.2202517], [139.4596433, 38.2204766], [139.4597886, 38.2205451], [139.4600606, 38.2207457], [139.4601604, 38.2208269], [139.4603581, 38.221026], [139.4606243, 38.2213082], [139.4606967, 38.2213873], [139.4612015, 38.2219339], [139.4613183, 38.222054], [139.4614362, 38.2221656], [139.4618191, 38.2224539], [139.4620195, 38.2225838], [139.4625221, 38.2229088], [139.4630709, 38.2232625], [139.4639393, 38.2238405], [139.4651358, 38.2246159], [139.4652397, 38.2246987], [139.4651905, 38.2247383], [139.4646152, 38.2251529], [139.4643268, 38.2253403], [139.4640435, 38.2255258], [139.463694, 38.2257273], [139.4634672, 38.2258516], [139.4628818, 38.2261386], [139.4626676, 38.2262502], [139.4623132, 38.2264707]], [[139.4568347, 38.2341392], [139.4568353, 38.2341199], [139.4568656, 38.2328109], [139.4568874, 38.2320491], [139.4569056, 38.2315772], [139.4569179, 38.2313023], [139.4569077, 38.2312448], [139.4568245, 38.2310226], [139.4571025, 38.2307288], [139.4574647, 38.230378], [139.4583166, 38.2295602], [139.4587978, 38.2291208], [139.459285, 38.2287152], [139.4599858, 38.2281571], [139.4603367, 38.2279041], [139.4604061, 38.2278562], [139.4610024, 38.2274097], [139.4614294, 38.2271036], [139.4623132, 38.2264707]], [[139.4568347, 38.2341392], [139.456838, 38.2342674], [139.4568386, 38.2342953], [139.4568462, 38.2344083], [139.4568661, 38.2345359], [139.456898, 38.2346851], [139.4569396, 38.2348121], [139.4570421, 38.2350524], [139.4571691, 38.2353019], [139.4574122, 38.2357853], [139.4574197, 38.2358019], [139.4584983, 38.2379404], [139.4586424, 38.2382223], [139.4587301, 38.2383931], [139.4589875, 38.2389045], [139.4590604, 38.2391027], [139.4590855, 38.2392007], [139.4590832, 38.239302], [139.4590661, 38.239392], [139.4590376, 38.2394991], [139.4589841, 38.2396244], [139.4589294, 38.2397075], [139.4588656, 38.2397816], [139.4588053, 38.2398465], [139.458729, 38.2399046], [139.4586337, 38.2399639], [139.4585271, 38.2400153], [139.4584309, 38.2400538], [139.4583309, 38.2400861], [139.4582514, 38.2401084], [139.457459, 38.2402599], [139.4568211, 38.2404023], [139.4562402, 38.2405401], [139.4560523, 38.2406073], [139.4559099, 38.2406734], [139.4558131, 38.2407269], [139.4557254, 38.2407827], [139.4555842, 38.2408955], [139.455428, 38.2410392], [139.4553319, 38.2411419], [139.4550887, 38.2414069], [139.4549885, 38.2415436], [139.4548689, 38.2417144], [139.4547789, 38.2418614], [139.4544737, 38.2424149], [139.4543819, 38.2425257], [139.4542869, 38.2426256], [139.4541923, 38.242702], [139.4540898, 38.2427885], [139.4539634, 38.2428819], [139.4537959, 38.2429673], [139.4534554, 38.2431371], [139.4532518, 38.2432331], [139.4524588, 38.2436587], [139.452018, 38.2438785], [139.4517879, 38.2439742], [139.4514974, 38.2440847], [139.4513129, 38.2441371], [139.4509811, 38.244197], [139.4507355, 38.2442499], [139.4506352, 38.2442806], [139.4504928, 38.2443353], [139.4503379, 38.2444093], [139.4502195, 38.2444583], [139.4501124, 38.2444788], [139.4500122, 38.2444788], [139.449921, 38.244472], [139.449754, 38.244448], [139.4495053, 38.2444059], [139.4494142, 38.2443979], [139.4493201, 38.244393], [139.4491864, 38.2443922], [139.449027, 38.2444036], [139.44856, 38.2444492], [139.4484723, 38.2444572], [139.4483481, 38.2444583], [139.4476442, 38.2444173], [139.4474711, 38.244415], [139.4472866, 38.2444253], [139.4470485, 38.2444469], [139.4460086, 38.244554], [139.4458696, 38.2445745], [139.4457398, 38.2446029], [139.445553, 38.2446519], [139.4454266, 38.244702], [139.4452956, 38.2447567], [139.4451851, 38.2448148], [139.4449254, 38.2449595], [139.444488, 38.2452021], [139.444234, 38.2453649], [139.4441236, 38.2454618], [139.4439436, 38.245611], [139.4437955, 38.2457568], [139.4436771, 38.245857], [139.4435916, 38.2459094], [139.4434869, 38.2459504], [139.4432306, 38.2460324], [139.4431383, 38.2460711], [139.4430671, 38.2461264], [139.4430278, 38.2461759], [139.4429999, 38.2462323], [139.4429811, 38.2462927], [139.4429697, 38.2463599], [139.4429709, 38.2464436], [139.4429908, 38.2465353], [139.4430597, 38.2468194], [139.4433598, 38.2479456], [139.4435643, 38.2486828], [139.4435882, 38.2487512], [139.443611, 38.2488047], [139.4437796, 38.2491578], [139.4438137, 38.2492239], [139.4438411, 38.2493252], [139.4438661, 38.2494221], [139.4438741, 38.2494961], [139.4438707, 38.2495713], [139.4438445, 38.2496897], [139.4437773, 38.2498959], [139.4437317, 38.2500462], [139.4437203, 38.2501374], [139.4437203, 38.2502535], [139.443734, 38.2503891], [139.4437511, 38.2504768], [139.4437978, 38.2506328], [139.4439021, 38.2509219], [139.4441393, 38.2514848], [139.444193, 38.2515998], [139.4442641, 38.2517183], [139.4445154, 38.2520452], [139.4449778, 38.2526101], [139.445061, 38.2527457], [139.4451317, 38.2528853], [139.4451749, 38.2529974], [139.4452147, 38.2531534], [139.4452307, 38.2532195], [139.4453605, 38.253797], [139.4455279, 38.2545362], [139.4455427, 38.2546467], [139.4455496, 38.2547355], [139.445545, 38.2547885], [139.4455291, 38.2548403], [139.4454915, 38.2549155], [139.4454106, 38.2550191], [139.4453326, 38.2551285], [139.4452894, 38.255179], [139.4450672, 38.255437], [139.4449539, 38.2555729], [139.4448537, 38.2557709], [139.4448172, 38.2559417], [139.4448013, 38.2560852], [139.4448195, 38.2563859], [139.4448673, 38.2566593], [139.4448901, 38.2567549], [139.4449448, 38.2568893], [139.4449983, 38.2570169], [139.4450564, 38.2571115], [139.4450901, 38.2571623], [139.445135, 38.2572299], [139.4456248, 38.2579486], [139.4457375, 38.2581445], [139.4457899, 38.2582778], [139.4458184, 38.2583871], [139.4458366, 38.2585181], [139.4458423, 38.2586571], [139.4458195, 38.2591548], [139.4457979, 38.25982], [139.4458047, 38.2599214], [139.4458252, 38.260033], [139.4458708, 38.260123], [139.4459346, 38.2602164], [139.4460132, 38.2603155], [139.4462523, 38.260541], [139.4463549, 38.2606526], [139.4464278, 38.2607528], [139.4464904, 38.2608599], [139.4466722, 38.2612076], [139.4467638, 38.2613827], [139.4468226, 38.261494], [139.4470667, 38.2619556], [139.4471681, 38.2621709], [139.4471977, 38.2622449], [139.4472194, 38.2623155], [139.447233, 38.2623827], [139.4472421, 38.2625023], [139.4472421, 38.2626003], [139.4472296, 38.262737], [139.4472046, 38.2628372], [139.4471066, 38.2631721], [139.4469551, 38.2636789], [139.4468925, 38.2639318], [139.4468594, 38.2641197], [139.4468446, 38.2642564], [139.4468006, 38.265114], [139.4467505, 38.265843], [139.4467284, 38.2661016], [139.4466578, 38.267129], [139.4466533, 38.2673738], [139.4466665, 38.2676789], [139.4466858, 38.2678674], [139.4466931, 38.2679422], [139.4467034, 38.2679992], [139.4467182, 38.2681028], [139.4467629, 38.2683108], [139.446782, 38.268371], [139.4468412, 38.2685835], [139.4469118, 38.2687987], [139.4470314, 38.2691063], [139.4472285, 38.269522], [139.4473393, 38.2697247], [139.4474654, 38.2699554], [139.4477353, 38.2704457], [139.4481271, 38.2711593], [139.4482319, 38.271349], [139.4484791, 38.2718044], [139.4485919, 38.272013], [139.4487661, 38.2723422], [139.4488413, 38.2725176], [139.4489153, 38.2727044], [139.4489686, 38.2729016], [139.4490401, 38.2732169], [139.4492947, 38.2745462], [139.4494267, 38.2751312], [139.4494339, 38.2751597], [139.4495764, 38.2757217], [139.4496105, 38.2759078], [139.4496148, 38.2761907], [139.4496085, 38.2764181], [139.449578, 38.2766235], [139.4495634, 38.2767216], [139.449527, 38.276954], [139.4494939, 38.2772046], [139.44947, 38.2776921], [139.4494702, 38.2780341], [139.4495236, 38.278511], [139.4495965, 38.2788823], [139.4497092, 38.2793595], [139.449806, 38.2797912], [139.4498299, 38.2799336], [139.4498368, 38.2800805], [139.4498288, 38.2802184], [139.4498094, 38.280355], [139.4497627, 38.2805225], [139.44974, 38.2805771], [139.4496101, 38.2809018], [139.4494205, 38.2813605], [139.4491989, 38.2818471], [139.4491352, 38.2819713], [139.4490383, 38.2821114], [139.4489096, 38.2822572], [139.4485668, 38.2826034], [139.4484335, 38.282764], [139.4483379, 38.2829166], [139.448257, 38.2830829], [139.4482069, 38.2832447], [139.4481818, 38.2834019], [139.4481761, 38.2835374], [139.4481841, 38.283698], [139.4482137, 38.2838244], [139.4482604, 38.2839782], [139.4486625, 38.2850295], [139.4488994, 38.2856149], [139.449093, 38.2860614], [139.4493208, 38.2866036], [139.4493975, 38.2868244], [139.4494484, 38.2870387], [139.4494928, 38.2872494], [139.4495156, 38.2873952], [139.4495258, 38.2875171], [139.4495361, 38.2877175], [139.4495327, 38.2879453], [139.4495028, 38.2883172], [139.4494598, 38.2888543], [139.4494518, 38.2890547], [139.4494541, 38.2892484], [139.4494723, 38.2894154], [139.4495099, 38.2896527], [139.4496375, 38.2903338], [139.4497855, 38.2909865], [139.4498903, 38.2914216], [139.450076, 38.2923578], [139.4501059, 38.292508], [139.4501381, 38.2926858], [139.4501546, 38.292777], [139.4501933, 38.2930509], [139.4502195, 38.293277], [139.4502229, 38.2934968], [139.4502092, 38.2937155], [139.4501924, 38.2938275], [139.4501489, 38.2941187], [139.4500919, 38.2944855], [139.4500236, 38.2949434], [139.4499997, 38.2951586], [139.4499575, 38.2955926], [139.4499419, 38.2958446], [139.449937, 38.2960414], [139.4499495, 38.2962145], [139.4499803, 38.296448], [139.4501113, 38.2970721], [139.4502696, 38.2978455], [139.4502901, 38.298005], [139.4503004, 38.2981519], [139.4502935, 38.2982852], [139.450281, 38.2984253], [139.4502594, 38.2985437], [139.4501944, 38.2988239], [139.4501568, 38.2990529], [139.4501489, 38.2992465], [139.4501557, 38.2994424], [139.4501785, 38.2996645], [139.4503266, 38.3004368], [139.4504598, 38.3009379], [139.4505579, 38.301273], [139.4506408, 38.3015898], [139.4506654, 38.301681], [139.4507087, 38.3018448], [139.450827, 38.3023543], [139.450838, 38.3027079], [139.4507639, 38.3047194], [139.4507514, 38.3053208], [139.4507275, 38.3059051], [139.4507024, 38.3066022], [139.450695, 38.3070112], [139.4506723, 38.3074918], [139.4506762, 38.3075874], [139.4506944, 38.3076842], [139.4507184, 38.3077651], [139.4507639, 38.3078551], [139.4511649, 38.3085669], [139.4512355, 38.3087105], [139.451298, 38.3088609], [139.4513406, 38.3090646], [139.4513504, 38.3091373], [139.4513619, 38.3092993], [139.4513505, 38.3094645], [139.4513129, 38.3096752], [139.4512309, 38.3099941], [139.45115, 38.3102504], [139.4510828, 38.310411], [139.4510156, 38.3105351], [139.4508625, 38.3108051], [139.4506288, 38.3112576], [139.4505811, 38.3113468], [139.4505304, 38.3114589], [139.4502901, 38.3120341], [139.4502081, 38.3122254], [139.4501238, 38.3123621], [139.4500452, 38.31246], [139.4499279, 38.3125569], [139.4497462, 38.3126788], [139.4494131, 38.3128667], [139.4492639, 38.3129988], [139.4491819, 38.3131002], [139.449134, 38.3131765], [139.4490839, 38.3132824], [139.449052, 38.313398], [139.4489906, 38.3137297], [139.4489825, 38.3137733], [139.4489085, 38.3142158], [139.4488703, 38.3144408], [139.4488464, 38.3146105], [139.4488453, 38.3147671], [139.4488498, 38.3149385], [139.4488743, 38.315086], [139.4489045, 38.3152233], [139.4489358, 38.3153411], [139.4490378, 38.3156697], [139.4490811, 38.3158315], [139.4491194, 38.3159762], [139.449142, 38.316114], [139.4491549, 38.3162489], [139.4491898, 38.3167461], [139.449232, 38.3175286], [139.4492308, 38.3178247], [139.4491978, 38.3181596], [139.4491511, 38.3185423], [139.449142, 38.318671], [139.4491465, 38.3187861], [139.44915, 38.3188743], [139.4491705, 38.3190002], [139.4491967, 38.3191095], [139.449216, 38.3191705], [139.449265, 38.3193003], [139.4493772, 38.3195788], [139.4494717, 38.3197958], [139.4496432, 38.3202257], [139.4497571, 38.3204906], [139.4498681, 38.3207577], [139.4499228, 38.3209433], [139.4499814, 38.3211409], [139.4501409, 38.3216142], [139.4502787, 38.3220163], [139.4506534, 38.3230004], [139.4507263, 38.3231797], [139.4508209, 38.3234616], [139.4508761, 38.3236803], [139.4509367, 38.3238913], [139.4509901, 38.3240863], [139.4510248, 38.3241912], [139.4510623, 38.3242709], [139.4511358, 38.3243922], [139.451211, 38.3244913], [139.4512526, 38.3245705], [139.4512691, 38.3246046], [139.4512998, 38.3246895], [139.4513209, 38.3247607], [139.4513565, 38.3249184], [139.451428, 38.325235], [139.4515077, 38.325669], [139.4515225, 38.3258205], [139.4515005, 38.3267046], [139.4514914, 38.3270728], [139.4514788, 38.327411], [139.4514516, 38.3282807], [139.4514249, 38.3290971], [139.4514151, 38.3296333], [139.4514268, 38.3300337], [139.4514519, 38.3306556], [139.4514997, 38.331757], [139.4515248, 38.3319483], [139.4515576, 38.3321311], [139.4515988, 38.3323003], [139.4516672, 38.3324996], [139.4517742, 38.3327639], [139.4518488, 38.3329222], [139.4518887, 38.3330099], [139.4521216, 38.3334951], [139.4523338, 38.3339994], [139.4524553, 38.3343368], [139.4525408, 38.3346045], [139.4526854, 38.3351239], [139.4529565, 38.336108], [139.4529753, 38.3362521], [139.4529855, 38.3364052], [139.4529776, 38.3366097], [139.4529588, 38.3367623], [139.4528734, 38.3372299], [139.4528062, 38.3376001], [139.4527526, 38.3377891], [139.4526901, 38.3379482], [139.452575, 38.3381594], [139.4524872, 38.3382926], [139.452182, 38.3386969], [139.4519246, 38.3390603], [139.4518676, 38.3391662], [139.451842, 38.3392425], [139.4518283, 38.3393103], [139.4518209, 38.3393894], [139.4518198, 38.3395005], [139.4518243, 38.3395591], [139.4518448, 38.3396383], [139.4519908, 38.3400278], [139.452039, 38.340193], [139.4520721, 38.3403331], [139.4520949, 38.3404948], [139.4521036, 38.3406457], [139.4521057, 38.3408508], [139.4520652, 38.3419226], [139.4520626, 38.342026], [139.4520595, 38.342131], [139.4520273, 38.3432088], [139.4520328, 38.3433178], [139.4520476, 38.3434147], [139.4520863, 38.343532], [139.4521387, 38.3436607], [139.4524804, 38.3442826], [139.4525294, 38.3444022], [139.4525727, 38.3445423], [139.4526023, 38.3446789], [139.4526171, 38.344819], [139.4526649, 38.3456403], [139.452667, 38.3456775], [139.4527185, 38.346597], [139.4527629, 38.3474108], [139.4527657, 38.3474837], [139.4527686, 38.347539], [139.4527823, 38.3479734], [139.4527754, 38.3480754], [139.4527526, 38.3481893], [139.4527185, 38.3483124], [139.4525225, 38.3489548], [139.452469, 38.3491051], [139.4524531, 38.3491472], [139.4524109, 38.3492236], [139.4518299, 38.3499034], [139.4517099, 38.3500602], [139.4516296, 38.3501923], [139.451576, 38.3503068], [139.4515384, 38.3504571], [139.4515157, 38.3505926], [139.4515043, 38.350735], [139.4515191, 38.3508808], [139.4515573, 38.3510194], [139.4516444, 38.3512817], [139.4517981, 38.3516804], [139.4518255, 38.3517954], [139.4518437, 38.3519435], [139.4518369, 38.3520619], [139.4518186, 38.3521907], [139.4517788, 38.3523159], [139.4517264, 38.3524116], [139.4515521, 38.3527248], [139.4514735, 38.3528182], [139.4513847, 38.3529071], [139.4510931, 38.3531406], [139.4510156, 38.3532306], [139.4509097, 38.3534231], [139.4508619, 38.3535711], [139.4508289, 38.3536919], [139.4508197, 38.353849], [139.450814, 38.3540222], [139.4508368, 38.3545302], [139.4508391, 38.354701], [139.4508345, 38.3547978], [139.450814, 38.3549413], [139.450789, 38.355078], [139.4507514, 38.3552193], [139.4506979, 38.3554083], [139.4505999, 38.3556737], [139.4504723, 38.3560063], [139.4504268, 38.3561441], [139.4504006, 38.3562876], [139.4503983, 38.3564904], [139.4504097, 38.3566373], [139.4504473, 38.3567797], [139.4505487, 38.3570906], [139.4507594, 38.3576932], [139.4508152, 38.357913], [139.4508824, 38.3582069], [139.4511706, 38.359609], [139.4512024, 38.3598846], [139.4512378, 38.3602673], [139.4512491, 38.3603846], [139.4512708, 38.3605076], [139.4513004, 38.3606694], [139.4513368, 38.3607878], [139.4513744, 38.3608778], [139.4514461, 38.3610087], [139.4523979, 38.3625369], [139.4530875, 38.3639167], [139.4531536, 38.3640568], [139.4532151, 38.364239], [139.4532709, 38.3644125], [139.4533312, 38.3646297], [139.4534007, 38.3649509], [139.4534463, 38.3651901], [139.4534934, 38.3653394], [139.4535607, 38.3654901], [139.4536308, 38.3656286], [139.4536855, 38.3657163], [139.4539292, 38.366066], [139.4543187, 38.3666081], [139.4544328, 38.3668098], [139.4544611, 38.3668644], [139.4546354, 38.3672152], [139.4548803, 38.3677676], [139.4550249, 38.3680717], [139.4552482, 38.3685951], [139.4552738, 38.3686697], [139.4552892, 38.3687403], [139.455302, 38.3688204], [139.4553103, 38.3689814], [139.4552937, 38.3690769], [139.4552738, 38.3691572], [139.4552374, 38.3692529], [139.4551474, 38.369463], [139.4550644, 38.3696402], [139.4549925, 38.3698753], [139.4549669, 38.3700476], [139.4550039, 38.3703147], [139.4551049, 38.3705108], [139.4555593, 38.3709589], [139.4558485, 38.371244], [139.4562638, 38.3718069], [139.4568124, 38.3725506], [139.4571586, 38.3731112], [139.4574077, 38.3735913], [139.4576754, 38.3741677], [139.4578052, 38.3744308], [139.4579214, 38.3746301], [139.4581207, 38.374924], [139.4581779, 38.3750206], [139.4583011, 38.3752725], [139.4584494, 38.3755681], [139.4585157, 38.375685], [139.4587423, 38.3760161], [139.4591224, 38.3765649], [139.4591914, 38.3766803], [139.4592609, 38.3768124], [139.459593, 38.3776198], [139.459688, 38.3778637], [139.4600533, 38.3788463], [139.4601151, 38.3790506], [139.4603156, 38.3798791], [139.460488, 38.3805792], [139.4605812, 38.3810085], [139.4606018, 38.3811625], [139.460606, 38.3813058], [139.4606026, 38.3814808], [139.460585, 38.3816954], [139.4605514, 38.3818764], [139.4605104, 38.3820484], [139.4604364, 38.382263], [139.4602601, 38.3827045], [139.4601953, 38.382849], [139.4601314, 38.3829362], [139.4600548, 38.3830234], [139.4599807, 38.3830952], [139.4598532, 38.3831646], [139.4597142, 38.3832239], [139.4589431, 38.3834847], [139.4587001, 38.3835777], [139.4585302, 38.3836602], [139.4583921, 38.3837613], [139.458295, 38.3838628], [139.4580699, 38.3841706], [139.4579897, 38.38429], [139.4579399, 38.3844029], [139.4579072, 38.3845003], [139.4578944, 38.3846282], [139.4579123, 38.3847547], [139.4579601, 38.384905], [139.4580649, 38.3850918], [139.4581067, 38.3852186], [139.4581298, 38.3853048], [139.4581355, 38.3854142], [139.4581333, 38.385921], [139.4581458, 38.3860987], [139.4581549, 38.3862508], [139.4581538, 38.3863527], [139.458131, 38.3864404], [139.4581066, 38.3865296], [139.4580678, 38.3866147], [139.4580262, 38.3866807], [139.457977, 38.386752], [139.4578588, 38.3868778], [139.4577426, 38.3870002], [139.4570547, 38.3877157], [139.4568904, 38.3878748], [139.456567, 38.388193], [139.456342, 38.388554], [139.4562261, 38.3887715], [139.4561992, 38.3888221], [139.4561634, 38.3889166], [139.4561522, 38.3889726], [139.45615, 38.389211], [139.4561745, 38.3897225], [139.4561958, 38.3899807], [139.4562232, 38.3901034], [139.4562562, 38.3901843], [139.4563169, 38.39029], [139.4563473, 38.3903324], [139.456435, 38.3904235], [139.4565034, 38.390493], [139.4565797, 38.3905807], [139.4566286, 38.390649], [139.4566579, 38.3907193], [139.4566708, 38.390772], [139.4568135, 38.391297], [139.4569482, 38.3918103], [139.4571033, 38.392484], [139.4571544, 38.3926927], [139.4572407, 38.3929953], [139.457317, 38.3932209], [139.4576314, 38.3938873], [139.4577374, 38.3940595], [139.457838, 38.3941979], [139.4579234, 38.3942849], [139.4580247, 38.3943744], [139.4581539, 38.3945055], [139.4582627, 38.3946324], [139.4583817, 38.3948068], [139.4587722, 38.3954015], [139.4588098, 38.3954607], [139.4588383, 38.395516], [139.4588696, 38.3955928], [139.4589279, 38.3958355], [139.4592564, 38.3973053], [139.459402, 38.3979725], [139.4594226, 38.3980537], [139.4594454, 38.3981038], [139.4594986, 38.3982143], [139.4595462, 38.3982808], [139.4595969, 38.3983236], [139.4596493, 38.3983578], [139.459726, 38.3983972], [139.4598383, 38.3984318], [139.4599215, 38.3984591], [139.4600659, 38.3984989], [139.4602447, 38.3985532], [139.4609318, 38.3988065], [139.4610516, 38.3988697], [139.4611801, 38.3989637], [139.4612621, 38.3990469], [139.4613509, 38.3991437], [139.4615435, 38.3994212], [139.4616607, 38.3995708], [139.4618863, 38.3998442], [139.4621522, 38.4001217], [139.4622708, 38.4002939], [139.4623668, 38.4004071], [139.4625821, 38.400672], [139.462671, 38.4007907], [139.4627143, 38.4008658], [139.4627462, 38.4009319], [139.46279, 38.4010291], [139.4628316, 38.4011381], [139.4628721, 38.4012788], [139.4630433, 38.4022404], [139.4631485, 38.4028815], [139.4631631, 38.4030047], [139.4632379, 38.4036641], [139.4632725, 38.4038762], [139.4633237, 38.4040892], [139.4635372, 38.404623], [139.4636787, 38.4049546], [139.4638029, 38.4052792], [139.463964, 38.4056321], [139.4642253, 38.4060413], [139.4644232, 38.4062812], [139.4644902, 38.4063514], [139.4647196, 38.4065879], [139.4651652, 38.4069276], [139.4655942, 38.4072865], [139.4657674, 38.4075276], [139.4659045, 38.407832], [139.4660516, 38.4081748], [139.4661016, 38.4082751], [139.4661644, 38.4083855], [139.4662475, 38.4084994], [139.4664841, 38.408785], [139.466907, 38.4093013], [139.466971, 38.4093822], [139.4670551, 38.4095086], [139.4671557, 38.4096675], [139.4673096, 38.4099247], [139.467399, 38.4100906], [139.4674689, 38.4102492], [139.4675255, 38.4104072], [139.4675738, 38.4106256], [139.4675956, 38.4108108], [139.4676006, 38.4109209], [139.4675953, 38.4110445], [139.4675938, 38.4110793], [139.4675786, 38.411244], [139.4675396, 38.411413], [139.4674913, 38.4115759], [139.4674514, 38.4116727], [139.4674107, 38.4117682], [139.4673341, 38.4119073], [139.4670947, 38.412332], [139.4670271, 38.412467], [139.4669804, 38.4125953], [139.4669537, 38.4126995], [139.4669417, 38.4127929], [139.46694, 38.4130167], [139.466957, 38.41313], [139.466997, 38.4132798], [139.4670539, 38.4134153], [139.4671359, 38.4135691], [139.4672045, 38.4136685], [139.467325, 38.4137969], [139.4674605, 38.4139268], [139.4675881, 38.4140179], [139.4679567, 38.4142387], [139.4681471, 38.4143476], [139.468247, 38.4144177], [139.4683649, 38.4144968], [139.4685153, 38.4146506], [139.4685984, 38.4147594], [139.4686622, 38.4148596], [139.4687989, 38.4151227], [139.4689766, 38.4154849], [139.4690369, 38.4156398], [139.4690836, 38.4158129], [139.469103, 38.4159371], [139.4690984, 38.4160362], [139.4690836, 38.416141], [139.4690529, 38.416231], [139.469005, 38.4163107], [139.4689481, 38.4163893], [139.4686838, 38.4167105], [139.4686417, 38.4167885], [139.4686109, 38.4168557], [139.468579, 38.4169519], [139.4684278, 38.4174469], [139.4684014, 38.4175476], [139.4683883, 38.4176211], [139.4683831, 38.4177054], [139.4683877, 38.4177959], [139.4684042, 38.4178865], [139.4684264, 38.4179588], [139.4684572, 38.4180351], [139.468497, 38.4181023], [139.468542, 38.4181718], [139.4686012, 38.4182481], [139.4686668, 38.4183241], [139.4687432, 38.4183998], [139.4688038, 38.4184533], [139.468886, 38.4185255], [139.468976, 38.4185938], [139.4690494, 38.4186411], [139.4691759, 38.4187037], [139.469545, 38.418845], [139.4696707, 38.4189019], [139.469771, 38.4189532], [139.4699208, 38.4190352], [139.4706896, 38.4195181], [139.4708365, 38.4196343], [139.4709971, 38.4197755], [139.4711224, 38.4199099], [139.4712397, 38.4200523], [139.4713411, 38.4201992], [139.471471, 38.420435], [139.4715849, 38.4207528], [139.4717158, 38.4211355], [139.472162, 38.4224842], [139.4722142, 38.4226059], [139.4722791, 38.4227124], [139.4723355, 38.4227979], [139.4724038, 38.4228673], [139.472565, 38.4229864], [139.4735724, 38.4236698], [139.4741704, 38.4240434], [139.4745804, 38.4243122], [139.4748265, 38.4245263], [139.474954, 38.4246641], [139.4750975, 38.4248486], [139.4756238, 38.4256995], [139.475749, 38.4258715], [139.4759037, 38.4260626], [139.4760338, 38.4261927], [139.476519, 38.4266278], [139.4768038, 38.4268443], [139.4771682, 38.4270856], [139.4774979, 38.427326], [139.4791783, 38.4286721], [139.479506, 38.4289359], [139.4798721, 38.4292608], [139.4801297, 38.4294693], [139.4804482, 38.4297542], [139.4807071, 38.4299867], [139.4808605, 38.4301336], [139.4809611, 38.4302441], [139.4810864, 38.4304047], [139.4811821, 38.4305641], [139.4812595, 38.4307179], [139.4813632, 38.4309742], [139.4815317, 38.4314059], [139.4816787, 38.431735], [139.4818256, 38.431989], [139.4820282, 38.4323149], [139.4821787, 38.4325489], [139.4822311, 38.4326303], [139.4824236, 38.4329298], [139.4824931, 38.4330563], [139.4825637, 38.4332351], [139.4826423, 38.4334572], [139.4826878, 38.433685], [139.4827106, 38.4338137], [139.4827197, 38.4339458], [139.4827197, 38.4340859], [139.4827152, 38.434226], [139.4827035, 38.4343681], [139.4826867, 38.4345153], [139.4825971, 38.4354197], [139.4822811, 38.438131], [139.4822342, 38.4384765], [139.4821962, 38.4387846], [139.482168, 38.4392152], [139.4821631, 38.4393701], [139.4821878, 38.4395201], [139.4822244, 38.439651], [139.4822985, 38.4397907], [139.4823689, 38.4399028], [139.4824465, 38.4399985], [139.4825261, 38.4400725], [139.4826115, 38.440129], [139.4829025, 38.440294], [139.4832628, 38.440481], [139.4834122, 38.4405817], [139.4836138, 38.440738], [139.483722, 38.4408425], [139.4838357, 38.4409683], [139.4839476, 38.4411204], [139.4844767, 38.4418607], [139.4846014, 38.4420829], [139.4846993, 38.4423078], [139.4847747, 38.442553], [139.4848186, 38.4427158], [139.4848507, 38.4430064], [139.4848398, 38.4434575], [139.4847996, 38.4438229], [139.4847846, 38.4439969], [139.4847756, 38.4441934], [139.4847779, 38.4442686], [139.484795, 38.4443574], [139.4848383, 38.444472], [139.4849055, 38.4445693], [139.4849741, 38.4446395], [139.4850672, 38.4447196], [139.4851857, 38.4447868], [139.4853024, 38.444844], [139.4854249, 38.4449042], [139.4857654, 38.445086], [139.4860211, 38.4452472], [139.4861925, 38.4453894], [139.4872133, 38.4464206], [139.4875525, 38.4467686], [139.4878213, 38.4470671], [139.4879158, 38.4471935], [139.4882997, 38.4477813], [139.4884238, 38.4479157], [139.4885537, 38.4480353], [139.4889147, 38.4483405], [139.4892609, 38.4486204], [139.4896956, 38.4490123], [139.4908773, 38.4501577], [139.4915919, 38.450853], [139.4916379, 38.4508965], [139.4921137, 38.4513374], [139.4927463, 38.4518612], [139.493794, 38.4526972], [139.4942739, 38.4531135], [139.4947335, 38.4534854], [139.4956057, 38.4542539], [139.4959525, 38.4546195], [139.4963123, 38.4550548], [139.4967133, 38.4556196], [139.4969219, 38.4559912], [139.4971269, 38.4564001], [139.4972408, 38.4566917], [139.4973479, 38.457047], [139.4974436, 38.4574332], [139.4975183, 38.4578], [139.4975917, 38.4581963], [139.4976554, 38.4584298], [139.4977272, 38.4586553], [139.4978616, 38.458972], [139.4980313, 38.4593785], [139.4982272, 38.4598478], [139.4983592, 38.460178], [139.498586, 38.4607454], [139.4986646, 38.46098], [139.4989402, 38.4619766], [139.4990234, 38.462283], [139.4991179, 38.4625541], [139.4992261, 38.4627956], [139.4996749, 38.4637444], [139.4998594, 38.4641578], [139.4999801, 38.4644152], [139.5000849, 38.4646692], [139.5002289, 38.4651212], [139.5002528, 38.4652218], [139.5003116, 38.4654438], [139.5003708, 38.4656385], [139.5005736, 38.4662342], [139.5006134, 38.46638], [139.500643, 38.4665998], [139.5006932, 38.4668709], [139.5007444, 38.4670406], [139.5008125, 38.4672395], [139.5009152, 38.4675004], [139.5010451, 38.4677673], [139.5011784, 38.4680065], [139.5014284, 38.4683875], [139.5016328, 38.4686637], [139.5017558, 38.4688243], [139.5019532, 38.4690165], [139.5023322, 38.4693779], [139.502478, 38.4695043], [139.503314, 38.4701524], [139.5035304, 38.4703084], [139.5037001, 38.4704189], [139.5033687, 38.4701273]], [[139.5009893, 38.4674803], [139.501118, 38.4677457], [139.5012467, 38.4679826], [139.5014973, 38.4683744], [139.5016886, 38.4686318], [139.5018025, 38.4687856], [139.5019859, 38.4689735], [139.5023675, 38.469346], [139.5025121, 38.4694621], [139.5033687, 38.4701273]], [[139.5006134, 38.46638], [139.5006971, 38.466589], [139.5007604, 38.4668584], [139.5008127, 38.467027], [139.5008868, 38.4672274], [139.5009893, 38.4674803]], [[139.5037001, 38.4704189], [139.503867, 38.4705654], [139.5041675, 38.4708812], [139.5043482, 38.4711319], [139.504486, 38.4713312], [139.504589, 38.4715308], [139.5046903, 38.4717451], [139.5047765, 38.4720118], [139.5048237, 38.4722077], [139.5048602, 38.4724389], [139.5048773, 38.4726935], [139.5048693, 38.4729811], [139.5048454, 38.4731912], [139.5048061, 38.4733963], [139.5047617, 38.4735756], [139.504707, 38.4737676], [139.5044727, 38.4745804], [139.5044505, 38.4747276], [139.5044462, 38.4748303], [139.504459, 38.474946], [139.5044963, 38.475066], [139.5045347, 38.475157], [139.5046022, 38.475271], [139.5046922, 38.4753827], [139.5048118, 38.4754932], [139.5049496, 38.4755809], [139.5054747, 38.4759396], [139.507192, 38.4770643], [139.5073236, 38.4771509], [139.5074434, 38.4772373], [139.5075409, 38.4773159], [139.5076406, 38.4774075], [139.5077252, 38.4774966], [139.5077903, 38.4775795], [139.5078607, 38.4776803], [139.5079951, 38.4779077], [139.5080916, 38.4780867], [139.5081725, 38.478245], [139.50824, 38.4783928], [139.5083287, 38.478608], [139.5083832, 38.4787794], [139.5084273, 38.4790233], [139.5084462, 38.4791944], [139.508443, 38.4793945], [139.5084284, 38.4795634], [139.5083963, 38.479755], [139.5083355, 38.4800057], [139.5082083, 38.4803673], [139.5081417, 38.4805976], [139.508091, 38.4807633], [139.5080625, 38.4808761], [139.508042, 38.4810424], [139.5080369, 38.4811392], [139.5080397, 38.4812337], [139.5080551, 38.4814511], [139.508091, 38.4816483], [139.5081741, 38.4819012], [139.5082573, 38.4820686], [139.5083461, 38.4822007], [139.5084355, 38.4823192], [139.5085363, 38.4824365], [139.5087818, 38.4827378], [139.5091952, 38.483238], [139.5092877, 38.4833217], [139.5093848, 38.4833724], [139.509499, 38.4834241], [139.50961, 38.4834558], [139.5097246, 38.4834712], [139.5102491, 38.4834926], [139.5103712, 38.4835072], [139.5104658, 38.4835334], [139.5105831, 38.4835675], [139.5106845, 38.4836211], [139.5108758, 38.4837555], [139.511107, 38.4839058], [139.5113007, 38.484047], [139.5114415, 38.4841655], [139.5115292, 38.4842444], [139.5118098, 38.4844856], [139.5120843, 38.4847156], [139.5121969, 38.4848196], [139.5122586, 38.4849104], [139.5123064, 38.4850061], [139.512377, 38.485194], [139.5123998, 38.4853125], [139.512418, 38.4854127], [139.5124522, 38.4856234], [139.512459, 38.4857373], [139.5124647, 38.4859628], [139.5124602, 38.4860528], [139.5124465, 38.4861713], [139.5123895, 38.4864036], [139.5123451, 38.4865301], [139.5122438, 38.4867841], [139.5122096, 38.4868558], [139.5121674, 38.4869185], [139.5121196, 38.4869731], [139.5120399, 38.4870415], [139.5116868, 38.4872499], [139.5116105, 38.4873091], [139.5115779, 38.487336], [139.5115478, 38.4873752], [139.511492, 38.487447], [139.5114627, 38.4875097], [139.5114443, 38.4875725], [139.5114339, 38.487636], [139.5114539, 38.48771], [139.5114835, 38.487809], [139.5115429, 38.4879022], [139.5116439, 38.4880353], [139.5117802, 38.4881444], [139.5129831, 38.4888429], [139.513209, 38.4890043], [139.5139521, 38.4896421], [139.5141394, 38.4897775], [139.5141989, 38.4898205], [139.5149089, 38.4902474], [139.5153715, 38.490512], [139.5163088, 38.4910747], [139.5167776, 38.4913555], [139.5171232, 38.4915394], [139.5175105, 38.4917638], [139.5176392, 38.491815], [139.5177537, 38.4918476], [139.5178579, 38.4918606], [139.5179467, 38.4918663], [139.5180652, 38.4918549], [139.5181548, 38.4918374], [139.5183685, 38.491784], [139.518947, 38.4916288], [139.519416, 38.4914836], [139.5219194, 38.4907885], [139.5220574, 38.4912888], [139.5220972, 38.4914517], [139.5221314, 38.4916772], [139.5221542, 38.4918866], [139.5221688, 38.4920641], [139.5221655, 38.4923312], [139.5221571, 38.4925336], [139.5220983, 38.4928697], [139.522035, 38.493094], [139.5219805, 38.4932972], [139.5219134, 38.4935052], [139.5217824, 38.4939811], [139.5217574, 38.4940896], [139.5216664, 38.4944252], [139.5216022, 38.4947298], [139.5215887, 38.4949214], [139.5215864, 38.4951074], [139.5216006, 38.495256], [139.5216314, 38.4954496], [139.5218523, 38.4961763], [139.521982, 38.496604], [139.5220164, 38.4968528], [139.5220278, 38.4971], [139.5220107, 38.4973756], [139.521964, 38.497649], [139.5219048, 38.4979702], [139.5217111, 38.4987903], [139.5216562, 38.4990912], [139.5216155, 38.4993939], [139.5215946, 38.4996286], [139.5215955, 38.4998934], [139.5216097, 38.5000746], [139.5216342, 38.5002809], [139.521661, 38.5004559], [139.5217049, 38.5006274], [139.522085, 38.5024458], [139.5222079, 38.5028862], [139.5223374, 38.5032861], [139.5225428, 38.5038021], [139.522781, 38.5042267], [139.5230625, 38.5046599], [139.5234038, 38.5051559], [139.523852, 38.5057287], [139.5246135, 38.506694], [139.5248978, 38.5070342], [139.5249691, 38.5071217], [139.5253995, 38.5076506], [139.5256396, 38.5080117], [139.5262921, 38.5091795], [139.5265314, 38.5095971], [139.5266248, 38.5097475], [139.5267122, 38.5098606], [139.5268241, 38.5100128], [139.5269391, 38.5101518], [139.5270895, 38.5103021], [139.5273879, 38.5105835], [139.5280554, 38.5111894], [139.5284176, 38.5115881], [139.5298709, 38.5132829], [139.5315475, 38.5152488], [139.5316979, 38.5154311], [139.5318163, 38.5155928], [139.5319519, 38.5158001], [139.5320612, 38.5159971], [139.5322378, 38.5163491], [139.5324578, 38.5167661]], [[139.5346939, 38.5192404], [139.5346622, 38.5192239], [139.5343848, 38.5190804], [139.5341456, 38.518946], [139.5338734, 38.5187638], [139.533587, 38.5185293], [139.533286, 38.518251], [139.5330958, 38.5179747], [139.5328314, 38.5174745], [139.5325586, 38.5169572], [139.5324578, 38.5167661]], [[139.5346939, 38.5192404], [139.5351194, 38.519467], [139.5354634, 38.5196761], [139.5356468, 38.5198095], [139.5357981, 38.5199475], [139.5359594, 38.5201034], [139.5360809, 38.5202376], [139.5366464, 38.521001], [139.5372236, 38.5217865], [139.5376529, 38.5223589], [139.5378875, 38.5226906], [139.538075, 38.522945], [139.5382885, 38.5232314], [139.5385066, 38.5235424], [139.5386276, 38.5237151], [139.5389323, 38.5241419], [139.5393146, 38.5246546], [139.5398756, 38.5253667], [139.5402358, 38.5258894], [139.5405636, 38.5264381], [139.5410853, 38.5273994], [139.5417013, 38.5285277], [139.5418353, 38.5288517], [139.5419465, 38.5291702], [139.542011, 38.5294935], [139.5420326, 38.5297343], [139.5420695, 38.5304302], [139.5421011, 38.5305887], [139.5421451, 38.5307266], [139.5422233, 38.5308751], [139.5423293, 38.5309903], [139.5424273, 38.5310746], [139.5439431, 38.5322039], [139.5441171, 38.5323459], [139.5443249, 38.5325391], [139.5450884, 38.5332888], [139.5453374, 38.5335752], [139.5455506, 38.533851], [139.5457964, 38.5342224], [139.5463933, 38.5351403], [139.5465628, 38.5353889], [139.5467874, 38.5356506], [139.5476189, 38.5365932], [139.5477099, 38.5367049], [139.5482047, 38.537298], [139.5485699, 38.5377612], [139.5488657, 38.5381769], [139.5489106, 38.538236], [139.5491242, 38.5385321], [139.5493018, 38.5387819], [139.5494173, 38.5389594], [139.5496206, 38.5393585], [139.5500653, 38.5403267], [139.5505155, 38.5413213], [139.5506696, 38.5417169], [139.5507317, 38.5418851], [139.5508167, 38.5421611], [139.5508477, 38.5422634], [139.5509013, 38.5424464], [139.5509242, 38.5425769], [139.5509323, 38.542685], [139.5509335, 38.5429021], [139.5509148, 38.5431181], [139.5508745, 38.5432965], [139.5508, 38.5435044], [139.5506439, 38.5438146], [139.5503123, 38.544531], [139.550204, 38.5448111], [139.5501208, 38.5450922], [139.5500779, 38.5453586], [139.5500476, 38.5455957], [139.5500457, 38.5459292], [139.5500322, 38.547412], [139.5500477, 38.5476944], [139.5500645, 38.5478487], [139.5500914, 38.5479631], [139.5501121, 38.5480634], [139.5501901, 38.548345], [139.5503582, 38.5488706], [139.550433, 38.549172], [139.5504808, 38.5495366], [139.550476, 38.5497817], [139.5503529, 38.5505747], [139.5503479, 38.5507674], [139.5503523, 38.5509008], [139.5503684, 38.5510531], [139.5504081, 38.551221], [139.5504588, 38.551373], [139.5508571, 38.55241], [139.5512516, 38.5534237], [139.5515273, 38.5541435], [139.5515671, 38.5542472], [139.5516646, 38.5542311], [139.551765, 38.5542268], [139.5519092, 38.5542426], [139.5520149, 38.5542458], [139.5521148, 38.554235], [139.5533572, 38.5538333], [139.5536086, 38.5537817], [139.5541043, 38.5537367], [139.5543432, 38.5537081], [139.5544768, 38.5536654], [139.5545874, 38.5536103], [139.5549971, 38.5533055], [139.5557004, 38.5530316], [139.5561921, 38.5527534], [139.5575173, 38.5523583], [139.5577104, 38.5522686], [139.5578607, 38.552157], [139.5579564, 38.5520682], [139.5582001, 38.5517994], [139.5583847, 38.5516148], [139.5586011, 38.5514303], [139.5590749, 38.5510886], [139.5593323, 38.550879], [139.5596011, 38.550567], [139.5596603, 38.5504872], [139.5597025, 38.5504086], [139.5597412, 38.5503152], [139.5597936, 38.550141], [139.5598323, 38.5500555], [139.5599348, 38.5498801], [139.5600203, 38.549781], [139.5601797, 38.5496375], [139.560297, 38.5495532], [139.5606843, 38.5493209], [139.5609611, 38.5491785], [139.5612003, 38.5490771], [139.5614201, 38.548994], [139.5616582, 38.5489234], [139.5619042, 38.5488812], [139.5622311, 38.548863], [139.5626172, 38.5488664], [139.564189, 38.5489473], [139.5644852, 38.5489655], [139.5647391, 38.5489712], [139.5650478, 38.548937], [139.565402, 38.5488755], [139.5656082, 38.5488243], [139.5658611, 38.5487275], [139.5660387, 38.5486409], [139.5662392, 38.5485327], [139.5662967, 38.5485054], [139.5663497, 38.5484911], [139.5664226, 38.5484849], [139.5668956, 38.5484887], [139.5669671, 38.5484803], [139.5670957, 38.5484325], [139.5673064, 38.5483503], [139.5674106, 38.5483309], [139.5680227, 38.5482367], [139.568688, 38.5481421], [139.569396, 38.5480411], [139.57019, 38.547898], [139.5712281, 38.5477854], [139.571441, 38.5477668], [139.5715635, 38.5477663], [139.5716845, 38.5477744], [139.5717843, 38.5477936], [139.5719912, 38.5478607], [139.5726189, 38.5480843], [139.5727631, 38.5481257], [139.5728705, 38.5481477], [139.5730054, 38.548163], [139.5731065, 38.5481641], [139.5732053, 38.548158], [139.5732781, 38.5481498], [139.5743768, 38.5480002], [139.5758717, 38.5477923], [139.57689, 38.5476511], [139.5774572, 38.5475759], [139.578078, 38.5474985], [139.5782693, 38.5474814], [139.5784368, 38.5474791], [139.5786532, 38.5474917], [139.5788434, 38.5475156], [139.5797535, 38.5476625], [139.5799141, 38.5476898], [139.58002, 38.5476933], [139.5807956, 38.5476067], [139.5810257, 38.547593], [139.5813481, 38.5475873], [139.5818709, 38.5476021], [139.5820371, 38.547609], [139.5822, 38.5476272], [139.5823663, 38.5476716], [139.5825007, 38.5477308], [139.5829529, 38.5479655], [139.5833413, 38.5481705], [139.5834973, 38.5482343], [139.583642, 38.5482707], [139.5837684, 38.5482855], [139.583904, 38.5482855], [139.5840475, 38.5482662], [139.5841739, 38.5482366], [139.5844644, 38.5481363], [139.5849427, 38.5479507], [139.5851728, 38.5478652], [139.5853642, 38.5478083], [139.5859134, 38.5476512], [139.5863889, 38.5475549], [139.5867886, 38.5474938], [139.5882415, 38.5474553], [139.5884805, 38.5474552], [139.588657, 38.5474358], [139.5887823, 38.5474108], [139.5888698, 38.5473884], [139.5889349, 38.5473648], [139.5889879, 38.5473413], [139.5890404, 38.5473139], [139.58916, 38.5472345], [139.5892427, 38.547167], [139.5893313, 38.5470714], [139.5895705, 38.5467456], [139.5898655, 38.5463219], [139.5899737, 38.5461841], [139.5900762, 38.5460565], [139.5901867, 38.5459517], [139.5903667, 38.5458128], [139.5906161, 38.5456487], [139.5908131, 38.5455303], [139.5921925, 38.5447182], [139.592754, 38.5443902], [139.5929533, 38.5442671], [139.5930558, 38.5442159], [139.5931823, 38.5441703], [139.5932941, 38.5441427], [139.5934363, 38.5441248], [139.5935262, 38.544127], [139.5936094, 38.5441362], [139.593713, 38.5441612], [139.5938463, 38.5442079], [139.5940023, 38.5442797], [139.5942677, 38.5444232], [139.5944568, 38.5445097], [139.5946413, 38.5445792], [139.5948327, 38.5446305], [139.5950696, 38.5446669], [139.5952974, 38.5446817], [139.595466, 38.544684], [139.5956949, 38.5446874], [139.5958601, 38.5446863], [139.5962747, 38.5446852], [139.5965047, 38.5446726], [139.5966801, 38.5446453], [139.5968123, 38.544618], [139.5969499, 38.5445822], [139.5972565, 38.544487], [139.5974501, 38.5443913], [139.5977075, 38.544184], [139.5979342, 38.5438298], [139.5980982, 38.5435234], [139.5983659, 38.5430063], [139.5984798, 38.5428218], [139.5985891, 38.5427056], [139.5986984, 38.5426167], [139.5988397, 38.5425529], [139.5989673, 38.5425188], [139.5991017, 38.5425119], [139.5992611, 38.5425188], [139.5997623, 38.542619], [139.5999035, 38.5426372], [139.6000299, 38.5426486], [139.600178, 38.5426429], [139.6002965, 38.5426281], [139.6003862, 38.5426117], [139.6004844, 38.5425894], [139.6005801, 38.5425552], [139.6006849, 38.5425074], [139.6007475, 38.5424732], [139.6008284, 38.5424231], [139.6008979, 38.5423662], [139.6010414, 38.5422169], [139.6011257, 38.5420894], [139.6011724, 38.5419652], [139.6011997, 38.541824], [139.601202, 38.5416873], [139.6011803, 38.541513], [139.6011507, 38.541349], [139.6010778, 38.5409572], [139.6009787, 38.5404617], [139.6009662, 38.5403444], [139.6009656, 38.5402624], [139.600977, 38.5401542], [139.6009981, 38.5400705], [139.6010385, 38.5399657], [139.6010852, 38.539886], [139.6011837, 38.5397658], [139.6013045, 38.5396439], [139.6014548, 38.539546], [139.6016621, 38.5394218], [139.6018193, 38.539341], [139.601899, 38.5393057], [139.6020915, 38.5392419], [139.6024174, 38.5391465], [139.6027147, 38.5390509], [139.6032982, 38.5388319], [139.6035096, 38.5387715], [139.6041497, 38.5386154], [139.6043285, 38.5385448], [139.6044743, 38.538473], [139.6046258, 38.5383603], [139.6050791, 38.5379389], [139.6052659, 38.5377953], [139.605463, 38.5376735], [139.6057682, 38.5375345], [139.6061418, 38.5373807], [139.6067409, 38.5371142], [139.6070302, 38.5369867], [139.6071658, 38.5369468], [139.607307, 38.5369274], [139.6074334, 38.5369274], [139.6075986, 38.5369297], [139.6078025, 38.5369673], [139.6080576, 38.5370322], [139.6086522, 38.5372224], [139.6089973, 38.5373534], [139.609421, 38.5375641], [139.6098766, 38.5378101], [139.6099837, 38.5378694], [139.610175, 38.5379423], [139.6104005, 38.5380038], [139.6106513, 38.53803], [139.6108698, 38.5380266], [139.6110612, 38.5379992], [139.6113641, 38.5379172], [139.6127423, 38.5375641], [139.6131934, 38.5374297], [139.6134758, 38.5373135], [139.6137241, 38.5371586], [139.614182, 38.5368534], [139.614444, 38.5366894], [139.6147082, 38.5366051], [139.6149702, 38.5365481], [139.6153074, 38.5365026], [139.6156058, 38.5365322], [139.6167516, 38.5367657], [139.6167863, 38.5367748], [139.6171406, 38.5368477], [139.6171667, 38.5368514], [139.6174162, 38.5369001], [139.6176338, 38.536916], [139.6179197, 38.536912], [139.6187642, 38.5368158], [139.620385, 38.5366279], [139.6222256, 38.5364206], [139.6249622, 38.536068], [139.6258592, 38.5359886], [139.6261834, 38.5360065], [139.6271214, 38.5361879], [139.6285773, 38.5364854], [139.6291925, 38.53656], [139.6307244, 38.536409], [139.6318957, 38.5362538], [139.6322413, 38.5360934], [139.6326316, 38.5358123], [139.6328406, 38.5355473], [139.6330104, 38.5351901], [139.6334413, 38.5345672], [139.6336341, 38.534338], [139.6338709, 38.5341157], [139.6340488, 38.5338493], [139.6341456, 38.5336539], [139.6342378, 38.5333802], [139.634283, 38.53327], [139.6344825, 38.5328831], [139.634528, 38.532676], [139.634571, 38.532558], [139.634666, 38.532474], [139.634825, 38.532387], [139.635009, 38.53236], [139.635486, 38.53235], [139.635904, 38.53238], [139.636094, 38.532374], [139.636232, 38.532319], [139.636348, 38.53221], [139.636534, 38.531932], [139.636736, 38.531652], [139.636833, 38.53145], [139.636897, 38.531117], [139.636888, 38.530977], [139.636816, 38.53088], [139.636473, 38.53069], [139.636204, 38.53058], [139.6359153, 38.5305575], [139.6356519, 38.5305544], [139.6355767, 38.530495], [139.6355908, 38.5303918], [139.6358406, 38.5301179], [139.636156, 38.529745], [139.636476, 38.529495], [139.636689, 38.529266], [139.63674, 38.529211], [139.636945, 38.528993], [139.637112, 38.528777], [139.637336, 38.528535], [139.637492, 38.528441], [139.637685, 38.528405], [139.637857, 38.528424], [139.637946, 38.528521], [139.638078, 38.52878], [139.638333, 38.529089], [139.638493, 38.529363], [139.638647, 38.529502], [139.638739, 38.529569], [139.638945, 38.529617], [139.639109, 38.52962], [139.6393748, 38.5295859], [139.6396411, 38.5294709], [139.639699, 38.52937], [139.6397506, 38.5292327], [139.639774, 38.529137], [139.63978, 38.52903], [139.639935, 38.528793], [139.640105, 38.528614], [139.6406322, 38.5282597], [139.6410201, 38.5281847], [139.6414818, 38.5281462], [139.6419434, 38.5280303], [139.6421933, 38.5279144], [139.642356, 38.527763], [139.642441, 38.527653], [139.642484, 38.527499], [139.642456, 38.527338], [139.642335, 38.527142], [139.642159, 38.526945], [139.642114, 38.526894], [139.641989, 38.526829], [139.641452, 38.526582], [139.641371, 38.526538], [139.6412833, 38.5264625], [139.6412661, 38.5263371], [139.6412789, 38.5262116], [139.6414702, 38.5255288], [139.6414767, 38.525276], [139.6414472, 38.525083], [139.6412699, 38.5245386], [139.6412386, 38.5243306], [139.6412924, 38.5240348], [139.6413872, 38.5238789], [139.641958, 38.5232357], [139.6422296, 38.523066], [139.6433671, 38.5225234], [139.6440771, 38.5223073], [139.6444408, 38.5221601], [139.6448862, 38.5218798], [139.6452301, 38.5216161], [139.6453142, 38.5214275], [139.6453738, 38.5211631], [139.645438, 38.5208184], [139.6455284, 38.5204361], [139.6456316, 38.5201837], [139.6457977, 38.5200438], [139.6467597, 38.5197417], [139.647816, 38.519301], [139.648086, 38.519258], [139.6488736, 38.5192675], [139.6490542, 38.5193958], [139.649187, 38.5195502], [139.6493717, 38.5196822], [139.6495785, 38.5197082], [139.6500771, 38.5196294], [139.6502749, 38.5195248], [139.6504498, 38.5194233], [139.6506724, 38.5193508], [139.65132, 38.519231], [139.651397, 38.519219], [139.651758, 38.519055], [139.651897, 38.519058], [139.652414, 38.519124], [139.653051, 38.519133], [139.653159, 38.519169], [139.653219, 38.519255], [139.653283, 38.5195], [139.653369, 38.519589], [139.653473, 38.519666], [139.65377, 38.519729], [139.653926, 38.519712], [139.654159, 38.519589], [139.654679, 38.519172], [139.655041, 38.518938], [139.655078, 38.518835], [139.655082, 38.518364], [139.655203, 38.518094], [139.655188, 38.517887], [139.655209, 38.517819], [139.655349, 38.517739], [139.65562, 38.517567], [139.655706, 38.517555], [139.655771, 38.517576], [139.655815, 38.517618], [139.655877, 38.517726], [139.65602, 38.518061], [139.656169, 38.518313], [139.656189, 38.518337], [139.65638, 38.51857], [139.656534, 38.518708], [139.656613, 38.518732], [139.657115, 38.518663], [139.657458, 38.518608], [139.657574, 38.51854], [139.657959, 38.51819], [139.658241, 38.51799], [139.658403, 38.517925], [139.658609, 38.517894], [139.658834, 38.517886], [139.659324, 38.517878], [139.659754, 38.517847], [139.660436, 38.517726], [139.660509, 38.517726], [139.660827, 38.517841], [139.661038, 38.517896], [139.661253, 38.517896], [139.661469, 38.517826], [139.66169, 38.517682], [139.662686, 38.516899], [139.662889, 38.516786], [139.663017, 38.516767], [139.663342, 38.516807], [139.663664, 38.516882], [139.664182, 38.517114], [139.664329, 38.517167], [139.6646048, 38.5171935], [139.6649882, 38.5171788], [139.665326, 38.517127], [139.6654708, 38.5170427], [139.6655801, 38.5168989], [139.6658051, 38.5167719], [139.666171, 38.516582], [139.6665484, 38.5163979], [139.6667799, 38.5163245], [139.6671119, 38.5162955], [139.667348, 38.516358], [139.66757, 38.516552], [139.667718, 38.516643], [139.6679746, 38.516723], [139.6682586, 38.5167174], [139.6685298, 38.5166696], [139.6688094, 38.5165069], [139.66921, 38.51622], [139.669727, 38.515801], [139.669987, 38.515642], [139.670139, 38.515556], [139.670439, 38.515477], [139.670942, 38.515373], [139.671074, 38.515325], [139.67135, 38.515166], [139.671799, 38.51505], [139.672124, 38.514978], [139.672571, 38.514913], [139.672947, 38.514899], [139.6732, 38.514944], [139.673394, 38.515029], [139.67407, 38.515514], [139.674351, 38.515654], [139.674678, 38.515819], [139.67507, 38.515939], [139.675295, 38.516033], [139.675414, 38.516174], [139.67562, 38.516417], [139.675853, 38.516612], [139.6761239, 38.5168356], [139.6762082, 38.5169051], [139.6765247, 38.5171321], [139.6767691, 38.5172442], [139.6770004, 38.5173082], [139.677194, 38.5173458], [139.6775157, 38.5173681], [139.6778008, 38.5174135], [139.678014, 38.5174474], [139.6783916, 38.517528], [139.6790114, 38.5178217], [139.6792141, 38.5179324], [139.6794971, 38.5181915], [139.6798242, 38.5183728], [139.6800614, 38.5184483], [139.680251, 38.5185809], [139.6803456, 38.5187268], [139.6804118, 38.5188364], [139.6805937, 38.5189227], [139.6812892, 38.5190527], [139.6816681, 38.5191363], [139.6818829, 38.5192247], [139.6823649, 38.519547], [139.6825932, 38.5197336], [139.6828265, 38.5200419], [139.6829541, 38.520461], [139.6832924, 38.5211632], [139.683338, 38.5212411], [139.6834324, 38.5213655], [139.6835021, 38.521424], [139.6841877, 38.5218514], [139.6843475, 38.5219849], [139.6846948, 38.5223485], [139.6847787, 38.5224703], [139.6848521, 38.5226278], [139.6848838, 38.5228225], [139.6849076, 38.523161], [139.6849304, 38.5232362], [139.6849699, 38.523316], [139.6850508, 38.5234237], [139.6857215, 38.5240587], [139.6857924, 38.5241389], [139.6858389, 38.5242219], [139.6858865, 38.5243276], [139.6860178, 38.5249895], [139.6860413, 38.525069], [139.6860743, 38.5251473], [139.6864982, 38.5259768], [139.6865379, 38.526129], [139.6865502, 38.526274], [139.6865429, 38.526368], [139.6865224, 38.5264614], [139.6864712, 38.5265578], [139.6863604, 38.5266639], [139.6862204, 38.526749], [139.6860267, 38.5268412], [139.6854648, 38.5271417], [139.6854006, 38.5271961], [139.6853284, 38.5272726], [139.6852706, 38.527364], [139.6852307, 38.5274631], [139.6851946, 38.5275815], [139.685175, 38.5276957], [139.6851698, 38.5278075], [139.6851759, 38.5279083], [139.6852006, 38.5280242], [139.6854922, 38.5294363], [139.6862287, 38.5321657], [139.6865778, 38.5328313], [139.6868896, 38.5331926], [139.687157, 38.5335646], [139.6871843, 38.5339247], [139.6871151, 38.5343007], [139.6870994, 38.534558], [139.6872222, 38.5350135], [139.687579, 38.535439], [139.6880695, 38.5360078], [139.688214, 38.5363862], [139.6881606, 38.5367311], [139.6878256, 38.537403], [139.6877614, 38.5377157], [139.6877279, 38.5382532], [139.6878252, 38.5385961], [139.687971, 38.5387965], [139.6880758, 38.5389104], [139.6883659, 38.5391209], [139.6886316, 38.5393159], [139.68883, 38.539598], [139.688989, 38.539983], [139.6890501, 38.540125], [139.689111, 38.540705], [139.6891246, 38.5408076], [139.6891751, 38.5411871], [139.6890571, 38.5415649], [139.688974, 38.5418063], [139.6889257, 38.5421895], [139.688971, 38.542509], [139.689069, 38.543665], [139.689057, 38.544339], [139.68904, 38.544472], [139.689008, 38.544704], [139.688926, 38.5450242], [139.6887602, 38.5455225], [139.6886422, 38.5459869], [139.6885516, 38.5463335], [139.6884641, 38.5466627], [139.688394, 38.5469267], [139.6883556, 38.5472851], [139.6884331, 38.5477172], [139.688446, 38.5477889], [139.6885081, 38.5481911], [139.688626, 38.54888], [139.688737, 38.54952], [139.688812, 38.550028], [139.688873, 38.550365], [139.6891003, 38.551452], [139.6891897, 38.5520484], [139.689051, 38.552679], [139.68883, 38.553142], [139.688499, 38.553681], [139.688297, 38.554254], [139.688223, 38.554668], [139.688272, 38.554918], [139.688884, 38.5559875], [139.688988, 38.5564822], [139.689003, 38.55796], [139.6889154, 38.558417], [139.688744, 38.558926], [139.688331, 38.560115], [139.688136, 38.560672], [139.68807, 38.56079], [139.6875967, 38.5613209], [139.6874807, 38.5614431], [139.6871765, 38.5618144], [139.6870252, 38.5623107], [139.6869448, 38.5626201], [139.6869158, 38.5629114], [139.6869253, 38.5631375], [139.6870562, 38.5634933], [139.6872921, 38.5639466], [139.6874155, 38.5642799], [139.6874729, 38.5647623], [139.6873863, 38.5653043], [139.6872709, 38.5658609], [139.6880235, 38.5659641], [139.6888835, 38.5660873], [139.6889327, 38.5660943], [139.6892603, 38.5661501], [139.69036, 38.5664058], [139.6906075, 38.5664633], [139.6909091, 38.5665029], [139.6913456, 38.5665222], [139.692115, 38.5664803], [139.6929004, 38.5664458], [139.6931582, 38.5664702], [139.6934174, 38.5665328], [139.6937465, 38.5667028], [139.6945626, 38.5672723], [139.6948352, 38.5673149], [139.6951309, 38.5673023], [139.6953297, 38.5673483], [139.695456, 38.5674311], [139.6955487, 38.5675472], [139.6956724, 38.5677498], [139.6957351, 38.5678752], [139.6960463, 38.5682713], [139.6964261, 38.5686659], [139.6967701, 38.5688923], [139.6972199, 38.5691783], [139.6973143, 38.5693425], [139.6975319, 38.5698273], [139.6975959, 38.5703465], [139.697723, 38.570765], [139.6978311, 38.571398], [139.6978835, 38.5718555], [139.697971, 38.572483], [139.698059, 38.57269], [139.698167, 38.572854], [139.698288, 38.572963], [139.698436, 38.573046], [139.699034, 38.573179], [139.699291, 38.5732765], [139.6995011, 38.573441], [139.6996416, 38.5736789], [139.6998233, 38.574122], [139.699876, 38.574322], [139.699863, 38.574664], [139.6998605, 38.5748418], [139.6997704, 38.5750181], [139.6992566, 38.5757332], [139.6990523, 38.5761468], [139.698505, 38.5770999], [139.6984821, 38.5772665], [139.6985545, 38.5774024], [139.698631, 38.577488], [139.6991612, 38.5778457], [139.6995745, 38.5780936], [139.699765, 38.578128], [139.699935, 38.57816], [139.700073, 38.578134], [139.700243, 38.578065], [139.700609, 38.577833], [139.700758, 38.577771], [139.700914, 38.577752], [139.701086, 38.577767], [139.701221, 38.577808], [139.701332, 38.577868], [139.701403, 38.577925], [139.701426, 38.57805], [139.701349, 38.578783], [139.701326, 38.579457], [139.701303, 38.579589], [139.701264, 38.579661], [139.7011402, 38.5797546], [139.701092, 38.579791], [139.7006679, 38.580106], [139.7005963, 38.5802318], [139.7005857, 38.5803882], [139.700668, 38.580564], [139.7009119, 38.5809102], [139.7011478, 38.5810244], [139.7013525, 38.5810372], [139.7019989, 38.5809921], [139.7022989, 38.5810189], [139.7025645, 38.5811117], [139.702862, 38.581284], [139.7031224, 38.5815099], [139.7033318, 38.5817688], [139.703423, 38.581983], [139.7034998, 38.5823187], [139.7035491, 38.58241], [139.7042597, 38.5828163], [139.704582, 38.583196], [139.7047778, 38.5836086], [139.7047654, 38.5838253], [139.704325, 38.5851891], [139.704276, 38.5853326], [139.704227, 38.585476], [139.7041289, 38.5857884], [139.7039707, 38.5862577], [139.7038511, 38.5865113], [139.703585, 38.586775], [139.703493, 38.586847], [139.703205, 38.587075], [139.702978, 38.587268], [139.702798, 38.587508], [139.702533, 38.588058], [139.702109, 38.588995], [139.702075, 38.58926], [139.702215, 38.589464], [139.703047, 38.589872], [139.703434, 38.5901], [139.70358, 38.590328], [139.7041573, 38.5917709], [139.704375, 38.592141], [139.704744, 38.592557], [139.705048, 38.592829], [139.705526, 38.593122], [139.706578, 38.593656], [139.7068728, 38.5938027], [139.707537, 38.594133], [139.707973, 38.594337], [139.7081051, 38.5943923], [139.708176, 38.594422], [139.708673, 38.594638], [139.708935, 38.594727], [139.709392, 38.594883], [139.709844, 38.595001], [139.710405, 38.595119], [139.711483, 38.595384], [139.711922, 38.595572], [139.712444, 38.595942], [139.713024, 38.59644], [139.713526, 38.596754], [139.713792, 38.596841], [139.713864, 38.596864], [139.714149, 38.596946], [139.714774, 38.59706], [139.715527, 38.597146], [139.716087, 38.597235], [139.7168914, 38.5974521], [139.7172979, 38.5976141], [139.7176469, 38.5978072], [139.7181883, 38.5982588], [139.718723, 38.5986497], [139.7193881, 38.5991229], [139.7196064, 38.5994186], [139.7197401, 38.5997116], [139.7199227, 38.6001597], [139.7198986, 38.6005999], [139.7198224, 38.6008236], [139.7193883, 38.6015839], [139.7188168, 38.6024596], [139.7177919, 38.604042], [139.7176246, 38.6044311], [139.7175918, 38.6047886], [139.7176003, 38.6050801], [139.717626, 38.6051949], [139.7176569, 38.6053256], [139.7179296, 38.6078882], [139.7179463, 38.6085355], [139.7181212, 38.6104566], [139.7182717, 38.6118679], [139.7182897, 38.6122507], [139.7182297, 38.6126871], [139.7180327, 38.6134037], [139.7173794, 38.6147303], [139.7173039, 38.6148905], [139.7170859, 38.6153788], [139.716743, 38.616076], [139.7164446, 38.6167092], [139.7162132, 38.6172001], [139.7159291, 38.6178593], [139.7158067, 38.618117], [139.715611, 38.618731], [139.715595, 38.619057], [139.715668, 38.619704], [139.715905, 38.620283], [139.716214, 38.620845], [139.71645, 38.62133], [139.716584, 38.621734], [139.716633, 38.622382], [139.71663, 38.622919], [139.716701, 38.623368], [139.716937, 38.623946], [139.717345, 38.624483], [139.717914, 38.625066], [139.718205, 38.625343], [139.718847, 38.625987], [139.7189926, 38.6261334], [139.7191382, 38.6262797], [139.719558, 38.626733], [139.720151, 38.627345], [139.720374, 38.627523], [139.720736, 38.627768], [139.722228, 38.628526], [139.722605, 38.628758], [139.723086, 38.62915], [139.723692, 38.62979], [139.723947, 38.630035], [139.724552, 38.630618], [139.725319, 38.631224], [139.7262035, 38.6317514], [139.7272299, 38.632339], [139.728543, 38.6330207], [139.7297655, 38.6336838], [139.7300728, 38.6338504], [139.730585, 38.63422], [139.732006, 38.635309], [139.732556, 38.63587], [139.732663, 38.635987], [139.732853, 38.636222], [139.733474, 38.636992], [139.7351425, 38.6389631], [139.7354491, 38.6393993], [139.7356986, 38.6397541], [139.7358258, 38.6399351], [139.7362239, 38.6407268], [139.7366567, 38.6417019], [139.7367854, 38.6422484], [139.7369264, 38.6428682], [139.7371323, 38.6432485], [139.7374465, 38.6436182], [139.7376276, 38.6439113], [139.737943, 38.6444418], [139.7382812, 38.6451732], [139.7384915, 38.6457132], [139.7386629, 38.646219], [139.7388088, 38.6465988], [139.7389993, 38.6470482], [139.7392335, 38.6475203], [139.7397636, 38.6484448], [139.7399735, 38.648809], [139.7401207, 38.6491012], [139.7402344, 38.6493628], [139.7402988, 38.6495907], [139.7403648, 38.6498799], [139.7403882, 38.6501226], [139.7403993, 38.6505095], [139.7402367, 38.6520583], [139.7401516, 38.6538342], [139.7400211, 38.6551139], [139.7400261, 38.6556816], [139.7400832, 38.6563691], [139.7401494, 38.656646], [139.7403495, 38.6571528], [139.7405015, 38.6574885], [139.7407173, 38.6580514], [139.7408298, 38.658357], [139.7408984, 38.6585222], [139.7409848, 38.6587277], [139.7414347, 38.6598731], [139.7422034, 38.6618512], [139.7428328, 38.6632678], [139.7429907, 38.6638579], [139.7430831, 38.664357], [139.743063, 38.6647663], [139.7428076, 38.6660722], [139.7428852, 38.6665085], [139.7430002, 38.6669673], [139.7430872, 38.6672337], [139.7432136, 38.6675754], [139.7434692, 38.6682237], [139.7436432, 38.6685673], [139.744177, 38.6693549], [139.7445435, 38.6698032], [139.7451545, 38.6706462], [139.7454155, 38.6710678], [139.7454783, 38.6713978], [139.7454763, 38.6720211], [139.7454949, 38.6726095], [139.7454547, 38.6728671], [139.7453574, 38.6730518], [139.7451555, 38.6732763], [139.7446468, 38.673774], [139.7445458, 38.6739632], [139.7444975, 38.6742549], [139.7445612, 38.6751215], [139.7445788, 38.6754844], [139.7446075, 38.675724], [139.7446963, 38.6760003], [139.7448241, 38.6762126], [139.7453735, 38.6767095], [139.7455515, 38.6769141], [139.7460071, 38.677545], [139.746728, 38.6781903], [139.7469767, 38.6785527], [139.7473529, 38.6795052], [139.7483602, 38.6821623], [139.7484581, 38.6824311], [139.7485903, 38.6827748], [139.7487538, 38.683464], [139.7491323, 38.685554], [139.7492332, 38.686218], [139.7493517, 38.6869773], [139.7494784, 38.6879902], [139.7494926, 38.6894052], [139.7494731, 38.6910437], [139.749503, 38.6920901], [139.7496058, 38.692683], [139.7497547, 38.6929778], [139.7499196, 38.6931905], [139.750149, 38.6934658], [139.7505174, 38.6937795], [139.7508826, 38.6939876], [139.7512195, 38.694104], [139.7522262, 38.6943485], [139.7532633, 38.6946413], [139.7542439, 38.6949065], [139.7551514, 38.6951233], [139.756943, 38.695813], [139.7603021, 38.6968056], [139.7616847, 38.6972167], [139.762333, 38.697401], [139.7626564, 38.6974873], [139.7629736, 38.697557], [139.7632937, 38.6976192], [139.7637013, 38.6976841], [139.7640377, 38.6977166], [139.764387, 38.6977363], [139.764721, 38.6977427], [139.7650726, 38.6977322], [139.7654164, 38.6977082], [139.7657569, 38.6976726], [139.7660943, 38.697615], [139.7664336, 38.697547], [139.7667635, 38.6974697], [139.7670867, 38.6973811], [139.7674068, 38.6972903], [139.7690866, 38.6967702], [139.7707658, 38.696253], [139.7711594, 38.6961249], [139.7712838, 38.6960848], [139.7714239, 38.6960412], [139.7721007, 38.6958303], [139.7727744, 38.6956316], [139.7728837, 38.6956075], [139.7730465, 38.6955715], [139.7732572, 38.6955405], [139.7734711, 38.6955199], [139.7737292, 38.6955149], [139.7739879, 38.6955222], [139.7742355, 38.6955499], [139.7743682, 38.6955736], [139.7744911, 38.6955955], [139.774553, 38.6956098], [139.7748175, 38.6956857], [139.7749905, 38.6957493], [139.7751689, 38.6958247], [139.775337, 38.6959113], [139.7754204, 38.6959556], [139.7755732, 38.6960508], [139.7757246, 38.696156], [139.7759437, 38.6963415], [139.7760668, 38.6964773], [139.7761803, 38.6966158], [139.7762733, 38.6967364], [139.7763538, 38.6968672], [139.7765066, 38.6971226], [139.7765354, 38.6971712], [139.7768096, 38.6976345], [139.7769197, 38.6977919], [139.7770235, 38.6979276], [139.7771852, 38.6981023], [139.7772691, 38.698185], [139.7773661, 38.6982665], [139.7775152, 38.6983854], [139.7776889, 38.698493], [139.7778739, 38.6985932], [139.7780756, 38.6986865], [139.7783098, 38.6987763], [139.7784539, 38.6988177], [139.7785969, 38.6988522], [139.7787937, 38.6988889], [139.7791842, 38.698948], [139.7812338, 38.6991856], [139.7823241, 38.6993107], [139.7825825, 38.6993562], [139.7828341, 38.6994166], [139.7829875, 38.6994566], [139.7831351, 38.6995048], [139.783397, 38.6996063], [139.7844674, 38.700036], [139.7850166, 38.7002615], [139.785573, 38.7004914], [139.7865951, 38.7009074], [139.7868244, 38.7010287], [139.7870531, 38.7011742], [139.7875102, 38.7014631], [139.7877211, 38.701565], [139.7878964, 38.7016338], [139.7880435, 38.701676], [139.7881924, 38.701709], [139.7885558, 38.7017964], [139.7892508, 38.7019556], [139.7893564, 38.7019874], [139.7894597, 38.7020261], [139.789561, 38.7020643], [139.7896549, 38.7021061], [139.7897487, 38.7021575], [139.7898439, 38.7022161], [139.7899398, 38.7022773], [139.79018, 38.7024581], [139.7906848, 38.7028838], [139.7909049, 38.7030987], [139.7912856, 38.7035227], [139.7913889, 38.7036478], [139.7914901, 38.7037792], [139.7915612, 38.7038922], [139.7916187, 38.7040046], [139.7916524, 38.7040785], [139.7916779, 38.7041528], [139.7917153, 38.704296], [139.7917219, 38.7049302], [139.7917273, 38.7052464], [139.7917476, 38.7054751], [139.791761, 38.7055913], [139.7917822, 38.7057067], [139.7918583, 38.7059571], [139.7919505, 38.7062025], [139.7921044, 38.7065212], [139.792158, 38.7066174], [139.7922214, 38.706726], [139.7922606, 38.7067938], [139.7926259, 38.7074107], [139.7927195, 38.7075757], [139.7929405, 38.707956], [139.7930431, 38.7081276], [139.7930995, 38.7082129], [139.7931559, 38.708301], [139.7932591, 38.7084285], [139.7933768, 38.7085524], [139.7936085, 38.7087511], [139.7937754, 38.7088711], [139.7938652, 38.7089308], [139.793957, 38.7089846], [139.7941623, 38.7090967], [139.7942776, 38.7091485], [139.7943933, 38.7091966], [139.7948239, 38.7093216], [139.7958225, 38.7095944], [139.7989184, 38.7104466], [139.7990251, 38.710476], [139.7990885, 38.7104934], [139.7996801, 38.7107078], [139.7999529, 38.7108092], [139.8006925, 38.7111043], [139.8013061, 38.711345], [139.8016408, 38.7114954], [139.8019263, 38.7116353], [139.8022846, 38.7118183], [139.8023953, 38.7118651], [139.8025345, 38.7119054], [139.8027884, 38.711957], [139.8029608, 38.7120098], [139.8034776, 38.7121922], [139.8036532, 38.7122466], [139.8037361, 38.7121509], [139.8039207, 38.7119057], [139.8040344, 38.711748], [139.8042278, 38.7114481], [139.8043313, 38.7112788], [139.804435, 38.7110988], [139.8045534, 38.7108733], [139.8046696, 38.7105874], [139.8048222, 38.7101261], [139.805058, 38.7090953], [139.80514, 38.7087035], [139.8051901, 38.7084894], [139.8052288, 38.7082912], [139.8052926, 38.7079905], [139.8053541, 38.7077285], [139.8054179, 38.7075076], [139.805468, 38.707323], [139.8055364, 38.7071317], [139.805656, 38.7068492], [139.8057517, 38.7066613], [139.805816, 38.70656], [139.806061, 38.706215], [139.806273, 38.705966], [139.806525, 38.705704], [139.80677, 38.705511], [139.807014, 38.705339], [139.807414, 38.70509], [139.807748, 38.70493], [139.808211, 38.704745], [139.8086601, 38.7046193], [139.8089336, 38.7045476], [139.809164, 38.704505], [139.8097095, 38.704392], [139.8102169, 38.7043122], [139.8108414, 38.7042394], [139.8114328, 38.7041702], [139.8125, 38.704089], [139.8129274, 38.7040616], [139.8147404, 38.7040108], [139.8149517, 38.7040142], [139.8160107, 38.7040357], [139.8165796, 38.7040642], [139.8172035, 38.7040995], [139.8178054, 38.7041499], [139.8185768, 38.7042297], [139.8190473, 38.7042888], [139.8195178, 38.7043623], [139.820472, 38.704513], [139.8225908, 38.7049573], [139.823376, 38.7051172], [139.82376, 38.705207], [139.825104, 38.705494], [139.8258723, 38.7056418], [139.826511, 38.705753], [139.8268283, 38.7057978], [139.827084, 38.7058281], [139.8275743, 38.7058634], [139.8280223, 38.7058696], [139.828655, 38.705862], [139.828952, 38.705837], [139.82927, 38.705807], [139.829588, 38.705769], [139.829889, 38.705724], [139.830517, 38.705605], [139.830684, 38.705568], [139.83091, 38.705514], [139.831131, 38.705448], [139.831338, 38.705385], [139.8316018, 38.7052964], [139.831667, 38.70527], [139.83191, 38.705178], [139.832159, 38.705069], [139.832384, 38.70497], [139.8327039, 38.7048111], [139.832896, 38.704715], [139.8335724, 38.7043641], [139.8338718, 38.704195], [139.8344933, 38.7037955], [139.8349885, 38.7034443], [139.8354823, 38.7030274], [139.8361852, 38.7035314], [139.837687, 38.7045926], [139.8382267, 38.7049756], [139.8388174, 38.7054054], [139.8405455, 38.7066541], [139.8418099, 38.7075481], [139.8429466, 38.7083634], [139.8438727, 38.709105], [139.8440024, 38.709217], [139.8441222, 38.7093331], [139.844312, 38.7095172], [139.844797, 38.7100432], [139.8452979, 38.7106781], [139.8453763, 38.710792], [139.8457589, 38.711401], [139.845921, 38.7117204], [139.8460899, 38.7120609], [139.8462145, 38.7123448], [139.8462485, 38.7124339], [139.8463627, 38.7127378], [139.8464584, 38.7130363], [139.8465433, 38.7133317], [139.8465785, 38.7134956], [139.8466049, 38.713637], [139.846644, 38.7138199], [139.8466717, 38.7139948], [139.8466949, 38.714173], [139.8466993, 38.7142041], [139.8467247, 38.714405], [139.8467568, 38.7146563], [139.8467729, 38.714776], [139.8468001, 38.7149848], [139.8468753, 38.7157664], [139.8469663, 38.7165291], [139.8470867, 38.7175679], [139.8471159, 38.7177232], [139.8471389, 38.7178796], [139.8471868, 38.7182071], [139.8472277, 38.7186334], [139.8473881, 38.7206567], [139.8474089, 38.7208025], [139.8474275, 38.7209483], [139.847501, 38.7215899], [139.8475782, 38.7222383], [139.8477147, 38.7234343], [139.8477444, 38.7237357], [139.8477713, 38.7241543], [139.8477648, 38.724408], [139.847757, 38.7246112], [139.8477257, 38.724953], [139.8476566, 38.7253614], [139.8475837, 38.7256507], [139.8474937, 38.7259673], [139.8473775, 38.7262838], [139.8462716, 38.728992], [139.8462394, 38.7290708], [139.8462242, 38.7291067], [139.8461559, 38.7292681], [139.8460214, 38.7295861], [139.8458593, 38.7299983], [139.8457089, 38.7304037], [139.8455096, 38.7310131], [139.8453843, 38.7314641], [139.8453065, 38.7318051], [139.8451725, 38.732364], [139.8451269, 38.7326134], [139.8450768, 38.7329847], [139.8450267, 38.7334984], [139.8450107, 38.7337877], [139.8449914, 38.7342809], [139.8449925, 38.734716], [139.8450082, 38.7351364], [139.8450096, 38.7351968], [139.8450404, 38.735743], [139.8450415, 38.7357914], [139.845094, 38.7362537], [139.8451108, 38.7363697], [139.8452606, 38.736367]], [[139.8453065, 38.7318051], [139.845259, 38.7323799], [139.8452317, 38.732618], [139.8452148, 38.7328487], [139.8451745, 38.7331758], [139.8451263, 38.7337073], [139.8451048, 38.7342973], [139.8450973, 38.7347069], [139.8451199, 38.7351926], [139.8451209, 38.7352514], [139.8451826, 38.7358707], [139.8452362, 38.7362452], [139.8452606, 38.736367], [139.8454198, 38.7363652], [139.8455667, 38.7363683], [139.8462776, 38.7364014], [139.8463288, 38.7364049], [139.8473713, 38.7364968], [139.8474882, 38.7365009], [139.8526483, 38.7367511], [139.8527751, 38.7367578], [139.8538666, 38.7368202], [139.8541018, 38.7368336], [139.8543462, 38.7368422], [139.8549847, 38.7368645], [139.8563654, 38.7369375], [139.8567666, 38.7369555], [139.8573527, 38.7369767], [139.8579392, 38.7369806], [139.8585216, 38.7369641], [139.8589517, 38.7369403], [139.8592602, 38.7369178], [139.8595733, 38.736889], [139.8607667, 38.7367795], [139.8627718, 38.7365949], [139.8628765, 38.7365853], [139.8629808, 38.7365758], [139.8650935, 38.7363823], [139.8672463, 38.7361766], [139.8677685, 38.7361322], [139.8687362, 38.736054], [139.8692011, 38.7360459], [139.8696627, 38.7360629], [139.8700274, 38.7361006], [139.8703323, 38.7361489], [139.8706396, 38.7362058], [139.8709412, 38.7362766], [139.8712336, 38.7363642], [139.8716746, 38.7365145], [139.8720265, 38.7366653], [139.8733358, 38.7372714], [139.8748211, 38.7379599], [139.8750704, 38.7380716], [139.8752516, 38.7381634], [139.87543, 38.7382749], [139.8755314, 38.7383513], [139.8755745, 38.7383883], [139.8757057, 38.7385336], [139.8757955, 38.738664], [139.8762283, 38.7394625], [139.8763129, 38.7396185], [139.876654, 38.7402835], [139.8771681, 38.7412707], [139.8773597, 38.7416387], [139.8780168, 38.7428921], [139.8780601, 38.7429746], [139.8781137, 38.7430779], [139.8786779, 38.7441648], [139.8796745, 38.746069], [139.8797581, 38.7462399], [139.8801443, 38.7470297], [139.8801882, 38.747112], [139.8802293, 38.7472007], [139.8804514, 38.7476689], [139.8813047, 38.7495967], [139.8821566, 38.7515313], [139.8829822, 38.7534005], [139.883005, 38.7534522], [139.8835419, 38.7546649], [139.8838588, 38.7553808], [139.8842798, 38.7563485], [139.8847188, 38.7573194], [139.8848395, 38.7575322], [139.8849377, 38.7576786], [139.8850657, 38.7578315], [139.8852085, 38.7579812], [139.8854742, 38.7582086], [139.8856772, 38.7583397], [139.885869, 38.7584447], [139.8860796, 38.7585416], [139.8862562, 38.7586102], [139.8864658, 38.7586744], [139.8866847, 38.7587269], [139.887216, 38.7588322], [139.8880201, 38.7589639], [139.8882004, 38.7589934], [139.8884832, 38.7590398], [139.8899452, 38.7592756], [139.8911107, 38.7594619], [139.8925234, 38.759696], [139.8928934, 38.7597559], [139.8934407, 38.759844], [139.893564, 38.7598654], [139.8940418, 38.7599438], [139.89422, 38.7599731], [139.8943691, 38.7599977], [139.8962516, 38.7603129], [139.8964224, 38.7603409], [139.8986925, 38.7607072], [139.8988773, 38.7607362], [139.8990839, 38.7607712], [139.9014895, 38.7611643], [139.9035471, 38.7615048], [139.903877, 38.7615625], [139.9041127, 38.7616177], [139.9043005, 38.761671], [139.9044776, 38.7617206], [139.904733, 38.7618049], [139.9049825, 38.7618973], [139.9052547, 38.7620119], [139.9054619, 38.7621155], [139.9056516, 38.762219], [139.9056663, 38.762227], [139.9061494, 38.7625134], [139.9063437, 38.7626509], [139.9065446, 38.7628148], [139.9067102, 38.7629557], [139.9068868, 38.7631098], [139.907062, 38.7632904], [139.9071986, 38.7634453], [139.9073691, 38.7636644], [139.9076618, 38.7641422], [139.9078097, 38.7644412], [139.9079275, 38.7647386], [139.9079865, 38.7649185], [139.9080345, 38.7650993], [139.9081675, 38.7658205], [139.9082919, 38.7664257], [139.9084633, 38.7673658], [139.9084909, 38.7675087], [139.9085165, 38.7676535], [139.9085892, 38.7680514], [139.9087045, 38.7686823], [139.9088414, 38.7694307], [139.9089268, 38.7698975], [139.9089619, 38.7700895], [139.909111, 38.7709048], [139.9091873, 38.7713217], [139.9092207, 38.7715043], [139.9092711, 38.7717798], [139.9095343, 38.7732192], [139.9098122, 38.7747387], [139.9099277, 38.7753716], [139.9099419, 38.7754478], [139.9100593, 38.7754549], [139.9108108, 38.7754931], [139.9111487, 38.7755072], [139.9121123, 38.7755519], [139.9126914, 38.7755835], [139.9130056, 38.7756124], [139.9133201, 38.7756475], [139.9136057, 38.7756903], [139.9143539, 38.7758171], [139.9146491, 38.7758702], [139.9148919, 38.7759057], [139.9151382, 38.7759333], [139.9154216, 38.7759559], [139.915826, 38.775959], [139.9161617, 38.7759475], [139.9165133, 38.7759308], [139.9174581, 38.7758775], [139.918448, 38.7758346], [139.918869, 38.7758409], [139.9193421, 38.7758881], [139.9198559, 38.7759639], [139.9204738, 38.7761065], [139.9214465, 38.776411], [139.9215242, 38.7764353], [139.9216108, 38.7764626], [139.9225685, 38.7767647], [139.923336, 38.7769905], [139.9241475, 38.7771862], [139.9252452, 38.7773903], [139.9254373, 38.7774339], [139.9255057, 38.7774517], [139.9257776, 38.7775448], [139.9260029, 38.7776381], [139.9262564, 38.777774], [139.9265131, 38.7779397], [139.9267352, 38.7781128], [139.927112, 38.778439], [139.9272921, 38.7785835], [139.9274721, 38.7787224], [139.927706, 38.7788642], [139.9278885, 38.7789555], [139.9281294, 38.7790546], [139.9284115, 38.7791478], [139.9288219, 38.7792425], [139.9288507, 38.779249], [139.9295653, 38.7794111], [139.9304016, 38.7795994], [139.9328308, 38.7801388], [139.9334972, 38.7802894], [139.9341625, 38.7804356], [139.9354166, 38.7807157], [139.9359702, 38.7808284], [139.9363084, 38.7808877], [139.9369605, 38.780965], [139.9381131, 38.7810464], [139.9409027, 38.7812255], [139.9461804, 38.7815578], [139.949297, 38.7817605], [139.9505277, 38.7819298], [139.9509824, 38.7820192], [139.9514695, 38.7821311], [139.952009, 38.782274], [139.953578, 38.7826609], [139.9554311, 38.7831076], [139.9559619, 38.7832249], [139.9563258, 38.7832904], [139.9566197, 38.7833325], [139.9570308, 38.7833906], [139.9601122, 38.783609], [139.9618846, 38.7837306], [139.9620274, 38.783743], [139.9619186, 38.7845833], [139.9617116, 38.7865261], [139.961536, 38.7883683], [139.9615358, 38.7884223], [139.9615294, 38.7884694], [139.9613263, 38.7901698], [139.9611305, 38.7920999], [139.9609186, 38.7940783], [139.9607271, 38.7959015], [139.9607261, 38.7960794], [139.9607357, 38.7962802], [139.9607657, 38.7964873], [139.9608042, 38.7966633], [139.9608727, 38.7968589], [139.960951, 38.79706], [139.9610756, 38.7972818], [139.9612395, 38.7975042], [139.9614081, 38.7976985], [139.961558, 38.7978565], [139.9622977, 38.7984528], [139.9629428, 38.7989643], [139.9633465, 38.7992915], [139.9634783, 38.7993895], [139.9636028, 38.7994938], [139.9637883, 38.7994015], [139.9640501, 38.799272], [139.9645059, 38.7991044], [139.9647237, 38.7990184], [139.9650884, 38.7988979], [139.9653769, 38.7988246], [139.9657596, 38.7987438], [139.9660332, 38.798697], [139.9663798, 38.7986625], [139.9667141, 38.7986321], [139.9670948, 38.7986202], [139.9675309, 38.7986376], [139.9680137, 38.7986857], [139.9688246, 38.7987984], [139.969254, 38.7988531], [139.9696208, 38.7988873], [139.9699112, 38.7989066], [139.9701971, 38.7989135], [139.9705047, 38.7989055], [139.9708669, 38.7988725], [139.9712582, 38.7988173], [139.9716992, 38.7987124], [139.9718981, 38.7986396], [139.9718885, 38.799124], [139.9718887, 38.7993057], [139.9719199, 38.7994694], [139.9719665, 38.7995931], [139.9720291, 38.7997134], [139.9720834, 38.7998114], [139.9721578, 38.7999174], [139.9726611, 38.8005719], [139.9731336, 38.8011644], [139.9738107, 38.8020389], [139.9740234, 38.8023276], [139.9741246, 38.8024921], [139.9742332, 38.8026961], [139.9743103, 38.8028854], [139.9743563, 38.8030025], [139.9746801, 38.8038345], [139.9750411, 38.8047153], [139.9754324, 38.805758], [139.9757758, 38.806602], [139.9760241, 38.8072226], [139.9762732, 38.8079096], [139.9764137, 38.8082611], [139.9765642, 38.8086606], [139.9767663, 38.8091623], [139.9768654, 38.8094329], [139.9770074, 38.8097686], [139.9771389, 38.8100796], [139.9773235, 38.81053], [139.9775168, 38.8111005], [139.9776483, 38.8114328], [139.9777966, 38.811839], [139.9779876, 38.8123815], [139.9781167, 38.8128198], [139.9781903, 38.8130176], [139.9782455, 38.8131807], [139.9783432, 38.8133376], [139.9785085, 38.8136128], [139.9786523, 38.8138183], [139.9787533, 38.8139655], [139.9790086, 38.8143192], [139.9791677, 38.8145581], [139.9792019, 38.8145954], [139.9812143, 38.817412], [139.9812649, 38.8174719], [139.9813354, 38.8175601], [139.9809727, 38.817793], [139.9804373, 38.8181068], [139.9800922, 38.8183085], [139.9793484, 38.8187964], [139.9788837, 38.8190558], [139.9784196, 38.8193439], [139.9781103, 38.8195308], [139.9778017, 38.8197481], [139.9774923, 38.8200081], [139.9772542, 38.820274], [139.9770498, 38.8205793], [139.9769146, 38.8208517], [139.976778, 38.8212164], [139.9767201, 38.8213514], [139.9766439, 38.8215671], [139.9765924, 38.8217656], [139.9765703, 38.8218134], [139.9765573, 38.8218441], [139.9764951, 38.8220317], [139.976489, 38.8220662], [139.9763311, 38.8226314], [139.9761309, 38.8233102], [139.9759492, 38.8238338], [139.9757986, 38.8243483], [139.9757257, 38.8245767], [139.9755236, 38.8251157], [139.9753977, 38.8254151], [139.9752907, 38.8256125], [139.9751682, 38.8258224], [139.9749068, 38.8262527], [139.9746523, 38.8266568], [139.9743783, 38.8270779], [139.9740576, 38.8275684], [139.9738197, 38.8279355], [139.9735584, 38.8283369], [139.9733401, 38.8287015], [139.9732415, 38.8288708], [139.9731028, 38.829125], [139.9730295, 38.8292985], [139.9729644, 38.8294864], [139.9728946, 38.8298322], [139.9728349, 38.830146], [139.9728087, 38.8302878], [139.9727425, 38.8304634], [139.9726772, 38.8306492], [139.9725578, 38.8308846], [139.9724687, 38.8310558], [139.9722478, 38.8313609], [139.9720708, 38.8316045], [139.9717981, 38.8320193], [139.97163, 38.8322849], [139.9713519, 38.83268], [139.9710796, 38.8330676], [139.9709817, 38.8331859], [139.970874, 38.8332925], [139.970764, 38.8333981], [139.9705943, 38.8335588], [139.9704477, 38.833662], [139.9703165, 38.8337446], [139.9701749, 38.8338324], [139.9699588, 38.833954], [139.9693491, 38.8342532], [139.9691426, 38.8343728], [139.968988, 38.8344714], [139.9688646, 38.83457], [139.9686454, 38.8347441], [139.9684281, 38.8349397], [139.9677936, 38.8355859], [139.9674263, 38.8359626], [139.9671035, 38.8363013], [139.9667639, 38.8366391], [139.9665902, 38.8368029], [139.9662782, 38.8370697], [139.9659822, 38.8373182], [139.9657585, 38.8375077], [139.9655284, 38.837708], [139.9653601, 38.8378542], [139.9651934, 38.8379806], [139.9649978, 38.8381029], [139.9647707, 38.8382545], [139.9646101, 38.8383229], [139.964375, 38.8384318], [139.9641382, 38.8385344], [139.9639587, 38.8386038], [139.9637166, 38.8387027], [139.9634246, 38.8387933], [139.9622401, 38.8391099], [139.9600782, 38.8396977], [139.9576166, 38.8403578], [139.9564164, 38.8406909], [139.955971, 38.8408412], [139.9557056, 38.8409597], [139.9554334, 38.8410895], [139.955258, 38.8411966], [139.9550427, 38.8413492], [139.9548593, 38.8415064], [139.9546874, 38.8416636], [139.9543155, 38.8420874], [139.9539705, 38.8425984], [139.9534381, 38.8433465], [139.9530369, 38.8439291], [139.9525608, 38.844625], [139.9520836, 38.8453221], [139.9517408, 38.8458221], [139.9512578, 38.8465248], [139.9510232, 38.8468802], [139.9508353, 38.8472003], [139.9507681, 38.847354], [139.9506906, 38.8475351], [139.9506234, 38.8477219], [139.9505516, 38.8479577], [139.9503523, 38.8486559], [139.9502613, 38.8489632], [139.9501758, 38.8492117], [139.950071, 38.8494384], [139.9499206, 38.8497038], [139.9497862, 38.8498997], [139.9495858, 38.8501651], [139.9493443, 38.8504168], [139.948883, 38.850853], [139.9484092, 38.8513212], [139.9481324, 38.8516492], [139.9479467, 38.8518918], [139.947621, 38.852385], [139.9473305, 38.8529477], [139.9471027, 38.8534648], [139.9468396, 38.8541448], [139.9465424, 38.8549307], [139.9463578, 38.855384], [139.9462052, 38.8557211], [139.9460819, 38.856077], [139.9459955, 38.8563702], [139.9459522, 38.8566304], [139.9459458, 38.85684], [139.9459324, 38.8570497], [139.9459414, 38.8573172], [139.9459919, 38.8580611], [139.9460106, 38.8583044], [139.9460217, 38.8584689], [139.946061, 38.8596903], [139.9460731, 38.8601145], [139.9461927, 38.8615221], [139.9462132, 38.8616758], [139.9462269, 38.8618592], [139.9462714, 38.8629628], [139.9462747, 38.8630438], [139.9462698, 38.8633378], [139.9462531, 38.8637124], [139.9462155, 38.8642101], [139.9461628, 38.8646585], [139.9461175, 38.8649755], [139.9460503, 38.8653332], [139.9459694, 38.8657124], [139.9458865, 38.8660365], [139.9458009, 38.8663457], [139.9455924, 38.8669619], [139.945417, 38.8674039], [139.9452485, 38.867782], [139.9451311, 38.8680314], [139.9449569, 38.8683697], [139.9446083, 38.8689939], [139.9444329, 38.8692923], [139.9441448, 38.8697422], [139.9439432, 38.8700224], [139.9436892, 38.8703436], [139.9434819, 38.8705896], [139.9432768, 38.8708129], [139.943032, 38.8710726], [139.9426527, 38.8714302], [139.941975, 38.8719826], [139.9418439, 38.8720796], [139.9414781, 38.8723642], [139.9409453, 38.8727834], [139.9404214, 38.8732139], [139.9399065, 38.8736661], [139.9394988, 38.8740385], [139.9391913, 38.8743415], [139.9386924, 38.8748666], [139.9381855, 38.8754372], [139.9377789, 38.8759293], [139.9374406, 38.8763701], [139.9371775, 38.8767437], [139.9367196, 38.8774282], [139.9364383, 38.8778838], [139.9363016, 38.878123], [139.9361763, 38.8783508], [139.9359702, 38.8787358], [139.9356831, 38.8793201], [139.9353551, 38.8799875], [139.9353155, 38.8800755], [139.9346655, 38.8813914], [139.9346021, 38.8815245], [139.9339885, 38.8827724], [139.933781, 38.8832098], [139.9337069, 38.883369], [139.9335407, 38.8837975], [139.9334562, 38.8840403], [139.9333277, 38.8845128], [139.9332639, 38.884818], [139.9331978, 38.8852269], [139.9331792, 38.8853948], [139.93315, 38.8857896], [139.9331227, 38.8861871], [139.9330463, 38.8877065], [139.9330133, 38.8885198], [139.933019, 38.8888182], [139.9330258, 38.8890494], [139.9330441, 38.8892203], [139.9330862, 38.8894959], [139.9331249, 38.8897317], [139.9331933, 38.8900563], [139.9333072, 38.8904493], [139.9333501, 38.8905844], [139.9334165, 38.8907784], [139.9335168, 38.8910336], [139.933658, 38.8913593], [139.9338676, 38.8917625], [139.9341102, 38.8921703], [139.9343619, 38.8925348], [139.9346728, 38.8929368], [139.9349359, 38.8932501], [139.9353675, 38.893721], [139.9355294, 38.8938922], [139.9363129, 38.8947335], [139.9377511, 38.896299], [139.9382265, 38.8968163], [139.9384919, 38.8971192], [139.9386628, 38.89733], [139.9388146, 38.8975664], [139.9389486, 38.8978125], [139.939048, 38.898039], [139.9391695, 38.8984537], [139.9392129, 38.8986261], [139.9392357, 38.8987856], [139.9392539, 38.8989701], [139.9392493, 38.8992537], [139.9392181, 38.8995486], [139.9391605, 38.8998483], [139.9387197, 38.9015602], [139.9384262, 38.9025925], [139.9383974, 38.902755], [139.9383484, 38.9031366], [139.9383393, 38.9033302], [139.9383413, 38.9038324], [139.9383575, 38.9060046], [139.93835, 38.9080968], [139.9383752, 38.9091659], [139.9383814, 38.9113135], [139.9383871, 38.9126734], [139.9383934, 38.9134343], [139.9383951, 38.9141177], [139.9383928, 38.9146997], [139.9383837, 38.9150164], [139.9383575, 38.9153706], [139.9383233, 38.9157043], [139.9382117, 38.9163809], [139.938138, 38.9167437], [139.9378609, 38.918107], [139.9378273, 38.9182716], [139.9377242, 38.9187679], [139.937582, 38.9194523], [139.9374383, 38.9201441], [139.9373985, 38.9203298], [139.9372934, 38.9208084], [139.9370306, 38.9221442], [139.9370123, 38.9222615], [139.9369884, 38.922384], [139.9368233, 38.9233783], [139.9368011, 38.9235298], [139.9365836, 38.9248995], [139.936483, 38.9256039], [139.9364782, 38.9256353], [139.9364622, 38.925756], [139.9364428, 38.9258921], [139.9364223, 38.9260191], [139.9363762, 38.9262942], [139.9363369, 38.9264667], [139.9362993, 38.9266188], [139.9362327, 38.9268238], [139.9361609, 38.9270038], [139.936092, 38.9271678], [139.9360095, 38.9273301], [139.9357584, 38.9278657], [139.9356834, 38.9280424], [139.9355892, 38.9283193], [139.9355476, 38.9284645], [139.9354815, 38.9287971], [139.9353822, 38.9294336], [139.9353478, 38.9296544], [139.9352378, 38.9303598], [139.9350336, 38.9317236], [139.9349309, 38.9323857], [139.9348297, 38.9330609], [139.9347697, 38.9334226], [139.9346757, 38.9340362], [139.9346079, 38.9344329], [139.9344541, 38.9354193], [139.9343949, 38.9357906], [139.9341859, 38.9371568], [139.9341569, 38.9373425], [139.9338647, 38.9392099], [139.9336984, 38.9402968], [139.9336925, 38.9403356], [139.9336744, 38.9404601], [139.9336644, 38.9405101], [139.9336522, 38.9405773], [139.933442, 38.9419032], [139.9331558, 38.9437752], [139.9330218, 38.9446602], [139.9328687, 38.9456612], [139.9327209, 38.9466438], [139.9324331, 38.9485076], [139.9321248, 38.9504172], [139.9319449, 38.9515293], [139.9318903, 38.9518938], [139.9318675, 38.9522856], [139.9318948, 38.9531922], [139.9319657, 38.953657], [139.9320361, 38.9539946], [139.9320687, 38.9541542], [139.9322502, 38.9547139], [139.9327969, 38.9560716], [139.9329154, 38.9563746], [139.9330338, 38.9566935], [139.9331978, 38.9571605], [139.9332915, 38.9575108], [139.933383, 38.9579354], [139.9334439, 38.9583496], [139.9334621, 38.9587096], [139.9334992, 38.9598226], [139.9335186, 38.961105], [139.9335395, 38.9612359], [139.9335811, 38.9613512], [139.9336652, 38.9614639], [139.933699, 38.9615092], [139.9338197, 38.9616413], [139.9339245, 38.9617416], [139.9344462, 38.9621607], [139.9351751, 38.9628031], [139.9357287, 38.9632724], [139.9359884, 38.9635275], [139.9361638, 38.9637348], [139.9363392, 38.9639922], [139.936469, 38.9642428], [139.9365442, 38.9644456], [139.9366171, 38.9647467], [139.936652, 38.9649059], [139.936706, 38.9656688], [139.9367334, 38.9659836], [139.936739, 38.9660476], [139.9367893, 38.9667313], [139.9367939, 38.9667788], [139.9368849, 38.9679959], [139.9369412, 38.9684527], [139.9369812, 38.9686141], [139.9371365, 38.9690266], [139.9372777, 38.9693957], [139.9375329, 38.9700608], [139.9376103, 38.9702909], [139.9377174, 38.9706076], [139.9377652, 38.9708126], [139.9377761, 38.9709658], [139.9377571, 38.9711272], [139.9377481, 38.9712041], [139.937618, 38.9715112], [139.9373143, 38.9720683], [139.937097, 38.9724731], [139.9360263, 38.9743898], [139.9359263, 38.974585], [139.9351928, 38.9759058], [139.9349308, 38.976369], [139.9338949, 38.9782707], [139.9338402, 38.978371], [139.9336215, 38.9787924], [139.9327712, 38.9803757], [139.9324359, 38.9810158], [139.9324093, 38.9811419], [139.9323686, 38.9813347], [139.9323595, 38.9814896], [139.9322942, 38.981856], [139.932232, 38.9823005], [139.9321509, 38.9824207], [139.932079, 38.982543], [139.9318174, 38.982788], [139.931544, 38.9830067], [139.9310884, 38.98323], [139.9298912, 38.983775], [139.9292595, 38.9840641], [139.928891, 38.9842272], [139.9286259, 38.9843644], [139.9284801, 38.9844373], [139.9283206, 38.9845649], [139.9281953, 38.9846674], [139.9280871, 38.9847665], [139.9279972, 38.9848769], [139.9278901, 38.985017], [139.9278172, 38.9851423], [139.9277511, 38.9852756], [139.9276896, 38.9854191], [139.927676, 38.9854544], [139.9271362, 38.9867809], [139.9271201, 38.9868246], [139.9268434, 38.9875149], [139.9264162, 38.9885149], [139.9262955, 38.9887518], [139.9261019, 38.9890639], [139.9259515, 38.9892667], [139.9258365, 38.9894022], [139.9256964, 38.9895457], [139.9253615, 38.9898327], [139.9234613, 38.9911668], [139.9233859, 38.9912183], [139.9233119, 38.991269], [139.9224656, 38.9918562], [139.922043, 38.9921609], [139.9219165, 38.9922532], [139.921785, 38.992375], [139.921662, 38.9925105], [139.9215777, 38.992629], [139.9215208, 38.9927178], [139.9214616, 38.9928272], [139.9214194, 38.9929433], [139.921383, 38.9930584], [139.9213636, 38.9931894], [139.9213499, 38.9933295], [139.9213436, 38.9934646], [139.9213648, 38.9941154], [139.9213891, 38.994531], [139.9214383, 38.9956793], [139.9214479, 38.9959161], [139.9214433, 38.9961291], [139.9214361, 38.996249], [139.9214083, 38.9964113], [139.9213466, 38.9966052], [139.9212661, 38.996774], [139.9211961, 38.9968955], [139.9210283, 38.9971229], [139.9205258, 38.9977892], [139.9203944, 38.9979956], [139.9202772, 38.9981975], [139.920192, 38.9983953], [139.9200871, 38.9986454], [139.919917, 38.9990962], [139.9197572, 38.9995092], [139.9196609, 38.9997044], [139.9188495, 39.0012849], [139.9187878, 39.0014454], [139.9187512, 39.0016039], [139.9187348, 39.0018367], [139.9187394, 39.0020485], [139.9187723, 39.0022965], [139.918829, 39.002859], [139.9188191, 39.0030189], [139.9187895, 39.0031921], [139.9187576, 39.003331], [139.9186984, 39.0035566], [139.9184775, 39.004395], [139.918392, 39.0047081], [139.9183316, 39.0048789], [139.9182416, 39.0050486], [139.9181573, 39.0051853], [139.9180485, 39.0053147], [139.9179519, 39.0054264], [139.9178148, 39.0055411], [139.917573, 39.0057264], [139.917401, 39.0058266], [139.9168976, 39.0061466], [139.9167198, 39.0062816], [139.9165946, 39.0064029], [139.9164967, 39.0065214], [139.9164055, 39.0066501], [139.9163372, 39.0067765], [139.916286, 39.0069155], [139.9162495, 39.0070692], [139.9162324, 39.0072196], [139.9162279, 39.0073984], [139.9162347, 39.0075937], [139.9162711, 39.0082715], [139.9162744, 39.0086777], [139.9143378, 39.0087358], [139.9119247, 39.0089], [139.9091663, 39.0091496], [139.9070228, 39.0092671], [139.9054199, 39.0093427], [139.9040909, 39.0094596], [139.9033796, 39.0095264], [139.9008896, 39.0097653], [139.9004446, 39.009808], [139.9005109, 39.0100909], [139.900644, 39.0106583], [139.900707, 39.0109272], [139.9011362, 39.0127939], [139.9015749, 39.0146856], [139.9020065, 39.016562], [139.9024343, 39.0184124], [139.902602, 39.0191473], [139.9026677, 39.019638], [139.902676, 39.0197691], [139.902689, 39.0204929], [139.9026892, 39.0206028], [139.902689, 39.0207103], [139.9026791, 39.0210445], [139.9026829, 39.0213268], [139.9026841, 39.0214152], [139.9026922, 39.0220299], [139.9027022, 39.0222908], [139.9027148, 39.0224161], [139.9027292, 39.0225496], [139.9028185, 39.0230464], [139.9028856, 39.0232909], [139.902942, 39.02346], [139.9030486, 39.0237619], [139.9031573, 39.0240083], [139.9035477, 39.0248302], [139.9043822, 39.0265775], [139.9048338, 39.0275292], [139.9057323, 39.0294105], [139.9065071, 39.0310598], [139.906668, 39.0314471], [139.9067295, 39.0316898], [139.9067884, 39.0319953], [139.9068161, 39.0323206], [139.9067858, 39.0327789], [139.9067248, 39.0330722], [139.9066432, 39.0333529], [139.9065279, 39.0336425], [139.9063941, 39.0339025], [139.906241, 39.0341435], [139.9060677, 39.0343827], [139.9058275, 39.0346497], [139.9056096, 39.034859], [139.9053823, 39.0350499], [139.9050654, 39.0352775], [139.9047291, 39.0354697], [139.9043895, 39.0356396], [139.9028792, 39.0362085], [139.902459, 39.0363774], [139.9020916, 39.0365316], [139.9018194, 39.0366764], [139.9015416, 39.0368425], [139.9013173, 39.0370171], [139.9010921, 39.0371988], [139.9008533, 39.0374394], [139.9006395, 39.0377294], [139.9004683, 39.0380202], [139.900361, 39.0382488], [139.9002555, 39.0386054], [139.9001737, 39.0392483], [139.9001258, 39.0395786], [139.9000825, 39.0397665], [139.9000131, 39.0399852], [139.8999249, 39.0402102], [139.8998274, 39.0404044], [139.8997169, 39.0405695], [139.8995537, 39.0407884], [139.8993605, 39.0410009], [139.8991512, 39.0411948], [139.8989364, 39.0413723], [139.8986784, 39.04157], [139.8964014, 39.0433596], [139.8939279, 39.0452847], [139.893573, 39.0455772], [139.89333, 39.0458117], [139.8931627, 39.0460156], [139.893052, 39.0461922], [139.8929152, 39.0464442], [139.8928003, 39.0467643], [139.8927105, 39.0470375], [139.892557, 39.047559], [139.8922348, 39.048604], [139.892056, 39.0491781], [139.8919163, 39.049643], [139.8918469, 39.0497968], [139.8917645, 39.0499791], [139.8916618, 39.0501511], [139.8915328, 39.0503262], [139.8913344, 39.0505704], [139.8912406, 39.0506824], [139.8909914, 39.0509814], [139.8905629, 39.0514956], [139.8905205, 39.0515427], [139.8902115, 39.0519215], [139.8899929, 39.0521746], [139.8898347, 39.0523402], [139.8896411, 39.0525316], [139.8892513, 39.0528349], [139.8890231, 39.0529954], [139.8887623, 39.0531538], [139.8884811, 39.0532961], [139.8881257, 39.0534577], [139.8879197, 39.0535339], [139.8876742, 39.053618], [139.8874623, 39.0536784], [139.8872295, 39.0537399], [139.8870144, 39.0537893], [139.8865396, 39.0538659], [139.88613, 39.0539072], [139.88539, 39.0539739], [139.885286, 39.053983], [139.8851234, 39.0539971], [139.8847709, 39.0540279], [139.8844964, 39.0540371], [139.8842413, 39.0540348], [139.8839907, 39.0540143], [139.883706, 39.053963], [139.8834497, 39.0539038], [139.883206, 39.0538286], [139.8828984, 39.0537079], [139.8826046, 39.0535769], [139.88201, 39.0533047], [139.8817936, 39.0532238], [139.8815232, 39.0531382], [139.8812526, 39.053078], [139.8809633, 39.0530336], [139.8806797, 39.0530097], [139.880445, 39.053004], [139.8802298, 39.053012], [139.8800373, 39.0530336], [139.8797707, 39.0530735], [139.8795612, 39.0531213], [139.8793425, 39.0531839], [139.8791078, 39.0532614], [139.8789256, 39.05334], [139.878724, 39.0534402], [139.8785509, 39.0535427], [139.8783948, 39.0536464], [139.8782718, 39.0537432], [139.8781534, 39.0538355], [139.8780406, 39.0539471], [139.8778766, 39.0541316], [139.8777479, 39.054299], [139.8776385, 39.054471], [139.8775702, 39.0546225], [139.877495, 39.0547956], [139.8774369, 39.0549699], [139.8773116, 39.0554301], [139.8771863, 39.0558993], [139.8770918, 39.0562274], [139.8770303, 39.0564005], [139.8769472, 39.0565645], [139.8768446, 39.0567262], [139.8767102, 39.0568834], [139.8765793, 39.0570133], [139.8764414, 39.0571249], [139.8762603, 39.0572479], [139.8760724, 39.0573459], [139.8758605, 39.0574393], [139.8756646, 39.0575121], [139.8753856, 39.0575782], [139.874766, 39.0576784], [139.8742454, 39.0577582], [139.8743399, 39.0581595], [139.874436, 39.0585676], [139.8745074, 39.058871], [139.874587, 39.0591916], [139.8746482, 39.0594276], [139.8748178, 39.060081], [139.8750509, 39.0611204], [139.8750997, 39.0613381], [139.875209, 39.0617549], [139.8753685, 39.0621171], [139.8754915, 39.0623221], [139.8756783, 39.0625659], [139.8755094, 39.0626634], [139.8754665, 39.0626969], [139.8754403, 39.0627413], [139.8754277, 39.0627823], [139.8754289, 39.0628381], [139.8754699, 39.063009], [139.8755553, 39.0633495], [139.8756145, 39.0635271], [139.8756783, 39.0637186], [139.8757035, 39.0637887], [139.8758571, 39.0642163], [139.8759437, 39.0644065], [139.8762045, 39.064976], [139.8763013, 39.0651833], [139.8763674, 39.0652847], [139.8766204, 39.0656577], [139.876796, 39.0659152], [139.8770969, 39.066324], [139.8774364, 39.0668112], [139.8776132, 39.0670951], [139.8777661, 39.0673658], [139.8778492, 39.0675678], [139.8779224, 39.0677461], [139.8779892, 39.0679794], [139.8780558, 39.0682084], [139.8780879, 39.0683883], [139.8781081, 39.0685514], [139.8781322, 39.0688653], [139.8781218, 39.0691939], [139.8780978, 39.0694493], [139.8780582, 39.0696648], [139.87803, 39.0698184], [139.8779994, 39.0699262], [139.8778982, 39.0702131], [139.8778761, 39.0702623], [139.8778048, 39.0704182], [139.8775287, 39.0709371], [139.8774567, 39.0710766], [139.8771021, 39.0717405], [139.8767843, 39.0723169], [139.8766681, 39.0724877], [139.8765747, 39.072572], [139.8764881, 39.0726244], [139.8764404, 39.0726439], [139.8763708, 39.0726722], [139.8762444, 39.0727053], [139.8761259, 39.0727155], [139.876012, 39.0727132], [139.8758947, 39.0726984], [139.8754352, 39.072562], [139.8744334, 39.0722463], [139.874037, 39.0721153], [139.8738582, 39.0720378], [139.8733137, 39.0717667], [139.8731361, 39.0717064], [139.8729857, 39.0716597], [139.8727682, 39.0716084], [139.8725643, 39.0715822], [139.8722738, 39.071556], [139.8719766, 39.0715503], [139.871513, 39.0715435], [139.8713091, 39.0715537], [139.8710881, 39.0715765], [139.8708478, 39.0716141], [139.870653, 39.0716642], [139.870505, 39.0717109], [139.8703444, 39.0717747], [139.8701428, 39.0718681], [139.8699913, 39.0719524], [139.8698557, 39.0720401], [139.8697316, 39.0721392], [139.8695949, 39.0722588], [139.8694901, 39.072375], [139.8693831, 39.072506], [139.8692726, 39.0726825], [139.8691871, 39.0728682], [139.8691142, 39.0730766], [139.8690778, 39.0732235], [139.8690623, 39.0733983], [139.8690644, 39.073433], [139.8690732, 39.07358], [139.8690949, 39.0737133], [139.8691279, 39.0738329], [139.8691883, 39.0740094], [139.8692805, 39.0741769], [139.8693614, 39.0742873], [139.8694696, 39.0744024], [139.8697851, 39.0747441], [139.8701314, 39.0751131], [139.8702669, 39.0752532], [139.8704309, 39.0754036], [139.8708715, 39.0757473], [139.8718442, 39.0765068], [139.8727414, 39.077203], [139.8728952, 39.0773447], [139.8729972, 39.0774587], [139.8730615, 39.0776047], [139.8731286, 39.0777751], [139.8731635, 39.0779293], [139.8731567, 39.0780784], [139.8731361, 39.0782049], [139.8730697, 39.0783706], [139.8729587, 39.0786567], [139.8729153, 39.0788199], [139.8728992, 39.0790101], [139.8728572, 39.0802287], [139.87285, 39.0808315], [139.8728775, 39.0811828], [139.8728804, 39.0812203], [139.872951, 39.0817551], [139.8731278, 39.0831968], [139.8731777, 39.0835945], [139.8732084, 39.0838388], [139.8732451, 39.0841324], [139.8732784, 39.0843983], [139.8734343, 39.0856144], [139.8734826, 39.0859974], [139.8735384, 39.0862479], [139.8736046, 39.0865148], [139.8737159, 39.0867969], [139.873832, 39.0870136], [139.874019, 39.0873194], [139.8743079, 39.0877276], [139.8745957, 39.0880169], [139.874872, 39.0882629], [139.8752364, 39.0885258], [139.8756019, 39.0887534], [139.8759623, 39.0889329], [139.876551, 39.0892202], [139.8768504, 39.0893843], [139.877049, 39.0894891], [139.8772511, 39.0896623], [139.8773866, 39.0897958], [139.8775075, 39.0899417], [139.877618, 39.090116], [139.8777171, 39.090329], [139.8777889, 39.0905944], [139.8778663, 39.0908928], [139.8779329, 39.0911568], [139.8780668, 39.0916879], [139.8780911, 39.0917779], [139.8781545, 39.0920125], [139.8782046, 39.0921571], [139.8782684, 39.0923098], [139.8783812, 39.0925193], [139.8784857, 39.0926995], [139.8785748, 39.0928531], [139.8786303, 39.0929588], [139.8786705, 39.0930353], [139.8787137, 39.0931378], [139.8787342, 39.093238], [139.8787525, 39.0933964], [139.8787593, 39.0935604], [139.8787718, 39.0939146], [139.8787912, 39.0944898], [139.8788071, 39.0946629], [139.8788368, 39.0947871], [139.8788835, 39.0948964], [139.8789472, 39.0949955], [139.8790338, 39.095114], [139.8792058, 39.0952723], [139.8795224, 39.0955639], [139.879601, 39.0956618], [139.8796899, 39.0957848], [139.8797387, 39.0958623], [139.879748, 39.0958771], [139.8798021, 39.0960077], [139.879806, 39.0960172], [139.8798425, 39.0961619], [139.8798664, 39.0963088], [139.8798641, 39.0964614], [139.8798482, 39.0965947], [139.8798004, 39.0967598], [139.8797605, 39.0968521], [139.8797183, 39.0969409], [139.87963, 39.09711], [139.8791785, 39.0979934], [139.8791056, 39.0981619], [139.8790543, 39.0983089], [139.8789837, 39.0985492], [139.8789472, 39.0987144], [139.8789256, 39.0988943], [139.8789097, 39.0991073], [139.8789165, 39.0992827], [139.8789415, 39.099498], [139.8790065, 39.0998067], [139.8790611, 39.0999969], [139.8791318, 39.1002121], [139.8792696, 39.1006643], [139.8793037, 39.1007441], [139.8793436, 39.1008021], [139.8794017, 39.1008409], [139.8794655, 39.1008511], [139.8796295, 39.1008495]]]}, "id": "relation/9145802"}]}