{"type": "FeatureCollection", "generator": "kokudo-quiz tools/fetch_raw.py (Overpass API)", "copyright": "The data included in this document is from www.openstreetmap.org. The data is made available under ODbL.", "timestamp": "2026-09-30T16:22:31Z", "features": [{"type": "Feature", "properties": {"@id": "relation/9167558", "colour": "red", "from": "宮城県仙台市青葉区", "name": "国道346号", "name:en": "National Highway Route 346", "name:ja": "国道346号", "name:ja-Hira": "こくどうさんびゃくよんじゅうろくごう", "name:ja-Latn": "kokudou 346 gou", "network": "JP:national", "ref": "346", "route": "road", "to": "宮城県気仙沼市", "type": "route", "wikidata": "Q11421445", "wikipedia": "ja:国道346号"}, "geometry": {"type": "MultiLineString", "coordinates": [[[140.8714835, 38.2660831], [140.8716772, 38.2661265], [140.8719258, 38.2661825], [140.8728375, 38.2663754], [140.8730203, 38.266414], [140.8731033, 38.2664335], [140.873942, 38.26663], [140.8748581, 38.2668258], [140.8754161, 38.2669532], [140.8756835, 38.2670195], [140.8757456, 38.2669216], [140.8759114, 38.2666252], [140.8760528, 38.2666126], [140.8762028, 38.2665964], [140.8764676, 38.2665558], [140.8767953, 38.266494], [140.877232, 38.2664142], [140.8780917, 38.2662516], [140.8781331, 38.2662437], [140.8782297, 38.2662253], [140.8783825, 38.2661962], [140.8789399, 38.2660901], [140.8791244, 38.266055], [140.8794919, 38.2659924], [140.8796349, 38.2659691], [140.8797925, 38.2659435], [140.8800082, 38.2659077], [140.8806574, 38.2657968], [140.8810911, 38.2657238], [140.8812058, 38.2657048], [140.881321, 38.2656834], [140.8814689, 38.2656567], [140.882032, 38.2655622], [140.882341, 38.2655118], [140.8825494, 38.2654742], [140.8826574, 38.2654481], [140.8831257, 38.265321], [140.8832939, 38.2652772], [140.88344, 38.26524], [140.8836913, 38.265177], [140.8837916, 38.2651468], [140.8838999, 38.2651051], [140.8841793, 38.2649935], [140.8842571, 38.2649734], [140.8843596, 38.2649632], [140.8844281, 38.2649664], [140.8844965, 38.2649732], [140.8848256, 38.2650122], [140.8855575, 38.2651176], [140.885706, 38.2651244], [140.8858383, 38.2651292], [140.8864868, 38.2650822], [140.8868244, 38.2650522], [140.8869068, 38.2650453], [140.887125, 38.265023], [140.8872828, 38.2650069], [140.8877779, 38.2649647], [140.8883437, 38.2649164], [140.8884602, 38.2649052], [140.8885832, 38.2648934], [140.8896184, 38.2647982], [140.8897835, 38.264782], [140.8900029, 38.2647641], [140.8909417, 38.2646684], [140.8910478, 38.2646576], [140.8924372, 38.264575], [140.8925162, 38.2645708], [140.8926622, 38.2645631], [140.8928018, 38.2645558], [140.8930131, 38.2645447], [140.8930731, 38.2645415], [140.8934721, 38.2645195], [140.8935926, 38.264512], [140.8937347, 38.2644972], [140.8939338, 38.2644722], [140.8940061, 38.2644557], [140.8940812, 38.26443], [140.8942046, 38.2643715], [140.8942849, 38.264317], [140.8944275, 38.2642148], [140.8946646, 38.2640534], [140.8952607, 38.263637], [140.8953663, 38.2635599], [140.8955451, 38.2634461], [140.8957334, 38.2633519], [140.8958107, 38.2633219], [140.8958941, 38.2632968], [140.8960221, 38.2632798], [140.8961005, 38.2632732], [140.8961916, 38.2632743], [140.8962465, 38.2632762], [140.8963539, 38.26328], [140.8965062, 38.2632877], [140.896656, 38.2632917], [140.8967446, 38.2632893], [140.8967906, 38.2632901], [140.8969149, 38.2632649], [140.8976227, 38.2630258], [140.8978177, 38.2629623], [140.8979046, 38.2629367], [140.8980222, 38.2629269], [140.8980699, 38.2629263], [140.8981202, 38.262932], [140.8982134, 38.2629581], [140.8982306, 38.262962], [140.8984609, 38.2630389], [140.8989106, 38.2631982], [140.8991199, 38.2632666], [140.8992254, 38.263304], [140.8993202, 38.2633336], [140.900047, 38.263577], [140.9009055, 38.2638409], [140.9010347, 38.2638806], [140.9014012, 38.2639896], [140.9016712, 38.2640701], [140.9021896, 38.2642264], [140.9022759, 38.2642518], [140.9023523, 38.2642742], [140.9033445, 38.2645581], [140.9036394, 38.2646454], [140.90424, 38.2648251], [140.9048167, 38.2649964], [140.905546, 38.2652249], [140.9058922, 38.2653347], [140.9060294, 38.2653782], [140.9061218, 38.2654075], [140.9061824, 38.2654267], [140.9065379, 38.2655395], [140.9066457, 38.265577], [140.9068129, 38.265628], [140.9074167, 38.2658189], [140.9078406, 38.2659552], [140.9081446, 38.2660587], [140.9086764, 38.266253], [140.9088978, 38.2663353], [140.9089817, 38.2663673], [140.9090736, 38.2663992], [140.9093134, 38.2664904], [140.9093279, 38.2664959], [140.9093449, 38.2665023], [140.909472, 38.2665488], [140.91033, 38.2668619], [140.9104838, 38.266915], [140.9106119, 38.2669647], [140.9114293, 38.2672643], [140.9117629, 38.267385], [140.9119599, 38.267448], [140.9120643, 38.2674785], [140.9121608, 38.2674944], [140.9122587, 38.2675122], [140.9127244, 38.2676015], [140.9129748, 38.2676621], [140.9136846, 38.2678235], [140.914111, 38.2679148], [140.914363, 38.26797], [140.9148807, 38.2680882], [140.9151796, 38.2681585], [140.9158784, 38.2683178], [140.9170925, 38.2686116], [140.9171933, 38.2686395], [140.9173179, 38.2686675], [140.9176844, 38.2687487], [140.9181871, 38.2688508], [140.9183153, 38.268876], [140.9185348, 38.2689112], [140.9186999, 38.2689317], [140.9189914, 38.2689679], [140.9190449, 38.2689751], [140.9191018, 38.2689827], [140.91947, 38.2690342], [140.9208691, 38.2692235], [140.9212796, 38.2692812], [140.9222136, 38.2694147], [140.9223498, 38.2694358], [140.9224706, 38.2694496], [140.9228547, 38.2694995], [140.9234144, 38.2695604], [140.9239218, 38.2695853], [140.9244637, 38.2695882], [140.9246571, 38.2695891], [140.9252888, 38.2695919], [140.9254496, 38.2695863], [140.9256648, 38.2695805], [140.9261629, 38.269565], [140.9284669, 38.2694799], [140.9292506, 38.2694649], [140.9299074, 38.2694683], [140.9300612, 38.2694667], [140.9301588, 38.2694656], [140.9303156, 38.2694639], [140.9310092, 38.269465], [140.9317331, 38.2694699], [140.9324591, 38.2694572], [140.93298, 38.2694227], [140.9334834, 38.2693625], [140.9336455, 38.2693405], [140.9340495, 38.2692855], [140.9344883, 38.2692254], [140.9345785, 38.2692152], [140.9347112, 38.2692016], [140.9350157, 38.2691659], [140.9352277, 38.2691009], [140.9355353, 38.2690672], [140.9361039, 38.2689913], [140.9364787, 38.2689396], [140.9375883, 38.268796], [140.9376278, 38.2687897], [140.9394967, 38.2685467], [140.9396207, 38.2685341], [140.9398376, 38.2685251], [140.9400597, 38.2685239], [140.9402691, 38.2685269], [140.9405659, 38.2685295], [140.9410028, 38.2685574], [140.9415992, 38.2686249], [140.9434214, 38.2688962], [140.9435852, 38.2689197], [140.9436996, 38.2689359], [140.9438381, 38.2689557], [140.9467375, 38.2693691], [140.9469084, 38.2693956], [140.947006, 38.2694051], [140.9471513, 38.2694269], [140.9483583, 38.2695916], [140.949234, 38.2697164], [140.9502803, 38.2698664], [140.9504124, 38.2698853], [140.9505761, 38.2699097], [140.9516707, 38.2700639], [140.9526698, 38.2702085], [140.9541549, 38.2704351], [140.9543655, 38.2704589], [140.9545039, 38.2704757], [140.9546358, 38.2704901], [140.9554405, 38.2705849], [140.9557898, 38.2706513], [140.9559496, 38.2706955], [140.9561257, 38.2707556], [140.9566002, 38.2709496], [140.9566807, 38.2709845], [140.9572226, 38.2712168], [140.9572835, 38.2712411], [140.9579002, 38.2714979], [140.9580764, 38.2715689], [140.9582567, 38.2716335], [140.9584256, 38.2716787], [140.9586026, 38.2717208], [140.9589211, 38.2717565], [140.9592323, 38.2717546], [140.9594709, 38.271739], [140.9596689, 38.2717171], [140.9601006, 38.2716513], [140.9601777, 38.2716398], [140.9602896, 38.2716185], [140.960709, 38.2715484], [140.960789, 38.2715333], [140.9617591, 38.2713784], [140.9619963, 38.2713393], [140.9621185, 38.271319], [140.9627809, 38.2712204], [140.9630191, 38.2711895], [140.9632717, 38.2711629], [140.963512, 38.2711474], [140.9638106, 38.2711481], [140.9641247, 38.271162], [140.9644194, 38.271192], [140.9647272, 38.2712356], [140.9649523, 38.2712808], [140.9653018, 38.2713607], [140.9655029, 38.2714247], [140.9656904, 38.2714876], [140.966005, 38.2716131], [140.9667395, 38.2719297], [140.9671499, 38.2721077], [140.9676414, 38.2723156], [140.9682095, 38.2725773], [140.9684654, 38.2726942], [140.9686674, 38.2727856], [140.9692784, 38.273062], [140.9706592, 38.2736815], [140.9708821, 38.2737831], [140.9710349, 38.2738528], [140.9711825, 38.2739182], [140.972387, 38.2744519], [140.9724742, 38.2744905], [140.9727232, 38.2746028], [140.9728014, 38.2746382], [140.9763105, 38.2761885], [140.9765481, 38.2762948], [140.9778562, 38.2768571], [140.9779486, 38.2768982], [140.9810693, 38.2782961], [140.9822128, 38.2787965], [140.983259, 38.2792676], [140.9834365, 38.2793471], [140.9841712, 38.2796632], [140.984494, 38.2797941], [140.9851395, 38.2800171], [140.9853427, 38.2800818], [140.9855285, 38.2801352], [140.9860589, 38.2802908], [140.9876497, 38.2807362], [140.9880701, 38.2808579], [140.9881647, 38.2808833], [140.9882721, 38.2809148], [140.9890317, 38.2811467], [140.989326, 38.2812352], [140.9894987, 38.2812858], [140.9896164, 38.2813202], [140.9897168, 38.2813554], [140.9898449, 38.2814025], [140.9901075, 38.2815242], [140.9903524, 38.2816557], [140.9906939, 38.2818561], [140.9911291, 38.2821448], [140.992744, 38.2832412], [140.993208, 38.2835362], [140.9934798, 38.2836974], [140.9936593, 38.2837981], [140.9938831, 38.2839017], [140.9940976, 38.2839835], [140.9943163, 38.2840507], [140.9945104, 38.2840937], [140.9947341, 38.2841358], [140.9954244, 38.284226], [140.9956053, 38.2842468], [140.9957239, 38.2842605], [140.9958893, 38.2842795], [140.9963272, 38.2843309], [140.9972975, 38.2844469], [140.9980776, 38.2845359], [141.000004, 38.2847443], [141.0006037, 38.2848103], [141.0007505, 38.2848274], [141.0016949, 38.2849279], [141.0021945, 38.2849926], [141.0026399, 38.2850704], [141.0030019, 38.2851655], [141.0033702, 38.2852978], [141.0035853, 38.2853931], [141.0038596, 38.2855176], [141.0039532, 38.2855717], [141.0045037, 38.2858816], [141.0045688, 38.2859174], [141.0047876, 38.2860627], [141.005463, 38.2864295], [141.0064337, 38.2869833], [141.0065898, 38.2870796], [141.0067053, 38.2871551], [141.0072863, 38.2874783], [141.0075786, 38.2876706], [141.0077493, 38.287826], [141.0079221, 38.2880133], [141.0079969, 38.2880977], [141.0080708, 38.288206], [141.0086275, 38.2891456], [141.0086399, 38.2891662], [141.0088413, 38.2894993], [141.0089352, 38.2896546], [141.0090285, 38.2898089], [141.009101, 38.2899288], [141.0091774, 38.2900428], [141.0094596, 38.2905008], [141.0098732, 38.291189], [141.009894, 38.2912271], [141.0100087, 38.2914222], [141.0104655, 38.2921451], [141.0107483, 38.2926154], [141.011003, 38.2930127], [141.0110658, 38.2931226], [141.0116231, 38.2940177], [141.0116613, 38.2940798], [141.0121171, 38.2948427], [141.0127397, 38.2958822], [141.0127717, 38.2959386], [141.0134504, 38.297038], [141.0135825, 38.2972602], [141.014234, 38.2983216], [141.0149523, 38.2994901], [141.0150068, 38.2995804], [141.0150353, 38.2996267], [141.0155801, 38.3005224], [141.0158638, 38.3009872], [141.0160918, 38.301361], [141.0161223, 38.3014119], [141.0161447, 38.3014497], [141.0163418, 38.3017802], [141.0163747, 38.3018928], [141.0162541, 38.3018169], [141.0160245, 38.3014497], [141.0159934, 38.3014001], [141.0159672, 38.3013571], [141.0157679, 38.3010298], [141.0154928, 38.3005614], [141.014961, 38.2996527], [141.0149229, 38.299591], [141.0148767, 38.2995164], [141.0141517, 38.2983454], [141.0134952, 38.2972949], [141.0126869, 38.2959687], [141.012655, 38.2959159], [141.0120341, 38.2948738], [141.0115621, 38.2941155], [141.0115243, 38.2940528], [141.0111962, 38.2935332], [141.0109643, 38.2931558], [141.0109044, 38.2930505], [141.0106389, 38.2926022], [141.0103554, 38.2921384], [141.0098935, 38.2913822], [141.0098111, 38.2912513], [141.0097942, 38.2912214], [141.0093728, 38.2905436], [141.0091134, 38.2901197], [141.0090421, 38.2900084], [141.0089185, 38.2898118], [141.0085539, 38.289188], [141.0079819, 38.2882428], [141.0078729, 38.2881117], [141.0074811, 38.2877332], [141.0072845, 38.2875855], [141.006652, 38.2872129], [141.006557, 38.287157], [141.00637, 38.287051], [141.005411, 38.2864919], [141.005144, 38.2863335], [141.0046171, 38.2860304], [141.0044544, 38.285935], [141.0043759, 38.2858915], [141.0038922, 38.285622], [141.0034459, 38.2854122], [141.0030798, 38.2852697], [141.0028557, 38.2852069], [141.0025956, 38.2851392], [141.0020743, 38.2850547], [141.0007366, 38.2849018], [141.0005889, 38.2848843], [140.9999751, 38.2848146], [140.9977355, 38.2845548], [140.9958758, 38.284352], [140.9957113, 38.2843331], [140.9955936, 38.2843195], [140.9954109, 38.2842985], [140.9946927, 38.2842027], [140.9945308, 38.284173], [140.9942631, 38.2841145], [140.9940528, 38.2840522], [140.9938487, 38.2839766], [140.993641, 38.283884], [140.9934149, 38.2837655], [140.9933666, 38.2837402], [140.9931419, 38.2836118], [140.9930106, 38.2835305], [140.9929177, 38.283461], [140.9926625, 38.2832867], [140.9910597, 38.2821919], [140.9906185, 38.2819016], [140.9902462, 38.2816831], [140.989952, 38.281544], [140.9896673, 38.2814269], [140.9895726, 38.2813932], [140.9894653, 38.281354], [140.9891714, 38.2812568], [140.9889757, 38.2812209], [140.9882295, 38.2810036], [140.988127, 38.2809746], [140.988031, 38.2809455], [140.9854948, 38.2802034], [140.9853138, 38.2801515], [140.9851053, 38.2800868], [140.984438, 38.2798616], [140.9842854, 38.279802], [140.984099, 38.2797231], [140.9832515, 38.2793524], [140.9830877, 38.2792811], [140.9779093, 38.2769762], [140.9778262, 38.2769427], [140.9762781, 38.2762527], [140.9744652, 38.2754669], [140.9727551, 38.2747003], [140.9726875, 38.27467], [140.9724306, 38.2745581], [140.9723439, 38.2745191], [140.9711398, 38.2739777], [140.9709804, 38.273906], [140.9708298, 38.2738329], [140.9686267, 38.2728431], [140.9684672, 38.2727728], [140.9683405, 38.272722], [140.9681649, 38.272644], [140.9670432, 38.2721457], [140.9666704, 38.2719876], [140.966286, 38.2718225], [140.9656943, 38.2715662], [140.96533, 38.2714418], [140.9650105, 38.2713582], [140.9647318, 38.2713061], [140.9644601, 38.271271], [140.9641345, 38.2712382], [140.9637788, 38.2712245], [140.9634402, 38.2712318], [140.9632745, 38.2712374], [140.9630332, 38.2712636], [140.9625949, 38.2713284], [140.9621303, 38.2714027], [140.962038, 38.2714224], [140.9617982, 38.2714618], [140.9607835, 38.271622], [140.9603114, 38.2716919], [140.9602333, 38.2717044], [140.9601925, 38.2717106], [140.9601202, 38.2717221], [140.9597031, 38.2717865], [140.9592195, 38.2718396], [140.9588812, 38.2718446], [140.9586321, 38.2718085], [140.9584507, 38.2717668], [140.9582165, 38.2717027], [140.9580049, 38.2716224], [140.9578096, 38.2715453], [140.9572645, 38.271324], [140.9571775, 38.2712889], [140.9566687, 38.271072], [140.956614, 38.271047], [140.9561515, 38.2708544], [140.9558601, 38.2707566], [140.9556412, 38.2707089], [140.9554224, 38.2706708], [140.9546245, 38.270567], [140.9545061, 38.2705536], [140.954483, 38.2705505], [140.9543734, 38.2705377], [140.9541388, 38.2705098], [140.9525389, 38.2702813], [140.9505583, 38.2699986], [140.9504049, 38.269976], [140.950264, 38.2699565], [140.9492364, 38.2698033], [140.9483586, 38.269676], [140.9471343, 38.2695012], [140.9469533, 38.269471], [140.9467231, 38.2694404], [140.9438225, 38.2690293], [140.9437029, 38.2690122], [140.9435888, 38.2689966], [140.9434058, 38.2689695], [140.9417485, 38.2687258], [140.9416649, 38.268719], [140.9411336, 38.2686512], [140.9408219, 38.2686243], [140.940183, 38.2686099], [140.9398794, 38.268619], [140.9395744, 38.2686365], [140.9393909, 38.2686552], [140.937894, 38.2688443], [140.9375167, 38.2688913], [140.9373898, 38.2689086], [140.9364921, 38.2690306], [140.9360882, 38.2690868], [140.9354964, 38.2691592], [140.935244, 38.2691879], [140.9350157, 38.2691659]], [[140.8713954, 38.2662156], [140.8716042, 38.2662343], [140.8718891, 38.2662854], [140.8727997, 38.2664848], [140.8729566, 38.2665169], [140.8730684, 38.2665434], [140.8735599, 38.2666599], [140.8742934, 38.2668245], [140.8746207, 38.2668829], [140.875383, 38.2670516], [140.8756272, 38.2671079], [140.8757549, 38.2671374], [140.8758095, 38.2670507], [140.875872, 38.2669511], [140.8760528, 38.2666126]], [[141.0163747, 38.3018928], [141.0165844, 38.3022509], [141.0167215, 38.302513], [141.0167653, 38.3026322], [141.0167785, 38.3027327], [141.0167918, 38.3029439], [141.0167835, 38.3030821], [141.0167397, 38.3033038], [141.0166472, 38.3036164], [141.0166149, 38.3037393], [141.0165389, 38.304049], [141.0165112, 38.3042273], [141.0165047, 38.3043841], [141.0165067, 38.3044813], [141.0165166, 38.3045574], [141.0165239, 38.3046128], [141.0165489, 38.3046918], [141.0166302, 38.304949], [141.0168081, 38.3053597], [141.0169067, 38.3055547], [141.016978, 38.3056805], [141.0169893, 38.3057004], [141.0170357, 38.3057967], [141.0170432, 38.3058122], [141.0170869, 38.3058957], [141.017111, 38.3059417], [141.0171915, 38.3060954], [141.0174218, 38.3065474], [141.0175241, 38.306756], [141.0175723, 38.3068543], [141.0176399, 38.3069863], [141.0176929, 38.3070896], [141.0178145, 38.3073175], [141.0178962, 38.3074373], [141.0179638, 38.3075209], [141.0180273, 38.3075971], [141.0184212, 38.3080304], [141.0185639, 38.3081875], [141.0187183, 38.3083573], [141.018974, 38.3086387], [141.019377, 38.3090687], [141.0197029, 38.3094394], [141.0198996, 38.3096764], [141.0202806, 38.3100757], [141.0204302, 38.3102339], [141.0204791, 38.3102767], [141.0205614, 38.3103488], [141.0205959, 38.3103791], [141.0206336, 38.3104116], [141.0208311, 38.3105815], [141.021033, 38.3107524], [141.0212333, 38.3109254], [141.0215628, 38.3112102], [141.0215893, 38.3112331], [141.0216774, 38.3113126], [141.0217152, 38.3113418], [141.0219216, 38.3115198], [141.0220405, 38.3116176], [141.0222295, 38.3117847], [141.0223856, 38.3119188], [141.0225009, 38.3120161], [141.0228014, 38.3122697], [141.0229949, 38.3124331], [141.0230997, 38.3125238], [141.0232758, 38.3126762], [141.0234699, 38.3128443], [141.0235451, 38.3129084], [141.0236293, 38.3129705], [141.0239617, 38.3132042], [141.0246863, 38.3137186], [141.0247809, 38.3137852], [141.0249158, 38.3138794], [141.0254079, 38.314223], [141.0255775, 38.3143414], [141.0256865, 38.3144148], [141.025811, 38.314499], [141.0259629, 38.3146062], [141.026478, 38.3149618], [141.0265619, 38.3150198], [141.0266275, 38.3150657], [141.0267744, 38.3151692], [141.0272503, 38.3155038], [141.0273289, 38.3155579], [141.0274099, 38.3156091], [141.0274915, 38.3156707], [141.027537, 38.315705], [141.0276469, 38.3158102], [141.027734, 38.3159215], [141.0277955, 38.3160559], [141.0278297, 38.3161823], [141.0278616, 38.3164363], [141.0278747, 38.3166677], [141.0279377, 38.3172869], [141.0279638, 38.3176651], [141.0279803, 38.3180165], [141.0279899, 38.3181337], [141.0278214, 38.3181479], [141.0274715, 38.318157], [141.0273307, 38.3181371], [141.0271821, 38.3181088], [141.0267957, 38.3180243], [141.0262777, 38.3179025], [141.0261213, 38.3178675], [141.0260208, 38.3178432], [141.0254635, 38.3177074], [141.0247783, 38.3175359], [141.0242025, 38.3174192], [141.0239517, 38.3173688], [141.0236239, 38.317296], [141.0234792, 38.3172658], [141.023354, 38.3172418], [141.0226209, 38.3171179], [141.0223578, 38.3170553], [141.0221268, 38.3169969], [141.0219698, 38.3169685], [141.0218225, 38.3169508], [141.0216244, 38.3169523], [141.0215025, 38.3169637], [141.0214866, 38.3169643], [141.0213545, 38.3169693], [141.0212812, 38.3169622], [141.0212383, 38.316958], [141.0210777, 38.3169181], [141.0209651, 38.316887], [141.0204493, 38.3167489], [141.020257, 38.3167193], [141.0203131, 38.3168966], [141.0204391, 38.3173222], [141.0205336, 38.3176254], [141.0205667, 38.317833], [141.0205619, 38.3179832], [141.0205572, 38.3180092]], [[141.0205139, 38.3183028], [141.020496, 38.3185775], [141.0204926, 38.3186781], [141.0205189, 38.3187739], [141.020537, 38.3188283], [141.0206301, 38.3191077], [141.0207188, 38.3193174], [141.0209513, 38.3198735], [141.0209981, 38.3199833], [141.0211227, 38.320266], [141.0212269, 38.3204634], [141.0213487, 38.3206178], [141.0214177, 38.3206858], [141.0214709, 38.3207424], [141.0215397, 38.3208107], [141.0218034, 38.3210331], [141.02217, 38.3213333], [141.022279, 38.3214383], [141.0223407, 38.3214977], [141.0226918, 38.3217791], [141.0228533, 38.3219157], [141.0229471, 38.3219934], [141.0229973, 38.322035], [141.0232586, 38.3222565], [141.0240117, 38.3229012], [141.0240899, 38.3229665], [141.0241881, 38.3230487], [141.0242522, 38.3231022], [141.024879, 38.3236312], [141.0252215, 38.3239189], [141.0253455, 38.3240039], [141.0254735, 38.3240694], [141.0256501, 38.3241285], [141.0258625, 38.3241701], [141.0259959, 38.3241755], [141.0261488, 38.3241718], [141.0262744, 38.3241576], [141.0266996, 38.3240699], [141.0268355, 38.3240419], [141.0270144, 38.3240049], [141.0271647, 38.3239738], [141.0278177, 38.3238364], [141.0280863, 38.3237884], [141.0283639, 38.3237694], [141.0286779, 38.3237694], [141.029237, 38.3237821], [141.0295127, 38.3237986], [141.0300075, 38.3239719], [141.0305067, 38.3242057], [141.0311916, 38.3245113], [141.0313629, 38.3245912], [141.0319545, 38.3248671], [141.0320451, 38.3249093], [141.0323094, 38.3250152], [141.0323975, 38.3250431], [141.0326103, 38.3251104], [141.032847, 38.3251542], [141.0330791, 38.3251984], [141.0331101, 38.3252043], [141.0331544, 38.3252096], [141.0333023, 38.3252273], [141.033519, 38.3252533], [141.0346081, 38.3253781], [141.0347581, 38.3253953], [141.0349013, 38.325409], [141.0352081, 38.3254492], [141.03542, 38.3254982], [141.035633, 38.325579], [141.0358277, 38.3256713], [141.035994, 38.3257772], [141.0361387, 38.3258911], [141.0362856, 38.3260529], [141.0364184, 38.3262559], [141.0364969, 38.3264446], [141.0365713, 38.3266235], [141.0366415, 38.3267957], [141.0367313, 38.3270162], [141.0367975, 38.3271934], [141.0369475, 38.3275948], [141.0373455, 38.3285936], [141.0375304, 38.3291078], [141.0377127, 38.3295667], [141.0379863, 38.3302277], [141.038377, 38.3312286], [141.0384335, 38.3313773], [141.0384497, 38.3314198], [141.0384828, 38.3315731], [141.0384987, 38.3316898], [141.0384999, 38.331871], [141.0384771, 38.331995], [141.0384418, 38.3321101], [141.0383973, 38.3322206], [141.0383404, 38.332331], [141.0382359, 38.3325502], [141.0379359, 38.3331096], [141.0378402, 38.3332827], [141.0375376, 38.3337916], [141.0373529, 38.3341421], [141.0372356, 38.3344245], [141.037174, 38.3346113], [141.0369801, 38.3352227], [141.0369576, 38.3352936], [141.0369377, 38.3353594], [141.0367868, 38.3358727], [141.0366779, 38.3362176], [141.0365089, 38.3367788], [141.0363494, 38.3373142], [141.0362925, 38.3375488], [141.0362697, 38.3376969], [141.0362537, 38.3378677], [141.036231, 38.3381297], [141.0362256, 38.3382079], [141.0362189, 38.338566], [141.036231, 38.3388689], [141.03627, 38.3391837], [141.0363198, 38.3394054], [141.0363407, 38.3394727], [141.036369, 38.3395581], [141.0364234, 38.3397182], [141.0365248, 38.3400256], [141.0366789, 38.3404671], [141.0369811, 38.3413296], [141.0372149, 38.3420268], [141.0372777, 38.3422848], [141.0373916, 38.3430821], [141.0374292, 38.3432711], [141.0374747, 38.3434067], [141.0375385, 38.3435502], [141.0376046, 38.3436721], [141.0377139, 38.343819], [141.0378358, 38.3439728], [141.0379058, 38.3440484], [141.0380499, 38.344204]], [[141.0205139, 38.3183028], [141.0205456, 38.3180672], [141.0205572, 38.3180092]], [[141.0380499, 38.344204], [141.0387897, 38.3450028], [141.0392744, 38.3455031], [141.0400066, 38.3463115], [141.0407824, 38.3471381], [141.0412297, 38.3476215], [141.0413562, 38.3477857], [141.0414134, 38.3478949], [141.0414567, 38.3480322], [141.0414715, 38.3481529], [141.0414704, 38.3482486], [141.0414544, 38.3483499], [141.0414339, 38.3484354], [141.0413975, 38.3485151], [141.0412016, 38.3488534], [141.0411503, 38.3489479], [141.0411116, 38.3490493], [141.0410854, 38.3491416], [141.0410728, 38.3492247], [141.0410823, 38.3493384], [141.0410945, 38.3494069], [141.0411302, 38.3495351], [141.0411718, 38.3496126], [141.0412274, 38.349697], [141.0413125, 38.349805], [141.0414361, 38.3499298], [141.0418462, 38.3503653], [141.0421613, 38.3507048], [141.0423895, 38.3509376], [141.0425592, 38.3510654], [141.042741, 38.3511708], [141.0428028, 38.3511992], [141.0429332, 38.3512477], [141.0431174, 38.3513181], [141.0431431, 38.3513279], [141.0432866, 38.3513641], [141.0434514, 38.351394], [141.04363, 38.351409], [141.0438166, 38.3514135], [141.0440688, 38.3513965], [141.0444683, 38.3513347], [141.0454692, 38.3511357], [141.0466914, 38.3509791], [141.0476369, 38.3509047], [141.0482303, 38.3508854], [141.0487383, 38.3508819], [141.0492765, 38.3508899], [141.0498967, 38.3509195], [141.050501, 38.3509669], [141.0511439, 38.3510289], [141.0517316, 38.3511052], [141.0524241, 38.3512168], [141.0533091, 38.3513489], [141.0539003, 38.3514309], [141.0541725, 38.3514492], [141.0544527, 38.3514492], [141.0547112, 38.3514207], [141.0548992, 38.3513934], [141.0551327, 38.3513341], [141.0553981, 38.3512555], [141.0555689, 38.35121], [141.0557454, 38.3511826], [141.0559288, 38.3511713], [141.0560837, 38.3511804], [141.0562102, 38.3511997], [141.0563696, 38.3512453], [141.056514, 38.3513058], [141.0566862, 38.3514054], [141.0568059, 38.351489], [141.056889, 38.351554], [141.0569573, 38.3516212], [141.0572, 38.3518831], [141.0577592, 38.3524481], [141.0580291, 38.3526576], [141.0582774, 38.3528148], [141.0584278, 38.352898], [141.0587314, 38.3530487], [141.0591773, 38.3532408], [141.0594962, 38.3533775], [141.0598265, 38.353521], [141.0605452, 38.3538354], [141.0606659, 38.3538992], [141.0607639, 38.353955], [141.060888, 38.3540393], [141.0610099, 38.3541304], [141.0611158, 38.3542192], [141.0612161, 38.354324], [141.0613129, 38.3544482], [141.0613824, 38.3545484], [141.061453, 38.3546748], [141.0615133, 38.354824], [141.0615521, 38.3549767], [141.0615749, 38.3551407], [141.0615897, 38.3553742], [141.0616443, 38.3563617], [141.0616648, 38.3565747], [141.0616944, 38.3567683], [141.0617355, 38.356946], [141.0618004, 38.3571464], [141.0619029, 38.3574118], [141.062125, 38.3579267], [141.0622628, 38.3582422], [141.0623414, 38.3584438], [141.0623881, 38.3586123], [141.0624177, 38.3587832], [141.0624291, 38.3589392], [141.06242, 38.3590805], [141.0623904, 38.3592639], [141.0623437, 38.359429], [141.0622799, 38.359642], [141.0621569, 38.3599848], [141.0621033, 38.3601113], [141.0620361, 38.3602343], [141.0619678, 38.3603493], [141.0618812, 38.3604712], [141.0617856, 38.3605805], [141.0616264, 38.3607354], [141.0614963, 38.3608528], [141.0612616, 38.3610555], [141.0610589, 38.3612446], [141.0609598, 38.3613528], [141.0608801, 38.3614564], [141.0608174, 38.3615567], [141.0607605, 38.3616808], [141.0607172, 38.361822], [141.0606899, 38.3619678], [141.0606902, 38.3621801], [141.0606903, 38.3622203], [141.0606904, 38.3622959], [141.0606926, 38.362362], [141.0607012, 38.3626239], [141.0607035, 38.3628836], [141.0606955, 38.3630909], [141.0606773, 38.3633153], [141.0606397, 38.3635169], [141.0605873, 38.3637583], [141.060568, 38.3638631], [141.0603959, 38.3645311], [141.0603402, 38.364742], [141.0603149, 38.3648398], [141.0600338, 38.3657418], [141.0598641, 38.3663041], [141.0595565, 38.3672938], [141.0594888, 38.3674629], [141.0594463, 38.3676005], [141.0594197, 38.3677085], [141.0594166, 38.367829], [141.0594267, 38.3679058], [141.0594551, 38.3679974], [141.0594624, 38.3680163], [141.0595007, 38.368107], [141.0595896, 38.368246], [141.0596431, 38.3683212], [141.0598037, 38.3685345], [141.0598937, 38.368648], [141.0600071, 38.3688], [141.0600271, 38.3688271], [141.0601447, 38.3689884], [141.0601799, 38.3690368], [141.0602702, 38.3691612], [141.0603621, 38.3692898], [141.0604238, 38.3693733], [141.0604484, 38.3694066], [141.0606682, 38.3697165], [141.0608166, 38.3699376], [141.0608683, 38.3699986], [141.0608954, 38.3700239], [141.0609348, 38.3700465], [141.060969, 38.3700573], [141.061005, 38.3700639], [141.0610412, 38.3700674], [141.0610818, 38.370066], [141.0611141, 38.3700589], [141.0611534, 38.3700434], [141.06124, 38.3699967], [141.0613339, 38.3699453], [141.0614792, 38.3698657], [141.0617389, 38.369721], [141.061822, 38.3696857], [141.0619006, 38.3696652], [141.0619473, 38.369663], [141.0620046, 38.3696663], [141.0620851, 38.369688], [141.062264, 38.3697574], [141.0623977, 38.3698057], [141.0626622, 38.3699076], [141.0627752, 38.3699492], [141.0628547, 38.3699838], [141.0634099, 38.3701902], [141.0638843, 38.3703802], [141.0641103, 38.3704657], [141.0642656, 38.3705293], [141.0646008, 38.3706536], [141.0647064, 38.3706928], [141.0650728, 38.3708263], [141.0651069, 38.3708387], [141.0651349, 38.3708519], [141.0654349, 38.3709682], [141.0655762, 38.3710457], [141.0656958, 38.3711197], [141.0658564, 38.3712405], [141.0659, 38.3712813], [141.0659896, 38.371365], [141.0660715, 38.3714617], [141.066173, 38.3716004], [141.0662238, 38.3716917], [141.0663165, 38.3718623], [141.0663495, 38.3719227], [141.0667853, 38.3727601], [141.0669224, 38.3730166], [141.0672011, 38.3735316], [141.0672777, 38.3736894], [141.0675387, 38.3741973], [141.0677312, 38.3745663], [141.0679086, 38.3749239], [141.0679624, 38.3750322], [141.0680112, 38.3751458], [141.0680421, 38.3752178], [141.0681041, 38.375415], [141.0681719, 38.3756438], [141.0682494, 38.376006], [141.0682699, 38.3761928], [141.0682847, 38.3764992], [141.0682745, 38.3768193], [141.0682426, 38.3772783], [141.0681503, 38.3786633], [141.0681207, 38.3788866], [141.0681092, 38.3790905], [141.0681039, 38.3792046], [141.0680646, 38.3795005], [141.0679595, 38.3801289], [141.0679536, 38.380164], [141.0678299, 38.3809726], [141.0678205, 38.3810379], [141.0678064, 38.3811353], [141.0677919, 38.381252], [141.0676934, 38.3820445], [141.0676609, 38.3824265], [141.0676147, 38.382814], [141.0675957, 38.3829736], [141.0675448, 38.3833089], [141.0675137, 38.38353], [141.067501, 38.3836447], [141.0674942, 38.3837057], [141.067492, 38.3837889], [141.0674908, 38.3838332], [141.0674937, 38.3839013], [141.0674965, 38.3839676], [141.0675193, 38.3842034], [141.0675569, 38.3844335], [141.0677041, 38.385291], [141.0677289, 38.3854483], [141.0677847, 38.3858766], [141.0678037, 38.3859806], [141.0678718, 38.3863544], [141.0678883, 38.3865008], [141.0679043, 38.3866534], [141.0679088, 38.3867627], [141.0679043, 38.3869302], [141.0678963, 38.3870281], [141.0678769, 38.3871716], [141.0678496, 38.3873095], [141.0677984, 38.3874689], [141.0676718, 38.3878351], [141.0675569, 38.3881592], [141.0674999, 38.3883459], [141.067468, 38.3885179], [141.0674441, 38.3886945], [141.0674418, 38.3888676], [141.0674612, 38.3890612], [141.0674749, 38.3891581], [141.0674988, 38.3892742], [141.0675523, 38.3894531], [141.0675774, 38.3895123], [141.0678929, 38.3902173], [141.0679795, 38.3904201], [141.0680307, 38.3905966], [141.0680717, 38.3907492], [141.0680956, 38.390911], [141.0681059, 38.3910704], [141.0681082, 38.3911957], [141.0680941, 38.3913403], [141.0680306, 38.3915854], [141.067959, 38.3917675], [141.067894, 38.3919263], [141.0678183, 38.3920781], [141.0677379, 38.3921994], [141.0675466, 38.3924672], [141.0673564, 38.3927448], [141.0672744, 38.3928814], [141.0671721, 38.3931108], [141.0671259, 38.3932324], [141.0670855, 38.3934106], [141.0670751, 38.3936115], [141.0670785, 38.3937585], [141.067087, 38.3939664], [141.0671275, 38.3942334], [141.0671883, 38.3945276], [141.0672197, 38.3947802], [141.0672612, 38.3952694], [141.0672926, 38.3963087], [141.0673314, 38.3971014], [141.0673667, 38.3974545], [141.0673986, 38.3976858], [141.0674327, 38.3978532], [141.0674783, 38.3980707], [141.0675708, 38.3983538], [141.0678861, 38.3991808], [141.0679025, 38.3992347], [141.0679384, 38.3993293], [141.0679681, 38.3993794], [141.0679941, 38.3994049], [141.0679407, 38.3994535], [141.0679011, 38.3995235], [141.0677619, 38.3998612], [141.06771, 38.4000594], [141.0678302, 38.3998761], [141.0678918, 38.3997439], [141.0679707, 38.3995453], [141.0679874, 38.3994899], [141.0679941, 38.3994049]], [[141.06771, 38.4000594], [141.0676138, 38.4002521], [141.0675166, 38.4004617], [141.0673046, 38.4008977], [141.0671904, 38.4011327], [141.0671273, 38.4012663], [141.0670922, 38.4013408], [141.0669851, 38.4016552], [141.0669288, 38.4018478], [141.0668017, 38.4022828], [141.0665922, 38.4030106], [141.0665136, 38.403276], [141.0664714, 38.4034354], [141.0664475, 38.4035527], [141.0664316, 38.4036427], [141.0664247, 38.4037578], [141.0664247, 38.4038375], [141.0664301, 38.4039266], [141.0664509, 38.4040607], [141.0664839, 38.4041986], [141.0665409, 38.4043546], [141.0666104, 38.4045004], [141.0668985, 38.4049845], [141.0670888, 38.4052681], [141.0671651, 38.4054139], [141.0671887, 38.4054696], [141.067214, 38.4055483], [141.0672334, 38.4056394], [141.0672459, 38.4057328], [141.0672516, 38.4058524], [141.0672402, 38.4060255], [141.0672061, 38.4061576], [141.0671651, 38.4062567], [141.0670956, 38.4063866], [141.0670284, 38.4064823], [141.0669395, 38.4065779], [141.0668577, 38.4066584], [141.0667641, 38.4067499], [141.0666753, 38.4068205], [141.0665216, 38.4069174], [141.0662675, 38.4070865], [141.0661673, 38.4071531], [141.0659213, 38.4073137], [141.065624, 38.4075244], [141.0651868, 38.4078743], [141.0648597, 38.4081611], [141.0644315, 38.4085917], [141.0643674, 38.408664], [141.0642948, 38.4087466], [141.0640078, 38.409086], [141.0638677, 38.4092728], [141.0637617, 38.4094288], [141.0636968, 38.409545], [141.0636364, 38.4096715], [141.0635932, 38.4097945], [141.0635715, 38.409877], [141.0635556, 38.4099551], [141.0635339, 38.4100781], [141.0635294, 38.4101988], [141.0635362, 38.4103537], [141.0635624, 38.4105166], [141.0635966, 38.4106556], [141.0636376, 38.4108651], [141.0636558, 38.4110872], [141.0636604, 38.4112831], [141.0636547, 38.4114517], [141.0636319, 38.4116681], [141.0635863, 38.4119107], [141.0633938, 38.4127331], [141.0633528, 38.4129199], [141.0633369, 38.4130634], [141.0633312, 38.4131819], [141.0633357, 38.4133481], [141.0633659, 38.413509], [141.0634941, 38.4141386], [141.0635112, 38.4142685], [141.06351, 38.4143687], [141.0634963, 38.4144735], [141.0634804, 38.4145714], [141.0634462, 38.4146853], [141.0634075, 38.4147776], [141.0633551, 38.4148801], [141.0633107, 38.4149655], [141.0632424, 38.4150521], [141.0631797, 38.415125], [141.0631114, 38.4151967], [141.063018, 38.4152799], [141.0625681, 38.4156501], [141.0624189, 38.4157833], [141.0623573, 38.4158528], [141.062171, 38.416074], [141.061314, 38.4171194], [141.0612332, 38.4172139], [141.0611386, 38.4173255], [141.0610555, 38.4174098], [141.0609245, 38.4175363], [141.0606933, 38.4177595], [141.0605281, 38.4179247], [141.0604541, 38.4179896], [141.0603174, 38.4181069], [141.0601841, 38.418214], [141.0599723, 38.4183757], [141.0597285, 38.4185625], [141.0596215, 38.4186616], [141.0595486, 38.4187493], [141.0594688, 38.4188472], [141.0594096, 38.4189486], [141.0593422, 38.4190721], [141.0593076, 38.4191661], [141.0592618, 38.4193186], [141.0591574, 38.4197684], [141.0590505, 38.4201928], [141.0589893, 38.4204567], [141.0589586, 38.4205956], [141.058954, 38.4207277], [141.0589608, 38.4208656], [141.0589982, 38.421049], [141.0590702, 38.4213519], [141.0593413, 38.4224522], [141.0594176, 38.4227107], [141.0594859, 38.4228953], [141.0595759, 38.423106], [141.0597684, 38.4235171], [141.0598641, 38.4237768], [141.0599313, 38.4239978], [141.0600429, 38.4244272], [141.0602992, 38.4253885], [141.0605372, 38.4262507], [141.0605771, 38.4264341], [141.0606135, 38.4266699], [141.0606215, 38.426892], [141.0606204, 38.4271255], [141.0605372, 38.4285766], [141.0605008, 38.4290219], [141.0604803, 38.4292008], [141.0604495, 38.4294627], [141.0604415, 38.42958], [141.0604415, 38.4296974], [141.0604495, 38.4298443], [141.0604734, 38.4300049], [141.060519, 38.4302019], [141.0606021, 38.4304867], [141.060675, 38.4307065], [141.0607354, 38.4308478], [141.0609222, 38.4311872], [141.0610634, 38.4313797], [141.0613835, 38.4318364], [141.0616033, 38.432161], [141.0620487, 38.4327841], [141.0626205, 38.4335552], [141.0632537, 38.4344219], [141.0638677, 38.4352614], [141.0642356, 38.4357739], [141.0646092, 38.436287], [141.0647082, 38.4364323], [141.0648472, 38.4366122], [141.065026, 38.4368116], [141.0653859, 38.4372478], [141.0655135, 38.437397], [141.0656172, 38.4375018], [141.0657106, 38.437577], [141.065804, 38.4376419], [141.0659201, 38.4377114], [141.0660693, 38.4377877], [141.0662687, 38.4378606], [141.0663894, 38.4378947], [141.0665603, 38.4379255], [141.0666844, 38.4379471], [141.0668051, 38.4379551], [141.0669623, 38.4379585], [141.0671571, 38.4379437], [141.0672824, 38.4379244], [141.067435, 38.4378891], [141.0675717, 38.4378469], [141.0677152, 38.4377991], [141.0678473, 38.4377376], [141.0679703, 38.4376738], [141.0681207, 38.4375952], [141.0683314, 38.4374813], [141.0684772, 38.4374141], [141.068648, 38.437356], [141.068836, 38.4373104], [141.0690216, 38.4372842], [141.0691948, 38.4372763], [141.069369, 38.4372877], [141.0695365, 38.4373127], [141.0696618, 38.4373435], [141.0698098, 38.4373913], [141.0699363, 38.4374403], [141.0700467, 38.4375029], [141.0701492, 38.4375667], [141.0702347, 38.4376259], [141.070319, 38.4377], [141.0704021, 38.4377922], [141.0704807, 38.4378891], [141.0705604, 38.4380098], [141.0706248, 38.438118], [141.0706646, 38.4381937], [141.071204, 38.4391807], [141.0712723, 38.4392877], [141.0713247, 38.4393584], [141.0713942, 38.4394335], [141.0714705, 38.439503], [141.0715571, 38.4395736], [141.0716391, 38.4396306], [141.0717544, 38.4396909], [141.0718996, 38.4397403], [141.0720514, 38.4397798], [141.0722063, 38.4397969], [141.0723566, 38.4398014], [141.0724762, 38.4397935], [141.0726197, 38.4397741], [141.0727895, 38.4397274], [141.0730856, 38.439634], [141.0732918, 38.4395839], [141.0734706, 38.4395588], [141.0736745, 38.439544], [141.0738738, 38.439552], [141.074031, 38.4395645], [141.0746278, 38.4396363], [141.0749217, 38.4396875], [141.075172, 38.4397418], [141.0756347, 38.4398607], [141.075875, 38.4399484], [141.0761233, 38.4400372], [141.0764525, 38.4401819], [141.077212, 38.440524], [141.0777179, 38.4407946], [141.0780858, 38.4410122], [141.0785676, 38.4413061], [141.0788763, 38.4415065], [141.0792351, 38.4417685], [141.0795198, 38.4419951], [141.0797146, 38.4421774], [141.0798433, 38.4423403], [141.0799538, 38.4425123], [141.0800289, 38.4426592], [141.0800902, 38.4428353], [141.080136, 38.4430214], [141.0801576, 38.4432093], [141.0801747, 38.4435465], [141.0802351, 38.4444918], [141.0803046, 38.4455067], [141.0803353, 38.445788], [141.0804003, 38.4461616], [141.080439, 38.4463382], [141.0804891, 38.4465352], [141.0805859, 38.4468564], [141.0806725, 38.4471024], [141.0809937, 38.4479521], [141.0810734, 38.4481719], [141.0810842, 38.4482198], [141.081095, 38.4482716], [141.0810996, 38.4483234], [141.0811076, 38.4484146], [141.0810928, 38.4487084], [141.0810666, 38.4491549], [141.0810404, 38.4495832], [141.0810244, 38.4497529], [141.0810267, 38.4498394], [141.0810324, 38.449901], [141.0810472, 38.4499682], [141.0810723, 38.4500319], [141.0810962, 38.4500724], [141.0811309, 38.4501196], [141.0812032, 38.450196], [141.0825689, 38.4514352], [141.08334, 38.4521209], [141.0839425, 38.4526733], [141.0841168, 38.4528088], [141.0843332, 38.4529535], [141.084692, 38.4532029], [141.0849027, 38.4533692], [141.0850702, 38.4535207], [141.0852558, 38.4536836], [141.0854426, 38.453851], [141.0856271, 38.4540139], [141.0857763, 38.4541483], [141.0858959, 38.4542394], [141.0860497, 38.4543522], [141.0862456, 38.4544877], [141.0864256, 38.4545971], [141.0865634, 38.4546745], [141.086757, 38.454769], [141.0880259, 38.455383], [141.0901808, 38.4564377], [141.0915682, 38.4571154], [141.0917618, 38.4572076], [141.0937704, 38.4581824], [141.0962833, 38.4594018], [141.0980325, 38.4602456], [141.1002095, 38.4613005], [141.1013469, 38.4618515], [141.1022871, 38.4623083], [141.1029278, 38.4626218], [141.1033647, 38.4628401], [141.1037851, 38.4630849], [141.1042162, 38.4633632], [141.1045095, 38.4635838], [141.104833, 38.4638594], [141.1051699, 38.4642097], [141.105501, 38.4646091], [141.1056576, 38.4648344], [141.1058396, 38.4651333], [141.1059408, 38.4653128], [141.1061141, 38.4657224], [141.1062567, 38.4661511], [141.1063565, 38.4666411], [141.1068276, 38.4701176], [141.1070268, 38.4715002], [141.1071587, 38.4725476], [141.1073328, 38.4737417], [141.1075155, 38.4750813], [141.1077079, 38.4763948], [141.1078965, 38.4778762], [141.1081488, 38.4798655], [141.1083627, 38.4814775], [141.108365, 38.4817144], [141.1083821, 38.482203], [141.1083901, 38.4824319], [141.1083855, 38.4826962], [141.1083673, 38.4829923], [141.1081611, 38.4843774], [141.1080689, 38.4849753], [141.1079231, 38.4859173], [141.1077909, 38.4867772], [141.1077488, 38.4870734], [141.1076543, 38.4876816], [141.1076121, 38.487955], [141.1075825, 38.4881554], [141.10757, 38.4882522], [141.1075654, 38.4883701], [141.1075688, 38.488439], [141.10757, 38.4884413], [141.1075808, 38.4885045], [141.1075962, 38.4885717], [141.1076184, 38.488631], [141.1076451, 38.4886908], [141.1076702, 38.488734], [141.1079128, 38.4891612], [141.1079663, 38.4892503], [141.1082537, 38.4897352], [141.1084775, 38.4901103], [141.1086245, 38.4903696], [141.1087112, 38.4905029], [141.1087933, 38.4905997], [141.1088753, 38.4906794], [141.1089652, 38.4907558], [141.1090643, 38.4908252], [141.1094095, 38.4910371], [141.1096737, 38.4911772], [141.1098315, 38.4912643], [141.1100257, 38.4913423], [141.1102916, 38.4914226], [141.1106527, 38.4915058], [141.1114471, 38.4916863], [141.1115622, 38.4917182], [141.1116328, 38.4917399], [141.1117797, 38.4917957], [141.1118743, 38.4918435], [141.1120041, 38.491921], [141.1121624, 38.4920269], [141.1129734, 38.4925736], [141.1130916, 38.4926545], [141.1135566, 38.4929734], [141.1137456, 38.4931044], [141.1138527, 38.4931909], [141.1139507, 38.4932821], [141.1140987, 38.4934472], [141.1141454, 38.4935053], [141.1142115, 38.4935964], [141.1142849, 38.4937098], [141.1143305, 38.4937912], [141.1143806, 38.4939], [141.1144376, 38.49406], [141.1146301, 38.4947588], [141.1146677, 38.4948658], [141.1147149, 38.4949701], [141.1147685, 38.4950674], [141.1148476, 38.4951996], [141.1149333, 38.4953283], [141.115543, 38.4960794], [141.1159877, 38.4966087], [141.1177108, 38.4986873], [141.1177805, 38.4987715], [141.1179508, 38.4989828], [141.1180761, 38.4991143], [141.1182145, 38.4992333], [141.1183358, 38.499325], [141.1185186, 38.4994429], [141.118698, 38.4995397], [141.1191599, 38.499755], [141.119242, 38.499787], [141.1194287, 38.4999065], [141.1195597, 38.5000073], [141.119669, 38.5001115], [141.1197823, 38.5002328], [141.1198586, 38.5003547], [141.1199071, 38.5004509], [141.1199612, 38.5005967], [141.119993, 38.5007323], [141.120001, 38.5008496], [141.1199953, 38.5009578], [141.1199794, 38.5010876], [141.1199475, 38.5012106], [141.1199008, 38.5013473], [141.1197698, 38.5017072], [141.1196667, 38.5019664], [141.1196525, 38.5020017], [141.1195636, 38.5022426], [141.1194725, 38.5024784], [141.1192185, 38.5031583], [141.1191832, 38.5032597], [141.1191604, 38.503377], [141.1191513, 38.5034841], [141.1191559, 38.5035969], [141.1191696, 38.5037301], [141.1191957, 38.5038463], [141.1192356, 38.5039818], [141.1192869, 38.5040912], [141.1194201, 38.5043429], [141.1194748, 38.5044545], [141.1198741, 38.5051974], [141.1199223, 38.5052876], [141.1201092, 38.5056471], [141.1201707, 38.5057871], [141.1202473, 38.5059686], [141.1204317, 38.5065036], [141.1204406, 38.5065286], [141.1206582, 38.5071027], [141.1207539, 38.5073214], [141.1208667, 38.5075754], [141.1209487, 38.5077348], [141.1212972, 38.5084034], [141.121557, 38.508891], [141.1215854, 38.5089376], [141.1216165, 38.5089876], [141.1218291, 38.5093864], [141.121898, 38.5095521], [141.1219202, 38.5096244], [141.1219407, 38.5097036], [141.1219533, 38.5097748], [141.1219669, 38.5098739], [141.1219749, 38.5099502], [141.1220057, 38.5104149], [141.1220227, 38.5105539], [141.1220535, 38.5106826], [141.1220911, 38.5107999], [141.1221372, 38.510899], [141.1221896, 38.5109943], [141.122287, 38.5111291], [141.1223963, 38.5112452], [141.1225589, 38.5113886], [141.1229642, 38.5117223], [141.1242098, 38.5127326], [141.1250857, 38.5135276], [141.1252004, 38.513625], [141.1254778, 38.5138673], [141.1256607, 38.5140324], [141.1257296, 38.5141093], [141.1257943, 38.5141943], [141.1258737, 38.5143052], [141.1259364, 38.5144174], [141.1260694, 38.5146816], [141.1261596, 38.5148485], [141.12629, 38.5150637], [141.1265808, 38.5155382], [141.126629, 38.5156326], [141.1271824, 38.5167148], [141.1283624, 38.5189187], [141.1286244, 38.5194392], [141.1287599, 38.5197183], [141.1289217, 38.5201146], [141.1290492, 38.5204176], [141.1293471, 38.5211417], [141.129416, 38.5213049], [141.1294946, 38.5214974], [141.1295743, 38.5217047], [141.129662, 38.5219382], [141.1297941, 38.5223551], [141.1298488, 38.5225008], [141.130129, 38.5232218], [141.1301951, 38.5233927], [141.1303466, 38.5239337], [141.1305583, 38.5247245], [141.1306438, 38.5250818], [141.1306569, 38.5251416], [141.1306928, 38.5252994], [141.1306993, 38.5253309], [141.1309035, 38.5262117], [141.1310197, 38.5266479], [141.1311279, 38.5270193], [141.1311746, 38.5272311], [141.1312088, 38.5274635], [141.1312304, 38.5276685], [141.1312475, 38.5279111], [141.1312635, 38.5281601], [141.1313341, 38.5292688], [141.1313512, 38.5295821], [141.1313604, 38.5303466], [141.1313597, 38.530492], [141.131631, 38.530402], [141.1329843, 38.5300012], [141.1336192, 38.5298154], [141.1349842, 38.5294156], [141.1351924, 38.5293685], [141.1354874, 38.529336], [141.1357583, 38.5293307], [141.1360213, 38.5293561], [141.1361145, 38.5293713], [141.1362492, 38.5293971], [141.1364708, 38.5294426], [141.1366008, 38.5294886], [141.1367426, 38.5295431], [141.1368878, 38.5296025], [141.1370327, 38.5296749], [141.1375368, 38.5299413], [141.1381647, 38.5302722], [141.1397375, 38.5311306], [141.140069, 38.5313132], [141.1407944, 38.5317023], [141.1411405, 38.5318948], [141.1420289, 38.5323712], [141.1440374, 38.5334578], [141.1441213, 38.533503], [141.1473795, 38.5352702], [141.1475907, 38.5353908], [141.1477813, 38.5354947], [141.1482745, 38.5357663], [141.1485912, 38.535945], [141.1487631, 38.536072], [141.1491938, 38.5364292], [141.1494047, 38.5366291], [141.1496294, 38.5368977], [141.1497827, 38.5371249], [141.1499163, 38.5374033], [141.1500012, 38.5376289], [141.15008, 38.5378838], [141.1501156, 38.538074], [141.1501256, 38.5382698], [141.1501363, 38.5385719], [141.1501241, 38.5388951], [141.150049, 38.5394732], [141.1499288, 38.5400579], [141.1498947, 38.5401803], [141.1498144, 38.5404287], [141.1497164, 38.5406827], [141.1496117, 38.5409395], [141.1494295, 38.5413182], [141.1492115, 38.5416827], [141.1490741, 38.5418867], [141.1488837, 38.5421175], [141.1486825, 38.5423094], [141.1483797, 38.5425279], [141.1481649, 38.5426451], [141.1479047, 38.5427741], [141.147587, 38.5428975], [141.1458512, 38.5435061], [141.1449999, 38.5437689], [141.1441728, 38.5440495], [141.1437543, 38.5442056], [141.1432975, 38.5444025], [141.1430707, 38.5445142], [141.1426185, 38.5447571], [141.1421967, 38.5450291], [141.1418722, 38.5452677], [141.1415757, 38.5455254], [141.1413789, 38.5457319], [141.1412844, 38.5458469], [141.1411891, 38.5459822], [141.1411581, 38.5460424], [141.1410827, 38.5461887], [141.1410338, 38.5463025], [141.1410133, 38.5463823], [141.1409939, 38.546462], [141.1409814, 38.5465611], [141.1409689, 38.5466875], [141.1409689, 38.546769], [141.1409757, 38.5468527], [141.1410156, 38.5470941], [141.141097, 38.5474352], [141.1414245, 38.5487092], [141.141486, 38.5489894], [141.1415099, 38.5491626], [141.1415213, 38.5493516], [141.1415094, 38.549544], [141.1414814, 38.5496956], [141.1414265, 38.5498676], [141.1413413, 38.5500635], [141.1412252, 38.550248], [141.1410611, 38.5504633], [141.1405361, 38.5510203], [141.1399278, 38.5516581], [141.1397843, 38.5518358], [141.1396864, 38.5519702], [141.1396169, 38.5520955], [141.1395577, 38.5522345], [141.1394403, 38.5526513], [141.1393743, 38.5528199], [141.1392934, 38.5529515], [141.139241, 38.5530249], [141.1384426, 38.5538518], [141.1382991, 38.5540136], [141.1381897, 38.5541844], [141.1369049, 38.5562415], [141.1368252, 38.5563781], [141.13675, 38.5565171], [141.1365837, 38.5568747], [141.1363605, 38.5574237], [141.1363149, 38.557549], [141.136299, 38.5576561], [141.136299, 38.5577677], [141.1363058, 38.55795], [141.1363331, 38.558221], [141.13634, 38.55836], [141.1363297, 38.5584602], [141.1363047, 38.5585513], [141.1362192, 38.5587427], [141.1360131, 38.5591994], [141.1359755, 38.5592894], [141.1359504, 38.5593612], [141.1359254, 38.5594534], [141.135874, 38.5597596], [141.1356497, 38.5608088], [141.1356307, 38.5609469], [141.1356087, 38.5611004], [141.1355698, 38.5617167], [141.1355632, 38.5621255], [141.1355739, 38.562221], [141.1356087, 38.5624034], [141.1356908, 38.5626495], [141.13584, 38.5630686], [141.1358559, 38.563129], [141.1358693, 38.5631854], [141.1358948, 38.5638363], [141.1359094, 38.5639753], [141.1359504, 38.5640914], [141.1360188, 38.5641826], [141.1360757, 38.564235], [141.1361631, 38.5642779], [141.1366044, 38.5644178], [141.136766, 38.5644798], [141.1369393, 38.5645725], [141.1370211, 38.5646336], [141.1370965, 38.5647079], [141.1372852, 38.5649785], [141.1376236, 38.5655995], [141.1379538, 38.5661921], [141.1382433, 38.5666439], [141.1385366, 38.5671476], [141.138602, 38.5672453], [141.1386738, 38.5673353], [141.1387342, 38.5674037], [141.1388116, 38.5674674], [141.1388856, 38.5675107], [141.1389598, 38.5675514], [141.1393139, 38.5676987], [141.1395308, 38.5677886], [141.1397456, 38.567898], [141.1398014, 38.5679299], [141.1398413, 38.567964], [141.1398902, 38.5680164], [141.1399495, 38.5681019], [141.1399985, 38.5681827], [141.1400178, 38.5682727], [141.1400167, 38.5683673], [141.1399939, 38.5684652], [141.1399199, 38.568652], [141.1395232, 38.5695454], [141.1394493, 38.569784], [141.1394164, 38.5699117], [141.1394019, 38.5699988], [141.1393993, 38.5701133], [141.1394028, 38.570209], [141.1395212, 38.5709926], [141.1395508, 38.5711635], [141.1395793, 38.5712854], [141.1396328, 38.5714038], [141.1397035, 38.5715052], [141.1397752, 38.5715895], [141.1398959, 38.5717034], [141.1402878, 38.5720314], [141.140388, 38.5721282], [141.1404597, 38.5722159], [141.1405167, 38.5723105], [141.1405634, 38.5724289], [141.1406557, 38.5726704], [141.1406934, 38.5727877], [141.1408719, 38.5733405], [141.1409222, 38.573462], [141.1409729, 38.5735511], [141.1410611, 38.5736579], [141.1411921, 38.5737673], [141.1412783, 38.5738254], [141.1413709, 38.57388], [141.1414902, 38.5739307], [141.1416249, 38.5739734], [141.1417711, 38.574001], [141.1418846, 38.5740144], [141.1426431, 38.5740116], [141.142748, 38.5740258], [141.1428642, 38.5740577], [141.1429591, 38.5740983], [141.1432606, 38.5742878], [141.1436159, 38.5745361], [141.1439568, 38.5747542], [141.1440806, 38.5748584], [141.1441763, 38.5749495], [141.1442321, 38.5750371], [141.1442891, 38.5751739], [141.1443779, 38.5754701], [141.1444394, 38.575699], [141.1444816, 38.5758607], [141.1445146, 38.575953], [141.1445704, 38.5760487], [141.1446251, 38.5761318], [141.1447276, 38.5762719], [141.1452242, 38.5768186], [141.1456764, 38.5774212], [141.1460363, 38.5779699], [141.1461434, 38.5780943], [141.1462516, 38.5781923], [141.146386, 38.5782686], [141.1465454, 38.5783369], [141.1471218, 38.5785317], [141.1472527, 38.5786217], [141.1473666, 38.5787618], [141.1475751, 38.5790044], [141.1477402, 38.5791376], [141.1478564, 38.5792003], [141.1479635, 38.5792345], [141.1485444, 38.5794042], [141.1487061, 38.5794588], [141.1488394, 38.5795226], [141.1489396, 38.5795841], [141.1490364, 38.5796798], [141.1491173, 38.5797914], [141.1491526, 38.5798985], [141.1491537, 38.5799862], [141.1491321, 38.5801126], [141.1490922, 38.5802823], [141.1490877, 38.5803723], [141.1490979, 38.5804726], [141.149131, 38.5805751], [141.1491811, 38.5806776], [141.149279, 38.5807698], [141.1494009, 38.5808564], [141.1495068, 38.5809099], [141.1496993, 38.5809805], [141.1510798, 38.5814156], [141.1512324, 38.5814669], [141.1513953, 38.5815409], [141.1515149, 38.5816127], [141.151688, 38.5817368], [141.1520491, 38.5820022], [141.1530632, 38.5827506], [141.1531831, 38.582839], [141.1534097, 38.5830564], [141.1535493, 38.5832341], [141.1539347, 38.5837713], [141.1540992, 38.5839916], [141.1542946, 38.5842639], [141.1544561, 38.5844881], [141.1554147, 38.5858145], [141.155703, 38.5861653], [141.1560501, 38.5865883], [141.1561483, 38.5866869], [141.1562414, 38.5867612], [141.1563421, 38.5868216], [141.1564388, 38.5868669], [141.1566028, 38.586925], [141.1567281, 38.5869557], [141.1569149, 38.5869899], [141.1576814, 38.5871277], [141.1578557, 38.5871687], [141.1582452, 38.5872621], [141.1596058, 38.5875303], [141.1599602, 38.587602], [141.1603804, 38.5876959], [141.1605933, 38.5877578], [141.1608015, 38.5878369], [141.1610162, 38.5879426], [141.1611349, 38.5880139], [141.1612703, 38.5881092], [141.1613704, 38.5881878], [141.1614766, 38.5882827], [141.1615666, 38.5883704], [141.16166, 38.5884877], [141.1617761, 38.5886597], [141.1618935, 38.5888522], [141.1625313, 38.5901392], [141.1626498, 38.5903534], [141.1627488, 38.5905106], [141.1628787, 38.5906928], [141.1630849, 38.5909479], [141.1634322, 38.5913568], [141.1646856, 38.5928165], [141.1652854, 38.5936052], [141.1655667, 38.5939503], [141.165845, 38.5942733], [141.1665725, 38.5951014], [141.167353, 38.5959869], [141.1680121, 38.5967349], [141.168109, 38.5968677], [141.1681696, 38.5969637], [141.1682297, 38.5970826], [141.1682821, 38.5972102], [141.1683197, 38.5973252], [141.168384, 38.5976259], [141.1683916, 38.59766], [141.168689, 38.5987083], [141.1687184, 38.5987848], [141.1687878, 38.5989893], [141.1689114, 38.5994062], [141.1689564, 38.5995497], [141.1689908, 38.5996465], [141.1690339, 38.5997479], [141.1690811, 38.5998458], [141.1691315, 38.5999375], [141.1692599, 38.6001402], [141.1693613, 38.6002974], [141.1709337, 38.6027366], [141.1730878, 38.6060805], [141.1732944, 38.6064124], [141.1744575, 38.6082231], [141.1756381, 38.6100421], [141.1774087, 38.6127976], [141.1774582, 38.6128698], [141.177483, 38.6129059], [141.1782131, 38.6140423], [141.1782882, 38.6141779], [141.1783475, 38.6143157], [141.1783919, 38.6144512], [141.1784636, 38.6147337], [141.1784762, 38.6147827], [141.1788846, 38.6163606], [141.1789247, 38.6164766], [141.1789682, 38.6165697], [141.1790242, 38.616654], [141.1790724, 38.6167224], [141.1792054, 38.6168743], [141.1803916, 38.6182619], [141.1804854, 38.618383], [141.1807683, 38.618701], [141.1809854, 38.6189309], [141.1812525, 38.6191935], [141.1825892, 38.6205222], [141.1836456, 38.6215754], [141.1839407, 38.6218775], [141.1860318, 38.6239494], [141.1871088, 38.6250281], [141.1877252, 38.6256085], [141.1889814, 38.6269062], [141.1894643, 38.6273959], [141.190127, 38.6280532], [141.1902738, 38.6281957], [141.1908171, 38.6287535], [141.1913457, 38.6294086], [141.1914244, 38.6295094], [141.1914691, 38.629545], [141.1915221, 38.6295764], [141.1916059, 38.6295985], [141.1916866, 38.6296015], [141.1931221, 38.6294524], [141.1937194, 38.6293948], [141.1948255, 38.6292778], [141.1948949, 38.629273], [141.1949543, 38.629285], [141.1949937, 38.6293139], [141.1952749, 38.6299665], [141.1952911, 38.6299935], [141.1953141, 38.6300084], [141.195337, 38.6300202], [141.1953673, 38.6300209], [141.1954103, 38.6300178], [141.1968944, 38.6294877], [141.1972537, 38.6293641], [141.1992141, 38.6286444], [141.1993952, 38.6287735], [141.2001495, 38.629406], [141.2007277, 38.6298972], [141.201337, 38.6304826], [141.2013917, 38.630535], [141.2015876, 38.6306922], [141.2016924, 38.6307811], [141.2017642, 38.6308699], [141.2018143, 38.6309508], [141.2018735, 38.6310761], [141.2019094, 38.6311819], [141.2021226, 38.6318101], [141.202435, 38.6327304], [141.2025361, 38.6330323], [141.2025706, 38.6331023], [141.2026127, 38.6331741], [141.2026446, 38.6332197], [141.2026777, 38.6332527], [141.2027221, 38.6332846], [141.2027688, 38.6333188], [141.202836, 38.6333563], [141.2029282, 38.6333894], [141.2030535, 38.633419], [141.2044598, 38.6336598], [141.2043943, 38.634019], [141.2043793, 38.6341935], [141.2043691, 38.6343837], [141.2043691, 38.6346696], [141.2043645, 38.6353781], [141.204385, 38.6358029], [141.2044135, 38.6361606], [141.2044526, 38.6364876], [141.2045183, 38.6368121], [141.2046094, 38.637139], [141.2047746, 38.6377392], [141.2048372, 38.6379397], [141.2048987, 38.6380969], [141.2050444, 38.6384497], [141.2051817, 38.6387527], [141.2053451, 38.6390756], [141.205553, 38.6394529], [141.205778, 38.6398122], [141.2060425, 38.6401649], [141.2064113, 38.6406847], [141.2067302, 38.6411061], [141.2073373, 38.6418829], [141.2078681, 38.6425879], [141.2082901, 38.6431409], [141.2083157, 38.643162], [141.2083462, 38.6431771], [141.2083781, 38.6431836], [141.208404, 38.6431845], [141.2084521, 38.6431796], [141.2084868, 38.6431717], [141.2085234, 38.643159], [141.2097319, 38.6425833], [141.2102336, 38.642371], [141.2103062, 38.6423591], [141.2103661, 38.6423623], [141.2104262, 38.6423683], [141.2104756, 38.6423839], [141.2105185, 38.642412], [141.2106062, 38.6425173], [141.2114411, 38.6436187], [141.2115687, 38.6438078], [141.2117327, 38.6440926], [141.211842, 38.6443056], [141.21194, 38.6445185], [141.2121632, 38.6450789], [141.2123785, 38.6456427], [141.2124958, 38.6459366], [141.2125801, 38.6461029], [141.2126815, 38.6462532], [141.2127851, 38.646366], [141.2129127, 38.6464674], [141.2130631, 38.6465744], [141.2132578, 38.6466781], [141.2134184, 38.6467487], [141.2136041, 38.6468022], [141.2138156, 38.6468512], [141.2141155, 38.6469207], [141.2142228, 38.6469445], [141.2147907, 38.6470706], [141.2152385, 38.6472054], [141.216373, 38.6475779], [141.2166304, 38.647669], [141.2167773, 38.6477271], [141.216914, 38.6478068], [141.2169755, 38.6478547], [141.2170154, 38.6478991], [141.2170849, 38.6479857], [141.2171452, 38.6480893], [141.2171874, 38.6482009], [141.2172238, 38.6483217], [141.2172546, 38.6484891], [141.2175143, 38.6499129], [141.2175359, 38.6500461], [141.2175416, 38.6501327], [141.2175382, 38.6502033], [141.2175325, 38.650258], [141.2175154, 38.6503331], [141.2174915, 38.6504026], [141.2174414, 38.6504972], [141.2173844, 38.6505894], [141.2173548, 38.6506373], [141.2172762, 38.6507318], [141.2171771, 38.6508468], [141.2170815, 38.6509516], [141.2169812, 38.6510553], [141.216881, 38.651143], [141.2162107, 38.6517159], [141.2160171, 38.6518927], [141.2158976, 38.6520025], [141.2152582, 38.6527171], [141.2150339, 38.6529677], [141.2139128, 38.654212], [141.2137265, 38.6544216], [141.2137174, 38.6544261], [141.2135346, 38.654642], [141.2131923, 38.6550566], [141.2124788, 38.6559399], [141.2123843, 38.6560555], [141.2123102, 38.6561653], [141.2122557, 38.6562621], [141.2122167, 38.6563497], [141.2121883, 38.6564355], [141.2121437, 38.6565753], [141.2121214, 38.6566753], [141.2120874, 38.6567934], [141.2120764, 38.6569031], [141.2120767, 38.6570544], [141.2120949, 38.6572036], [141.2121279, 38.6573813], [141.2121815, 38.6575499], [141.2122373, 38.6576865], [141.2123033, 38.6578209], [141.2123819, 38.6579371], [141.2134469, 38.6592925], [141.2139139, 38.6598848], [141.2143478, 38.6604338], [141.2147761, 38.6609919], [141.2148536, 38.6611183], [141.214898, 38.6612163], [141.214931, 38.6613074], [141.2149606, 38.6614042], [141.2149811, 38.6615215], [141.214988, 38.661689], [141.2149876, 38.6617562], [141.2149891, 38.6619037], [141.2150358, 38.6638804], [141.2150324, 38.6640097], [141.2150216, 38.6641281], [141.2150039, 38.6642358], [141.2149789, 38.6643349], [141.2149464, 38.664438], [141.2149094, 38.6645228], [141.2148769, 38.66459], [141.2148439, 38.6646464], [141.2147909, 38.6647364], [141.2145542, 38.665103], [141.2138528, 38.6659967], [141.2132277, 38.6667239], [141.2131349, 38.6668446], [141.2130462, 38.6669685], [141.212934, 38.6671469], [141.2128553, 38.6672844], [141.2123984, 38.6682546], [141.2122097, 38.6685853], [141.2119797, 38.6689882], [141.2119479, 38.6690426], [141.2118639, 38.6691866], [141.2117908, 38.6692994], [141.2117305, 38.6693758], [141.2116569, 38.6694542], [141.211637, 38.6694686], [141.2115763, 38.6695125], [141.211499, 38.6695626], [141.2114017, 38.6696115], [141.2112703, 38.6696495], [141.2111165, 38.6696859], [141.2108557, 38.6697337], [141.2102007, 38.6698277], [141.2100601, 38.6698533], [141.209928, 38.6698835], [141.2098146, 38.6699251], [141.2097451, 38.6699564], [141.2096637, 38.6700025], [141.2095675, 38.6700723], [141.2090863, 38.6705304], [141.2089974, 38.6706222], [141.208892, 38.6707406], [141.2088237, 38.6708408], [141.2086597, 38.6711256], [141.2085116, 38.6714081], [141.2084455, 38.6715493], [141.2084159, 38.671645], [141.2083886, 38.671776], [141.2082781, 38.6726393], [141.2082519, 38.6727908], [141.2082314, 38.672899], [141.2082029, 38.6729901], [141.2081767, 38.6730665], [141.2081517, 38.6731416], [141.2081118, 38.6732168], [141.2080742, 38.6733], [141.2080116, 38.6734036], [141.2078954, 38.6735961], [141.2077599, 38.6737954], [141.2076722, 38.6739401], [141.207638, 38.673997], [141.2076164, 38.6740357], [141.2075685, 38.674128], [141.2075195, 38.6742351], [141.2074831, 38.6743456], [141.2074501, 38.6744526], [141.2074182, 38.6745973], [141.2073988, 38.6747351], [141.207392, 38.6748353], [141.2073965, 38.6749435], [141.2074091, 38.6750551], [141.2074227, 38.6751474], [141.2075047, 38.6755221], [141.2076334, 38.6761167], [141.2076722, 38.6762853], [141.2077041, 38.676398], [141.2077462, 38.6765017], [141.2078145, 38.67666], [141.2079102, 38.6768627], [141.2081505, 38.67734], [141.2084661, 38.6779699], [141.2086939, 38.678418], [141.2087235, 38.6784944], [141.2087497, 38.6785542], [141.2087673, 38.6786128], [141.208777, 38.6786749], [141.2087793, 38.6787455], [141.2087793, 38.6788178], [141.2087702, 38.6788907], [141.2087548, 38.67895], [141.2087303, 38.6790274], [141.2087064, 38.6790866], [141.2086808, 38.6791356], [141.2086483, 38.6791857], [141.2086067, 38.679245], [141.2085617, 38.6792991], [141.2085071, 38.6793549], [141.2084421, 38.6794084], [141.2083596, 38.6794733], [141.2076145, 38.67997], [141.2069216, 38.6804876], [141.2062176, 38.6810292], [141.2053007, 38.6819171], [141.2048656, 38.6823354], [141.2046448, 38.6825609], [141.2040272, 38.6831817], [141.2038537, 38.6833413], [141.2037194, 38.6834396], [141.2036209, 38.6835031], [141.2035242, 38.6835611], [141.2022854, 38.6842834], [141.2020075, 38.6844549], [141.2018026, 38.6845886], [141.2016435, 38.6846985], [141.2014063, 38.6848771], [141.200984, 38.6852071], [141.2007653, 38.6853677], [141.2005959, 38.6855054], [141.2005137, 38.685574], [141.2003991, 38.6856735], [141.2005255, 38.6857446], [141.2012043, 38.6861754], [141.2018462, 38.6865798], [141.2023541, 38.68689], [141.2024213, 38.6869325], [141.2024797, 38.6869754], [141.2031118, 38.6875086], [141.2038513, 38.6881026], [141.2039036, 38.6881424], [141.2039687, 38.6881929], [141.2049926, 38.6889907], [141.2056018, 38.6900052], [141.2060819, 38.6908081], [141.2061561, 38.6909482], [141.2061851, 38.6910092], [141.2062015, 38.6910462], [141.2062089, 38.6910823], [141.2062175, 38.6911335], [141.2062272, 38.6912187], [141.2062628, 38.6916201], [141.2062813, 38.6919519], [141.2063622, 38.6926766], [141.2063823, 38.6932999], [141.2063823, 38.6933751], [141.2065308, 38.6934592], [141.2070427, 38.6937387], [141.2085271, 38.6945617], [141.2096394, 38.6951904], [141.2097574, 38.6952557], [141.2098816, 38.6953252], [141.2124763, 38.6967939], [141.2130643, 38.6971231], [141.2140509, 38.6976639], [141.214198, 38.6977477], [141.2161542, 38.6988439], [141.2162616, 38.6989109], [141.2169746, 38.6993145], [141.2184371, 38.7001155], [141.2195918, 38.7007699], [141.2228214, 38.7026], [141.222995, 38.7026977], [141.2251344, 38.7039062], [141.2272391, 38.7050973], [141.2288581, 38.7060197], [141.2289355, 38.7060604], [141.2302438, 38.7067819], [141.2312449, 38.7073682], [141.2334271, 38.7085944], [141.2345893, 38.709253], [141.2356825, 38.7098725], [141.236328, 38.7102195], [141.2364328, 38.7102735], [141.2379454, 38.711159], [141.2380226, 38.7112028], [141.238074, 38.711232], [141.2397011, 38.7121575], [141.240449, 38.7125761], [141.2405126, 38.7126103], [141.2415951, 38.7132279], [141.2426133, 38.7138085], [141.2438878, 38.7145192], [141.2451537, 38.7152058], [141.2452914, 38.7152844], [141.2454602, 38.7153807], [141.2456259, 38.7154726], [141.2461083, 38.7157512], [141.2475345, 38.7165825], [141.2485557, 38.7171633], [141.2495998, 38.7177446], [141.2504621, 38.7182552], [141.2505759, 38.7183146], [141.2507321, 38.7183788], [141.2513061, 38.7186276], [141.2519212, 38.718885], [141.2523312, 38.7190639], [141.2534759, 38.7195605], [141.2541058, 38.7198281], [141.2548074, 38.7201243], [141.2549539, 38.7201908], [141.2550819, 38.720249], [141.2557027, 38.72054], [141.2562209, 38.7207689], [141.2578429, 38.7214671], [141.2582683, 38.7216504], [141.2590549, 38.7219894], [141.2606869, 38.7227087], [141.2607541, 38.7227383], [141.2617808, 38.7231837], [141.2624718, 38.7234835], [141.2626324, 38.7235527], [141.2627736, 38.7236005], [141.2629319, 38.7236255], [141.2631005, 38.7236381], [141.2632622, 38.723646], [141.2633989, 38.7236506], [141.263551, 38.7236502], [141.2668347, 38.7237753], [141.2702077, 38.7238248], [141.2702535, 38.7238268], [141.2705893, 38.7238306], [141.2708314, 38.7238212], [141.2710849, 38.7237816], [141.2713104, 38.7237212], [141.2715293, 38.7236383], [141.2718059, 38.7234991], [141.2723697, 38.7231836], [141.2727793, 38.7229599], [141.2729972, 38.7228592], [141.2732536, 38.7227674], [141.273456, 38.7227121], [141.273727, 38.7226656], [141.2740171, 38.7226441], [141.2743016, 38.7226478], [141.2745931, 38.7226799], [141.274847, 38.7227394], [141.2750625, 38.7228048], [141.2755494, 38.7230399], [141.2775015, 38.724143], [141.2844807, 38.7280916], [141.2854888, 38.7286404], [141.2871587, 38.7295784], [141.2884275, 38.7302943], [141.289977, 38.7311723], [141.2926356, 38.7326717], [141.2930289, 38.732905], [141.2933624, 38.7331102], [141.2934833, 38.7332], [141.2935779, 38.7332877], [141.2938356, 38.733553], [141.2944481, 38.7342034], [141.2949766, 38.7347718], [141.295488, 38.7352923], [141.2958331, 38.7356579], [141.2963832, 38.7362309], [141.2965666, 38.7363926], [141.2967602, 38.7365281], [141.2975997, 38.7370737], [141.2981002, 38.7374025], [141.2984368, 38.7376079], [141.2986715, 38.7377241], [141.2989072, 38.7378243], [141.29902, 38.7378619], [141.2993049, 38.7379534], [141.2996009, 38.7380453], [141.299774, 38.738096], [141.2999642, 38.7381376], [141.3001021, 38.7381603], [141.300286, 38.7381843], [141.3005839, 38.7382139], [141.3010907, 38.7382586], [141.3016568, 38.7382982], [141.3018066, 38.7382959], [141.3019655, 38.7382845], [141.3021056, 38.7382691], [141.3025509, 38.7381877], [141.3027377, 38.7381603], [141.3029735, 38.7381467], [141.3031318, 38.7381444], [141.3033437, 38.7381626], [141.303609, 38.7382013], [141.3039986, 38.7382742], [141.3051763, 38.7385066], [141.3063745, 38.7387993], [141.3067379, 38.7388825], [141.308042, 38.7392207], [141.3089771, 38.7394759], [141.3093416, 38.7395932], [141.3097961, 38.7397777], [141.3104077, 38.7400363], [141.3110865, 38.7403367], [141.3116314, 38.7406102], [141.3116954, 38.7406439], [141.3120251, 38.7408381], [141.3123645, 38.7410318], [141.3136949, 38.7418245], [141.3139409, 38.7419737], [141.3143111, 38.7421673], [141.3154831, 38.7427061], [141.3156881, 38.7428052], [141.3157531, 38.7428365], [141.3168613, 38.7433519], [141.3172805, 38.7435512], [141.3174798, 38.7436537], [141.317619, 38.743739], [141.3177645, 38.7438417], [141.317932, 38.7439658], [141.3181712, 38.7441925], [141.3182885, 38.7443383], [141.3184092, 38.7445205], [141.3185311, 38.744746], [141.3186461, 38.7449966], [141.3191313, 38.7460901], [141.3197794, 38.74754], [141.3199258, 38.7478521], [141.3201883, 38.7484284], [141.3205608, 38.7492246], [141.3206849, 38.749441], [141.3209367, 38.7498567], [141.3211223, 38.7500731], [141.3212579, 38.7502018], [141.3215175, 38.7503898], [141.3217704, 38.7505242], [141.322283, 38.7508203], [141.3225802, 38.7510322], [141.3227773, 38.7511996], [141.3229652, 38.7513967], [141.3232454, 38.7517577], [141.323414, 38.752014], [141.3237614, 38.7525539], [141.3239413, 38.7528067], [141.324201, 38.7531109], [141.3246054, 38.7535425], [141.3258628, 38.7549777], [141.3260519, 38.7552203], [141.3264152, 38.7557431], [141.3266715, 38.7561246], [141.3268515, 38.7564367], [141.3275634, 38.7578502], [141.3276112, 38.7580188], [141.3276351, 38.7581452], [141.3276419, 38.7582671], [141.3276397, 38.7583616], [141.3276283, 38.758463], [141.3275668, 38.7586623], [141.3274529, 38.7589391], [141.327388, 38.7590519], [141.3272387, 38.7592717], [141.3270713, 38.7595246], [141.3268185, 38.7598742], [141.32701, 38.7599938], [141.3270827, 38.7600314], [141.3278891, 38.7603697], [141.3279284, 38.7603858], [141.3283956, 38.7606102], [141.328544, 38.7607057], [141.3287311, 38.7608237], [141.3289782, 38.7610039], [141.3292081, 38.7611955], [141.3294382, 38.7614187], [141.3296523, 38.7616761], [141.3298493, 38.7619484], [141.3302789, 38.7626037], [141.3315674, 38.7645858], [141.3318162, 38.7649743], [141.332223, 38.7656364], [141.332739, 38.7665055], [141.3330385, 38.7670386], [141.3332937, 38.7675055], [141.33344, 38.7677817], [141.3335046, 38.7679], [141.3338534, 38.7685671], [141.3343107, 38.7695314], [141.3347561, 38.7704852], [141.3355054, 38.7720792], [141.3357539, 38.7726162], [141.3366902, 38.7745947], [141.3368792, 38.7749489], [141.3370524, 38.7752302], [141.3372608, 38.7754877], [141.3375114, 38.7757098], [141.3378166, 38.7759011], [141.338131, 38.7760207], [141.3383964, 38.7760959], [141.3385353, 38.7761209], [141.3386675, 38.7761346], [141.3388053, 38.776146], [141.3389659, 38.7761483], [141.3390843, 38.7761392], [141.3393794, 38.7761044], [141.3395992, 38.7760583], [141.339819, 38.7759945], [141.3399122, 38.7759724], [141.3400007, 38.7759564], [141.3400992, 38.7759421], [141.3402171, 38.7759307], [141.3403016, 38.7759287], [141.3411807, 38.775929], [141.3414193, 38.7759171], [141.3415185, 38.7759079], [141.3415788, 38.7759023], [141.3417769, 38.7758658], [141.3427553, 38.7756255], [141.3429649, 38.7755822], [141.3431415, 38.7755583], [141.3432986, 38.7755526], [141.3435059, 38.7755685], [141.344129, 38.7756243], [141.3443329, 38.7756517], [141.3445083, 38.7756927], [141.3449422, 38.7758271], [141.3460015, 38.7761392], [141.3462954, 38.776228], [141.3464696, 38.7762884], [141.3465727, 38.7763299], [141.3466855, 38.7763806], [141.3468045, 38.7764507], [141.3469059, 38.7765202], [141.3469941, 38.7765948], [141.3470579, 38.7766585], [141.3471451, 38.7767759], [141.3474082, 38.7771637], [141.3474776, 38.7772486], [141.3475534, 38.7773232], [141.347661, 38.7774086], [141.348095, 38.7776928], [141.3482636, 38.7777805], [141.3484093, 38.777834], [141.3485642, 38.7778682], [141.3486713, 38.7778853], [141.3487926, 38.7778938], [141.3492533, 38.7778978], [141.3494014, 38.7778887], [141.3495922, 38.7778687], [141.3498735, 38.7778175], [141.3500083, 38.7777898], [141.3517022, 38.7774422], [141.3518184, 38.7774222], [141.3519653, 38.777416], [141.3521026, 38.7774257], [141.352262, 38.7774587], [141.3531396, 38.7776609], [141.3533253, 38.7777121], [141.353569, 38.7778044], [141.3540428, 38.7779946], [141.3546636, 38.7782452], [141.3548174, 38.7783249], [141.3550019, 38.7784308], [141.3557946, 38.7789571], [141.3559894, 38.7790653], [141.3573482, 38.7798067], [141.3581284, 38.7802646], [141.3582776, 38.7803409], [141.3584417, 38.7804002], [141.35919, 38.7806018], [141.3596595, 38.7807253], [141.3597643, 38.7807521], [141.3598404, 38.7807715], [141.3630005, 38.7815665], [141.366196, 38.782341], [141.3677083, 38.7827118], [141.368085, 38.7827995], [141.3683145, 38.7828336], [141.3685423, 38.7828553], [141.3694353, 38.7828963], [141.3695401, 38.7828986], [141.370691, 38.7828957], [141.3707964, 38.7828912], [141.3710145, 38.7828678], [141.3723135, 38.7826742], [141.372489, 38.7826406], [141.3726632, 38.7825973], [141.3728682, 38.7825278], [141.3732976, 38.7823627], [141.3741952, 38.7820107], [141.3756217, 38.7814595], [141.3759166, 38.7813455], [141.3762966, 38.7811986], [141.3764755, 38.7811428], [141.3765854, 38.7811189], [141.3766976, 38.7811098], [141.3768565, 38.7811012], [141.3769578, 38.7811069], [141.3770922, 38.7811246], [141.3790211, 38.781489], [141.3792239, 38.7815335], [141.3795132, 38.7816075], [141.3798002, 38.7816918], [141.3804415, 38.7819059], [141.3805816, 38.7819526], [141.380757, 38.7819879], [141.3809312, 38.7820084], [141.381085, 38.7820164], [141.3812245, 38.7820113], [141.3814702, 38.7819872], [141.3816067, 38.7819617], [141.3817664, 38.781923], [141.3821215, 38.7818068], [141.3833529, 38.781375], [141.38365, 38.7812909], [141.3845239, 38.7810383], [141.3846594, 38.7810137], [141.3848027, 38.7810027], [141.3849462, 38.7810027], [141.385059, 38.7810118], [141.3851968, 38.7810357], [141.3855818, 38.7811382], [141.3886571, 38.7819761], [141.3889754, 38.7820738], [141.3890709, 38.7821232], [141.3891501, 38.7821812], [141.3892078, 38.7822403], [141.3892505, 38.7823046], [141.3896041, 38.7829897], [141.3896879, 38.783136], [141.3897801, 38.7832784], [141.389886, 38.7833718], [141.3899999, 38.7834527], [141.3908912, 38.7840467], [141.3910547, 38.7841566], [141.3912984, 38.7842921], [141.3915091, 38.7843946], [141.3917426, 38.7844778], [141.3920396, 38.7845625], [141.3922472, 38.7846088], [141.392459, 38.7846441], [141.3930308, 38.7847113], [141.3934568, 38.7847443], [141.3938976, 38.7847648], [141.395597, 38.7848299], [141.3957997, 38.7848377], [141.396343, 38.7848616], [141.3971187, 38.7848799], [141.3978499, 38.7848764], [141.3983435, 38.7848691], [141.4002421, 38.7848408], [141.4002616, 38.7848405], [141.4005027, 38.7848463], [141.4007083, 38.7848633], [141.4008899, 38.7848947], [141.4010591, 38.7849391], [141.4012368, 38.7849966], [141.4014499, 38.7850758], [141.4018097, 38.7852096], [141.4020694, 38.785303], [141.4023046, 38.7853896], [141.4025295, 38.7854812], [141.402816, 38.7855917], [141.4034197, 38.7858281], [141.4040438, 38.7860735], [141.4047073, 38.7863315], [141.4051378, 38.7864932], [141.4054027, 38.7865849], [141.4057592, 38.7867], [141.4063879, 38.7868845], [141.4070872, 38.787065], [141.407409, 38.7871493], [141.4075201, 38.787167], [141.4076767, 38.7871795], [141.4077866, 38.7871863], [141.4078701, 38.7871868], [141.4084677, 38.7871465], [141.4087559, 38.787126], [141.4089944, 38.7870943], [141.4092092, 38.7870531], [141.4094139, 38.7870012], [141.4096716, 38.7869039], [141.4098621, 38.786799], [141.4104972, 38.786392], [141.4106307, 38.7863321], [141.4107446, 38.786299], [141.4107639, 38.7862958], [141.4108498, 38.7862814], [141.4109872, 38.7862808], [141.4111227, 38.786299], [141.4112469, 38.7863252], [141.4113484, 38.7863592], [141.4119291, 38.7866123], [141.4121182, 38.7866852], [141.4123642, 38.7867478], [141.412592, 38.7867865], [141.4127913, 38.7868002], [141.412985, 38.7868002], [141.4133221, 38.7867717], [141.4138168, 38.7867141], [141.4145739, 38.7866259], [141.4147066, 38.7866071], [141.4148188, 38.7865849], [141.4149122, 38.7865565], [141.4149965, 38.7865268], [141.4150813, 38.7864881], [141.4151491, 38.7864505], [141.4152277, 38.786389], [141.4152966, 38.7863247], [141.4153735, 38.7862415], [141.4154458, 38.7861362], [141.415509, 38.7860314], [141.4157425, 38.785598], [141.4158108, 38.7854909], [141.4158689, 38.785418], [141.4159344, 38.7853497], [141.4160039, 38.7852865], [141.4160836, 38.7852375], [141.4161759, 38.7851931], [141.4162966, 38.7851521], [141.4164612, 38.7851031], [141.4167864, 38.7850228], [141.4169339, 38.7849767], [141.4170558, 38.7849311], [141.4171822, 38.7848753], [141.4173331, 38.7848041], [141.4186692, 38.7841088], [141.4188309, 38.784025], [141.4190017, 38.7839499], [141.4191384, 38.7839003], [141.4193167, 38.7838485], [141.4195018, 38.783816], [141.4197449, 38.7837864], [141.4203572, 38.7837283], [141.4204568, 38.7837189], [141.4208657, 38.7836828], [141.421175, 38.7836514], [141.4236062, 38.7833804], [141.4238636, 38.7833496], [141.4240862, 38.783312], [141.4243209, 38.7832596], [141.4247793, 38.7831235], [141.4252492, 38.7829828], [141.4254633, 38.7829071], [141.4256495, 38.7828222], [141.4258135, 38.7827266], [141.4260151, 38.7825808], [141.4262167, 38.7824094], [141.4265824, 38.7820773], [141.4266752, 38.7819606], [141.426731, 38.7818661], [141.4267828, 38.7817516], [141.4268392, 38.7815551], [141.4268956, 38.7810454], [141.4269121, 38.7809457], [141.4269474, 38.7808353], [141.4269799, 38.7807646], [141.4270249, 38.780698], [141.4270812, 38.7806228], [141.4275072, 38.7801388], [141.4278588, 38.7797138], [141.4280938, 38.7794787], [141.4285016, 38.779096], [141.428964, 38.7786609], [141.4291303, 38.7785242], [141.4293125, 38.7784126], [141.4295119, 38.7783295], [141.4301201, 38.778129], [141.4313958, 38.7777121], [141.4317933, 38.7775652], [141.4320274, 38.7774684], [141.432262, 38.7773602], [141.432602, 38.777195], [141.4327088, 38.7771376], [141.4361215, 38.7753031], [141.436351, 38.775203], [141.437296, 38.77483], [141.4378135, 38.7746226], [141.4387395, 38.7742666], [141.4388363, 38.7742319], [141.4389109, 38.7741994], [141.4390544, 38.7741505], [141.43908, 38.7741419], [141.4396177, 38.7739648], [141.439866, 38.7738834], [141.4400539, 38.7738338], [141.4402669, 38.773794], [141.4405505, 38.7737621], [141.4408125, 38.7737461], [141.441079, 38.7737512], [141.4412863, 38.7737683], [141.4414589, 38.7737957], [141.4422134, 38.7739295], [141.4434658, 38.7741562], [141.4436469, 38.7742051], [141.4437938, 38.7742575], [141.4439783, 38.774343], [141.4441264, 38.7744421], [141.4441463, 38.7744557], [141.4442488, 38.7745366], [141.4443167, 38.7745947], [141.4443849, 38.7746752], [141.444877, 38.7753236], [141.4450797, 38.7756562], [141.445246, 38.7759569], [141.4453389, 38.7761483], [141.4453662, 38.7761933], [141.4454026, 38.7762394], [141.4454556, 38.7762872], [141.4456373, 38.7764484], [141.44618, 38.7769268], [141.4467182, 38.7773983], [141.4469078, 38.7775589], [141.4470138, 38.7776239], [141.4471123, 38.7776706], [141.4472512, 38.7777184], [141.4473953, 38.7777543], [141.4475371, 38.7777725], [141.4476533, 38.7777816], [141.4478224, 38.7777714], [141.4480576, 38.7777514], [141.4487439, 38.7776757], [141.4488157, 38.7776723], [141.4490155, 38.7776717], [141.449191, 38.7776899], [141.4493891, 38.7777235], [141.4495574, 38.7777635], [141.4499541, 38.7778579], [141.4506084, 38.7780151], [141.4508693, 38.7780914], [141.4511358, 38.7781837], [141.4515458, 38.7783477], [141.4525459, 38.7787714], [141.4530539, 38.7789821], [141.4532509, 38.7790561], [141.4534195, 38.7791085], [141.4535846, 38.7791325], [141.4537162, 38.779141], [141.4538648, 38.779145], [141.4540482, 38.7791404], [141.4544514, 38.7791382], [141.4547721, 38.779137], [141.4549589, 38.7791484], [141.4550836, 38.7791609], [141.4553011, 38.7792122], [141.4554771, 38.7792817], [141.4558034, 38.7794474], [141.4561668, 38.779653], [141.4564111, 38.7797777], [141.4580507, 38.7805733], [141.4592056, 38.7811473], [141.4601448, 38.7816291], [141.4602159, 38.7816656], [141.4603344, 38.7817248], [141.4610702, 38.7821035], [141.4613065, 38.7822174], [141.4615275, 38.7823108], [141.4617872, 38.7824059], [141.461999, 38.782472], [141.4623259, 38.7825654], [141.4629142, 38.7827129], [141.4636528, 38.7829031], [141.4643317, 38.7830791], [141.4645982, 38.7831429], [141.4647315, 38.7831628], [141.4649439, 38.783185], [141.4651307, 38.7831941], [141.4653192, 38.7831884], [141.4654992, 38.7831759], [141.4671863, 38.7829529], [141.4672038, 38.7829507], [141.468214, 38.7828183], [141.4684475, 38.7827915], [141.4687242, 38.7827721], [141.469058, 38.782767], [141.4692841, 38.7827756], [141.4694663, 38.7827869], [141.469771, 38.7828205], [141.4700386, 38.782865], [141.470271, 38.7829128], [141.4714206, 38.7832214], [141.4715794, 38.7832649], [141.4717449, 38.7833103], [141.4720205, 38.7833707], [141.4722802, 38.7834048], [141.4726265, 38.7834356], [141.4737518, 38.7834857], [141.4752086, 38.7835509], [141.475253, 38.7835529], [141.4754181, 38.7835632], [141.4754808, 38.7835666], [141.4756733, 38.7835837], [141.4757958, 38.7836062], [141.4759148, 38.7836281], [141.4760833, 38.7836714], [141.4761457, 38.7836929], [141.4762502, 38.7837289], [141.476355, 38.7837676], [141.4764438, 38.7838086], [141.4766187, 38.7838963], [141.4768009, 38.7839971], [141.4774513, 38.7843753], [141.4776927, 38.7845006], [141.4778738, 38.7845917], [141.4781238, 38.7847067], [141.4782949, 38.7847772], [141.47833, 38.7847916], [141.4786717, 38.784926], [141.4796878, 38.7853193], [141.4803887, 38.7855906], [141.4804901, 38.7856305], [141.4806684, 38.7857056], [141.4809901, 38.7858275], [141.4811314, 38.7858776], [141.4812407, 38.7859163], [141.4814036, 38.7859596], [141.4815744, 38.7859927], [141.481751, 38.7860132], [141.4819013, 38.7860268], [141.4820551, 38.7860325], [141.4827248, 38.7860227], [141.4828589, 38.7860208], [141.4834062, 38.7860128], [141.4836612, 38.7860211], [141.4838835, 38.7860111], [141.4839402, 38.7860086], [141.4851885, 38.7860394], [141.4853548, 38.7860428], [141.4854345, 38.7860405], [141.4856225, 38.7860382], [141.485742, 38.7860245], [141.4858901, 38.7860018], [141.4861642, 38.7859509], [141.4861908, 38.785946], [141.4866851, 38.7858491], [141.4869294, 38.7858055], [141.4869528, 38.7858013], [141.4872, 38.7857694], [141.4875156, 38.785736], [141.4881057, 38.7856882], [141.4882695, 38.7856749], [141.4888789, 38.7856293], [141.4890873, 38.7856054], [141.4892188, 38.7855849], [141.4894659, 38.7855373], [141.4894905, 38.7855325], [141.489915, 38.7854429], [141.4899998, 38.7854253], [141.4908211, 38.7852236], [141.4911034, 38.785163], [141.4915556, 38.7850303], [141.4922195, 38.7848193], [141.4926425, 38.7846927], [141.4929629, 38.7846251], [141.4933126, 38.7845691], [141.493772, 38.7845097], [141.4941109, 38.784443], [141.4943893, 38.784381], [141.4944919, 38.7843531], [141.4946691, 38.7842979], [141.4947737, 38.7844074], [141.4948216, 38.7844601], [141.4948962, 38.7845279], [141.4949556, 38.7845724], [141.4951075, 38.7846777], [141.4952316, 38.7847489], [141.4953825, 38.7848149], [141.4960238, 38.7850815], [141.4965067, 38.7852705], [141.4969775, 38.7854422], [141.4981244, 38.7858365], [141.4990582, 38.7861412], [141.4992802, 38.7862136], [141.4997814, 38.7863662], [141.5001441, 38.7864822], [141.5002723, 38.7865208], [141.5003321, 38.7865388], [141.5005165, 38.7866011], [141.5005735, 38.7866254], [141.5006356, 38.7866584], [141.5006926, 38.7866937], [141.5012023, 38.7870833], [141.5013224, 38.7871624], [141.5020309, 38.7875781], [141.5023202, 38.787745], [141.5026101, 38.787905], [141.5028276, 38.7880184], [141.5030822, 38.7881283], [141.5033174, 38.7882177], [141.5034296, 38.7882581], [141.5035264, 38.7882963], [141.5035742, 38.7883185], [141.5036585, 38.7883709], [141.5037986, 38.7884609], [141.5040794, 38.7886642], [141.5043214, 38.7888407], [141.504523, 38.7889911], [141.5046631, 38.7890947], [141.5047377, 38.7891505], [141.5051056, 38.7893966], [141.5051677, 38.789433], [141.5052518, 38.7894576], [141.505187, 38.7897607], [141.5051114, 38.7901709], [141.5051039, 38.7902109], [141.5049152, 38.7911082], [141.5049063, 38.7911478], [141.5047195, 38.7919941], [141.5047058, 38.7920533], [141.5046944, 38.7921097], [141.5045303, 38.7928509], [141.5044926, 38.7930213], [141.5044889, 38.7930858], [141.5044883, 38.7931376], [141.5045037, 38.7931923], [141.5045264, 38.7932356], [141.5045686, 38.7932885], [141.504752, 38.7934924], [141.5047628, 38.7935044], [141.5050606, 38.7938307], [141.5050908, 38.7938603], [141.5051267, 38.7938899], [141.5051683, 38.7939116], [141.5052087, 38.7939258], [141.505248, 38.7939292], [141.5053004, 38.7939258], [141.5053499, 38.7939155], [141.505416, 38.793895], [141.5055783, 38.793829], [141.5056277, 38.793804], [141.5057042, 38.7937652], [141.5058807, 38.7936484], [141.5061398, 38.793436], [141.5061871, 38.7933976], [141.5062429, 38.7933523], [141.5063044, 38.7933062], [141.5063396, 38.7932835], [141.5063619, 38.7932692], [141.5064162, 38.7932382], [141.5064878, 38.7931974], [141.506604, 38.7931439], [141.5067093, 38.7931069], [141.5068346, 38.7930738], [141.506932, 38.793055], [141.5070374, 38.7930465], [141.5070892, 38.7930451], [141.5071832, 38.7930425], [141.5073449, 38.7930488], [141.5074878, 38.7930653], [141.5081849, 38.7931655], [141.5084816, 38.7931963], [141.5085927, 38.7932059], [141.5088336, 38.7932247], [141.509079, 38.7932361], [141.5093387, 38.7932441], [141.5099122, 38.7932504], [141.5101793, 38.7932657], [141.5103273, 38.7932799], [141.5104521, 38.7932919], [141.5108394, 38.7933523], [141.5114373, 38.7934521], [141.51157, 38.7934742], [141.5121247, 38.793571], [141.5124949, 38.7936342], [141.512626, 38.7936544], [141.5128132, 38.7936832], [141.5129841, 38.7937014], [141.513135, 38.7937134], [141.5133252, 38.7937139], [141.5135029, 38.7937003], [141.5136971, 38.7936707], [141.513844, 38.7936348], [141.5139346, 38.793608], [141.5140126, 38.7935858], [141.5141419, 38.7935368], [141.5143315, 38.7934571], [141.5145542, 38.7933648], [141.5149534, 38.7931951], [141.5153301, 38.7930351], [141.5154107, 38.7930009], [141.5155696, 38.7929332], [141.5157416, 38.7928631], [141.5160816, 38.7927196], [141.5163195, 38.7926207], [141.5165503, 38.7925191], [141.5165942, 38.7924999], [141.5166568, 38.7924724], [141.5168681, 38.7923688], [141.5169603, 38.7923073], [141.5170247, 38.7922583], [141.5170697, 38.7922019], [141.5170982, 38.792137], [141.5171118, 38.7920744], [141.517105, 38.7920026], [141.5170908, 38.7919633], [141.5170526, 38.7919035], [141.5170144, 38.7918488], [141.5169917, 38.7917993], [141.5169757, 38.7917355], [141.5169683, 38.7916934], [141.516966, 38.7916518], [141.5169666, 38.7915954], [141.5169689, 38.7914781], [141.5171249, 38.7914883], [141.5182486, 38.7915374], [141.5187523, 38.7915635], [141.5192142, 38.7915874], [141.5202464, 38.7916404], [141.5203602, 38.7916476], [141.5206152, 38.7916659], [141.5208905, 38.7916626], [141.5211297, 38.7916455], [141.5215761, 38.7916057], [141.5218609, 38.7915738], [141.5219771, 38.7915601], [141.5221875, 38.7915432], [141.5224406, 38.7915419], [141.5226833, 38.791551], [141.5228894, 38.7915692], [141.5230769, 38.7915926], [141.5234498, 38.7916854], [141.523656, 38.7917457], [141.5242439, 38.7919369], [141.5243006, 38.7919553], [141.5257961, 38.7924673], [141.5261076, 38.792579], [141.5263187, 38.7926645], [141.52685, 38.7929029], [141.5273487, 38.7932419], [141.5275081, 38.7933859], [141.5276716, 38.7935502], [141.5283087, 38.7942942], [141.5284386, 38.7944304], [141.5285616, 38.7945356], [141.528704, 38.7946491], [141.5287894, 38.7947128], [141.5289068, 38.7947846], [141.5289819, 38.7948257], [141.5291414, 38.794911], [141.5293407, 38.7949908], [141.5295856, 38.7950671], [141.5298168, 38.7951149], [141.5300934, 38.795153], [141.5303783, 38.7951787], [141.5308043, 38.7951901], [141.5312366, 38.7952019], [141.5313738, 38.7952106], [141.5315173, 38.7952225], [141.5316546, 38.7952408], [141.5318084, 38.7952664], [141.5320008, 38.7953137], [141.532174, 38.7953598], [141.5323061, 38.7954059], [141.5324536, 38.7954669], [141.5325749, 38.7955255], [141.5327651, 38.7956246], [141.5330379, 38.7957886], [141.5334593, 38.7960386], [141.5335197, 38.7960774], [141.5343455, 38.7965797], [141.5346946, 38.7967972], [141.5352174, 38.7971099], [141.5357578, 38.7974464], [141.5360768, 38.7976731], [141.5363718, 38.7979191], [141.5367063, 38.7982184], [141.5369911, 38.7985485], [141.5371206, 38.7987332], [141.5372135, 38.7988679], [141.5374089, 38.7991447], [141.5378878, 38.7998577], [141.5380563, 38.8000787], [141.5382454, 38.8002883], [141.5384994, 38.8005252], [141.5386851, 38.8006801], [141.5388947, 38.8008369], [141.5391418, 38.8010013], [141.5394687, 38.8011983], [141.5397204, 38.8013509], [141.5399209, 38.8014831], [141.540094, 38.8015958], [141.5402296, 38.8016995], [141.5406373, 38.8020423], [141.5409255, 38.8023054], [141.5411134, 38.8024774], [141.5413822, 38.8027246], [141.5417, 38.8030002], [141.5418993, 38.8031449], [141.5421294, 38.803277], [141.5423048, 38.8033487], [141.542466, 38.8034023], [141.5426664, 38.8034626], [141.5428737, 38.8035145], [141.5436967, 38.8036865], [141.5442657, 38.8037976], [141.5447013, 38.8038966], [141.5450589, 38.8039923], [141.5454006, 38.8041039], [141.545625, 38.8041848], [141.5457902, 38.8042508], [141.5459416, 38.8043215], [141.5460043, 38.8043556], [141.5463208, 38.8045341], [141.5465759, 38.8046999], [141.5470738, 38.8050857], [141.5476763, 38.8055766], [141.5478142, 38.8056826], [141.5479634, 38.8057987], [141.5481376, 38.8059058], [141.5483244, 38.8060174], [141.5484953, 38.8061074], [141.5486798, 38.8061928], [141.5488529, 38.8062646], [141.5490921, 38.806342], [141.5493285, 38.8064166], [141.5494852, 38.8064575], [141.5497152, 38.806514], [141.5497482, 38.8065226], [141.5500762, 38.8066205], [141.5504025, 38.8067293], [141.5505677, 38.8067908], [141.5507192, 38.8068535], [141.5509578, 38.8069582], [141.5512556, 38.8070995], [141.5523673, 38.8076274], [141.5524853, 38.807684], [141.5530296, 38.8079452], [141.5533303, 38.8081132], [141.5534516, 38.8081884], [141.5535593, 38.8082607], [141.5536652, 38.8083347], [141.5540086, 38.8086069], [141.5541007, 38.8086835], [141.5545728, 38.8091069], [141.5546262, 38.8091646], [141.5547951, 38.8093752], [141.5549192, 38.8095449], [141.5550343, 38.8097363], [141.5551243, 38.809906], [141.5553817, 38.8104983], [141.5554694, 38.8106976], [141.5556095, 38.8109641], [141.5557575, 38.811176], [141.5559592, 38.8113969], [141.5561904, 38.8116088], [141.5564022, 38.8117648], [141.5571426, 38.8122831], [141.5572747, 38.8123958], [141.5574239, 38.8125371], [141.557564, 38.8126703], [141.5581188, 38.8132529], [141.558234, 38.8133622], [141.5583619, 38.8134579], [141.5584541, 38.8135217], [141.5586096, 38.813618], [141.5587246, 38.8136795], [141.5589775, 38.8137877], [141.5591506, 38.8138481], [141.5593477, 38.8138959], [141.5595948, 38.8139437], [141.5602009, 38.8140255], [141.5607103, 38.8140731], [141.5610127, 38.8141077], [141.5611668, 38.8141281], [141.5614919, 38.8141574], [141.5617512, 38.8141906], [141.5621253, 38.814226], [141.5625028, 38.814248], [141.5628856, 38.8142742], [141.5634839, 38.8143159], [141.5647907, 38.8143912], [141.5652446, 38.8143952], [141.5656815, 38.8143828], [141.5662095, 38.814359], [141.5665792, 38.8143287], [141.5670414, 38.8142935], [141.5672042, 38.8142706], [141.5675643, 38.8142218], [141.5684775, 38.8140683], [141.5688934, 38.8139965], [141.5692983, 38.813948], [141.5695074, 38.8139393], [141.5696968, 38.8139373], [141.5700031, 38.8139393], [141.5705759, 38.813961], [141.5713394, 38.8140086], [141.571682, 38.8140592], [141.5717585, 38.8140778], [141.5719168, 38.8141304], [141.5722178, 38.8142335], [141.5726051, 38.8144256], [141.5729093, 38.8146886], [141.5729602, 38.8147326], [141.5731434, 38.8150157], [141.5732001, 38.8151034], [141.5732923, 38.815306], [141.5733683, 38.8155204], [141.5733899, 38.8158716], [141.5733746, 38.8160004], [141.5733355, 38.8166016], [141.5732439, 38.8174648], [141.57315, 38.819034], [141.5730508, 38.8202259], [141.5729933, 38.8210765], [141.5730066, 38.821282], [141.5730641, 38.8214771], [141.5731598, 38.8217205], [141.5733016, 38.8220134], [141.5734871, 38.8223758], [141.5736349, 38.8226222], [141.573892, 38.8231026], [141.5740762, 38.8234382], [141.5743609, 38.8238775], [141.5745188, 38.8240814], [141.5748003, 38.8244674], [141.5749664, 38.8247022], [141.5757245, 38.8257137], [141.5760717, 38.8261889], [141.5761773, 38.8263326], [141.5764018, 38.8266106], [141.5766709, 38.8270882], [141.5769326, 38.8277462], [141.5772599, 38.8292871], [141.5776562, 38.8312793], [141.577687, 38.8314341], [141.5777918, 38.8319607], [141.5781391, 38.8335861], [141.5782064, 38.8338952], [141.5784574, 38.8350492], [141.5785606, 38.8355254], [141.5786367, 38.8359406], [141.5787584, 38.8365421], [141.5787792, 38.836645], [141.578843, 38.8369605], [141.5789918, 38.8376959], [141.5791931, 38.8382658], [141.5798416, 38.8399819], [141.5801195, 38.8406536], [141.5801437, 38.8407121], [141.5808007, 38.8425587], [141.5811028, 38.8432888], [141.581196, 38.843514], [141.58131, 38.844004], [141.5813256, 38.8440472], [141.5812916, 38.8450632], [141.5812611, 38.8454099], [141.5812369, 38.845688], [141.5811541, 38.8463734], [141.5810601, 38.8477439], [141.5809845, 38.8487848], [141.580854, 38.8501835], [141.5808347, 38.8503846], [141.5806845, 38.8518624], [141.5805342, 38.8538689], [141.5805272, 38.8539619], [141.58052, 38.8540271], [141.5803983, 38.8551368], [141.580349, 38.8555606], [141.5803115, 38.8558971], [141.5802251, 38.8566662], [141.5802097, 38.8567658], [141.5801116, 38.8578122], [141.5800845, 38.8582726], [141.58008, 38.8586074], [141.5801007, 38.8588341], [141.5801206, 38.8590514], [141.5803967, 38.8609362], [141.5803846, 38.8613169], [141.5803945, 38.8614015], [141.5801257, 38.8627516], [141.5799697, 38.8633713], [141.5799302, 38.8635805], [141.5796073, 38.8647603], [141.579534, 38.865015], [141.5794843, 38.8652084], [141.5793001, 38.8661644], [141.5792393, 38.8664692], [141.5791079, 38.8670128], [141.5787456, 38.8685993], [141.5786716, 38.8690085], [141.5785855, 38.8694384], [141.5784745, 38.8699141], [141.5782916, 38.8705587], [141.5782518, 38.870656], [141.5781753, 38.8708242], [141.5780708, 38.871053], [141.5779546, 38.8712441], [141.5777344, 38.8716029], [141.5774568, 38.8719868]], [[141.5643416, 38.8861638], [141.5648432, 38.8859487], [141.5649178, 38.8859167], [141.5650061, 38.8858619], [141.5653843, 38.8856271], [141.5654162, 38.8856031], [141.5656939, 38.8853947], [141.5660845, 38.8850971], [141.5664127, 38.8847753], [141.5666636, 38.8844821], [141.5668687, 38.8841754], [141.5671033, 38.8837864], [141.5671602, 38.8836608], [141.5672889, 38.8833765], [141.5673947, 38.8830198], [141.5675199, 38.8825032], [141.5675634, 38.8819803], [141.5675668, 38.8813646], [141.5675592, 38.881223], [141.5675299, 38.8806754], [141.5675212, 38.8802999], [141.5674989, 38.8799982], [141.5675051, 38.8793803], [141.5675256, 38.8791462], [141.5676043, 38.878696], [141.5676515, 38.878489], [141.5677814, 38.8781175], [141.5679514, 38.8777192], [141.5680862, 38.8774996], [141.568211, 38.8773005], [141.568264, 38.8772216], [141.5685421, 38.8769301], [141.5687557, 38.8767033], [141.5689, 38.8765501], [141.5692878, 38.8762447], [141.5695859, 38.8760099], [141.5697292, 38.8758971], [141.5707115, 38.8754005], [141.5718781, 38.875029], [141.5733815, 38.8745747], [141.5739099, 38.8743772], [141.5744771, 38.8741724], [141.5751363, 38.8738263], [141.5754705, 38.8736339], [141.5758476, 38.8734168], [141.5763427, 38.873039], [141.5766342, 38.87278], [141.5768227, 38.8726125], [141.5772688, 38.8722209], [141.5774568, 38.8719868]], [[141.5643416, 38.8861638], [141.5642971, 38.8861829], [141.563915, 38.8863467], [141.563047, 38.8866263], [141.562885, 38.8866785], [141.5618162, 38.886976], [141.5610437, 38.8872316], [141.5606277, 38.8873834], [141.5602608, 38.8875425], [141.5598718, 38.8877441], [141.5595772, 38.8879533], [141.5590932, 38.8882726], [141.5587238, 38.8886126], [141.5583363, 38.8890623], [141.5580533, 38.8893889], [141.55794, 38.8895458], [141.5578149, 38.8897074], [141.5575815, 38.8900409], [141.5568332, 38.8909342], [141.5565722, 38.8912002], [141.5561682, 38.8916424], [141.5539484, 38.8942372], [141.5521633, 38.8970426], [141.5519606, 38.8973806], [141.5518683, 38.8975344], [141.5517335, 38.8977963], [141.5516785, 38.8979032], [141.5514224, 38.8983191], [141.5510742, 38.8989752], [141.5504269, 38.900228], [141.5499312, 38.9014636], [141.5495866, 38.9022333], [141.549266, 38.9031094], [141.549019, 38.9038692], [141.5488184, 38.9046038], [141.5485691, 38.9056927], [141.5482632, 38.9067347], [141.547879, 38.9082226], [141.5476851, 38.9089742], [141.5475561, 38.9097468], [141.5475147, 38.9105129], [141.5475351, 38.9108203], [141.5475548, 38.9110136], [141.5476027, 38.9112884], [141.5476706, 38.9116062], [141.5477286, 38.9118345], [141.5477948, 38.9120345], [141.547867, 38.9122026], [141.5480237, 38.9125282], [141.5482255, 38.9129219], [141.5482393, 38.9129512], [141.5483871, 38.9131803], [141.5485316, 38.9133831], [141.5487481, 38.9136723], [141.5488627, 38.9138259], [141.549124, 38.914104]], [[141.5476027, 38.9112884], [141.5477151, 38.9116028], [141.5477982, 38.9118123], [141.5478734, 38.9120071], [141.5479554, 38.9122087], [141.5481183, 38.9125686], [141.5483005, 38.9129138], [141.5483676, 38.9130266], [141.5485555, 38.9133125], [141.5486623, 38.9134629], [141.5491806, 38.9140812]]]}, "id": "relation/9167558"}, {"type": "Feature", "properties": {"@id": "relation/11158919", "description": "鹿島台バイパスの旧道区間", "name": "国道346号旧道", "network": "JP:national", "route": "road", "type": "route"}, "geometry": {"type": "MultiLineString", "coordinates": [[[141.0865634, 38.4546745], [141.0864893, 38.4547816], [141.0863834, 38.4549661], [141.086347, 38.4550333], [141.0863196, 38.4551164], [141.0862855, 38.4552342], [141.0862729, 38.4553135], [141.0862638, 38.4554137], [141.0862627, 38.4555139], [141.0862695, 38.4555994], [141.0862946, 38.4558021], [141.0863273, 38.4560185], [141.08634, 38.4561017], [141.0867806, 38.459079], [141.0868689, 38.4595899], [141.0868834, 38.4596588], [141.0869002, 38.4597113], [141.0869233, 38.4597763], [141.0870127, 38.4599333], [141.0870868, 38.4600369], [141.0871671, 38.4601371], [141.0872696, 38.4602465], [141.0874313, 38.4604116], [141.0878366, 38.4607949], [141.0878879, 38.4608422], [141.0885418, 38.4614687], [141.088944, 38.4618372], [141.0894651, 38.4623371], [141.0900279, 38.4628622], [141.0900384, 38.4628723], [141.0905843, 38.4633998], [141.0907401, 38.463557], [141.0911167, 38.4639073], [141.0921277, 38.4648603], [141.0927983, 38.4654744], [141.0929178, 38.4655838], [141.0930083, 38.4656667], [141.093253, 38.465891], [141.0936916, 38.4662763], [141.0937909, 38.466375], [141.0939652, 38.4666058], [141.0939944, 38.4666538], [141.094105, 38.4668843], [141.0941582, 38.467052], [141.0941867, 38.4671625], [141.0942084, 38.4672958], [141.0942494, 38.4675133], [141.09441, 38.4684234], [141.0944327, 38.4685874], [141.0944897, 38.4689177], [141.0946275, 38.4696899], [141.0947312, 38.470346], [141.0947927, 38.4706627], [141.0948451, 38.4708711], [141.0948741, 38.4709651], [141.0949328, 38.4711319], [141.0950008, 38.4712849], [141.0951127, 38.4714964], [141.0952175, 38.471657], [141.0953451, 38.4718096], [141.0959043, 38.4724509], [141.0960991, 38.4726867], [141.0961617, 38.4727721], [141.0962073, 38.4728381], [141.096262, 38.4729315], [141.0962967, 38.4730067], [141.0963423, 38.4731075], [141.0964112, 38.4732767], [141.096438, 38.4733718], [141.0964533, 38.4734498], [141.0964841, 38.4736241], [141.0965091, 38.4738507], [141.0966145, 38.474836], [141.0966344, 38.4749931], [141.0966834, 38.4753012], [141.096713, 38.4754886], [141.0967597, 38.4757375], [141.0967956, 38.4759402], [141.0969272, 38.4766208], [141.0969818, 38.4769021], [141.0970756, 38.4773943], [141.09712, 38.4776659], [141.0972256, 38.4782222], [141.0972814, 38.4785183], [141.0973349, 38.478778], [141.0975582, 38.4787492], [141.0986021, 38.4786747], [141.0989361, 38.4786439], [141.0999037, 38.478552], [141.100219, 38.4785307], [141.1008652, 38.4784665], [141.1017783, 38.4783878], [141.1024702, 38.4783246], [141.1029141, 38.4782913], [141.1031533, 38.4782628], [141.1034701, 38.478233], [141.1040695, 38.4787473], [141.1046326, 38.479191], [141.1051237, 38.4795593], [141.1052857, 38.4796907], [141.1055121, 38.4798565], [141.1059337, 38.4801517], [141.1060822, 38.4802556], [141.107327, 38.4810857], [141.1076675, 38.4812905], [141.107981, 38.481435], [141.108095, 38.4814615], [141.1082181, 38.4814752], [141.1083627, 38.4814775]]]}, "id": "relation/11158919"}, {"type": "Feature", "properties": {"@id": "relation/11160816", "description": "錦織バイパスの旧道区間", "name": "国道346号旧道", "network": "JP:national", "ref": "346", "route": "road", "type": "route"}, "geometry": {"type": "MultiLineString", "coordinates": [[[141.2747626, 38.7319474], [141.2745566, 38.7319061], [141.2743493, 38.7318423], [141.2741625, 38.7317774], [141.2739962, 38.7317011], [141.2738538, 38.7316247], [141.273716, 38.7315348], [141.2735702, 38.7314197], [141.2734563, 38.7313241], [141.2733116, 38.7311908], [141.2727364, 38.7306839], [141.2724619, 38.7304242], [141.2722125, 38.7301543], [141.2721214, 38.7300529], [141.2720621, 38.7299755], [141.2720177, 38.7298992], [141.2720051, 38.7298107], [141.2716667, 38.7282117], [141.271635, 38.7281265], [141.2712073, 38.7264954], [141.2711077, 38.7260414], [141.2708092, 38.7248477], [141.2707876, 38.7247418], [141.2707785, 38.7246552], [141.2707751, 38.7246119], [141.2707887, 38.7245481], [141.2708127, 38.7244684], [141.2708537, 38.7243967], [141.2710313, 38.7241654], [141.2710951, 38.7240629], [141.2711111, 38.7239923], [141.2711145, 38.7239251], [141.2710849, 38.7237816]], [[141.2747626, 38.7319474], [141.2750156, 38.7319767], [141.2752251, 38.7319778], [141.2754552, 38.7319721], [141.2769336, 38.7318617], [141.2774895, 38.7318207], [141.2791126, 38.7316965], [141.280124, 38.7316213], [141.2804896, 38.7315929], [141.2808735, 38.731545], [141.2810044, 38.7315245], [141.2811149, 38.7314972], [141.2819168, 38.7312739], [141.2827539, 38.731037], [141.2833952, 38.7308479], [141.2854078, 38.7303069], [141.2860035, 38.7301452], [141.2865069, 38.7300074], [141.2866641, 38.7299527], [141.2867771, 38.7298947], [141.2868823, 38.7298261], [141.287048, 38.7296771], [141.2871587, 38.7295784]]]}, "id": "relation/11160816"}]}