{"type": "FeatureCollection", "generator": "kokudo-quiz tools/fetch_raw.py (Overpass API)", "copyright": "The data included in this document is from www.openstreetmap.org. The data is made available under ODbL.", "timestamp": "2026-09-30T23:38:19Z", "features": [{"type": "Feature", "properties": {"@id": "relation/2888579", "colour": "red", "from": "群馬県桐生市", "name": "国道353号", "name:en": "National Highway Route 353", "name:ja": "国道353号", "name:ja-Hira": "こくどうさんびゃくごじゅうさんごう", "name:ja-Latn": "kokudou 353 gou", "network": "JP:national", "ref": "353", "route": "road", "to": "新潟県柏崎市", "type": "route", "wikidata": "Q6157317", "wikipedia": "ja:国道353号"}, "geometry": {"type": "MultiLineString", "coordinates": [[[139.3343944, 36.3872302], [139.3342911, 36.3873148], [139.3339615, 36.3876051], [139.3336531, 36.3878953], [139.3336268, 36.38792], [139.3328601, 36.3886035], [139.3328228, 36.3886378], [139.3319926, 36.3894005], [139.3314178, 36.3899163], [139.3313499, 36.3899772], [139.330376, 36.3908657], [139.3302237, 36.3910047], [139.3301936, 36.3910316], [139.3291659, 36.3919549], [139.3291222, 36.3919944], [139.3290793, 36.392036], [139.3289367, 36.3921657], [139.3285231, 36.3925417], [139.3283247, 36.3927188], [139.3281904, 36.3928387], [139.3275425, 36.3934198], [139.3274707, 36.3934856], [139.3273921, 36.3935544], [139.3273249, 36.3936195], [139.3269621, 36.3939481], [139.3267609, 36.394131], [139.326194, 36.394645], [139.3261359, 36.3946977], [139.3260719, 36.3947553], [139.3255046, 36.3952681], [139.3250337, 36.3956973], [139.3246871, 36.3960111], [139.3246599, 36.3960354], [139.3244522, 36.3962218], [139.3241457, 36.3965068], [139.3240218, 36.3966196], [139.3239483, 36.3966848], [139.3238881, 36.3967363], [139.3236001, 36.3970395], [139.3233316, 36.3973185], [139.3232143, 36.3974349], [139.3230913, 36.3975721], [139.3230632, 36.397601], [139.3226945, 36.3980051], [139.3226018, 36.3981118], [139.3225012, 36.3982226], [139.3223161, 36.3984242], [139.3222737, 36.3984697], [139.3221566, 36.3985977], [139.322124, 36.3986291], [139.322073, 36.398687], [139.3218511, 36.3989301], [139.321812, 36.3989719], [139.3213901, 36.3994327], [139.3213727, 36.3994512], [139.3212737, 36.3995558], [139.3210828, 36.3997704], [139.3210415, 36.3998214], [139.3210151, 36.3998499], [139.3208917, 36.3999969], [139.3204615, 36.4005077], [139.3203554, 36.4006315], [139.3199933, 36.4010605], [139.3199704, 36.4010857], [139.3199503, 36.4011131], [139.3198912, 36.4011851], [139.3197766, 36.4013245], [139.3196982, 36.4014207], [139.3196701, 36.4014552], [139.3195715, 36.4015763], [139.3194997, 36.4016644], [139.3194141, 36.4017687], [139.3193683, 36.4018245], [139.3193219, 36.401881], [139.3192699, 36.401946], [139.3192185, 36.4020103], [139.319179, 36.402057], [139.3191229, 36.4021234], [139.3190754, 36.4021823], [139.318938, 36.4023526], [139.3187162, 36.4026255], [139.3186922, 36.4026533], [139.318657, 36.4026969], [139.3182359, 36.4032167], [139.3176319, 36.4039622], [139.3175598, 36.4040543], [139.3174972, 36.4041378], [139.3174408, 36.404212], [139.3173752, 36.404295], [139.3171721, 36.4045494], [139.3170415, 36.4047126], [139.3169709, 36.4047969], [139.3167222, 36.4050818], [139.3167029, 36.405105], [139.3166404, 36.4051835], [139.3163235, 36.405573], [139.3163042, 36.4055967], [139.3162653, 36.405648], [139.3160914, 36.4058548], [139.3158711, 36.4061328], [139.3157714, 36.4062614], [139.3155779, 36.4064966], [139.3153623, 36.4067595], [139.3152411, 36.4068862], [139.3151573, 36.4069603], [139.3149986, 36.4070836], [139.3149025, 36.4071545], [139.3146623, 36.4073403], [139.3143791, 36.4075554], [139.3137342, 36.4080498], [139.3132022, 36.4084562], [139.3130995, 36.4085277], [139.3129876, 36.408598], [139.3129352, 36.4086326], [139.3128109, 36.4087306], [139.3124267, 36.4090062], [139.3123842, 36.4090372], [139.3111737, 36.4099365], [139.3111329, 36.4099684], [139.3110911, 36.409999], [139.3109349, 36.410131], [139.310799, 36.4102382], [139.3104497, 36.4105137], [139.3102924, 36.4106358], [139.3101634, 36.410736], [139.3100348, 36.4108377], [139.3100124, 36.4108565], [139.3098468, 36.4109823], [139.309618, 36.4111587], [139.3094261, 36.4113047], [139.3092726, 36.4114214], [139.3091769, 36.4114943], [139.3092686, 36.4115656], [139.3099681, 36.4121963], [139.3105438, 36.4127249], [139.3105914, 36.4127684], [139.3110464, 36.4131618], [139.3112727, 36.4133628], [139.3113279, 36.4134124], [139.3115711, 36.4136091], [139.3116843, 36.4137009], [139.3117009, 36.4137143], [139.311853, 36.4138411], [139.3120034, 36.4139804], [139.312118, 36.4141042], [139.3122215, 36.4142225], [139.3123444, 36.4143811], [139.3124471, 36.414511], [139.3125785, 36.4146771], [139.3128583, 36.4150169], [139.3129175, 36.4150988], [139.3128721, 36.4151431], [139.3128229, 36.4151844], [139.3123928, 36.4155204], [139.312254, 36.4156283], [139.312181, 36.4156833], [139.3119821, 36.415842], [139.3119128, 36.4158973], [139.3118425, 36.4159546], [139.3117708, 36.4160061], [139.311714, 36.4160409], [139.3116617, 36.4160713], [139.3116313, 36.4160889], [139.3115659, 36.4161272], [139.3114875, 36.4161706], [139.3114292, 36.4161995], [139.3112969, 36.4162697], [139.3110215, 36.4164043], [139.3108456, 36.4164821], [139.310699, 36.4165417], [139.3104812, 36.416637], [139.3103727, 36.4166782], [139.310184, 36.4167583], [139.3101527, 36.4167717], [139.3097085, 36.4169467], [139.3094661, 36.4170398], [139.3092489, 36.417122], [139.3091279, 36.4171766], [139.3090314, 36.4172224], [139.3089429, 36.4172669], [139.3088082, 36.4173434], [139.3086943, 36.4174143], [139.3086265, 36.417459], [139.3085631, 36.4175023], [139.3084124, 36.4176172], [139.3083333, 36.4176777], [139.3082414, 36.4177481], [139.308046, 36.4179073], [139.3079506, 36.4179851], [139.3076935, 36.4181876], [139.3075332, 36.4183141], [139.3073469, 36.4184648], [139.307028, 36.4187227], [139.3069774, 36.4187619], [139.3069163, 36.4188072], [139.3068381, 36.4188699], [139.3067862, 36.4189115], [139.3067343, 36.4189525], [139.3066166, 36.4190464], [139.3064768, 36.4191573], [139.3063864, 36.4192319], [139.3063661, 36.4192477], [139.306317, 36.4192862], [139.3062457, 36.4193419], [139.3060979, 36.4194575], [139.3060804, 36.4194711], [139.3059894, 36.4195421], [139.3058953, 36.4196226], [139.3058438, 36.4196682], [139.3057812, 36.4197247], [139.3057007, 36.4197959], [139.3056217, 36.4198658], [139.3055364, 36.419944], [139.3055013, 36.4199764], [139.3054402, 36.4200324], [139.3053579, 36.4201066], [139.3051326, 36.4203097], [139.3051167, 36.420324], [139.3049865, 36.4204414], [139.3047894, 36.4206252], [139.3046489, 36.4207458], [139.3043672, 36.4210081], [139.3043057, 36.4210647], [139.3041616, 36.4211945], [139.304092, 36.4212548], [139.304031, 36.4213087], [139.3039719, 36.4213574], [139.3039245, 36.421393], [139.3038724, 36.4214292], [139.3038384, 36.4214529], [139.3037473, 36.4215095], [139.3036179, 36.4215926], [139.3033296, 36.4217778], [139.3032992, 36.4217957], [139.3030942, 36.4219275], [139.302804, 36.4221172], [139.3025397, 36.42229], [139.3024491, 36.4223491], [139.3023675, 36.4224008], [139.3020674, 36.4225894], [139.301732, 36.4228159], [139.3014889, 36.4229738], [139.3014089, 36.4230238], [139.3012422, 36.4231174], [139.3011835, 36.4231482], [139.3010759, 36.4231982], [139.3009346, 36.4232621], [139.3009273, 36.4232654], [139.3007389, 36.4233396], [139.3005853, 36.4233988], [139.3004819, 36.4234439], [139.3004006, 36.4234743], [139.3003264, 36.423502], [139.2998201, 36.4237066], [139.2997805, 36.4237233], [139.2997321, 36.4237468], [139.2992383, 36.4239636], [139.2991336, 36.4240085], [139.2990334, 36.424055], [139.298863, 36.4241307], [139.2987803, 36.4241674], [139.2986991, 36.4242046], [139.2986633, 36.4242209], [139.2985509, 36.4242723], [139.298408, 36.4243376], [139.2980633, 36.4244844], [139.297817, 36.4245909], [139.2977323, 36.4246286], [139.2971338, 36.4248864], [139.2968685, 36.4250031], [139.2968118, 36.4250261], [139.2967028, 36.4250689], [139.2966158, 36.4251027], [139.296366, 36.4251929], [139.2962638, 36.4252282], [139.2962099, 36.4252465], [139.2960749, 36.4252915], [139.296012, 36.4253125], [139.2958729, 36.4253591], [139.2954384, 36.4254955], [139.2952401, 36.425558], [139.2948552, 36.4256792], [139.2946688, 36.4257383], [139.2942542, 36.4258699], [139.2940256, 36.4259413], [139.2939018, 36.425979], [139.2937199, 36.4260392], [139.2936438, 36.4260626], [139.2936081, 36.4260736], [139.2934252, 36.4261297], [139.2931341, 36.426217], [139.2930347, 36.4262458], [139.2929451, 36.4262682], [139.2928733, 36.4262843], [139.2927717, 36.426308], [139.2926376, 36.4263261], [139.2925702, 36.4263354], [139.2924688, 36.4263494], [139.2923964, 36.4263567], [139.2923038, 36.4263661], [139.2922633, 36.4263702], [139.2920655, 36.4263921], [139.2916684, 36.4264361], [139.2916109, 36.4264423], [139.2915495, 36.4264492], [139.2915189, 36.4264524], [139.291344, 36.4264714], [139.29122, 36.4264849], [139.2909999, 36.4265088], [139.2908863, 36.4265212], [139.290702, 36.4265418], [139.2905876, 36.4265545], [139.2904156, 36.4265736], [139.2902032, 36.4265964], [139.2900756, 36.4266108], [139.2898659, 36.4266336], [139.2897404, 36.4266478], [139.289664, 36.4266561], [139.2894173, 36.4266823], [139.2892955, 36.4266956], [139.2891733, 36.4267085], [139.2891314, 36.4267128], [139.288717, 36.4267601], [139.2884196, 36.4267931], [139.2883964, 36.4267957], [139.2882198, 36.4268209], [139.2881018, 36.4268427], [139.2879278, 36.4268775], [139.2876705, 36.4269349], [139.2875102, 36.4269715], [139.2873816, 36.4270004], [139.2873059, 36.4270186], [139.2870905, 36.4270747], [139.2869075, 36.4271271], [139.2866823, 36.4271957], [139.2864384, 36.4272767], [139.2861976, 36.4273624], [139.286061, 36.4274152], [139.285858, 36.427501], [139.2857544, 36.4275472], [139.2854015, 36.4277034], [139.2850309, 36.427867], [139.2846363, 36.4280423], [139.2844542, 36.4281167], [139.2843334, 36.4281611], [139.2842363, 36.4281919], [139.2841334, 36.4282223], [139.2840253, 36.4282483], [139.2839134, 36.4282715], [139.2837919, 36.4282936], [139.2836546, 36.4283142], [139.2835389, 36.4283283], [139.2827798, 36.4284198], [139.2826778, 36.4284313], [139.2825822, 36.4284431], [139.2823927, 36.4284687], [139.2817072, 36.4285521], [139.2807146, 36.4286739], [139.2806377, 36.428683], [139.2805128, 36.4286984], [139.2797387, 36.4287919], [139.2792058, 36.4288522], [139.2791121, 36.4288625], [139.2788627, 36.4288872], [139.2787126, 36.4289001], [139.2786616, 36.4289045], [139.2785586, 36.4289164], [139.2784591, 36.4289282], [139.2783584, 36.4289407], [139.2782918, 36.4289491], [139.2780157, 36.4289821], [139.2777416, 36.4290125], [139.2774727, 36.4290442], [139.2772321, 36.4290736], [139.2771114, 36.4290891], [139.2769988, 36.4291049], [139.2768446, 36.4291232], [139.2766129, 36.4291508], [139.2764611, 36.4291829], [139.2763432, 36.4292047], [139.2762432, 36.4292168], [139.2761507, 36.4292273], [139.2760813, 36.4292335], [139.2759612, 36.4292415], [139.2758503, 36.4292468], [139.2757169, 36.4292508], [139.2756149, 36.4292492], [139.2755207, 36.4292444], [139.2754325, 36.4292396], [139.2753579, 36.4292336], [139.2753416, 36.4293231], [139.2753233, 36.4294334], [139.2752912, 36.4296854], [139.2752728, 36.4298291], [139.2752505, 36.4299973], [139.2752397, 36.4300976], [139.2752214, 36.4302352], [139.2752098, 36.4303237], [139.2751458, 36.4303154], [139.2749149, 36.4302809], [139.2744206, 36.4302052], [139.2742579, 36.4301799], [139.2742141, 36.4301731], [139.2741796, 36.4301689], [139.27358, 36.4300808], [139.2735159, 36.4300733], [139.2734239, 36.4300631], [139.273345, 36.4300563], [139.2733057, 36.4300536], [139.2732708, 36.4300517], [139.2731472, 36.4300527], [139.2730603, 36.4300547], [139.2728785, 36.4300629], [139.2728138, 36.4300681], [139.2727787, 36.430074], [139.2727471, 36.430081], [139.2726842, 36.4300941], [139.2722905, 36.4301747], [139.2714918, 36.4303304], [139.2712561, 36.4303756], [139.2712153, 36.430383], [139.2711247, 36.4303995], [139.2706325, 36.4304825], [139.2700262, 36.430602], [139.2690794, 36.4308395], [139.2690091, 36.4308556], [139.2688074, 36.4309067], [139.2685763, 36.4309625], [139.2685219, 36.430975], [139.2684559, 36.4309897], [139.2681034, 36.4310722], [139.2678289, 36.43115], [139.2677233, 36.4311826], [139.2676307, 36.431218], [139.2675116, 36.4312719], [139.2673638, 36.4313476], [139.2672202, 36.4314449], [139.2670773, 36.4315648], [139.2664116, 36.4322089], [139.2662342, 36.4323736], [139.2655327, 36.4330585], [139.2652431, 36.4332608], [139.2648166, 36.4335136], [139.2646097, 36.4336023], [139.2645056, 36.4336374], [139.2644149, 36.4336596], [139.2643465, 36.4336738], [139.2643135, 36.4336807], [139.2641932, 36.4336974], [139.2640769, 36.4337064], [139.2639391, 36.433712], [139.2637854, 36.4337056], [139.2637271, 36.4336972], [139.2635618, 36.4336597], [139.263501, 36.4336351], [139.2634445, 36.4336013], [139.2633865, 36.433556], [139.2633231, 36.4334934], [139.2632739, 36.4334322], [139.263203, 36.4333274], [139.2631437, 36.4332334], [139.2631241, 36.4332021], [139.2630968, 36.4331586], [139.2630325, 36.4330603], [139.2629815, 36.4329841], [139.2629226, 36.4329231], [139.262857, 36.4328637], [139.2627928, 36.4328206], [139.2627266, 36.4327814], [139.2626523, 36.4327454], [139.2625829, 36.4327199], [139.2625242, 36.4327035], [139.262444, 36.4326859], [139.2623546, 36.4326757], [139.2622797, 36.4326716], [139.2622001, 36.4326707], [139.2621187, 36.4326774], [139.2620275, 36.4326938], [139.2619643, 36.4327107], [139.2618524, 36.4327568], [139.2617751, 36.4327971], [139.2616911, 36.4328517], [139.2616345, 36.4328932], [139.2615661, 36.4329496], [139.2615117, 36.4330019], [139.2613185, 36.4331938], [139.2611221, 36.4333796], [139.2606807, 36.4338068], [139.2605901, 36.4338931], [139.2605415, 36.4339442], [139.2604876, 36.4340101], [139.260441, 36.4340759], [139.2603966, 36.434147], [139.2603879, 36.4341623], [139.2603342, 36.4342667], [139.260224, 36.4345168], [139.2597754, 36.4355156], [139.2596844, 36.4357], [139.2591026, 36.4367894], [139.25902, 36.4369411], [139.2589654, 36.4370499], [139.2589101, 36.4371852], [139.2588532, 36.4373458], [139.2587501, 36.4376317], [139.2586966, 36.4377404], [139.2586274, 36.4378569], [139.2582808, 36.4383589], [139.2581578, 36.4385229], [139.2580809, 36.4386129], [139.2579909, 36.4386972], [139.2578205, 36.4388268], [139.2576665, 36.4389092], [139.2572286, 36.4391148], [139.2571562, 36.4391514], [139.2569622, 36.439238], [139.2566421, 36.4393972], [139.2563954, 36.4394904], [139.2562648, 36.4395247], [139.256127, 36.4395543], [139.2554795, 36.4396392], [139.2553604, 36.4396648], [139.2552558, 36.4396896], [139.2550911, 36.4397406], [139.2550479, 36.4397579], [139.2549322, 36.4398077], [139.2548309, 36.4398523], [139.2545933, 36.4399567], [139.2538643, 36.4402684], [139.2534434, 36.4404542], [139.2532656, 36.4405274], [139.2527013, 36.4407113], [139.2524993, 36.4407867], [139.2523244, 36.4408621], [139.2521665, 36.4409518], [139.2520961, 36.4409885], [139.2518292, 36.4411275], [139.2517196, 36.4411734], [139.2516002, 36.4412125], [139.2514733, 36.4412409], [139.2513392, 36.4412628], [139.2512135, 36.4412808], [139.2510919, 36.4412942], [139.2508895, 36.4413229], [139.2503795, 36.4413997], [139.2500585, 36.4414579], [139.2497178, 36.4415242], [139.2495237, 36.4415529], [139.2494287, 36.4415589], [139.2492961, 36.4415562], [139.2491995, 36.4415463], [139.2490715, 36.4415244], [139.2489649, 36.441506], [139.2487508, 36.4414536], [139.2485489, 36.441408], [139.2484415, 36.4413931], [139.248332, 36.4413855], [139.2482428, 36.4413818], [139.2481508, 36.4413851], [139.2480814, 36.4413884], [139.2479738, 36.4414003], [139.2478216, 36.4414342], [139.2474257, 36.4415485], [139.245751, 36.4420824], [139.2455868, 36.4421372], [139.2454214, 36.442203], [139.2453415, 36.4422419], [139.2452748, 36.4422744], [139.24432, 36.4428264], [139.2437142, 36.4431784], [139.2428656, 36.4436715], [139.2426867, 36.4437721], [139.2425708, 36.4438227], [139.242474, 36.443858], [139.2423858, 36.4438829], [139.2422818, 36.4439026], [139.2421996, 36.4439142], [139.2421058, 36.4439229], [139.2419662, 36.4439289], [139.2417725, 36.4439323], [139.2415213, 36.443938], [139.2413976, 36.4439381], [139.2413199, 36.4439356], [139.2412612, 36.4439292], [139.2411242, 36.4439061], [139.2409522, 36.4438626], [139.2406678, 36.4437643], [139.2405368, 36.4437324], [139.2404497, 36.4437229], [139.2403674, 36.4437214], [139.2402875, 36.4437297], [139.2401877, 36.4437498], [139.2401091, 36.4437808], [139.2400261, 36.4438279], [139.2399648, 36.4438796], [139.2399072, 36.4439438], [139.2398577, 36.4440085], [139.2397956, 36.4441196], [139.239493, 36.4448177], [139.2394036, 36.4450241], [139.2393615, 36.445125], [139.2393075, 36.4452147], [139.2392542, 36.4453015], [139.2391995, 36.4453755], [139.2391457, 36.4454413], [139.2390784, 36.4455137], [139.2389902, 36.4455926], [139.2387355, 36.4457929], [139.2385058, 36.4459636], [139.2384315, 36.4460173], [139.2383301, 36.4460913], [139.2382221, 36.446158], [139.2381277, 36.4462112], [139.2380214, 36.4462587], [139.2379232, 36.4462931], [139.237835, 36.4463172], [139.2377314, 36.4463356], [139.2375656, 36.4463557], [139.2368893, 36.44641], [139.2357625, 36.4464993], [139.2356348, 36.4465107], [139.2355295, 36.4465238], [139.2354192, 36.4465453], [139.2353127, 36.4465734], [139.2351679, 36.4466197], [139.2350603, 36.4466706], [139.2349614, 36.4467236], [139.2345462, 36.4469738], [139.2341854, 36.4472057], [139.233881, 36.4473945], [139.2337477, 36.4474745], [139.2336437, 36.4475284], [139.233549, 36.4475692], [139.2333984, 36.4476286], [139.2332165, 36.4476963], [139.2331708, 36.4477144], [139.2330645, 36.4477543], [139.2328591, 36.4478273], [139.2324137, 36.4479865], [139.2318252, 36.4481976], [139.2311315, 36.4484467], [139.2309906, 36.4484866], [139.2308522, 36.448516], [139.2306661, 36.448539], [139.2304757, 36.4485465], [139.2300631, 36.4485408], [139.2299291, 36.4485372], [139.2298042, 36.4485344], [139.2293886, 36.4485156], [139.2291781, 36.4485022], [139.2290146, 36.4484856], [139.2288633, 36.4484641], [139.2287241, 36.4484363], [139.228586, 36.4483956], [139.2284379, 36.4483444], [139.2280597, 36.4481298], [139.2279398, 36.448065], [139.2279299, 36.4480596], [139.2277991, 36.4480012], [139.2277333, 36.4479779], [139.2276478, 36.4479546], [139.2275554, 36.4479392], [139.2274551, 36.4479253], [139.2272102, 36.4479127], [139.2270292, 36.4479037], [139.2268803, 36.4479079], [139.2267004, 36.4479325], [139.2265329, 36.4479715], [139.22627, 36.4480453], [139.2260519, 36.4481277], [139.2258741, 36.4482285], [139.2258333, 36.4482573], [139.2256624, 36.4483779], [139.2253931, 36.4485799], [139.2249615, 36.4489116], [139.2248367, 36.4490034], [139.2247207, 36.4490774], [139.2246182, 36.4491307], [139.2245027, 36.449184], [139.2243719, 36.4492273], [139.2242044, 36.4492737], [139.2240551, 36.4493024], [139.2238496, 36.4493293], [139.2233177, 36.4493757], [139.2229156, 36.449397], [139.2227164, 36.4494164], [139.2225278, 36.4494473], [139.2224393, 36.449471], [139.2223126, 36.4495063], [139.2221711, 36.4495519], [139.2220969, 36.4495837], [139.2220974, 36.449631], [139.2220978, 36.4496775], [139.2221073, 36.4497396], [139.2221847, 36.4500958], [139.2221955, 36.4501462], [139.222207, 36.4502], [139.222219, 36.4503006], [139.2222252, 36.4504705], [139.2222223, 36.4505838], [139.2222041, 36.4507171], [139.2221729, 36.450889], [139.2220709, 36.4512672], [139.2220498, 36.4513518], [139.2220348, 36.451445], [139.2220271, 36.4515157], [139.2220196, 36.4515819], [139.2220095, 36.4516616], [139.2220096, 36.4517406], [139.2220018, 36.4519819], [139.2219775, 36.4527445], [139.2219695, 36.4528607], [139.2219643, 36.4529002], [139.2219564, 36.4529598], [139.221953, 36.4529788], [139.2219336, 36.4530862], [139.2219017, 36.4532519], [139.2217655, 36.4536748], [139.2217528, 36.4537486], [139.2217342, 36.4538258], [139.2217266, 36.4538877], [139.2217195, 36.4539795], [139.2217191, 36.4540106], [139.2217166, 36.4541164], [139.2217262, 36.454259], [139.221762, 36.4545218], [139.2217684, 36.4545928], [139.2217722, 36.4546835], [139.2217707, 36.4547806], [139.2217642, 36.4548387], [139.2217546, 36.4549217], [139.2217399, 36.4550238], [139.2217317, 36.4550945], [139.221727, 36.4551345], [139.2217247, 36.4552158], [139.2217302, 36.4553178], [139.2217408, 36.4554176], [139.2217516, 36.4554806], [139.2217581, 36.4555397], [139.2217578, 36.4555985], [139.2217556, 36.455656], [139.2217451, 36.4557172], [139.2217282, 36.4557658], [139.2217054, 36.4558158], [139.2216832, 36.4558675], [139.2215702, 36.4560297], [139.2215576, 36.4560608], [139.2215402, 36.4561205], [139.2215384, 36.4561541], [139.2215469, 36.456182], [139.2215552, 36.4562016], [139.2215577, 36.4562076], [139.2215777, 36.4562361], [139.2216318, 36.4562896], [139.2216887, 36.4563346], [139.2217484, 36.4563713], [139.2218307, 36.4564207], [139.2218784, 36.4564491], [139.2219649, 36.4564878], [139.2220264, 36.4565089], [139.222068, 36.4565231], [139.2221505, 36.4565514], [139.2221859, 36.4565635], [139.2222669, 36.4565976], [139.2223674, 36.4566477], [139.2224804, 36.4567242], [139.222547, 36.4567868], [139.2229587, 36.4572139], [139.2229682, 36.4572229], [139.2230362, 36.4572874], [139.2231073, 36.4573517], [139.2231842, 36.4574195], [139.2233517, 36.4575562], [139.2238621, 36.457955], [139.2239405, 36.4580266], [139.223998, 36.458087], [139.2240487, 36.458149], [139.2240857, 36.45821], [139.2241131, 36.4582641], [139.2241324, 36.4583108], [139.2241467, 36.4583666], [139.2241598, 36.4584457], [139.2241638, 36.4585055], [139.2241632, 36.4585853], [139.2241581, 36.4586633], [139.224141, 36.4587476], [139.2241165, 36.4588376], [139.2240926, 36.4589036], [139.2240561, 36.4589822], [139.224022, 36.45905], [139.2238289, 36.459411], [139.2237492, 36.4595557], [139.223719, 36.4596212], [139.2236911, 36.459693], [139.2236717, 36.4597607], [139.2236546, 36.459837], [139.223645, 36.4599008], [139.2236393, 36.4599652], [139.223637, 36.4600335], [139.2236404, 36.4601036], [139.2236467, 36.4601736], [139.2236905, 36.460533], [139.2236945, 36.4606047], [139.2236956, 36.4606645], [139.2236945, 36.4607232], [139.2236825, 36.4607813], [139.2236677, 36.4608422], [139.2236495, 36.4608957], [139.2236239, 36.4609459], [139.2235965, 36.4609903], [139.2235652, 36.461033], [139.2235547, 36.4610454], [139.2235373, 36.461066], [139.2234946, 36.4611133], [139.223457, 36.4611486], [139.2234046, 36.461189], [139.2233551, 36.4612249], [139.2232993, 36.4612562], [139.2232309, 36.4612893], [139.2231278, 36.4613303], [139.2228494, 36.4614163], [139.2227691, 36.4614493], [139.2227076, 36.4614835], [139.2226455, 36.4615239], [139.222609, 36.4615575], [139.2225709, 36.4616019], [139.222539, 36.4616549], [139.2225242, 36.4617021], [139.2225099, 36.4617506], [139.2225025, 36.4617973], [139.222502, 36.4618434], [139.2225071, 36.4618889], [139.222523, 36.4619391], [139.222539, 36.4619841], [139.222572, 36.4620438], [139.2226039, 36.4620968], [139.2227879, 36.4623633], [139.2228346, 36.4624436], [139.222859, 36.4624943], [139.2228761, 36.4625501], [139.222883, 36.4626151], [139.222875, 36.4626908], [139.2228625, 36.4627352], [139.222842, 36.4627899], [139.2227981, 36.4628673], [139.222752, 36.4629385], [139.2226523, 36.4630809], [139.2226255, 36.4631316], [139.2225919, 36.4632011], [139.222576, 36.4632501], [139.2225658, 36.4633104], [139.2225589, 36.4633759], [139.2225606, 36.4634744], [139.2225692, 36.4635684], [139.2226045, 36.4638606], [139.222617, 36.4639693], [139.2226199, 36.4640445], [139.2226155, 36.464103], [139.2226096, 36.4641658], [139.2225919, 36.464241], [139.2225629, 36.4643389], [139.222523, 36.4644642], [139.2220731, 36.4658065], [139.2216995, 36.4669558], [139.2216722, 36.4670173], [139.2216386, 36.4670731], [139.221605, 36.4671209], [139.2215634, 36.4671625], [139.2215258, 36.4671864], [139.2214774, 36.4672098], [139.221407, 36.4672324], [139.221343, 36.4672468], [139.2212599, 36.4672531], [139.2211488, 36.4672525], [139.2210594, 36.4672508], [139.2207451, 36.4672411], [139.2205167, 36.4672548], [139.2203755, 36.467273], [139.2201319, 36.4673114], [139.2200298, 36.4673231], [139.2199455, 36.4673288], [139.2198583, 36.46733], [139.2197946, 36.4673186], [139.2197234, 36.4672963], [139.219339, 36.4671238], [139.219253, 36.4670982], [139.2191647, 36.4670816], [139.2190747, 36.4670748], [139.2187419, 36.4670813], [139.2185622, 36.4670953], [139.2184511, 36.4671107], [139.2183378, 36.4671329], [139.218221, 36.4671591], [139.2179771, 36.4672281], [139.2177888, 36.4672816], [139.217319, 36.4674077], [139.217062, 36.4674692], [139.2169733, 36.4674888], [139.2168838, 36.4674945], [139.2167927, 36.4674917], [139.216713, 36.4674769], [139.2166373, 36.4674524], [139.2165638, 36.4674205], [139.2164852, 36.4673715], [139.2164436, 36.4673294], [139.2164055, 36.4672861], [139.2163736, 36.467236], [139.2163532, 36.4671903], [139.2163297, 36.4671329], [139.2161382, 36.4665521], [139.2161173, 36.4664888], [139.2160905, 36.466425], [139.2160586, 36.466355], [139.2160205, 36.4662929], [139.2159897, 36.4662462], [139.215951, 36.4662035], [139.2158946, 36.4661573], [139.21584, 36.4661215], [139.215775, 36.4660884], [139.2157056, 36.4660605], [139.215627, 36.4660372], [139.215533, 36.4660218], [139.2154345, 36.4660116], [139.2152821, 36.4660118], [139.2142915, 36.4660371], [139.2137321, 36.4660488], [139.2136736, 36.4660503], [139.2123659, 36.4660834], [139.2114885, 36.4661057], [139.2110863, 36.4661152], [139.2108483, 36.4661289], [139.2106985, 36.4661454], [139.210555, 36.4661613], [139.2104743, 36.4661725], [139.2102668, 36.4662063], [139.2101088, 36.466237], [139.2098038, 36.4663037], [139.209504, 36.4663737], [139.2090988, 36.4664668], [139.209072, 36.4664729], [139.20892, 36.4665139], [139.208778, 36.4665584], [139.208662, 36.4666078], [139.2086, 36.4666422], [139.2085788, 36.466654], [139.2084991, 36.4667132], [139.2084382, 36.4667661], [139.2083994, 36.4668134], [139.2083647, 36.4668578], [139.2083362, 36.4669108], [139.2083177, 36.466969], [139.2083066, 36.467023], [139.2082992, 36.4670794], [139.2082981, 36.4671392], [139.2083025, 36.4672105], [139.20831, 36.4672781], [139.208326, 36.4673482], [139.2083419, 36.4674148], [139.2084934, 36.4679154], [139.2086016, 36.4682776], [139.2086711, 36.468502], [139.2087297, 36.468695], [139.2088066, 36.4689416], [139.2088454, 36.4690436], [139.2088966, 36.4691677], [139.2089496, 36.4692685], [139.209006, 36.4693614], [139.2090749, 36.4694587], [139.209146, 36.4695556], [139.2096068, 36.4701575], [139.2096518, 36.4702281], [139.2096802, 36.4702857], [139.2096882, 36.4703187], [139.2096874, 36.4703486], [139.2096817, 36.4703754], [139.2096686, 36.4704038], [139.2096432, 36.4704417], [139.2096122, 36.4704702], [139.2095866, 36.4704878], [139.2095467, 36.4705055], [139.2095117, 36.4705154], [139.2094655, 36.47052], [139.2094302, 36.4705183], [139.2093952, 36.4705117], [139.2093402, 36.4704918], [139.2090968, 36.4703984], [139.2090247, 36.4703756], [139.2089681, 36.4703671], [139.2089111, 36.4703651], [139.2088579, 36.4703722], [139.2088169, 36.4703856], [139.2087816, 36.4704001], [139.2087559, 36.4704169], [139.208738, 36.4704351], [139.2087144, 36.4704656], [139.208697, 36.4705009], [139.2086839, 36.4705317], [139.2086711, 36.4705752], [139.2086623, 36.4706168], [139.2085535, 36.4712484], [139.2085387, 36.4713179], [139.2085236, 36.4713669], [139.2085056, 36.4714127], [139.2084877, 36.4714386], [139.2084669, 36.4714614], [139.2084478, 36.4714782], [139.2084148, 36.4714964], [139.2083778, 36.4715107], [139.2083386, 36.471519], [139.2083006, 36.4715249], [139.2082588, 36.4715246], [139.2082206, 36.4715186], [139.2081899, 36.4715107], [139.2081508, 36.4714916], [139.2081178, 36.4714722], [139.2080629, 36.4714332], [139.2078519, 36.4712717], [139.2078003, 36.4712433], [139.2077209, 36.4712085], [139.207646, 36.471182], [139.2075905, 36.4711687], [139.2075253, 36.4711576], [139.2074672, 36.4711536], [139.2073994, 36.4711559], [139.207347, 36.4711638], [139.207294, 36.4711775], [139.2072368, 36.4711951], [139.207171, 36.4712236], [139.2071226, 36.471251], [139.2069794, 36.471335], [139.2062599, 36.4717977], [139.2061214, 36.4718785], [139.2059532, 36.471996], [139.2057369, 36.4721329], [139.2056514, 36.472186], [139.2055969, 36.4722199], [139.2055047, 36.4722772], [139.2053517, 36.4723546], [139.2052162, 36.4724094], [139.2051323, 36.472436], [139.2049874, 36.4724685], [139.2048299, 36.4724931], [139.2047155, 36.4724972], [139.2045423, 36.4724888], [139.2043975, 36.4724691], [139.2042121, 36.4724427], [139.2040147, 36.4724129], [139.203958, 36.4724038], [139.2038021, 36.4723866], [139.2037074, 36.4723792], [139.2036248, 36.4723784], [139.2034569, 36.4723796], [139.2031372, 36.4723979], [139.2028564, 36.4724144], [139.2020529, 36.4724537], [139.2019315, 36.4724623], [139.2018035, 36.4724714], [139.2011246, 36.4725129], [139.2006029, 36.4725403], [139.2004612, 36.4725471], [139.2004036, 36.4725477], [139.2003387, 36.4725449], [139.2002795, 36.4725397], [139.2002313, 36.4725311], [139.2001619, 36.472511], [139.2000728, 36.4724794], [139.1999694, 36.472429], [139.1998854, 36.4723752], [139.1997981, 36.4723015], [139.1997271, 36.4722242], [139.1995152, 36.471968], [139.1993011, 36.4717157], [139.1992527, 36.4716741], [139.1992012, 36.4716359], [139.1991411, 36.4716072], [139.1990747, 36.4715853], [139.199007, 36.4715744], [139.1989397, 36.4715722], [139.1988774, 36.4715804], [139.1988182, 36.4715949], [139.1987689, 36.4716149], [139.1987219, 36.4716419], [139.1986764, 36.4716707], [139.1986348, 36.4717057], [139.1985943, 36.4717473], [139.1985565, 36.4717974], [139.1982629, 36.4721906], [139.1981798, 36.4722926], [139.1981074, 36.47237], [139.1980453, 36.4724281], [139.1979713, 36.4724731], [139.1978939, 36.4725073], [139.1978005, 36.4725289], [139.1977076, 36.472542], [139.1976009, 36.4725472], [139.1968203, 36.4725618], [139.1959708, 36.4725745], [139.1958121, 36.4725795], [139.195707, 36.4725739], [139.1956255, 36.4725637], [139.1955424, 36.4725432], [139.1954712, 36.4725124], [139.195416, 36.472472], [139.1953681, 36.4724258], [139.1953328, 36.47237], [139.195314, 36.4722892], [139.1953055, 36.4721975], [139.1952803, 36.4717909], [139.1952736, 36.4715917], [139.1952773, 36.4713386], [139.1952789, 36.4710897], [139.1952735, 36.4710342], [139.1952592, 36.4709716], [139.1952241, 36.4708644], [139.195186, 36.4707566], [139.1950298, 36.470432], [139.1948687, 36.4700368], [139.1947713, 36.4698033], [139.1947508, 36.4697418], [139.1947371, 36.4696643], [139.1947314, 36.4695994], [139.1947383, 36.4695425], [139.1947599, 36.4694377], [139.194908, 36.4690219], [139.1949331, 36.468928], [139.1949456, 36.4688528], [139.1949518, 36.4687839], [139.194953, 36.4687258], [139.1949464, 36.4686442], [139.1949256, 36.4685732], [139.1949028, 36.4685282], [139.1948647, 36.4684633], [139.1948203, 36.4684154], [139.194773, 36.4683664], [139.1947047, 36.4683197], [139.1946426, 36.4682844], [139.1945634, 36.4682474], [139.1943538, 36.4681717], [139.1939706, 36.4680435], [139.1938242, 36.4680145], [139.1937621, 36.4680122], [139.1937006, 36.4680185], [139.1936477, 36.4680327], [139.1935776, 36.4680555], [139.193495, 36.4680897], [139.1934125, 36.4681421], [139.1933584, 36.4681916], [139.1933094, 36.4682503], [139.1932764, 36.4682975], [139.1932593, 36.4683551], [139.1932422, 36.4684279], [139.1931824, 36.4686996], [139.1931619, 36.4687577], [139.1931385, 36.4687941], [139.1931049, 36.4688294], [139.193056, 36.4688494], [139.1930024, 36.4688648], [139.1929392, 36.4688687], [139.1928686, 36.4688653], [139.1928008, 36.4688517], [139.1927359, 36.4688351], [139.1926493, 36.4688015], [139.1925945, 36.4687721], [139.1925389, 36.4687355], [139.1924961, 36.4686928], [139.192454, 36.468637], [139.192409, 36.4685669], [139.1921009, 36.4680088], [139.1920667, 36.4679439], [139.1920257, 36.4678801], [139.1919876, 36.4678334], [139.191942, 36.4677912], [139.1918862, 36.4677463], [139.1918406, 36.4677201], [139.1917239, 36.4676773], [139.191229, 36.4675549], [139.1910547, 36.4675179], [139.1909084, 36.4675002], [139.1908019, 36.4674962], [139.1905183, 36.4674985], [139.1901269, 36.4675048], [139.1888804, 36.4675367], [139.1887084, 36.4675321], [139.1885734, 36.4675281], [139.1884259, 36.4675139], [139.1882545, 36.4674951], [139.1878083, 36.4674473], [139.1873798, 36.4673978], [139.1869228, 36.467345], [139.1863936, 36.4672879], [139.1858607, 36.4672274], [139.1848985, 36.4671253], [139.1848585, 36.4671211], [139.1844842, 36.4670789], [139.1842293, 36.4670663], [139.1840573, 36.4670589], [139.1836916, 36.4670616], [139.1813817, 36.467081], [139.180367, 36.467079], [139.1800879, 36.4670771], [139.1798317, 36.4670689], [139.1796449, 36.467061], [139.1795313, 36.4670563], [139.1786663, 36.4670181], [139.1785623, 36.4670135], [139.1782442, 36.4669995], [139.1777018, 36.4669758], [139.1773687, 36.4669605], [139.1772637, 36.466956], [139.1771385, 36.4669511], [139.1769701, 36.4669444], [139.1769015, 36.4669414], [139.1767626, 36.4669351], [139.176633, 36.4669346], [139.1765534, 36.466938], [139.1764965, 36.4669433], [139.1764412, 36.466951], [139.1763166, 36.4669788], [139.1761917, 36.4670236], [139.1761502, 36.4670422], [139.1761001, 36.4670634], [139.1760457, 36.4670964], [139.1759857, 36.4671395], [139.1759239, 36.4671929], [139.1758795, 36.4672397], [139.1758423, 36.4672839], [139.1758091, 36.46733], [139.1757201, 36.4674792], [139.1756221, 36.4676715], [139.1755909, 36.4677326], [139.1755304, 36.4678231], [139.1754573, 36.4679095], [139.1753634, 36.4679916], [139.1752906, 36.4680396], [139.1752561, 36.4680623], [139.1751603, 36.4681101], [139.1750957, 36.4681359], [139.1750093, 36.4681612], [139.174913, 36.4681807], [139.174895, 36.4681826], [139.1748114, 36.4681918], [139.1747147, 36.4681987], [139.1746104, 36.4681997], [139.1744261, 36.4681898], [139.1743976, 36.4681888], [139.1742145, 36.4681827], [139.1739745, 36.4681747], [139.1736939, 36.468176], [139.1735918, 36.4681813], [139.1729298, 36.4682702], [139.1720303, 36.4683966], [139.1719168, 36.468416], [139.171844, 36.468431], [139.1718082, 36.4684401], [139.1717379, 36.4684579], [139.1716048, 36.4684993], [139.1706621, 36.4688485], [139.1704937, 36.4688983], [139.1703656, 36.4689278], [139.1702503, 36.4689412], [139.1701497, 36.4689469], [139.1700138, 36.4689399], [139.169907, 36.4689123], [139.1698008, 36.4688656], [139.1697068, 36.4688007], [139.1695248, 36.4686345], [139.1694559, 36.4685822], [139.1694149, 36.4685578], [139.1693798, 36.4685422], [139.1693163, 36.4685265], [139.1692592, 36.4685241], [139.1691986, 36.4685252], [139.1691444, 36.4685401], [139.1691003, 36.4685555], [139.1690464, 36.4685868], [139.1690067, 36.4686296], [139.1689838, 36.4686694], [139.1689631, 36.4687221], [139.1689496, 36.4687679], [139.1689379, 36.4688235], [139.1689245, 36.4689035], [139.1689025, 36.4690752], [139.1688374, 36.4695225], [139.1688271, 36.4695669], [139.1688075, 36.4696181], [139.1687793, 36.4696552], [139.1687513, 36.469684], [139.1687121, 36.469715], [139.1684973, 36.4698691], [139.1684547, 36.4698893], [139.1684116, 36.4699045], [139.1683698, 36.4699155], [139.1683284, 36.4699208], [139.1682855, 36.4699229], [139.1682376, 36.4699174], [139.1680998, 36.4698883], [139.1674127, 36.4697138], [139.1668741, 36.4695744], [139.166758, 36.4695344], [139.1666704, 36.4694795], [139.166591, 36.4694164], [139.1665319, 36.4693311], [139.1664912, 36.469261], [139.1664701, 36.4691903], [139.1664583, 36.4691245], [139.1664577, 36.469037], [139.1664787, 36.4689687], [139.1665216, 36.4688316], [139.166534, 36.4687338], [139.1665345, 36.4686346], [139.1665118, 36.4685462], [139.1664631, 36.4684576], [139.1663958, 36.46837], [139.1663196, 36.468293], [139.1657754, 36.4677631], [139.1656806, 36.4676696], [139.1655893, 36.4676061], [139.1654762, 36.4675424], [139.1653624, 36.4675044], [139.1651788, 36.4674808], [139.1649782, 36.4674953], [139.1644058, 36.4675966], [139.163691, 36.4677308], [139.1635571, 36.4677515], [139.1634484, 36.4677512], [139.1633542, 36.4677338], [139.1632483, 36.4677028], [139.1631673, 36.4676502], [139.1631134, 36.4675758], [139.1630734, 36.4675005], [139.1630595, 36.4674057], [139.1630343, 36.4671794], [139.1630217, 36.4670735], [139.1630003, 36.466984], [139.1629094, 36.4667506], [139.1628353, 36.4666033], [139.1627254, 36.4664566], [139.1626393, 36.4663546], [139.1625443, 36.4662754], [139.1623606, 36.4661395], [139.1621017, 36.4659863], [139.1619106, 36.4658683], [139.1618349, 36.4657965], [139.1617794, 36.4657158], [139.1617532, 36.4656293], [139.161741, 36.4654999], [139.1617557, 36.465391], [139.1617853, 36.4652883], [139.1621701, 36.4645594], [139.1622235, 36.4644543], [139.1622296, 36.4643629], [139.1622158, 36.4642763], [139.1621768, 36.4642035], [139.1621041, 36.4641181], [139.1619878, 36.4640245], [139.1618751, 36.4639522], [139.1617309, 36.4638837], [139.1615599, 36.4638174], [139.1614504, 36.4637752], [139.1612578, 36.4637089], [139.1611389, 36.463688], [139.1610629, 36.4636859], [139.1609897, 36.4636914], [139.1609435, 36.4637051], [139.1608913, 36.4637227], [139.1602049, 36.4641011], [139.1601138, 36.4641419], [139.1600384, 36.4641713], [139.1599595, 36.4641857], [139.1599105, 36.4641886], [139.1598613, 36.4641884], [139.1598028, 36.46418], [139.1597408, 36.4641652], [139.1596878, 36.4641446], [139.1596354, 36.4641208], [139.1591985, 36.4638526], [139.1591646, 36.4638318], [139.1588973, 36.463676], [139.1588108, 36.4636299], [139.1587338, 36.4635937], [139.1586604, 36.4635644], [139.1585573, 36.4635257], [139.1584578, 36.4634958], [139.158325, 36.4634693], [139.1581726, 36.4634421], [139.1565671, 36.4632686], [139.1562754, 36.4632552], [139.1562093, 36.4632561], [139.1561165, 36.4632631], [139.1560117, 36.4632768], [139.1559285, 36.4632945], [139.1558487, 36.4633171], [139.1548889, 36.4636759], [139.154762, 36.4637095], [139.1546586, 36.4637182], [139.1545379, 36.4637203], [139.1541041, 36.4637178], [139.1538882, 36.4637158], [139.1538267, 36.463715], [139.1534845, 36.4637104], [139.1523004, 36.4637055], [139.1517445, 36.4637112], [139.1515588, 36.4637119], [139.1513514, 36.4637095], [139.1511339, 36.4636926], [139.1500142, 36.4635863], [139.1498332, 36.4635593], [139.1496942, 36.4635228], [139.149562, 36.4634824], [139.1493741, 36.4634124], [139.1486008, 36.4630923], [139.1484074, 36.4630222], [139.1477317, 36.4628941], [139.1476491, 36.4628759], [139.1475607, 36.4628511], [139.1474845, 36.4628258], [139.1474173, 36.462796], [139.1473462, 36.4627557], [139.1472853, 36.4627157], [139.1472362, 36.4626731], [139.1469002, 36.4622699], [139.1468507, 36.4622261], [139.1468039, 36.4621913], [139.1467379, 36.4621515], [139.1466616, 36.4621139], [139.1465736, 36.4620802], [139.1453681, 36.461727], [139.1437529, 36.461273], [139.1435596, 36.4612245], [139.1432919, 36.4611687], [139.1431238, 36.4611365], [139.1428713, 36.4610984], [139.1424606, 36.4610397], [139.1423535, 36.4610297], [139.1422047, 36.461014], [139.142078, 36.461002], [139.1418676, 36.4609926], [139.141605, 36.4609863], [139.139665, 36.4609892], [139.1395582, 36.4609819], [139.139433, 36.4609658], [139.1393322, 36.4609436], [139.1392872, 36.4609345], [139.1392367, 36.4609217], [139.1391528, 36.4608963], [139.1384735, 36.460662], [139.137041, 36.4601824], [139.136836, 36.460132], [139.136652, 36.460096], [139.1365416, 36.4600831], [139.1364546, 36.460077], [139.1363116, 36.4600722], [139.136233, 36.460075], [139.1361639, 36.46008], [139.1359294, 36.4601047], [139.135655, 36.460149], [139.1355091, 36.4601685], [139.1343525, 36.4603567], [139.1342234, 36.4603784], [139.1340102, 36.4604134], [139.1338615, 36.4604339], [139.1337428, 36.4604474], [139.1336768, 36.460455], [139.1335474, 36.4604628], [139.1334026, 36.4604657], [139.1332177, 36.4604582], [139.1330956, 36.4604424], [139.1329719, 36.4604208], [139.1328172, 36.4603811], [139.1326958, 36.4603484], [139.1326508, 36.4603342], [139.1323824, 36.460246], [139.1318594, 36.4600677], [139.1316221, 36.4599919], [139.1313991, 36.4599291], [139.1312835, 36.4599085], [139.1311594, 36.4598949], [139.1310645, 36.459884], [139.1309417, 36.4598826], [139.130846, 36.4598837], [139.1307185, 36.4598917], [139.1305903, 36.4599048], [139.1297645, 36.4599988], [139.1287514, 36.4601219], [139.1284741, 36.4601656], [139.1283004, 36.4601947], [139.1282369, 36.4602096], [139.1267252, 36.4605584], [139.1266331, 36.4605787], [139.1248569, 36.4609898], [139.1247899, 36.4610043], [139.1247014, 36.4610236], [139.1242693, 36.4611213], [139.1236537, 36.4612613], [139.1231764, 36.4613679], [139.1228863, 36.4614458], [139.1226222, 36.4615225], [139.1223105, 36.4616348], [139.121959, 36.461782], [139.1210814, 36.4621822], [139.1207898, 36.462316], [139.1203753, 36.4625032], [139.1198872, 36.4627229], [139.1197157, 36.4627962], [139.1195404, 36.4628635], [139.1194543, 36.4628901], [139.1189916, 36.4630196], [139.118143, 36.4632509], [139.1166771, 36.4636248], [139.1163481, 36.4637037], [139.1162247, 36.4637301], [139.116121, 36.463741], [139.1160319, 36.4637455], [139.1159411, 36.463741], [139.1158501, 36.4637269], [139.1156568, 36.463676], [139.1154319, 36.4636083], [139.1153448, 36.4635876], [139.115281, 36.4635855], [139.1152335, 36.4635922], [139.1151831, 36.4636083], [139.1151455, 36.4636333], [139.1151128, 36.4636646], [139.1150931, 36.4636977], [139.1150862, 36.463731], [139.1150828, 36.4637666], [139.1150879, 36.4638024], [139.1151011, 36.4638372], [139.115129, 36.4638873], [139.1153738, 36.4641761], [139.1154021, 36.4642186], [139.1154205, 36.4642592], [139.1154354, 36.4642991], [139.1154493, 36.4643478], [139.115453, 36.4643936], [139.1154519, 36.4644357], [139.1154418, 36.4644809], [139.1154183, 36.46454], [139.1153955, 36.4645827], [139.1153659, 36.4646291], [139.115314, 36.4646812], [139.1152796, 36.4647101], [139.1152309, 36.4647399], [139.1151825, 36.4647632], [139.1151296, 36.4647838], [139.1150612, 36.4648014], [139.1150025, 36.4648128], [139.1149415, 36.4648183], [139.1148704, 36.4648207], [139.1147901, 36.4648185], [139.1146984, 36.4648099], [139.1143266, 36.4647728], [139.113885, 36.4647213], [139.1136773, 36.4646703], [139.1136282, 36.4646524], [139.113502, 36.4646065], [139.1130083, 36.464359], [139.1126789, 36.4641728], [139.1124769, 36.4641088], [139.1123097, 36.4640743], [139.111816, 36.4640719], [139.1111021, 36.4640563], [139.1108469, 36.4640633], [139.1107871, 36.4640684], [139.1107341, 36.4640786], [139.1106786, 36.4640915], [139.1106703, 36.4640935], [139.1105952, 36.4641151], [139.1105262, 36.46414], [139.1099897, 36.4643498], [139.109713, 36.4644587], [139.1091262, 36.4646834], [139.1089233, 36.4647504], [139.1088911, 36.46476], [139.1086698, 36.4648253], [139.1084613, 36.4648839], [139.1083446, 36.4649118], [139.1082864, 36.4649256], [139.1082047, 36.4649454], [139.1080682, 36.4649762], [139.1077784, 36.4650326], [139.1074737, 36.4650873], [139.1057459, 36.465383], [139.1056091, 36.465408], [139.1054622, 36.4654308], [139.1050463, 36.4655033], [139.1045389, 36.46559], [139.1040779, 36.4656653], [139.1038039, 36.4656972], [139.1035644, 36.4657216], [139.1033084, 36.4657367], [139.1023769, 36.465768], [139.1021423, 36.4657917], [139.1019455, 36.4658305], [139.1017943, 36.4658693], [139.1016433, 36.4659256], [139.1014978, 36.465984], [139.1006844, 36.4663682], [139.1005615, 36.4664264], [139.1001602, 36.4666076], [139.0999529, 36.4666904], [139.0997411, 36.4667599], [139.0994609, 36.466851], [139.0991818, 36.4669398], [139.0985679, 36.4671418], [139.0985427, 36.4671501], [139.0975849, 36.4674558], [139.0967438, 36.4677292], [139.096659, 36.4677558], [139.0965687, 36.4677865], [139.0960016, 36.4679735], [139.0954237, 36.4681605], [139.0948195, 36.4683516], [139.0945885, 36.468429], [139.094155, 36.4685725], [139.0941015, 36.4685874], [139.0940134, 36.4686161], [139.0939675, 36.4686311], [139.0939004, 36.4686538], [139.0931747, 36.468891], [139.0930694, 36.4689331], [139.092889, 36.4689962], [139.0928344, 36.469015], [139.0925938, 36.4690937], [139.0924036, 36.4691529], [139.0921199, 36.4692251], [139.0918149, 36.4692853], [139.0917197, 36.4693004], [139.0916063, 36.4693152], [139.0913557, 36.4693448], [139.0911114, 36.4693631], [139.0906777, 36.4693949], [139.090437, 36.4694154], [139.0898175, 36.4694496], [139.089641, 36.4694566], [139.0895573, 36.469457], [139.0894567, 36.4694534], [139.0893562, 36.4694445], [139.0892554, 36.4694251], [139.0891449, 36.4693927], [139.0889653, 36.4693292], [139.088277, 36.4690686], [139.0881654, 36.4690345], [139.0880458, 36.469006], [139.0878934, 36.4689774], [139.0877406, 36.4689673], [139.0875681, 36.4689692], [139.0873761, 36.4689809], [139.0871995, 36.4690003], [139.0868873, 36.46905], [139.086777, 36.4690675], [139.0863567, 36.4691347], [139.0861657, 36.4691767], [139.0860002, 36.4692315], [139.0858498, 36.4692919], [139.0856144, 36.4694174], [139.0855343, 36.4694849], [139.0854648, 36.469543], [139.0853794, 36.4696182], [139.0851736, 36.4698299], [139.0850764, 36.4699303], [139.0848379, 36.470175], [139.0846305, 36.4703996], [139.084559, 36.4704599], [139.0844834, 36.4705148], [139.084454, 36.4705362], [139.0843324, 36.4706092], [139.0841825, 36.4706778], [139.0841106, 36.4707042], [139.0840287, 36.4707277], [139.0839266, 36.4707561], [139.0838144, 36.470784], [139.0832831, 36.470909], [139.0831726, 36.4709246], [139.0830506, 36.4709307], [139.0828982, 36.4709242], [139.0827813, 36.4709127], [139.0826002, 36.4708694], [139.082548, 36.4708535], [139.0824772, 36.4708319], [139.0823149, 36.470769], [139.0820185, 36.4706798], [139.0818868, 36.4706644], [139.0817187, 36.4706647], [139.0815753, 36.4706827], [139.0813662, 36.4707584], [139.0812197, 36.4708115], [139.0807921, 36.4710158], [139.0807111, 36.4710511], [139.0805848, 36.4711012], [139.0804265, 36.4711524], [139.0803393, 36.4711724], [139.0802449, 36.4711916], [139.0790577, 36.4714597], [139.0786411, 36.4715431], [139.0785706, 36.4715645], [139.0784998, 36.4715841], [139.0784267, 36.4716137], [139.0783512, 36.4716525], [139.0782778, 36.4717085], [139.0781836, 36.4717875], [139.0781228, 36.4718592], [139.0780665, 36.4719297], [139.0777357, 36.4724344], [139.0772423, 36.4731871], [139.0769841, 36.4735906], [139.0768739, 36.4737788], [139.0767845, 36.4739618], [139.0767036, 36.474152], [139.0766102, 36.4744049], [139.0764462, 36.4749618], [139.0763711, 36.4752078], [139.0763141, 36.47534], [139.0762492, 36.4754561], [139.0761546, 36.4755906], [139.0760612, 36.4756976], [139.0759496, 36.4758024], [139.0755236, 36.4761452], [139.0754496, 36.4762011], [139.0750316, 36.4765166], [139.0744234, 36.4769767], [139.0738624, 36.4774204], [139.0734979, 36.4777199], [139.0733584, 36.4778401], [139.0732365, 36.4779494], [139.0729939, 36.478192], [139.0726959, 36.4785183], [139.0726226, 36.4786174], [139.0723891, 36.478946], [139.0721093, 36.4793775], [139.0707189, 36.4814899], [139.0705343, 36.4817587], [139.0704576, 36.4818704], [139.0703994, 36.4819643], [139.0698901, 36.4827596], [139.0698034, 36.4829089], [139.0692612, 36.4838022], [139.0690014, 36.4842297], [139.068238, 36.4855086], [139.0681734, 36.4856091], [139.0676311, 36.4865086], [139.0673274, 36.4869999], [139.0670643, 36.487386], [139.0670028, 36.4874761], [139.066857, 36.4876867], [139.0666873, 36.4878997], [139.0664304, 36.488246], [139.0661901, 36.4885205], [139.0660045, 36.4887231], [139.0658635, 36.4888509], [139.0657822, 36.4889356], [139.0657262, 36.4889985], [139.0656775, 36.4890763], [139.0656451, 36.489139], [139.0656212, 36.4892027], [139.0656081, 36.4892842], [139.0656081, 36.4893969], [139.0656195, 36.4895336], [139.0656496, 36.4896999], [139.0656576, 36.4898007], [139.0656565, 36.489885], [139.0656496, 36.4899744], [139.0656263, 36.4900587], [139.0655864, 36.4901994], [139.0654731, 36.4904761], [139.0653911, 36.4906789], [139.0653444, 36.4907909], [139.0651781, 36.4912245], [139.0648304, 36.4920585], [139.0643276, 36.4932673], [139.0641331, 36.4937479], [139.0640842, 36.4938588], [139.0640387, 36.4939618], [139.0637201, 36.4947472], [139.0635302, 36.4952045], [139.0634924, 36.495277], [139.0634542, 36.4953306], [139.0634132, 36.4953807], [139.0633523, 36.4954371], [139.0632896, 36.4954872], [139.0629861, 36.4956637], [139.0629206, 36.4957091], [139.0628711, 36.495744], [139.0628295, 36.4957883], [139.0627748, 36.4958522], [139.0627139, 36.4959371], [139.0626373, 36.4961032], [139.0625914, 36.4962229], [139.0621889, 36.4972264], [139.0621603, 36.4972977], [139.0621346, 36.4973656], [139.0620026, 36.4977521], [139.0618704, 36.4981257], [139.0617034, 36.4986082], [139.0614332, 36.4993805], [139.0613829, 36.4995358], [139.0613436, 36.4996901], [139.0613249, 36.4998313], [139.0613044, 36.5000438], [139.0612742, 36.5003257], [139.0612474, 36.5004481], [139.0612132, 36.5005711], [139.0611768, 36.5007038], [139.061166, 36.5007596], [139.06117, 36.5008018], [139.0611774, 36.5008496], [139.061191, 36.50089], [139.0612149, 36.5009299], [139.0612622, 36.5009988], [139.0612834, 36.501024], [139.0619826, 36.5018525], [139.0623209, 36.5022517], [139.0624868, 36.5024555], [139.0625755, 36.5025456], [139.0626524, 36.5026082], [139.062719, 36.5026526], [139.0627748, 36.5026794], [139.0628431, 36.5027107], [139.0633574, 36.5029106], [139.0634565, 36.5029539], [139.06351, 36.5029915], [139.0635727, 36.5030427], [139.0636148, 36.5031054], [139.0636496, 36.5031737], [139.0636615, 36.50325], [139.0636718, 36.5037296], [139.0636826, 36.5038036], [139.0637071, 36.5038623], [139.0637492, 36.5039232], [139.0638062, 36.503991], [139.063932, 36.5041043], [139.0642236, 36.5043577], [139.0642857, 36.5044243], [139.0643381, 36.5044921], [139.0644093, 36.5045884], [139.0644691, 36.5046829], [139.0645442, 36.5048008], [139.0646035, 36.5049192], [139.0646342, 36.5050087], [139.0646644, 36.5051021], [139.0647229, 36.5053631], [139.0647346, 36.505414], [139.0647384, 36.5054455], [139.0647365, 36.5054779], [139.0647028, 36.5055914], [139.0646562, 36.505653], [139.0645807, 36.5057347], [139.0642875, 36.5060462], [139.0636423, 36.5067317], [139.063596, 36.5068128], [139.063571, 36.5068857], [139.0635425, 36.5069723], [139.0635163, 36.5070657], [139.0634995, 36.5071694], [139.0634519, 36.5076678], [139.0634418, 36.5077732], [139.0633313, 36.50839], [139.0631396, 36.5089422], [139.06305, 36.509399], [139.0630932, 36.5097487], [139.063087, 36.5098831], [139.0629837, 36.5101762], [139.0627747, 36.5104631], [139.062674, 36.5106157], [139.0626254, 36.5107297], [139.0626067, 36.5108238], [139.0626233, 36.5109162], [139.062666, 36.5110363], [139.06291, 36.5115982], [139.0630334, 36.511989], [139.0630722, 36.5121178], [139.0631176, 36.5122789], [139.0631325, 36.5123501], [139.0631416, 36.5124184], [139.063141, 36.5124759], [139.0631245, 36.5125386], [139.0630772, 36.5126229], [139.063014, 36.5126889], [139.0629462, 36.5127419], [139.0628278, 36.5128085], [139.0625157, 36.512968], [139.0623477, 36.5130671], [139.0622454, 36.5131406], [139.0621882, 36.5131924], [139.0621388, 36.5132473], [139.0621051, 36.5133], [139.0620826, 36.5133529], [139.0620692, 36.5134168], [139.0620709, 36.5135238], [139.0620806, 36.5135825], [139.0620972, 36.5136453], [139.0622677, 36.5140818], [139.0622867, 36.514136], [139.0622919, 36.5141924], [139.0622884, 36.5142422], [139.0622458, 36.5143284], [139.0622007, 36.5143741], [139.0621542, 36.5144032], [139.0620946, 36.5144222], [139.0618619, 36.5144388], [139.0618055, 36.514435], [139.0617421, 36.5144178], [139.0615885, 36.5143428], [139.0613083, 36.5142474], [139.0612645, 36.5142356], [139.061207, 36.5142277], [139.0607178, 36.5142146], [139.0606774, 36.514218], [139.0606506, 36.5142254], [139.0606236, 36.5142375], [139.0605588, 36.5142762], [139.060511, 36.5143206], [139.0603743, 36.5144788], [139.0603151, 36.5145071], [139.060038, 36.5146098], [139.0599908, 36.5146337], [139.0599479, 36.5146675], [139.059884, 36.5147329], [139.0598286, 36.5147992], [139.0597648, 36.5148755], [139.0595804, 36.5150686], [139.0595474, 36.5150989], [139.0595221, 36.5151335], [139.0592712, 36.5156196], [139.0592088, 36.5157077], [139.0591652, 36.5157644], [139.0590731, 36.5157305], [139.0581398, 36.5153306], [139.0580605, 36.5152916], [139.057992, 36.5152421], [139.0579454, 36.5151999], [139.057909, 36.5151503], [139.0578617, 36.515086], [139.0578196, 36.5150068], [139.0577384, 36.514821], [139.0576991, 36.5147312], [139.0575365, 36.5143593], [139.0574841, 36.5142665], [139.0574265, 36.514184], [139.0573497, 36.5141064], [139.0572922, 36.5140517], [139.0571772, 36.513976], [139.0571066, 36.5139367], [139.0569796, 36.5138667], [139.056901, 36.5138325], [139.0565832, 36.5136776], [139.0563725, 36.5135648], [139.0562142, 36.5134714], [139.0554989, 36.5130363], [139.0549453, 36.5127003], [139.0548405, 36.5126536], [139.0547118, 36.5126092], [139.0545855, 36.5125794], [139.054459, 36.5125625], [139.0542813, 36.5125545], [139.0537972, 36.5125454], [139.0534156, 36.5125295], [139.0532607, 36.5125158], [139.0531083, 36.5124852], [139.0529589, 36.5124452], [139.052788, 36.5123848], [139.0526559, 36.5123279], [139.0525386, 36.5122652], [139.0524213, 36.5121957], [139.0523119, 36.512116], [139.0522049, 36.5120169], [139.052099, 36.5119099], [139.0520067, 36.5118028], [139.0517071, 36.511444], [139.0515978, 36.5113278], [139.0514907, 36.5112356], [139.0513837, 36.5111661], [139.0512219, 36.5110898], [139.0510682, 36.5110351], [139.0507112, 36.5109074], [139.0501786, 36.5107401], [139.0499884, 36.5106968], [139.0498471, 36.5106638], [139.0489063, 36.5105351], [139.0486888, 36.5105009], [139.0485145, 36.5104685], [139.04833, 36.5104303], [139.0478471, 36.5103187], [139.0471561, 36.510152], [139.0470309, 36.5101127], [139.046927, 36.5100587], [139.0464142, 36.5097674], [139.0463652, 36.5097407], [139.0457068, 36.5094644], [139.0445531, 36.5089878], [139.0444745, 36.5089485], [139.0443714, 36.5088727], [139.0443031, 36.5088192], [139.0442414, 36.5087509], [139.0441903, 36.5086842], [139.0441465, 36.508605], [139.0439625, 36.5080874], [139.0439278, 36.5080105], [139.0438731, 36.5079268], [139.0438019, 36.5078442], [139.0437227, 36.5077736], [139.0436231, 36.5077001], [139.0435217, 36.5076386], [139.0433867, 36.5075737], [139.0431012, 36.5074696], [139.042989, 36.5074218], [139.0429033, 36.5073884], [139.0420999, 36.5070756], [139.0417935, 36.506956], [139.0412763, 36.5067982], [139.041046, 36.5067399], [139.0407738, 36.5066711], [139.0404123, 36.5065931], [139.0403194, 36.5065828], [139.040098, 36.5065625], [139.0398848, 36.506547], [139.0397271, 36.5065326], [139.0395463, 36.506507], [139.0393133, 36.5064567], [139.0391086, 36.5064082], [139.0385837, 36.5061812], [139.037586, 36.5056697], [139.0374822, 36.5056317], [139.0374014, 36.5056103], [139.0372424, 36.5055949], [139.0370236, 36.5055901], [139.0363278, 36.5056013], [139.0362281, 36.5056044], [139.0361144, 36.5055951], [139.0359012, 36.5055702], [139.0354046, 36.5054836], [139.0352725, 36.505462], [139.035139, 36.5054307], [139.0350276, 36.5054016], [139.0348871, 36.5053561], [139.0343676, 36.5051624], [139.0343249, 36.5051465], [139.0342812, 36.5051308], [139.0341432, 36.5050838], [139.0339752, 36.5050343], [139.0338584, 36.5050161], [139.0337235, 36.5049984], [139.0333379, 36.5049762], [139.0331295, 36.5049574], [139.0329558, 36.5049384], [139.0327275, 36.5048986], [139.0326099, 36.5048727], [139.0324702, 36.5048415], [139.0323663, 36.504816], [139.0319327, 36.5046852], [139.031793, 36.5046421], [139.0309874, 36.5043604], [139.0308296, 36.5042894], [139.0306698, 36.5041863], [139.0305882, 36.5041321], [139.0303947, 36.5039631], [139.0302214, 36.5038085], [139.0301245, 36.5037217], [139.0298161, 36.5034328], [139.0296624, 36.5032865], [139.0295272, 36.5031411], [139.0294243, 36.5029912], [139.0293776, 36.5028833], [139.0293514, 36.5027848], [139.0293417, 36.5026794], [139.0293429, 36.5025524], [139.0293969, 36.50188], [139.0294021, 36.5017614], [139.0293975, 36.5016475], [139.0293736, 36.5015358], [139.0291638, 36.5008431], [139.0291185, 36.5007528], [139.0290518, 36.5006719], [139.0289858, 36.5006167], [139.0289351, 36.5005791], [139.0288639, 36.5005438], [139.0287734, 36.5005159], [139.0286851, 36.5005045], [139.0285962, 36.5004988], [139.0284915, 36.5005096], [139.0283519, 36.5005312], [139.0282454, 36.5005552], [139.0278456, 36.5006377], [139.0277306, 36.5006469], [139.0274789, 36.5006588], [139.0272818, 36.5006628], [139.0268564, 36.5006537], [139.0267738, 36.5006486], [139.026689, 36.5006281], [139.0266093, 36.500603], [139.0265124, 36.5005523], [139.026431, 36.5004948], [139.0251713, 36.4995984], [139.0250756, 36.4995471], [139.0249833, 36.4995084], [139.0248768, 36.499476], [139.0247709, 36.4994629], [139.0246399, 36.4994714], [139.0245716, 36.4994868], [139.0244514, 36.4995181], [139.0243819, 36.4995528], [139.0243056, 36.4995876], [139.0242282, 36.4996263], [139.0241718, 36.4996759], [139.0241285, 36.4997237], [139.0240887, 36.4997841], [139.0240522, 36.4998376], [139.0240306, 36.4998945], [139.0240203, 36.499956], [139.0240158, 36.5000278], [139.0240231, 36.5000969], [139.0241131, 36.5006782], [139.0241291, 36.5008223], [139.0241365, 36.5009018], [139.0241279, 36.5009726], [139.024116, 36.5010358], [139.0240841, 36.5011292], [139.0240471, 36.5011913], [139.0239901, 36.5012556], [139.0239394, 36.5013046], [139.0238529, 36.5013639], [139.0237618, 36.5014071], [139.023645, 36.5014453], [139.0235573, 36.501476], [139.0234702, 36.5015079], [139.0234114, 36.5013927], [139.0233087, 36.5011912], [139.023059, 36.5007123], [139.0229883, 36.5005707], [139.02295, 36.5005019], [139.0229018, 36.5003957], [139.0227053, 36.4999407], [139.0226129, 36.4996841], [139.0224178, 36.4991903], [139.0223659, 36.4990764], [139.0223038, 36.4989705], [139.0221373, 36.4987634], [139.0216194, 36.4981626], [139.0214812, 36.4980111], [139.021382, 36.4979262], [139.0203283, 36.4971711], [139.0202132, 36.4970978], [139.0201518, 36.4970587], [139.0200081, 36.4969886], [139.0198557, 36.4969415], [139.0196614, 36.4969091], [139.0188087, 36.4968948], [139.0186382, 36.4968891], [139.0184291, 36.4968835], [139.018152, 36.4968615], [139.0177997, 36.4968371], [139.0174831, 36.4968066], [139.0172236, 36.4967808], [139.0171739, 36.4967788], [139.0171251, 36.4967768], [139.0146058, 36.4967421], [139.0145787, 36.4967429], [139.0145538, 36.4967435], [139.0142641, 36.496745], [139.0140555, 36.496743], [139.0139301, 36.4967248], [139.0138117, 36.4966876], [139.0136616, 36.4966129], [139.013446, 36.4964653], [139.0132358, 36.4963298], [139.0131471, 36.4962692], [139.0130615, 36.4962118], [139.0131098, 36.4960977], [139.0131472, 36.4960132], [139.0132544, 36.4956159], [139.0132575, 36.4951996], [139.0131755, 36.4947896], [139.0130052, 36.4943576], [139.012953, 36.4942282], [139.012445, 36.4933562], [139.012421, 36.4933249], [139.0123335, 36.4931693], [139.0118936, 36.4924906], [139.0116856, 36.4921002], [139.0115826, 36.4917166], [139.0115423, 36.491351], [139.0115394, 36.4913014], [139.0115457, 36.4912123], [139.0116774, 36.4900208], [139.0117365, 36.4895485], [139.011742, 36.4895019], [139.0118532, 36.4887557], [139.0119231, 36.4881626], [139.012003, 36.4874845], [139.0121857, 36.4859335], [139.012245, 36.485474], [139.0122933, 36.4852853], [139.0123056, 36.4852425], [139.0124554, 36.484726], [139.0125542, 36.4844621], [139.0128573, 36.48382], [139.0131028, 36.4832761], [139.0135994, 36.4822263], [139.0133649, 36.4822308], [139.0118204, 36.4823707], [139.011487, 36.4824009], [139.0101535, 36.482531], [139.009597, 36.4825795], [139.0081492, 36.4827115], [139.0059882, 36.4829234], [139.0052089, 36.4830211], [139.0040816, 36.4831376], [139.0029239, 36.4832642], [139.0027161, 36.483302], [139.0025375, 36.4833417], [139.0020412, 36.4834812], [139.0014334, 36.4836618], [139.00126, 36.4837287], [139.0010713, 36.4838086], [139.0008831, 36.4839038], [139.0006628, 36.4840289], [139.0004854, 36.484161], [139.0002905, 36.4843201], [139.0000902, 36.4845553], [138.9996971, 36.4850907], [138.9986594, 36.486695], [138.9983166, 36.4872249], [138.9977524, 36.4880808], [138.9970843, 36.4891047], [138.9966992, 36.4896703], [138.9962557, 36.4903336], [138.9961676, 36.4904737], [138.9961068, 36.4905959], [138.9960441, 36.4907268], [138.9959966, 36.4908357], [138.9959558, 36.4909591], [138.9959171, 36.4911054], [138.9958984, 36.4912311], [138.9958812, 36.4914023], [138.9958642, 36.492185], [138.9957918, 36.492394], [138.9957555, 36.4922231], [138.9957559, 36.4920991], [138.9957579, 36.4914237], [138.995799, 36.4911243], [138.9958551, 36.4909332], [138.9959077, 36.4907734], [138.9959936, 36.4905539], [138.9960961, 36.4903697], [138.9963409, 36.4900026], [138.9965679, 36.4896739], [138.9969488, 36.4890733], [138.9976324, 36.4880206], [138.9982468, 36.4870867], [138.9985093, 36.486681], [138.9992956, 36.4854939], [138.999938, 36.4845355], [139.000205, 36.4842475], [139.0003941, 36.4840846], [139.000593, 36.4839393], [139.0007958, 36.4838223], [139.0010151, 36.4837155], [139.001268, 36.4836123], [139.0025495, 36.4832249], [139.0026785, 36.4831925], [139.0027903, 36.4831734], [139.0029176, 36.4831573], [139.0040761, 36.4830359], [139.0046153, 36.4829806], [139.0051989, 36.4829239], [139.0059731, 36.4828519], [139.008139, 36.4826371], [139.0096425, 36.4824888], [139.010137, 36.48245], [139.0114858, 36.4823077], [139.0120689, 36.4822543], [139.0133908, 36.4821332], [139.0135106, 36.4821378], [139.013628, 36.4821579], [139.0137341, 36.482212], [139.0135514, 36.4825789], [139.0130582, 36.4835979], [139.0129017, 36.4839226], [139.0127397, 36.4842762], [139.0127031, 36.4843582], [139.0126305, 36.4845516], [139.012567, 36.484728], [139.0124982, 36.4849594], [139.0123892, 36.4853296], [139.0123583, 36.485442], [139.0122871, 36.4859446], [139.012106, 36.4874733], [139.0118027, 36.4900198], [139.0116513, 36.4912211]], [[138.9119756, 36.5538966], [138.9118447, 36.5539896], [138.911565, 36.5541866], [138.9114144, 36.5543042], [138.9112977, 36.5544107], [138.9111625, 36.5545494], [138.9110067, 36.5547384], [138.9108278, 36.5549717], [138.9101042, 36.5559409], [138.9099807, 36.5560917], [138.9098389, 36.5562358], [138.9096451, 36.556399], [138.9095268, 36.5564807], [138.9093717, 36.5565624], [138.9091629, 36.556668], [138.9086572, 36.5568984], [138.9083614, 36.5570648], [138.9080929, 36.5571548], [138.9078844, 36.5572034], [138.9076274, 36.5572379], [138.9074402, 36.5572535], [138.9071852, 36.5572581], [138.907004, 36.5572444], [138.9068365, 36.5572261], [138.905934, 36.5570874], [138.9056679, 36.557053], [138.9052956, 36.5570252], [138.9044677, 36.5570267], [138.9040216, 36.5570519], [138.9031701, 36.5571396], [138.9023777, 36.5572231], [138.9011655, 36.5573846], [138.9004272, 36.5575318], [138.8997231, 36.5576898], [138.8995554, 36.5577321], [138.8994384, 36.5577741], [138.8993405, 36.5578233], [138.8992566, 36.5578821], [138.8991607, 36.5579655], [138.8990603, 36.558066], [138.8988059, 36.5583499], [138.8986618, 36.5585188], [138.8985545, 36.5586753], [138.8984796, 36.5588008], [138.8984131, 36.5589421], [138.8983843, 36.5590132], [138.8983359, 36.5591463], [138.8982832, 36.5592929], [138.8982247, 36.5594287], [138.8981582, 36.5595518], [138.8980781, 36.5596616], [138.897939, 36.5598058], [138.8976842, 36.5600665], [138.8975514, 36.5602246], [138.8974218, 36.5603978], [138.8973294, 36.560547], [138.8972417, 36.5607149], [138.8971675, 36.5608828], [138.8971141, 36.5610627], [138.8970813, 36.5612182], [138.897065, 36.5613566], [138.8970612, 36.5615505], [138.897083, 36.5624103], [138.897095, 36.5625782], [138.8971295, 36.5627871], [138.897147, 36.5629029], [138.8971539, 36.5630078], [138.8971436, 36.5631068], [138.8971288, 36.563174], [138.8970981, 36.5632594], [138.8970519, 36.5633431], [138.8969961, 36.5634172], [138.8969278, 36.5634929], [138.8967159, 36.5637053], [138.8965348, 36.5639041], [138.896163, 36.56428], [138.895967, 36.5644884], [138.8958976, 36.5645533], [138.8958224, 36.5646012], [138.895721, 36.5646558], [138.8956219, 36.5646934], [138.8944875, 36.565059], [138.8942882, 36.5651308], [138.89418, 36.5651718], [138.8940831, 36.5652219], [138.8939783, 36.5652925], [138.8938817, 36.565363], [138.8933905, 36.5657672], [138.8932915, 36.5658347], [138.8932041, 36.5658866], [138.8931161, 36.5659281], [138.893033, 36.5659554], [138.8929339, 36.5659782], [138.8927985, 36.5659982], [138.8926264, 36.5660135], [138.8916958, 36.566042], [138.8915591, 36.5660511], [138.8914361, 36.566075], [138.8913199, 36.5660944], [138.8911878, 36.566132], [138.8899862, 36.566534], [138.8897705, 36.5666144], [138.8896536, 36.5666684], [138.8895283, 36.5667379], [138.8894041, 36.566812], [138.8893039, 36.5668814], [138.889173, 36.5669939], [138.8890266, 36.5671301], [138.888852, 36.5673039], [138.8886567, 36.5675092], [138.888459, 36.567717], [138.8883847, 36.5677915], [138.8882558, 36.5679052], [138.8880135, 36.5680999], [138.8878872, 36.5682015], [138.8872246, 36.5686827], [138.8871304, 36.5687421], [138.8870269, 36.5688005], [138.8869125, 36.568859], [138.8867852, 36.568904], [138.8866302, 36.5689503], [138.8865078, 36.5689788], [138.886331, 36.5690125], [138.8860458, 36.5690646], [138.885679, 36.5691342], [138.885451, 36.5692048], [138.8852778, 36.5692779], [138.8850674, 36.5694104], [138.8849625, 36.5694841], [138.8848122, 36.5695897], [138.884602, 36.5697384], [138.8844861, 36.56982], [138.8843543, 36.5699017], [138.8841546, 36.5700214], [138.8840009, 36.5701118], [138.8839311, 36.5701529], [138.8837209, 36.5702843], [138.8835641, 36.5703935], [138.8833536, 36.5705573], [138.883113, 36.5707676], [138.8829442, 36.5709179], [138.8827334, 36.5710959], [138.8826766, 36.57114], [138.8824017, 36.5713425], [138.8822059, 36.5714563], [138.8820023, 36.5715497], [138.8817742, 36.5716363], [138.8809345, 36.571934], [138.8801919, 36.5722199], [138.879642, 36.5724417], [138.879544, 36.5724874], [138.8794001, 36.5725546], [138.879147, 36.5727067], [138.8788577, 36.5728927], [138.8784999, 36.5731638], [138.8783356, 36.5733071], [138.8781477, 36.5734937], [138.8780187, 36.5736334], [138.8778729, 36.5738066], [138.8769378, 36.5749159], [138.8768011, 36.5750709], [138.8765801, 36.5752782], [138.8763011, 36.5755333], [138.8758124, 36.5759957], [138.8750947, 36.5767136], [138.8749889, 36.5768329], [138.8748318, 36.5770368], [138.8746518, 36.5772965], [138.8741615, 36.5779699], [138.8740163, 36.5781666], [138.8738635, 36.5783512], [138.8738305, 36.5783856], [138.8737399, 36.5784799], [138.8731494, 36.5790403], [138.8727365, 36.5794118], [138.8726322, 36.5795056], [138.872543, 36.5795678], [138.8724467, 36.5796314], [138.8723277, 36.5796946], [138.8722359, 36.5797437], [138.8720833, 36.5798102], [138.8718392, 36.5799113], [138.8717462, 36.5799498], [138.8715677, 36.5800276], [138.8711859, 36.5802238], [138.87083, 36.5804482], [138.8705597, 36.5806242], [138.8704828, 36.5806732], [138.8704076, 36.5807211], [138.87029, 36.580796], [138.8700419, 36.580949], [138.8695173, 36.5813001], [138.8693571, 36.5813877], [138.869245, 36.5814447], [138.8691978, 36.581466], [138.8687917, 36.5816436], [138.8684935, 36.5817599], [138.8683041, 36.5818338], [138.8680338, 36.5819605], [138.8678895, 36.5820358], [138.8677737, 36.5821148], [138.8676595, 36.5821987], [138.8675592, 36.5822847], [138.8674112, 36.5824246], [138.8666989, 36.583114], [138.8665922, 36.5832164], [138.8660716, 36.5837279], [138.8658465, 36.583926], [138.8656781, 36.5840637], [138.8655703, 36.5841403], [138.8654532, 36.5842166], [138.8653678, 36.5842613], [138.8652677, 36.5843029], [138.8652684, 36.5844277], [138.8652697, 36.5845004], [138.8652636, 36.5845416], [138.8652347, 36.5845948], [138.8651383, 36.5846933], [138.86481, 36.5849517], [138.8643018, 36.5853332], [138.8641424, 36.5854345], [138.8641248, 36.5854457], [138.8639024, 36.5855769], [138.8636802, 36.5856843], [138.8629762, 36.5859873], [138.8618938, 36.5864415], [138.8618455, 36.5864625], [138.8613537, 36.5866649], [138.8611602, 36.5867349], [138.8609326, 36.5868113], [138.8606972, 36.5868801], [138.8605635, 36.5869186], [138.8604507, 36.5869381], [138.8603597, 36.5869469], [138.8601341, 36.5869552], [138.859948, 36.586974], [138.8593993, 36.5870623], [138.8591557, 36.5870964], [138.8589619, 36.5871077], [138.85844, 36.5871574], [138.8581931, 36.5871843], [138.857834, 36.5872231], [138.8575561, 36.5872305], [138.8572861, 36.5872324], [138.8562386, 36.5872105], [138.8561602, 36.5872081], [138.8546241, 36.5871769], [138.8535472, 36.5871514], [138.8532025, 36.5871526], [138.8526546, 36.5871388], [138.8522637, 36.5871288], [138.8520052, 36.5871222], [138.851806, 36.5871171], [138.851251, 36.5871118], [138.8511912, 36.5871109], [138.8510927, 36.5871112], [138.8505979, 36.5870947], [138.8503897, 36.5870847], [138.8498555, 36.5870585], [138.8496889, 36.5870495], [138.8493957, 36.5870337], [138.8492265, 36.5870121], [138.8491843, 36.5870068], [138.8491535, 36.5870029], [138.8491222, 36.5869939], [138.8490513, 36.5869647], [138.8489227, 36.5870117], [138.8488133, 36.5870292], [138.8486556, 36.5870688], [138.8483568, 36.5871875], [138.8477078, 36.5873961], [138.8474706, 36.5874529], [138.8471326, 36.5875473], [138.846853, 36.5876315], [138.846443, 36.5877678], [138.8463504, 36.5878184], [138.8462164, 36.5879015], [138.8453924, 36.5884106], [138.8450895, 36.5885965], [138.8447115, 36.5888414], [138.8446178, 36.5888693], [138.8445916, 36.5888771], [138.8444806, 36.5888617], [138.8442147, 36.5888099], [138.8438336, 36.5887377], [138.8431019, 36.5885992], [138.843074, 36.5885939], [138.84262, 36.5885148], [138.8419708, 36.5884069], [138.8418961, 36.5883932], [138.8412358, 36.5882723], [138.8404645, 36.5881311], [138.8392339, 36.587938], [138.8389864, 36.5878661], [138.8388212, 36.5879172], [138.8385173, 36.5880201], [138.8382343, 36.5881103], [138.8380549, 36.5881623], [138.8378858, 36.5882114], [138.8375794, 36.5882725], [138.8371676, 36.588315], [138.8369572, 36.588336], [138.8364383, 36.5883771], [138.8360051, 36.5884114], [138.8349553, 36.5884873], [138.834946, 36.5884886], [138.834861, 36.5884957], [138.8346593, 36.5885097], [138.8333772, 36.5886179], [138.8332047, 36.5886312], [138.8321978, 36.5887149], [138.8321446, 36.5887207], [138.8317709, 36.5887523], [138.8301802, 36.5888855], [138.8296393, 36.5889467], [138.8291578, 36.5890032], [138.8287462, 36.5890736], [138.8283577, 36.589151], [138.8281901, 36.5891895], [138.8274401, 36.5893465], [138.8266656, 36.5895241], [138.8263642, 36.589589], [138.8260252, 36.5896428], [138.8247755, 36.5897967], [138.8244191, 36.5898533], [138.8242276, 36.5898692], [138.8238911, 36.5899553], [138.8235253, 36.5900676], [138.8229334, 36.5902139], [138.8225602, 36.5903122], [138.8220708, 36.5904957], [138.8216543, 36.5906172], [138.8214924, 36.5906683], [138.8212997, 36.5907178], [138.8212445, 36.5907346], [138.8208744, 36.5908475], [138.8205413, 36.5909104], [138.8202465, 36.5910062], [138.8195087, 36.5912837], [138.8194604, 36.5913016], [138.8191018, 36.5914362], [138.8187833, 36.5915782], [138.8185998, 36.5916755], [138.8184151, 36.5917735], [138.8181793, 36.5919326], [138.8179682, 36.5921044], [138.8165172, 36.5932185], [138.8164311, 36.5932861], [138.8157551, 36.5938107], [138.8152159, 36.5942291], [138.8148953, 36.5944726], [138.8147543, 36.5945808], [138.8140441, 36.5950932], [138.8138271, 36.595266], [138.813541, 36.5954674], [138.8134232, 36.5955322], [138.8133047, 36.5955893], [138.8131347, 36.5956317], [138.8127852, 36.5956851], [138.8126201, 36.5957105], [138.8119228, 36.595803], [138.8117482, 36.5958371], [138.8115514, 36.5958868], [138.8106783, 36.596158], [138.8096568, 36.5964908], [138.8093739, 36.596583], [138.8085624, 36.5968474], [138.8085189, 36.5968638], [138.8079717, 36.5970481], [138.8078657, 36.5970846], [138.8071351, 36.5973368], [138.8066689, 36.5974895], [138.8063184, 36.5976068], [138.8059216, 36.5977397], [138.8057363, 36.5978017], [138.8056054, 36.5978561], [138.8054766, 36.5979247], [138.8052818, 36.5980682], [138.8050883, 36.5982606], [138.8049147, 36.5984474], [138.8045122, 36.5988553], [138.8043421, 36.5990855], [138.8041691, 36.5993397], [138.8040387, 36.5994982], [138.8039427, 36.599611], [138.8037866, 36.5997471], [138.80362, 36.5998763], [138.8034661, 36.5999999], [138.8034241, 36.6000337], [138.8033279, 36.6001369], [138.8032312, 36.6002737], [138.8031047, 36.6004956], [138.8028085, 36.6010791], [138.8027135, 36.6012531], [138.8025244, 36.6016689], [138.802356, 36.6020215], [138.8022837, 36.6021569], [138.8022294, 36.6022492], [138.802136, 36.6023302], [138.8019893, 36.602457], [138.8018526, 36.6025515], [138.8016908, 36.6026312], [138.8015257, 36.6026939], [138.8011532, 36.6028385], [138.8009585, 36.6029342], [138.8007785, 36.6030424], [138.8003559, 36.6033067], [138.8001885, 36.6033784], [138.7999892, 36.6034456], [138.7997671, 36.6034809], [138.7996213, 36.603498], [138.7994219, 36.6035106], [138.7988695, 36.6035003], [138.7986292, 36.603514], [138.7984458, 36.6035459], [138.7983262, 36.6035891], [138.7982055, 36.6036586], [138.7981007, 36.603752], [138.798021, 36.6038693], [138.797964, 36.6039912], [138.7979082, 36.6041666], [138.7978387, 36.6044559], [138.7977567, 36.6046199], [138.7976929, 36.6047236], [138.7975939, 36.6048409], [138.7974515, 36.6049787], [138.7973228, 36.6050733], [138.7971644, 36.6051735], [138.7963535, 36.6056507], [138.7961029, 36.6058182], [138.7958831, 36.6059742], [138.7956646, 36.6061456], [138.7955245, 36.6063151], [138.7954097, 36.6064599], [138.7953329, 36.6066041], [138.7952542, 36.6067885], [138.795027, 36.6076058], [138.7949924, 36.607775], [138.7949731, 36.6078962], [138.794965, 36.6080851], [138.7949673, 36.608242], [138.7949747, 36.6083571], [138.7949912, 36.608488], [138.7950071, 36.6085757], [138.7950782, 36.608877], [138.795277, 36.6097719], [138.7953249, 36.6099875], [138.7956962, 36.6114971], [138.7957645, 36.6117457], [138.7958352, 36.6119973], [138.7960322, 36.6125721], [138.7961769, 36.612995], [138.7962817, 36.613282], [138.7964412, 36.6137285], [138.7966536, 36.6143028], [138.7968204, 36.6147645], [138.7968588, 36.6149746], [138.7968735, 36.6151256], [138.7968488, 36.6152637], [138.7968036, 36.6154037], [138.796732, 36.6155885], [138.7966001, 36.6158559], [138.7965748, 36.6159072], [138.7963417, 36.6164322], [138.796142, 36.617072], [138.7958272, 36.6181972], [138.7957898, 36.6182871], [138.795707, 36.618417], [138.7955989, 36.6185131], [138.7954659, 36.6186017], [138.7953433, 36.6187338], [138.7952743, 36.6188349], [138.7952143, 36.6190189], [138.7951588, 36.6192005], [138.7951279, 36.6193772], [138.7951204, 36.6195162], [138.7951532, 36.6196607], [138.7952397, 36.6198916], [138.7953208, 36.6201208], [138.795401, 36.620329], [138.7955875, 36.6206616], [138.7957044, 36.6208286], [138.7959084, 36.6211264], [138.7960131, 36.6212434], [138.7964486, 36.6215556], [138.7966078, 36.6216803], [138.7966842, 36.621794], [138.7967573, 36.6219396], [138.7968219, 36.6221754], [138.7969385, 36.6228573], [138.7969511, 36.6229696], [138.7969602, 36.6230906], [138.7969365, 36.6232865], [138.7968869, 36.6236449], [138.7968503, 36.6240914], [138.7968431, 36.6242938], [138.7968246, 36.6252479], [138.7968091, 36.6254099], [138.7967543, 36.6255731], [138.7966572, 36.6257561], [138.7965228, 36.6259665], [138.7963917, 36.6261583], [138.7961067, 36.6266042], [138.7958641, 36.6269596], [138.7957159, 36.6272071], [138.7956503, 36.6273296], [138.7956022, 36.6274478], [138.7955697, 36.6275718], [138.795456, 36.6281029], [138.7954245, 36.6282331], [138.7953569, 36.6284949], [138.7952379, 36.6288272], [138.7950558, 36.6293009], [138.7949483, 36.6295589], [138.7948925, 36.6296504], [138.7947924, 36.6297748], [138.7946137, 36.6299349], [138.7942976, 36.6302128], [138.7942139, 36.6303062], [138.7941337, 36.630413], [138.79409, 36.6305191], [138.7940586, 36.6306223], [138.7940418, 36.6307032], [138.7940455, 36.6308305], [138.7940591, 36.6309291], [138.7941032, 36.6310442], [138.7941463, 36.6311265], [138.7941836, 36.6312095], [138.7944987, 36.63171], [138.7945641, 36.6318603], [138.7946202, 36.6319973], [138.7946541, 36.6321484], [138.7946655, 36.632284], [138.7946666, 36.6324537], [138.7946623, 36.6326394], [138.7946292, 36.6332168], [138.7946154, 36.6334401], [138.794563, 36.6342465], [138.7945402, 36.6343968], [138.7945117, 36.6345312], [138.7944662, 36.6346622], [138.7944206, 36.6347784], [138.7943443, 36.6349253], [138.7942432, 36.6350852], [138.7940914, 36.6353183], [138.7939923, 36.6354994], [138.7939434, 36.6356144], [138.7939046, 36.6357317], [138.7938773, 36.6358365], [138.7938636, 36.635963], [138.7938682, 36.6361156], [138.7938818, 36.6362477], [138.7939183, 36.6363832], [138.7939604, 36.636496], [138.7940219, 36.6366464], [138.7942668, 36.637143], [138.7943261, 36.6372819], [138.7943773, 36.6374083], [138.7944172, 36.6375689], [138.7944354, 36.6377056], [138.7944411, 36.6378548], [138.7944422, 36.6379676], [138.7944308, 36.6380792], [138.7944081, 36.638192], [138.7943671, 36.6383207], [138.7943039, 36.6384857], [138.7942497, 36.6385975], [138.7941803, 36.6387034], [138.7941165, 36.63879], [138.7940106, 36.6389164], [138.7937919, 36.6391579], [138.7935195, 36.6395432], [138.7932827, 36.6398469], [138.7930916, 36.6401262], [138.7928982, 36.6404559], [138.7927558, 36.6408246], [138.7926483, 36.6411739], [138.792634, 36.6412571], [138.7926203, 36.6413744], [138.7926157, 36.6416074], [138.7926301, 36.6417707], [138.7926517, 36.6419142], [138.7926768, 36.642035], [138.7926996, 36.6421443], [138.7927315, 36.6422696], [138.79288, 36.6427635], [138.7929684, 36.6431034], [138.7930139, 36.643256], [138.7930584, 36.6433801], [138.7931028, 36.6434906], [138.7931916, 36.6436421], [138.7932862, 36.6437685], [138.7933807, 36.6438767], [138.7934855, 36.6439781], [138.7936392, 36.6441011], [138.7941632, 36.6445009], [138.7944269, 36.6446906], [138.7949641, 36.6450925], [138.7953922, 36.6454417], [138.7958813, 36.6458654], [138.7963216, 36.6463051], [138.7965243, 36.6465044], [138.7967185, 36.6467423], [138.7968057, 36.6468974], [138.797562, 36.6483018], [138.7979162, 36.6489931], [138.79798, 36.6491514], [138.798005, 36.6492665], [138.7980221, 36.6493815], [138.798013, 36.6495114], [138.7979834, 36.6496378], [138.797898, 36.6500159], [138.7978843, 36.6501435], [138.7978797, 36.6502369], [138.7978786, 36.6503781], [138.7978934, 36.6504898], [138.7979196, 36.6506151], [138.7979504, 36.6507198], [138.7979879, 36.6508315], [138.7980438, 36.6509431], [138.7981212, 36.6510821], [138.7982738, 36.651311], [138.7983638, 36.6514431], [138.7984265, 36.6515661], [138.798464, 36.6516777], [138.798488, 36.6518065], [138.7985119, 36.6520901], [138.7985256, 36.6524921], [138.7985381, 36.652655], [138.7985768, 36.6528771], [138.7985984, 36.6529614], [138.798726, 36.6532541], [138.7987966, 36.6533908], [138.7989083, 36.6536266], [138.7989401, 36.6537211], [138.7989595, 36.6538179], [138.7989709, 36.6539113], [138.7989641, 36.6540116], [138.798947, 36.6541061], [138.798914, 36.654187], [138.7988593, 36.6543157], [138.7987932, 36.6544239], [138.7987146, 36.6545856], [138.7986474, 36.654753], [138.7985996, 36.6549307], [138.7985745, 36.6550708], [138.7985688, 36.655195], [138.7985825, 36.6553476], [138.7986281, 36.6556119], [138.798677, 36.6559103], [138.7986831, 36.6560379], [138.798677, 36.6561563], [138.7986486, 36.6562679], [138.7986144, 36.6563613], [138.798572, 36.6564286], [138.7985278, 36.6565003], [138.7980426, 36.6572247], [138.7979902, 36.6573283], [138.7979082, 36.6574946], [138.7977849, 36.6577969], [138.7976872, 36.6580277], [138.7976417, 36.6581837], [138.7975369, 36.6584821], [138.7974231, 36.6589221], [138.7973137, 36.659268], [138.7972818, 36.659423], [138.7972772, 36.6595551], [138.7972897, 36.6598455], [138.7973062, 36.6599483], [138.7973558, 36.6602783], [138.7973672, 36.6603968], [138.7973592, 36.6605312], [138.7973444, 36.6606269], [138.7973137, 36.6607157], [138.7972806, 36.6607977], [138.7972235, 36.660876], [138.7971425, 36.6609691], [138.7970156, 36.6610863], [138.7968569, 36.66121], [138.7963924, 36.6615388], [138.7962189, 36.661671], [138.7961131, 36.6617624], [138.7960276, 36.6618433], [138.7959259, 36.6619537], [138.7958409, 36.66207], [138.7957703, 36.6621805], [138.7957008, 36.6623092], [138.7956416, 36.6624618], [138.7955949, 36.6626327], [138.7955778, 36.6627784], [138.7955744, 36.6629163], [138.7955824, 36.6630928], [138.7956251, 36.6634173], [138.7956393, 36.6635962], [138.7956273, 36.6637367], [138.7956004, 36.663859], [138.7955566, 36.6639594], [138.795514, 36.6640291], [138.7954457, 36.6641282], [138.7953557, 36.664233], [138.7950698, 36.6645052], [138.7949047, 36.6646407], [138.7948249, 36.6646965], [138.7947031, 36.6647558], [138.7945493, 36.6648081], [138.7943545, 36.6648548], [138.7940629, 36.6648879], [138.7937907, 36.6649118], [138.7935026, 36.6649676], [138.7932951, 36.6650268], [138.7931524, 36.6651048], [138.793046, 36.6651613], [138.7929405, 36.6652262], [138.7928312, 36.665332], [138.7925739, 36.6656115], [138.7923251, 36.6658892], [138.7918975, 36.6663384], [138.7917277, 36.6665218], [138.7916455, 36.6666193], [138.7914501, 36.6668743], [138.7912747, 36.6671089], [138.791015, 36.6674301], [138.7908737, 36.6675486], [138.7907234, 36.6676648], [138.7902245, 36.6679267], [138.7895899, 36.6683259], [138.7893109, 36.6685509], [138.7892172, 36.6686259], [138.7890382, 36.6688277], [138.7889828, 36.6689233], [138.7889536, 36.6690176], [138.7889426, 36.6691473], [138.7889347, 36.669345], [138.7889454, 36.6696962], [138.7889577, 36.6700195], [138.7889579, 36.6701261], [138.7889494, 36.6702255], [138.788909, 36.6703357], [138.7888463, 36.6704382], [138.7887666, 36.6705293], [138.788696, 36.6705954], [138.7886037, 36.670666], [138.7884648, 36.6707776], [138.7883486, 36.6708756], [138.7880889, 36.6710316], [138.7878087, 36.6712173], [138.7876279, 36.6713253], [138.7875866, 36.6713494], [138.7873167, 36.6715021], [138.7867984, 36.6718073], [138.7864943, 36.6719964], [138.7861959, 36.6721763], [138.7859567, 36.672329], [138.7857995, 36.672452], [138.785705, 36.6725477], [138.7856298, 36.6726559], [138.7855569, 36.6727846], [138.7854373, 36.6730226], [138.785353, 36.6731673], [138.7852801, 36.6732641], [138.7851981, 36.6733518], [138.7851286, 36.6733951], [138.7851013, 36.6734065], [138.7850045, 36.6734645], [138.784878, 36.6735192], [138.7846559, 36.6736024], [138.7841599, 36.673776], [138.7840785, 36.6738084], [138.7838809, 36.6738792], [138.7830564, 36.6741544], [138.7829479, 36.6741943], [138.7827105, 36.6742892], [138.7826133, 36.6743352], [138.7823209, 36.6745334], [138.7820476, 36.6747771], [138.7817397, 36.6751795], [138.7816491, 36.6753701], [138.7815873, 36.6755481], [138.7815157, 36.6758109], [138.7814709, 36.6761447], [138.7814657, 36.6763846], [138.7815066, 36.6766241], [138.7815517, 36.6767875], [138.7816952, 36.6771698], [138.781877, 36.677638], [138.781957, 36.6778884], [138.7819893, 36.6780341], [138.7820074, 36.6782252], [138.7820016, 36.678379], [138.7819807, 36.6785025], [138.7819414, 36.6786348], [138.7818844, 36.6787709], [138.7818026, 36.6788949], [138.7817094, 36.6790126], [138.7816574, 36.6790672], [138.7815571, 36.6791725], [138.7814075, 36.6793098], [138.7812962, 36.6794111], [138.7812358, 36.6794661], [138.7805966, 36.680006], [138.7803779, 36.6801755], [138.7800772, 36.6803814], [138.7799018, 36.6804865], [138.7797036, 36.6805913], [138.7794074, 36.6807621], [138.7790874, 36.6809649], [138.7788128, 36.6811719], [138.7781869, 36.6817056], [138.7780691, 36.6817963], [138.7779193, 36.6818852], [138.7778026, 36.6819535], [138.7772381, 36.6822124], [138.7771029, 36.682304], [138.7769062, 36.6824752], [138.7766325, 36.6827467], [138.7764403, 36.682908], [138.7762467, 36.6830242], [138.7758041, 36.683253], [138.7756561, 36.6833376], [138.7755143, 36.6834422], [138.7754025, 36.683535], [138.7752917, 36.6836536], [138.7751909, 36.6837964], [138.7751134, 36.6839207], [138.7748988, 36.6843367], [138.7747694, 36.6845321], [138.7746645, 36.6846757], [138.7745097, 36.6848466], [138.7743324, 36.6850102], [138.7740808, 36.6852113], [138.7739083, 36.6853284], [138.7737231, 36.6854518], [138.773496, 36.6855733], [138.7732372, 36.6857038], [138.7729223, 36.6858455], [138.7726399, 36.6859544], [138.7722587, 36.6860784], [138.7718972, 36.6861808], [138.7715677, 36.6862407], [138.7712337, 36.6863142], [138.7709639, 36.6863914], [138.7707278, 36.6864852], [138.7705756, 36.686571], [138.7704462, 36.6866711], [138.7703139, 36.6868129], [138.770219, 36.6869338], [138.7701593, 36.6870454], [138.7701264, 36.6871257], [138.7700923, 36.6872271], [138.7700733, 36.6873216], [138.7700638, 36.6874411], [138.770075, 36.6876432], [138.770116, 36.6878155], [138.7701835, 36.6879734], [138.7702608, 36.688128], [138.7703427, 36.6882724], [138.7722538, 36.6911831], [138.7724371, 36.6914898], [138.7725165, 36.6916043], [138.773068, 36.6924525], [138.7732454, 36.6927512], [138.7733252, 36.6929039], [138.7733935, 36.6930702], [138.7734516, 36.6932365], [138.773507, 36.6934708], [138.773529, 36.6936647], [138.7735325, 36.6938242], [138.7735256, 36.6940281], [138.7735006, 36.694216], [138.7734408, 36.6945742], [138.7733751, 36.6948838], [138.7731752, 36.6954443], [138.7729593, 36.6958239], [138.7720941, 36.6973505], [138.7719549, 36.6977093], [138.7718694, 36.6981566], [138.7718657, 36.698433], [138.7718723, 36.6986541], [138.7718854, 36.6988189], [138.7719196, 36.698952], [138.7719948, 36.6990807], [138.7720745, 36.6991855], [138.7721759, 36.6992606], [138.7722864, 36.6993233], [138.7724197, 36.6993688], [138.7725358, 36.6993893], [138.7727078, 36.6994076], [138.7728741, 36.6993962], [138.7730188, 36.6993574], [138.7731737, 36.6992914], [138.7732933, 36.6992333], [138.7733946, 36.6991752], [138.7740692, 36.6985968], [138.7741611, 36.6985277], [138.7741857, 36.6985092], [138.7742967, 36.6984517], [138.774485, 36.6983347], [138.7767409, 36.6973713], [138.7771324, 36.6972175], [138.7775113, 36.6970822], [138.7779313, 36.6969701], [138.7780623, 36.6969507], [138.7782566, 36.6969346], [138.7786654, 36.6969359], [138.7791854, 36.6969592], [138.7793072, 36.6969835], [138.7794001, 36.6970153], [138.7794815, 36.6970544], [138.7795153, 36.6970784], [138.7795441, 36.6970988], [138.7796364, 36.6971728], [138.7797081, 36.697248], [138.7799764, 36.6975153], [138.7819418, 36.7622629], [138.7819748, 36.7625067], [138.7820431, 36.762761], [138.7821274, 36.7629228], [138.7821729, 36.7630435], [138.7821718, 36.7631369], [138.7821504, 36.7632111], [138.7820881, 36.7633074], [138.7820271, 36.7633885], [138.7819661, 36.7634519], [138.7818841, 36.7635193], [138.7817718, 36.7635904], [138.7817606, 36.7636244], [138.7817629, 36.7636563], [138.7818187, 36.7638021], [138.7818791, 36.7639809], [138.781895, 36.7640811], [138.7819098, 36.7641882], [138.7818905, 36.7642771], [138.781862, 36.764391], [138.7818597, 36.7644821], [138.7818825, 36.7648101], [138.7818939, 36.7650675], [138.7819049, 36.7652315], [138.7819018, 36.7654243], [138.7818798, 36.7654729], [138.7817705, 36.7655599], [138.7816858, 36.765629], [138.7816617, 36.7656635], [138.7816558, 36.7657054], [138.7817014, 36.765809], [138.7817207, 36.7658819], [138.7817868, 36.7662077], [138.7818119, 36.7662999], [138.7819497, 36.7665835], [138.7819987, 36.7666963], [138.7820305, 36.766899], [138.7820408, 36.7670164], [138.7820784, 36.7671792], [138.782165, 36.7673455], [138.7822606, 36.7674651], [138.7823939, 36.7676337], [138.782444, 36.767743], [138.7824679, 36.7678581], [138.7824497, 36.7680665], [138.7824394, 36.768267], [138.7824258, 36.7684492], [138.7824349, 36.7685517], [138.7824725, 36.7686349], [138.7825442, 36.7687465], [138.7827162, 36.768947], [138.7827834, 36.7690483], [138.7828734, 36.769193], [138.7829474, 36.7693354], [138.7830534, 36.7695939], [138.7831434, 36.7698342], [138.7831923, 36.7699629], [138.7833507, 36.7702762], [138.783483, 36.770432], [138.7835579, 36.7705905], [138.7836001, 36.7707557], [138.783627, 36.770879], [138.783632, 36.770987], [138.783609, 36.771085], [138.7835739, 36.7712045], [138.7835318, 36.771266], [138.7834862, 36.7712876], [138.783398, 36.771289], [138.7832162, 36.7712443], [138.7831453, 36.7712445], [138.7830765, 36.7712645], [138.7829847, 36.7713502], [138.7829805, 36.771389], [138.7830021, 36.7714436], [138.7830716, 36.7715701], [138.783149, 36.7717011], [138.7832652, 36.7719175], [138.7833552, 36.7720815], [138.7834065, 36.7721692], [138.7834851, 36.7722398], [138.7835876, 36.7723138], [138.783681, 36.7723799], [138.7837671, 36.7724491], [138.7838103, 36.772514], [138.7838441, 36.7726159], [138.7838962, 36.7727011], [138.7839412, 36.7727513], [138.7840181, 36.7728104], [138.7840682, 36.7728651], [138.7840762, 36.77293], [138.7840637, 36.7730007], [138.7839782, 36.7731556], [138.7837971, 36.7733936], [138.783632, 36.773524], [138.783532, 36.773575], [138.783426, 36.773592], [138.7833096, 36.7735952], [138.7831912, 36.7735975], [138.7831115, 36.7736077], [138.7830192, 36.7736271], [138.7828939, 36.7736795], [138.7827379, 36.7738014], [138.7826707, 36.7738469], [138.7825534, 36.7738948], [138.7824531, 36.7739426], [138.7824087, 36.7739882], [138.782403, 36.7740349], [138.7824019, 36.7740998], [138.7824178, 36.7741772], [138.7824451, 36.7742274], [138.7825158, 36.7743105], [138.782592, 36.774369], [138.7826445, 36.7744358], [138.7826684, 36.7744962], [138.7826821, 36.7745622], [138.7827003, 36.7746351], [138.7827094, 36.7747217], [138.7827139, 36.7748174], [138.7826809, 36.7749711], [138.7826855, 36.7750668], [138.7827037, 36.7751306], [138.7827515, 36.775216], [138.782821, 36.775265], [138.7828939, 36.7752946], [138.7829554, 36.7753288], [138.7830215, 36.7753698], [138.7831206, 36.7754598], [138.7832322, 36.7755759], [138.7834053, 36.7758596], [138.7835648, 36.7761363], [138.7836582, 36.7762764], [138.7836924, 36.7763322], [138.7837083, 36.7764051], [138.7837242, 36.7765578], [138.7837493, 36.7766671], [138.7837823, 36.7767446], [138.7838746, 36.7769781], [138.7839088, 36.7771227], [138.7839395, 36.7775589], [138.7839475, 36.7776318], [138.7839668, 36.7776865], [138.784001, 36.7777389], [138.784058, 36.7777936], [138.7841013, 36.777846], [138.7841309, 36.7779211], [138.7841776, 36.7781011], [138.7841821, 36.7781558], [138.7841696, 36.7782298], [138.7841764, 36.7783187], [138.7842015, 36.7784269], [138.784345, 36.7788768], [138.7843655, 36.7789952], [138.784377, 36.779173], [138.784342, 36.779325], [138.7842425, 36.7794713], [138.7841309, 36.7796103], [138.7839942, 36.7797492], [138.7838393, 36.7800613], [138.7837778, 36.7802914], [138.7837459, 36.7805762], [138.7837459, 36.7807219], [138.783796, 36.7808541], [138.7838051, 36.7810135], [138.7837664, 36.7811138], [138.7837641, 36.7811684], [138.7837869, 36.7812299], [138.7839372, 36.781353], [138.7839782, 36.7814099], [138.783987, 36.781489], [138.7839623, 36.7815967], [138.7839395, 36.7816787], [138.7839395, 36.7818086], [138.7839623, 36.7819885], [138.7839987, 36.7821548], [138.7840056, 36.7823006], [138.7839748, 36.782435], [138.7839691, 36.7825364], [138.783976, 36.7826241], [138.7839953, 36.7826856], [138.7840546, 36.7827653], [138.7841559, 36.7828883], [138.7841719, 36.7829476], [138.7841707, 36.7830489], [138.7841445, 36.7831343], [138.7840807, 36.7832733], [138.784009, 36.7833815], [138.783886, 36.7835489], [138.7838233, 36.7836466], [138.7838119, 36.7837244], [138.7838205, 36.7837702], [138.7838428, 36.7838374], [138.783935, 36.7839248], [138.7840227, 36.7839818], [138.7843342, 36.7841567], [138.7845524, 36.7842943], [138.7848409, 36.7844947], [138.7848837, 36.7845417], [138.7849102, 36.7846131], [138.7848917, 36.7848804], [138.7848974, 36.7849157], [138.7849156, 36.7849431], [138.7849828, 36.7849852], [138.7850865, 36.7850638], [138.7851469, 36.7851139], [138.7852494, 36.7853121], [138.7853997, 36.7856128], [138.7854703, 36.7857199], [138.7855592, 36.7858281], [138.7856504, 36.7859129], [138.7857805, 36.7860221], [138.7862483, 36.7863258], [138.7863758, 36.786419], [138.7864373, 36.7864813], [138.7864738, 36.78654], [138.7865011, 36.786598], [138.7865154, 36.7866721], [138.7865119, 36.7867302], [138.7864954, 36.7867894], [138.7864715, 36.7868674], [138.7863918, 36.7870685], [138.7863751, 36.7871214], [138.7863605, 36.7871806], [138.7863479, 36.7872598], [138.7863422, 36.7873475], [138.786328, 36.7879523], [138.7863291, 36.7882132], [138.7863348, 36.7882792], [138.7863468, 36.7883692], [138.7863605, 36.7884541], [138.7863838, 36.7885457], [138.7864225, 36.7886699], [138.7867802, 36.7897309], [138.786824, 36.7898459], [138.7868753, 36.7899416], [138.7869328, 36.7900264], [138.7869977, 36.7900965], [138.7870928, 36.7901561], [138.7872161, 36.7902018], [138.7873064, 36.7902189], [138.7874072, 36.7902195], [138.7875086, 36.7902041], [138.7876333, 36.7901705], [138.7877461, 36.7901318], [138.7879106, 36.7900783], [138.7880274, 36.7900504], [138.7881179, 36.7900299], [138.7886585, 36.7899413], [138.788696, 36.7899369], [138.7889834, 36.7898788], [138.7891749, 36.789828], [138.7893492, 36.7897669], [138.7894921, 36.7897054], [138.7897834, 36.7895549], [138.7903627, 36.7892418], [138.7904668, 36.7891885], [138.7905754, 36.7891436], [138.790693, 36.7891117], [138.7908092, 36.7890917], [138.7909839, 36.7890904], [138.7911377, 36.7891178], [138.7912724, 36.7891643], [138.7914135, 36.7892408], [138.7915399, 36.7893506], [138.7916783, 36.7895222], [138.7919043, 36.7898185], [138.7915961, 36.7899584], [138.7909583, 36.7902378], [138.7902288, 36.7905687], [138.789483, 36.7908989], [138.7891994, 36.7910607], [138.7889397, 36.7912167], [138.7886949, 36.791411], [138.7885946, 36.7915117], [138.7884682, 36.7916336], [138.7883144, 36.7918135], [138.7882244, 36.7919388], [138.7881755, 36.7920079], [138.7878884, 36.7924331], [138.7877563, 36.7926518], [138.7876424, 36.7928603], [138.7875866, 36.793022], [138.7875316, 36.7931932], [138.7875069, 36.7933341], [138.7874921, 36.7935015], [138.7874909, 36.79371], [138.7875023, 36.7938899], [138.7875513, 36.794112], [138.7876652, 36.7945813], [138.7877745, 36.7949595], [138.7878429, 36.7952613], [138.7878702, 36.7954367], [138.7878645, 36.7956075], [138.787852, 36.7957784], [138.7878098, 36.795939], [138.7877517, 36.7960848], [138.7874659, 36.796685], [138.7874214, 36.796791], [138.7873816, 36.7969128], [138.7873451, 36.7970552], [138.7873155, 36.797217], [138.7872925, 36.7973825], [138.7872859, 36.7975108], [138.7872927, 36.7980507], [138.7872859, 36.7981623], [138.7872677, 36.7982853], [138.7872335, 36.7984175], [138.7871697, 36.7985519], [138.7869556, 36.7990325], [138.7868986, 36.7991829], [138.7868554, 36.7993492], [138.786828, 36.799495], [138.7867642, 36.7999551], [138.7867323, 36.80011], [138.7866116, 36.8005884], [138.7864408, 36.8012855], [138.7860672, 36.8026204], [138.7860011, 36.8028846], [138.7859692, 36.8030714], [138.7859587, 36.8032203], [138.7859519, 36.803435], [138.7859605, 36.8035445], [138.7859888, 36.80372], [138.7860808, 36.8041307], [138.7861038, 36.804248], [138.7861195, 36.8044047], [138.7861151, 36.8045726], [138.7861069, 36.8047609], [138.7860683, 36.8049525], [138.7860221, 36.8051298], [138.7858861, 36.805555], [138.7858536, 36.8056353], [138.7858183, 36.8057185], [138.7857762, 36.8057925], [138.7857289, 36.8058667], [138.7856577, 36.8059656], [138.7855535, 36.8060903], [138.7854504, 36.80619], [138.7853393, 36.8062697], [138.7852311, 36.8063432], [138.7850898, 36.8064177], [138.7850472, 36.8064423], [138.7849959, 36.8064679], [138.784932, 36.8064961], [138.7844159, 36.8067422], [138.7842994, 36.806821], [138.7841981, 36.8069013], [138.7841114, 36.8069811], [138.7839862, 36.807116], [138.7839327, 36.8072026], [138.7838655, 36.8073358], [138.7837971, 36.8074793], [138.7837698, 36.8076103], [138.783763, 36.8077436], [138.7837766, 36.8078894], [138.7838416, 36.8081263], [138.7839395, 36.8084441], [138.7839657, 36.8086195], [138.7839748, 36.8087698], [138.7839737, 36.8088997], [138.7839577, 36.8090477], [138.7839338, 36.8091799], [138.7839019, 36.8092972], [138.7838473, 36.8094418], [138.7837026, 36.8098052], [138.783665, 36.8099578], [138.7836548, 36.8100512], [138.7836434, 36.8101856], [138.7836491, 36.8103644], [138.7836605, 36.8107881], [138.7836627, 36.8109203], [138.7836639, 36.8110205], [138.7836502, 36.8111469], [138.7836206, 36.8113121], [138.7835454, 36.8115182], [138.7833951, 36.811852], [138.7832424, 36.8121903], [138.783206, 36.8122654], [138.7830226, 36.8126732], [138.7823301, 36.8140423], [138.7820055, 36.8146824], [138.7818483, 36.8150799], [138.7817264, 36.8154193], [138.7816034, 36.8157439], [138.7815123, 36.8160754], [138.7814383, 36.8163704], [138.7813733, 36.8167144], [138.781338, 36.8170766], [138.7813061, 36.817367], [138.781297, 36.8178089], [138.781369, 36.8226346], [138.7813927, 36.8242249], [138.7814041, 36.8246213], [138.781436, 36.8250906], [138.7814907, 36.8256259], [138.7815453, 36.8260929], [138.7815544, 36.826364], [138.7815385, 36.8266123], [138.7815066, 36.8269221], [138.7813904, 36.8277786], [138.7806842, 36.8331957], [138.7806136, 36.8335852], [138.7805225, 36.833911], [138.7803972, 36.8342504], [138.7802332, 36.8346422], [138.7797503, 36.8357881], [138.7796386, 36.8360842], [138.7795703, 36.8363097], [138.7795111, 36.8365694], [138.7794655, 36.8368747], [138.7792605, 36.8385034], [138.779158, 36.8390729], [138.7789439, 36.8403213], [138.7788846, 36.8405719], [138.7787798, 36.8409067], [138.7786163, 36.8413507], [138.778322, 36.8421801], [138.7782812, 36.8423629], [138.7782656, 36.8424393], [138.778259, 36.8425093], [138.7782548, 36.8426357], [138.7782582, 36.8427531], [138.7782741, 36.8428875], [138.7782923, 36.84299], [138.7785665, 36.8442179], [138.7785845, 36.8443268], [138.7785955, 36.8444442], [138.7785944, 36.8445558], [138.7785768, 36.844651], [138.7785486, 36.8447486], [138.778511, 36.8448272], [138.7784609, 36.8449217], [138.7784211, 36.8449718], [138.7783596, 36.8450413], [138.778281, 36.8451142], [138.7779279, 36.8453728], [138.7776899, 36.8455618], [138.7774609, 36.8457691], [138.7773243, 36.8459175], [138.7771511, 36.8461473], [138.7770691, 36.8462953], [138.7770087, 36.8464548], [138.776939, 36.8466616], [138.7737283, 36.8580369], [138.7736913, 36.8582381], [138.7736715, 36.8584273], [138.7736573, 36.8585887], [138.7736003, 36.8620567], [138.7736089, 36.8625667], [138.7736129, 36.8626994], [138.7736179, 36.8628063], [138.7736327, 36.8629088], [138.7736722, 36.863023], [138.7737238, 36.8631207], [138.7737792, 36.8631939], [138.7738343, 36.8632459], [138.7739221, 36.8633234], [138.7752229, 36.864188], [138.775266, 36.8642166], [138.7760057, 36.8646824], [138.7762251, 36.864803], [138.7764403, 36.8649408], [138.7766351, 36.8650365], [138.7768925, 36.8651538], [138.7771864, 36.8652722], [138.7772889, 36.8653235], [138.7773606, 36.8653839], [138.7774039, 36.8654306], [138.7774233, 36.8654955], [138.7774278, 36.8655524], [138.7774222, 36.8656094], [138.7773868, 36.8656629], [138.7773436, 36.8657051], [138.7772912, 36.8657381], [138.7772319, 36.8657631], [138.7771533, 36.8657791], [138.777052, 36.8657859], [138.7769712, 36.8657889], [138.7770588, 36.8658315], [138.7771579, 36.8658486], [138.7772411, 36.8658372], [138.7773333, 36.8658041], [138.7774096, 36.8657552], [138.7774677, 36.8656845], [138.7775099, 36.8655946], [138.7775156, 36.865516], [138.7774981, 36.8654293], [138.7774518, 36.8653622], [138.7773538, 36.8652802], [138.7772183, 36.8652153], [138.776913, 36.8650945], [138.7764683, 36.8648941], [138.7762251, 36.864803]], [[138.7769712, 36.8657889], [138.776888, 36.8657666], [138.7760584, 36.8654632], [138.7759528, 36.8654408], [138.775855, 36.8654324], [138.7757778, 36.8654374], [138.7757101, 36.8654609], [138.7756405, 36.8654985], [138.7755941, 36.8655376], [138.7755679, 36.86559], [138.7755508, 36.8656447], [138.7755451, 36.8656994], [138.7755553, 36.8657517], [138.7755793, 36.8658007], [138.7756248, 36.8658429], [138.7756681, 36.865877], [138.7757205, 36.8658998], [138.7757809, 36.8659169], [138.7758492, 36.8659215], [138.7759335, 36.8659123], [138.7760907, 36.865918], [138.7761806, 36.8659101], [138.7762444, 36.8659089], [138.7763048, 36.8659192], [138.7763617, 36.8659351], [138.7764164, 36.8659659], [138.776462, 36.8660012], [138.7765087, 36.8660524], [138.7765417, 36.8661174], [138.7765542, 36.8661629], [138.7765588, 36.8662096], [138.7765531, 36.8662529], [138.7765406, 36.8662865], [138.7764198, 36.8668372], [138.7764062, 36.8669443], [138.7763971, 36.8670479], [138.7763971, 36.8671413], [138.7764141, 36.8672222], [138.7764506, 36.867327]], [[138.7759335, 36.8659123], [138.776077, 36.8658656], [138.7761636, 36.865852], [138.7762399, 36.865852], [138.7763048, 36.86586], [138.7763709, 36.8658782], [138.7764426, 36.8659101], [138.7764927, 36.8659454], [138.7765963, 36.8660452], [138.7766157, 36.8661026], [138.7766294, 36.8661447], [138.7766317, 36.8661994], [138.7766271, 36.8662586], [138.7766078, 36.8663383], [138.7765181, 36.8667869], [138.7764756, 36.8669978], [138.7764711, 36.8670696], [138.776462, 36.867147], [138.7764586, 36.8672199], [138.7764506, 36.867327], [138.7764654, 36.8674136], [138.7764973, 36.8675434], [138.776536, 36.8676744], [138.7766044, 36.8678441], [138.777134, 36.8691369], [138.7771898, 36.8693886], [138.7772308, 36.8695241], [138.7772331, 36.8695936], [138.7772023, 36.8696733], [138.7771727, 36.8697109], [138.7771203, 36.8697508], [138.7770588, 36.8697747], [138.7769859, 36.8697884], [138.7769153, 36.8697815], [138.7768333, 36.8697531], [138.7767763, 36.8697177], [138.7767217, 36.869671], [138.7766898, 36.8696152], [138.7766454, 36.8695196], [138.7765531, 36.8693555], [138.776577, 36.8695412], [138.7766123, 36.869646], [138.776651, 36.8697098], [138.7766909, 36.8697633], [138.7767353, 36.8697975], [138.7767775, 36.8698271], [138.7768435, 36.8698476], [138.7769085, 36.8698635], [138.7769836, 36.8698613], [138.7770531, 36.8698533], [138.7771112, 36.8698351], [138.7771795, 36.8698066], [138.7772433, 36.8697576], [138.7772843, 36.8697098], [138.7773105, 36.8696562], [138.7773208, 36.8695913], [138.7773128, 36.869515], [138.7772684, 36.8693897], [138.777134, 36.8691369]], [[138.7765531, 36.8693555], [138.7762718, 36.8684865], [138.7762273, 36.8683828], [138.7761738, 36.8682917], [138.7761021, 36.8682017], [138.776028, 36.8681323], [138.7759574, 36.868089], [138.7758777, 36.8680594], [138.7758082, 36.8680389], [138.7757364, 36.8680343], [138.7756714, 36.8680329], [138.7756146, 36.8680423], [138.7755462, 36.8680628], [138.7754824, 36.8680958], [138.7754255, 36.8681357], [138.7753776, 36.8681938], [138.7753642, 36.8682166], [138.7753401, 36.8682576], [138.7753196, 36.8683259], [138.7753196, 36.8683965], [138.7753253, 36.8684683], [138.7753412, 36.8685377], [138.7753913, 36.8686778], [138.775689, 36.8693532], [138.7758724, 36.8697691], [138.7761461, 36.8703792], [138.7762205, 36.8705948], [138.776315, 36.8709775], [138.7763712, 36.8712358], [138.7767194, 36.8732326], [138.7767516, 36.8733977], [138.777078, 36.8751817], [138.777119, 36.8754077], [138.7771466, 36.8755163], [138.7771773, 36.8755995], [138.7772211, 36.8756824], [138.7773055, 36.8758121], [138.7778912, 36.8765258], [138.7779566, 36.8766566], [138.7780076, 36.876767], [138.7780457, 36.8769017], [138.7783652, 36.8788651], [138.7784359, 36.8795052], [138.778429, 36.879799], [138.7784062, 36.8799813], [138.7783766, 36.8801521], [138.7781466, 36.8810793], [138.7781078, 36.8813162], [138.7780987, 36.8815258], [138.7781374, 36.8821818], [138.7781397, 36.8824392], [138.7781329, 36.8827855], [138.778101, 36.8830543], [138.7780611, 36.8833311], [138.7780122, 36.883568], [138.7779632, 36.8837559], [138.7775907, 36.8849394], [138.7772491, 36.885841], [138.7767194, 36.8870978], [138.7765531, 36.8875386], [138.7764848, 36.8877231], [138.7764289, 36.8878575], [138.7763754, 36.88796], [138.7762934, 36.8881137], [138.7761544, 36.8883712], [138.7760895, 36.8885226], [138.776028, 36.8886821], [138.7759882, 36.8888176], [138.7759164, 36.8891104], [138.7758435, 36.8893575], [138.7757615, 36.8895842], [138.7756305, 36.889894], [138.7755348, 36.8901343], [138.7754517, 36.8903519], [138.7754283, 36.8904343], [138.7753947, 36.8905672], [138.7753754, 36.8906742], [138.7753663, 36.8907995], [138.775356, 36.8910353], [138.7753537, 36.8911868], [138.7753594, 36.8913132], [138.775389, 36.8914909], [138.7754597, 36.8917654], [138.7755622, 36.8920672], [138.7759678, 36.8933394], [138.7761226, 36.8938349], [138.7761592, 36.8940182], [138.7761943, 36.8942165], [138.776233, 36.8945707], [138.7762923, 36.8952166], [138.7763595, 36.8959421], [138.7763673, 36.8960296], [138.7764919, 36.8974168], [138.7764955, 36.8974571], [138.7766744, 36.8994489], [138.776746, 36.900039], [138.7767651, 36.9001696], [138.7767967, 36.900386], [138.7768539, 36.9007069], [138.7769233, 36.9009434], [138.7770029, 36.9011829], [138.7772262, 36.9017886], [138.7773058, 36.9019659], [138.7773493, 36.9020545], [138.7773989, 36.9021524], [138.7781777, 36.9038688], [138.778228, 36.9039686], [138.7782627, 36.9040717], [138.7782918, 36.9041127], [138.778355, 36.9041668], [138.7784347, 36.9042135], [138.7785701, 36.9042723], [138.7787069, 36.9043103], [138.7788254, 36.9043354], [138.7789188, 36.9043399], [138.7790202, 36.9043343], [138.7791305, 36.9043069], [138.7790145, 36.904291], [138.7789177, 36.9042944], [138.7788345, 36.9042841], [138.7787161, 36.9042636], [138.7785874, 36.9042238], [138.7784621, 36.9041623], [138.7783766, 36.9041076], [138.7783265, 36.90407], [138.7783026, 36.9040472], [138.778228, 36.9039686]], [[138.7791305, 36.9043069], [138.7799536, 36.9043023], [138.7808035, 36.9042975], [138.7828455, 36.9042483], [138.7830811, 36.9042578], [138.7832254, 36.9042784], [138.7833882, 36.9043126], [138.7835443, 36.9043627], [138.7837402, 36.9044504], [138.7855876, 36.9055359], [138.7857426, 36.9056179], [138.7858929, 36.9056805], [138.7860808, 36.9057364], [138.7863155, 36.9057785], [138.7871561, 36.905856], [138.7875194, 36.9058924], [138.7881258, 36.9059967], [138.7886095, 36.906099], [138.7888234, 36.9061528], [138.7889545, 36.9061988], [138.7891016, 36.9062572], [138.7891926, 36.9063081], [138.7892826, 36.9063674], [138.7893669, 36.9064334], [138.7896497, 36.9066938], [138.7941327, 36.9109051], [138.7942626, 36.9110236], [138.7951276, 36.9118568], [138.7957259, 36.9124884], [138.7959093, 36.9127013], [138.7960725, 36.9129517], [138.7961696, 36.9131227], [138.7962373, 36.9132891], [138.7963387, 36.9135636], [138.7963939, 36.9136881], [138.7964674, 36.9138574], [138.7965437, 36.9139907], [138.7966154, 36.9140875], [138.7967191, 36.9141627], [138.7968227, 36.9142196], [138.796931, 36.9142549], [138.7970437, 36.9142732], [138.7971553, 36.9142641], [138.7972658, 36.9142379], [138.7973672, 36.9141843], [138.7974481, 36.9141194], [138.7975107, 36.914034], [138.7975267, 36.9139451], [138.7975335, 36.9138449], [138.7975107, 36.9137663], [138.7973901, 36.9136081], [138.7974401, 36.9137766], [138.7974401, 36.9138962], [138.7974207, 36.9139953], [138.797382, 36.9140625], [138.7973091, 36.9141251], [138.7972237, 36.9141638], [138.7971303, 36.9141912], [138.7970244, 36.9141889], [138.7969355, 36.9141684], [138.796841, 36.9141319], [138.7967316, 36.9140716], [138.7966587, 36.914018], [138.7965904, 36.9139645], [138.7964674, 36.9138574]], [[138.7973901, 36.9136081], [138.7972624, 36.9134223], [138.7967671, 36.9127741], [138.7963682, 36.912288], [138.7962933, 36.9121921], [138.7962395, 36.912112], [138.7961564, 36.9119644], [138.7961109, 36.9118346], [138.796079, 36.9117024], [138.796063, 36.9115589], [138.7960608, 36.9113858], [138.7960926, 36.9112218], [138.7961382, 36.9110578], [138.796923, 36.9091408], [138.796989, 36.9090235], [138.7970813, 36.9088994], [138.7971633, 36.9088219], [138.7972613, 36.9087524], [138.7973888, 36.9086875], [138.7975029, 36.9086399], [138.7976519, 36.908593], [138.7977476, 36.9085725], [138.7978729, 36.9085645], [138.7979936, 36.9085611], [138.7981747, 36.9085725], [138.7985723, 36.9086135], [138.7986941, 36.908634], [138.7988262, 36.9086647], [138.798988, 36.9087183], [138.7991247, 36.9087866], [138.7992249, 36.9088595], [138.7993285, 36.9089506], [138.7994106, 36.9090486], [138.7994835, 36.9091454], [138.7995518, 36.9092752], [138.7996474, 36.9094788], [138.8002053, 36.9109843], [138.8003757, 36.9114749], [138.8006054, 36.912092], [138.8007102, 36.9123722], [138.8007808, 36.912518], [138.8008548, 36.9126569], [138.8009368, 36.9127708], [138.8010006, 36.912854], [138.801291, 36.9131752], [138.8021026, 36.9140625], [138.8026805, 36.914706], [138.8028162, 36.9149065], [138.8029346, 36.9151012], [138.8030702, 36.9153917], [138.8031704, 36.9156161], [138.8032558, 36.9157653], [138.8033481, 36.9158974], [138.8034381, 36.9159953], [138.8035394, 36.9160842], [138.8036419, 36.9161571], [138.8037718, 36.9162345], [138.8039221, 36.9162995], [138.804093, 36.9163587], [138.8044119, 36.9164259], [138.8049757, 36.9165181], [138.8051545, 36.916558], [138.8053003, 36.9166001], [138.8054336, 36.9166468], [138.8055623, 36.9167004], [138.805683, 36.9167744], [138.8058436, 36.9168849], [138.8066182, 36.9176731], [138.8071506, 36.91828], [138.8071949, 36.9183519], [138.807239, 36.9184476], [138.8073164, 36.9186355], [138.8073722, 36.918795], [138.8074006, 36.9189488], [138.8074303, 36.919131], [138.8074508, 36.9192563], [138.807535, 36.9196652], [138.8075612, 36.9197666], [138.8075966, 36.9198657], [138.8076626, 36.9199955], [138.8077367, 36.920131], [138.8078562, 36.9203133], [138.8079815, 36.9204568], [138.8081171, 36.9205832], [138.8081442, 36.9206046], [138.8082515, 36.9206892], [138.8084531, 36.920827], [138.8086456, 36.9209375], [138.8088233, 36.9210206], [138.8090214, 36.9211003], [138.8101351, 36.9214066], [138.8102376, 36.9214397], [138.8113877, 36.9217396], [138.8122769, 36.9220171], [138.8130626, 36.9222997], [138.8133576, 36.9224273], [138.8135592, 36.922499], [138.8136595, 36.922515], [138.8137722, 36.9225229], [138.8138451, 36.9225195], [138.8139305, 36.9225024], [138.8139989, 36.9224808], [138.8140638, 36.9224444], [138.8141207, 36.9224068], [138.8141777, 36.9223555], [138.8142164, 36.9222849], [138.8142358, 36.9222223], [138.8142472, 36.9221437], [138.8142438, 36.9220673], [138.8142233, 36.9220024], [138.8141845, 36.9219307], [138.8141378, 36.9218806], [138.8140752, 36.921835], [138.8140103, 36.9217917], [138.8139453, 36.9217655], [138.813877, 36.921745], [138.8137859, 36.9217279], [138.8133781, 36.9216858], [138.8128246, 36.92163], [138.8126583, 36.9216015], [138.8125466, 36.9215548], [138.8124225, 36.9214739], [138.812361, 36.9213896], [138.812345, 36.9212894], [138.8123542, 36.9212177], [138.8123963, 36.9211413], [138.8124658, 36.921081], [138.812574, 36.9210343], [138.8127255, 36.9210172], [138.8129089, 36.9210104], [138.8132545, 36.9209949]], [[138.8130626, 36.9222997], [138.813377, 36.9223635], [138.8135569, 36.9224102], [138.8136731, 36.922433], [138.8137882, 36.9224398], [138.8138952, 36.922417], [138.8139761, 36.9223851], [138.8140524, 36.922343], [138.8141071, 36.9222758], [138.8141356, 36.922204], [138.8141549, 36.92213], [138.8141447, 36.922056], [138.8141048, 36.9219831], [138.8140513, 36.9219193], [138.8139681, 36.9218623], [138.8138793, 36.921827], [138.8137517, 36.9217929], [138.8127483, 36.9216881], [138.812615, 36.9216607], [138.8125022, 36.9216254], [138.8124009, 36.9215776], [138.8123337, 36.9215218], [138.8122904, 36.9214648], [138.8122551, 36.9213965], [138.8122425, 36.9213384], [138.8122471, 36.9212712], [138.8122608, 36.9211903], [138.8122892, 36.9211322], [138.812345, 36.9210662], [138.8124088, 36.9210172], [138.8125, 36.9209739], [138.812582, 36.92095], [138.8127255, 36.9209397], [138.8129168, 36.9209545], [138.8132545, 36.9209949], [138.8143189, 36.9210628], [138.814918, 36.9210821], [138.819408, 36.9210366], [138.8204126, 36.9210331], [138.8209001, 36.9210616], [138.8213506, 36.9210781], [138.821481, 36.9210884], [138.8216131, 36.9211077], [138.8217122, 36.9211288], [138.8219183, 36.9211778], [138.8221963, 36.9212541], [138.8219445, 36.9211254], [138.8217475, 36.9210696], [138.821612, 36.9210411], [138.8214912, 36.9210229], [138.8213511, 36.9210058], [138.8211176, 36.920999], [138.8208978, 36.9210035], [138.8207387, 36.9210132], [138.8204126, 36.9210331]], [[138.8221963, 36.9212541], [138.8224389, 36.9213566], [138.8226872, 36.921524], [138.8228387, 36.9216471], [138.8229776, 36.9217872], [138.8231052, 36.9219421], [138.8232134, 36.9221049], [138.8233387, 36.9223874], [138.8234161, 36.9225662], [138.8237479, 36.9233192], [138.8239651, 36.9239455], [138.8240321, 36.9242523], [138.8240507, 36.924393], [138.8240618, 36.9246673], [138.8240665, 36.9247827], [138.8240506, 36.9251495], [138.8239982, 36.9260242], [138.8239509, 36.9265985], [138.8239206, 36.9269792], [138.8238891, 36.9273786], [138.8238538, 36.9278059], [138.8238147, 36.9283588], [138.8237425, 36.9288516], [138.8236979, 36.9291019], [138.8236316, 36.929383], [138.8235682, 36.9296272], [138.8234833, 36.9298837], [138.8233925, 36.9301163], [138.8232879, 36.9303352], [138.8231757, 36.930551], [138.8230289, 36.9307885], [138.8228819, 36.9310062], [138.8226974, 36.9312409], [138.82244, 36.9315188], [138.8221644, 36.9317853], [138.8217634, 36.9321247], [138.8215858, 36.9322523], [138.8199615, 36.9335416], [138.8191519, 36.9341827], [138.8188282, 36.934446], [138.8186269, 36.9346098], [138.8182674, 36.9349023], [138.8178335, 36.9352731], [138.8176573, 36.9354255], [138.817301, 36.9357955]], [[138.8238147, 36.9283588], [138.823829, 36.9287709], [138.8238206, 36.928992], [138.8238, 36.9292134], [138.8237601, 36.929423], [138.8236997, 36.9296668], [138.8236496, 36.9298239], [138.8235608, 36.9300426], [138.823399, 36.9303877], [138.8233139, 36.9305695], [138.8232762, 36.9306344], [138.8231917, 36.9307761], [138.8230915, 36.9309383], [138.8229662, 36.9311099], [138.8228683, 36.9312317], [138.8226473, 36.9314732], [138.8223876, 36.9317352], [138.8219115, 36.9321281], [138.8216749, 36.9323165], [138.8200393, 36.9336187], [138.8192567, 36.9342465], [138.8188656, 36.9345666], [138.8186677, 36.9347286], [138.818365, 36.9349708], [138.8182462, 36.9350633], [138.81772, 36.9355019], [138.817301, 36.9357955], [138.8164574, 36.9365561], [138.8156283, 36.9373081], [138.814983, 36.9378919], [138.8141662, 36.9386101], [138.8133385, 36.939371], [138.8115046, 36.9410121], [138.8108755, 36.9415832], [138.8104823, 36.941935], [138.81018, 36.9422055], [138.809214, 36.9430755], [138.8090758, 36.9431999], [138.8089733, 36.9432915], [138.8086843, 36.94355], [138.8082563, 36.9439379], [138.8082097, 36.9439795], [138.8080199, 36.944149], [138.8078642, 36.9442915], [138.8071167, 36.9449612], [138.8061596, 36.9458494], [138.8051081, 36.9467439], [138.8043276, 36.9474272], [138.8038296, 36.9478641], [138.8036004, 36.9480884], [138.803532, 36.948159], [138.8034577, 36.9482409], [138.8033037, 36.9484136], [138.8031204, 36.9486334], [138.8030633, 36.948712], [138.8028595, 36.9489768], [138.8028344, 36.949015], [138.8026305, 36.9493111], [138.8024779, 36.9495685], [138.8023298, 36.9498658], [138.8021316, 36.9503521], [138.8019061, 36.9509216], [138.8017263, 36.9513345], [138.8016646, 36.9514752], [138.8015873, 36.951612], [138.8014881, 36.9517759], [138.8013867, 36.9519365], [138.8012352, 36.9521472], [138.8011575, 36.952262], [138.8007432, 36.9527589], [138.7997363, 36.953964], [138.7995403, 36.9541985], [138.7994584, 36.9543136], [138.799365, 36.954456], [138.799291, 36.9545961], [138.7991805, 36.9548432], [138.7991064, 36.955038], [138.7990506, 36.9552328], [138.799021, 36.9553979], [138.7988855, 36.9564925], [138.7987342, 36.9579315], [138.7987055, 36.9582056], [138.798701, 36.9583582], [138.7987101, 36.9585063], [138.7987488, 36.9588001], [138.7988023, 36.9590572], [138.7988741, 36.9592967], [138.7989538, 36.9595291], [138.799111, 36.9599027], [138.7993229, 36.9602956], [138.7999356, 36.9613674], [138.8002489, 36.9618925], [138.8004801, 36.9622729], [138.8006778, 36.9626227], [138.8009158, 36.9631493], [138.8009972, 36.9633447], [138.8011777, 36.9638708], [138.8013776, 36.9645897], [138.801471, 36.9650441], [138.8015337, 36.9654633], [138.8015701, 36.9657492], [138.8015974, 36.9661376], [138.801602, 36.96633], [138.801598, 36.9665374], [138.8015812, 36.9669587], [138.8015781, 36.9670374], [138.8015678, 36.9671518], [138.8015291, 36.9675818], [138.8015097, 36.9678164], [138.8014983, 36.968018], [138.8015018, 36.968214], [138.8015154, 36.9684247], [138.8015428, 36.9686046], [138.8015826, 36.9688028], [138.8016396, 36.9690181], [138.8018161, 36.9696537], [138.8018834, 36.9698534], [138.8019186, 36.9699931], [138.801938, 36.9701275], [138.8019483, 36.9702437], [138.8019494, 36.9703496], [138.8019357, 36.9704885], [138.8019061, 36.9706047], [138.8018708, 36.9707323], [138.8018013, 36.9708758], [138.8017353, 36.9709965], [138.8016628, 36.9710995], [138.801551, 36.971234], [138.8015295, 36.9712569], [138.8014072, 36.9713872], [138.8012535, 36.9715512], [138.8008799, 36.9719043], [138.8007022, 36.972082], [138.8005792, 36.9722278], [138.8004721, 36.972377], [138.8003958, 36.9725137], [138.800324, 36.972672], [138.8002887, 36.9727893], [138.8002534, 36.9729442], [138.8002284, 36.9730946], [138.8002215, 36.973229], [138.8002215, 36.9733019], [138.8002329, 36.9733998], [138.8003673, 36.9740809], [138.8004539, 36.974557], [138.8004926, 36.9746937], [138.8005484, 36.9748361], [138.8006418, 36.9749751], [138.8007375, 36.9750764], [138.8008457, 36.9751846], [138.8010097, 36.975286], [138.8011737, 36.9753475], [138.8013207, 36.9753919], [138.8014505, 36.9754113], [138.8016191, 36.9754204], [138.8018082, 36.9754079], [138.801979, 36.9753828], [138.802233, 36.975335], [138.8032494, 36.9750924], [138.8036126, 36.97501], [138.8037866, 36.974991], [138.8039438, 36.9749899], [138.8040747, 36.9750012], [138.8042202, 36.9750345], [138.8043686, 36.9750833], [138.8044859, 36.9751391], [138.8046329, 36.975212], [138.8047445, 36.9753031], [138.8048345, 36.9753965], [138.8049119, 36.975507], [138.8049769, 36.9756277], [138.8050349, 36.9757644], [138.8053436, 36.9767394], [138.8053602, 36.976793], [138.8061113, 36.9790812], [138.8063991, 36.9799857], [138.8066535, 36.9807851], [138.8068625, 36.9814651], [138.8073574, 36.9830747], [138.807412, 36.9832374], [138.8076323, 36.9839512], [138.8076657, 36.9840674], [138.8077639, 36.9844095], [138.807042, 36.9845781], [138.8059112, 36.9848391], [138.8050042, 36.9850484], [138.8048931, 36.985074], [138.8047758, 36.9850998], [138.8040331, 36.9852717], [138.8035064, 36.9853854], [138.8033048, 36.9854425], [138.8031304, 36.9855101], [138.8029874, 36.9855729], [138.8028629, 36.9856486], [138.8027235, 36.9857438], [138.8014537, 36.9868227], [138.8009133, 36.9872855], [138.8007443, 36.9874266], [138.800614, 36.9875265], [138.8004994, 36.9875884], [138.8003628, 36.9876496], [138.8002476, 36.9876885], [138.8000917, 36.9877159], [138.7999288, 36.9877262], [138.799832, 36.9877307], [138.7993012, 36.9877148], [138.7987963, 36.9877012], [138.7983215, 36.9876884], [138.7975212, 36.9876658], [138.7964353, 36.9876222], [138.7962692, 36.9876054], [138.796104, 36.9875746], [138.7959127, 36.9875303], [138.7951243, 36.9872879], [138.7949514, 36.9872489], [138.7947657, 36.987225], [138.7946725, 36.9872229], [138.7946131, 36.9872216], [138.7943272, 36.987233], [138.7940966, 36.9872467], [138.7936346, 36.9872762], [138.793363, 36.9872896], [138.7920962, 36.9873569], [138.7917725, 36.9873971], [138.791695, 36.9874067], [138.7915742, 36.9874334], [138.7914394, 36.9874733], [138.7912963, 36.9875303], [138.7911847, 36.9875849], [138.7908965, 36.9876886], [138.7907593, 36.9877266], [138.7905753, 36.9877535], [138.7903669, 36.9877717], [138.7895601, 36.9878294], [138.7889071, 36.9878821], [138.7887928, 36.987889], [138.7886869, 36.9878811], [138.7885661, 36.9878549], [138.7884693, 36.987815], [138.788385, 36.9877591], [138.788296, 36.9876765], [138.7877858, 36.9871288], [138.7876555, 36.9869501], [138.7871791, 36.9860646], [138.7871191, 36.98595], [138.7870433, 36.985889], [138.7869756, 36.9858352], [138.7868948, 36.9857928], [138.7861556, 36.9855225], [138.7860296, 36.9854858], [138.7859032, 36.9854618], [138.7857888, 36.9854482], [138.785656, 36.9854448], [138.7855041, 36.9854555], [138.7853822, 36.9854805], [138.784627, 36.9856652], [138.7840901, 36.9857932], [138.7839526, 36.9858517], [138.7838863, 36.9858998], [138.7838359, 36.9859742], [138.7838222, 36.9860507], [138.7838256, 36.9861008], [138.7838385, 36.9861727], [138.7839716, 36.9866006], [138.7839895, 36.9866847], [138.7839828, 36.9867375], [138.7839523, 36.986799], [138.7839031, 36.9868537], [138.7838678, 36.9868833], [138.7838119, 36.9869129], [138.783722, 36.9869465], [138.7829528, 36.9871817], [138.7828979, 36.9871931], [138.7828569, 36.9871971], [138.782813, 36.9871954], [138.7827703, 36.9871891], [138.7827299, 36.9871766], [138.7826986, 36.9871629], [138.7826661, 36.987139], [138.7826114, 36.9870747], [138.7825983, 36.9870507], [138.7825841, 36.9870194], [138.782579, 36.9869756], [138.7825841, 36.9869397], [138.7825983, 36.9868993], [138.7827584, 36.9866612], [138.7827891, 36.9866145], [138.7828153, 36.9865633], [138.7828187, 36.9865217], [138.7828142, 36.9864795], [138.7828005, 36.9864454], [138.7827772, 36.9864083], [138.7827486, 36.9863727], [138.7827139, 36.9863451], [138.7826655, 36.9863241], [138.7826029, 36.986307], [138.7825494, 36.986303], [138.7822897, 36.9863075], [138.7822065, 36.9863058], [138.7821353, 36.9863001], [138.7820505, 36.9862836], [138.7819987, 36.9862705], [138.7819457, 36.9862529], [138.7818899, 36.9862346], [138.7817953, 36.9861902], [138.7809855, 36.985779], [138.7804416, 36.9855655], [138.7799826, 36.9854072], [138.7798778, 36.9853571], [138.7794177, 36.9850495], [138.7793646, 36.9849798], [138.7793491, 36.9849009], [138.7793564, 36.9848139], [138.7793915, 36.9847306], [138.7794496, 36.9846691], [138.7795419, 36.9846291], [138.7796318, 36.9846201], [138.7797309, 36.9846213], [138.7798346, 36.9846531], [138.7799382, 36.9846782], [138.7800521, 36.9846896], [138.7801808, 36.9846987], [138.7803107, 36.9846885], [138.7806273, 36.9846509], [138.780764, 36.9846372], [138.7809291, 36.9846349], [138.7811171, 36.9846429], [138.7813039, 36.9846577], [138.7814081, 36.9846788], [138.7815123, 36.9846998], [138.781657, 36.9847272], [138.7817424, 36.9847306], [138.7818244, 36.9847226], [138.781903, 36.9846964], [138.7819611, 36.9846497], [138.7820123, 36.9845951], [138.7820419, 36.9845324], [138.7820431, 36.9844515], [138.7820135, 36.9843786], [138.781969, 36.9843217], [138.7819007, 36.9842704], [138.7818096, 36.9842374], [138.7816832, 36.9842135], [138.7814998, 36.9841873], [138.7813278, 36.9841782], [138.781266, 36.9841812], [138.7811376, 36.9841873], [138.7805681, 36.9842397], [138.780453, 36.984242], [138.78033, 36.9842386], [138.7802264, 36.9842283], [138.7801193, 36.9842067], [138.7799974, 36.9841702], [138.7798676, 36.9841212], [138.7796898, 36.9840365], [138.779576, 36.9839823], [138.7792992, 36.983849], [138.7790418, 36.9837522], [138.7788869, 36.9836975], [138.7784085, 36.9835825], [138.7781705, 36.9835164], [138.7777809, 36.9834162], [138.7774073, 36.9833365], [138.7770998, 36.9832852], [138.7769005, 36.9832681], [138.7767855, 36.9832738], [138.7766271, 36.9832977], [138.7640871, 36.98612], [138.7634796, 36.9863161], [138.7633646, 36.9863582], [138.7632198, 36.9864197], [138.7630912, 36.9864847], [138.7629796, 36.9865576], [138.76286, 36.9866555], [138.7627564, 36.9867489], [138.7626607, 36.9868594], [138.7625901, 36.9869505], [138.7625263, 36.9870519], [138.7624329, 36.9873127], [138.7624022, 36.9874414], [138.7623965, 36.9875587], [138.7624033, 36.987684], [138.7624192, 36.9878264], [138.7624785, 36.9881772], [138.7625434, 36.9886055], [138.7625593, 36.9887752], [138.7625616, 36.9889916], [138.7625286, 36.9891989], [138.7624443, 36.9897616], [138.7624227, 36.9898538], [138.7623782, 36.9899324], [138.7623122, 36.9899859], [138.7622302, 36.9900326], [138.7621208, 36.9900543], [138.7620033, 36.9900611], [138.7616462, 36.990052], [138.761509, 36.990068], [138.7613815, 36.9901075], [138.7612843, 36.9901615], [138.7611865, 36.9902303], [138.7611115, 36.9903104], [138.7610456, 36.9904188], [138.7610137, 36.9905144], [138.7609135, 36.9908858], [138.7608611, 36.9909723], [138.760811, 36.9910179], [138.7607267, 36.9910612], [138.7606215, 36.9910826], [138.7605057, 36.9910794], [138.7603941, 36.9910429], [138.7603075, 36.9909837], [138.7602597, 36.9908766], [138.7598564, 36.9891783], [138.759816, 36.9890017], [138.7598132, 36.9889529], [138.7598174, 36.9889079], [138.7598285, 36.9888577], [138.7598815, 36.9887763], [138.7599852, 36.9886841], [138.7601743, 36.9885474], [138.7602677, 36.9884585], [138.7603053, 36.9884232], [138.7603496, 36.9883376], [138.7603599, 36.9882843], [138.760371, 36.9882195], [138.760545, 36.9866827], [138.760557, 36.9865074], [138.7605547, 36.986389], [138.7604477, 36.9859616], [138.7604085, 36.985871], [138.7603431, 36.9858018], [138.7602421, 36.9857243], [138.7601382, 36.9856778], [138.7599176, 36.9856185], [138.7598098, 36.9855894], [138.7596945, 36.9855431], [138.7595763, 36.9854755], [138.7594585, 36.9853674], [138.7594112, 36.9852685], [138.7592936, 36.9850028], [138.7592073, 36.9848098], [138.75915, 36.9847239], [138.7590977, 36.9846791], [138.7590159, 36.984627], [138.7588746, 36.9845748], [138.7583038, 36.98438], [138.7582082, 36.9843555], [138.7581133, 36.9843428], [138.7579833, 36.9843443], [138.7578248, 36.9843648], [138.7576022, 36.9844015], [138.7574238, 36.9844313], [138.7572361, 36.9844655], [138.7570711, 36.9844918], [138.7569379, 36.9845125], [138.7567971, 36.9845176], [138.7566631, 36.9845125], [138.756553, 36.9844952], [138.756351, 36.9844527], [138.7562389, 36.9844411], [138.7560989, 36.984439], [138.7555173, 36.9844816], [138.7554117, 36.9844975], [138.7553227, 36.9845248], [138.7552416, 36.9845613], [138.7551752, 36.9846053], [138.7550774, 36.9846872], [138.7549967, 36.9847387], [138.7548916, 36.9847773], [138.7547543, 36.9848164], [138.7545235, 36.9848789], [138.7544182, 36.984909], [138.75432, 36.9849181], [138.7542091, 36.9849158], [138.7541091, 36.9849026], [138.754022, 36.9848734], [138.7539243, 36.9848345], [138.7535706, 36.9846577], [138.7534715, 36.9845987], [138.7534023, 36.9845385], [138.7533533, 36.9844829], [138.7532665, 36.984329], [138.7532262, 36.9842789], [138.7531785, 36.9842317], [138.7531208, 36.9841946], [138.7529644, 36.9841076], [138.7528967, 36.9840828], [138.7528289, 36.9840609], [138.7527605, 36.9840449], [138.7527056, 36.9840394], [138.7526238, 36.9840415], [138.7525258, 36.9840553], [138.7522446, 36.9841364], [138.7521634, 36.9841525], [138.7520748, 36.9841634], [138.751978, 36.9841622], [138.751841, 36.9841445], [138.75174, 36.9841372], [138.7516456, 36.9841559], [138.7515703, 36.9841862], [138.7513343, 36.9843704], [138.7512189, 36.9844655], [138.7511238, 36.984521], [138.7510313, 36.9845535], [138.7509495, 36.9845666], [138.7508738, 36.9845684], [138.7508086, 36.9845568], [138.7507445, 36.9845301], [138.7507035, 36.9845017], [138.7505293, 36.9843776], [138.750462, 36.9843456], [138.7503903, 36.9843325], [138.7503082, 36.9843314], [138.7502331, 36.9843416], [138.7501636, 36.984373], [138.7500104, 36.98448], [138.7499255, 36.9845347], [138.7498475, 36.9845632], [138.7497689, 36.9845746], [138.7496989, 36.9845723], [138.7496152, 36.9845575], [138.7495451, 36.9845153], [138.7494682, 36.9844447], [138.7493401, 36.9842835], [138.7492923, 36.9842403], [138.7492359, 36.9842101], [138.7491721, 36.9841873], [138.7490867, 36.9841765], [138.749, 36.9841788], [138.7489278, 36.9841975], [138.748864, 36.9842346], [138.7488025, 36.9842744], [138.7487666, 36.9843314], [138.7487285, 36.9844276], [138.7486966, 36.9845751], [138.7486613, 36.9846549], [138.7485958, 36.9847397], [138.7485274, 36.9848075], [138.7484169, 36.9848992], [138.7481965, 36.9850643], [138.7480268, 36.9851965], [138.747967, 36.985258], [138.7479249, 36.9853155], [138.747893, 36.9853719], [138.7478292, 36.9855945], [138.7477876, 36.9856697], [138.7477426, 36.9857244], [138.7476903, 36.9857711], [138.7475883, 36.985832], [138.7474207, 36.9859065], [138.747336, 36.985955], [138.7472705, 36.9859943], [138.7471942, 36.9860553], [138.7470336, 36.9862164], [138.7468816, 36.9863742], [138.7468109, 36.9864385], [138.7467341, 36.9864978], [138.7466418, 36.9865502], [138.7465222, 36.9865963], [138.7463377, 36.9866487], [138.7461993, 36.9866891], [138.7461293, 36.9867005], [138.746078, 36.986692], [138.7460427, 36.9866766], [138.7460045, 36.9866538], [138.7459783, 36.9866202], [138.7459647, 36.9865792], [138.7459687, 36.9865388], [138.7459829, 36.9865006], [138.7460068, 36.9864744], [138.7460433, 36.9864511], [138.7461219, 36.9864146], [138.7463912, 36.9863149], [138.7465598, 36.9862489], [138.7466361, 36.9862113], [138.746701, 36.9861692], [138.7467255, 36.9861321], [138.7467284, 36.9860883], [138.7467267, 36.9860382], [138.7467027, 36.9859983], [138.7466669, 36.9859693], [138.7466287, 36.9859516], [138.7465695, 36.9859419], [138.7465097, 36.9859488], [138.7464516, 36.9859653], [138.7463135, 36.9860573], [138.7461982, 36.9861253], [138.7461332, 36.9861602], [138.7460552, 36.9861936], [138.7459874, 36.9862124], [138.7459077, 36.9862312], [138.7458024, 36.9862489], [138.7456612, 36.9862493], [138.7454635, 36.9862506], [138.7450324, 36.98625], [138.7449532, 36.9862603], [138.7448544, 36.9862767], [138.7447085, 36.9863041], [138.74446, 36.9863833], [138.7441041, 36.9865234], [138.7439475, 36.9865894], [138.74341, 36.9867836], [138.7430971, 36.9868855], [138.7429429, 36.9869357], [138.7426237, 36.9870345], [138.7418944, 36.9872603], [138.7414024, 36.9874141], [138.7412923, 36.9874486], [138.7401739, 36.9878006], [138.7398568, 36.9879004], [138.7397007, 36.9879699], [138.7395613, 36.9880387], [138.739377, 36.9881484], [138.7392728, 36.9882271], [138.73921, 36.9882923], [138.7390857, 36.988438], [138.7390082, 36.9885656], [138.7389479, 36.9887], [138.7388237, 36.9890816], [138.7386198, 36.9897741], [138.7384364, 36.9904131], [138.7383841, 36.990634], [138.7383486, 36.9908075], [138.738281, 36.9911649], [138.7381585, 36.991715], [138.7379508, 36.9923859], [138.7377223, 36.9929589], [138.7375282, 36.993365], [138.7372139, 36.9937194], [138.7368164, 36.9939925], [138.7351755, 36.994993], [138.7324039, 36.9967033], [138.7319443, 36.9969889], [138.7315736, 36.9972096], [138.7314562, 36.9972729], [138.7312759, 36.997362], [138.731091, 36.9974339], [138.7308963, 36.9975079], [138.730255, 36.9976879], [138.7287877, 36.9981008], [138.728659, 36.998137], [138.7284531, 36.9981981], [138.7283207, 36.9982463], [138.7282059, 36.9982984], [138.7280774, 36.9983606], [138.7278711, 36.9984845], [138.7276939, 36.9986198], [138.7276034, 36.998705], [138.7275088, 36.9988019], [138.7273395, 36.9990012], [138.7269549, 36.9995021], [138.7267363, 36.9997937], [138.7261318, 37.0005661], [138.7254621, 37.0014198], [138.7252343, 37.0017258], [138.725089, 37.0020049], [138.7250512, 37.0020852], [138.7250091, 37.0021745], [138.7248883, 37.0025013], [138.7247946, 37.0028], [138.7247713, 37.0028827], [138.724671, 37.0031867], [138.7245728, 37.0034057], [138.7244494, 37.0035979], [138.7243253, 37.0037508], [138.7240916, 37.0039793], [138.7229449, 37.0049119], [138.7222626, 37.0054604], [138.7221214, 37.005572], [138.7215612, 37.0060955], [138.7214853, 37.006166], [138.7213566, 37.0062765], [138.7212341, 37.0063727], [138.7211045, 37.0064638], [138.7206588, 37.0067567], [138.7201481, 37.0070926], [138.7198018, 37.0073352], [138.7194601, 37.0075972], [138.7189313, 37.0080298], [138.7186065, 37.0083206], [138.7184749, 37.0084776], [138.7182869, 37.0087776], [138.7182065, 37.0089336], [138.7181184, 37.0091499], [138.7180459, 37.0094465], [138.7177212, 37.0111269], [138.7176651, 37.0113538], [138.7175283, 37.0116601], [138.7172598, 37.0121309], [138.7171654, 37.0123181], [138.7171396, 37.0124415], [138.7171568, 37.0125512], [138.7172255, 37.0126197], [138.7173027, 37.0126745], [138.71744, 37.0127088], [138.7175516, 37.0126882], [138.7176546, 37.0126334], [138.7177077, 37.0125833], [138.717749, 37.0125443], [138.7177919, 37.0124415], [138.7178349, 37.0121673], [138.7178479, 37.011988], [138.7178775, 37.0118866], [138.7179139, 37.0118297], [138.7179811, 37.0117796], [138.7180654, 37.011734], [138.7181338, 37.0117181], [138.7182192, 37.0117044], [138.7183012, 37.011709], [138.7183798, 37.0117261], [138.7184572, 37.0117693], [138.7185043, 37.0118178], [138.7185541, 37.0118639], [138.7185837, 37.011914], [138.7186073, 37.011996], [138.7186331, 37.012092], [138.7186503, 37.0121879], [138.7186674, 37.0123113], [138.7186932, 37.0124346], [138.7187189, 37.0125786], [138.7187275, 37.0126677], [138.7187275, 37.0127842], [138.7187103, 37.012935], [138.7186331, 37.0131611], [138.7185558, 37.0133119], [138.7184099, 37.0135381], [138.7182125, 37.0137368], [138.7180409, 37.013867], [138.7178864, 37.0139356], [138.7177576, 37.0139972], [138.717646, 37.0140521], [138.7175259, 37.0141275], [138.7174572, 37.0141891], [138.7173885, 37.0142577], [138.7173285, 37.0143331], [138.7172426, 37.0144633], [138.7171911, 37.0145592], [138.7171482, 37.014662], [138.7171053, 37.0147443], [138.7170796, 37.0148197], [138.7170796, 37.0148951], [138.7170967, 37.014991], [138.7171396, 37.0150801], [138.7171997, 37.0151623], [138.7173027, 37.0152583], [138.7184048, 37.016114], [138.7188354, 37.0164483], [138.7189144, 37.0165126], [138.7189623, 37.0165621], [138.718991, 37.0166031], [138.7190131, 37.0166508], [138.7190236, 37.0167014], [138.7190264, 37.016752], [138.7190221, 37.0168051], [138.7190096, 37.0168494], [138.7189925, 37.016886], [138.718963, 37.0169224], [138.7189037, 37.0169825], [138.7188411, 37.0170304], [138.7187568, 37.0170668], [138.7186634, 37.0170942], [138.7185723, 37.0171033], [138.7184698, 37.0170953], [138.7183194, 37.0170759], [138.7178728, 37.0170068], [138.7176871, 37.016976], [138.7175787, 37.0169712], [138.7174615, 37.0169995], [138.7173762, 37.0170549], [138.7173186, 37.0171242], [138.7171075, 37.0173983], [138.7169389, 37.017609], [138.7164697, 37.0181272], [138.7158922, 37.0187366], [138.7157407, 37.0188961], [138.715333, 37.0193312], [138.7152407, 37.0194416], [138.7151356, 37.0195836], [138.7150428, 37.0197484], [138.7149862, 37.0198895], [138.7146068, 37.0210859], [138.7144969, 37.0214326], [138.7144685, 37.0215092], [138.7144206, 37.0216342], [138.7143501, 37.0217861], [138.7142999, 37.0218745], [138.7138523, 37.022575], [138.7133545, 37.0233313], [138.7132577, 37.0234429], [138.7131757, 37.0235056], [138.7130971, 37.023542], [138.7130037, 37.0235728], [138.7128073, 37.0236251], [138.7126263, 37.0236813], [138.7125504, 37.023722], [138.7124615, 37.0237846], [138.7123818, 37.0238484], [138.7122941, 37.0239316], [138.7120499, 37.0241886], [138.7113401, 37.0249279], [138.7111106, 37.025181], [138.710877, 37.025448], [138.7107439, 37.0256253], [138.7106255, 37.0258166], [138.7104683, 37.0261185], [138.7099062, 37.0271845], [138.7095199, 37.0278464], [138.7089261, 37.0288627], [138.7088884, 37.0289306], [138.7083427, 37.0299126], [138.7082486, 37.0300644], [138.708184, 37.0301685], [138.7079892, 37.0304143], [138.7079049, 37.0304992], [138.7078766, 37.0305276], [138.7075501, 37.030856], [138.7071849, 37.0312462], [138.7070229, 37.0314181], [138.7051626, 37.0333941], [138.7047826, 37.0337967], [138.7045012, 37.0340601], [138.7042057, 37.0343017], [138.7039905, 37.0345334], [138.7038276, 37.0347342], [138.7036398, 37.0350468], [138.7033178, 37.0356556], [138.7031049, 37.0360625], [138.7030169, 37.0362043], [138.7029161, 37.0363537], [138.7024986, 37.0368902], [138.7014887, 37.0381621], [138.7004028, 37.0395184], [138.7001645, 37.0398558], [138.6993696, 37.041288], [138.6993322, 37.0413555], [138.698975, 37.0420011], [138.6989063, 37.042126], [138.6988494, 37.0422663], [138.6988149, 37.0424321], [138.6987753, 37.0426021], [138.6987275, 37.0427422], [138.6986967, 37.0428094], [138.6986352, 37.0429073], [138.6985357, 37.0430331], [138.6983687, 37.0432445], [138.6981124, 37.0436522], [138.6980065, 37.0438151], [138.6978049, 37.0441545], [138.6977582, 37.0442582], [138.6977286, 37.0443755], [138.6977149, 37.0445213], [138.6977081, 37.0449735], [138.6976921, 37.0450976], [138.6976579, 37.0452525], [138.6976044, 37.0454177], [138.6974108, 37.0459621], [138.6973922, 37.0460152], [138.6973739, 37.0460673], [138.6971078, 37.0468118], [138.6970474, 37.0469975], [138.697003, 37.0471604], [138.6969623, 37.0473112], [138.6968644, 37.0477716], [138.6967998, 37.0479785], [138.6966763, 37.0481932], [138.6965428, 37.0483726], [138.6962291, 37.0487659], [138.6960626, 37.0489992], [138.6958868, 37.0492834], [138.695657, 37.0497496], [138.695611, 37.0498661], [138.6955963, 37.0499043], [138.6955696, 37.0499828], [138.6954908, 37.0501918], [138.6953886, 37.0504154], [138.6953503, 37.0504942], [138.6952959, 37.0505757], [138.6952285, 37.050673], [138.6951417, 37.05077], [138.6949203, 37.0509838], [138.6948185, 37.0510726], [138.6947061, 37.051182], [138.6939408, 37.051878], [138.6930776, 37.0526348], [138.6930019, 37.0527014], [138.6928778, 37.0528028], [138.6926812, 37.0529707], [138.6923539, 37.0532407], [138.6921304, 37.0534385], [138.6918921, 37.053658], [138.691799, 37.053756], [138.6917489, 37.0538127], [138.6916704, 37.0538996], [138.6915916, 37.0540012], [138.6914925, 37.0541504], [138.6914008, 37.0543344], [138.6913604, 37.0544454], [138.6913182, 37.0546328], [138.6913069, 37.0547256], [138.6913054, 37.0548421], [138.6913194, 37.0549921], [138.6913456, 37.0551117], [138.6913923, 37.0552427], [138.6914171, 37.0553115], [138.6914493, 37.0553817], [138.6915153, 37.0555035], [138.6916053, 37.0556482], [138.6916998, 37.0557689], [138.6918695, 37.0559637], [138.69216, 37.0562746], [138.6926566, 37.0567804], [138.69334, 37.0574512], [138.6937102, 37.0577906], [138.6941118, 37.0581542], [138.6945599, 37.058539], [138.6949198, 37.0588488], [138.6951316, 37.059039], [138.695266, 37.0591586], [138.6953822, 37.0592827], [138.6955166, 37.059424], [138.6956909, 37.0596415], [138.6958025, 37.0598181], [138.6959233, 37.0600197], [138.6960645, 37.0602862], [138.6960952, 37.060342], [138.6965982, 37.0613051], [138.6967203, 37.0615277], [138.6969153, 37.0617885], [138.6970907, 37.0619913], [138.6973185, 37.0621986], [138.6975805, 37.062399], [138.6993221, 37.0634566], [138.6995168, 37.063587], [138.6996736, 37.0637008], [138.699827, 37.0638476], [138.6999145, 37.0639398], [138.6999986, 37.0640529], [138.7000692, 37.0641725], [138.7001492, 37.0643303], [138.7014309, 37.0665061], [138.7015143, 37.0666398], [138.7016205, 37.0668127], [138.7017137, 37.0669666], [138.7018324, 37.0671236], [138.701919, 37.0672068], [138.7020454, 37.0673127], [138.7021536, 37.0673936], [138.7022527, 37.0674619], [138.7029606, 37.0678212], [138.7031298, 37.0679082], [138.7032773, 37.0680003], [138.703386, 37.0680824], [138.7035113, 37.0681891], [138.7036426, 37.0683163], [138.7037486, 37.0684426], [138.7039909, 37.0688146], [138.7040208, 37.068882], [138.7040307, 37.0689638], [138.7040163, 37.0690443], [138.7039857, 37.0691101], [138.703948, 37.069173], [138.7037035, 37.0695121], [138.7035556, 37.0696985], [138.7033797, 37.0696477], [138.7031995, 37.0696053], [138.7030292, 37.0695823], [138.7028586, 37.0695736], [138.7026058, 37.0695702], [138.7025067, 37.0695663], [138.7024044, 37.0695536], [138.7023147, 37.0695349], [138.7022194, 37.0695055], [138.7017798, 37.0692986], [138.7013289, 37.0690975], [138.7006719, 37.0688456], [138.7005227, 37.0688241], [138.7003904, 37.0688246], [138.7002864, 37.0688438], [138.7001838, 37.0688792], [138.700085, 37.0689333], [138.7000323, 37.0689708], [138.6997658, 37.069152], [138.6996567, 37.0692077], [138.6995597, 37.0692416], [138.6994406, 37.0692609], [138.6993166, 37.0692676], [138.6992082, 37.0692593], [138.6990648, 37.0692366], [138.6984792, 37.0691311], [138.6982417, 37.0690904], [138.6980662, 37.0690739], [138.6977669, 37.069065], [138.6974555, 37.0690714], [138.6968127, 37.0690911], [138.696421, 37.0690724], [138.695995, 37.0690223], [138.6952558, 37.0689187], [138.69458, 37.068836], [138.6944608, 37.0687991], [138.694356, 37.0687501], [138.6942808, 37.0686818], [138.6941897, 37.0686146], [138.6940735, 37.0685599], [138.6938787, 37.0685109], [138.6937557, 37.0684711], [138.6936714, 37.0684289], [138.6936008, 37.0683799], [138.693504, 37.0682512], [138.6934536, 37.0682068], [138.6934138, 37.0681808], [138.6933486, 37.0681621], [138.6932627, 37.0681561], [138.6928072, 37.0682203], [138.6926691, 37.068233], [138.6925723, 37.0682136], [138.6924709, 37.0681817], [138.6923308, 37.0681248], [138.6922397, 37.0680576], [138.6921395, 37.0679653], [138.6920427, 37.0678116], [138.6920176, 37.067782], [138.6919914, 37.0677592], [138.6919607, 37.0677535], [138.6917101, 37.0677717], [138.6916258, 37.0677865], [138.6915552, 37.0678184], [138.6913991, 37.0679186], [138.6912203, 37.068028], [138.691177, 37.0680405], [138.6911279, 37.0680413], [138.6908709, 37.0679977], [138.6907807, 37.0679699], [138.6907112, 37.0679152], [138.6906679, 37.0678549], [138.690644, 37.0677808], [138.6906485, 37.0677182], [138.6906816, 37.0676407], [138.6907374, 37.0675826], [138.6908273, 37.0675166], [138.691106, 37.067385], [138.691246, 37.067266], [138.691309, 37.067165], [138.6913671, 37.0670531], [138.6913693, 37.0669843], [138.6913559, 37.0669323], [138.6912887, 37.0668821], [138.691152, 37.0667819], [138.6910734, 37.0666965], [138.690846, 37.066399], [138.690776, 37.066264], [138.690607, 37.066005], [138.690481, 37.065853], [138.68994, 37.065329], [138.689779, 37.0652], [138.689435, 37.065053], [138.689189, 37.064929], [138.689077, 37.064839], [138.688923, 37.064648], [138.688747, 37.064338], [138.688634, 37.064158], [138.688614, 37.064124], [138.688557, 37.064063], [138.688234, 37.063747], [138.688178, 37.063685], [138.688017, 37.063528], [138.687764, 37.063313], [138.68742, 37.06306], [138.687118, 37.062869], [138.687083, 37.062841], [138.687019, 37.06279], [138.686928, 37.062666], [138.68669, 37.0623], [138.686557, 37.062125], [138.686493, 37.06208], [138.686402, 37.062063], [138.686248, 37.062074], [138.6860641, 37.0621211], [138.6859399, 37.0621747], [138.6857805, 37.062276], [138.6856927, 37.0623159], [138.6854126, 37.0624116], [138.6853385, 37.062423], [138.6852668, 37.0624161], [138.685211, 37.0623945], [138.6851745, 37.0623466], [138.6851506, 37.0623091], [138.6851426, 37.0622624], [138.6851529, 37.0622031], [138.6851893, 37.0621587], [138.6853442, 37.0619651], [138.6855276, 37.0618033], [138.6855868, 37.0617213], [138.685623, 37.061608], [138.6856096, 37.0615471], [138.685588, 37.061495], [138.685524, 37.061422], [138.6850469, 37.0608603], [138.6849456, 37.0607441], [138.684681, 37.060408], [138.6843704, 37.0600447], [138.6842975, 37.0599525], [138.6842531, 37.0598226], [138.6842462, 37.0597452], [138.6842918, 37.0596495], [138.6844934, 37.0594456], [138.6845241, 37.0593875], [138.684538, 37.059346], [138.684538, 37.059311], [138.68453, 37.059272], [138.684519, 37.05923], [138.6843191, 37.0589991], [138.684089, 37.0587611], [138.684023, 37.0587041], [138.6839637, 37.0586677], [138.6838772, 37.0586449], [138.6837861, 37.0586346], [138.6836437, 37.0586164], [138.683566, 37.058612], [138.683503, 37.058621], [138.68346, 37.058639], [138.68318, 37.058768], [138.6830924, 37.0588135], [138.6829933, 37.0588283], [138.6829341, 37.0588146], [138.6828839, 37.0587758], [138.6828418, 37.0587315], [138.6828168, 37.0586665], [138.6828168, 37.0586324], [138.6828316, 37.0585993], [138.682899, 37.05851], [138.683025, 37.05834], [138.683116, 37.058262], [138.683339, 37.058128], [138.683368, 37.058082], [138.683378, 37.058038], [138.683366, 37.057995], [138.683344, 37.057955], [138.683303, 37.057922], [138.683242, 37.057898], [138.683138, 37.057856], [138.68306, 37.057772], [138.682836, 37.057452], [138.682801, 37.057373], [138.682716, 37.057142], [138.682639, 37.057001], [138.682555, 37.056945], [138.682478, 37.056917], [138.68233, 37.056889], [138.682, 37.056883], [138.681895, 37.056894], [138.681846, 37.056911], [138.681789, 37.056945], [138.6815297, 37.0571289], [138.6814534, 37.0571608], [138.6813589, 37.0571756], [138.6812848, 37.0571801], [138.6812358, 37.057171], [138.681196, 37.0571369], [138.6811626, 37.0570934], [138.6811599, 37.0570525], [138.6811772, 37.0570059], [138.6812848, 37.0568384], [138.6813828, 37.0567325], [138.6815397, 37.0565711], [138.6815923, 37.056515], [138.6816698, 37.0564136], [138.6817598, 37.056351], [138.6818338, 37.0563168], [138.6818748, 37.0562803], [138.6820822, 37.0560208], [138.682335, 37.0557222], [138.682376, 37.0556311], [138.6823874, 37.0555502], [138.6823828, 37.05545], [138.6823055, 37.0552357], [138.6820821, 37.0547117], [138.6820415, 37.0546252], [138.6819893, 37.054554], [138.6819147, 37.054499], [138.68182, 37.0544484], [138.6814594, 37.0543151], [138.6813453, 37.0542718], [138.6812209, 37.0542103], [138.6807712, 37.0539224], [138.6804982, 37.053752], [138.6801259, 37.0535491], [138.6799875, 37.053467], [138.6797654, 37.053311], [138.6795171, 37.0531173], [138.6793016, 37.0529328], [138.6791982, 37.0528462], [138.6790717, 37.0527654], [138.6789487, 37.0527073], [138.6787961, 37.0526572], [138.6786321, 37.0526184], [138.6784624, 37.0525957], [138.6781321, 37.0525786], [138.6776879, 37.0525512], [138.6774806, 37.0525273], [138.677313, 37.0525012], [138.6771305, 37.0524508], [138.6769908, 37.05241], [138.6768399, 37.0523503], [138.6766384, 37.0522543], [138.6764748, 37.0521594], [138.6763532, 37.0520798], [138.6760466, 37.0518348], [138.6756616, 37.0514999], [138.6755989, 37.0514396], [138.6755306, 37.0514009], [138.6754714, 37.0513735], [138.675378, 37.051361], [138.6753028, 37.0513587], [138.6752181, 37.0513731], [138.6751513, 37.0513917], [138.675064, 37.0514385], [138.6749406, 37.0514965], [138.6747834, 37.0515535], [138.6746741, 37.0515774], [138.6745556, 37.0515751], [138.6744656, 37.0515615], [138.6743893, 37.0515478], [138.6743119, 37.051517], [138.6741399, 37.051435], [138.6737609, 37.0512405], [138.6735677, 37.0511354], [138.6732389, 37.0509566], [138.6727765, 37.0507061], [138.6726728, 37.0506434], [138.672576, 37.0505625], [138.6724906, 37.0504771], [138.6724074, 37.0503666], [138.6721831, 37.0500113], [138.6721455, 37.0499566], [138.6720794, 37.0498803], [138.6719883, 37.0497835], [138.6718881, 37.0496867], [138.6717614, 37.0495855], [138.671748, 37.0495748], [138.6713721, 37.0492823], [138.6710099, 37.0489862], [138.6708983, 37.0488666], [138.6708163, 37.048772], [138.670725, 37.0486394], [138.6706487, 37.0485342], [138.6704415, 37.04819], [138.6703777, 37.0481114], [138.6702832, 37.0480078], [138.6701875, 37.0479258], [138.6701021, 37.0478654], [138.6699985, 37.0478119], [138.6698834, 37.0477674], [138.6698082, 37.0477492], [138.6697274, 37.0477504], [138.6696066, 37.047772], [138.6692342, 37.04787], [138.6691408, 37.0478984], [138.6690451, 37.047911], [138.6689301, 37.0479075], [138.6688344, 37.0478939], [138.6687216, 37.0478688], [138.6686294, 37.0478278], [138.6685559, 37.0477763], [138.6684904, 37.0476968], [138.6684168, 37.047582], [138.6683734, 37.0475237], [138.6683503, 37.0474713], [138.6683424, 37.0474326], [138.6683503, 37.0473939], [138.6683822, 37.0473392], [138.6684642, 37.0472708], [138.6686009, 37.0471934], [138.6686374, 37.0471535], [138.6686727, 37.047084], [138.6686852, 37.0470203], [138.6686829, 37.0469747], [138.6686772, 37.0469109], [138.668659, 37.0468574], [138.6686328, 37.0467993], [138.6685553, 37.046694], [138.6682641, 37.0464427], [138.6681271, 37.0463198], [138.6680155, 37.0461945], [138.6678571, 37.045994], [138.6675792, 37.0456523], [138.6674961, 37.0455828], [138.6674141, 37.0455373], [138.6673093, 37.0454951], [138.6671885, 37.0454667], [138.6667534, 37.0454291], [138.6666316, 37.0454154], [138.6664983, 37.0453858], [138.6663844, 37.0453414], [138.6663092, 37.0453072], [138.6660871, 37.0451831], [138.6656688, 37.0449535], [138.6656042, 37.044904], [138.6655484, 37.0448539], [138.6654994, 37.0448015], [138.6654504, 37.0447354], [138.6654254, 37.0446899], [138.6653058, 37.0444131], [138.6652636, 37.0443356], [138.6651983, 37.0442605], [138.6651349, 37.0442035], [138.6650541, 37.0441534], [138.664849, 37.0440349], [138.6647932, 37.0440042], [138.6643319, 37.0437399], [138.6638946, 37.0435019], [138.663733, 37.0434378], [138.6633626, 37.0438561], [138.6632009, 37.0440566], [138.6631497, 37.0441568], [138.6631246, 37.0442445], [138.6631132, 37.0443413], [138.6631178, 37.0444393], [138.6631337, 37.0445384], [138.663169, 37.0446181], [138.6632112, 37.044699], [138.6632727, 37.0447798], [138.6634366, 37.0449201], [138.6647819, 37.0457799], [138.6651805, 37.0460749], [138.6656179, 37.0464029], [138.6656475, 37.0464265], [138.6662101, 37.0468744], [138.6662853, 37.0469439], [138.6663389, 37.0470214], [138.6663651, 37.0471023], [138.6663821, 37.0471991], [138.6663696, 37.0472913], [138.6663363, 37.04737], [138.6662742, 37.0474555], [138.6662045, 37.0475237], [138.6661179, 37.0475715], [138.6660051, 37.0476137], [138.6657933, 37.0476547], [138.6652306, 37.04778], [138.6650586, 37.0478358], [138.6649299, 37.0478996], [138.6648456, 37.0479656], [138.6647443, 37.0480602], [138.6646805, 37.048149], [138.6646326, 37.0482322], [138.6645837, 37.0483415], [138.6644857, 37.0486023], [138.66439, 37.0487663], [138.6643046, 37.048878], [138.664152, 37.0490067], [138.6638232, 37.0491949], [138.6634036, 37.0493894], [138.663087, 37.0495169], [138.6628478, 37.0496081], [138.6618182, 37.0499293], [138.6615311, 37.0500181], [138.6612965, 37.0501206], [138.6611074, 37.0502231], [138.6609362, 37.0503237], [138.6607839, 37.050427], [138.6601461, 37.0509441], [138.659976, 37.0510691], [138.6595095, 37.0513439], [138.6590884, 37.0515704], [138.658859, 37.0517038], [138.658744, 37.0517881], [138.6586267, 37.0519043], [138.6585538, 37.0520022], [138.6585003, 37.0520991], [138.6584649, 37.0521833], [138.658441, 37.0522824], [138.6584319, 37.0523371], [138.6584166, 37.0526861], [138.6583859, 37.0535533], [138.658308, 37.0558909], [138.6583041, 37.0559889], [138.6582939, 37.0561446], [138.658269, 37.0562894], [138.6582344, 37.0564361], [138.6581984, 37.0565582], [138.6581232, 37.0566927], [138.6579615, 37.0568954], [138.6574034, 37.0573731], [138.6510295, 37.0630192], [138.6509676, 37.0630738], [138.6506713, 37.0633353], [138.6506087, 37.0633898], [138.65032, 37.06364], [138.65021, 37.0637163], [138.6501118, 37.0637771], [138.650009, 37.063837], [138.649925, 37.0638838], [138.6494185, 37.0641348], [138.6492015, 37.0642476], [138.6490488, 37.0643205], [138.6488939, 37.0643912], [138.6487185, 37.0644618], [138.6485112, 37.0645233], [138.6481638, 37.0645882], [138.6480943, 37.0646007], [138.6473847, 37.0647329], [138.6472345, 37.0647757], [138.6471171, 37.0648183], [138.6470146, 37.0648684], [138.6469303, 37.0649231], [138.6468323, 37.0649914], [138.6467401, 37.0650654], [138.646674, 37.0651326], [138.6461159, 37.0657386], [138.645561, 37.0663273], [138.6453827, 37.0665172], [138.6452958, 37.0666014], [138.6452349, 37.0666538], [138.6451523, 37.0667096], [138.6450583, 37.0667785], [138.644949, 37.0668417], [138.6448613, 37.0668896], [138.6446887, 37.0669727], [138.6444277, 37.0671036], [138.644352, 37.0671563], [138.6442878, 37.0672216], [138.6442479, 37.0672785], [138.6442206, 37.0673389], [138.6442081, 37.0673879], [138.6442047, 37.0674482], [138.6442092, 37.0675257], [138.6442457, 37.0676977], [138.6442531, 37.0677575], [138.6442531, 37.0678173], [138.6442462, 37.0678896], [138.6442257, 37.0679471], [138.6441995, 37.0679995], [138.6441585, 37.0680565], [138.644109, 37.0681014], [138.6439826, 37.0682005], [138.6429346, 37.0689034], [138.642835, 37.0689762], [138.6427695, 37.0690485], [138.6427166, 37.0691237], [138.642679, 37.0692006], [138.6426607, 37.0692894], [138.6426385, 37.0694341], [138.6426164, 37.0695182], [138.6425867, 37.0695679], [138.642548, 37.0696271], [138.6424967, 37.0696773], [138.6424267, 37.0697262], [138.6423561, 37.069765], [138.6416675, 37.0701038], [138.641561, 37.0701647], [138.6414722, 37.0702194], [138.6413156, 37.0703407], [138.641245, 37.0704091], [138.6411755, 37.0704797], [138.6411185, 37.0705566], [138.6407757, 37.0710332], [138.6405354, 37.0713664], [138.6404522, 37.0714683], [138.6403753, 37.0715458], [138.6402962, 37.0716164], [138.6402125, 37.0716808], [138.6399574, 37.0718406], [138.6399114, 37.071867], [138.6386906, 37.0726005], [138.6384777, 37.0727312], [138.6383137, 37.0728415], [138.638226, 37.0729132], [138.6381577, 37.0729712], [138.6380825, 37.0730453], [138.6379982, 37.0731398], [138.6378912, 37.0732788], [138.6377615, 37.0734617], [138.6376864, 37.0735608], [138.6376243, 37.073646], [138.6370025, 37.074538], [138.6363828, 37.0753724], [138.6357493, 37.0761579], [138.6351387, 37.0767958], [138.6347142, 37.0771637], [138.6341394, 37.0776128], [138.6335394, 37.0779769], [138.6328069, 37.0783436], [138.6293147, 37.0800088], [138.6264926, 37.0813221], [138.625635, 37.0816858], [138.6253337, 37.0817894], [138.6250157, 37.0818916], [138.6244033, 37.0820393], [138.6240494, 37.082113], [138.6236384, 37.082182], [138.6233695, 37.0822222], [138.6230576, 37.0822574], [138.6222659, 37.0823463], [138.6221199, 37.0823558], [138.6219429, 37.0823566], [138.621821, 37.0823498], [138.6214691, 37.0823145], [138.6213529, 37.0823116], [138.6212282, 37.0823145], [138.6211336, 37.0823298], [138.6210431, 37.0823566], [138.6209468, 37.0823993], [138.6208682, 37.0824472], [138.6207845, 37.0825172], [138.6207213, 37.0825844], [138.6206422, 37.0826881], [138.620608, 37.082737], [138.6203238, 37.083175], [138.6202566, 37.0832843], [138.6197401, 37.0841437], [138.6192617, 37.0849581], [138.6191785, 37.0850857], [138.6190544, 37.0852201], [138.61892, 37.0853385], [138.6187958, 37.0854182], [138.61866, 37.0854812], [138.6184951, 37.0855424], [138.6181345, 37.0856474], [138.6179704, 37.0856981], [138.6168971, 37.0860151], [138.6167462, 37.0860737], [138.6166631, 37.0861256], [138.6165617, 37.0862024], [138.6164802, 37.0862827], [138.6162046, 37.0865834], [138.616101, 37.0866768], [138.6160121, 37.0867315], [138.6159028, 37.086785], [138.6157866, 37.0868238], [138.6156624, 37.0868522], [138.615544, 37.0868625], [138.615385, 37.0868508], [138.6152476, 37.0868239], [138.6151089, 37.0867744], [138.6149528, 37.086692], [138.6148207, 37.0865877], [138.6146263, 37.0864221], [138.6140724, 37.0859319], [138.6139442, 37.0858417], [138.6138572, 37.0857968], [138.6137375, 37.0857616], [138.6136337, 37.0857552], [138.6135323, 37.0857635], [138.6130735, 37.085841], [138.6129436, 37.08586], [138.6128357, 37.0858603], [138.612748, 37.0858537], [138.6126633, 37.0858412], [138.6125211, 37.085818], [138.6122079, 37.085744], [138.6120689, 37.0857326], [138.6119185, 37.0857326], [138.6117967, 37.085744], [138.6116532, 37.0857679], [138.6110791, 37.0859433], [138.6108889, 37.0860105], [138.6107146, 37.0860834], [138.6105278, 37.086178], [138.6103604, 37.0862736], [138.6101656, 37.0863898], [138.6099606, 37.086531], [138.609812, 37.0866444], [138.6097291, 37.0867113], [138.6096511, 37.0867785], [138.6094056, 37.0870046], [138.6093259, 37.0870761], [138.6092567, 37.0871239], [138.6091969, 37.0871541], [138.6091296, 37.0871834], [138.6090671, 37.0872065], [138.6090091, 37.0872205], [138.6089401, 37.0872303], [138.6088253, 37.0872383], [138.6087208, 37.0872335], [138.6086143, 37.0872201], [138.6081724, 37.0871472], [138.6080698, 37.0871287], [138.6080425, 37.0872281], [138.6079413, 37.0876388], [138.6078728, 37.0878933], [138.6078273, 37.0880146], [138.6077714, 37.0881536], [138.6076296, 37.0884474], [138.6075528, 37.0886166], [138.6075135, 37.088694], [138.6074839, 37.0887436], [138.6074315, 37.0888193], [138.6073278, 37.0889338], [138.6071889, 37.0890773], [138.6068657, 37.0894195], [138.6065566, 37.0897558], [138.6063409, 37.0899799], [138.606182, 37.0901366], [138.6061223, 37.0901916], [138.6060645, 37.0902324], [138.6060149, 37.0902582], [138.6059547, 37.0902891], [138.6058636, 37.0903223], [138.6057664, 37.0903521], [138.6051161, 37.0905108], [138.6050117, 37.0905403], [138.6049581, 37.0905631], [138.6049029, 37.0905978], [138.6048619, 37.0906428], [138.6048362, 37.0906833], [138.6048118, 37.0907465], [138.6048032, 37.0908034], [138.6047981, 37.0908627], [138.6048009, 37.09096], [138.6048044, 37.0911497], [138.6048192, 37.0913459], [138.6048368, 37.0915068], [138.6048772, 37.0917915], [138.604896, 37.0919379], [138.6049228, 37.0921099], [138.6049274, 37.0922488], [138.6049239, 37.0923559], [138.6048989, 37.092504], [138.6048021, 37.0930803], [138.6047907, 37.093217], [138.6047844, 37.0933389], [138.6047873, 37.0935017], [138.6047971, 37.0936578], [138.6048002, 37.0936975], [138.604818, 37.0937546], [138.6048419, 37.0938058], [138.6048764, 37.0938484], [138.6049268, 37.0938951], [138.6050413, 37.0939824], [138.6052087, 37.0941065], [138.6052816, 37.0941703], [138.6053374, 37.0942352], [138.6053955, 37.0943252], [138.6054411, 37.0944095], [138.605465, 37.0945018], [138.6055458, 37.0950205], [138.6055627, 37.0951543], [138.6055712, 37.0952959], [138.6055637, 37.0954282], [138.6055453, 37.0955315], [138.6055106, 37.0956584], [138.6054554, 37.095799], [138.6053638, 37.0959533], [138.60432, 37.0972651], [138.6042552, 37.097332], [138.6041625, 37.0973994], [138.604078, 37.0974528], [138.6039917, 37.0975002], [138.6039102, 37.0975349], [138.6038066, 37.0975702], [138.6034763, 37.0976716], [138.6028732, 37.0978601], [138.6023669, 37.0980321], [138.6019084, 37.0982001], [138.6014397, 37.0983966], [138.6008714, 37.0986546], [138.6007296, 37.0987223], [138.6006664, 37.0987542], [138.6005878, 37.0987952], [138.6005069, 37.0988408], [138.6004406, 37.098883], [138.6003605, 37.0989456], [138.6002802, 37.0990145], [138.6002136, 37.0990823], [138.6001475, 37.0991597], [138.60009, 37.0992332], [138.6000411, 37.0992992], [138.5999408, 37.0994929], [138.5997794, 37.0998287], [138.5997318, 37.0999103], [138.5996816, 37.0999898], [138.5996304, 37.1000498], [138.5995712, 37.1001045], [138.599516, 37.1001467], [138.5994505, 37.1001956], [138.5990427, 37.1004217], [138.5989527, 37.1004861], [138.5988826, 37.1005398], [138.5988121, 37.1005983], [138.5987354, 37.1006779], [138.5986782, 37.1007378], [138.598604, 37.1008306], [138.5985364, 37.1009297], [138.5983624, 37.1011898], [138.5982689, 37.101314], [138.5981304, 37.1014637], [138.5980104, 37.1015764], [138.5977943, 37.1017632], [138.5976998, 37.1018814], [138.5975953, 37.1020263], [138.5970153, 37.1030731], [138.5969338, 37.1032453], [138.5969168, 37.1033347], [138.5969088, 37.1034258], [138.5969225, 37.1035056], [138.596943, 37.1036047], [138.5969817, 37.1036855], [138.5970318, 37.1037789], [138.5973485, 37.1043211], [138.5973906, 37.104419], [138.5974191, 37.1045147], [138.5974282, 37.1045876], [138.5974231, 37.1046605], [138.5974094, 37.1047317], [138.5973713, 37.1048471], [138.5973405, 37.1049344], [138.5973018, 37.1050221], [138.5972539, 37.1051104], [138.5972027, 37.105197], [138.5971548, 37.1052625], [138.5970882, 37.1053365], [138.597025, 37.1053878], [138.5969555, 37.1054316], [138.5968581, 37.105476], [138.5967385, 37.1055159], [138.5966531, 37.1055336], [138.5965577, 37.105537], [138.5964236, 37.1055429], [138.5958766, 37.1055313], [138.5955207, 37.1055286], [138.5953503, 37.1055426], [138.5952056, 37.1055777], [138.5950836, 37.1056226], [138.5949734, 37.1056744], [138.5949025, 37.1057226], [138.5948324, 37.1057864], [138.5947606, 37.1058605], [138.5947105, 37.1059265], [138.5946729, 37.1060051], [138.5946433, 37.1060831], [138.5946302, 37.1061549], [138.5946217, 37.1062426], [138.5946211, 37.1063343], [138.5946297, 37.1064214], [138.594661, 37.1065575], [138.59471, 37.1067534], [138.5947259, 37.1068679], [138.5947282, 37.1069567], [138.5947065, 37.107049], [138.5946781, 37.1071344], [138.5946382, 37.1072159], [138.594583, 37.1072905], [138.5942105, 37.1077358], [138.5941558, 37.1078121], [138.5941108, 37.1078924], [138.5940818, 37.107979], [138.5940533, 37.1080752], [138.5940425, 37.1081601], [138.5940351, 37.1082541], [138.5940243, 37.1084346], [138.5940044, 37.1085303], [138.5939764, 37.1086197], [138.5939423, 37.1086988], [138.5938523, 37.1088828], [138.5936826, 37.1092046], [138.5933807, 37.1097843], [138.5933306, 37.1098703], [138.59326, 37.10997], [138.5931865, 37.1100474], [138.5931091, 37.110118], [138.5930282, 37.1101721], [138.5929223, 37.1102223], [138.5928209, 37.1102576], [138.5927344, 37.1102786], [138.5926108, 37.1102906], [138.5925054, 37.110298], [138.5923357, 37.1102946], [138.5921694, 37.1102838], [138.5916808, 37.1102524], [138.5911136, 37.1102217], [138.5909917, 37.1102223], [138.5909029, 37.110228], [138.590814, 37.1102479], [138.5907178, 37.1102729], [138.5906289, 37.1103071], [138.5904421, 37.1103829], [138.5902428, 37.1104768], [138.5901409, 37.1105349], [138.5897172, 37.1108339], [138.5895531, 37.1110025], [138.5894233, 37.1112029], [138.5893299, 37.1114034], [138.5892643, 37.1116114], [138.5891767, 37.112136], [138.5890927, 37.1126819], [138.5890019, 37.1132763], [138.5889791, 37.1134433], [138.58897, 37.1136267], [138.5889769, 37.1138363], [138.5890064, 37.1140846], [138.5890667, 37.1143175], [138.5891713, 37.1145605], [138.5896274, 37.115246], [138.5897377, 37.1154514], [138.5898411, 37.1156549], [138.5899067, 37.1158895], [138.5899209, 37.1160508], [138.5899381, 37.1166793], [138.5899609, 37.1167886], [138.590011, 37.1169025], [138.5900702, 37.1169845], [138.5901773, 37.1170961], [138.5903755, 37.1172328], [138.5904945, 37.1173654], [138.5905376, 37.1174536], [138.5905498, 37.1175334], [138.5905534, 37.1176385], [138.5905213, 37.1179037], [138.5905167, 37.1180267], [138.5905441, 37.1181451], [138.5905839, 37.1182317], [138.5906432, 37.1183376], [138.5907297, 37.1184732], [138.5907684, 37.118554], [138.5907969, 37.1186298], [138.5908288, 37.1187443], [138.5908499, 37.1188525], [138.590867, 37.1189641], [138.5908732, 37.1190541], [138.5908675, 37.1191452], [138.5908527, 37.1192414], [138.5908402, 37.1193354], [138.5908151, 37.1194157], [138.590785, 37.119492], [138.5907468, 37.1195547], [138.5906916, 37.1196167], [138.5906244, 37.119676], [138.5905224, 37.1197369], [138.5903037, 37.1198593], [138.5902263, 37.1199066], [138.59015, 37.119963], [138.5900799, 37.1200313], [138.5900119, 37.1201182], [138.589974, 37.1201953], [138.5899518, 37.1202671], [138.5899427, 37.1203451], [138.5899404, 37.1204357], [138.5899438, 37.1205331], [138.5899786, 37.1210769], [138.5899837, 37.1212085], [138.5899697, 37.1214074], [138.589937, 37.1215172], [138.5899092, 37.1215913], [138.5898481, 37.1217005], [138.5896701, 37.1219928], [138.5895611, 37.1221701], [138.589552, 37.1223036], [138.5895469, 37.1223883], [138.5893982, 37.122372], [138.5891517, 37.1223425], [138.5890377, 37.122335], [138.5889398, 37.1223344], [138.5888367, 37.1223407], [138.588731, 37.1223526], [138.5885827, 37.1223902], [138.5884284, 37.122446], [138.5883133, 37.1224984], [138.5882046, 37.1225713], [138.5881066, 37.1226539], [138.5879978, 37.1227655], [138.5875426, 37.123243], [138.5872979, 37.1234996], [138.5871578, 37.1236465], [138.5865029, 37.1243447], [138.5864038, 37.124445], [138.5863309, 37.1245167], [138.5862523, 37.1245782], [138.5861629, 37.1246295], [138.5860649, 37.1246745], [138.5859698, 37.1247012], [138.5858128, 37.1247273], [138.5844362, 37.1248584], [138.5842329, 37.1248818], [138.5841007, 37.1249125], [138.5839931, 37.1249558], [138.5838912, 37.1250105], [138.5838092, 37.1250703], [138.5837458, 37.1251272], [138.5836656, 37.1252297], [138.5832818, 37.1257628], [138.5831508, 37.125912], [138.5830381, 37.1260122], [138.5829185, 37.1260965], [138.5828091, 37.1261603], [138.5825848, 37.1262431], [138.582526, 37.1262649], [138.5822852, 37.1263492], [138.5817358, 37.1265955], [138.5816451, 37.126658], [138.5815701, 37.1267184], [138.581505, 37.1268027], [138.5814766, 37.1268933], [138.5814662, 37.1269758], [138.5814708, 37.1270612], [138.5814907, 37.1271518], [138.5817106, 37.1277544], [138.5817328, 37.1278711], [138.581735, 37.1279451], [138.5817152, 37.1280362], [138.5816695, 37.1281281], [138.5815899, 37.1282173], [138.5814874, 37.1282919], [138.5813599, 37.1283565], [138.5803883, 37.1287717], [138.5802738, 37.1288307], [138.580194, 37.1289041], [138.5801316, 37.1289727], [138.5800823, 37.1290568], [138.5800586, 37.1291492], [138.5800539, 37.1292356], [138.5800672, 37.1293238], [138.5801093, 37.1294268], [138.5801965, 37.1295339], [138.5809243, 37.1303485], [138.5809924, 37.1304669], [138.5810368, 37.1305842], [138.5810562, 37.1307333], [138.5810466, 37.1309126], [138.5809889, 37.1314531], [138.5809765, 37.1315421], [138.5809525, 37.1316343], [138.5809143, 37.1317195], [138.580842, 37.1318213], [138.5807188, 37.1319327], [138.5806131, 37.1319794], [138.580481, 37.1320239], [138.5798156, 37.1321966], [138.5796678, 37.1322357], [138.5795425, 37.1322893], [138.5794468, 37.132369], [138.5793614, 37.1324555], [138.5793135, 37.1325273], [138.5792611, 37.1326196], [138.5792315, 37.1327437], [138.5791347, 37.133205], [138.5790903, 37.1333633], [138.579031, 37.1335114], [138.5789525, 37.1336686], [138.5788716, 37.1337768], [138.578785, 37.1338895], [138.5786073, 37.1341003], [138.5783078, 37.1344123], [138.578162, 37.1345627], [138.5780208, 37.134713], [138.5779182, 37.1347939], [138.5777854, 37.1348914], [138.5776141, 37.1349887], [138.577487, 37.1350513], [138.5768295, 37.1353403], [138.5759979, 37.1357729], [138.575876, 37.1358338], [138.5757667, 37.1358765], [138.5756323, 37.135917], [138.5754565, 37.1359549], [138.5752271, 37.1359871], [138.5747364, 37.1360028], [138.5747051, 37.1361915], [138.5746421, 37.1364539], [138.5745536, 37.1367974], [138.5744656, 37.1370458], [138.5742479, 37.1375965], [138.5738384, 37.1385304], [138.5737531, 37.1387296], [138.5735821, 37.1391107], [138.5735012, 37.1392554], [138.5734192, 37.1393647], [138.5733053, 37.1394877], [138.5732005, 37.1395766], [138.5730843, 37.1396563], [138.5729374, 37.1397486], [138.5727065, 37.1398732], [138.5723656, 37.1400572], [138.5721884, 37.1401775], [138.5719579, 37.1403932], [138.5718793, 37.1404741], [138.5718109, 37.1405755], [138.5717631, 37.1406814], [138.5716708, 37.1409775], [138.571615, 37.1411085], [138.571566, 37.1411883], [138.5711599, 37.1417815], [138.571107, 37.1418318], [138.5710353, 37.1418808], [138.5709385, 37.1419286], [138.5707733, 37.141997], [138.5706993, 37.142038], [138.5706514, 37.1420755], [138.5706184, 37.14212], [138.5706059, 37.1421701], [138.5705933, 37.1422407], [138.5705968, 37.1423637], [138.5706309, 37.1426211], [138.5706332, 37.1427054], [138.5706218, 37.1427954], [138.570607, 37.1428774], [138.5705762, 37.1429617], [138.570517, 37.1430403], [138.5703986, 37.1431371], [138.5702687, 37.1432282], [138.5699122, 37.1434754], [138.5698006, 37.1435505], [138.569689, 37.1436086], [138.5694931, 37.143702], [138.5690207, 37.1438811], [138.5689395, 37.1438957], [138.5688511, 37.1439093], [138.5687641, 37.1439173], [138.5685443, 37.1439241], [138.5684338, 37.1439435], [138.5683803, 37.1439674], [138.5683381, 37.1440141], [138.5683347, 37.1440563], [138.5683472, 37.1441132], [138.5684008, 37.1441713], [138.5685819, 37.144308], [138.5686616, 37.1444128], [138.5687015, 37.1445358], [138.5687299, 37.1446372], [138.5687675, 37.1446839], [138.5688154, 37.1447157], [138.5688837, 37.1447385], [138.5691081, 37.1447807], [138.5691946, 37.1448148], [138.5692687, 37.1448661], [138.5692903, 37.1449151], [138.5692788, 37.1450029], [138.5692402, 37.1450848], [138.5690864, 37.1453627], [138.5690147, 37.1454982], [138.5689452, 37.1456156], [138.5689361, 37.1456645], [138.5689338, 37.1457135], [138.5689555, 37.1457739], [138.5690062, 37.1458281], [138.5691149, 37.1459208], [138.5691514, 37.1459709], [138.5691696, 37.146021], [138.5691833, 37.1463092], [138.5691912, 37.1463992], [138.5692243, 37.1465928], [138.5692413, 37.1466657], [138.5692618, 37.1467067], [138.5693063, 37.1467466], [138.5695113, 37.1469277], [138.5695808, 37.1470086], [138.5696288, 37.1470803], [138.5696719, 37.1471236], [138.5697231, 37.14716], [138.5697903, 37.1471817], [138.5700136, 37.1472079], [138.5700538, 37.1472214], [138.5701127, 37.1472637], [138.5701605, 37.1473161], [138.5701867, 37.1473708], [138.570238, 37.1475211], [138.5702471, 37.1475951], [138.5702414, 37.1476578], [138.5702209, 37.147709], [138.5701753, 37.1477569], [138.5700933, 37.1478104], [138.56982, 37.1479368], [138.5697528, 37.1479813], [138.5696924, 37.1480325], [138.5696246, 37.1481288], [138.5695922, 37.1481954], [138.5695101, 37.148348], [138.5694737, 37.1483867], [138.5694224, 37.1484209], [138.5693108, 37.1484805], [138.5691692, 37.1485218], [138.5689773, 37.148607], [138.5687505, 37.1487313], [138.5685221, 37.1488134], [138.5683291, 37.1488709], [138.5683034, 37.1488942], [138.5682937, 37.1489249], [138.5682937, 37.1489568], [138.5683051, 37.1489933], [138.568341, 37.1490542], [138.5685448, 37.1492962], [138.5685631, 37.1493412], [138.5685619, 37.1493931], [138.5685477, 37.1494312], [138.5685255, 37.1494625], [138.5684839, 37.1494944], [138.5684372, 37.1495138], [138.5682869, 37.1495605], [138.5682362, 37.1495827], [138.5682049, 37.1496095], [138.5681889, 37.1496396], [138.5681883, 37.1496789], [138.5682265, 37.1497661], [138.5682726, 37.1498692], [138.5682823, 37.1499329], [138.5682726, 37.1500041], [138.5682333, 37.150073], [138.5681826, 37.1501249], [138.568112, 37.1501693], [138.5680357, 37.1502063], [138.5678507, 37.1502871], [138.5676359, 37.1503834], [138.5674816, 37.1504688], [138.5673045, 37.1505805], [138.5671262, 37.1506909], [138.567026, 37.1507741], [138.5669519, 37.1508527], [138.5669212, 37.1509187], [138.5669007, 37.1509905], [138.5669041, 37.1510759], [138.5669292, 37.1511773], [138.5669554, 37.1512992], [138.5669542, 37.15138], [138.5669314, 37.1514917], [138.5668813, 37.1516044], [138.5667424, 37.1517958], [138.5666216, 37.1519905], [138.5665813, 37.1520958], [138.5665396, 37.1522047], [138.5664827, 37.1524063], [138.5664622, 37.1525293], [138.5664668, 37.152569], [138.5664874, 37.1526119], [138.5665397, 37.1526529], [138.5666068, 37.1526833], [138.5666823, 37.1526911], [138.5667538, 37.1526808], [138.5668232, 37.1526341], [138.5668699, 37.1525828], [138.5669793, 37.1523209], [138.5670294, 37.1522263], [138.5670989, 37.1521443], [138.5671536, 37.1520874], [138.567362, 37.151945], [138.5677752, 37.1517497], [138.5679375, 37.1516909], [138.5681092, 37.1516631], [138.5683438, 37.1516597], [138.568835, 37.1517014], [138.5689822, 37.1517347], [138.5691068, 37.1517963], [138.5692009, 37.1518832], [138.5692871, 37.151973], [138.569319, 37.1520179], [138.5693305, 37.152059], [138.5693392, 37.1520946], [138.5693191, 37.1521471], [138.56929, 37.1521869], [138.5692083, 37.1522377], [138.5684828, 37.1524769], [138.5678711, 37.1526751], [138.5677948, 37.1527195], [138.5677492, 37.1527765], [138.567731, 37.1528459], [138.5677356, 37.1529109], [138.5677527, 37.1529986], [138.5678062, 37.1531751], [138.5678165, 37.1532583], [138.5678005, 37.1533482], [138.5677766, 37.1534234], [138.5676855, 37.1536774], [138.567665, 37.1537719], [138.567665, 37.1538733], [138.5676764, 37.1539701], [138.5676889, 37.1540456], [138.5677196, 37.1541649], [138.5677249, 37.1542231], [138.5676991, 37.1543449], [138.5675805, 37.1549528], [138.5675704, 37.1550214], [138.5675738, 37.1550989], [138.5675875, 37.155182], [138.5676433, 37.1554132], [138.5676433, 37.1555078], [138.5676319, 37.1555579], [138.5675989, 37.155608], [138.5675009, 37.1556991], [138.5674394, 37.1557401], [138.5673711, 37.1557709], [138.567319, 37.1557905], [138.5665772, 37.1560294], [138.5652571, 37.1564623], [138.5651444, 37.1565192], [138.5650885, 37.1565682], [138.5650532, 37.1566126], [138.5650396, 37.1566901], [138.565035, 37.1567948], [138.5650521, 37.1568837], [138.5651523, 37.1571912], [138.5652127, 37.1573028], [138.5652947, 37.1574293], [138.5653995, 37.1575454], [138.5657275, 37.1578883], [138.5658255, 37.1580113], [138.5658801, 37.1581081], [138.5659029, 37.1581992], [138.5659177, 37.1583074], [138.5659109, 37.1583872], [138.5658904, 37.1584749], [138.5656968, 37.1592551], [138.5655806, 37.1597221], [138.5655715, 37.1598041], [138.5655908, 37.1598793], [138.5656239, 37.159951], [138.5656717, 37.1600148], [138.5657355, 37.1600649], [138.5658095, 37.1601025], [138.5665055, 37.1603827], [138.5665692, 37.1604283], [138.5666091, 37.1604795], [138.566633, 37.1605444], [138.5666456, 37.1606082], [138.5666262, 37.1606982], [138.5665225, 37.1609511], [138.5665134, 37.1610103], [138.5665294, 37.1610672], [138.5665567, 37.1611276], [138.5666364, 37.1612563], [138.566731, 37.1613964], [138.5668198, 37.1615638], [138.5668563, 37.1616071], [138.5669064, 37.1616436], [138.5670157, 37.1617051], [138.5671463, 37.1617541], [138.5674918, 37.1618463], [138.5682755, 37.162073], [138.5683837, 37.1621242], [138.5684987, 37.1622267], [138.5686024, 37.162286], [138.568698, 37.1623236], [138.5688142, 37.1623372], [138.5689441, 37.1623384], [138.5691445, 37.1623349], [138.569271, 37.1623646], [138.5693689, 37.162409], [138.5695215, 37.1625274], [138.5695865, 37.1626015], [138.5696366, 37.1626732], [138.5696833, 37.1627689], [138.5698323, 37.1632735], [138.5698575, 37.1633589], [138.5699077, 37.1634876], [138.56996, 37.1635935], [138.57005, 37.1637166], [138.5701594, 37.1638464], [138.5702744, 37.1639569], [138.5705808, 37.164245], [138.5706247, 37.1643222], [138.5706465, 37.1644083], [138.5706445, 37.1644856], [138.5706107, 37.1645633], [138.5705523, 37.164706], [138.5704908, 37.1647595], [138.5704316, 37.1647891], [138.5703348, 37.1648085], [138.5696833, 37.1648305], [138.5695876, 37.1648647], [138.5694976, 37.1649467], [138.5694555, 37.1650355], [138.5694407, 37.1651392], [138.5694509, 37.1652918], [138.5694361, 37.1653761], [138.5693966, 37.1654402], [138.5693325, 37.1654945], [138.5692413, 37.165539], [138.5691491, 37.1655538], [138.5689851, 37.1655708], [138.568911, 37.1655891], [138.5688586, 37.1656221], [138.5688017, 37.1656734], [138.5687333, 37.1657599], [138.5686422, 37.165949], [138.568632, 37.1660208], [138.5686411, 37.1661016], [138.5686741, 37.166187], [138.5687231, 37.1662565], [138.5688108, 37.1663704], [138.5688336, 37.1664365], [138.568837, 37.166498], [138.5688108, 37.1665697], [138.5687618, 37.1666335], [138.5686308, 37.1667531], [138.5686069, 37.166793], [138.5685967, 37.1668454], [138.568591, 37.1668932], [138.5685876, 37.1669775], [138.5686012, 37.167129], [138.5686163, 37.167175], [138.5686447, 37.1672109], [138.5687144, 37.1672609], [138.5687743, 37.1672828], [138.5688347, 37.1672907], [138.5688806, 37.1672847], [138.5690955, 37.1672076], [138.5692516, 37.1671586], [138.5693393, 37.1671267], [138.5694087, 37.1670913], [138.5695318, 37.1670162], [138.5697288, 37.1668374], [138.5698951, 37.1666859], [138.5699475, 37.1666575], [138.5699999, 37.1666518], [138.5700457, 37.1666585], [138.5701024, 37.16667], [138.5701708, 37.1666848], [138.5705942, 37.1669191], [138.5706787, 37.1669567], [138.5707494, 37.1669741], [138.571672, 37.1671199], [138.571779, 37.1671358], [138.5719032, 37.1671347], [138.5720159, 37.1671165], [138.5722335, 37.1670607], [138.5722791, 37.1670345], [138.5723428, 37.1669935], [138.5725023, 37.1668556], [138.5726025, 37.1667042], [138.5726515, 37.1666176], [138.5726788, 37.166523], [138.5727178, 37.1663688], [138.5727417, 37.1663285], [138.5727867, 37.1662877], [138.5728398, 37.1662662], [138.5729069, 37.166272], [138.5729621, 37.1663024], [138.5730045, 37.1663441], [138.5730308, 37.1663955], [138.5730354, 37.166457], [138.5730319, 37.1666187], [138.5730513, 37.1666791], [138.5730969, 37.1667338], [138.5731569, 37.1667776], [138.5733761, 37.166882], [138.5734234, 37.1669125], [138.573459, 37.1669506], [138.5734748, 37.166984], [138.5734659, 37.1670299], [138.5734363, 37.1670698], [138.5734044, 37.1670994], [138.5733406, 37.1671313], [138.5732654, 37.1671541], [138.5729066, 37.1672087], [138.572754, 37.1672304], [138.5726891, 37.1672577], [138.5726445, 37.1672853], [138.5726173, 37.1673249], [138.5725991, 37.1673602], [138.5725786, 37.1674172], [138.5725854, 37.1674809], [138.5726151, 37.1675333], [138.572705, 37.1676131], [138.5730707, 37.1679024], [138.5731504, 37.1679434], [138.5732438, 37.1679764], [138.5733315, 37.1679821], [138.5734283, 37.1679662], [138.5735217, 37.1679343], [138.5739001, 37.167781], [138.574245, 37.1676495], [138.5750081, 37.1673887], [138.575085, 37.1673494], [138.5751425, 37.1673129], [138.5751875, 37.1672702], [138.5752342, 37.1672127], [138.5752684, 37.1671506], [138.5752983, 37.1670593], [138.575323, 37.1669724], [138.5753487, 37.1667554], [138.5753612, 37.1666905], [138.5753857, 37.1666216], [138.5754221, 37.1665641], [138.5754768, 37.1664997], [138.5755486, 37.1664416], [138.5756186, 37.1663978], [138.5757302, 37.1663476], [138.5758219, 37.1663197], [138.5759808, 37.1663112], [138.5760941, 37.1663186], [138.5762086, 37.1663482], [138.576359, 37.1664017], [138.5770868, 37.1666848], [138.577326, 37.1667975], [138.5773641, 37.166826], [138.5773875, 37.1668511], [138.5774103, 37.1668858], [138.5774194, 37.1669183], [138.5774182, 37.1669519], [138.5774114, 37.1669929], [138.577392, 37.1670219], [138.5773636, 37.1670561], [138.5773311, 37.1670783], [138.5772838, 37.1670982], [138.577236, 37.1671159], [138.5771574, 37.1671336], [138.5763618, 37.1673049], [138.5762291, 37.1673558], [138.5761596, 37.1674143], [138.5761252, 37.1674629], [138.5761124, 37.1675285], [138.5761236, 37.1675877], [138.5761484, 37.1676467], [138.5762099, 37.1677076], [138.5763027, 37.167762], [138.5764082, 37.1677908], [138.5765114, 37.1678133], [138.5768467, 37.1678628], [138.5769392, 37.1678835], [138.5770245, 37.1679244], [138.5770687, 37.1679875], [138.5770815, 37.1680498], [138.5770648, 37.1681042], [138.577008, 37.168173], [138.5769312, 37.168205], [138.5767894, 37.1682456], [138.5766929, 37.1682833], [138.5766113, 37.1683457], [138.5765602, 37.1684177], [138.5765159, 37.1685167], [138.5764241, 37.1687248], [138.5763827, 37.1688303], [138.5763635, 37.1689406], [138.5763675, 37.1689935], [138.5763827, 37.1690446], [138.5764187, 37.1691469], [138.5764273, 37.169198], [138.5764321, 37.1692302], [138.576429, 37.1692646], [138.5764138, 37.1692993], [138.5763857, 37.1693324], [138.5763382, 37.1693683], [138.5760541, 37.1695579], [138.5759152, 37.1696652], [138.5758458, 37.169714], [138.5758088, 37.1697338], [138.5757672, 37.1697521], [138.5753495, 37.1698698], [138.5750901, 37.1699366], [138.5749274, 37.1699673], [138.5747945, 37.1699907], [138.5746179, 37.170006], [138.5744557, 37.1700175], [138.574245, 37.1700454], [138.5739648, 37.1700967], [138.5738532, 37.1701223], [138.5737643, 37.1701536], [138.5736755, 37.1701895], [138.5735997, 37.1702333], [138.5735399, 37.1702766], [138.5734482, 37.1703541], [138.5733822, 37.1703962], [138.5733053, 37.1704293], [138.5732509, 37.1704391], [138.5731829, 37.1704435], [138.5731314, 37.1704375], [138.5729961, 37.1703991], [138.5728987, 37.1703917], [138.572811, 37.1703894], [138.5727238, 37.1703996], [138.5722682, 37.1705392], [138.5721401, 37.1705802], [138.5720342, 37.1706303], [138.5719459, 37.1706901], [138.5718793, 37.1707493], [138.5718377, 37.1708085], [138.5717893, 37.1708866], [138.5716634, 37.1711155], [138.5716036, 37.1711998], [138.5715393, 37.1712715], [138.5714624, 37.1713342], [138.5713753, 37.1713786], [138.5712819, 37.1714122], [138.5711856, 37.1714236], [138.5710219, 37.1714259], [138.5708508, 37.1714339], [138.5707642, 37.1714361], [138.5706941, 37.1714307], [138.5706173, 37.1714247], [138.5705413, 37.1714116], [138.5703103, 37.1713484], [138.5701013, 37.1712898], [138.5700409, 37.1712789], [138.5699976, 37.1712824], [138.56996, 37.1712915], [138.5698439, 37.1713319], [138.5697807, 37.1713416], [138.5697231, 37.1713439], [138.5696389, 37.1713399], [138.5695745, 37.1713342], [138.5695141, 37.1713239], [138.5693775, 37.1713006], [138.5693199, 37.1713006], [138.5692707, 37.1713043], [138.5692277, 37.1713125], [138.5691815, 37.1713393], [138.5691479, 37.1713746], [138.5691303, 37.1714196], [138.5690904, 37.1715221], [138.5690619, 37.1715927], [138.569034, 37.1716275], [138.5689879, 37.1716656], [138.568919, 37.1716981], [138.5688581, 37.1717044], [138.5688099, 37.1716984], [138.5687538, 37.1716884], [138.5686969, 37.1716679], [138.5686422, 37.1716418], [138.5685733, 37.1716053], [138.5685067, 37.1715808], [138.5684277, 37.1715657], [138.5683387, 37.1715677], [138.5682726, 37.1715785], [138.5682151, 37.171595], [138.5681695, 37.1716206], [138.568132, 37.1716645], [138.568112, 37.1717032], [138.5681097, 37.1717431], [138.5681177, 37.1717892], [138.5681451, 37.1718382], [138.5685426, 37.1725079], [138.5685631, 37.172541], [138.5685986, 37.1725754], [138.5686388, 37.1726019], [138.5686866, 37.1726252], [138.5687408, 37.1726298], [138.5688005, 37.1726237], [138.5688707, 37.1726109], [138.5691331, 37.1725398], [138.5691924, 37.1725294], [138.5692505, 37.172525], [138.5693051, 37.1725273], [138.5693609, 37.1725284], [138.5694082, 37.1725415], [138.5694526, 37.1725649], [138.5695967, 37.1726594], [138.5696559, 37.1726828], [138.5697066, 37.1726936], [138.5697744, 37.1726981], [138.569841, 37.1726981], [138.5702795, 37.1726395], [138.5703439, 37.1726378], [138.5704082, 37.1726395], [138.5704504, 37.172648], [138.5704846, 37.1726637], [138.5705899, 37.1727522], [138.5706355, 37.1727796], [138.5706793, 37.1728001], [138.5707312, 37.1728029], [138.5707733, 37.1727967], [138.5708137, 37.1727801], [138.5709339, 37.1727192], [138.5709806, 37.1726936], [138.5710571, 37.1726573], [138.5711002, 37.1726531], [138.5711352, 37.172654], [138.5711771, 37.172664], [138.571209, 37.1726781], [138.571234, 37.1726976], [138.5713177, 37.1727887], [138.5713502, 37.1728155], [138.5714015, 37.1728337], [138.5714516, 37.1728462], [138.5716093, 37.1728462], [138.571783, 37.1728382], [138.5719112, 37.1728291], [138.5719886, 37.1728308], [138.5720558, 37.1728428], [138.5721048, 37.1728593], [138.5721543, 37.1728832], [138.5723001, 37.1729772], [138.5724488, 37.1730621], [138.5726208, 37.1731367], [138.5727347, 37.1731873], [138.5728013, 37.1732266], [138.5728639, 37.1732779], [138.5729197, 37.1733286], [138.5729784, 37.1733975], [138.5730355, 37.1734766], [138.5731175, 37.173614], [138.5731716, 37.1737144], [138.5732021, 37.1738003], [138.5732146, 37.1738716], [138.5732032, 37.1739434], [138.5731743, 37.1739926], [138.5731359, 37.1740309], [138.573065, 37.1740695], [138.573016, 37.1740917], [138.5729532, 37.1741131], [138.5726926, 37.1741769], [138.5725911, 37.1742079], [138.5725103, 37.17425], [138.5724305, 37.1743047], [138.5723314, 37.1743787], [138.5722324, 37.1744664], [138.5721549, 37.1745439], [138.5720945, 37.174627], [138.5719943, 37.1748241], [138.5719453, 37.1749152], [138.5718975, 37.1749904], [138.5718428, 37.1750473], [138.5718007, 37.1751031], [138.5717722, 37.1751783], [138.5717722, 37.1752512], [138.5717904, 37.1753355], [138.571844, 37.1754255], [138.571877, 37.1754972], [138.5718986, 37.1755735], [138.5718998, 37.1756316], [138.5718964, 37.1757114], [138.5718553, 37.1761066], [138.5718291, 37.1761897], [138.571779, 37.1762592], [138.5717152, 37.1763036], [138.5716469, 37.1763173], [138.5715626, 37.1763173], [138.5714966, 37.1763093], [138.5714191, 37.1762843], [138.5713428, 37.1762387], [138.571295, 37.1761966], [138.5712642, 37.1761465], [138.5711914, 37.1760094], [138.5711563, 37.1759166], [138.5710912, 37.1757714], [138.5710491, 37.1757039], [138.5710176, 37.17568], [138.5709866, 37.1756635], [138.5709538, 37.1756567], [138.5709228, 37.1756559], [138.5708918, 37.1756678], [138.5708612, 37.1756843], [138.5708442, 37.1757145], [138.5708351, 37.1757457], [138.5708305, 37.1757774], [138.5708339, 37.1758119], [138.5708482, 37.1758466], [138.5709419, 37.1759674], [138.5710267, 37.1760588], [138.5710438, 37.1760864], [138.5710561, 37.1761228], [138.5710623, 37.1761638], [138.5710666, 37.1762236], [138.5710694, 37.1764346], [138.571078, 37.1764922], [138.5710996, 37.1765571], [138.5711213, 37.1766203], [138.571213, 37.1767951], [138.5712483, 37.1768464], [138.5712858, 37.1768914], [138.5713308, 37.1769198], [138.5713787, 37.1769403], [138.5714328, 37.1769455], [138.571496, 37.1769307], [138.5716162, 37.1768954], [138.5717266, 37.1768692], [138.5718212, 37.1768424], [138.5718924, 37.1768105], [138.5719425, 37.1767684], [138.5719932, 37.1767228], [138.5721202, 37.1765588], [138.57216, 37.1765183], [138.5721959, 37.1764944], [138.572262, 37.1764557], [138.5723787, 37.176413], [138.572475, 37.1763845], [138.5725672, 37.1763686], [138.5726378, 37.1763708], [138.5726885, 37.1763845], [138.5727358, 37.1764044], [138.5727853, 37.1764335], [138.5728525, 37.1764996], [138.5728759, 37.1765406], [138.5728964, 37.1766083], [138.572893, 37.1766602], [138.5728748, 37.1767148], [138.57284, 37.1767661], [138.5727967, 37.1768094], [138.5724294, 37.17713], [138.5723047, 37.1772274], [138.5722654, 37.1772735], [138.5722312, 37.1773213], [138.5721976, 37.1773789], [138.5720792, 37.1776442], [138.5720285, 37.1777006], [138.5719607, 37.1777416], [138.5718935, 37.1777587], [138.5718047, 37.1777621], [138.5716851, 37.1777479], [138.5716064, 37.1777518], [138.5715625, 37.1777798], [138.5715289, 37.1778149], [138.5715129, 37.1778725], [138.5715194, 37.1779239], [138.5715831, 37.1779985], [138.5716754, 37.1780338], [138.5717819, 37.1780623], [138.5718405, 37.178085], [138.5718887, 37.178114], [138.5719248, 37.1781693], [138.571926, 37.1782878], [138.5718867, 37.1783681], [138.5718086, 37.1785287], [138.5717665, 37.178572], [138.5717101, 37.1786096], [138.5716378, 37.178634], [138.571488, 37.1786466], [138.571283, 37.1786443], [138.5711993, 37.1786574], [138.5710677, 37.1787257], [138.5710022, 37.1788174], [138.5709823, 37.1788795], [138.5709362, 37.1790498], [138.5709153, 37.1791536], [138.5709009, 37.1792635], [138.5709112, 37.17939], [138.570925, 37.1794526], [138.5709512, 37.1795201], [138.5710005, 37.1796011], [138.5711692, 37.1798114], [138.5713758, 37.1800689], [138.5717378, 37.1805201], [138.5719948, 37.1808402], [138.572027, 37.1808862], [138.5720507, 37.1809463], [138.5720529, 37.1809994], [138.5720282, 37.1810691], [138.5719887, 37.1811392], [138.5719914, 37.1812197], [138.5720239, 37.1812976], [138.5721492, 37.1815539], [138.5721657, 37.1816097], [138.5721743, 37.1816752], [138.5721708, 37.181739], [138.5721543, 37.1818079], [138.5721076, 37.1819804], [138.5720581, 37.1821461], [138.5720268, 37.1822094], [138.5719829, 37.18226], [138.5719203, 37.1823079], [138.571824, 37.1823591], [138.5717069, 37.1823945], [138.5715542, 37.1824594], [138.5714372, 37.1825196], [138.5713022, 37.1826441], [138.5712435, 37.1827233], [138.5707741, 37.1834086], [138.5707277, 37.1834954], [138.5707051, 37.1835838], [138.5706944, 37.1836908], [138.5707186, 37.1837886], [138.5707997, 37.1839275], [138.5711196, 37.1842926], [138.5714288, 37.1846742], [138.5715869, 37.184768], [138.5717595, 37.1848171], [138.5719659, 37.1848613], [138.57216, 37.1848834], [138.5723916, 37.1848838], [138.5725, 37.1848792], [138.5725513, 37.1848843], [138.5725991, 37.184898], [138.5726356, 37.1849253], [138.5726521, 37.1849675], [138.5726572, 37.1850113], [138.5726538, 37.1850739], [138.5726327, 37.185259], [138.5725786, 37.1855108], [138.5725456, 37.1856383], [138.5725165, 37.1857141], [138.5724898, 37.1857693], [138.5724471, 37.1858285], [138.5723975, 37.1858861], [138.5721478, 37.1861679], [138.5720797, 37.1862557], [138.5720382, 37.1863257], [138.5719949, 37.1864204], [138.5719254, 37.1865854], [138.571885, 37.1866691], [138.5718252, 37.1867779], [138.5717682, 37.1868593], [138.5716942, 37.1869374], [138.571623, 37.1870006], [138.5715416, 37.1870592], [138.57127, 37.1872101], [138.5709806, 37.1873804], [138.570862, 37.1874441], [138.57079, 37.1874681], [138.5707101, 37.1874955], [138.5706474, 37.1874903], [138.5705973, 37.1874698], [138.5705501, 37.1874374], [138.5705011, 37.1873827], [138.5704601, 37.1873235], [138.5704134, 37.1872603], [138.5703758, 37.1872244], [138.5703257, 37.1871873], [138.5702647, 37.1871714], [138.5702078, 37.1871714], [138.5701497, 37.1871857], [138.5700814, 37.1872318], [138.5700318, 37.1872671], [138.5699709, 37.1872882], [138.5699122, 37.1872978], [138.5698069, 37.1873138], [138.5697459, 37.1873366], [138.5696964, 37.1873662], [138.5696554, 37.1874004], [138.5695984, 37.1874681], [138.5695694, 37.1875262], [138.5695699, 37.1876438], [138.5695931, 37.1877436], [138.5696701, 37.187831], [138.5697495, 37.1878794], [138.5698499, 37.1879073], [138.5699667, 37.1879166], [138.5700811, 37.1879166], [138.570457, 37.1878887], [138.5706158, 37.187885], [138.5707559, 37.1878906], [138.5708797, 37.187911], [138.5709871, 37.1879482], [138.5710875, 37.1879985], [138.5711762, 37.1880729], [138.5712393, 37.1881584], [138.571279, 37.1882254], [138.5712766, 37.1883761], [138.5712579, 37.1884691], [138.571203, 37.1885594], [138.5711222, 37.1886637], [138.5710421, 37.1887381], [138.5709498, 37.1888078], [138.57073, 37.1889317], [138.5705728, 37.1890092], [138.5703232, 37.189106], [138.570201, 37.189138], [138.5700743, 37.1891721], [138.5698587, 37.1892085], [138.5696707, 37.1892267], [138.5694486, 37.1892302], [138.5692527, 37.1892211], [138.5691081, 37.1892051], [138.5689361, 37.1891755], [138.5687481, 37.1891334], [138.5681809, 37.1889887], [138.5679679, 37.1889466], [138.5677766, 37.1889238], [138.5673836, 37.1889101], [138.5672902, 37.1889226], [138.5671046, 37.18895], [138.5669292, 37.1889841], [138.5667982, 37.1890149], [138.5665654, 37.1890939], [138.5663927, 37.1891675], [138.5662424, 37.1892438], [138.5661159, 37.189319], [138.5659792, 37.1894147], [138.5658961, 37.189483], [138.565789, 37.189573], [138.5656262, 37.1897313], [138.5655863, 37.1897678], [138.5654764, 37.1898711], [138.5653481, 37.1899956], [138.5649164, 37.1904113], [138.5646639, 37.1906536], [138.564289, 37.1910138], [138.5640714, 37.1912405], [138.5639085, 37.1914216], [138.5637696, 37.1916027], [138.5636945, 37.1917097], [138.563609, 37.1918316], [138.563529, 37.191976], [138.5634267, 37.1921802], [138.5633709, 37.1923055], [138.5633071, 37.1924786], [138.5632422, 37.1926927], [138.5632092, 37.1928317], [138.5631773, 37.1929854], [138.5631488, 37.1931984], [138.5630942, 37.193637], [138.5630338, 37.1941643], [138.5629973, 37.1943568], [138.5629654, 37.1945265], [138.5629017, 37.1947452], [138.5628515, 37.194883], [138.5627707, 37.1950926], [138.5626522, 37.1953398], [138.5625679, 37.1955083], [138.5624666, 37.1956667], [138.5623789, 37.1958102], [138.5622752, 37.1959605], [138.5621112, 37.1962008], [138.5619791, 37.1963968], [138.5618868, 37.1965482], [138.5618173, 37.196669], [138.5617479, 37.1967977], [138.5616829, 37.1969287], [138.5615895, 37.1971394], [138.5615258, 37.1973102], [138.5614825, 37.1974515], [138.5614437, 37.1975745], [138.5614119, 37.1977055], [138.5613834, 37.1978376], [138.5613595, 37.1979925], [138.5613036, 37.1983684], [138.5611624, 37.1994686], [138.5611408, 37.1996338], [138.5611305, 37.1997591], [138.5611374, 37.1998775], [138.5611579, 37.1999766], [138.561208, 37.2001122], [138.5612626, 37.2002227], [138.5613321, 37.2003115], [138.5614642, 37.2004311], [138.5615633, 37.2005029], [138.5617763, 37.2006452], [138.5619267, 37.2007534], [138.5620691, 37.2008639], [138.5621602, 37.2009505], [138.5622729, 37.201078], [138.5623698, 37.2012079], [138.5624352, 37.2013394], [138.5624859, 37.2014653], [138.5625212, 37.2015872], [138.5625406, 37.2016931], [138.562552, 37.2018127], [138.5625565, 37.20193], [138.5625497, 37.2020473], [138.5625406, 37.2021487], [138.5624073, 37.2032], [138.5623971, 37.2033401], [138.5623903, 37.2034608], [138.5623846, 37.2035764], [138.5623857, 37.2036659], [138.5623948, 37.2037877], [138.5624073, 37.2039164], [138.5624335, 37.2040474], [138.5624711, 37.2041932], [138.5625243, 37.2043508], [138.5626033, 37.2045418], [138.5626151, 37.2045703], [138.5626312, 37.2046117], [138.562839, 37.2051044], [138.562978, 37.2055441], [138.5630987, 37.2060657], [138.5631664, 37.2064913], [138.5632126, 37.2069359], [138.5632155, 37.2074207], [138.5631488, 37.2078289], [138.5630577, 37.2082116], [138.5627798, 37.2088768], [138.5583007, 37.2166531], [138.5579823, 37.2171288], [138.5578194, 37.2174079], [138.5577203, 37.2176084], [138.5576332, 37.2178151], [138.5576105, 37.2178639], [138.5575873, 37.2179152], [138.5574595, 37.2182337], [138.5573959, 37.2184182], [138.5573399, 37.2186141], [138.5572745, 37.2188588], [138.5572351, 37.2190401], [138.5572043, 37.2192394], [138.5571753, 37.2194268], [138.5571537, 37.2196164], [138.5571423, 37.2196876], [138.5571167, 37.2197804], [138.5570859, 37.2198698], [138.5570216, 37.2199849], [138.5569783, 37.220047], [138.556931, 37.2200988], [138.5568633, 37.2201688], [138.5567892, 37.2202395], [138.556398, 37.2205515], [138.5562715, 37.2206723], [138.5561428, 37.2208141], [138.5560682, 37.2209263], [138.5560249, 37.2210077], [138.5559839, 37.2210909], [138.5559526, 37.2211768], [138.5559281, 37.2212634], [138.5559099, 37.2213557], [138.5558974, 37.2214502], [138.5559002, 37.2215413], [138.5559054, 37.2216353], [138.5559162, 37.221727], [138.5559378, 37.2218175], [138.5559726, 37.2219195], [138.5560238, 37.22203], [138.5561007, 37.2221553], [138.5563205, 37.2224554], [138.557168, 37.2235176], [138.557206, 37.2235677], [138.5572744, 37.2236826], [138.5573206, 37.2237778], [138.5573798, 37.2239048], [138.5574145, 37.2240289], [138.5574316, 37.2241354], [138.5574436, 37.2242658], [138.5574447, 37.2243803], [138.5574305, 37.2244839], [138.5574111, 37.2245711], [138.5573849, 37.2246667], [138.5573547, 37.2247556], [138.5573046, 37.224853], [138.5572448, 37.2249612], [138.556775, 37.2256679], [138.5566793, 37.2258194], [138.5566121, 37.2259493], [138.556562, 37.2260734], [138.5565244, 37.2261793], [138.5564982, 37.226316], [138.5564902, 37.2264322], [138.5564891, 37.2265848], [138.5565107, 37.2267169], [138.556546, 37.2268434], [138.5565927, 37.2269652], [138.5566508, 37.227078], [138.5572568, 37.2280143], [138.5573399, 37.2281658], [138.5574185, 37.2283491], [138.5574789, 37.2285154], [138.5575187, 37.2286794], [138.5575427, 37.2288104], [138.5575506, 37.2289562], [138.5575495, 37.2290792], [138.5575404, 37.2292364], [138.5575131, 37.2293765], [138.5574812, 37.2295246], [138.5574208, 37.2296943], [138.5573586, 37.2298395], [138.5572682, 37.2300326], [138.5569811, 37.2305918], [138.556923, 37.2307046], [138.5568843, 37.2308082], [138.5568712, 37.2309037], [138.5568752, 37.2309584], [138.55689, 37.2310076], [138.5569094, 37.2310657], [138.5569561, 37.2311408], [138.5570768, 37.2312638], [138.5573673, 37.2315372], [138.5574698, 37.2316545], [138.5575689, 37.2317741], [138.5576395, 37.2318914], [138.5577363, 37.2320418], [138.5577944, 37.2321614], [138.557857, 37.2323083], [138.5579223, 37.2324983], [138.5579527, 37.2326295], [138.5579761, 37.232773], [138.5579869, 37.2328778], [138.5579909, 37.2330042], [138.5579971, 37.2333266], [138.5580051, 37.2334632], [138.5580324, 37.2335976], [138.5580632, 37.2337264], [138.5581133, 37.2338528], [138.5581611, 37.2339496], [138.5582375, 37.234084], [138.5583035, 37.2341842], [138.5584038, 37.2343027], [138.5589129, 37.2348289], [138.5590325, 37.2349622], [138.5591304, 37.2350977], [138.5591942, 37.2352219], [138.5592443, 37.2353358], [138.5592683, 37.2354497], [138.5592808, 37.2355715], [138.5592922, 37.2357128], [138.5592956, 37.2360157], [138.559299, 37.2360978], [138.5592876, 37.2361809], [138.5592683, 37.2362629], [138.5592238, 37.2363404], [138.5591589, 37.2364315], [138.5590553, 37.2365875], [138.5589983, 37.2366832], [138.5589573, 37.2367629], [138.5589049, 37.2368746], [138.5587671, 37.2372254], [138.5587466, 37.237288], [138.5587386, 37.2373529], [138.5587363, 37.2374441], [138.5587409, 37.2375466], [138.5587637, 37.2377334], [138.558766, 37.2378176], [138.558758, 37.2379065], [138.5587398, 37.2379794], [138.5587044, 37.238058], [138.5586464, 37.2381354], [138.5585393, 37.2382687], [138.5584664, 37.2383336], [138.5583764, 37.2383917], [138.5582887, 37.2384168], [138.5581839, 37.2384179], [138.5580757, 37.2384076], [138.5579208, 37.2383712], [138.557619, 37.2382926], [138.5575085, 37.2382527], [138.5574071, 37.2382106], [138.5573069, 37.2381616], [138.5570962, 37.2380409], [138.5570062, 37.2379725], [138.5569265, 37.2379008], [138.5567442, 37.2377083], [138.5566474, 37.2376422], [138.5565734, 37.2376149], [138.556472, 37.237591], [138.556357, 37.2375853], [138.5560392, 37.2375864], [138.5559093, 37.237575], [138.5557772, 37.2375488], [138.5556178, 37.2375021], [138.5552806, 37.2374065], [138.5551792, 37.2373939], [138.5550596, 37.237403], [138.5549492, 37.2374236], [138.5548489, 37.2374475], [138.5547373, 37.2374851], [138.5546416, 37.2375329], [138.5545505, 37.237591], [138.5543048, 37.2379081], [138.5541638, 37.2381416], [138.5541325, 37.2381798], [138.5541, 37.238218], [138.5540573, 37.2382488], [138.5540101, 37.2382732], [138.5539554, 37.2382909], [138.5539058, 37.2382994], [138.5538483, 37.2382972], [138.5537988, 37.2382886], [138.5537561, 37.2382738], [138.5536963, 37.2382459], [138.5536165, 37.2381918], [138.553526, 37.2381104], [138.553342, 37.2379378], [138.5532777, 37.2378957], [138.5531923, 37.2378512], [138.5531279, 37.237833], [138.553051, 37.2378268], [138.5529724, 37.2378256], [138.5529052, 37.2378273], [138.5528392, 37.2378387], [138.5527737, 37.2378569], [138.5524411, 37.237997], [138.5523722, 37.2380329], [138.5522993, 37.2380899], [138.5522423, 37.2381514], [138.5521951, 37.2382152], [138.5521489, 37.2382989], [138.5521066, 37.2383735], [138.5520173, 37.2385007], [138.5520652, 37.238591], [138.5521108, 37.2386685], [138.5521575, 37.2387607], [138.5523215, 37.2391514], [138.5523534, 37.2392642], [138.5523739, 37.2393758], [138.5523876, 37.2394669], [138.5523944, 37.2395706], [138.5523975, 37.2397473], [138.5524297, 37.2407976], [138.5524559, 37.2417278], [138.5524651, 37.2420694], [138.5524773, 37.2426346], [138.5524834, 37.2428456], [138.5524577, 37.2430765], [138.5523277, 37.2437317], [138.552221, 37.2443546], [138.552155, 37.2450049], [138.552104, 37.2453267], [138.5520625, 37.2456226], [138.5520417, 37.2458025], [138.5520481, 37.2459228], [138.5520698, 37.246023], [138.5520937, 37.2461175], [138.5523568, 37.2470174], [138.5523944, 37.2471574], [138.5524137, 37.2472873], [138.5524229, 37.2474274], [138.5524195, 37.2475682], [138.5523447, 37.2481274], [138.5522611, 37.2489115], [138.5522623, 37.2490083], [138.5522719, 37.2491177], [138.5522953, 37.2492225], [138.5523272, 37.2493045], [138.5523819, 37.2493888], [138.552436, 37.2494616], [138.5525316, 37.2495653], [138.5526062, 37.2496291], [138.5526996, 37.2496957], [138.552838, 37.249772], [138.5531285, 37.2499172], [138.5540978, 37.2504042], [138.5542481, 37.2504725], [138.5544338, 37.2505483], [138.554645, 37.2506166], [138.5551063, 37.250755], [138.5552115, 37.2507937], [138.5553125, 37.2508398], [138.5554013, 37.2508888], [138.5554822, 37.2509412], [138.555546, 37.2509936], [138.5556371, 37.2510824], [138.5557134, 37.2511781], [138.5558137, 37.2513854], [138.5558387, 37.2514925], [138.5558581, 37.2516736], [138.5558676, 37.2519396], [138.5559071, 37.2527704], [138.5559241, 37.2529048], [138.5559686, 37.253119], [138.5560654, 37.253562], [138.5561781, 37.2540245], [138.55621, 37.2541213], [138.5562499, 37.2542044], [138.5563057, 37.254291], [138.5563854, 37.2543878], [138.5565392, 37.2545837], [138.5566041, 37.2546885], [138.5566383, 37.2547751], [138.5566611, 37.2548639], [138.556677, 37.254983], [138.556693, 37.25525], [138.5567089, 37.2553412], [138.5567368, 37.2554249], [138.5567761, 37.2555126], [138.5568285, 37.2555935], [138.5569054, 37.2556823], [138.5569789, 37.2557501], [138.5570637, 37.255819], [138.5574179, 37.2560735], [138.5575427, 37.2561726], [138.5576195, 37.2562467], [138.5576822, 37.2563327], [138.5577352, 37.256417], [138.5578388, 37.2566413], [138.5580427, 37.2571078], [138.5580774, 37.2572171], [138.5580962, 37.2573253], [138.5580945, 37.2574204], [138.5580102, 37.2576909], [138.5579954, 37.2577576], [138.5579909, 37.2578515], [138.5579937, 37.2580423], [138.5580119, 37.2590486], [138.5580119, 37.2594006], [138.5580199, 37.2595236], [138.5580472, 37.2596409], [138.5580905, 37.25974], [138.5581372, 37.2598322], [138.5582056, 37.2599245], [138.5582921, 37.260035], [138.5583627, 37.2601045], [138.5584391, 37.2601717], [138.5584949, 37.2602195], [138.5586965, 37.2603778], [138.5601066, 37.2615487], [138.5609044, 37.2622048], [138.5611472, 37.2624046], [138.5612241, 37.2624661], [138.5613321, 37.2625362], [138.5614415, 37.2626034], [138.5615702, 37.2626638], [138.5616305, 37.26269], [138.5617023, 37.2627196], [138.5618344, 37.2627618], [138.5619574, 37.2627845], [138.5621055, 37.2628153], [138.5621955, 37.2628244], [138.5622855, 37.2628255], [138.5624723, 37.2628267], [138.5626613, 37.2628119], [138.5628322, 37.2627857], [138.5632661, 37.2627014], [138.5634017, 37.2627014], [138.563511, 37.262723], [138.5636227, 37.262764], [138.5637092, 37.2628107], [138.5638186, 37.2628848], [138.563945, 37.2629896], [138.5641773, 37.2631912], [138.5643038, 37.2633073], [138.5643846, 37.2634087], [138.564461, 37.2635203], [138.5644963, 37.2636274], [138.5645544, 37.2639053], [138.5646683, 37.2645227], [138.5647138, 37.2647949], [138.5647193, 37.2648251], [138.56511, 37.2669791], [138.5651717, 37.2673314], [138.5652286, 37.2676959], [138.5652491, 37.2678941], [138.5652658, 37.2681958], [138.565267, 37.2683206], [138.5652537, 37.2685467], [138.5652343, 37.2686994], [138.5651569, 37.2690616], [138.5650418, 37.2695764], [138.5649387, 37.270053], [138.5649245, 37.2701186], [138.5648915, 37.2702678], [138.5647364, 37.2709717], [138.564396, 37.2725173], [138.5642138, 37.273318], [138.5641455, 37.2736643], [138.5641067, 37.2738989], [138.5640885, 37.2740675], [138.5640794, 37.2742748], [138.5640783, 37.2744764], [138.5640908, 37.2746689], [138.5641113, 37.2748454], [138.5641865, 37.2756028], [138.5643083, 37.2767715], [138.5643402, 37.2771849], [138.5643482, 37.2773432], [138.564371, 37.2776736], [138.5644518, 37.2788706], [138.5644608, 37.2789575], [138.5645459, 37.2802389], [138.5645646, 37.2804368], [138.5645874, 37.2806122], [138.5646227, 37.2808001], [138.5646591, 37.2809493], [138.5647104, 37.2811122], [138.5647605, 37.2812443], [138.5648152, 37.2813856], [138.5650851, 37.2819662], [138.56533, 37.2824853], [138.5654038, 37.2826857], [138.5654676, 37.2828759], [138.5655088, 37.283053], [138.5655339, 37.2832034], [138.5655521, 37.2833469], [138.5655545, 37.2834708], [138.5655498, 37.283618], [138.5655407, 37.2837592], [138.5655164, 37.2839906], [138.5655099, 37.2840502], [138.565507, 37.284077], [138.5654929, 37.2842054], [138.5654911, 37.2842244], [138.5654372, 37.2847799], [138.5654308, 37.2849199], [138.565432, 37.285036], [138.5654451, 37.2851363], [138.5654633, 37.285224], [138.5655145, 37.2853584], [138.5655715, 37.2854643], [138.565682, 37.2856181], [138.5663236, 37.2864072], [138.5666042, 37.2867496], [138.5667518, 37.286936], [138.566863, 37.2870989], [138.5669383, 37.2872355], [138.5670112, 37.2874097], [138.5670704, 37.287576], [138.5671, 37.2877218], [138.5671222, 37.2879046], [138.5671319, 37.2881786], [138.5671866, 37.2889303], [138.5672116, 37.289178], [138.567231, 37.2892879], [138.5672583, 37.2894235], [138.5673187, 37.2895864], [138.5673916, 37.2897265], [138.5674759, 37.2898654], [138.5675909, 37.2900271], [138.5677003, 37.2901695], [138.5678141, 37.2903012], [138.5680397, 37.2905853], [138.5681843, 37.2907618], [138.5682789, 37.2908951], [138.5683538, 37.2910221], [138.5684087, 37.2911559], [138.5684429, 37.291288], [138.5684623, 37.2914406], [138.5684978, 37.2919416], [138.5685195, 37.2922298], [138.5685733, 37.2929072], [138.5686206, 37.2935603], [138.5686753, 37.2942699], [138.5687106, 37.2947153], [138.5687318, 37.2948519], [138.5687678, 37.2949756], [138.5688288, 37.295147], [138.5692732, 37.2958566], [138.5693608, 37.2960227], [138.5694293, 37.2961994], [138.5694971, 37.2964136], [138.5696685, 37.2970502], [138.5697852, 37.2974612], [138.5700348, 37.2983437], [138.5701207, 37.2986695], [138.570186, 37.2989258], [138.5702061, 37.2990207], [138.5702232, 37.2991608], [138.5703211, 37.3001301], [138.5703397, 37.3003129], [138.5703541, 37.3004524], [138.5704091, 37.300997], [138.5705003, 37.3019231], [138.5705295, 37.3021666], [138.57055, 37.3022646], [138.5705853, 37.3024112], [138.5706252, 37.3025493], [138.5706765, 37.3026746], [138.5707391, 37.302817], [138.570861, 37.3030448], [138.5709844, 37.3032594], [138.5711072, 37.3034986], [138.5711697, 37.3036268], [138.5712084, 37.3037521], [138.5712266, 37.3038478], [138.5712403, 37.3039287], [138.5712494, 37.3040545], [138.571238, 37.304169], [138.5712221, 37.3042544], [138.5711955, 37.3043474], [138.5711096, 37.3045841], [138.5710252, 37.3048168], [138.5709413, 37.3050252], [138.5707613, 37.3054281], [138.5706547, 37.305622], [138.5705241, 37.3058334], [138.5699243, 37.3066401], [138.569614, 37.3070797], [138.5694328, 37.3073349], [138.5693087, 37.3074704], [138.5692228, 37.3075486], [138.5690712, 37.3076834], [138.5688837, 37.3078309], [138.5687446, 37.3079265], [138.5686833, 37.3079656], [138.5683225, 37.3081829], [138.5681272, 37.3082949], [138.5679483, 37.3084007], [138.5674142, 37.3087277], [138.5671202, 37.3089082], [138.5668119, 37.30909], [138.5667543, 37.3091248], [138.5667171, 37.3091461], [138.5665641, 37.3092404], [138.566536, 37.3092555], [138.5660503, 37.3095466], [138.5654689, 37.3098999], [138.565305, 37.3100143], [138.565158, 37.3101248], [138.5649473, 37.3103036], [138.5648163, 37.3104266], [138.5646933, 37.3105781], [138.5645965, 37.3106977], [138.5645225, 37.3108002], [138.5644222, 37.3109654], [138.5643516, 37.3111055], [138.5642981, 37.3112285], [138.5642571, 37.3113532], [138.5642178, 37.3114831], [138.5641882, 37.3116112], [138.5641642, 37.3117365], [138.5641483, 37.3118532], [138.5641403, 37.3119615], [138.5641187, 37.3123829], [138.5641158, 37.3124279], [138.5640418, 37.3139781], [138.564003, 37.314668], [138.5639769, 37.315133], [138.5639712, 37.3153221], [138.5639644, 37.3156752], [138.5639792, 37.3159918], [138.5640761, 37.3171483], [138.5640976, 37.3174175], [138.564109, 37.3176354], [138.5641158, 37.3178996], [138.564121, 37.3189589], [138.5641261, 37.319992], [138.5641227, 37.320967], [138.5641329, 37.3211743], [138.5641534, 37.3214146], [138.5641773, 37.321574], [138.5642138, 37.3217301], [138.5642326, 37.3218132], [138.5642445, 37.3218821], [138.5643015, 37.3223417], [138.5643083, 37.3224266], [138.56431, 37.3225109], [138.5643061, 37.3225889], [138.5642799, 37.3228862], [138.5642013, 37.3235195], [138.564158, 37.3238757], [138.5639544, 37.3255044], [138.5638564, 37.326284], [138.563827, 37.3264943], [138.5637031, 37.3275007], [138.5636575, 37.3278437], [138.5636488, 37.3279126], [138.5636101, 37.3282235], [138.5635908, 37.3284217], [138.5635828, 37.3285402], [138.5635657, 37.3287942], [138.5635589, 37.3288921], [138.5635361, 37.3291336], [138.5635304, 37.3292179], [138.5635293, 37.3292822], [138.5635304, 37.3293568], [138.5635349, 37.329424], [138.5635498, 37.3295066], [138.5635618, 37.3295681], [138.5635671, 37.3295948], [138.5635718, 37.3296187], [138.5636878, 37.3301619], [138.5636964, 37.3302005], [138.5638675, 37.3309722], [138.5638836, 37.3310447], [138.563896, 37.3311268], [138.5638971, 37.3312066], [138.5638915, 37.3313068], [138.5638778, 37.3314959], [138.5638618, 37.33162], [138.5638277, 37.3318353], [138.563806, 37.3319526], [138.5637719, 37.3320779], [138.5637377, 37.3321941], [138.5636785, 37.3323501], [138.5636318, 37.3324595], [138.56356, 37.3326064], [138.5634442, 37.3328141], [138.5633413, 37.3329697], [138.5632436, 37.3331051], [138.5631796, 37.333185], [138.5630623, 37.3333194], [138.5629518, 37.3334345], [138.5628356, 37.3335518], [138.5618987, 37.3343267], [138.5603115, 37.3356331], [138.5596313, 37.3361856], [138.5595433, 37.336261], [138.5593756, 37.3364048], [138.5592643, 37.3365046], [138.5592241, 37.3365469], [138.5591709, 37.3366077], [138.5591339, 37.3366601], [138.5591065, 37.3367017], [138.559086, 37.3367398], [138.5590627, 37.3367871], [138.5590467, 37.336831], [138.5590293, 37.3368834], [138.5590171, 37.3369232], [138.5590083, 37.3369611], [138.5590023, 37.3369984], [138.5589949, 37.3370582], [138.5589932, 37.3371037], [138.5589938, 37.3371516], [138.5589983, 37.3372251], [138.5590108, 37.3373495], [138.5590666, 37.3378015], [138.5590803, 37.3379124], [138.5591464, 37.3385041], [138.55916, 37.3386442], [138.55916, 37.3387114], [138.5591544, 37.3387752], [138.5591452, 37.3388396], [138.5591282, 37.3389119], [138.5591122, 37.3389677], [138.5590775, 37.3390457], [138.5590461, 37.3391072], [138.5589888, 37.3391993], [138.5586159, 37.3397668], [138.5585415, 37.3398793], [138.5583486, 37.340171], [138.5580753, 37.3405844], [138.5579345, 37.3407992], [138.5577378, 37.3410994], [138.5574694, 37.3415088], [138.557241, 37.341859], [138.5570766, 37.3421237], [138.5569706, 37.3423432], [138.556906, 37.3425225], [138.5568479, 37.3427378], [138.5568171, 37.3428847], [138.5567955, 37.3429793], [138.5567823, 37.3430436], [138.5567283, 37.3433073], [138.5565751, 37.344063], [138.5565506, 37.3441485], [138.5565221, 37.3442345], [138.5564128, 37.3444737], [138.5563017, 37.3446918], [138.5560642, 37.3451753], [138.5559845, 37.3453518], [138.5559606, 37.3454327], [138.5559498, 37.345503], [138.5559401, 37.3455853], [138.5559435, 37.3456559], [138.5559503, 37.3457254], [138.5559686, 37.3457955], [138.5562898, 37.3467004], [138.5563558, 37.3468889], [138.5563633, 37.3469105], [138.5565571, 37.3474649], [138.5567858, 37.3481031], [138.5572566, 37.349451], [138.5573228, 37.3496373], [138.5573559, 37.3497313], [138.5574324, 37.3499128], [138.5574891, 37.3500625], [138.5575266, 37.3501884], [138.5575546, 37.3503623], [138.5575587, 37.3505215], [138.5575552, 37.3506197], [138.5575449, 37.350663], [138.5574914, 37.3508224], [138.5574405, 37.350966], [138.5573008, 37.3513843], [138.5572556, 37.3514819], [138.5572078, 37.3515685], [138.5571509, 37.3516539], [138.5570364, 37.3517917], [138.5569589, 37.3518692], [138.556824, 37.3519962], [138.5567402, 37.3520879], [138.5566719, 37.3521818], [138.5564914, 37.3524518], [138.5562402, 37.3528487], [138.5560847, 37.3530851], [138.5559691, 37.3532639], [138.5558626, 37.3534285], [138.5555859, 37.3538522], [138.5555414, 37.3539274], [138.5554947, 37.3540128], [138.5554731, 37.3540811], [138.5554685, 37.3541757], [138.5554788, 37.3542782], [138.5555107, 37.3544023], [138.5555893, 37.3547417], [138.5555927, 37.3548272], [138.5555881, 37.354908], [138.5555807, 37.3549673], [138.5555637, 37.3550339], [138.5555094, 37.355182], [138.5554569, 37.3553119], [138.5552523, 37.3557625], [138.5552279, 37.3558061], [138.5551975, 37.3558525], [138.5551365, 37.3559337], [138.55506, 37.3560138], [138.5549283, 37.3561387], [138.5547984, 37.3562536], [138.5545264, 37.3564957], [138.5541205, 37.3568517], [138.5540733, 37.3568905], [138.5540259, 37.3569223], [138.5539514, 37.3569634], [138.553023, 37.3574745], [138.5529418, 37.3575334], [138.5528944, 37.3575813], [138.5528471, 37.3576416], [138.552809, 37.3576946], [138.5527954, 37.357715], [138.5527623, 37.3577646], [138.5527298, 37.3578148], [138.5527048, 37.357866], [138.5526877, 37.3579281], [138.5525669, 37.3587106], [138.5524809, 37.3592385], [138.5524422, 37.3594367], [138.552234, 37.3604539]], [[138.9957918, 36.492394], [138.9952842, 36.4925713], [138.9949637, 36.4927025], [138.9947374, 36.492832], [138.9944722, 36.4930118], [138.994249, 36.4932534], [138.9941928, 36.4933254], [138.9940844, 36.4934966], [138.9937262, 36.4942505], [138.9935156, 36.4947452], [138.9933723, 36.4950581], [138.993273, 36.495275], [138.9931253, 36.4955961], [138.9926221, 36.4966837], [138.99253, 36.496899], [138.9919926, 36.4980599], [138.9917668, 36.4985775], [138.9917465, 36.4986239], [138.9917353, 36.4986496], [138.991671, 36.4987896], [138.9915146, 36.4991125]], [[139.0116513, 36.4912211], [139.0116469, 36.4913077], [139.0116464, 36.4913522], [139.0117062, 36.4917166], [139.0118067, 36.4920529], [139.011991, 36.4924633], [139.012413, 36.4931395], [139.0125052, 36.4932941], [139.0125216, 36.4933268], [139.0130642, 36.4942115], [139.0130807, 36.4942385], [139.0132088, 36.4945717], [139.013264, 36.4947831], [139.0133627, 36.4951991], [139.0133567, 36.4956409], [139.0132641, 36.495938], [139.0132335, 36.4960506], [139.0131943, 36.4961552], [139.0131471, 36.4962692]], [[138.9898476, 36.5123732], [138.9897955, 36.5125744], [138.9897546, 36.5127693], [138.9897313, 36.5129791], [138.9897433, 36.5131923], [138.9897883, 36.5133888], [138.9898396, 36.513528], [138.9899476, 36.5137191], [138.9901563, 36.5140265], [138.9902362, 36.5141416], [138.9903501, 36.5143295], [138.9904196, 36.5144894], [138.9904658, 36.5146376], [138.9904878, 36.5147787], [138.9904609, 36.5150128], [138.9904379, 36.5151318], [138.9903975, 36.5152519], [138.990354, 36.5153625], [138.9902737, 36.515514], [138.99021, 36.5156319], [138.9899915, 36.516003], [138.9898744, 36.5163552], [138.989848, 36.516524], [138.9898426, 36.5166572], [138.9898482, 36.5168006], [138.9898677, 36.5169434], [138.9899052, 36.5170967], [138.9900219, 36.5176272], [138.9901536, 36.5181756], [138.9902887, 36.5187474], [138.9903276, 36.5189827], [138.9903328, 36.519086], [138.9903394, 36.5191688], [138.9903402, 36.5192156], [138.9903339, 36.5192998], [138.9903135, 36.519429], [138.9902892, 36.5195286], [138.9902597, 36.5196301], [138.9902276, 36.519709], [138.9901854, 36.5198127], [138.9901351, 36.5199036], [138.9900704, 36.5200091], [138.9899947, 36.5201052], [138.9899199, 36.5202009], [138.9898224, 36.5203041], [138.9897146, 36.5203981], [138.9896519, 36.5204475], [138.9895675, 36.5205099], [138.9894715, 36.5205742], [138.9893584, 36.5206373], [138.9892636, 36.5206881], [138.9891776, 36.5207265], [138.9890876, 36.5207647], [138.9889243, 36.5208326], [138.9888273, 36.5208723], [138.9886434, 36.5209342], [138.988279, 36.5210477], [138.987965, 36.5211461], [138.987624, 36.5212608], [138.987409, 36.5213515], [138.9870929, 36.5214982], [138.9868337, 36.5216313], [138.9866263, 36.5217515], [138.9864304, 36.5218696], [138.9863375, 36.5219353], [138.9861529, 36.5220691], [138.9860073, 36.5221813], [138.9858299, 36.5223346], [138.9856292, 36.5225181], [138.985367, 36.5227724], [138.9851914, 36.5229436], [138.9850288, 36.5230916], [138.9848505, 36.5232446], [138.9847093, 36.5233539], [138.9845626, 36.5234461], [138.984427, 36.5235257], [138.984291, 36.5235933], [138.9841658, 36.5236437], [138.9840388, 36.5236915], [138.9839125, 36.5237288], [138.9837942, 36.5237575], [138.983688, 36.5237752], [138.9835501, 36.523791], [138.9834216, 36.5238015], [138.9832572, 36.5238072], [138.9830962, 36.523805], [138.9828757, 36.5237949], [138.9824522, 36.5237641], [138.9821487, 36.5237434], [138.9817426, 36.5237076], [138.9814608, 36.5236891], [138.9812614, 36.5236782], [138.9810611, 36.5236631], [138.9807988, 36.5236438], [138.9803302, 36.5236085], [138.9803042, 36.5236067], [138.9802171, 36.5236006], [138.9800838, 36.5235921], [138.9800405, 36.5235914], [138.9798528, 36.5235885], [138.979599, 36.5235908], [138.9794182, 36.5236004], [138.9792271, 36.5236166], [138.9790342, 36.5236348], [138.9787744, 36.523682], [138.9784919, 36.5237374], [138.9782866, 36.5237887], [138.9779365, 36.5238977], [138.977648, 36.5240033], [138.9773447, 36.5241191], [138.9770263, 36.5242409], [138.97638, 36.5244819], [138.9757665, 36.5247224], [138.9750009, 36.5250335], [138.9738022, 36.5255286], [138.9721215, 36.5262213], [138.9713311, 36.526554], [138.9706821, 36.5268232], [138.9704771, 36.5269039], [138.9702613, 36.5269814], [138.9701638, 36.5270128], [138.9696663, 36.5271401], [138.9693391, 36.5272022], [138.9687483, 36.5273002], [138.9681783, 36.5274144], [138.9677848, 36.527537], [138.9674833, 36.5276537], [138.9671962, 36.5277902], [138.9668637, 36.5279664], [138.9665591, 36.5281667], [138.9663787, 36.5282992], [138.9661832, 36.5284661], [138.9659851, 36.5286518], [138.9658093, 36.5288463], [138.9656538, 36.5290482], [138.9655384, 36.5292181], [138.9653837, 36.5294409], [138.9651399, 36.5297797], [138.9649259, 36.5301624], [138.9647326, 36.5304976], [138.96447, 36.530923], [138.9642601, 36.5312456], [138.9641401, 36.5314198], [138.9640384, 36.531553], [138.9638946, 36.5317248], [138.9638194, 36.5318104], [138.9636767, 36.5319564], [138.9635001, 36.5321293], [138.9632956, 36.5322984], [138.9630631, 36.5324544], [138.962831, 36.5325925], [138.9626489, 36.53269], [138.9624657, 36.5327858], [138.9621726, 36.5329082], [138.9619029, 36.5330097], [138.9615028, 36.5331273], [138.9611389, 36.5332255], [138.9607986, 36.5333174], [138.9602698, 36.5334716], [138.9597237, 36.5336574], [138.9592872, 36.533829], [138.9588492, 36.5340199], [138.9585205, 36.5341772], [138.9581114, 36.5343866], [138.9577865, 36.5345716], [138.9575159, 36.5347465], [138.9572249, 36.5349318], [138.9569305, 36.535122], [138.9565956, 36.5353773], [138.9562186, 36.5356896], [138.9556869, 36.5361285], [138.9555418, 36.5362529], [138.9549699, 36.5367388], [138.9541778, 36.5374087], [138.9535156, 36.5379784], [138.952938, 36.5384748], [138.9523545, 36.5389921], [138.9521159, 36.5391974], [138.9517511, 36.5395062], [138.9510258, 36.5401265], [138.9501652, 36.5408596], [138.9497975, 36.5411729], [138.9495601, 36.5413744], [138.949345, 36.5415478], [138.9491186, 36.5417145], [138.948865, 36.5418899], [138.9485356, 36.5421168], [138.9482348, 36.5422955], [138.9480139, 36.5424297], [138.9473339, 36.5427864], [138.946642, 36.5430861], [138.9458824, 36.5434279], [138.9452654, 36.5436934], [138.9447581, 36.5439196], [138.9441434, 36.544185], [138.9438637, 36.5442947], [138.9436874, 36.5443626], [138.9431984, 36.5445202], [138.9426006, 36.5447033], [138.9423032, 36.5447726], [138.9420559, 36.5448422], [138.9418721, 36.5448875], [138.9415868, 36.5449466], [138.9412178, 36.5450117], [138.9407294, 36.5450904], [138.9404702, 36.5451239], [138.9397464, 36.5452097], [138.9393479, 36.5452492], [138.93881, 36.5453061], [138.9384845, 36.5453399], [138.9380157, 36.5453996], [138.9368248, 36.5455034], [138.9362499, 36.5455735], [138.9357309, 36.5456456], [138.9351842, 36.5457396], [138.9346376, 36.5458567], [138.9342853, 36.5459475], [138.9339641, 36.54603], [138.9337352, 36.5461007], [138.9334843, 36.5461747], [138.9330998, 36.5463028], [138.9329374, 36.5463693], [138.9326573, 36.5464754], [138.9322339, 36.5466571], [138.9318682, 36.5468222], [138.9314695, 36.5470003], [138.9311749, 36.5471342], [138.9306306, 36.5473728], [138.9296708, 36.5478134], [138.9293652, 36.5479403], [138.9290863, 36.5480311], [138.9289067, 36.5480715], [138.92875, 36.548102], [138.92854, 36.5481272], [138.9284063, 36.5481323], [138.9282341, 36.5481302], [138.9280714, 36.5481172], [138.9279265, 36.5480945], [138.9278051, 36.5480733], [138.9276625, 36.5480386], [138.9275449, 36.5480083], [138.9274492, 36.5479774], [138.9273653, 36.5479465], [138.9271494, 36.5478307], [138.9268131, 36.5476107], [138.9266323, 36.547472], [138.9264945, 36.5473689], [138.9263757, 36.5472842], [138.9262304, 36.5471845], [138.9258504, 36.5469509], [138.9255145, 36.5467691], [138.9252311, 36.5466316], [138.9251191, 36.5465668], [138.9247708, 36.5464194], [138.9246763, 36.5463462], [138.9244342, 36.5465294], [138.924323, 36.5466105], [138.9241591, 36.5467385], [138.9240534, 36.5468139], [138.9241308, 36.5469168], [138.9241421, 36.5469668], [138.9241403, 36.5470151], [138.9241087, 36.5470763], [138.9240511, 36.5471284], [138.9239419, 36.5471718], [138.9237203, 36.5472542], [138.9235084, 36.5473557], [138.9233233, 36.5474812], [138.9228015, 36.5478718], [138.9225006, 36.5480671], [138.9221836, 36.5482486], [138.9212961, 36.5487997], [138.9207256, 36.5491368], [138.9203659, 36.5494038], [138.9201823, 36.5495561], [138.9201178, 36.5496596], [138.9200535, 36.5497918], [138.9200307, 36.5498819], [138.9200191, 36.5499622], [138.9200192, 36.5502335], [138.9200188, 36.5517721], [138.9200142, 36.5523831], [138.9198176, 36.5523889], [138.919238, 36.5523854], [138.9186874, 36.5523689], [138.9185799, 36.5523695], [138.9182094, 36.5524025], [138.9180421, 36.5524094], [138.9178459, 36.5524149], [138.9175837, 36.5524072], [138.9173928, 36.5523877], [138.9170449, 36.5523314], [138.9167079, 36.5522658], [138.9166044, 36.5522456], [138.9163485, 36.5522081], [138.9161661, 36.5521838], [138.9155903, 36.5521211], [138.9153872, 36.5521055], [138.9152965, 36.5520989], [138.9151134, 36.5520768], [138.9150254, 36.5520739], [138.9149577, 36.5520693], [138.9147976, 36.5520904], [138.9146724, 36.5521232], [138.9144675, 36.5522202], [138.9143232, 36.5523062], [138.9140231, 36.55255], [138.9134943, 36.5529669], [138.9133322, 36.5530711], [138.9126915, 36.5534341], [138.9124632, 36.5535665], [138.9119756, 36.5538966]], [[138.9904878, 36.5147787], [138.9905004, 36.514977], [138.9904942, 36.5151319], [138.9904793, 36.5152293], [138.9904576, 36.5153067], [138.9904231, 36.515394], [138.9903581, 36.5155099], [138.9902853, 36.5156445], [138.9900685, 36.5160356], [138.9899821, 36.516242], [138.9899354, 36.5164278], [138.9899167, 36.5165948], [138.9899167, 36.5167843], [138.989926, 36.5169007], [138.9899494, 36.5170396], [138.9900498, 36.5174618], [138.9902319, 36.5182349], [138.9903557, 36.5187791], [138.9903907, 36.5189612], [138.9904047, 36.5190982], [138.990405, 36.5192111], [138.9903814, 36.5193965], [138.9903533, 36.5195279], [138.990309, 36.5196705], [138.9902483, 36.5198169], [138.9901806, 36.5199407], [138.9900942, 36.5200777], [138.9899821, 36.5202184], [138.9898817, 36.5203254], [138.9897509, 36.5204418], [138.9896902, 36.5204868], [138.9894847, 36.5206294], [138.9892372, 36.5207551], [138.9890224, 36.520849], [138.9887889, 36.5209371], [138.9884503, 36.521046], [138.9879927, 36.5211942], [138.9876517, 36.5213124], [138.9873575, 36.5214288], [138.987117, 36.5215433], [138.9868859, 36.5216596], [138.986657, 36.5217947], [138.9864329, 36.5219373], [138.9862297, 36.522078], [138.9860453, 36.5222207], [138.9858375, 36.5224008], [138.985604, 36.522611], [138.9853915, 36.5228286], [138.9850996, 36.5231157], [138.9848427, 36.5233296], [138.9845696, 36.523506], [138.9842894, 36.5236486], [138.9840512, 36.5237368], [138.9838597, 36.5237912], [138.9836963, 36.523825], [138.9834612, 36.5238472], [138.9832269, 36.5238569], [138.9829, 36.5238513], [138.9826805, 36.5238325], [138.9824377, 36.52381], [138.9818423, 36.5237725], [138.9810764, 36.5237106], [138.980294, 36.5236573], [138.9802131, 36.5236518], [138.980084, 36.523643], [138.9800396, 36.5236428], [138.9796497, 36.5236411], [138.9793392, 36.5236561], [138.97908, 36.5236824], [138.9785569, 36.5237819], [138.9782263, 36.5238767], [138.978125, 36.5239057], [138.9773474, 36.524174], [138.975797, 36.524767], [138.9740364, 36.5254819], [138.9726167, 36.5260805], [138.9706984, 36.5268749], [138.9705359, 36.5269404], [138.9702513, 36.527043], [138.9701773, 36.5270639], [138.9697657, 36.5271781], [138.9694551, 36.5272363], [138.9690488, 36.5273057], [138.9686275, 36.5273792], [138.9681872, 36.5274765], [138.9678922, 36.5275648], [138.9677926, 36.5275947], [138.967475, 36.5277204], [138.9672018, 36.5278442], [138.9668936, 36.5280093], [138.9666064, 36.5281988], [138.9664383, 36.5283246], [138.9662211, 36.5285028], [138.9660787, 36.528636], [138.9658802, 36.5288574], [138.9656873, 36.529061], [138.9655663, 36.5292372], [138.9653988, 36.5294897], [138.9652308, 36.5297813], [138.9648855, 36.5303678], [138.964582, 36.5308576], [138.9643321, 36.5312516], [138.9641523, 36.5315049], [138.9639632, 36.5317469], [138.9637344, 36.5319983], [138.9634798, 36.5322141], [138.963251, 36.5323942], [138.9630572, 36.5325218], [138.9627443, 36.5327056], [138.9623941, 36.5328764], [138.9620321, 36.5330152], [138.9617566, 36.5331071], [138.9615161, 36.5331709], [138.9611635, 36.5332694], [138.9608109, 36.5333679], [138.9603509, 36.533503], [138.9599447, 36.5336381], [138.9595897, 36.5337676], [138.9590737, 36.5339758], [138.9586791, 36.5341672], [138.9581093, 36.5344561], [138.9576447, 36.5347225], [138.9572898, 36.5349533], [138.9569372, 36.5351897], [138.9566233, 36.5354128], [138.956383, 36.5356133], [138.9559393, 36.535997], [138.9553046, 36.5365219], [138.9546792, 36.5370591], [138.9537918, 36.5378091], [138.9530031, 36.5384924], [138.951937, 36.5394207], [138.9506337, 36.5405272], [138.9501623, 36.5409258], [138.9496755, 36.5413367], [138.9492837, 36.5416634], [138.9488357, 36.5419823], [138.9484388, 36.5422301], [138.948023, 36.5424844], [138.9473686, 36.5428184], [138.9466819, 36.5431309], [138.9459014, 36.5434756], [138.9452872, 36.5437429], [138.9448875, 36.5439217], [138.9442465, 36.5441997], [138.9438895, 36.5443393], [138.9436899, 36.5444175], [138.9432112, 36.5445833], [138.9428665, 36.5446836], [138.942782, 36.5447082], [138.9423394, 36.5448268], [138.9418218, 36.5449431], [138.941229, 36.5450638], [138.940706, 36.5451371], [138.9404833, 36.5451651], [138.9393273, 36.545303], [138.9385173, 36.5453849], [138.9377022, 36.5454697], [138.936998, 36.5455325], [138.9366142, 36.5455699], [138.9362226, 36.5456158], [138.9357037, 36.5456924], [138.9351602, 36.5457895], [138.9346426, 36.5459005], [138.9342123, 36.5460141], [138.9338502, 36.5461175], [138.9335096, 36.5462209], [138.9331213, 36.5463438], [138.932946, 36.5464199], [138.9326486, 36.5465377], [138.9322854, 36.546689], [138.9318252, 36.5468976], [138.9311922, 36.5471798], [138.9306906, 36.5474126], [138.9295855, 36.5479125], [138.9292288, 36.5480547], [138.928913, 36.5481347], [138.9286203, 36.5481758], [138.9284, 36.5481887], [138.9281809, 36.5481803], [138.927936, 36.5481581], [138.9277074, 36.5481128], [138.9275256, 36.5480676], [138.9273834, 36.5480267], [138.9271528, 36.5479275], [138.926929, 36.5478017], [138.9267715, 36.5477149], [138.92661, 36.547628], [138.9263828, 36.5474968], [138.9261616, 36.5473712], [138.9261025, 36.5473287], [138.9259511, 36.5472449], [138.9257541, 36.54713], [138.9253518, 36.5469026], [138.92517, 36.5468159], [138.9250015, 36.5467358], [138.9248681, 36.5466816], [138.9247464, 36.5466351], [138.9245673, 36.5465704], [138.9244342, 36.5465294]]]}, "id": "relation/2888579"}]}