{
  "type": "FeatureCollection",
  "generator": "overpass-turbo",
  "copyright": "The data included in this document is from www.openstreetmap.org. The data is made available under ODbL.",
  "timestamp": "2026-09-13T04:06:39Z",
  "features": [
    {
      "type": "Feature",
      "properties": {
        "@id": "relation/5347303",
        "colour": "red",
        "from": "千葉県千葉市中央区",
        "name": "国道357号",
        "name:en": "National Highway Route 357",
        "name:es": "Ruta nacional 357",
        "name:ja": "国道357号",
        "network": "JP:national",
        "ref": "357",
        "route": "road",
        "to": "神奈川県横須賀市",
        "type": "route",
        "wikidata": "Q6157329",
        "wikipedia": "ja:国道357号"
      },
      "geometry": {
        "type": "MultiLineString",
        "coordinates": [
          [
            [
              139.6832467,
              35.4652084
            ],
            [
              139.6831468,
              35.4651579
            ],
            [
              139.6829261,
              35.4650511
            ],
            [
              139.6827496,
              35.4649746
            ],
            [
              139.682578,
              35.4649078
            ],
            [
              139.682376,
              35.4648324
            ],
            [
              139.682169,
              35.464764
            ],
            [
              139.6819104,
              35.4646847
            ],
            [
              139.6815951,
              35.4645846
            ],
            [
              139.6813294,
              35.464482
            ],
            [
              139.6811121,
              35.4643729
            ],
            [
              139.6809808,
              35.4642914
            ],
            [
              139.6808591,
              35.4642042
            ],
            [
              139.6807464,
              35.4641089
            ],
            [
              139.6806404,
              35.4640053
            ],
            [
              139.6805481,
              35.4639007
            ],
            [
              139.6804579,
              35.4637845
            ],
            [
              139.6803651,
              35.4636535
            ],
            [
              139.6802734,
              35.463512
            ],
            [
              139.6798044,
              35.4627711
            ],
            [
              139.6797476,
              35.4626431
            ],
            [
              139.6795135,
              35.4622584
            ],
            [
              139.6794459,
              35.4621561
            ],
            [
              139.6793674,
              35.4620463
            ],
            [
              139.6792665,
              35.461926
            ],
            [
              139.6791713,
              35.461823
            ],
            [
              139.6789979,
              35.4616391
            ],
            [
              139.6787593,
              35.4613774
            ],
            [
              139.6785088,
              35.4610874
            ],
            [
              139.6782398,
              35.4607576
            ],
            [
              139.6779772,
              35.4604139
            ],
            [
              139.6776608,
              35.4599769
            ],
            [
              139.6774449,
              35.4596639
            ],
            [
              139.6772212,
              35.4593377
            ],
            [
              139.6694638,
              35.447656
            ],
            [
              139.6688307,
              35.4466968
            ],
            [
              139.6686219,
              35.4463737
            ],
            [
              139.6684202,
              35.4460438
            ],
            [
              139.6682397,
              35.4457359
            ],
            [
              139.6680698,
              35.4454222
            ],
            [
              139.6679832,
              35.4452405
            ],
            [
              139.667936,
              35.4451414
            ],
            [
              139.6678136,
              35.4448629
            ],
            [
              139.6677095,
              35.4445999
            ],
            [
              139.6676408,
              35.444409
            ],
            [
              139.6675863,
              35.4442354
            ],
            [
              139.6675185,
              35.4440184
            ],
            [
              139.667456,
              35.4437856
            ],
            [
              139.6674018,
              35.4435497
            ],
            [
              139.6673588,
              35.4433367
            ],
            [
              139.6673131,
              35.443062
            ],
            [
              139.667279,
              35.4428322
            ],
            [
              139.667251,
              35.4425392
            ],
            [
              139.667236,
              35.4423018
            ],
            [
              139.6672304,
              35.4420226
            ],
            [
              139.6672351,
              35.4417326
            ],
            [
              139.6672534,
              35.4414146
            ],
            [
              139.667293,
              35.4410341
            ],
            [
              139.6673313,
              35.44078
            ],
            [
              139.6673845,
              35.4404938
            ],
            [
              139.6674294,
              35.440296
            ],
            [
              139.667491,
              35.4400479
            ],
            [
              139.6675657,
              35.4397862
            ],
            [
              139.6676675,
              35.4394719
            ],
            [
              139.6677983,
              35.4391416
            ],
            [
              139.6679365,
              35.4388136
            ],
            [
              139.6680841,
              35.4385001
            ],
            [
              139.6682503,
              35.4381625
            ],
            [
              139.6684166,
              35.4378377
            ],
            [
              139.6686402,
              35.4374197
            ],
            [
              139.669059,
              35.4366261
            ],
            [
              139.6691565,
              35.4364379
            ],
            [
              139.6692549,
              35.4362445
            ],
            [
              139.6693712,
              35.435998
            ],
            [
              139.6694888,
              35.4357026
            ],
            [
              139.6696156,
              35.4353437
            ],
            [
              139.6696998,
              35.4350914
            ],
            [
              139.6697889,
              35.4348271
            ],
            [
              139.6698521,
              35.4346472
            ],
            [
              139.6699658,
              35.4343068
            ],
            [
              139.6700744,
              35.4339541
            ],
            [
              139.6702336,
              35.4334151
            ],
            [
              139.6712905,
              35.4297518
            ],
            [
              139.671363,
              35.4294887
            ],
            [
              139.6714184,
              35.4292442
            ],
            [
              139.6714639,
              35.4290148
            ],
            [
              139.6714964,
              35.428787
            ],
            [
              139.6715161,
              35.428565
            ],
            [
              139.6715199,
              35.4284178
            ],
            [
              139.6715162,
              35.4282722
            ],
            [
              139.6715084,
              35.4281269
            ],
            [
              139.6714981,
              35.4280121
            ],
            [
              139.6714875,
              35.4279077
            ],
            [
              139.6714748,
              35.4277988
            ],
            [
              139.6714587,
              35.4276916
            ],
            [
              139.6714545,
              35.4275349
            ],
            [
              139.6709834,
              35.4258216
            ],
            [
              139.670944,
              35.425502
            ],
            [
              139.6709321,
              35.4253541
            ],
            [
              139.6708858,
              35.4246691
            ],
            [
              139.6708403,
              35.4237846
            ],
            [
              139.6707971,
              35.4230081
            ],
            [
              139.6707499,
              35.4222643
            ],
            [
              139.6705882,
              35.4188835
            ],
            [
              139.67055,
              35.4186
            ],
            [
              139.6704866,
              35.4182316
            ],
            [
              139.6704206,
              35.4179815
            ],
            [
              139.6703521,
              35.4177754
            ],
            [
              139.6702068,
              35.4173874
            ],
            [
              139.6700069,
              35.4169728
            ],
            [
              139.6699922,
              35.4169469
            ],
            [
              139.6697779,
              35.4165403
            ],
            [
              139.6695415,
              35.416172
            ],
            [
              139.6694015,
              35.4159987
            ],
            [
              139.6692267,
              35.4157958
            ],
            [
              139.6689705,
              35.4155343
            ],
            [
              139.6686357,
              35.4152336
            ],
            [
              139.6682906,
              35.4149575
            ],
            [
              139.6679416,
              35.4147219
            ],
            [
              139.6675788,
              35.4145014
            ],
            [
              139.6672226,
              35.4142941
            ],
            [
              139.6661213,
              35.4137098
            ],
            [
              139.6660004,
              35.4136471
            ],
            [
              139.6652818,
              35.4132831
            ],
            [
              139.6649483,
              35.4131198
            ],
            [
              139.6645425,
              35.4129281
            ],
            [
              139.6642878,
              35.4128249
            ],
            [
              139.6640063,
              35.4127227
            ],
            [
              139.6636864,
              35.4126256
            ],
            [
              139.6633676,
              35.4125443
            ],
            [
              139.6631185,
              35.4124903
            ],
            [
              139.6627615,
              35.4124246
            ],
            [
              139.6624443,
              35.4123835
            ],
            [
              139.6621213,
              35.4123621
            ],
            [
              139.6618011,
              35.4123586
            ],
            [
              139.661446,
              35.4123669
            ],
            [
              139.6611325,
              35.4123831
            ],
            [
              139.660835,
              35.4124176
            ],
            [
              139.6605333,
              35.4124663
            ],
            [
              139.6602472,
              35.4125266
            ],
            [
              139.6599394,
              35.412602
            ],
            [
              139.6596303,
              35.4126949
            ],
            [
              139.6592862,
              35.4128094
            ],
            [
              139.6589609,
              35.412954
            ],
            [
              139.6586078,
              35.4131383
            ],
            [
              139.6583078,
              35.4133145
            ],
            [
              139.6581958,
              35.4133867
            ],
            [
              139.6579676,
              35.4135226
            ],
            [
              139.6573951,
              35.4139593
            ],
            [
              139.6569995,
              35.4142809
            ],
            [
              139.6566518,
              35.4145726
            ],
            [
              139.6564023,
              35.4148477
            ],
            [
              139.6563687,
              35.4148849
            ],
            [
              139.6560497,
              35.4152269
            ],
            [
              139.6546706,
              35.416398
            ],
            [
              139.6544616,
              35.4165598
            ],
            [
              139.6541347,
              35.4167805
            ],
            [
              139.6537249,
              35.4170003
            ],
            [
              139.6535299,
              35.4170907
            ],
            [
              139.6529485,
              35.4173352
            ],
            [
              139.6525189,
              35.4174894
            ],
            [
              139.6517075,
              35.4177729
            ],
            [
              139.6508727,
              35.4180507
            ],
            [
              139.6501909,
              35.4182629
            ],
            [
              139.6498672,
              35.4183381
            ],
            [
              139.6494752,
              35.4184151
            ],
            [
              139.6490736,
              35.4184741
            ],
            [
              139.6487479,
              35.4184998
            ],
            [
              139.6481875,
              35.4185112
            ],
            [
              139.6477858,
              35.4184922
            ],
            [
              139.6474804,
              35.4184615
            ],
            [
              139.6472441,
              35.4184256
            ],
            [
              139.6467316,
              35.4183257
            ],
            [
              139.6459213,
              35.4181126
            ],
            [
              139.6442612,
              35.4176235
            ],
            [
              139.6432419,
              35.4173229
            ],
            [
              139.6414221,
              35.4167931
            ],
            [
              139.6405763,
              35.4165483
            ],
            [
              139.6399278,
              35.41636
            ],
            [
              139.6384227,
              35.4159507
            ],
            [
              139.6374147,
              35.4157119
            ],
            [
              139.6363228,
              35.415461
            ],
            [
              139.6350611,
              35.4151466
            ],
            [
              139.6343551,
              35.4149346
            ],
            [
              139.6335393,
              35.4146462
            ],
            [
              139.6329394,
              35.414401
            ],
            [
              139.6323147,
              35.4141255
            ],
            [
              139.6313644,
              35.4136496
            ],
            [
              139.6299912,
              35.4129083
            ],
            [
              139.6295771,
              35.412666
            ],
            [
              139.6291011,
              35.4123704
            ],
            [
              139.62868,
              35.4120891
            ],
            [
              139.6280464,
              35.4116233
            ],
            [
              139.6275563,
              35.4112238
            ],
            [
              139.6271103,
              35.4108272
            ],
            [
              139.6265936,
              35.4103195
            ],
            [
              139.6258362,
              35.4094729
            ],
            [
              139.6253885,
              35.4089291
            ],
            [
              139.6251779,
              35.4086551
            ],
            [
              139.624532,
              35.4077681
            ],
            [
              139.6241374,
              35.4071041
            ],
            [
              139.6239338,
              35.4067343
            ],
            [
              139.6238665,
              35.4066418
            ],
            [
              139.6235893,
              35.406233
            ],
            [
              139.6231396,
              35.4055632
            ],
            [
              139.6226237,
              35.4048458
            ],
            [
              139.6217157,
              35.403548
            ],
            [
              139.6215506,
              35.403312
            ],
            [
              139.6212213,
              35.4028192
            ],
            [
              139.6209334,
              35.4023932
            ],
            [
              139.6198481,
              35.4007587
            ],
            [
              139.618994,
              35.3994946
            ],
            [
              139.6187833,
              35.3991851
            ],
            [
              139.6183219,
              35.3987451
            ],
            [
              139.6180169,
              35.3983091
            ],
            [
              139.6176949,
              35.3978291
            ],
            [
              139.6173424,
              35.3972926
            ],
            [
              139.6170078,
              35.3966553
            ],
            [
              139.6169223,
              35.3964677
            ],
            [
              139.6168714,
              35.3963561
            ],
            [
              139.6166527,
              35.3957783
            ],
            [
              139.6165519,
              35.3954295
            ],
            [
              139.6165128,
              35.3952072
            ],
            [
              139.6164337,
              35.3946465
            ],
            [
              139.6164092,
              35.3944012
            ],
            [
              139.6164023,
              35.394166
            ],
            [
              139.616403,
              35.3938673
            ],
            [
              139.6164374,
              35.3934916
            ],
            [
              139.6165251,
              35.3929203
            ],
            [
              139.6165426,
              35.3927339
            ],
            [
              139.6166445,
              35.392299
            ],
            [
              139.6167148,
              35.3920208
            ],
            [
              139.6168395,
              35.3916578
            ],
            [
              139.617029,
              35.3912085
            ],
            [
              139.6173022,
              35.3906486
            ],
            [
              139.6179496,
              35.3896162
            ],
            [
              139.6184258,
              35.3889134
            ],
            [
              139.6186761,
              35.3886024
            ],
            [
              139.6187533,
              35.3885065
            ],
            [
              139.6191693,
              35.3880719
            ],
            [
              139.6198293,
              35.3873241
            ],
            [
              139.6208551,
              35.3864336
            ],
            [
              139.6211594,
              35.3861857
            ],
            [
              139.6219496,
              35.3855181
            ],
            [
              139.6224102,
              35.3851353
            ],
            [
              139.6229036,
              35.3847591
            ],
            [
              139.6232271,
              35.3845288
            ],
            [
              139.6233539,
              35.3844386
            ],
            [
              139.624175,
              35.3839614
            ],
            [
              139.6249694,
              35.3835378
            ],
            [
              139.6263419,
              35.3828457
            ],
            [
              139.6269642,
              35.3825583
            ],
            [
              139.6278436,
              35.3821706
            ],
            [
              139.6294727,
              35.3815708
            ],
            [
              139.6302696,
              35.3812665
            ],
            [
              139.6307345,
              35.3811048
            ],
            [
              139.6310455,
              35.3810115
            ],
            [
              139.6313431,
              35.3809343
            ],
            [
              139.6317658,
              35.3808382
            ],
            [
              139.6321931,
              35.3807496
            ],
            [
              139.6328012,
              35.3806355
            ],
            [
              139.6334043,
              35.3805324
            ],
            [
              139.6341442,
              35.3804028
            ],
            [
              139.6352787,
              35.3801739
            ],
            [
              139.636535,
              35.37987
            ],
            [
              139.6380413,
              35.3794674
            ],
            [
              139.6383022,
              35.3793963
            ],
            [
              139.6391106,
              35.3791665
            ],
            [
              139.6394528,
              35.3790571
            ],
            [
              139.6397715,
              35.3789388
            ],
            [
              139.6399905,
              35.3788466
            ],
            [
              139.6401944,
              35.3787516
            ],
            [
              139.6404633,
              35.3786105
            ],
            [
              139.6407429,
              35.3784438
            ],
            [
              139.6410624,
              35.3782526
            ],
            [
              139.641674,
              35.3777621
            ],
            [
              139.6419509,
              35.3775186
            ],
            [
              139.6421993,
              35.3772491
            ],
            [
              139.6423392,
              35.377072
            ],
            [
              139.6424681,
              35.3768979
            ],
            [
              139.6426737,
              35.3766064
            ],
            [
              139.6427965,
              35.3763942
            ],
            [
              139.6429113,
              35.3761811
            ],
            [
              139.6429924,
              35.375978
            ],
            [
              139.6430987,
              35.375692
            ],
            [
              139.6431712,
              35.3754429
            ],
            [
              139.6432313,
              35.3751924
            ],
            [
              139.6433162,
              35.3747453
            ],
            [
              139.6433632,
              35.3737001
            ],
            [
              139.6433989,
              35.3720175
            ],
            [
              139.6434006,
              35.3718718
            ],
            [
              139.6434181,
              35.3712846
            ],
            [
              139.6434204,
              35.3705695
            ],
            [
              139.6434131,
              35.3701305
            ],
            [
              139.6434128,
              35.3698515
            ],
            [
              139.643425,
              35.3695468
            ],
            [
              139.6434462,
              35.3691883
            ],
            [
              139.6434785,
              35.3686106
            ],
            [
              139.6435927,
              35.366891
            ],
            [
              139.643618,
              35.3664013
            ],
            [
              139.6436281,
              35.3661916
            ],
            [
              139.6437197,
              35.3644667
            ],
            [
              139.6437268,
              35.3641277
            ],
            [
              139.6437244,
              35.3625529
            ],
            [
              139.6437291,
              35.3623115
            ],
            [
              139.6437715,
              35.3615423
            ],
            [
              139.6437972,
              35.361399
            ],
            [
              139.6438011,
              35.3612909
            ],
            [
              139.6438081,
              35.3611618
            ],
            [
              139.6439561,
              35.3584497
            ],
            [
              139.6439825,
              35.3578008
            ],
            [
              139.6440751,
              35.3559533
            ],
            [
              139.6440818,
              35.3558022
            ],
            [
              139.6440853,
              35.3557251
            ],
            [
              139.6441247,
              35.3549153
            ],
            [
              139.6441825,
              35.3539678
            ],
            [
              139.6442383,
              35.3534612
            ],
            [
              139.6442081,
              35.3533564
            ],
            [
              139.6442903,
              35.3518168
            ],
            [
              139.6443365,
              35.3509938
            ],
            [
              139.6443412,
              35.3509234
            ],
            [
              139.6443535,
              35.3507299
            ],
            [
              139.6443781,
              35.350025
            ],
            [
              139.6444136,
              35.3493905
            ],
            [
              139.6444598,
              35.3484833
            ],
            [
              139.6445383,
              35.3475045
            ],
            [
              139.6445868,
              35.3470298
            ],
            [
              139.6446259,
              35.3464169
            ],
            [
              139.6446565,
              35.3460819
            ],
            [
              139.6446729,
              35.3457585
            ],
            [
              139.6446843,
              35.3456113
            ],
            [
              139.6446972,
              35.3454802
            ],
            [
              139.6447075,
              35.3453701
            ],
            [
              139.6447105,
              35.345332
            ],
            [
              139.6447212,
              35.3451479
            ],
            [
              139.6447218,
              35.345027
            ],
            [
              139.6446783,
              35.3443355
            ],
            [
              139.6446736,
              35.3441886
            ],
            [
              139.6446545,
              35.3438997
            ],
            [
              139.6446501,
              35.3436654
            ],
            [
              139.6446527,
              35.3435042
            ],
            [
              139.6446594,
              35.3433363
            ],
            [
              139.6446845,
              35.3426572
            ],
            [
              139.6447078,
              35.3418967
            ],
            [
              139.6447234,
              35.3411647
            ],
            [
              139.6447214,
              35.3410641
            ],
            [
              139.6447136,
              35.3409256
            ],
            [
              139.6447097,
              35.3407337
            ],
            [
              139.6447155,
              35.3404331
            ],
            [
              139.6447197,
              35.3401761
            ],
            [
              139.6447229,
              35.3398328
            ],
            [
              139.6447201,
              35.3394831
            ],
            [
              139.6447053,
              35.3391361
            ],
            [
              139.6446817,
              35.3388598
            ],
            [
              139.6446556,
              35.3386224
            ],
            [
              139.6446198,
              35.3383973
            ],
            [
              139.6445656,
              35.3381512
            ],
            [
              139.644513,
              35.3379325
            ],
            [
              139.6444571,
              35.3377243
            ],
            [
              139.6443855,
              35.3374954
            ],
            [
              139.6443052,
              35.3372856
            ],
            [
              139.6438978,
              35.3363286
            ],
            [
              139.6435259,
              35.3356296
            ],
            [
              139.6389026,
              35.3269674
            ],
            [
              139.638798,
              35.3267952
            ],
            [
              139.6386897,
              35.3266322
            ],
            [
              139.6385664,
              35.3264645
            ],
            [
              139.6355096,
              35.3229741
            ],
            [
              139.6353691,
              35.3227911
            ],
            [
              139.6352483,
              35.322592
            ],
            [
              139.6351546,
              35.3223789
            ],
            [
              139.635098,
              35.3221456
            ],
            [
              139.6350659,
              35.3219223
            ],
            [
              139.635056,
              35.3216549
            ],
            [
              139.6350708,
              35.3214397
            ],
            [
              139.6351127,
              35.3212446
            ],
            [
              139.6351842,
              35.3210495
            ],
            [
              139.6374329,
              35.3169067
            ]
          ],
          [
            [
              139.6372455,
              35.3169172
            ],
            [
              139.6350579,
              35.3210298
            ],
            [
              139.6349928,
              35.3212146
            ],
            [
              139.6349475,
              35.321404
            ],
            [
              139.6349192,
              35.3216258
            ],
            [
              139.6349107,
              35.3218799
            ],
            [
              139.6349395,
              35.3221273
            ],
            [
              139.6349938,
              35.3223657
            ],
            [
              139.635076,
              35.3225988
            ],
            [
              139.6351862,
              35.3227894
            ],
            [
              139.6353599,
              35.3229951
            ],
            [
              139.638337,
              35.3263441
            ],
            [
              139.6385239,
              35.3265774
            ],
            [
              139.6386966,
              35.3268246
            ],
            [
              139.638858,
              35.3270995
            ],
            [
              139.6434295,
              35.3356606
            ],
            [
              139.6438292,
              35.3363629
            ],
            [
              139.6438103,
              35.3363236
            ],
            [
              139.6437953,
              35.3362974
            ],
            [
              139.6437798,
              35.3362737
            ],
            [
              139.6437669,
              35.3362539
            ],
            [
              139.6436581,
              35.3361079
            ],
            [
              139.6436332,
              35.3360725
            ],
            [
              139.6436067,
              35.3360317
            ],
            [
              139.643502,
              35.3358569
            ],
            [
              139.6434976,
              35.3358423
            ],
            [
              139.6434963,
              35.3358228
            ],
            [
              139.6434999,
              35.3358036
            ],
            [
              139.6435107,
              35.3357816
            ],
            [
              139.6435246,
              35.3357655
            ],
            [
              139.6435442,
              35.3357509
            ],
            [
              139.643566,
              35.3357409
            ],
            [
              139.6435965,
              35.3357341
            ],
            [
              139.643624,
              35.3357339
            ],
            [
              139.6436505,
              35.3357388
            ],
            [
              139.6436725,
              35.3357476
            ],
            [
              139.6436893,
              35.335758
            ],
            [
              139.6437051,
              35.3357726
            ],
            [
              139.6437172,
              35.3357926
            ],
            [
              139.6437468,
              35.3358663
            ],
            [
              139.6437585,
              35.3358916
            ],
            [
              139.6437686,
              35.3359192
            ],
            [
              139.6437763,
              35.3359483
            ],
            [
              139.6438494,
              35.3361988
            ],
            [
              139.6438607,
              35.3362355
            ],
            [
              139.6438725,
              35.3362684
            ],
            [
              139.6438845,
              35.3362986
            ],
            [
              139.6438978,
              35.3363286
            ]
          ],
          [
            [
              139.7939074,
              35.5244053
            ],
            [
              139.7924232,
              35.519348
            ],
            [
              139.7922748,
              35.5188864
            ],
            [
              139.7921066,
              35.5184151
            ],
            [
              139.791931,
              35.5179498
            ],
            [
              139.7916695,
              35.5173295
            ],
            [
              139.7913856,
              35.5167639
            ],
            [
              139.791068,
              35.5161983
            ],
            [
              139.7907542,
              35.5157148
            ],
            [
              139.7903918,
              35.5152343
            ],
            [
              139.7900294,
              35.5147964
            ],
            [
              139.7896483,
              35.5143737
            ],
            [
              139.7891515,
              35.5138932
            ],
            [
              139.7885313,
              35.513355
            ],
            [
              139.7882025,
              35.5130691
            ],
            [
              139.787885,
              35.5128137
            ],
            [
              139.7875591,
              35.5125739
            ],
            [
              139.7872125,
              35.5123423
            ],
            [
              139.7868501,
              35.5121173
            ],
            [
              139.7862411,
              35.5117523
            ],
            [
              139.7839696,
              35.510472
            ],
            [
              139.7832747,
              35.5100828
            ],
            [
              139.78054,
              35.5084649
            ],
            [
              139.7792922,
              35.5077562
            ],
            [
              139.7781732,
              35.5071416
            ],
            [
              139.7729649,
              35.5043664
            ],
            [
              139.7722594,
              35.5040174
            ],
            [
              139.7716818,
              35.5037455
            ],
            [
              139.7698018,
              35.5029018
            ],
            [
              139.7604546,
              35.4987856
            ],
            [
              139.7410567,
              35.4901543
            ],
            [
              139.7199803,
              35.4808907
            ],
            [
              139.7153168,
              35.4789015
            ],
            [
              139.7117075,
              35.477362
            ],
            [
              139.7109103,
              35.4770542
            ],
            [
              139.710177,
              35.4768149
            ],
            [
              139.7093913,
              35.4765733
            ],
            [
              139.7066488,
              35.4756795
            ],
            [
              139.7057223,
              35.4753608
            ],
            [
              139.7050207,
              35.4750871
            ],
            [
              139.7041375,
              35.4747155
            ],
            [
              139.693124,
              35.4698127
            ],
            [
              139.692552,
              35.4695426
            ],
            [
              139.6919891,
              35.4692399
            ],
            [
              139.6914501,
              35.4689348
            ],
            [
              139.6906446,
              35.4684674
            ],
            [
              139.6899618,
              35.4680801
            ],
            [
              139.6893678,
              35.4677504
            ],
            [
              139.6886872,
              35.4673852
            ],
            [
              139.6879078,
              35.466998
            ],
            [
              139.6871963,
              35.466662
            ],
            [
              139.6852854,
              35.4658155
            ],
            [
              139.6848448,
              35.4656169
            ],
            [
              139.6845082,
              35.4654646
            ],
            [
              139.684113,
              35.4652818
            ],
            [
              139.6837325,
              35.465099
            ],
            [
              139.6833503,
              35.4649083
            ],
            [
              139.6830462,
              35.464748
            ],
            [
              139.6827974,
              35.4646129
            ],
            [
              139.6825226,
              35.4644553
            ],
            [
              139.6822657,
              35.464303
            ],
            [
              139.6819762,
              35.4641215
            ],
            [
              139.6817681,
              35.4639904
            ],
            [
              139.6815339,
              35.4638315
            ],
            [
              139.6812835,
              35.463658
            ],
            [
              139.6810639,
              35.4635003
            ],
            [
              139.6807745,
              35.4632818
            ],
            [
              139.6805549,
              35.4631096
            ],
            [
              139.6802736,
              35.4628778
            ],
            [
              139.6800817,
              35.4627149
            ],
            [
              139.6798077,
              35.4624691
            ],
            [
              139.6795678,
              35.4622486
            ],
            [
              139.6794084,
              35.4620928
            ],
            [
              139.6795678,
              35.4622486
            ],
            [
              139.6798077,
              35.4624691
            ],
            [
              139.6800817,
              35.4627149
            ],
            [
              139.6802736,
              35.4628778
            ],
            [
              139.6805549,
              35.4631096
            ],
            [
              139.6807745,
              35.4632818
            ],
            [
              139.6810639,
              35.4635003
            ],
            [
              139.6812835,
              35.463658
            ],
            [
              139.6815339,
              35.4638315
            ],
            [
              139.6817681,
              35.4639904
            ],
            [
              139.6819762,
              35.4641215
            ],
            [
              139.6822657,
              35.464303
            ],
            [
              139.6825226,
              35.4644553
            ],
            [
              139.6827974,
              35.4646129
            ],
            [
              139.6830462,
              35.464748
            ],
            [
              139.6833503,
              35.4649083
            ],
            [
              139.6837325,
              35.465099
            ],
            [
              139.684113,
              35.4652818
            ],
            [
              139.6845082,
              35.4654646
            ],
            [
              139.6848448,
              35.4656169
            ],
            [
              139.6852854,
              35.4658155
            ],
            [
              139.6871963,
              35.466662
            ],
            [
              139.6879078,
              35.466998
            ],
            [
              139.6886872,
              35.4673852
            ],
            [
              139.6893678,
              35.4677504
            ],
            [
              139.6899618,
              35.4680801
            ],
            [
              139.6906446,
              35.4684674
            ],
            [
              139.6914501,
              35.4689348
            ],
            [
              139.6919891,
              35.4692399
            ],
            [
              139.692552,
              35.4695426
            ],
            [
              139.693124,
              35.4698127
            ],
            [
              139.7041375,
              35.4747155
            ],
            [
              139.7050207,
              35.4750871
            ],
            [
              139.7057223,
              35.4753608
            ],
            [
              139.7066488,
              35.4756795
            ],
            [
              139.7093913,
              35.4765733
            ],
            [
              139.710177,
              35.4768149
            ],
            [
              139.7109103,
              35.4770542
            ],
            [
              139.7117075,
              35.477362
            ],
            [
              139.7153168,
              35.4789015
            ],
            [
              139.7199803,
              35.4808907
            ],
            [
              139.7410567,
              35.4901543
            ],
            [
              139.7604546,
              35.4987856
            ],
            [
              139.7698018,
              35.5029018
            ]
          ],
          [
            [
              139.6438292,
              35.3363629
            ],
            [
              139.6442037,
              35.3373118
            ],
            [
              139.6442792,
              35.3375173
            ],
            [
              139.6443377,
              35.3377019
            ],
            [
              139.6443723,
              35.3378452
            ],
            [
              139.6444035,
              35.3379778
            ],
            [
              139.6444691,
              35.3383052
            ],
            [
              139.6445287,
              35.3386767
            ],
            [
              139.64457,
              35.3389768
            ],
            [
              139.6445982,
              35.339287
            ],
            [
              139.644614,
              35.3395752
            ],
            [
              139.6446165,
              35.3398394
            ],
            [
              139.6446077,
              35.3402867
            ],
            [
              139.6445961,
              35.3404959
            ],
            [
              139.6445825,
              35.3406688
            ],
            [
              139.6445719,
              35.3407808
            ],
            [
              139.6445562,
              35.3409602
            ],
            [
              139.6445402,
              35.3411609
            ],
            [
              139.6444276,
              35.3422992
            ],
            [
              139.6443961,
              35.3426032
            ],
            [
              139.6443192,
              35.3433253
            ],
            [
              139.6443042,
              35.3434844
            ],
            [
              139.6442953,
              35.3436403
            ],
            [
              139.6443022,
              35.3437909
            ],
            [
              139.6443145,
              35.3438819
            ],
            [
              139.6443536,
              35.3440868
            ],
            [
              139.6445572,
              35.3446925
            ],
            [
              139.6445771,
              35.3447663
            ],
            [
              139.6445889,
              35.3448327
            ],
            [
              139.6446136,
              35.3449629
            ],
            [
              139.6446242,
              35.34505
            ],
            [
              139.6446312,
              35.3451658
            ],
            [
              139.6446276,
              35.3452444
            ],
            [
              139.6446219,
              35.345328
            ],
            [
              139.6446149,
              35.34537
            ],
            [
              139.6445939,
              35.3454841
            ],
            [
              139.6445728,
              35.3456048
            ],
            [
              139.6445454,
              35.3457571
            ],
            [
              139.6445329,
              35.3458243
            ],
            [
              139.6445183,
              35.3458914
            ],
            [
              139.6444948,
              35.3459643
            ],
            [
              139.6443731,
              35.3462027
            ],
            [
              139.644224,
              35.3464652
            ],
            [
              139.6441628,
              35.3465948
            ],
            [
              139.6441065,
              35.3467424
            ],
            [
              139.6440719,
              35.3468536
            ],
            [
              139.6440534,
              35.3469497
            ],
            [
              139.6440342,
              35.3471483
            ],
            [
              139.6440011,
              35.347845
            ],
            [
              139.6439835,
              35.3494702
            ],
            [
              139.6439098,
              35.3509154
            ],
            [
              139.6439055,
              35.3509993
            ],
            [
              139.6437911,
              35.3533535
            ],
            [
              139.6437047,
              35.3548481
            ],
            [
              139.6436994,
              35.3549388
            ],
            [
              139.6435746,
              35.3570827
            ],
            [
              139.6435039,
              35.358604
            ],
            [
              139.6433454,
              35.3611438
            ],
            [
              139.643331,
              35.361318
            ],
            [
              139.6433151,
              35.3615288
            ],
            [
              139.6432954,
              35.3617522
            ],
            [
              139.6432683,
              35.3619539
            ],
            [
              139.6432361,
              35.3621333
            ],
            [
              139.6429896,
              35.3633121
            ],
            [
              139.6429626,
              35.3634891
            ],
            [
              139.6429343,
              35.3636667
            ],
            [
              139.6429171,
              35.3638455
            ],
            [
              139.6429012,
              35.3652357
            ],
            [
              139.6428975,
              35.3656271
            ],
            [
              139.642892,
              35.3661906
            ],
            [
              139.642886,
              35.3663939
            ],
            [
              139.6428543,
              35.3671545
            ],
            [
              139.6428476,
              35.3677063
            ],
            [
              139.642847,
              35.368417
            ],
            [
              139.6428968,
              35.3711745
            ],
            [
              139.6427941,
              35.3736331
            ],
            [
              139.6427712,
              35.3742006
            ],
            [
              139.6427315,
              35.3747141
            ],
            [
              139.6426603,
              35.37524
            ],
            [
              139.6426211,
              35.3754601
            ],
            [
              139.6425648,
              35.3757163
            ],
            [
              139.6425096,
              35.375924
            ],
            [
              139.6424492,
              35.3761304
            ],
            [
              139.642389,
              35.3763017
            ],
            [
              139.6423285,
              35.3764509
            ],
            [
              139.6422218,
              35.3766751
            ],
            [
              139.64211,
              35.3768986
            ],
            [
              139.6420265,
              35.377042
            ],
            [
              139.6419204,
              35.3771899
            ],
            [
              139.6416878,
              35.3774634
            ],
            [
              139.6415165,
              35.3776317
            ],
            [
              139.6413405,
              35.377793
            ],
            [
              139.641206,
              35.3779061
            ],
            [
              139.641085,
              35.3780023
            ],
            [
              139.6408234,
              35.3781753
            ],
            [
              139.6405764,
              35.378322
            ],
            [
              139.6403664,
              35.3784314
            ],
            [
              139.6401406,
              35.3785333
            ],
            [
              139.6398695,
              35.3786432
            ],
            [
              139.6396186,
              35.3787355
            ],
            [
              139.6393517,
              35.378831
            ],
            [
              139.6390489,
              35.3789268
            ],
            [
              139.6386297,
              35.3790415
            ],
            [
              139.6382125,
              35.3791334
            ],
            [
              139.6376316,
              35.3792636
            ],
            [
              139.636416,
              35.3795284
            ],
            [
              139.6339686,
              35.3800957
            ],
            [
              139.6336064,
              35.3801741
            ],
            [
              139.6333476,
              35.3802302
            ],
            [
              139.6331394,
              35.3802775
            ],
            [
              139.6320685,
              35.380521
            ],
            [
              139.6312545,
              35.3807092
            ],
            [
              139.6301674,
              35.3809941
            ],
            [
              139.6289101,
              35.3813719
            ],
            [
              139.6278123,
              35.3817016
            ],
            [
              139.6274871,
              35.3818179
            ],
            [
              139.6271331,
              35.381953
            ],
            [
              139.6264796,
              35.3822348
            ],
            [
              139.6260652,
              35.3824299
            ],
            [
              139.6255325,
              35.3826904
            ],
            [
              139.6250538,
              35.3829388
            ],
            [
              139.6245152,
              35.3832336
            ],
            [
              139.6240608,
              35.3835174
            ],
            [
              139.6235483,
              35.3838434
            ],
            [
              139.6233314,
              35.3839736
            ],
            [
              139.623041,
              35.3841521
            ],
            [
              139.6228887,
              35.3842448
            ],
            [
              139.6227688,
              35.3843277
            ],
            [
              139.622206,
              35.3847171
            ],
            [
              139.6219339,
              35.384914
            ],
            [
              139.6215872,
              35.3851747
            ],
            [
              139.6211941,
              35.3854849
            ],
            [
              139.62092,
              35.3857195
            ],
            [
              139.620435,
              35.3861668
            ],
            [
              139.6202626,
              35.3863357
            ],
            [
              139.620073,
              35.3865378
            ],
            [
              139.6189129,
              35.3878578
            ],
            [
              139.618151,
              35.3888127
            ],
            [
              139.6174907,
              35.3897475
            ],
            [
              139.6171331,
              35.3903156
            ],
            [
              139.616789,
              35.3909846
            ],
            [
              139.6164822,
              35.39167
            ],
            [
              139.6163539,
              35.3920422
            ],
            [
              139.6162426,
              35.3924221
            ],
            [
              139.6161572,
              35.3927357
            ],
            [
              139.6161072,
              35.3932052
            ],
            [
              139.6160766,
              35.3934866
            ],
            [
              139.6160695,
              35.3938695
            ],
            [
              139.616221,
              35.3946256
            ],
            [
              139.6162592,
              35.3948071
            ],
            [
              139.6164182,
              35.3954799
            ],
            [
              139.6165164,
              35.3958108
            ],
            [
              139.6166539,
              35.3961891
            ],
            [
              139.6167285,
              35.3963774
            ],
            [
              139.616777,
              35.3964846
            ],
            [
              139.6168631,
              35.3966828
            ],
            [
              139.6169548,
              35.3968383
            ],
            [
              139.617173,
              35.3972508
            ],
            [
              139.6175116,
              35.3977853
            ],
            [
              139.6179309,
              35.398353
            ],
            [
              139.6181594,
              35.398743
            ],
            [
              139.6182633,
              35.3989149
            ],
            [
              139.618409,
              35.3992217
            ],
            [
              139.6195098,
              35.4009102
            ],
            [
              139.6206349,
              35.4025383
            ],
            [
              139.6209242,
              35.40296
            ],
            [
              139.6214884,
              35.4037972
            ],
            [
              139.6228074,
              35.4057121
            ],
            [
              139.6236403,
              35.4068438
            ],
            [
              139.6242072,
              35.4077429
            ],
            [
              139.6245297,
              35.4081991
            ],
            [
              139.6247564,
              35.4084937
            ]
          ],
          [
            [
              139.6236403,
              35.4068438
            ],
            [
              139.6239137,
              35.407168
            ],
            [
              139.6244108,
              35.4077778
            ],
            [
              139.6251353,
              35.4087431
            ],
            [
              139.6254819,
              35.4091813
            ],
            [
              139.6258578,
              35.4096396
            ],
            [
              139.6263692,
              35.4102033
            ],
            [
              139.6267975,
              35.4106403
            ],
            [
              139.6272289,
              35.4110433
            ],
            [
              139.6275108,
              35.4112919
            ],
            [
              139.6279067,
              35.4116209
            ],
            [
              139.628566,
              35.4121118
            ],
            [
              139.6290652,
              35.4124332
            ],
            [
              139.6298601,
              35.4129166
            ],
            [
              139.6303299,
              35.413184
            ],
            [
              139.6306688,
              35.4133711
            ],
            [
              139.6314037,
              35.4137653
            ],
            [
              139.6324528,
              35.4142738
            ],
            [
              139.6329843,
              35.4145035
            ],
            [
              139.6332893,
              35.4146241
            ],
            [
              139.6337761,
              35.4148011
            ],
            [
              139.6343261,
              35.4149932
            ],
            [
              139.6347913,
              35.4151338
            ],
            [
              139.6354214,
              35.4153121
            ],
            [
              139.6359729,
              35.4154527
            ],
            [
              139.6368063,
              35.4156485
            ],
            [
              139.6375519,
              35.4158243
            ],
            [
              139.6382451,
              35.41599
            ],
            [
              139.6391849,
              35.4162336
            ],
            [
              139.6400953,
              35.4164834
            ],
            [
              139.6410443,
              35.4167609
            ],
            [
              139.646031,
              35.4182373
            ],
            [
              139.6465855,
              35.4183879
            ],
            [
              139.6469753,
              35.4184821
            ],
            [
              139.6472449,
              35.4185348
            ],
            [
              139.6479265,
              35.4186183
            ],
            [
              139.6482035,
              35.4186247
            ],
            [
              139.6485875,
              35.4186172
            ],
            [
              139.6491811,
              35.4185634
            ],
            [
              139.6497804,
              35.4184734
            ],
            [
              139.6501605,
              35.4183855
            ],
            [
              139.6509396,
              35.4181393
            ],
            [
              139.652829,
              35.4174568
            ],
            [
              139.6534127,
              35.4172248
            ],
            [
              139.6537074,
              35.4170976
            ],
            [
              139.6545716,
              35.4165901
            ],
            [
              139.6549537,
              35.4162951
            ],
            [
              139.6551955,
              35.4160804
            ],
            [
              139.6565211,
              35.4149741
            ],
            [
              139.656841,
              35.4147072
            ]
          ],
          [
            [
              139.657188,
              35.4144283
            ],
            [
              139.6583698,
              35.4135654
            ],
            [
              139.6584537,
              35.4135085
            ],
            [
              139.6585294,
              35.4134686
            ],
            [
              139.6588358,
              35.4132957
            ],
            [
              139.6590989,
              35.4131616
            ],
            [
              139.6593613,
              35.413059
            ],
            [
              139.6596002,
              35.4129646
            ],
            [
              139.6598517,
              35.412878
            ],
            [
              139.6601908,
              35.412779
            ],
            [
              139.6605292,
              35.4126992
            ],
            [
              139.6609354,
              35.4126388
            ],
            [
              139.6611748,
              35.4126118
            ],
            [
              139.6615314,
              35.4125932
            ],
            [
              139.661847,
              35.4125808
            ],
            [
              139.6623687,
              35.4126027
            ],
            [
              139.6627143,
              35.4126341
            ],
            [
              139.6630341,
              35.4127015
            ],
            [
              139.6634034,
              35.4127778
            ],
            [
              139.6636881,
              35.4128518
            ],
            [
              139.6640246,
              35.4129609
            ],
            [
              139.6643889,
              35.4131005
            ],
            [
              139.6647451,
              35.4132662
            ],
            [
              139.6651827,
              35.4134827
            ],
            [
              139.6658552,
              35.4138412
            ],
            [
              139.6659718,
              35.4139019
            ],
            [
              139.6661989,
              35.4140231
            ],
            [
              139.6667305,
              35.4143081
            ],
            [
              139.667169,
              35.4145531
            ],
            [
              139.6675472,
              35.4147719
            ],
            [
              139.6678178,
              35.4149406
            ],
            [
              139.6680883,
              35.4151257
            ],
            [
              139.6683168,
              35.4152905
            ],
            [
              139.6685387,
              35.415463
            ],
            [
              139.6687954,
              35.4156849
            ],
            [
              139.6690328,
              35.4159279
            ],
            [
              139.6692369,
              35.4161699
            ],
            [
              139.6694042,
              35.4163897
            ],
            [
              139.6695634,
              35.4166247
            ],
            [
              139.6696866,
              35.4168304
            ],
            [
              139.6697856,
              35.4170202
            ],
            [
              139.669885,
              35.4172001
            ],
            [
              139.6699994,
              35.4174455
            ],
            [
              139.6701017,
              35.4177106
            ],
            [
              139.6701824,
              35.41798
            ],
            [
              139.6702518,
              35.4182824
            ],
            [
              139.6703028,
              35.4185793
            ],
            [
              139.6703424,
              35.4188896
            ],
            [
              139.6704904,
              35.422252
            ],
            [
              139.6705713,
              35.4235266
            ],
            [
              139.6707416,
              35.4253636
            ],
            [
              139.6707474,
              35.425513
            ],
            [
              139.6711601,
              35.4274522
            ],
            [
              139.6713586,
              35.427952
            ],
            [
              139.6713943,
              35.4280951
            ],
            [
              139.6714218,
              35.4283338
            ],
            [
              139.671432,
              35.4285344
            ],
            [
              139.6714292,
              35.4287711
            ],
            [
              139.6714024,
              35.4290025
            ],
            [
              139.6713534,
              35.4292406
            ],
            [
              139.671298,
              35.4294881
            ],
            [
              139.6712299,
              35.4297383
            ],
            [
              139.6701689,
              35.4334144
            ],
            [
              139.6700148,
              35.4339424
            ],
            [
              139.6699081,
              35.434286
            ],
            [
              139.669848,
              35.4344691
            ],
            [
              139.6697273,
              35.4348264
            ],
            [
              139.6696455,
              35.4350762
            ],
            [
              139.6695639,
              35.4353325
            ],
            [
              139.6695017,
              35.4355207
            ],
            [
              139.6694226,
              35.4357399
            ],
            [
              139.6693231,
              35.4359905
            ],
            [
              139.6692057,
              35.4362331
            ],
            [
              139.6691112,
              35.4364208
            ],
            [
              139.6690161,
              35.4366058
            ],
            [
              139.6685937,
              35.4374026
            ],
            [
              139.668373,
              35.4378152
            ],
            [
              139.6682049,
              35.4381384
            ],
            [
              139.6680312,
              35.4384871
            ],
            [
              139.6678917,
              35.4387888
            ],
            [
              139.6677536,
              35.4391173
            ],
            [
              139.6676207,
              35.4394611
            ],
            [
              139.6675131,
              35.4397757
            ],
            [
              139.6674391,
              35.4400342
            ],
            [
              139.6673744,
              35.4402934
            ],
            [
              139.6673327,
              35.4404876
            ],
            [
              139.6672783,
              35.4407696
            ],
            [
              139.6672382,
              35.4410299
            ],
            [
              139.6672002,
              35.4413973
            ],
            [
              139.667181,
              35.441732
            ],
            [
              139.6671756,
              35.4420263
            ],
            [
              139.667185,
              35.4423054
            ],
            [
              139.6671989,
              35.442535
            ],
            [
              139.6672283,
              35.4428375
            ],
            [
              139.6672583,
              35.4430606
            ],
            [
              139.6673043,
              35.4433276
            ],
            [
              139.667353,
              35.4435587
            ],
            [
              139.667405,
              35.4437964
            ],
            [
              139.6674673,
              35.4440315
            ],
            [
              139.6675334,
              35.4442472
            ],
            [
              139.6675923,
              35.4444175
            ],
            [
              139.6676591,
              35.4446055
            ],
            [
              139.6677647,
              35.4448784
            ],
            [
              139.6678687,
              35.4451126
            ],
            [
              139.667934,
              35.4452525
            ],
            [
              139.6680205,
              35.4454293
            ],
            [
              139.668193,
              35.4457536
            ],
            [
              139.6683716,
              35.446062
            ],
            [
              139.6685769,
              35.4463931
            ],
            [
              139.6687804,
              35.4467096
            ],
            [
              139.6694226,
              35.4476728
            ],
            [
              139.6771821,
              35.4593665
            ],
            [
              139.6773959,
              35.459683
            ],
            [
              139.6776182,
              35.4599991
            ],
            [
              139.6779263,
              35.4604232
            ],
            [
              139.6782043,
              35.4607917
            ],
            [
              139.6784592,
              35.461104
            ],
            [
              139.6787114,
              35.4613917
            ],
            [
              139.6789568,
              35.4616637
            ],
            [
              139.6791373,
              35.4618522
            ],
            [
              139.679228,
              35.4619499
            ],
            [
              139.6793178,
              35.4620542
            ],
            [
              139.6793987,
              35.4621661
            ],
            [
              139.6794553,
              35.4622564
            ],
            [
              139.6796997,
              35.4626576
            ],
            [
              139.6798044,
              35.4627711
            ]
          ],
          [
            [
              139.6566518,
              35.4145726
            ],
            [
              139.6557393,
              35.415338
            ],
            [
              139.6547264,
              35.4162168
            ],
            [
              139.6544234,
              35.4164615
            ],
            [
              139.6541713,
              35.4166454
            ],
            [
              139.6539267,
              35.4167965
            ],
            [
              139.6537681,
              35.4168883
            ],
            [
              139.6536276,
              35.4169548
            ],
            [
              139.6533669,
              35.4170781
            ],
            [
              139.6529049,
              35.4172872
            ],
            [
              139.6520332,
              35.4176754
            ],
            [
              139.6516402,
              35.4178245
            ],
            [
              139.6511169,
              35.4180106
            ]
          ],
          [
            [
              139.6692487,
              35.4358809
            ],
            [
              139.6691478,
              35.436096
            ],
            [
              139.6690491,
              35.4362944
            ],
            [
              139.6689536,
              35.4364832
            ],
            [
              139.6688614,
              35.4366616
            ],
            [
              139.668253,
              35.4378014
            ],
            [
              139.6681136,
              35.4380724
            ],
            [
              139.6679934,
              35.4383119
            ],
            [
              139.6678003,
              35.438721
            ],
            [
              139.6676865,
              35.438978
            ],
            [
              139.6675986,
              35.4391965
            ],
            [
              139.667517,
              35.4394142
            ],
            [
              139.6674409,
              35.4396318
            ],
            [
              139.6673572,
              35.4399063
            ],
            [
              139.6672939,
              35.4401476
            ],
            [
              139.6672434,
              35.4403643
            ],
            [
              139.6671962,
              35.4405846
            ],
            [
              139.6671501,
              35.440846
            ],
            [
              139.6671158,
              35.4410907
            ],
            [
              139.6670911,
              35.4413407
            ],
            [
              139.6670761,
              35.4415671
            ],
            [
              139.6670675,
              35.4417786
            ],
            [
              139.6670643,
              35.4420146
            ],
            [
              139.6670686,
              35.4422401
            ],
            [
              139.6670793,
              35.4424516
            ],
            [
              139.6670954,
              35.442678
            ],
            [
              139.6671222,
              35.442914
            ],
            [
              139.6671576,
              35.4431605
            ],
            [
              139.6672091,
              35.4434516
            ],
            [
              139.6672617,
              35.4436858
            ],
            [
              139.66731,
              35.4438869
            ],
            [
              139.6673776,
              35.4441299
            ],
            [
              139.6674462,
              35.4443449
            ],
            [
              139.667516,
              35.4445485
            ],
            [
              139.66759,
              35.4447426
            ],
            [
              139.667678,
              35.444962
            ],
            [
              139.6677853,
              35.4452014
            ],
            [
              139.6678925,
              35.4454287
            ],
            [
              139.6680095,
              35.4456533
            ],
            [
              139.6681382,
              35.4458806
            ],
            [
              139.6683002,
              35.4461594
            ],
            [
              139.6684773,
              35.4464391
            ],
            [
              139.6686661,
              35.4467357
            ],
            [
              139.6769343,
              35.4591889
            ],
            [
              139.6771815,
              35.4595577
            ],
            [
              139.6774095,
              35.4598859
            ],
            [
              139.6776501,
              35.4602307
            ],
            [
              139.6779106,
              35.460587
            ],
            [
              139.6781046,
              35.4608326
            ],
            [
              139.6783112,
              35.4610909
            ],
            [
              139.6785915,
              35.4614161
            ],
            [
              139.6788299,
              35.4616813
            ],
            [
              139.6791109,
              35.4619784
            ],
            [
              139.6793985,
              35.4622598
            ],
            [
              139.6797118,
              35.4625552
            ],
            [
              139.6800139,
              35.4628232
            ],
            [
              139.6803112,
              35.4630769
            ],
            [
              139.6805901,
              35.4633017
            ],
            [
              139.6808449,
              35.4634943
            ],
            [
              139.6811436,
              35.4637111
            ],
            [
              139.681506,
              35.4639613
            ],
            [
              139.6817934,
              35.4641504
            ],
            [
              139.6820808,
              35.4643326
            ],
            [
              139.6823894,
              35.4645194
            ],
            [
              139.6826428,
              35.4646635
            ],
            [
              139.6829401,
              35.4648261
            ],
            [
              139.68327,
              35.4650025
            ],
            [
              139.6835814,
              35.4651581
            ],
            [
              139.6838716,
              35.4652988
            ],
            [
              139.6842057,
              35.4654591
            ],
            [
              139.6845059,
              35.4655951
            ],
            [
              139.6847833,
              35.4657197
            ],
            [
              139.6851429,
              35.4658834
            ],
            [
              139.6873908,
              35.4668815
            ],
            [
              139.6881008,
              35.4672104
            ],
            [
              139.6887546,
              35.4675391
            ],
            [
              139.689315,
              35.4678342
            ],
            [
              139.6898642,
              35.4681446
            ],
            [
              139.6905629,
              35.468534
            ],
            [
              139.691381,
              35.469027
            ],
            [
              139.6919116,
              35.4693221
            ],
            [
              139.692472,
              35.4696233
            ],
            [
              139.6931071,
              35.4699306
            ],
            [
              139.7044422,
              35.4749542
            ],
            [
              139.7050901,
              35.4752248
            ],
            [
              139.705684,
              35.4754507
            ],
            [
              139.7063155,
              35.4756809
            ],
            [
              139.7069218,
              35.4759017
            ],
            [
              139.7075683,
              35.4761605
            ],
            [
              139.7150058,
              35.4794398
            ],
            [
              139.7289231,
              35.4855757
            ],
            [
              139.7342507,
              35.4878067
            ],
            [
              139.7407535,
              35.4906415
            ],
            [
              139.7600853,
              35.4992107
            ],
            [
              139.7694106,
              35.5033866
            ],
            [
              139.7701804,
              35.5037559
            ],
            [
              139.7709893,
              35.5041642
            ],
            [
              139.7718453,
              35.5046319
            ],
            [
              139.7783243,
              35.508124
            ],
            [
              139.7790294,
              35.5085137
            ],
            [
              139.7797432,
              35.5089174
            ],
            [
              139.7805371,
              35.5093776
            ],
            [
              139.7812966,
              35.5098379
            ],
            [
              139.7819987,
              35.510245
            ],
            [
              139.7835625,
              35.5111363
            ],
            [
              139.7846848,
              35.5118008
            ],
            [
              139.78561,
              35.5123805
            ],
            [
              139.7862941,
              35.5128491
            ],
            [
              139.7868365,
              35.5132687
            ],
            [
              139.787382,
              35.5137307
            ],
            [
              139.7876664,
              35.5139934
            ],
            [
              139.7878631,
              35.5141752
            ],
            [
              139.7883317,
              35.5146481
            ],
            [
              139.7887971,
              35.5151407
            ],
            [
              139.789263,
              35.5156874
            ],
            [
              139.7899776,
              35.5166371
            ],
            [
              139.7902668,
              35.51707
            ],
            [
              139.7906309,
              35.5176808
            ],
            [
              139.7909419,
              35.5182653
            ],
            [
              139.7912254,
              35.5188526
            ],
            [
              139.7914507,
              35.5193842
            ],
            [
              139.7916592,
              35.5199812
            ],
            [
              139.7918577,
              35.520584
            ],
            [
              139.794185,
              35.528618
            ],
            [
              139.7944066,
              35.5294896
            ],
            [
              139.794612,
              35.5303225
            ],
            [
              139.7947903,
              35.5311235
            ],
            [
              139.7949516,
              35.5320444
            ],
            [
              139.7950636,
              35.5328988
            ],
            [
              139.7951089,
              35.5337117
            ],
            [
              139.795092,
              35.5345107
            ],
            [
              139.7950045,
              35.5352484
            ],
            [
              139.7948495,
              35.5360096
            ],
            [
              139.7946831,
              35.5366648
            ],
            [
              139.7944687,
              35.5372594
            ],
            [
              139.7942095,
              35.5378417
            ],
            [
              139.7939,
              35.5384
            ],
            [
              139.7935021,
              35.5390442
            ],
            [
              139.793119,
              35.5396215
            ],
            [
              139.7909922,
              35.5426521
            ],
            [
              139.7904678,
              35.5434134
            ],
            [
              139.7894102,
              35.5449473
            ],
            [
              139.7893294,
              35.5451283
            ],
            [
              139.7891401,
              35.5454213
            ],
            [
              139.7888581,
              35.545819
            ],
            [
              139.7881686,
              35.5467233
            ],
            [
              139.787488,
              35.547634
            ],
            [
              139.7869317,
              35.5484173
            ],
            [
              139.7862639,
              35.5493634
            ],
            [
              139.7860506,
              35.5496642
            ],
            [
              139.7858159,
              35.5499897
            ],
            [
              139.7855801,
              35.5503479
            ],
            [
              139.7848852,
              35.5513656
            ],
            [
              139.7842681,
              35.5522027
            ],
            [
              139.7836018,
              35.5531452
            ],
            [
              139.7831708,
              35.5537672
            ],
            [
              139.7830077,
              35.5539471
            ],
            [
              139.7826024,
              35.5545191
            ],
            [
              139.7819737,
              35.5554102
            ],
            [
              139.7815271,
              35.5560215
            ],
            [
              139.7811383,
              35.5565331
            ],
            [
              139.780934,
              35.5568022
            ],
            [
              139.7806503,
              35.5571442
            ],
            [
              139.7804069,
              35.5574215
            ],
            [
              139.780166,
              35.5576796
            ],
            [
              139.7799366,
              35.5579072
            ],
            [
              139.779666,
              35.5581562
            ],
            [
              139.7793275,
              35.5584511
            ],
            [
              139.7787861,
              35.5588733
            ],
            [
              139.7784635,
              35.5591139
            ],
            [
              139.777982,
              35.5594449
            ],
            [
              139.777526,
              35.5596913
            ],
            [
              139.7769579,
              35.5600284
            ],
            [
              139.7763849,
              35.5603412
            ],
            [
              139.7751597,
              35.5609889
            ],
            [
              139.7734839,
              35.5618432
            ],
            [
              139.772374,
              35.562395
            ],
            [
              139.7709537,
              35.5630916
            ],
            [
              139.7697713,
              35.563679
            ],
            [
              139.7655109,
              35.565788
            ],
            [
              139.7637046,
              35.5666821
            ],
            [
              139.7629553,
              35.5670592
            ],
            [
              139.7624172,
              35.5673144
            ],
            [
              139.7620786,
              35.5674884
            ],
            [
              139.7615919,
              35.5677677
            ],
            [
              139.7611366,
              35.5680512
            ],
            [
              139.7608377,
              35.56828
            ],
            [
              139.7605402,
              35.5685397
            ],
            [
              139.7601279,
              35.5689834
            ],
            [
              139.7598897,
              35.5692649
            ],
            [
              139.7598837,
              35.5692724
            ],
            [
              139.7597326,
              35.5695144
            ],
            [
              139.759507,
              35.5699035
            ],
            [
              139.7592335,
              35.5705068
            ],
            [
              139.7591666,
              35.5707577
            ],
            [
              139.7591218,
              35.5709219
            ],
            [
              139.7590962,
              35.5710255
            ],
            [
              139.7586791,
              35.5723545
            ],
            [
              139.7586423,
              35.572437
            ],
            [
              139.7586139,
              35.572519
            ],
            [
              139.7585671,
              35.5726271
            ],
            [
              139.7581069,
              35.5741029
            ],
            [
              139.757034,
              35.5775205
            ],
            [
              139.7568259,
              35.5781781
            ],
            [
              139.7568075,
              35.5782365
            ],
            [
              139.7567679,
              35.5783617
            ],
            [
              139.7567206,
              35.5785082
            ],
            [
              139.7566883,
              35.5786232
            ],
            [
              139.7565975,
              35.5789744
            ],
            [
              139.7564477,
              35.5797093
            ],
            [
              139.7563087,
              35.5802247
            ],
            [
              139.756077,
              35.5809556
            ],
            [
              139.7559521,
              35.581348
            ],
            [
              139.7557005,
              35.5821336
            ],
            [
              139.7553703,
              35.5831626
            ],
            [
              139.755242,
              35.5836117
            ],
            [
              139.755171,
              35.5838966
            ],
            [
              139.7550984,
              35.5842384
            ],
            [
              139.7550482,
              35.5845113
            ],
            [
              139.755002,
              35.5848309
            ],
            [
              139.7549716,
              35.5851187
            ],
            [
              139.75495,
              35.5853718
            ],
            [
              139.7549388,
              35.5855793
            ],
            [
              139.754934,
              35.5857969
            ],
            [
              139.7549288,
              35.5861256
            ],
            [
              139.7549337,
              35.5887505
            ],
            [
              139.7549243,
              35.5890062
            ],
            [
              139.7548717,
              35.5895521
            ],
            [
              139.7548406,
              35.5899496
            ],
            [
              139.7548275,
              35.5901743
            ],
            [
              139.7548469,
              35.5917832
            ],
            [
              139.7548425,
              35.5926836
            ],
            [
              139.7548316,
              35.5933267
            ],
            [
              139.7548406,
              35.5952477
            ],
            [
              139.7548344,
              35.5955528
            ],
            [
              139.7548573,
              35.5980874
            ],
            [
              139.7548608,
              35.598903
            ],
            [
              139.7548735,
              35.6018149
            ],
            [
              139.7549107,
              35.6019811
            ],
            [
              139.7549788,
              35.6026593
            ],
            [
              139.7550187,
              35.6091228
            ],
            [
              139.7550317,
              35.6098769
            ],
            [
              139.7550655,
              35.6101433
            ],
            [
              139.755096,
              35.6103722
            ],
            [
              139.7551448,
              35.610561
            ],
            [
              139.7551959,
              35.6107374
            ],
            [
              139.7553414,
              35.6111813
            ],
            [
              139.7554972,
              35.6114704
            ],
            [
              139.7556475,
              35.6117481
            ],
            [
              139.7558284,
              35.6120205
            ],
            [
              139.7559426,
              35.6121695
            ],
            [
              139.756156,
              35.61241
            ],
            [
              139.7563466,
              35.6126141
            ],
            [
              139.756586,
              35.6128391
            ],
            [
              139.7572195,
              35.6133644
            ],
            [
              139.7694725,
              35.6226371
            ],
            [
              139.7713877,
              35.6240868
            ],
            [
              139.7721502,
              35.6246644
            ],
            [
              139.7724376,
              35.6248697
            ],
            [
              139.7729672,
              35.6252187
            ],
            [
              139.7730824,
              35.6252923
            ],
            [
              139.7734064,
              35.6254951
            ],
            [
              139.7737142,
              35.625692
            ],
            [
              139.7739428,
              35.6258277
            ],
            [
              139.7741971,
              35.6259752
            ],
            [
              139.7764959,
              35.6272272
            ],
            [
              139.7771062,
              35.6275725
            ],
            [
              139.7776606,
              35.6279083
            ],
            [
              139.7782176,
              35.6282594
            ],
            [
              139.7786288,
              35.6285128
            ],
            [
              139.7791299,
              35.6288192
            ],
            [
              139.7799885,
              35.6293085
            ],
            [
              139.7801072,
              35.629376
            ],
            [
              139.7803829,
              35.6295272
            ],
            [
              139.7809169,
              35.6298375
            ],
            [
              139.7811736,
              35.6299732
            ],
            [
              139.7813942,
              35.6300976
            ],
            [
              139.7817442,
              35.6302881
            ],
            [
              139.7837553,
              35.631383
            ],
            [
              139.7858887,
              35.6325211
            ],
            [
              139.7860233,
              35.6325929
            ],
            [
              139.7861223,
              35.6326458
            ],
            [
              139.78626,
              35.63272
            ],
            [
              139.7896477,
              35.6345569
            ],
            [
              139.7940859,
              35.6369666
            ],
            [
              139.7944075,
              35.6371451
            ],
            [
              139.7951276,
              35.6375426
            ],
            [
              139.7970155,
              35.6385833
            ],
            [
              139.7985216,
              35.6393957
            ],
            [
              139.7988059,
              35.6395468
            ],
            [
              139.7995005,
              35.6398976
            ],
            [
              139.8001703,
              35.640214
            ],
            [
              139.8006769,
              35.6404559
            ],
            [
              139.8012166,
              35.6406942
            ],
            [
              139.8015136,
              35.6408253
            ],
            [
              139.801788,
              35.6409333
            ],
            [
              139.8023619,
              35.6411677
            ],
            [
              139.8024846,
              35.6412262
            ],
            [
              139.8026223,
              35.6412878
            ],
            [
              139.8027915,
              35.641359
            ],
            [
              139.8032856,
              35.6415543
            ],
            [
              139.8037828,
              35.6417294
            ],
            [
              139.8043178,
              35.6418933
            ],
            [
              139.8052097,
              35.6421468
            ],
            [
              139.8057157,
              35.6423071
            ],
            [
              139.8081511,
              35.6430933
            ],
            [
              139.8085624,
              35.6432295
            ],
            [
              139.8089151,
              35.6433614
            ],
            [
              139.8092705,
              35.643514
            ],
            [
              139.8096334,
              35.6436551
            ],
            [
              139.8099211,
              35.643759
            ],
            [
              139.8103763,
              35.6439084
            ],
            [
              139.8123787,
              35.644553
            ],
            [
              139.812533,
              35.6446027
            ],
            [
              139.8127968,
              35.6446854
            ],
            [
              139.8129156,
              35.6447294
            ],
            [
              139.8148601,
              35.6453588
            ],
            [
              139.8156126,
              35.6455902
            ],
            [
              139.8163616,
              35.6457962
            ],
            [
              139.8165549,
              35.6458421
            ],
            [
              139.8167901,
              35.6458874
            ],
            [
              139.8171031,
              35.6459362
            ],
            [
              139.8176341,
              35.6460018
            ],
            [
              139.8181325,
              35.6460545
            ],
            [
              139.8216543,
              35.6464076
            ],
            [
              139.8239609,
              35.6466233
            ],
            [
              139.8248752,
              35.6467139
            ],
            [
              139.8262221,
              35.6468456
            ],
            [
              139.8282308,
              35.6470374
            ],
            [
              139.8303488,
              35.6472391
            ],
            [
              139.8337671,
              35.6475671
            ],
            [
              139.8352632,
              35.647713
            ],
            [
              139.8356234,
              35.6477465
            ],
            [
              139.8360411,
              35.6477721
            ],
            [
              139.8364126,
              35.6477985
            ],
            [
              139.8368105,
              35.647817
            ],
            [
              139.8372216,
              35.6478264
            ],
            [
              139.8378573,
              35.6478326
            ],
            [
              139.8382419,
              35.6478272
            ],
            [
              139.8387296,
              35.6478153
            ],
            [
              139.8393237,
              35.6477975
            ],
            [
              139.8403124,
              35.6477319
            ],
            [
              139.841096,
              35.6476821
            ],
            [
              139.8419716,
              35.6476445
            ],
            [
              139.8437917,
              35.6475419
            ],
            [
              139.8488825,
              35.6472143
            ],
            [
              139.8522807,
              35.6470014
            ],
            [
              139.8538615,
              35.6469046
            ],
            [
              139.8554584,
              35.6468008
            ],
            [
              139.8560401,
              35.6467673
            ],
            [
              139.8564133,
              35.6467371
            ],
            [
              139.8568,
              35.6466982
            ],
            [
              139.8572037,
              35.6466436
            ],
            [
              139.8575712,
              35.646585
            ],
            [
              139.8578997,
              35.6465232
            ],
            [
              139.858208,
              35.6464576
            ],
            [
              139.8584815,
              35.6464008
            ],
            [
              139.8587649,
              35.6463242
            ],
            [
              139.8590962,
              35.6462335
            ],
            [
              139.8594404,
              35.6461259
            ],
            [
              139.8598017,
              35.6460002
            ],
            [
              139.8605787,
              35.64572
            ],
            [
              139.8627822,
              35.6449149
            ],
            [
              139.8660106,
              35.6437186
            ],
            [
              139.8677687,
              35.6430556
            ],
            [
              139.8708112,
              35.6418967
            ],
            [
              139.8716379,
              35.6416094
            ],
            [
              139.8721502,
              35.6414487
            ],
            [
              139.8749042,
              35.6404563
            ],
            [
              139.877978,
              35.6393266
            ],
            [
              139.8788876,
              35.6389834
            ],
            [
              139.8792151,
              35.6388967
            ],
            [
              139.8799568,
              35.6386291
            ],
            [
              139.8803296,
              35.638513
            ],
            [
              139.880638,
              35.6383999
            ],
            [
              139.8810048,
              35.6382868
            ],
            [
              139.8813059,
              35.6382018
            ],
            [
              139.8815064,
              35.6381506
            ],
            [
              139.881776,
              35.6380907
            ],
            [
              139.8821099,
              35.6380242
            ],
            [
              139.8823404,
              35.6379859
            ],
            [
              139.8826182,
              35.6379457
            ],
            [
              139.8828884,
              35.6379135
            ],
            [
              139.8831258,
              35.6378923
            ],
            [
              139.8834993,
              35.6378694
            ],
            [
              139.8836301,
              35.6378639
            ],
            [
              139.8838782,
              35.6378555
            ],
            [
              139.8841232,
              35.637855
            ],
            [
              139.8844495,
              35.6378661
            ],
            [
              139.8846741,
              35.6378765
            ],
            [
              139.8848873,
              35.6378928
            ],
            [
              139.8851214,
              35.6379163
            ],
            [
              139.8853292,
              35.6379408
            ],
            [
              139.8855284,
              35.637968
            ],
            [
              139.8857309,
              35.6380007
            ],
            [
              139.8859508,
              35.6380411
            ],
            [
              139.8861788,
              35.6380879
            ],
            [
              139.8864041,
              35.6381402
            ],
            [
              139.8866086,
              35.6381893
            ],
            [
              139.8868212,
              35.6382471
            ],
            [
              139.8870405,
              35.6383114
            ],
            [
              139.8872416,
              35.6383762
            ],
            [
              139.8874267,
              35.6384399
            ],
            [
              139.8876587,
              35.6385294
            ],
            [
              139.8878807,
              35.638622
            ],
            [
              139.8881382,
              35.6387326
            ],
            [
              139.8883762,
              35.6388449
            ],
            [
              139.8885673,
              35.6389413
            ],
            [
              139.8887732,
              35.639055
            ],
            [
              139.8889448,
              35.6391541
            ],
            [
              139.8890595,
              35.6392236
            ],
            [
              139.8891883,
              35.6393027
            ],
            [
              139.8893666,
              35.639416
            ],
            [
              139.8895007,
              35.6395095
            ],
            [
              139.8896325,
              35.6396037
            ],
            [
              139.8897248,
              35.6396717
            ],
            [
              139.8898662,
              35.6397817
            ],
            [
              139.8900399,
              35.639925
            ],
            [
              139.8902792,
              35.6401244
            ],
            [
              139.8905461,
              35.640355
            ],
            [
              139.8908841,
              35.6406503
            ],
            [
              139.891334,
              35.6410274
            ],
            [
              139.8915873,
              35.6412412
            ],
            [
              139.891841,
              35.6414508
            ],
            [
              139.892083,
              35.6416519
            ],
            [
              139.8922836,
              35.6418144
            ],
            [
              139.892521,
              35.6419955
            ],
            [
              139.8928307,
              35.6422023
            ],
            [
              139.8933718,
              35.6426639
            ],
            [
              139.8938949,
              35.643132
            ],
            [
              139.8941175,
              35.6433265
            ],
            [
              139.8943575,
              35.6435343
            ],
            [
              139.89455,
              35.6436338
            ],
            [
              139.8947331,
              35.6437499
            ],
            [
              139.8949402,
              35.6439023
            ],
            [
              139.8955474,
              35.644409
            ],
            [
              139.8963314,
              35.6450632
            ],
            [
              139.896384,
              35.6451071
            ],
            [
              139.8964402,
              35.6451543
            ],
            [
              139.8970585,
              35.6456733
            ],
            [
              139.8976909,
              35.6462041
            ],
            [
              139.8981361,
              35.6465854
            ],
            [
              139.8982702,
              35.6467377
            ],
            [
              139.8983656,
              35.6468843
            ],
            [
              139.8985641,
              35.6470502
            ],
            [
              139.8996686,
              35.6479733
            ],
            [
              139.9006848,
              35.6488227
            ],
            [
              139.9022955,
              35.6501689
            ],
            [
              139.9043191,
              35.6518545
            ],
            [
              139.9048229,
              35.6522738
            ],
            [
              139.9053875,
              35.6527462
            ],
            [
              139.9056175,
              35.6529342
            ],
            [
              139.9058716,
              35.6531412
            ],
            [
              139.9060486,
              35.6532785
            ],
            [
              139.9062311,
              35.6534178
            ],
            [
              139.9064315,
              35.6535706
            ],
            [
              139.9068533,
              35.6539046
            ],
            [
              139.9072478,
              35.6542369
            ],
            [
              139.9084854,
              35.6552711
            ],
            [
              139.9087446,
              35.6554878
            ],
            [
              139.9101049,
              35.6566244
            ],
            [
              139.9105152,
              35.6569677
            ],
            [
              139.9106567,
              35.6570919
            ],
            [
              139.9108558,
              35.6572717
            ],
            [
              139.9110456,
              35.6574466
            ],
            [
              139.9113064,
              35.6576814
            ],
            [
              139.9114868,
              35.6578367
            ],
            [
              139.9118509,
              35.6581489
            ],
            [
              139.9137117,
              35.6597055
            ],
            [
              139.9150582,
              35.6608305
            ],
            [
              139.9153305,
              35.6610677
            ],
            [
              139.9153752,
              35.6611068
            ],
            [
              139.9154698,
              35.6611896
            ],
            [
              139.9155597,
              35.6612721
            ],
            [
              139.9156381,
              35.6613443
            ],
            [
              139.9163228,
              35.6619828
            ],
            [
              139.9167775,
              35.6624372
            ],
            [
              139.9172348,
              35.6629142
            ],
            [
              139.9182111,
              35.6639506
            ],
            [
              139.9202777,
              35.6661553
            ],
            [
              139.9206807,
              35.6665612
            ],
            [
              139.9207833,
              35.6666614
            ],
            [
              139.9211582,
              35.6670079
            ],
            [
              139.9214646,
              35.6673032
            ],
            [
              139.9217664,
              35.667605
            ],
            [
              139.9229586,
              35.6688612
            ],
            [
              139.9235152,
              35.6694196
            ],
            [
              139.9241549,
              35.6700182
            ],
            [
              139.9248348,
              35.6706273
            ],
            [
              139.9261605,
              35.6717734
            ],
            [
              139.9278111,
              35.673203
            ],
            [
              139.9289957,
              35.674229
            ],
            [
              139.9292492,
              35.6744545
            ],
            [
              139.9303139,
              35.6753609
            ],
            [
              139.9314544,
              35.676349
            ],
            [
              139.932735,
              35.6774728
            ],
            [
              139.9337855,
              35.6783918
            ],
            [
              139.9338881,
              35.6784815
            ],
            [
              139.9354219,
              35.6797885
            ],
            [
              139.935904,
              35.6802085
            ],
            [
              139.9366662,
              35.6808184
            ],
            [
              139.9370107,
              35.681114
            ],
            [
              139.9372575,
              35.6813008
            ],
            [
              139.9378824,
              35.6817611
            ],
            [
              139.9384973,
              35.6821864
            ],
            [
              139.9391069,
              35.6825737
            ],
            [
              139.9394358,
              35.6827762
            ],
            [
              139.9424107,
              35.684608
            ],
            [
              139.9436688,
              35.6853644
            ],
            [
              139.944255,
              35.6857323
            ],
            [
              139.9450105,
              35.6861865
            ],
            [
              139.9457467,
              35.6865971
            ],
            [
              139.9461369,
              35.6868105
            ],
            [
              139.9468561,
              35.6872248
            ],
            [
              139.9495091,
              35.6888458
            ],
            [
              139.9509991,
              35.6897913
            ],
            [
              139.9523784,
              35.6906855
            ],
            [
              139.9531093,
              35.6911207
            ],
            [
              139.9533628,
              35.6912655
            ],
            [
              139.9535526,
              35.6913706
            ],
            [
              139.9536498,
              35.6914231
            ],
            [
              139.9538429,
              35.6915275
            ],
            [
              139.95415,
              35.6916843
            ],
            [
              139.9544786,
              35.6918423
            ],
            [
              139.9547528,
              35.6919653
            ],
            [
              139.9549339,
              35.6920378
            ],
            [
              139.9551284,
              35.6921124
            ],
            [
              139.955347,
              35.6921935
            ],
            [
              139.9555575,
              35.6922649
            ],
            [
              139.9557553,
              35.6923259
            ],
            [
              139.9560446,
              35.6923689
            ],
            [
              139.9562012,
              35.6924097
            ],
            [
              139.9563454,
              35.6924424
            ],
            [
              139.9565305,
              35.6924784
            ],
            [
              139.9567142,
              35.6925127
            ],
            [
              139.9571139,
              35.6925791
            ],
            [
              139.9577958,
              35.6926826
            ],
            [
              139.9580627,
              35.6927218
            ],
            [
              139.9583906,
              35.6927588
            ],
            [
              139.9586669,
              35.6927828
            ],
            [
              139.9589257,
              35.692798
            ],
            [
              139.9592422,
              35.6928089
            ],
            [
              139.959617,
              35.6928149
            ],
            [
              139.9599744,
              35.6928106
            ],
            [
              139.9602715,
              35.692798
            ],
            [
              139.9605283,
              35.692779
            ],
            [
              139.9607643,
              35.6927594
            ],
            [
              139.9609897,
              35.6927354
            ],
            [
              139.9611935,
              35.6927104
            ],
            [
              139.961396,
              35.6926809
            ],
            [
              139.9616099,
              35.6926461
            ],
            [
              139.9618211,
              35.6926072
            ],
            [
              139.9620471,
              35.692563
            ],
            [
              139.9622617,
              35.6925165
            ],
            [
              139.9624655,
              35.692468
            ],
            [
              139.9627787,
              35.6923918
            ],
            [
              139.9631394,
              35.6923003
            ],
            [
              139.9633017,
              35.6922578
            ],
            [
              139.9637122,
              35.6921458
            ],
            [
              139.967075,
              35.6912611
            ],
            [
              139.9681779,
              35.6909599
            ],
            [
              139.9698147,
              35.6905213
            ],
            [
              139.9717776,
              35.6900081
            ],
            [
              139.971953,
              35.6899616
            ],
            [
              139.9730767,
              35.6896636
            ],
            [
              139.9735209,
              35.6895449
            ],
            [
              139.9739222,
              35.6894378
            ],
            [
              139.9743203,
              35.6893315
            ],
            [
              139.9747183,
              35.6892253
            ],
            [
              139.9751243,
              35.6891262
            ],
            [
              139.9782306,
              35.6883027
            ],
            [
              139.9794963,
              35.6879768
            ],
            [
              139.9802051,
              35.6877801
            ],
            [
              139.980351,
              35.6877396
            ],
            [
              139.9820158,
              35.6872977
            ],
            [
              139.9842304,
              35.6867259
            ],
            [
              139.9893403,
              35.6853763
            ],
            [
              139.9896908,
              35.6852714
            ],
            [
              139.9900208,
              35.6851633
            ],
            [
              139.9904143,
              35.6850295
            ],
            [
              139.9908354,
              35.6848691
            ],
            [
              139.9911283,
              35.684751
            ],
            [
              139.991429,
              35.6846186
            ],
            [
              139.9916709,
              35.684514
            ],
            [
              139.9919409,
              35.6843907
            ],
            [
              139.9923893,
              35.6841794
            ],
            [
              139.9945715,
              35.6831335
            ],
            [
              139.9978737,
              35.6815862
            ],
            [
              139.9984893,
              35.6812874
            ],
            [
              139.9988042,
              35.6811421
            ],
            [
              139.9989481,
              35.6810756
            ],
            [
              139.9992894,
              35.6809
            ],
            [
              139.999609,
              35.6807251
            ],
            [
              139.9998922,
              35.6805656
            ],
            [
              140.0000985,
              35.680435
            ],
            [
              140.0003024,
              35.6803053
            ],
            [
              140.0004731,
              35.6801832
            ],
            [
              140.0006409,
              35.6800586
            ],
            [
              140.0009824,
              35.6797871
            ],
            [
              140.0012068,
              35.6795841
            ],
            [
              140.0014659,
              35.6793389
            ],
            [
              140.0016923,
              35.6790969
            ],
            [
              140.0018667,
              35.6789039
            ],
            [
              140.0020891,
              35.6786288
            ],
            [
              140.0022574,
              35.678415
            ],
            [
              140.0023869,
              35.678222
            ],
            [
              140.0025716,
              35.6779286
            ],
            [
              140.0027363,
              35.6776376
            ],
            [
              140.0028834,
              35.677354
            ],
            [
              140.0029734,
              35.6771415
            ],
            [
              140.0032498,
              35.6764986
            ],
            [
              140.0034638,
              35.6759401
            ],
            [
              140.0036576,
              35.675492
            ],
            [
              140.0038179,
              35.6751671
            ],
            [
              140.0039205,
              35.6749729
            ],
            [
              140.0040402,
              35.6747557
            ],
            [
              140.004175,
              35.67453
            ],
            [
              140.0042932,
              35.6743638
            ],
            [
              140.0044795,
              35.6741223
            ],
            [
              140.0046679,
              35.6738874
            ],
            [
              140.0048608,
              35.6736752
            ],
            [
              140.0049747,
              35.673555
            ],
            [
              140.0051063,
              35.6734266
            ],
            [
              140.0053147,
              35.6732211
            ],
            [
              140.0055466,
              35.6730215
            ],
            [
              140.0058037,
              35.6728039
            ],
            [
              140.00602,
              35.6726328
            ],
            [
              140.0062774,
              35.6724521
            ],
            [
              140.0065927,
              35.6722417
            ],
            [
              140.0069849,
              35.6719959
            ],
            [
              140.0073602,
              35.6717695
            ],
            [
              140.0089493,
              35.6708111
            ],
            [
              140.0090398,
              35.6707565
            ],
            [
              140.0091265,
              35.6707038
            ],
            [
              140.012615,
              35.6686047
            ],
            [
              140.0151016,
              35.667106
            ],
            [
              140.0158715,
              35.6666408
            ],
            [
              140.0159438,
              35.6665965
            ],
            [
              140.0161129,
              35.6664967
            ],
            [
              140.0164228,
              35.6663093
            ],
            [
              140.0175715,
              35.6656177
            ],
            [
              140.0184678,
              35.6651111
            ],
            [
              140.0188734,
              35.6648844
            ],
            [
              140.0194318,
              35.6645822
            ],
            [
              140.0198663,
              35.6643589
            ],
            [
              140.0214086,
              35.6636023
            ],
            [
              140.0229843,
              35.662927
            ],
            [
              140.0244461,
              35.6623739
            ],
            [
              140.0250164,
              35.6621683
            ],
            [
              140.0258836,
              35.6618526
            ],
            [
              140.0265347,
              35.661622
            ],
            [
              140.0271897,
              35.6613832
            ],
            [
              140.0281445,
              35.6610473
            ],
            [
              140.0287412,
              35.6608335
            ],
            [
              140.0292655,
              35.6606668
            ],
            [
              140.0298652,
              35.6604914
            ],
            [
              140.0304247,
              35.6603261
            ],
            [
              140.0308279,
              35.6601928
            ],
            [
              140.0317789,
              35.6598695
            ],
            [
              140.032445,
              35.6596656
            ],
            [
              140.033467,
              35.6593603
            ],
            [
              140.0342928,
              35.6590968
            ],
            [
              140.0350165,
              35.6588425
            ],
            [
              140.0355811,
              35.6586272
            ],
            [
              140.0362109,
              35.658365
            ],
            [
              140.0368982,
              35.6580756
            ],
            [
              140.0372609,
              35.6579123
            ],
            [
              140.0375701,
              35.6577787
            ],
            [
              140.0383175,
              35.6574218
            ],
            [
              140.0389966,
              35.6570873
            ],
            [
              140.0394821,
              35.6568327
            ],
            [
              140.0401164,
              35.6564757
            ],
            [
              140.0421986,
              35.6552535
            ],
            [
              140.0431832,
              35.6547143
            ],
            [
              140.0445422,
              35.6539902
            ],
            [
              140.0455645,
              35.6534295
            ],
            [
              140.0457231,
              35.6533497
            ],
            [
              140.0460063,
              35.6532093
            ],
            [
              140.0464655,
              35.6529891
            ],
            [
              140.0471057,
              35.6526893
            ],
            [
              140.0477307,
              35.6524084
            ],
            [
              140.0482917,
              35.6521753
            ],
            [
              140.0490584,
              35.6518714
            ],
            [
              140.0495196,
              35.651691
            ],
            [
              140.0496218,
              35.6516517
            ],
            [
              140.0499671,
              35.651529
            ],
            [
              140.0506232,
              35.6513021
            ],
            [
              140.0510695,
              35.6511495
            ],
            [
              140.0514361,
              35.6510333
            ],
            [
              140.0518574,
              35.6509124
            ],
            [
              140.0521731,
              35.6508413
            ],
            [
              140.0525543,
              35.650771
            ],
            [
              140.0528922,
              35.6507192
            ],
            [
              140.0532376,
              35.6506761
            ],
            [
              140.0535782,
              35.6506424
            ],
            [
              140.0545645,
              35.6505765
            ],
            [
              140.0549792,
              35.650538
            ],
            [
              140.0553884,
              35.6504813
            ],
            [
              140.0556903,
              35.6504233
            ],
            [
              140.0560815,
              35.6503349
            ],
            [
              140.0565088,
              35.650216
            ],
            [
              140.0571969,
              35.6499774
            ],
            [
              140.0579066,
              35.6497219
            ],
            [
              140.0582854,
              35.6496069
            ],
            [
              140.0583919,
              35.6495748
            ],
            [
              140.0587046,
              35.6494886
            ],
            [
              140.0590404,
              35.6494148
            ],
            [
              140.0594058,
              35.649346
            ],
            [
              140.0600467,
              35.6492348
            ],
            [
              140.0606893,
              35.6491225
            ],
            [
              140.0616266,
              35.648967
            ],
            [
              140.0620428,
              35.6488777
            ],
            [
              140.0624745,
              35.6487649
            ],
            [
              140.0629766,
              35.6486071
            ],
            [
              140.0632169,
              35.6485218
            ],
            [
              140.0636421,
              35.6483473
            ],
            [
              140.0639576,
              35.6482117
            ],
            [
              140.06442,
              35.6479239
            ],
            [
              140.0656989,
              35.6471289
            ],
            [
              140.0663509,
              35.64673
            ],
            [
              140.0666083,
              35.6465532
            ],
            [
              140.0671701,
              35.6461324
            ],
            [
              140.0678005,
              35.6456371
            ],
            [
              140.0688464,
              35.6447342
            ],
            [
              140.0690141,
              35.6445959
            ],
            [
              140.0697129,
              35.6440146
            ],
            [
              140.0703148,
              35.6434909
            ],
            [
              140.0708521,
              35.6429971
            ],
            [
              140.0711516,
              35.6427247
            ],
            [
              140.0714679,
              35.6424755
            ],
            [
              140.0718231,
              35.6422164
            ],
            [
              140.0722929,
              35.6419224
            ],
            [
              140.0725787,
              35.641765
            ],
            [
              140.0728422,
              35.6415889
            ],
            [
              140.0729758,
              35.6414955
            ],
            [
              140.0732703,
              35.6413062
            ],
            [
              140.0732809,
              35.6412997
            ],
            [
              140.073346,
              35.6412597
            ],
            [
              140.0734611,
              35.641189
            ],
            [
              140.0736047,
              35.6411071
            ],
            [
              140.0738702,
              35.6409649
            ],
            [
              140.0740026,
              35.640901
            ],
            [
              140.0744363,
              35.6406815
            ],
            [
              140.0747066,
              35.6405285
            ],
            [
              140.0748359,
              35.6404501
            ],
            [
              140.0749676,
              35.640368
            ],
            [
              140.0752181,
              35.6402008
            ],
            [
              140.0753609,
              35.640104
            ],
            [
              140.0756134,
              35.6399179
            ],
            [
              140.0758337,
              35.63975
            ],
            [
              140.0760652,
              35.6395758
            ],
            [
              140.0761894,
              35.6394757
            ],
            [
              140.0764658,
              35.6392554
            ],
            [
              140.0767766,
              35.6389964
            ],
            [
              140.0770014,
              35.6388024
            ],
            [
              140.0771197,
              35.6386979
            ],
            [
              140.0772239,
              35.638599
            ],
            [
              140.0774404,
              35.638393
            ],
            [
              140.0776336,
              35.6382193
            ],
            [
              140.0777572,
              35.6381139
            ],
            [
              140.0778382,
              35.6380457
            ],
            [
              140.0778869,
              35.6380013
            ],
            [
              140.0779998,
              35.6379082
            ],
            [
              140.0782378,
              35.6377181
            ],
            [
              140.0784034,
              35.6375887
            ],
            [
              140.0785157,
              35.6375088
            ],
            [
              140.0785844,
              35.637453
            ],
            [
              140.0788025,
              35.6372853
            ],
            [
              140.079115,
              35.6370448
            ],
            [
              140.079404,
              35.6367834
            ],
            [
              140.0798124,
              35.6364397
            ],
            [
              140.0800338,
              35.6362598
            ],
            [
              140.0801944,
              35.636133
            ],
            [
              140.0803411,
              35.6360277
            ],
            [
              140.0805898,
              35.6358482
            ],
            [
              140.0810066,
              35.6355634
            ],
            [
              140.0812321,
              35.6353975
            ],
            [
              140.081471,
              35.6352099
            ],
            [
              140.0817083,
              35.6350183
            ],
            [
              140.0819576,
              35.6347963
            ],
            [
              140.082104,
              35.6346544
            ],
            [
              140.0821485,
              35.6346112
            ],
            [
              140.0822322,
              35.6345329
            ],
            [
              140.082358,
              35.6344107
            ],
            [
              140.0824676,
              35.6342994
            ],
            [
              140.082754,
              35.6339907
            ],
            [
              140.0831764,
              35.6335399
            ],
            [
              140.0833675,
              35.6333417
            ],
            [
              140.083565,
              35.6331412
            ],
            [
              140.0836002,
              35.6331141
            ],
            [
              140.0836672,
              35.6330459
            ],
            [
              140.0839867,
              35.6327552
            ],
            [
              140.0842136,
              35.6325554
            ],
            [
              140.0843284,
              35.6324576
            ],
            [
              140.0844485,
              35.6323621
            ],
            [
              140.0849037,
              35.6319895
            ],
            [
              140.0853696,
              35.6316083
            ],
            [
              140.0856019,
              35.63141
            ],
            [
              140.0859415,
              35.6311136
            ],
            [
              140.0862371,
              35.6308479
            ],
            [
              140.0866017,
              35.6305169
            ],
            [
              140.0867169,
              35.6304114
            ],
            [
              140.0869475,
              35.6301968
            ],
            [
              140.0871468,
              35.6300117
            ],
            [
              140.0874642,
              35.6297066
            ],
            [
              140.0875699,
              35.6295852
            ],
            [
              140.0877561,
              35.6293765
            ],
            [
              140.0880482,
              35.629055
            ],
            [
              140.0882759,
              35.6287968
            ],
            [
              140.0887162,
              35.6282857
            ],
            [
              140.0890283,
              35.6279326
            ],
            [
              140.0892057,
              35.627746
            ],
            [
              140.0894663,
              35.6274735
            ],
            [
              140.089748,
              35.6271747
            ],
            [
              140.0899968,
              35.6269319
            ],
            [
              140.0903187,
              35.6266062
            ],
            [
              140.0905308,
              35.6264011
            ],
            [
              140.0907175,
              35.6262166
            ],
            [
              140.0910076,
              35.6259287
            ],
            [
              140.0910556,
              35.625881
            ],
            [
              140.091305,
              35.6256439
            ],
            [
              140.0916243,
              35.625332
            ],
            [
              140.0919364,
              35.6250211
            ],
            [
              140.0922461,
              35.6247003
            ],
            [
              140.0927175,
              35.6241534
            ],
            [
              140.092823,
              35.6240412
            ],
            [
              140.0931231,
              35.6237277
            ],
            [
              140.093418,
              35.6234403
            ],
            [
              140.0935405,
              35.6233299
            ],
            [
              140.093615,
              35.6232602
            ],
            [
              140.0938205,
              35.6230538
            ],
            [
              140.0942413,
              35.6226273
            ],
            [
              140.0945344,
              35.622308
            ],
            [
              140.0947266,
              35.6220952
            ],
            [
              140.0950246,
              35.6217655
            ],
            [
              140.09532,
              35.6214431
            ],
            [
              140.0955345,
              35.6212181
            ],
            [
              140.0957349,
              35.6210176
            ],
            [
              140.0960457,
              35.6207091
            ],
            [
              140.0963524,
              35.620419
            ],
            [
              140.0966473,
              35.6201329
            ],
            [
              140.0966909,
              35.6200935
            ],
            [
              140.0970261,
              35.6197674
            ],
            [
              140.097346,
              35.619456
            ],
            [
              140.0976657,
              35.6191463
            ],
            [
              140.0979729,
              35.6188308
            ],
            [
              140.0986004,
              35.6181512
            ],
            [
              140.098783,
              35.6179707
            ],
            [
              140.0990841,
              35.6176826
            ],
            [
              140.0992537,
              35.6175283
            ],
            [
              140.0994001,
              35.6173799
            ],
            [
              140.0997302,
              35.6170709
            ],
            [
              140.1000446,
              35.616777
            ],
            [
              140.1003008,
              35.6165445
            ],
            [
              140.1007177,
              35.6161673
            ],
            [
              140.1011654,
              35.6157575
            ],
            [
              140.1014585,
              35.615488
            ],
            [
              140.1017386,
              35.6152271
            ],
            [
              140.1019517,
              35.6150278
            ],
            [
              140.1021452,
              35.6148414
            ],
            [
              140.102297,
              35.6146983
            ],
            [
              140.102356,
              35.6146121
            ],
            [
              140.1026587,
              35.6142981
            ],
            [
              140.1028403,
              35.614096
            ],
            [
              140.1030373,
              35.6138777
            ],
            [
              140.103135,
              35.613769
            ],
            [
              140.1032397,
              35.6136559
            ],
            [
              140.1033398,
              35.6135467
            ],
            [
              140.1036157,
              35.6132289
            ],
            [
              140.1038228,
              35.6129863
            ],
            [
              140.1039094,
              35.6128816
            ],
            [
              140.1040905,
              35.6126543
            ],
            [
              140.1043512,
              35.612316
            ],
            [
              140.1047053,
              35.6118398
            ],
            [
              140.1049565,
              35.6115364
            ],
            [
              140.1051987,
              35.6111336
            ],
            [
              140.105356,
              35.6109096
            ],
            [
              140.1055542,
              35.6106205
            ],
            [
              140.1057648,
              35.6103633
            ],
            [
              140.1059087,
              35.6101878
            ],
            [
              140.1061268,
              35.609937
            ],
            [
              140.1064047,
              35.6096288
            ],
            [
              140.1068503,
              35.6091683
            ],
            [
              140.1071415,
              35.6088645
            ],
            [
              140.1074695,
              35.6085195
            ],
            [
              140.1077743,
              35.6082087
            ],
            [
              140.1082198,
              35.6077505
            ],
            [
              140.1089497,
              35.6070196
            ],
            [
              140.1104739,
              35.6054413
            ],
            [
              140.1105347,
              35.6053707
            ],
            [
              140.110857,
              35.6050319
            ],
            [
              140.111153,
              35.6047216
            ],
            [
              140.1112977,
              35.6045944
            ],
            [
              140.1114792,
              35.6044063
            ],
            [
              140.1119022,
              35.6039935
            ],
            [
              140.1121149,
              35.6037808
            ],
            [
              140.1123468,
              35.6035667
            ],
            [
              140.1125944,
              35.6032989
            ],
            [
              140.1128388,
              35.603021
            ],
            [
              140.1129531,
              35.6028972
            ],
            [
              140.113065,
              35.6027881
            ],
            [
              140.1132125,
              35.6026408
            ],
            [
              140.1134189,
              35.6024321
            ],
            [
              140.1135262,
              35.6023253
            ],
            [
              140.1136416,
              35.6022085
            ],
            [
              140.1137401,
              35.6021189
            ],
            [
              140.1138453,
              35.6020188
            ],
            [
              140.1139504,
              35.6019153
            ],
            [
              140.1143162,
              35.6015643
            ],
            [
              140.114767,
              35.6010862
            ],
            [
              140.1149624,
              35.6008823
            ],
            [
              140.1150913,
              35.6007562
            ],
            [
              140.1153287,
              35.6004993
            ],
            [
              140.1156443,
              35.6001609
            ],
            [
              140.115952,
              35.5998095
            ],
            [
              140.1165252,
              35.5991509
            ],
            [
              140.1172321,
              35.5983428
            ],
            [
              140.1175832,
              35.5979249
            ],
            [
              140.1177702,
              35.5976884
            ],
            [
              140.1178463,
              35.5975949
            ],
            [
              140.118516,
              35.5967647
            ],
            [
              140.1188611,
              35.5963031
            ],
            [
              140.1194462,
              35.5954396
            ],
            [
              140.1195681,
              35.5952729
            ],
            [
              140.119653,
              35.59514
            ],
            [
              140.119759,
              35.5949856
            ],
            [
              140.1198863,
              35.5948037
            ],
            [
              140.1201862,
              35.5943774
            ],
            [
              140.1203989,
              35.594071
            ],
            [
              140.1205187,
              35.5938919
            ],
            [
              140.1206571,
              35.5936722
            ],
            [
              140.1208251,
              35.5934034
            ],
            [
              140.1210585,
              35.5930215
            ],
            [
              140.1211689,
              35.5928361
            ],
            [
              140.1212747,
              35.5926488
            ],
            [
              140.1213886,
              35.592438
            ],
            [
              140.1214867,
              35.592243
            ],
            [
              140.121747,
              35.591706
            ],
            [
              140.1218708,
              35.5914486
            ],
            [
              140.1219416,
              35.5913038
            ],
            [
              140.1221385,
              35.5909293
            ],
            [
              140.1223676,
              35.5905026
            ],
            [
              140.1225174,
              35.590182
            ],
            [
              140.1228086,
              35.5895474
            ],
            [
              140.1230057,
              35.5891245
            ],
            [
              140.1231991,
              35.5887048
            ],
            [
              140.1232355,
              35.5886201
            ],
            [
              140.1233807,
              35.5882736
            ],
            [
              140.1234835,
              35.5880683
            ],
            [
              140.1236314,
              35.5877713
            ],
            [
              140.1236965,
              35.5876393
            ],
            [
              140.1238218,
              35.5873635
            ],
            [
              140.1239731,
              35.5870325
            ],
            [
              140.1240455,
              35.5868796
            ],
            [
              140.1241239,
              35.5867084
            ],
            [
              140.1241758,
              35.58659
            ],
            [
              140.1243216,
              35.5862667
            ],
            [
              140.1244318,
              35.5860089
            ],
            [
              140.1245366,
              35.5857521
            ],
            [
              140.1247262,
              35.5852997
            ],
            [
              140.1249303,
              35.5848464
            ],
            [
              140.1249667,
              35.5847549
            ],
            [
              140.1250112,
              35.58465
            ],
            [
              140.1250582,
              35.5845561
            ],
            [
              140.12509,
              35.5844839
            ],
            [
              140.125232,
              35.5841699
            ],
            [
              140.1254899,
              35.583646
            ],
            [
              140.1257086,
              35.5831475
            ],
            [
              140.1259294,
              35.582644
            ],
            [
              140.1259856,
              35.5825156
            ],
            [
              140.1260296,
              35.5823971
            ],
            [
              140.1261197,
              35.5821357
            ],
            [
              140.1262457,
              35.5817607
            ],
            [
              140.1263992,
              35.5813122
            ],
            [
              140.1264628,
              35.5811242
            ],
            [
              140.1265904,
              35.5807569
            ],
            [
              140.1267173,
              35.5803679
            ],
            [
              140.1268616,
              35.579959
            ],
            [
              140.1269675,
              35.5796484
            ],
            [
              140.1270582,
              35.5793745
            ],
            [
              140.1272593,
              35.5787735
            ],
            [
              140.1273096,
              35.5786095
            ],
            [
              140.1273649,
              35.5784147
            ],
            [
              140.1273967,
              35.5782897
            ],
            [
              140.1274567,
              35.5780265
            ],
            [
              140.1275454,
              35.5776361
            ],
            [
              140.1276429,
              35.5772339
            ],
            [
              140.127706,
              35.5769663
            ],
            [
              140.1277602,
              35.5767023
            ],
            [
              140.1278536,
              35.576308
            ],
            [
              140.1279135,
              35.5760388
            ],
            [
              140.1280049,
              35.5756264
            ],
            [
              140.1280829,
              35.5752784
            ],
            [
              140.1281594,
              35.57497
            ],
            [
              140.1282645,
              35.5745005
            ],
            [
              140.1284937,
              35.5734774
            ],
            [
              140.1285372,
              35.5732808
            ],
            [
              140.128579,
              35.5731198
            ],
            [
              140.1286439,
              35.5728218
            ],
            [
              140.1287076,
              35.5725722
            ],
            [
              140.1287574,
              35.5723308
            ],
            [
              140.1287858,
              35.5721959
            ],
            [
              140.1288136,
              35.5720637
            ],
            [
              140.1289362,
              35.5715284
            ],
            [
              140.1289686,
              35.5713778
            ],
            [
              140.1289912,
              35.5712728
            ],
            [
              140.1290268,
              35.5710734
            ],
            [
              140.1291033,
              35.5707367
            ],
            [
              140.1291195,
              35.570664
            ],
            [
              140.1291446,
              35.5705509
            ],
            [
              140.1291691,
              35.5704496
            ],
            [
              140.1291872,
              35.570366
            ],
            [
              140.1292292,
              35.5702083
            ],
            [
              140.1292651,
              35.5700731
            ],
            [
              140.1293251,
              35.5698156
            ],
            [
              140.1293789,
              35.5695853
            ],
            [
              140.1294297,
              35.5693826
            ],
            [
              140.1294552,
              35.5692811
            ],
            [
              140.1294781,
              35.5691788
            ],
            [
              140.1295238,
              35.569006
            ],
            [
              140.1295672,
              35.5688812
            ],
            [
              140.1296145,
              35.5687765
            ],
            [
              140.12969,
              35.5686201
            ],
            [
              140.1297237,
              35.5685424
            ],
            [
              140.1298043,
              35.5682979
            ],
            [
              140.1298215,
              35.5682281
            ],
            [
              140.1298318,
              35.568151
            ],
            [
              140.1298385,
              35.5680454
            ],
            [
              140.1298323,
              35.5679156
            ],
            [
              140.1297717,
              35.5671264
            ],
            [
              140.1297436,
              35.5668535
            ],
            [
              140.1297258,
              35.5666242
            ],
            [
              140.1297133,
              35.5663821
            ],
            [
              140.1297071,
              35.5662603
            ],
            [
              140.1297012,
              35.5661469
            ],
            [
              140.1296668,
              35.5658537
            ],
            [
              140.1296311,
              35.5655704
            ],
            [
              140.129501,
              35.5645037
            ],
            [
              140.1294848,
              35.564409
            ],
            [
              140.1294564,
              35.564302
            ],
            [
              140.1294027,
              35.5641652
            ],
            [
              140.1293156,
              35.5639562
            ],
            [
              140.129265,
              35.5638498
            ],
            [
              140.1291492,
              35.5636066
            ],
            [
              140.1290102,
              35.5633544
            ],
            [
              140.128868,
              35.5631285
            ],
            [
              140.1286052,
              35.5626765
            ],
            [
              140.1283403,
              35.5621972
            ],
            [
              140.1281325,
              35.561825
            ],
            [
              140.1276663,
              35.5609615
            ],
            [
              140.1271377,
              35.5600053
            ],
            [
              140.1270254,
              35.559791
            ],
            [
              140.1269647,
              35.5596806
            ],
            [
              140.1268186,
              35.5594005
            ],
            [
              140.1267694,
              35.5593063
            ],
            [
              140.1267242,
              35.5592247
            ],
            [
              140.1265434,
              35.5589146
            ],
            [
              140.1263829,
              35.5586011
            ],
            [
              140.1263184,
              35.5584608
            ],
            [
              140.126258,
              35.5583171
            ],
            [
              140.126144,
              35.5580177
            ],
            [
              140.1260941,
              35.5578609
            ],
            [
              140.1260443,
              35.5576644
            ],
            [
              140.1259927,
              35.5574249
            ],
            [
              140.1259534,
              35.5572232
            ],
            [
              140.1257028,
              35.5559105
            ],
            [
              140.1256687,
              35.5557427
            ],
            [
              140.12554,
              35.5550661
            ],
            [
              140.1254597,
              35.55466
            ],
            [
              140.1253854,
              35.5542601
            ],
            [
              140.1252973,
              35.5537942
            ],
            [
              140.1252756,
              35.5536667
            ],
            [
              140.1251858,
              35.5532144
            ],
            [
              140.1250553,
              35.5526253
            ],
            [
              140.1249583,
              35.5521355
            ],
            [
              140.1248817,
              35.5517431
            ],
            [
              140.1247878,
              35.5513664
            ],
            [
              140.1247245,
              35.551173
            ],
            [
              140.1246782,
              35.5510434
            ],
            [
              140.1246641,
              35.551004
            ],
            [
              140.1245832,
              35.5508076
            ],
            [
              140.1245585,
              35.5507557
            ],
            [
              140.1245326,
              35.5507012
            ],
            [
              140.1243935,
              35.5504422
            ],
            [
              140.1243255,
              35.5503117
            ],
            [
              140.1243038,
              35.5502799
            ],
            [
              140.1241965,
              35.5501223
            ]
          ],
          [
            [
              139.7406944,
              35.4907327
            ],
            [
              139.7409713,
              35.4908681
            ],
            [
              139.7411506,
              35.490948
            ],
            [
              139.7419138,
              35.4912863
            ],
            [
              139.7427029,
              35.4916378
            ],
            [
              139.7433504,
              35.4919261
            ],
            [
              139.7452936,
              35.4927864
            ],
            [
              139.7454395,
              35.4928525
            ],
            [
              139.746088,
              35.4931384
            ],
            [
              139.7468791,
              35.4934781
            ],
            [
              139.7475877,
              35.493786
            ],
            [
              139.7481667,
              35.4940431
            ],
            [
              139.7490436,
              35.4944314
            ],
            [
              139.7498137,
              35.4947752
            ],
            [
              139.7501059,
              35.4949039
            ],
            [
              139.7503895,
              35.4950299
            ],
            [
              139.7509283,
              35.4952683
            ],
            [
              139.7516356,
              35.4955819
            ],
            [
              139.7523334,
              35.4958908
            ],
            [
              139.7524092,
              35.4959251
            ],
            [
              139.7525555,
              35.4959893
            ],
            [
              139.7537808,
              35.4965326
            ],
            [
              139.7551991,
              35.4971611
            ],
            [
              139.7562593,
              35.4976313
            ],
            [
              139.756652,
              35.4978058
            ],
            [
              139.7572339,
              35.4980629
            ],
            [
              139.7577907,
              35.4983108
            ],
            [
              139.7579243,
              35.498369
            ],
            [
              139.7580465,
              35.4984196
            ],
            [
              139.7582192,
              35.4984983
            ],
            [
              139.7584379,
              35.4985959
            ],
            [
              139.7591204,
              35.4989147
            ],
            [
              139.7593275,
              35.4989905
            ],
            [
              139.7599597,
              35.4992654
            ],
            [
              139.760686,
              35.499581
            ],
            [
              139.7610322,
              35.4997262
            ],
            [
              139.7612626,
              35.4998296
            ],
            [
              139.7613557,
              35.4998908
            ],
            [
              139.7624212,
              35.500361
            ],
            [
              139.7626829,
              35.5005068
            ],
            [
              139.7627608,
              35.5005434
            ],
            [
              139.7631296,
              35.5007106
            ],
            [
              139.7642563,
              35.5012106
            ],
            [
              139.7646145,
              35.5013579
            ],
            [
              139.7649356,
              35.5014807
            ],
            [
              139.7652168,
              35.5016216
            ],
            [
              139.7656561,
              35.5018153
            ],
            [
              139.7660558,
              35.5019778
            ],
            [
              139.7663136,
              35.5020902
            ],
            [
              139.7664112,
              35.5021332
            ],
            [
              139.7666025,
              35.5022252
            ],
            [
              139.7667852,
              35.5023097
            ],
            [
              139.7675473,
              35.5026471
            ],
            [
              139.7679346,
              35.5028202
            ],
            [
              139.7681115,
              35.502898
            ],
            [
              139.7682989,
              35.5029932
            ],
            [
              139.7684691,
              35.5030624
            ],
            [
              139.7686647,
              35.503149
            ],
            [
              139.7688324,
              35.5032231
            ],
            [
              139.7691251,
              35.5033531
            ],
            [
              139.7692708,
              35.5034084
            ],
            [
              139.7694106,
              35.5033866
            ]
          ],
          [
            [
              139.7697801,
              35.502774
            ],
            [
              139.7697139,
              35.5027463
            ],
            [
              139.766247,
              35.501198
            ],
            [
              139.7659242,
              35.5010491
            ],
            [
              139.7655893,
              35.5009058
            ],
            [
              139.7652276,
              35.5007645
            ],
            [
              139.7648179,
              35.5005776
            ],
            [
              139.7642724,
              35.5003414
            ],
            [
              139.7633547,
              35.4999273
            ],
            [
              139.7625022,
              35.499553
            ],
            [
              139.7621799,
              35.4994062
            ],
            [
              139.7617325,
              35.499211
            ],
            [
              139.7608476,
              35.4988236
            ],
            [
              139.7604327,
              35.4986347
            ],
            [
              139.7597649,
              35.4983401
            ],
            [
              139.7586052,
              35.4978261
            ],
            [
              139.7584793,
              35.4977676
            ],
            [
              139.7583635,
              35.4977183
            ],
            [
              139.7581775,
              35.497637
            ],
            [
              139.7573007,
              35.4972479
            ],
            [
              139.7567288,
              35.4969937
            ],
            [
              139.7558599,
              35.4965894
            ],
            [
              139.7550063,
              35.4962115
            ],
            [
              139.7545533,
              35.496011
            ],
            [
              139.7541057,
              35.4958095
            ],
            [
              139.7533455,
              35.4954775
            ],
            [
              139.7509727,
              35.4944268
            ],
            [
              139.7496359,
              35.4938291
            ],
            [
              139.7491839,
              35.4936343
            ],
            [
              139.7484269,
              35.4932976
            ],
            [
              139.7476399,
              35.4929419
            ],
            [
              139.7470533,
              35.4926728
            ],
            [
              139.7464835,
              35.4924119
            ],
            [
              139.7453125,
              35.4918931
            ],
            [
              139.7437269,
              35.4912017
            ],
            [
              139.7423274,
              35.4905921
            ],
            [
              139.74198,
              35.4904396
            ],
            [
              139.7416988,
              35.4903294
            ],
            [
              139.7411188,
              35.490077
            ]
          ],
          [
            [
              139.7908015,
              35.5444822
            ],
            [
              139.7912785,
              35.543794
            ],
            [
              139.793252,
              35.5409468
            ],
            [
              139.7935995,
              35.5404455
            ],
            [
              139.7938103,
              35.5401226
            ],
            [
              139.7941201,
              35.5395425
            ],
            [
              139.7945517,
              35.5387334
            ],
            [
              139.7949677,
              35.5378574
            ],
            [
              139.7953422,
              35.5367056
            ],
            [
              139.7954809,
              35.5360232
            ]
          ],
          [
            [
              140.1240716,
              35.5502247
            ],
            [
              140.1242235,
              35.5504375
            ],
            [
              140.1242484,
              35.5504719
            ],
            [
              140.1243898,
              35.5507009
            ],
            [
              140.1244563,
              35.5508288
            ],
            [
              140.1245224,
              35.550958
            ],
            [
              140.1246171,
              35.5511709
            ],
            [
              140.1246957,
              35.5513716
            ],
            [
              140.1247892,
              35.5516903
            ],
            [
              140.1248462,
              35.5519613
            ],
            [
              140.1249731,
              35.552631
            ],
            [
              140.1250588,
              35.5531106
            ],
            [
              140.1251282,
              35.5534836
            ],
            [
              140.1251684,
              35.5536846
            ],
            [
              140.1252793,
              35.5542477
            ],
            [
              140.125325,
              35.5545131
            ],
            [
              140.1253726,
              35.5547861
            ],
            [
              140.1254379,
              35.5551823
            ],
            [
              140.1254921,
              35.5554348
            ],
            [
              140.1255225,
              35.5555856
            ],
            [
              140.125561,
              35.5557571
            ],
            [
              140.1255993,
              35.5559402
            ],
            [
              140.1256676,
              35.5562523
            ],
            [
              140.1257389,
              35.5565618
            ],
            [
              140.1258724,
              35.5572326
            ],
            [
              140.1259083,
              35.5574112
            ],
            [
              140.1259652,
              35.5576869
            ],
            [
              140.1260239,
              35.5579121
            ],
            [
              140.126055,
              35.5580095
            ],
            [
              140.12609,
              35.5581082
            ],
            [
              140.1261731,
              35.5583419
            ],
            [
              140.1262248,
              35.558467
            ],
            [
              140.126299,
              35.5586182
            ],
            [
              140.1264544,
              35.5589242
            ],
            [
              140.1266066,
              35.5591943
            ],
            [
              140.1266474,
              35.55925
            ],
            [
              140.1266893,
              35.559328
            ],
            [
              140.1267422,
              35.559429
            ],
            [
              140.1269442,
              35.5598003
            ],
            [
              140.1270606,
              35.5600143
            ],
            [
              140.1272012,
              35.5602748
            ],
            [
              140.1275667,
              35.560943
            ],
            [
              140.1277894,
              35.5613562
            ],
            [
              140.1280152,
              35.5617683
            ],
            [
              140.1282653,
              35.5622171
            ],
            [
              140.1285124,
              35.5626779
            ],
            [
              140.1286247,
              35.5628759
            ],
            [
              140.1287807,
              35.5631713
            ],
            [
              140.1288827,
              35.5633557
            ],
            [
              140.1290494,
              35.5636489
            ],
            [
              140.1291385,
              35.5638139
            ],
            [
              140.1292236,
              35.5639755
            ],
            [
              140.1293168,
              35.5641877
            ],
            [
              140.1293564,
              35.5642992
            ],
            [
              140.1293849,
              35.5643887
            ],
            [
              140.1294025,
              35.5644697
            ],
            [
              140.1294446,
              35.564751
            ],
            [
              140.1295766,
              35.566002
            ],
            [
              140.1295929,
              35.566148
            ],
            [
              140.1296151,
              35.5663998
            ],
            [
              140.129708,
              35.567415
            ],
            [
              140.1297552,
              35.5680111
            ],
            [
              140.1297506,
              35.5681467
            ],
            [
              140.1297312,
              35.568252
            ],
            [
              140.1297128,
              35.5683427
            ],
            [
              140.1296915,
              35.5684121
            ],
            [
              140.1296451,
              35.5685336
            ],
            [
              140.129602,
              35.5686268
            ],
            [
              140.1295572,
              35.5687073
            ],
            [
              140.1295201,
              35.5687811
            ],
            [
              140.1294613,
              35.5689161
            ],
            [
              140.1294115,
              35.5690526
            ],
            [
              140.1293701,
              35.5691868
            ],
            [
              140.1293256,
              35.5693218
            ],
            [
              140.1292547,
              35.5695871
            ],
            [
              140.1292229,
              35.5697171
            ],
            [
              140.129167,
              35.5699549
            ],
            [
              140.1291078,
              35.5702235
            ],
            [
              140.1290701,
              35.5704001
            ],
            [
              140.1290406,
              35.5705349
            ],
            [
              140.1289804,
              35.5708481
            ],
            [
              140.1289222,
              35.5711663
            ],
            [
              140.1288643,
              35.5714333
            ],
            [
              140.1288023,
              35.571702
            ],
            [
              140.1287338,
              35.5719584
            ],
            [
              140.1286674,
              35.5722346
            ],
            [
              140.128649,
              35.5723182
            ],
            [
              140.1285793,
              35.5726062
            ],
            [
              140.1285426,
              35.5727619
            ],
            [
              140.1285194,
              35.5728512
            ],
            [
              140.1284611,
              35.5731245
            ],
            [
              140.1283389,
              35.5736629
            ],
            [
              140.1282505,
              35.5740465
            ],
            [
              140.1281568,
              35.5744463
            ],
            [
              140.1280975,
              35.5747187
            ],
            [
              140.1280059,
              35.5751139
            ],
            [
              140.1279755,
              35.575248
            ],
            [
              140.127797,
              35.5760411
            ],
            [
              140.1276916,
              35.5765
            ],
            [
              140.1275659,
              35.5769682
            ],
            [
              140.1275367,
              35.5770994
            ],
            [
              140.1275048,
              35.5772328
            ],
            [
              140.1273821,
              35.5777713
            ],
            [
              140.127297,
              35.5781521
            ],
            [
              140.1272721,
              35.5782626
            ],
            [
              140.1272066,
              35.5785222
            ],
            [
              140.1271906,
              35.5785882
            ],
            [
              140.1271557,
              35.5787302
            ],
            [
              140.1269765,
              35.579254
            ],
            [
              140.1267964,
              35.5797735
            ],
            [
              140.1266752,
              35.5801328
            ],
            [
              140.126615,
              35.5803042
            ],
            [
              140.12659,
              35.5803782
            ],
            [
              140.1265367,
              35.5805345
            ],
            [
              140.1263115,
              35.5811387
            ],
            [
              140.1262315,
              35.5813526
            ],
            [
              140.1260778,
              35.5818
            ],
            [
              140.1259861,
              35.5820664
            ],
            [
              140.1259419,
              35.5821896
            ],
            [
              140.1258438,
              35.5824442
            ],
            [
              140.1257966,
              35.5825713
            ],
            [
              140.1257453,
              35.5827017
            ],
            [
              140.1256915,
              35.5828351
            ],
            [
              140.1256388,
              35.5829606
            ],
            [
              140.125525,
              35.5832043
            ],
            [
              140.1252747,
              35.5836951
            ],
            [
              140.1251506,
              35.5839471
            ],
            [
              140.1250448,
              35.5841768
            ],
            [
              140.1248567,
              35.5846005
            ],
            [
              140.1248041,
              35.5847089
            ],
            [
              140.1247594,
              35.5848006
            ],
            [
              140.1245421,
              35.5852822
            ],
            [
              140.1243739,
              35.5856556
            ],
            [
              140.1242652,
              35.585896
            ],
            [
              140.1240544,
              35.5863466
            ],
            [
              140.1239763,
              35.5865229
            ],
            [
              140.1239219,
              35.5866407
            ],
            [
              140.1238017,
              35.5869116
            ],
            [
              140.1236899,
              35.5871612
            ],
            [
              140.1234786,
              35.5876755
            ],
            [
              140.1232657,
              35.5881897
            ],
            [
              140.1231602,
              35.5884498
            ],
            [
              140.1230606,
              35.5886892
            ],
            [
              140.1229459,
              35.5889509
            ],
            [
              140.1227799,
              35.5893317
            ],
            [
              140.1226676,
              35.5895797
            ],
            [
              140.1226093,
              35.5897109
            ],
            [
              140.122551,
              35.5898392
            ],
            [
              140.1224919,
              35.5899663
            ],
            [
              140.1224347,
              35.5900919
            ],
            [
              140.1223007,
              35.5903602
            ],
            [
              140.1222305,
              35.5904891
            ],
            [
              140.1221184,
              35.5907109
            ],
            [
              140.1219819,
              35.5909691
            ],
            [
              140.1216825,
              35.5915185
            ],
            [
              140.1215167,
              35.5918334
            ],
            [
              140.1213102,
              35.5921924
            ],
            [
              140.1211437,
              35.5924828
            ],
            [
              140.120979,
              35.5927717
            ],
            [
              140.1208144,
              35.5930671
            ],
            [
              140.1206444,
              35.5933675
            ],
            [
              140.1205561,
              35.5935054
            ],
            [
              140.1204644,
              35.5936418
            ],
            [
              140.1203746,
              35.5937737
            ],
            [
              140.1203132,
              35.5938595
            ],
            [
              140.1202147,
              35.5939974
            ],
            [
              140.1200667,
              35.5942179
            ],
            [
              140.1194852,
              35.5950781
            ],
            [
              140.1192975,
              35.5953582
            ],
            [
              140.1190497,
              35.5956992
            ],
            [
              140.1188731,
              35.595946
            ],
            [
              140.1187494,
              35.5961265
            ],
            [
              140.1186297,
              35.5962888
            ],
            [
              140.1183629,
              35.5966362
            ],
            [
              140.1182357,
              35.5968062
            ],
            [
              140.1181063,
              35.5969762
            ],
            [
              140.1179228,
              35.5972019
            ],
            [
              140.1178311,
              35.5973118
            ],
            [
              140.1177322,
              35.5974292
            ],
            [
              140.1171838,
              35.5981067
            ],
            [
              140.1167074,
              35.5986814
            ],
            [
              140.116441,
              35.5989831
            ],
            [
              140.11614,
              35.5993129
            ],
            [
              140.1157154,
              35.5997716
            ],
            [
              140.1153401,
              35.6001503
            ],
            [
              140.1149546,
              35.6005466
            ],
            [
              140.114569,
              35.6009592
            ],
            [
              140.114167,
              35.6013779
            ],
            [
              140.1135559,
              35.6020248
            ],
            [
              140.1132615,
              35.6023351
            ],
            [
              140.1129455,
              35.602653
            ],
            [
              140.112905,
              35.6026933
            ],
            [
              140.1127761,
              35.6028083
            ],
            [
              140.112668,
              35.6029148
            ],
            [
              140.1122406,
              35.6033579
            ],
            [
              140.1117492,
              35.6038951
            ],
            [
              140.1116055,
              35.6040799
            ],
            [
              140.1113519,
              35.6043607
            ],
            [
              140.1109779,
              35.6047767
            ],
            [
              140.110513,
              35.6052629
            ],
            [
              140.109138,
              35.6066929
            ],
            [
              140.1088678,
              35.6069575
            ],
            [
              140.1080658,
              35.6077645
            ],
            [
              140.1078152,
              35.6080199
            ],
            [
              140.1074825,
              35.6083715
            ],
            [
              140.1070567,
              35.6088323
            ],
            [
              140.1066272,
              35.6092822
            ],
            [
              140.1062957,
              35.6096166
            ],
            [
              140.1058117,
              35.6101316
            ],
            [
              140.1056224,
              35.610365
            ],
            [
              140.1053766,
              35.6106965
            ],
            [
              140.1051993,
              35.6109563
            ],
            [
              140.1050139,
              35.6112524
            ],
            [
              140.1049118,
              35.6113952
            ],
            [
              140.1046141,
              35.6117931
            ],
            [
              140.1042792,
              35.6122625
            ],
            [
              140.1040266,
              35.6125926
            ],
            [
              140.1038366,
              35.6128279
            ],
            [
              140.1035729,
              35.6131455
            ],
            [
              140.1032749,
              35.6134856
            ],
            [
              140.1030717,
              35.613706
            ],
            [
              140.1029306,
              35.6138585
            ],
            [
              140.1027814,
              35.6140108
            ],
            [
              140.102634,
              35.6141657
            ],
            [
              140.1023985,
              35.6143877
            ],
            [
              140.1021703,
              35.6146071
            ],
            [
              140.1020546,
              35.6147076
            ],
            [
              140.1019747,
              35.6147823
            ],
            [
              140.1018736,
              35.6148729
            ],
            [
              140.1017492,
              35.6149792
            ],
            [
              140.101529,
              35.615167
            ],
            [
              140.1013915,
              35.6152867
            ],
            [
              140.1012859,
              35.6153533
            ],
            [
              140.1011639,
              35.6154558
            ],
            [
              140.1010525,
              35.6155511
            ],
            [
              140.1009366,
              35.6156513
            ],
            [
              140.1007163,
              35.6158523
            ],
            [
              140.1004983,
              35.6160593
            ],
            [
              140.1003769,
              35.6161763
            ],
            [
              140.1001788,
              35.6163579
            ],
            [
              140.0998462,
              35.6166703
            ],
            [
              140.0996286,
              35.616872
            ],
            [
              140.0993261,
              35.6171586
            ],
            [
              140.0991331,
              35.6173429
            ],
            [
              140.0989661,
              35.6175033
            ],
            [
              140.098819,
              35.6176447
            ],
            [
              140.0983948,
              35.6180538
            ],
            [
              140.0979738,
              35.6184589
            ],
            [
              140.0975797,
              35.6188336
            ],
            [
              140.0972558,
              35.6191568
            ],
            [
              140.0967933,
              35.6195955
            ],
            [
              140.0967107,
              35.6196746
            ],
            [
              140.09646,
              35.6199249
            ],
            [
              140.0961185,
              35.6202438
            ],
            [
              140.0958009,
              35.6205569
            ],
            [
              140.095279,
              35.621084
            ],
            [
              140.0947205,
              35.6216539
            ],
            [
              140.0942552,
              35.6221399
            ],
            [
              140.0939448,
              35.6224613
            ],
            [
              140.0935553,
              35.6228636
            ],
            [
              140.0933517,
              35.6230733
            ],
            [
              140.093272,
              35.6231579
            ],
            [
              140.0929127,
              35.6235213
            ],
            [
              140.0925124,
              35.6239356
            ],
            [
              140.0922006,
              35.6242604
            ],
            [
              140.0918924,
              35.6245773
            ],
            [
              140.0917048,
              35.6247698
            ],
            [
              140.0912777,
              35.6252107
            ],
            [
              140.0910915,
              35.6254026
            ],
            [
              140.0908923,
              35.6256108
            ],
            [
              140.0907956,
              35.6257125
            ],
            [
              140.0905833,
              35.6259239
            ],
            [
              140.0903791,
              35.6261337
            ],
            [
              140.0900185,
              35.6265103
            ],
            [
              140.0898534,
              35.6266959
            ],
            [
              140.0896779,
              35.6268907
            ],
            [
              140.0894741,
              35.6271043
            ],
            [
              140.0891957,
              35.6274049
            ],
            [
              140.0889615,
              35.6276613
            ],
            [
              140.0887909,
              35.627848
            ],
            [
              140.0885384,
              35.6281194
            ],
            [
              140.0883669,
              35.6283067
            ],
            [
              140.088182,
              35.6285203
            ],
            [
              140.0880041,
              35.6287228
            ],
            [
              140.0879033,
              35.6288381
            ],
            [
              140.087713,
              35.6290526
            ],
            [
              140.0874196,
              35.6293538
            ],
            [
              140.087311,
              35.6294575
            ],
            [
              140.0871219,
              35.6296364
            ],
            [
              140.0865218,
              35.6301601
            ],
            [
              140.086334,
              35.6303238
            ],
            [
              140.0860822,
              35.6305434
            ],
            [
              140.0859726,
              35.630639
            ],
            [
              140.0856288,
              35.6309388
            ],
            [
              140.0854017,
              35.6311368
            ],
            [
              140.085181,
              35.6313292
            ],
            [
              140.0846337,
              35.6318195
            ],
            [
              140.0845549,
              35.63189
            ],
            [
              140.0834034,
              35.632985
            ],
            [
              140.0831461,
              35.6332417
            ],
            [
              140.0828262,
              35.6335389
            ],
            [
              140.0825305,
              35.6338186
            ],
            [
              140.082261,
              35.6340711
            ],
            [
              140.0816311,
              35.6346618
            ],
            [
              140.0811807,
              35.6350571
            ],
            [
              140.0806509,
              35.6355264
            ],
            [
              140.0804055,
              35.6357321
            ],
            [
              140.080201,
              35.635896
            ],
            [
              140.0800541,
              35.6360152
            ],
            [
              140.0797867,
              35.6362251
            ],
            [
              140.0793628,
              35.6365414
            ],
            [
              140.0788308,
              35.6369753
            ],
            [
              140.0783649,
              35.6373546
            ],
            [
              140.0780742,
              35.6375896
            ],
            [
              140.0776849,
              35.6379129
            ],
            [
              140.0776047,
              35.6379786
            ],
            [
              140.0775321,
              35.6380419
            ],
            [
              140.0770785,
              35.6384015
            ],
            [
              140.0763741,
              35.6389718
            ],
            [
              140.0760184,
              35.639256
            ],
            [
              140.0756673,
              35.6395421
            ],
            [
              140.0749641,
              35.6401049
            ],
            [
              140.0747868,
              35.640238
            ],
            [
              140.074655,
              35.6403274
            ],
            [
              140.0745325,
              35.640411
            ],
            [
              140.0744012,
              35.6404926
            ],
            [
              140.0742653,
              35.6405799
            ],
            [
              140.0741328,
              35.640657
            ],
            [
              140.0740073,
              35.6407284
            ],
            [
              140.0738912,
              35.6407866
            ],
            [
              140.0736103,
              35.640929
            ],
            [
              140.0734791,
              35.6409858
            ],
            [
              140.0733238,
              35.641052
            ],
            [
              140.0731692,
              35.6411191
            ],
            [
              140.073075,
              35.64116
            ],
            [
              140.0727672,
              35.6412744
            ],
            [
              140.0721597,
              35.6415252
            ],
            [
              140.0718325,
              35.6416619
            ],
            [
              140.0715213,
              35.6417968
            ],
            [
              140.0711355,
              35.6419978
            ],
            [
              140.0709684,
              35.6420948
            ],
            [
              140.0707282,
              35.6422401
            ],
            [
              140.0704926,
              35.6423944
            ],
            [
              140.0702374,
              35.6425738
            ],
            [
              140.0699637,
              35.6427865
            ],
            [
              140.069532,
              35.6431579
            ],
            [
              140.0692202,
              35.6434514
            ],
            [
              140.0684522,
              35.644175
            ],
            [
              140.0683107,
              35.644308
            ],
            [
              140.0676616,
              35.6449121
            ],
            [
              140.0673479,
              35.6451862
            ],
            [
              140.0669803,
              35.6455005
            ],
            [
              140.0666177,
              35.645776
            ],
            [
              140.065852,
              35.6463041
            ],
            [
              140.0653995,
              35.6466288
            ],
            [
              140.0650746,
              35.64685
            ],
            [
              140.064329,
              35.6473052
            ],
            [
              140.0637732,
              35.6476092
            ],
            [
              140.063332,
              35.6478069
            ],
            [
              140.062935,
              35.6479682
            ],
            [
              140.0626015,
              35.64809
            ],
            [
              140.0622622,
              35.6481943
            ],
            [
              140.0618786,
              35.6482963
            ],
            [
              140.0615375,
              35.6483713
            ],
            [
              140.0605833,
              35.6485447
            ],
            [
              140.0591064,
              35.6487774
            ],
            [
              140.0590683,
              35.6487825
            ],
            [
              140.0590327,
              35.6487879
            ],
            [
              140.058769,
              35.6488199
            ],
            [
              140.0583655,
              35.648867
            ],
            [
              140.0580914,
              35.6488978
            ],
            [
              140.0570194,
              35.6489826
            ],
            [
              140.0562924,
              35.6490486
            ],
            [
              140.0559195,
              35.6490935
            ],
            [
              140.0552766,
              35.6491946
            ],
            [
              140.0549283,
              35.6492669
            ],
            [
              140.0543773,
              35.6493812
            ],
            [
              140.0535291,
              35.6496309
            ],
            [
              140.0508389,
              35.6505659
            ],
            [
              140.049123,
              35.651187
            ],
            [
              140.0490125,
              35.6512319
            ],
            [
              140.0481955,
              35.6515512
            ],
            [
              140.0473659,
              35.6518992
            ],
            [
              140.046837,
              35.6521409
            ],
            [
              140.0462322,
              35.6524172
            ],
            [
              140.0459699,
              35.6525496
            ],
            [
              140.0456555,
              35.6527055
            ],
            [
              140.0451717,
              35.6529489
            ],
            [
              140.0450388,
              35.6530228
            ],
            [
              140.0439455,
              35.6536154
            ],
            [
              140.0434468,
              35.6539014
            ],
            [
              140.0430892,
              35.6541149
            ],
            [
              140.0429239,
              35.6542279
            ],
            [
              140.0426871,
              35.6543839
            ],
            [
              140.041823,
              35.6549702
            ],
            [
              140.0410401,
              35.6554546
            ],
            [
              140.0398226,
              35.6561586
            ],
            [
              140.0388363,
              35.6566897
            ],
            [
              140.0384553,
              35.6568923
            ],
            [
              140.0381101,
              35.6570624
            ],
            [
              140.0375501,
              35.6573248
            ],
            [
              140.0368257,
              35.6576526
            ],
            [
              140.0362637,
              35.6578839
            ],
            [
              140.0358714,
              35.6580472
            ],
            [
              140.0355528,
              35.658166
            ],
            [
              140.0351976,
              35.6582898
            ],
            [
              140.0348786,
              35.6583991
            ],
            [
              140.0345779,
              35.6584941
            ],
            [
              140.0342542,
              35.6585874
            ],
            [
              140.0338396,
              35.6586886
            ],
            [
              140.0334461,
              35.6587798
            ],
            [
              140.0331712,
              35.6588367
            ],
            [
              140.0328327,
              35.658903
            ],
            [
              140.0323721,
              35.6589741
            ],
            [
              140.0319556,
              35.6590312
            ],
            [
              140.0316015,
              35.6590734
            ],
            [
              140.0312404,
              35.6591049
            ],
            [
              140.030829,
              35.6591248
            ],
            [
              140.0303919,
              35.6591505
            ],
            [
              140.0299519,
              35.6591894
            ],
            [
              140.0296756,
              35.6592292
            ],
            [
              140.0292946,
              35.659298
            ],
            [
              140.0289078,
              35.6593821
            ],
            [
              140.0283852,
              35.6595358
            ],
            [
              140.0278937,
              35.659688
            ],
            [
              140.026796,
              35.6600316
            ],
            [
              140.0257135,
              35.6603799
            ],
            [
              140.0248681,
              35.6606513
            ],
            [
              140.0242196,
              35.6608655
            ],
            [
              140.0238846,
              35.6609909
            ],
            [
              140.0235733,
              35.6611174
            ],
            [
              140.0232612,
              35.6612606
            ],
            [
              140.0229744,
              35.6614112
            ],
            [
              140.0226693,
              35.6615869
            ],
            [
              140.0223867,
              35.6617609
            ],
            [
              140.0221236,
              35.6619345
            ],
            [
              140.0206009,
              35.6629644
            ],
            [
              140.0198813,
              35.6634487
            ],
            [
              140.0191831,
              35.6639007
            ],
            [
              140.0185823,
              35.6642721
            ],
            [
              140.0172193,
              35.6650964
            ],
            [
              140.0160452,
              35.6658172
            ],
            [
              140.0155528,
              35.6661019
            ],
            [
              140.0154569,
              35.666154
            ],
            [
              140.0153788,
              35.6661996
            ],
            [
              140.0147198,
              35.6666086
            ],
            [
              140.0144732,
              35.6667543
            ],
            [
              140.0131432,
              35.6675511
            ],
            [
              140.0101003,
              35.6693803
            ],
            [
              140.0087698,
              35.6701824
            ],
            [
              140.0086907,
              35.670229
            ],
            [
              140.0085844,
              35.6702934
            ],
            [
              140.0070066,
              35.6712501
            ],
            [
              140.006563,
              35.671519
            ],
            [
              140.0064009,
              35.6716173
            ],
            [
              140.0059861,
              35.6718898
            ],
            [
              140.0056325,
              35.6721265
            ],
            [
              140.0053728,
              35.6723182
            ],
            [
              140.0051232,
              35.6725166
            ],
            [
              140.0048884,
              35.6727274
            ],
            [
              140.0046467,
              35.6729478
            ],
            [
              140.004432,
              35.6731591
            ],
            [
              140.004034,
              35.6736055
            ],
            [
              140.0036733,
              35.6740836
            ],
            [
              140.003465,
              35.6743973
            ],
            [
              140.0033071,
              35.6746844
            ],
            [
              140.0030498,
              35.6751716
            ],
            [
              140.0029565,
              35.6753632
            ],
            [
              140.0028686,
              35.6755609
            ],
            [
              140.0025869,
              35.6762535
            ],
            [
              140.0022422,
              35.677096
            ],
            [
              140.0020798,
              35.6774343
            ],
            [
              140.0019061,
              35.6777724
            ],
            [
              140.0017004,
              35.6780994
            ],
            [
              140.001442,
              35.6784613
            ],
            [
              140.0012257,
              35.6787451
            ],
            [
              140.000962,
              35.679048
            ],
            [
              140.0007522,
              35.6792757
            ],
            [
              140.0004579,
              35.6795561
            ],
            [
              140.0002179,
              35.6797738
            ],
            [
              140.0000776,
              35.6798893
            ],
            [
              139.9999575,
              35.6799788
            ],
            [
              139.9998067,
              35.6800902
            ],
            [
              139.9996894,
              35.6801778
            ],
            [
              139.9994182,
              35.6803753
            ],
            [
              139.9991547,
              35.6805368
            ],
            [
              139.9989591,
              35.6806516
            ],
            [
              139.9987704,
              35.680756
            ],
            [
              139.9986275,
              35.6808347
            ],
            [
              139.9971986,
              35.6815246
            ],
            [
              139.9951003,
              35.6825018
            ],
            [
              139.9922052,
              35.6838808
            ],
            [
              139.9908368,
              35.684505
            ],
            [
              139.9904193,
              35.6846649
            ],
            [
              139.9901228,
              35.6847738
            ],
            [
              139.9898489,
              35.6848659
            ],
            [
              139.9895222,
              35.6849692
            ],
            [
              139.9892322,
              35.6850609
            ],
            [
              139.9886971,
              35.6852131
            ],
            [
              139.988182,
              35.685348
            ],
            [
              139.9846677,
              35.6862663
            ],
            [
              139.9819064,
              35.6869863
            ],
            [
              139.9802138,
              35.6874258
            ],
            [
              139.9800738,
              35.6874627
            ],
            [
              139.9793593,
              35.6876558
            ],
            [
              139.9785633,
              35.6878633
            ],
            [
              139.9750034,
              35.6888098
            ],
            [
              139.9746026,
              35.6889132
            ],
            [
              139.9741988,
              35.6890173
            ],
            [
              139.9740381,
              35.6890587
            ],
            [
              139.9729569,
              35.6893375
            ],
            [
              139.971562,
              35.6897003
            ],
            [
              139.9696925,
              35.690198
            ],
            [
              139.9689947,
              35.690378
            ],
            [
              139.968897,
              35.6904032
            ],
            [
              139.9680968,
              35.6906096
            ],
            [
              139.9678312,
              35.6906781
            ],
            [
              139.9670059,
              35.6908925
            ],
            [
              139.9636504,
              35.6917791
            ],
            [
              139.9631817,
              35.6918945
            ],
            [
              139.9626707,
              35.6920149
            ],
            [
              139.9623945,
              35.6920737
            ],
            [
              139.9621631,
              35.69212
            ],
            [
              139.9619365,
              35.6921641
            ],
            [
              139.9617226,
              35.692199
            ],
            [
              139.9615087,
              35.6922311
            ],
            [
              139.9613102,
              35.6922578
            ],
            [
              139.9611373,
              35.6922786
            ],
            [
              139.960933,
              35.6923
            ],
            [
              139.9607163,
              35.6923188
            ],
            [
              139.9605035,
              35.6923336
            ],
            [
              139.9602621,
              35.6923457
            ],
            [
              139.9599664,
              35.6923541
            ],
            [
              139.9596405,
              35.6923542
            ],
            [
              139.959271,
              35.6923438
            ],
            [
              139.9589948,
              35.6923291
            ],
            [
              139.9587976,
              35.6923161
            ],
            [
              139.958577,
              35.6922965
            ],
            [
              139.9583792,
              35.6922752
            ],
            [
              139.9581391,
              35.6922458
            ],
            [
              139.9579185,
              35.6922131
            ],
            [
              139.9577137,
              35.692181
            ],
            [
              139.9575081,
              35.6921429
            ],
            [
              139.9572859,
              35.6920999
            ],
            [
              139.957073,
              35.6920525
            ],
            [
              139.9567933,
              35.691986
            ],
            [
              139.9565345,
              35.6919158
            ],
            [
              139.9563112,
              35.691851
            ],
            [
              139.9560758,
              35.6917769
            ],
            [
              139.9558324,
              35.6916941
            ],
            [
              139.9556232,
              35.6916173
            ],
            [
              139.9554023,
              35.6915324
            ],
            [
              139.9552263,
              35.6914572
            ],
            [
              139.955013,
              35.6913608
            ],
            [
              139.9547575,
              35.6912394
            ],
            [
              139.9544994,
              35.6911092
            ],
            [
              139.9542325,
              35.6909709
            ],
            [
              139.9540213,
              35.6908565
            ],
            [
              139.9538868,
              35.6907812
            ],
            [
              139.9537903,
              35.6907271
            ],
            [
              139.9535269,
              35.6905334
            ],
            [
              139.95181,
              35.6894986
            ],
            [
              139.9498216,
              35.6882979
            ],
            [
              139.9493769,
              35.6880272
            ],
            [
              139.9471991,
              35.6867452
            ],
            [
              139.945921,
              35.6859473
            ],
            [
              139.9448092,
              35.6852077
            ],
            [
              139.9443553,
              35.684906
            ],
            [
              139.9440897,
              35.6847415
            ],
            [
              139.94288,
              35.6840062
            ],
            [
              139.9416322,
              35.6832382
            ],
            [
              139.9405834,
              35.6825988
            ],
            [
              139.9399164,
              35.6821927
            ],
            [
              139.9388939,
              35.6815702
            ],
            [
              139.9382928,
              35.6811914
            ],
            [
              139.9375565,
              35.6806903
            ],
            [
              139.9373312,
              35.6805454
            ],
            [
              139.9370845,
              35.6803711
            ],
            [
              139.9366446,
              35.6800236
            ],
            [
              139.9362168,
              35.6796684
            ],
            [
              139.9353383,
              35.6789102
            ],
            [
              139.9343398,
              35.6780529
            ],
            [
              139.933255,
              35.6771126
            ],
            [
              139.9315015,
              35.6755938
            ],
            [
              139.9305123,
              35.6747384
            ],
            [
              139.9297123,
              35.6740353
            ],
            [
              139.9288687,
              35.6733262
            ],
            [
              139.9287321,
              35.6731903
            ],
            [
              139.9281199,
              35.6726646
            ],
            [
              139.926612,
              35.6713556
            ],
            [
              139.9253243,
              35.670247
            ],
            [
              139.9247274,
              35.6697181
            ],
            [
              139.924297,
              35.6693173
            ],
            [
              139.9239248,
              35.6689565
            ],
            [
              139.9235559,
              35.6685846
            ],
            [
              139.9226025,
              35.6675794
            ],
            [
              139.9222746,
              35.6672051
            ],
            [
              139.9219473,
              35.666834
            ],
            [
              139.9215786,
              35.6664076
            ],
            [
              139.9212802,
              35.6660709
            ],
            [
              139.9197086,
              35.6643644
            ],
            [
              139.9190084,
              35.6635894
            ],
            [
              139.91791,
              35.6624219
            ],
            [
              139.9173783,
              35.6618717
            ],
            [
              139.9166165,
              35.6611351
            ],
            [
              139.9163982,
              35.6609278
            ],
            [
              139.9163597,
              35.6608912
            ],
            [
              139.9162699,
              35.660806
            ],
            [
              139.916186,
              35.6607297
            ],
            [
              139.9160883,
              35.6606437
            ],
            [
              139.9157696,
              35.6603631
            ],
            [
              139.9154102,
              35.6600591
            ],
            [
              139.9145185,
              35.6593148
            ],
            [
              139.9124859,
              35.6576199
            ],
            [
              139.9120601,
              35.6572666
            ],
            [
              139.911236,
              35.6566261
            ],
            [
              139.9106622,
              35.6561606
            ],
            [
              139.909335,
              35.6550496
            ],
            [
              139.909042,
              35.6548046
            ],
            [
              139.9081411,
              35.6540481
            ],
            [
              139.9078035,
              35.6537678
            ],
            [
              139.9065656,
              35.6527244
            ],
            [
              139.9063598,
              35.6525364
            ],
            [
              139.9061794,
              35.6523719
            ],
            [
              139.9059863,
              35.652197
            ],
            [
              139.9058716,
              35.6520994
            ],
            [
              139.9053499,
              35.6516526
            ],
            [
              139.9049703,
              35.6513389
            ],
            [
              139.9029467,
              35.6496508
            ],
            [
              139.9025363,
              35.6493119
            ],
            [
              139.9018581,
              35.648745
            ],
            [
              139.9009686,
              35.6479962
            ],
            [
              139.9006567,
              35.6477337
            ],
            [
              139.9003188,
              35.6474546
            ],
            [
              139.8995035,
              35.6467894
            ],
            [
              139.8988371,
              35.6462387
            ],
            [
              139.8987007,
              35.6461811
            ],
            [
              139.8985753,
              35.6461072
            ],
            [
              139.8984484,
              35.6460143
            ],
            [
              139.8983773,
              35.6459553
            ],
            [
              139.89772,
              35.6454033
            ],
            [
              139.896943,
              35.6447508
            ],
            [
              139.8968883,
              35.6447049
            ],
            [
              139.8968364,
              35.6446615
            ],
            [
              139.8962132,
              35.6441405
            ],
            [
              139.895601,
              35.6436287
            ],
            [
              139.8954666,
              35.6435107
            ],
            [
              139.895364,
              35.6434143
            ],
            [
              139.8952144,
              35.6432577
            ],
            [
              139.8950642,
              35.6430686
            ],
            [
              139.8949238,
              35.6429498
            ],
            [
              139.8943516,
              35.6424728
            ],
            [
              139.8937892,
              35.6420021
            ],
            [
              139.893626,
              35.6418715
            ],
            [
              139.8934573,
              35.6417412
            ],
            [
              139.8932717,
              35.6416106
            ],
            [
              139.8930661,
              35.64147
            ],
            [
              139.8929092,
              35.6413141
            ],
            [
              139.8927871,
              35.6411964
            ],
            [
              139.8926745,
              35.6410901
            ],
            [
              139.8925202,
              35.6409495
            ],
            [
              139.892358,
              35.6408007
            ],
            [
              139.8922171,
              35.6406819
            ],
            [
              139.8908425,
              35.6395381
            ],
            [
              139.8903702,
              35.6391596
            ],
            [
              139.8902819,
              35.6390912
            ],
            [
              139.8901596,
              35.6389988
            ],
            [
              139.8900451,
              35.6389164
            ],
            [
              139.8899326,
              35.6388393
            ],
            [
              139.88977,
              35.638734
            ],
            [
              139.8895805,
              35.6386165
            ],
            [
              139.8893955,
              35.6385059
            ],
            [
              139.8892493,
              35.6384214
            ],
            [
              139.8890964,
              35.6383381
            ],
            [
              139.8889516,
              35.6382645
            ],
            [
              139.8888107,
              35.6381937
            ],
            [
              139.8886397,
              35.638113
            ],
            [
              139.8884151,
              35.6380116
            ],
            [
              139.8882233,
              35.6379283
            ],
            [
              139.8881122,
              35.6378821
            ],
            [
              139.887864,
              35.6377867
            ],
            [
              139.8875809,
              35.637689
            ],
            [
              139.8872752,
              35.6375926
            ],
            [
              139.8870043,
              35.6375135
            ],
            [
              139.8867763,
              35.6374536
            ],
            [
              139.8866046,
              35.6374111
            ],
            [
              139.8862628,
              35.6373379
            ],
            [
              139.8860682,
              35.6372999
            ],
            [
              139.8858777,
              35.6372656
            ],
            [
              139.8856417,
              35.637228
            ],
            [
              139.8854104,
              35.6372029
            ],
            [
              139.8851629,
              35.6371778
            ],
            [
              139.8849256,
              35.6371582
            ],
            [
              139.8848035,
              35.6371495
            ],
            [
              139.884591,
              35.6371375
            ],
            [
              139.8843472,
              35.6371283
            ],
            [
              139.8840995,
              35.6371251
            ],
            [
              139.8839077,
              35.6371233
            ],
            [
              139.8837165,
              35.6371267
            ],
            [
              139.8834511,
              35.6371437
            ],
            [
              139.8831138,
              35.6371754
            ],
            [
              139.882877,
              35.6372029
            ],
            [
              139.8826195,
              35.6372389
            ],
            [
              139.8823647,
              35.6372841
            ],
            [
              139.8821059,
              35.6373391
            ],
            [
              139.8814052,
              35.6375114
            ],
            [
              139.8811041,
              35.6375936
            ],
            [
              139.8807145,
              35.6377086
            ],
            [
              139.8804268,
              35.6377964
            ],
            [
              139.8800151,
              35.6379299
            ],
            [
              139.8796383,
              35.6380536
            ],
            [
              139.8792735,
              35.6382051
            ],
            [
              139.8789154,
              35.6383593
            ],
            [
              139.8787089,
              35.6384564
            ],
            [
              139.878566,
              35.6385217
            ],
            [
              139.8774637,
              35.6389016
            ],
            [
              139.8718788,
              35.640992
            ],
            [
              139.8714072,
              35.64118
            ],
            [
              139.869792,
              35.6417693
            ],
            [
              139.8686968,
              35.6421746
            ],
            [
              139.8676109,
              35.6425494
            ],
            [
              139.8626507,
              35.6443553
            ],
            [
              139.8611422,
              35.6449027
            ],
            [
              139.8595285,
              35.6454871
            ],
            [
              139.8591291,
              35.6456226
            ],
            [
              139.8587419,
              35.6457442
            ],
            [
              139.85837,
              35.6458466
            ],
            [
              139.8578286,
              35.6459774
            ],
            [
              139.8575016,
              35.6460471
            ],
            [
              139.8571781,
              35.6461043
            ],
            [
              139.8569186,
              35.6461442
            ],
            [
              139.8566602,
              35.646179
            ],
            [
              139.8563268,
              35.6462144
            ],
            [
              139.8559729,
              35.6462484
            ],
            [
              139.855469,
              35.6462807
            ],
            [
              139.8550435,
              35.6463065
            ],
            [
              139.854583,
              35.6463321
            ],
            [
              139.8419935,
              35.6470554
            ],
            [
              139.841833,
              35.647098
            ],
            [
              139.8415804,
              35.647116
            ],
            [
              139.840639,
              35.6471988
            ],
            [
              139.8392481,
              35.6473052
            ],
            [
              139.8387345,
              35.6473367
            ],
            [
              139.8384839,
              35.6473524
            ],
            [
              139.8381353,
              35.6473609
            ],
            [
              139.8377947,
              35.6473636
            ],
            [
              139.8371864,
              35.6473444
            ],
            [
              139.8366381,
              35.6472958
            ],
            [
              139.8355255,
              35.6471799
            ],
            [
              139.8316052,
              35.6467912
            ],
            [
              139.8289173,
              35.6465212
            ],
            [
              139.8282824,
              35.6464775
            ],
            [
              139.8271658,
              35.6463746
            ],
            [
              139.825872,
              35.6462436
            ],
            [
              139.8250301,
              35.6461569
            ],
            [
              139.8210056,
              35.6457692
            ],
            [
              139.8203248,
              35.6457082
            ],
            [
              139.8188658,
              35.645566
            ],
            [
              139.8184694,
              35.6455201
            ],
            [
              139.8180765,
              35.6454585
            ],
            [
              139.8178242,
              35.645414
            ],
            [
              139.8175516,
              35.6453547
            ],
            [
              139.8172101,
              35.6452708
            ],
            [
              139.8169635,
              35.6452135
            ],
            [
              139.8166679,
              35.645129
            ],
            [
              139.8162735,
              35.6450139
            ],
            [
              139.8129568,
              35.643961
            ],
            [
              139.8128384,
              35.6439246
            ],
            [
              139.8126718,
              35.6438592
            ],
            [
              139.8125614,
              35.6438236
            ],
            [
              139.8117902,
              35.6435747
            ],
            [
              139.81099,
              35.6433164
            ],
            [
              139.8081652,
              35.6424044
            ],
            [
              139.8060843,
              35.6417326
            ],
            [
              139.8028355,
              35.6406809
            ],
            [
              139.8026981,
              35.6406393
            ],
            [
              139.8025639,
              35.6405864
            ],
            [
              139.8024141,
              35.6405256
            ],
            [
              139.802095,
              35.6403835
            ],
            [
              139.8016441,
              35.6401648
            ],
            [
              139.8012216,
              35.6399495
            ],
            [
              139.800785,
              35.6397154
            ],
            [
              139.7998874,
              35.6392228
            ],
            [
              139.7996293,
              35.6390792
            ],
            [
              139.799003,
              35.6387381
            ],
            [
              139.7970101,
              35.6376558
            ],
            [
              139.796243,
              35.637246
            ],
            [
              139.7955046,
              35.6368612
            ],
            [
              139.7949099,
              35.6365344
            ],
            [
              139.7928825,
              35.6354978
            ],
            [
              139.7910672,
              35.6345155
            ],
            [
              139.7904475,
              35.6341053
            ],
            [
              139.7896649,
              35.6336861
            ],
            [
              139.7867347,
              35.6321254
            ],
            [
              139.7866025,
              35.6320529
            ],
            [
              139.7865064,
              35.6319923
            ],
            [
              139.7863693,
              35.6319267
            ],
            [
              139.7854767,
              35.6314063
            ],
            [
              139.7841164,
              35.6306677
            ],
            [
              139.7821997,
              35.629627
            ],
            [
              139.7819158,
              35.6294728
            ],
            [
              139.7816791,
              35.6293464
            ],
            [
              139.780653,
              35.6288004
            ],
            [
              139.7801178,
              35.628535
            ],
            [
              139.7787281,
              35.6278563
            ],
            [
              139.7786451,
              35.6278163
            ],
            [
              139.7779594,
              35.6274856
            ],
            [
              139.7774121,
              35.6272199
            ],
            [
              139.7767832,
              35.6268952
            ],
            [
              139.7755767,
              35.6262368
            ],
            [
              139.7743974,
              35.6255979
            ],
            [
              139.7740089,
              35.6253563
            ],
            [
              139.7736972,
              35.6251379
            ],
            [
              139.7733731,
              35.6249031
            ],
            [
              139.7732705,
              35.6248269
            ],
            [
              139.7729423,
              35.624572
            ],
            [
              139.7725714,
              35.6242614
            ],
            [
              139.7722965,
              35.6240341
            ],
            [
              139.7716886,
              35.6235568
            ],
            [
              139.7711767,
              35.6231627
            ],
            [
              139.7699909,
              35.6221854
            ],
            [
              139.768277,
              35.6207938
            ],
            [
              139.7578976,
              35.6128713
            ],
            [
              139.7574685,
              35.6125434
            ],
            [
              139.7572337,
              35.6123469
            ],
            [
              139.7570721,
              35.6121995
            ],
            [
              139.7569537,
              35.6120734
            ],
            [
              139.756804,
              35.611904
            ],
            [
              139.7566338,
              35.6116982
            ],
            [
              139.7564993,
              35.61152
            ],
            [
              139.7563692,
              35.6113309
            ],
            [
              139.7562631,
              35.6111312
            ],
            [
              139.7561132,
              35.6108095
            ],
            [
              139.7559833,
              35.6104502
            ],
            [
              139.7559377,
              35.6102354
            ],
            [
              139.7558785,
              35.6099869
            ],
            [
              139.7558532,
              35.6098098
            ],
            [
              139.7558262,
              35.609552
            ],
            [
              139.7558081,
              35.6092493
            ],
            [
              139.7557993,
              35.6088749
            ],
            [
              139.7558214,
              35.6072263
            ],
            [
              139.755822,
              35.6070638
            ],
            [
              139.755817,
              35.6069161
            ],
            [
              139.7558171,
              35.6066631
            ],
            [
              139.7558125,
              35.6061109
            ],
            [
              139.7558125,
              35.6057066
            ],
            [
              139.7557787,
              35.6050361
            ],
            [
              139.7557755,
              35.6043607
            ],
            [
              139.7557766,
              35.6039576
            ],
            [
              139.7557743,
              35.6037158
            ],
            [
              139.7557705,
              35.6024426
            ],
            [
              139.7557665,
              35.6017509
            ],
            [
              139.755771,
              35.601257
            ],
            [
              139.7557656,
              35.600543
            ],
            [
              139.7557632,
              35.5998679
            ],
            [
              139.7557572,
              35.5986735
            ],
            [
              139.7557528,
              35.5969061
            ],
            [
              139.7557531,
              35.5961001
            ],
            [
              139.7557528,
              35.5955576
            ],
            [
              139.7557484,
              35.5948799
            ],
            [
              139.7557394,
              35.5938095
            ],
            [
              139.7557356,
              35.5931295
            ],
            [
              139.7557361,
              35.5928522
            ],
            [
              139.7557357,
              35.5925895
            ],
            [
              139.7557336,
              35.5921904
            ],
            [
              139.7557356,
              35.591752
            ],
            [
              139.7557281,
              35.5909679
            ],
            [
              139.7557252,
              35.5901619
            ],
            [
              139.7556779,
              35.5892998
            ],
            [
              139.7556347,
              35.589006
            ],
            [
              139.7556082,
              35.5887776
            ],
            [
              139.7556112,
              35.5879698
            ],
            [
              139.7556063,
              35.5862301
            ],
            [
              139.7556331,
              35.5854612
            ],
            [
              139.7556564,
              35.5851845
            ],
            [
              139.7556875,
              35.584901
            ],
            [
              139.7557393,
              35.584556
            ],
            [
              139.7558044,
              35.5842356
            ],
            [
              139.755931,
              35.5837181
            ],
            [
              139.7563203,
              35.5824149
            ],
            [
              139.7565913,
              35.5815296
            ],
            [
              139.7568426,
              35.5807329
            ],
            [
              139.7569203,
              35.5805012
            ],
            [
              139.7571965,
              35.5798538
            ],
            [
              139.757323,
              35.5795739
            ],
            [
              139.7574135,
              35.5792822
            ],
            [
              139.7575921,
              35.5786819
            ],
            [
              139.7576165,
              35.5786097
            ],
            [
              139.7576575,
              35.5784884
            ],
            [
              139.7576969,
              35.5783754
            ],
            [
              139.7577527,
              35.5782103
            ],
            [
              139.7579564,
              35.5775675
            ],
            [
              139.7590465,
              35.5740981
            ],
            [
              139.7591945,
              35.5736258
            ],
            [
              139.7593315,
              35.57315
            ],
            [
              139.7594879,
              35.5726071
            ],
            [
              139.759513,
              35.57252
            ],
            [
              139.7595711,
              35.5723899
            ],
            [
              139.7596223,
              35.5722315
            ],
            [
              139.7597253,
              35.5719269
            ],
            [
              139.7597901,
              35.5717098
            ],
            [
              139.7598831,
              35.5713997
            ],
            [
              139.759973,
              35.5711
            ],
            [
              139.7599841,
              35.571063
            ],
            [
              139.7601237,
              35.570693
            ],
            [
              139.7603948,
              35.5700756
            ],
            [
              139.7605327,
              35.5698203
            ],
            [
              139.7606475,
              35.5696174
            ],
            [
              139.7609618,
              35.5691694
            ],
            [
              139.7610907,
              35.568959
            ],
            [
              139.7613453,
              35.5686552
            ],
            [
              139.7618781,
              35.5682164
            ],
            [
              139.7623355,
              35.5678934
            ],
            [
              139.7632167,
              35.5673872
            ],
            [
              139.7639282,
              35.5670126
            ],
            [
              139.7657404,
              35.566108
            ],
            [
              139.7700236,
              35.5640212
            ],
            [
              139.7712166,
              35.5634349
            ],
            [
              139.7726489,
              35.5627484
            ],
            [
              139.7737897,
              35.5621879
            ],
            [
              139.7754448,
              35.5613474
            ],
            [
              139.7766652,
              35.5607155
            ],
            [
              139.7772685,
              35.5603812
            ],
            [
              139.7779063,
              35.5600077
            ],
            [
              139.7782744,
              35.5597691
            ],
            [
              139.7783938,
              35.5596869
            ],
            [
              139.7785469,
              35.5595742
            ],
            [
              139.7790836,
              35.5592201
            ],
            [
              139.7793297,
              35.5590493
            ],
            [
              139.779612,
              35.5588601
            ],
            [
              139.7799635,
              35.5586247
            ],
            [
              139.7801726,
              35.5584652
            ],
            [
              139.7804069,
              35.5582863
            ],
            [
              139.7806916,
              35.5580495
            ],
            [
              139.7808762,
              35.5578945
            ],
            [
              139.7810979,
              35.5576916
            ],
            [
              139.7812926,
              35.5575057
            ],
            [
              139.7817068,
              35.5570808
            ],
            [
              139.7821211,
              35.5566106
            ],
            [
              139.7824973,
              35.556153
            ],
            [
              139.7831969,
              35.555215
            ],
            [
              139.784034,
              35.5540424
            ],
            [
              139.7841188,
              35.5539115
            ],
            [
              139.7842013,
              35.5537895
            ],
            [
              139.7843894,
              35.5534893
            ],
            [
              139.7850016,
              35.5525437
            ],
            [
              139.7851183,
              35.5523727
            ],
            [
              139.7864159,
              35.5505393
            ],
            [
              139.7865567,
              35.5503522
            ],
            [
              139.7873114,
              35.5494018
            ],
            [
              139.7874279,
              35.5492477
            ],
            [
              139.7879235,
              35.5485552
            ],
            [
              139.7887265,
              35.5474141
            ],
            [
              139.789202,
              35.5467491
            ],
            [
              139.7893819,
              35.5464892
            ],
            [
              139.7898858,
              35.5457811
            ],
            [
              139.7908015,
              35.5444822
            ],
            [
              139.790936,
              35.5442458
            ],
            [
              139.7911885,
              35.5437535
            ],
            [
              139.7914495,
              35.5432779
            ],
            [
              139.7915669,
              35.5430868
            ]
          ]
        ]
      },
      "id": "relation/5347303"
    }
  ]
}