{"type": "FeatureCollection", "generator": "kokudo-quiz tools/fetch_raw.py (Overpass API)", "copyright": "The data included in this document is from www.openstreetmap.org. The data is made available under ODbL.", "timestamp": "2026-09-30T23:38:34Z", "features": [{"type": "Feature", "properties": {"@id": "relation/8346167", "colour": "red", "from": "奈良県奈良市", "name": "国道369号", "name:en": "National Highway Route 369", "name:ja": "国道369号", "name:ja-Hira": "こくどうさんびゃくろくじゅうきゅうごう", "name:ja-Latn": "Kokudo 369 Gou", "network": "JP:national", "ref": "369", "route": "road", "to": "三重県松阪市", "type": "route", "wikidata": "Q11421449", "wikipedia": "ja:国道369号"}, "geometry": {"type": "MultiLineString", "coordinates": [[[135.8001223, 34.6844364], [135.800484, 34.6844412], [135.8006952, 34.684437], [135.8010014, 34.6844308], [135.8016695, 34.6844174], [135.8029413, 34.6844049], [135.8030257, 34.6844037], [135.8031785, 34.6844057], [135.8032093, 34.6844073], [135.8035469, 34.6844057], [135.8039969, 34.6844036], [135.8040752, 34.6844032], [135.8041622, 34.6844024], [135.8047844, 34.6843967], [135.8048621, 34.684396], [135.8048996, 34.6843965], [135.8056703, 34.6844014], [135.8058374, 34.6844025], [135.8059886, 34.6844014], [135.8066313, 34.6843925], [135.8066784, 34.6843926], [135.8069459, 34.6843919], [135.8069818, 34.6843916], [135.8070919, 34.6843928], [135.8087362, 34.6844067], [135.8088069, 34.6844067], [135.8094756, 34.6844069], [135.8113221, 34.6844169], [135.811716, 34.6844189], [135.8118989, 34.6844235], [135.8120932, 34.6844241], [135.8125123, 34.6844255], [135.8129024, 34.6844243], [135.8131348, 34.6844253], [135.8132459, 34.6844273], [135.8134236, 34.6844306], [135.8147781, 34.6844306], [135.8153001, 34.6844393], [135.8159278, 34.6844428], [135.816006, 34.6844432], [135.8160827, 34.6844439], [135.8161718, 34.6844448], [135.81727, 34.6844465], [135.8173283, 34.6844489], [135.8174699, 34.6844548], [135.8176609, 34.6844928], [135.8181016, 34.6845666], [135.8187272, 34.68464], [135.8190333, 34.6846633], [135.8193242, 34.6846627], [135.8196253, 34.6846557], [135.8198464, 34.6846372], [135.8200088, 34.6846166], [135.820189, 34.6845895], [135.8204333, 34.6845478], [135.8208575, 34.6844723], [135.8210229, 34.6844429], [135.8212721, 34.6844128], [135.821439, 34.6843891], [135.8218062, 34.6843477], [135.8220922, 34.6843466], [135.8227369, 34.6843416], [135.8232071, 34.6843379], [135.8233936, 34.6843383], [135.8234751, 34.68434], [135.8236485, 34.6843436], [135.8242085, 34.6843554], [135.8247182, 34.6843487], [135.8251009, 34.6843499], [135.8259589, 34.6843675], [135.8260942, 34.6843704], [135.8262314, 34.6843728], [135.8264853, 34.6843749], [135.826818, 34.6843727], [135.8269805, 34.6843727], [135.8275181, 34.6843689], [135.8276193, 34.6843689], [135.8277081, 34.6843706], [135.8283034, 34.684375], [135.8285958, 34.6843845], [135.8287363, 34.6844139], [135.8287605, 34.6844189], [135.8290198, 34.6844728], [135.8293082, 34.6845211], [135.8295179, 34.6845315], [135.8298418, 34.68453], [135.8304934, 34.6845271], [135.8306932, 34.6845262], [135.8310262, 34.6845247], [135.831802, 34.6845282], [135.8318506, 34.6845285], [135.8318814, 34.6845282], [135.8319066, 34.6845288], [135.8319501, 34.6845286], [135.8327264, 34.6845298], [135.8329693, 34.6845298], [135.8331181, 34.6845313], [135.8332523, 34.6845313], [135.8345591, 34.6845309], [135.8347378, 34.6844679]], [[135.8001274, 34.6843247], [135.800486, 34.684319], [135.8006953, 34.6843258], [135.8010844, 34.6843384], [135.8016685, 34.68434], [135.8029957, 34.6843317], [135.803016, 34.6843306], [135.8031684, 34.6843298], [135.8031944, 34.6843289], [135.8039974, 34.6843162], [135.80408, 34.6843149], [135.8041659, 34.6843152], [135.8042335, 34.6843154], [135.804723, 34.6843172], [135.8048655, 34.6843177], [135.805671, 34.6843114], [135.8058303, 34.6843101], [135.805989, 34.6843114], [135.8066703, 34.6843168], [135.8066878, 34.6843168], [135.8069551, 34.6843185], [135.8069836, 34.6843189], [135.8070927, 34.6843196], [135.8087348, 34.6843296], [135.8088091, 34.6843297], [135.8094633, 34.6843305], [135.809769, 34.6843308], [135.8117158, 34.6843331], [135.8117839, 34.6843332], [135.8120955, 34.6843356], [135.8131361, 34.6843436], [135.8132458, 34.6843447], [135.8147641, 34.6843592], [135.8159317, 34.6843574], [135.8160077, 34.6843573], [135.8160832, 34.6843586], [135.8164189, 34.6843645], [135.8168314, 34.6843705], [135.8171017, 34.6843727], [135.81733, 34.684376], [135.8174851, 34.6843783], [135.8176825, 34.6844063], [135.8182438, 34.6844859], [135.8187332, 34.6845502], [135.8190263, 34.6845763], [135.8193378, 34.6845857], [135.8195982, 34.6845711], [135.8199424, 34.6845343], [135.8202869, 34.6844853], [135.8208375, 34.6843916], [135.8210112, 34.6843621], [135.8212539, 34.6843265], [135.8214318, 34.6842983], [135.8217518, 34.6842566], [135.8219854, 34.68424], [135.8222247, 34.6842328], [135.8228012, 34.6842283], [135.8231399, 34.6842288], [135.8233886, 34.684228], [135.8234051, 34.684228], [135.8234764, 34.6842292], [135.8244486, 34.6842449], [135.8249688, 34.6842533], [135.8258751, 34.6842553], [135.8259596, 34.6842558], [135.8260902, 34.6842565], [135.8262306, 34.6842585], [135.826935, 34.6842695], [135.8275172, 34.6842734], [135.8276224, 34.6842719], [135.8277082, 34.68427], [135.828596, 34.6842758], [135.8287322, 34.6842998], [135.8287584, 34.6843044], [135.8290315, 34.684366], [135.8293189, 34.6844174], [135.829522, 34.6844262], [135.8309686, 34.6844306], [135.8318006, 34.6844281], [135.8318509, 34.6844284], [135.8318816, 34.6844286], [135.8319062, 34.684429], [135.8319493, 34.6844293], [135.8327269, 34.6844243], [135.8329702, 34.6844269], [135.8331214, 34.6844273], [135.8345623, 34.6844333], [135.8347378, 34.6844679], [135.8347074, 34.6855712], [135.8347049, 34.6856926], [135.8347068, 34.6857879], [135.8347171, 34.6863001], [135.8347083, 34.6868327], [135.8347078, 34.6868537], [135.8346943, 34.6874928], [135.8346928, 34.68772], [135.8346866, 34.6881296], [135.8346895, 34.6882415], [135.8346883, 34.6883341], [135.8346789, 34.6889393], [135.8346799, 34.6889572], [135.8346766, 34.689238], [135.8346726, 34.6892878], [135.8346702, 34.6893329], [135.8346563, 34.6898401], [135.8346536, 34.6905196], [135.834651, 34.6906012], [135.8346516, 34.6908949], [135.8346619, 34.6912993], [135.8346707, 34.6916335], [135.8346817, 34.6917794], [135.8347255, 34.69301], [135.8347401, 34.6932015], [135.8347531, 34.6933662], [135.8348047, 34.6936222], [135.8348677, 34.6939158], [135.834894, 34.6939956], [135.8349675, 34.6941927], [135.8350017, 34.6942867], [135.8351044, 34.6944724], [135.8351939, 34.6946064], [135.835263, 34.6946659], [135.8353913, 34.6947359], [135.8356688, 34.6948332], [135.8358355, 34.694891], [135.8359791, 34.6949544], [135.836112, 34.6950222], [135.8362082, 34.6950837], [135.8362908, 34.6951508], [135.8363249, 34.695181], [135.8364464, 34.6953079], [135.8365238, 34.6954004], [135.8366, 34.6955041], [135.8366499, 34.6955831], [135.8366842, 34.6956597], [135.8367263, 34.6957673], [135.8367681, 34.6959465], [135.8368669, 34.6965256], [135.8368761, 34.6965839], [135.8369799, 34.6971139], [135.8371069, 34.6978363], [135.8372675, 34.6978235], [135.8374705, 34.6978679], [135.8376673, 34.6979786], [135.8377866, 34.6981019], [135.8379936, 34.6983803], [135.838318, 34.6988129], [135.838419, 34.6989924], [135.8385138, 34.6993756], [135.8386127, 34.6997093], [135.8387331, 34.6999248], [135.8389055, 34.7000656], [135.8390982, 34.7001654], [135.8393583, 34.7002501], [135.839551, 34.7002761], [135.8397826, 34.700282], [135.8405403, 34.7003147], [135.84076, 34.7003404], [135.8408074, 34.7003506], [135.8408668, 34.7003745], [135.841346, 34.7006492], [135.8416602, 34.7007666], [135.842268, 34.7009268], [135.8426821, 34.7010148], [135.843088, 34.701076], [135.8438817, 34.7011646], [135.8440324, 34.7011978], [135.8441795, 34.7012411], [135.8444067, 34.7013798], [135.8449857, 34.7019087], [135.8452284, 34.7021192], [135.8453692, 34.7022005], [135.8455711, 34.7022726], [135.8458526, 34.7023238], [135.8463572, 34.7023716], [135.8473532, 34.7024935], [135.8479519, 34.70261], [135.8490054, 34.7028833], [135.8494882, 34.7030097], [135.8497255, 34.7031212], [135.8501133, 34.7034246], [135.8502469, 34.7035177], [135.8503938, 34.7035839], [135.8505906, 34.703656], [135.8508068, 34.7037046], [135.851074, 34.7037298], [135.8521616, 34.7037582], [135.8525564, 34.7037979], [135.8527581, 34.7038535], [135.8530988, 34.7040581], [135.8532161, 34.7041243], [135.8533986, 34.704157], [135.8541472, 34.7041512], [135.854394, 34.7041881], [135.8547755, 34.7042711], [135.854964, 34.704291], [135.8552342, 34.7042306], [135.8554688, 34.7041895], [135.8556901, 34.7042163], [135.8560561, 34.7043442], [135.8563714, 34.7044754], [135.8567082, 34.7046839], [135.8572314, 34.7050708], [135.8578956, 34.7054369], [135.8580058, 34.7054928], [135.8581559, 34.705556], [135.8583352, 34.7056048], [135.8584983, 34.7056311], [135.8589925, 34.7056667], [135.8594067, 34.7057639], [135.8596363, 34.7058861], [135.8598502, 34.7060599], [135.860025, 34.7061371], [135.8603155, 34.7062044], [135.8605163, 34.7062229], [135.8607121, 34.7062246], [135.8608544, 34.706183], [135.8609303, 34.7061178], [135.8609925, 34.7060068], [135.8610241, 34.705781], [135.861076, 34.70561], [135.8611547, 34.7054936], [135.8613007, 34.7054189], [135.8615253, 34.7053441], [135.8618192, 34.7052761], [135.8620754, 34.7052199], [135.8623553, 34.7051276], [135.8635807, 34.7045779], [135.8639391, 34.7044385], [135.864148, 34.7043572], [135.8645642, 34.7042167], [135.8648561, 34.7041638], [135.8650859, 34.7041786], [135.8653345, 34.7042589], [135.8655255, 34.7043461], [135.8656373, 34.704409], [135.8659209, 34.7044871], [135.8662229, 34.704559], [135.8665769, 34.7045984], [135.8667757, 34.7045544], [135.8669052, 34.7044941], [135.8670705, 34.7043049], [135.8671103, 34.7041029], [135.8671621, 34.7035411], [135.8671804, 34.7032663], [135.867257, 34.7030587], [135.8673825, 34.7028951], [135.8676202, 34.7028032], [135.8679755, 34.7028253], [135.8682194, 34.702878], [135.8682941, 34.702885], [135.8688767, 34.7030066], [135.8704898, 34.7031806], [135.8708585, 34.7031872], [135.8711301, 34.7031787], [135.8726201, 34.702962], [135.872954, 34.702881], [135.8731384, 34.7027501], [135.8732581, 34.7026378], [135.8732999, 34.7025985], [135.8735855, 34.7019759], [135.8737209, 34.7017854], [135.8738295, 34.7016571], [135.8739292, 34.7013895], [135.8741087, 34.7009079], [135.874337, 34.7003998], [135.8743777, 34.7002534], [135.8745012, 34.6998357], [135.874623, 34.6996126], [135.8748936, 34.6993781], [135.8749182, 34.6993597], [135.8749501, 34.699331], [135.8750869, 34.6992239], [135.875506, 34.6989956], [135.8760806, 34.6988132], [135.8775051, 34.6985645], [135.8777119, 34.6985461], [135.8778479, 34.6985705], [135.8780736, 34.698751], [135.8781104, 34.6988937], [135.8780479, 34.6990656], [135.8779142, 34.6991634], [135.877739, 34.6992142], [135.8772456, 34.6992239], [135.8770675, 34.6992532], [135.8768681, 34.699365], [135.8766987, 34.699548], [135.8764145, 34.7001356], [135.8760262, 34.7007166], [135.8759848, 34.7009724], [135.8761145, 34.7011722], [135.8764237, 34.7012067], [135.8767221, 34.701245], [135.8772391, 34.7010982], [135.8772921, 34.7010832], [135.8774965, 34.7010253], [135.8777855, 34.7009443], [135.8780558, 34.7008715], [135.8785854, 34.700903], [135.8790299, 34.7009608], [135.8794358, 34.7009915], [135.8798738, 34.7009458], [135.8802247, 34.7008592], [135.881184, 34.700596], [135.8814533, 34.7005423], [135.8818612, 34.7005524], [135.8822679, 34.7005644], [135.8825437, 34.700543], [135.8826446, 34.7004719], [135.8827425, 34.7003394], [135.8830138, 34.6998765], [135.8830832, 34.6997155], [135.8831305, 34.6993776], [135.8831606, 34.699089], [135.8832422, 34.6988912], [135.8833359, 34.6987081], [135.8834564, 34.6986023], [135.8836293, 34.6984884], [135.883919, 34.6983434], [135.8855803, 34.6976317], [135.8857282, 34.6975875], [135.8858758, 34.6975852], [135.8860227, 34.6976359], [135.8862899, 34.6977683], [135.8866347, 34.6979411], [135.8867959, 34.6979881], [135.8875996, 34.69803], [135.8878471, 34.6980079], [135.8880366, 34.6979467], [135.8881834, 34.6978599], [135.8892696, 34.6972997], [135.8895763, 34.697188], [135.890055, 34.6970587], [135.8905453, 34.6970136], [135.8923665, 34.6969553], [135.8926484, 34.6969693], [135.8934685, 34.6971713], [135.8940349, 34.6972866], [135.8940866, 34.6972971], [135.8948862, 34.697386], [135.8951229, 34.697386], [135.8952115, 34.69737], [135.8953187, 34.6973507], [135.8956367, 34.6971986], [135.8956553, 34.6971897], [135.896251, 34.6967017], [135.8968221, 34.6962455], [135.897064, 34.6958946], [135.8973393, 34.6955542], [135.8975808, 34.6953602], [135.897831, 34.6952445], [135.8981952, 34.6951466], [135.8993546, 34.6950383], [135.8996073, 34.6950019], [135.8998533, 34.6949303], [135.9003217, 34.6946642], [135.9006429, 34.6944861], [135.9008367, 34.6944341], [135.9015123, 34.6943048], [135.9016284, 34.6942175], [135.9016888, 34.6941245], [135.9017348, 34.6938727], [135.901771, 34.6924163], [135.9018098, 34.6923241], [135.9019199, 34.6922251], [135.9022735, 34.6920428], [135.9029188, 34.6917514], [135.9039664, 34.6912464], [135.9041789, 34.6911529], [135.9043851, 34.6910975], [135.9045206, 34.6910845], [135.9047139, 34.6911367], [135.9052087, 34.6913988], [135.9059645, 34.6916989], [135.9060713, 34.6917605], [135.9061997, 34.6919242], [135.9066627, 34.6925848], [135.9072973, 34.6934351], [135.9077027, 34.6936906], [135.9079597, 34.6938058], [135.9082836, 34.6938772], [135.9084758, 34.6938924], [135.9086679, 34.6938841], [135.9089132, 34.693845], [135.9091145, 34.6937985], [135.9094647, 34.6936766], [135.9096085, 34.6936453], [135.9097555, 34.6936319], [135.9110364, 34.6936607], [135.9114383, 34.6936774], [135.9116914, 34.69373], [135.911871, 34.6937766], [135.9121933, 34.693886], [135.9122727, 34.6939278], [135.9123692, 34.6939769], [135.9126217, 34.6942016], [135.9127694, 34.694267], [135.9130024, 34.6943329], [135.9132481, 34.6944024], [135.9135945, 34.6944716], [135.9136895, 34.6944973], [135.9137802, 34.6945219], [135.9140552, 34.6946262], [135.9143331, 34.6947371], [135.9143518, 34.6947436], [135.9143893, 34.6947546], [135.9145011, 34.6947994], [135.9148843, 34.6949136], [135.9149965, 34.6949439], [135.9151762, 34.6949893], [135.9154507, 34.69504], [135.9158157, 34.6951097], [135.9159447, 34.6951722], [135.9160333, 34.6952574], [135.9160415, 34.6952836], [135.9160697, 34.6953735], [135.9161016, 34.6956734], [135.9161485, 34.6957793], [135.9163116, 34.6959288], [135.9164301, 34.6959836], [135.9165207, 34.6960187], [135.9167149, 34.696094], [135.9168717, 34.6961547], [135.9170288, 34.6962486], [135.9172124, 34.6964918], [135.9172644, 34.6965641], [135.9177396, 34.6971983], [135.9178876, 34.6974311], [135.917987, 34.6976126], [135.9180442, 34.697776], [135.9180471, 34.6979082], [135.9180294, 34.6981053], [135.9179967, 34.698626], [135.9179489, 34.6988656], [135.9178843, 34.6989941], [135.9177821, 34.6991441], [135.9176785, 34.6992499], [135.9170329, 34.6996885], [135.9167972, 34.6998906], [135.9166942, 34.7000533], [135.9165412, 34.7003518], [135.9164964, 34.7005061], [135.9164902, 34.7006445], [135.9165545, 34.7008348], [135.9168023, 34.7013153], [135.916885, 34.701426], [135.91699, 34.7014914], [135.9171461, 34.7015233], [135.9173541, 34.7015249], [135.9176357, 34.7014989], [135.9177764, 34.7015451], [135.9179733, 34.7016566], [135.9181232, 34.7017589], [135.9182833, 34.7017757], [135.9184414, 34.7017597], [135.9188413, 34.7015929], [135.9189779, 34.7015694], [135.9191228, 34.7015895], [135.9195226, 34.701753], [135.919646, 34.7018042], [135.9198102, 34.7018075], [135.9201315, 34.7017203], [135.9204129, 34.7015919], [135.9206676, 34.7015584], [135.9207598, 34.7015527], [135.9220113, 34.7015107], [135.92225, 34.7015417], [135.9224091, 34.7016138], [135.9225193, 34.701722], [135.9225815, 34.701826], [135.9226437, 34.7021262], [135.9226982, 34.702246], [135.9227212, 34.7022964], [135.9228599, 34.7024884], [135.9230068, 34.7026276], [135.9230904, 34.7026919], [135.9235015, 34.7030083], [135.9239606, 34.7033453], [135.9243905, 34.7035919], [135.9245203, 34.7036797], [135.9246054, 34.7037935], [135.9246847, 34.703943], [135.9247713, 34.7040248], [135.9248708, 34.704077], [135.9250237, 34.704109], [135.9254189, 34.7041173], [135.9256238, 34.7041327], [135.9257896, 34.7042655], [135.9258747, 34.7044019], [135.9259195, 34.7045525], [135.9259021, 34.7047114], [135.9258517, 34.704811], [135.9256887, 34.7049296], [135.9255199, 34.704996], [135.925429, 34.705079], [135.9254002, 34.705175], [135.9254031, 34.7053411], [135.9254535, 34.7054359], [135.9255329, 34.7055083], [135.9256627, 34.7055758], [135.9258618, 34.7056055], [135.9259945, 34.7055901], [135.9262209, 34.7055023], [135.9263984, 34.7054976], [135.9264849, 34.7055272], [135.9265815, 34.7055936], [135.9267294, 34.7057575], [135.9269003, 34.7059221], [135.9270547, 34.7060134], [135.9272018, 34.7060419], [135.9273662, 34.70603], [135.9275768, 34.7059719], [135.9277153, 34.7059541], [135.927861, 34.7060004], [135.9282093, 34.7062437], [135.9284049, 34.7063885], [135.928638, 34.7065887], [135.9287423, 34.7067095], [135.9288546, 34.7068691], [135.9288691, 34.7069104], [135.9289587, 34.7070368], [135.9290239, 34.7071246], [135.9292185, 34.7072252], [135.9293647, 34.7073522], [135.9295285, 34.7075313], [135.9297482, 34.7077693], [135.9298415, 34.7078704], [135.9298774, 34.7079093], [135.9304585, 34.7085381], [135.9306607, 34.7087248], [135.9308011, 34.7088385], [135.9309173, 34.7088976], [135.9310116, 34.7089478], [135.9312019, 34.7090102], [135.9317465, 34.7091542], [135.932929, 34.7094662], [135.9329599, 34.7094762], [135.9332304, 34.7095493], [135.9334434, 34.7096554], [135.9334916, 34.7096817], [135.9335895, 34.7097573], [135.9340945, 34.7105914], [135.9350293, 34.7121198], [135.9351052, 34.712389], [135.9351599, 34.7125542], [135.9352727, 34.712766], [135.9355052, 34.7129622], [135.9355641, 34.7129951], [135.9359329, 34.7132354], [135.9365656, 34.7136735], [135.936975, 34.7139403], [135.9372546, 34.7141961], [135.9376207, 34.7146474], [135.9377757, 34.7149576], [135.9382725, 34.7164711], [135.9385092, 34.7171998], [135.938526, 34.7172397], [135.9385696, 34.7173231], [135.9387391, 34.7176966], [135.9389731, 34.7180733], [135.9391695, 34.7183904], [135.939625, 34.719059], [135.9397494, 34.7192594], [135.9401855, 34.7199759], [135.9403901, 34.7202336], [135.9404077, 34.7202569], [135.9405169, 34.7204016], [135.9405313, 34.7204206], [135.940775, 34.7206154], [135.9412189, 34.7208732], [135.9414945, 34.7210284], [135.9418136, 34.721236], [135.9420862, 34.7214485], [135.9422748, 34.7216461], [135.9423975, 34.7218227], [135.9425298, 34.7220634], [135.9426104, 34.7223301], [135.9426452, 34.7225662], [135.9426207, 34.7228251], [135.9425762, 34.7230505], [135.9425369, 34.7231364], [135.9424663, 34.7233149], [135.9422359, 34.7237158], [135.9421056, 34.723929], [135.9417264, 34.7245165], [135.9416101, 34.7248164], [135.9415486, 34.7250919], [135.941521, 34.7254691], [135.941522, 34.7255772], [135.9415218, 34.7258094], [135.9415351, 34.7261129], [135.9415343, 34.7268587], [135.9415543, 34.7270888], [135.9416234, 34.7275222], [135.9416499, 34.7277052], [135.9416495, 34.7278927], [135.9416484, 34.7283372], [135.9416536, 34.7285047], [135.9416659, 34.7289869], [135.9416762, 34.7292611], [135.9416865, 34.7293263], [135.9417303, 34.7294904], [135.9417789, 34.7296301], [135.94222, 34.7303282], [135.942833, 34.731426], [135.9430624, 34.7319191], [135.9431446, 34.73204], [135.9432542, 34.7321135], [135.943547, 34.7322534], [135.9440028, 34.7324917], [135.9441483, 34.7326075], [135.9443675, 34.7328463], [135.944526, 34.7329599], [135.9447792, 34.7330532], [135.9450377, 34.733094], [135.9455417, 34.7331166], [135.9464418, 34.7331559], [135.9469045, 34.7331722], [135.9476387, 34.7331481], [135.94867, 34.7330867], [135.9489542, 34.7330843], [135.9490997, 34.7331112], [135.9492385, 34.733191], [135.9494366, 34.7334328], [135.9496996, 34.7338515], [135.9498896, 34.733981], [135.9501006, 34.7341354], [135.950374, 34.7343076], [135.950619, 34.7344054], [135.9507992, 34.7344361], [135.9509203, 34.7344381], [135.950991, 34.7342718], [135.9510421, 34.7339396], [135.9510395, 34.7336418], [135.9510859, 34.7329327], [135.9511079, 34.7328007], [135.951146, 34.7326776], [135.9512362, 34.732492], [135.9513312, 34.7323616], [135.9513966, 34.7323018], [135.9516188, 34.7320625], [135.9520897, 34.7316225], [135.9521891, 34.7314945], [135.9522794, 34.7313468], [135.9523375, 34.7312358], [135.9527475, 34.7305078], [135.9529688, 34.7301646], [135.9537157, 34.7291359], [135.953863, 34.7289258], [135.9539429, 34.7287845], [135.953981, 34.7286325], [135.9539404, 34.7283548], [135.9539048, 34.728111], [135.9538034, 34.727417], [135.9537371, 34.7269631], [135.9536229, 34.7261818], [135.9536128, 34.7258953], [135.9536411, 34.7256744], [135.9537033, 34.7255139], [135.9539334, 34.7250765], [135.9542386, 34.7244742], [135.9543038, 34.7242938], [135.9543141, 34.723986], [135.9542487, 34.7238105], [135.9537763, 34.7232196], [135.9532559, 34.722569], [135.953135, 34.7223257], [135.9530667, 34.72213], [135.9530335, 34.7219953], [135.9530083, 34.7218429], [135.9529702, 34.7215242], [135.9529129, 34.7209986], [135.9529032, 34.7208171], [135.9528771, 34.7205853], [135.9528587, 34.7204055], [135.9527787, 34.7196195], [135.9527659, 34.7194273], [135.9527151, 34.7190117], [135.9525427, 34.7184055], [135.952468, 34.7181426], [135.9523989, 34.7179724], [135.9523086, 34.71772], [135.9521444, 34.7172908], [135.9520433, 34.717104], [135.9519122, 34.7170074], [135.9516748, 34.7168948], [135.9515929, 34.716847], [135.9513959, 34.7166981], [135.9511081, 34.7165187], [135.9510277, 34.716367], [135.9509814, 34.7161729], [135.9510501, 34.7156911], [135.9511235, 34.715373], [135.9511161, 34.7152732], [135.9511065, 34.7151282], [135.9510972, 34.715033], [135.9510292, 34.7148062], [135.9509589, 34.7145363], [135.9509313, 34.7142498], [135.9509143, 34.7141445], [135.950928, 34.7139417], [135.9510461, 34.7136298], [135.9511965, 34.7131768], [135.9512342, 34.7129713], [135.9512092, 34.7127337], [135.9510346, 34.7122254], [135.9509509, 34.7120265], [135.9509056, 34.7118446], [135.9508696, 34.711614], [135.9508692, 34.7114162], [135.9510008, 34.710703], [135.9510172, 34.7105403], [135.9509866, 34.7103609], [135.9509111, 34.7101915], [135.9505445, 34.7097202], [135.9499284, 34.7089862], [135.9497932, 34.7088047], [135.949734, 34.7086303], [135.9497259, 34.7084861], [135.9497708, 34.7083469], [135.949956, 34.7082159], [135.9503573, 34.7080577], [135.9505659, 34.7079697], [135.9507668, 34.7078113], [135.9508386, 34.7076072], [135.9508674, 34.7074044], [135.9505917, 34.7067491], [135.9502746, 34.7061484], [135.9498723, 34.7057132], [135.9494423, 34.7052596], [135.949373, 34.7050935], [135.9493791, 34.704842], [135.9494199, 34.7046307], [135.9498422, 34.7038844], [135.9500686, 34.7035809], [135.950189, 34.7035222], [135.9502889, 34.7035238], [135.9504276, 34.703596], [135.9507153, 34.7040236], [135.9511498, 34.704525], [135.9513252, 34.7048303], [135.9514048, 34.7049309], [135.9516516, 34.7050634], [135.9520983, 34.7051858], [135.9523084, 34.705169], [135.9525818, 34.7050768], [135.9527481, 34.7049146], [135.9528307, 34.7047782], [135.952847, 34.7041511], [135.9528266, 34.7040353], [135.9527715, 34.7039448], [135.9522328, 34.7034105], [135.9519229, 34.7030683], [135.9519288, 34.7029759], [135.9520576, 34.7027641], [135.9520657, 34.7027121], [135.952077, 34.7025673], [135.9520116, 34.7023351], [135.9518658, 34.702063], [135.9517886, 34.7017609], [135.951755, 34.7016842], [135.9517096, 34.7016296], [135.95164, 34.7016082], [135.9514081, 34.7015346], [135.95129, 34.7014971], [135.9511544, 34.7014165], [135.9510881, 34.7013439], [135.9510772, 34.7011045], [135.9510365, 34.7007956], [135.9509758, 34.7005321], [135.9508595, 34.7002852], [135.9507784, 34.6999543], [135.950752, 34.6996447], [135.9507479, 34.6993613], [135.9507785, 34.6991131], [135.9507812, 34.6990993], [135.9508764, 34.6986016], [135.9510314, 34.6980565], [135.9513048, 34.6974594], [135.9514272, 34.6971256], [135.9514517, 34.6969244], [135.9513884, 34.6967248], [135.9511294, 34.6964397], [135.9509866, 34.6962384], [135.9509315, 34.6960137], [135.9509477, 34.6957913], [135.9509968, 34.6956665], [135.9510947, 34.6955055], [135.9512627, 34.6953793], [135.9523411, 34.6949906], [135.9524776, 34.6949256], [135.9526007, 34.6948183], [135.9526549, 34.6947289], [135.9526981, 34.6946147], [135.9527709, 34.6942384], [135.9528347, 34.6939088], [135.9528551, 34.6937544], [135.9528556, 34.6937169], [135.9528572, 34.6935817], [135.9528073, 34.6934216], [135.9519571, 34.6922342], [135.9519122, 34.6921716], [135.9517808, 34.6919881], [135.9512213, 34.6912845], [135.9510815, 34.6910875], [135.9510264, 34.6909365], [135.950991, 34.6907834], [135.9510011, 34.6906405], [135.9510747, 34.690392], [135.951343, 34.6898583], [135.9513891, 34.6896045], [135.9513487, 34.689391], [135.9512651, 34.6892083], [135.9510949, 34.6890446], [135.9509045, 34.6889331], [135.9505896, 34.6888483], [135.9504285, 34.6887671], [135.9502842, 34.6886817], [135.9502063, 34.6885821], [135.9501573, 34.6883899], [135.9501948, 34.6882191], [135.9502196, 34.688184], [135.9504775, 34.6878182], [135.9505208, 34.6876356], [135.9505035, 34.6874553], [135.9503967, 34.6872418], [135.9502467, 34.6869382], [135.9501861, 34.6866203], [135.9501631, 34.6863688], [135.9501688, 34.6861886], [135.9502554, 34.6860201], [135.9503765, 34.6859015], [135.9507343, 34.6857331], [135.9508872, 34.6856192], [135.9510689, 34.6854437], [135.9511872, 34.6852539], [135.9516603, 34.6844118], [135.9517267, 34.6841982], [135.9517699, 34.6838116], [135.9517757, 34.6835886], [135.9517411, 34.6834344], [135.9515709, 34.6832019], [135.9508468, 34.6824095], [135.9505035, 34.682132], [135.9502611, 34.6819896], [135.9496553, 34.6816978], [135.9493293, 34.6814345], [135.9492197, 34.6812803], [135.9491418, 34.6810787], [135.9489745, 34.6802839], [135.9489543, 34.6800253], [135.9490004, 34.6798332], [135.9491678, 34.6795532], [135.9498601, 34.6786802], [135.9501804, 34.6782792], [135.9502784, 34.6781298], [135.9503246, 34.6779756], [135.9503592, 34.6777597], [135.950304, 34.677459], [135.9502813, 34.6773089], [135.9500823, 34.6758451], [135.950013, 34.675176], [135.9500477, 34.6747846], [135.9501057, 34.674525], [135.9501618, 34.6743818], [135.9502561, 34.6742873], [135.9501634, 34.6742154], [135.9501018, 34.674125], [135.950032, 34.6739951], [135.9499756, 34.6738727], [135.9499313, 34.6738028], [135.9498582, 34.6737292], [135.9497948, 34.6736819], [135.9497234, 34.6736368], [135.9495987, 34.6735906], [135.9493158, 34.6735223], [135.949064, 34.6734519], [135.9482306, 34.6731325], [135.9480302, 34.6730921], [135.9478151, 34.6730666], [135.9475892, 34.6730542], [135.9475918, 34.672808], [135.9474455, 34.6710996], [135.9474303, 34.6709221], [135.9474163, 34.6707587], [135.9473902, 34.670454], [135.9472995, 34.6693955], [135.9472913, 34.6693001], [135.947221, 34.6684829], [135.9471539, 34.6677025], [135.947099, 34.6673596], [135.9470359, 34.6671834], [135.9462709, 34.6654366], [135.9460954, 34.6650406], [135.9460383, 34.6648409], [135.9460333, 34.6646171], [135.9460771, 34.6643057], [135.9461811, 34.6636663], [135.9461791, 34.6634415], [135.9459587, 34.6626411], [135.9457751, 34.6619665], [135.9457302, 34.6617416], [135.9457221, 34.6615], [135.9457527, 34.661208], [135.9458486, 34.6608908], [135.9459281, 34.6607163], [135.9460709, 34.6604646], [135.9467115, 34.6596692], [135.9468829, 34.6594276], [135.9470114, 34.6591825], [135.9472848, 34.6584861], [135.9473889, 34.6582176], [135.9479458, 34.6568147], [135.9486762, 34.6549653], [135.9488924, 34.6543914], [135.9492332, 34.6536681], [135.9495086, 34.6530958], [135.9495943, 34.6528323], [135.9496187, 34.6524581], [135.9495596, 34.6520906], [135.9494229, 34.6517683], [135.9492719, 34.6515669], [135.9485109, 34.6507345], [135.9474582, 34.6496252], [135.9469482, 34.6490847], [135.9468197, 34.6489018], [135.9467115, 34.6487172], [135.946634, 34.6484805], [135.9465932, 34.6482775], [135.9465708, 34.6470808], [135.9465239, 34.6468492], [135.9464543, 34.6466245], [135.9463394, 34.6464328], [135.9461132, 34.6461625], [135.9460252, 34.646068], [135.9449632, 34.6449694], [135.9446694, 34.6447378], [135.9444368, 34.6446153], [135.9437778, 34.6443232], [135.9422355, 34.6437677], [135.9414133, 34.6434622], [135.9411579, 34.6433454], [135.9408972, 34.6431853], [135.9404055, 34.6427724], [135.9401178, 34.6424585], [135.9399342, 34.6422118], [135.939873, 34.6419734], [135.9397714, 34.6410633], [135.9398139, 34.6405144], [135.9399286, 34.6403096], [135.9406963, 34.6394775], [135.9414173, 34.6388918], [135.9419007, 34.6385064], [135.9420924, 34.6383889], [135.9423597, 34.6382646], [135.9426514, 34.6381908], [135.943798, 34.6380129], [135.9443447, 34.6379205], [135.9446956, 34.6378198], [135.9450017, 34.6376772], [135.9452852, 34.6374908], [135.9462461, 34.6366465], [135.9466154, 34.6363242], [135.9471356, 34.6359701], [135.9472846, 34.6358559], [135.9473886, 34.6357166], [135.9474682, 34.6355387], [135.9476599, 34.6350468], [135.9477558, 34.6349277], [135.947864, 34.6348555], [135.9479843, 34.6347967], [135.9481761, 34.6347296], [135.9486576, 34.6346406], [135.9488595, 34.6345516], [135.9492084, 34.6343485], [135.9494022, 34.6342461], [135.9494697, 34.6342102], [135.9496299, 34.6341223], [135.9497286, 34.6340682], [135.9505666, 34.6336277], [135.9507502, 34.6335018], [135.9509165, 34.6333532], [135.9511011, 34.6331316], [135.951641, 34.6321855], [135.9518777, 34.6318532], [135.9521816, 34.6315325], [135.9526958, 34.6310994], [135.9529202, 34.6308678], [135.9537056, 34.6297951], [135.9546665, 34.628442], [135.9548542, 34.6282507], [135.9550644, 34.6280962], [135.9554377, 34.6279183], [135.9567393, 34.6275926], [135.9570474, 34.6274885], [135.9572922, 34.6273475], [135.9574819, 34.6271981], [135.9576227, 34.6270604], [135.9577879, 34.6268204], [135.9578675, 34.6266558], [135.9579124, 34.6264594], [135.9579409, 34.6259273], [135.9579756, 34.6254337], [135.9580287, 34.6252474], [135.9581266, 34.6250963], [135.958247, 34.6249821], [135.9599513, 34.6237681], [135.960244, 34.623568], [135.9604095, 34.6233872], [135.96084, 34.6227677], [135.9609134, 34.6225965], [135.9609277, 34.6224756], [135.9608502, 34.6215086], [135.9607808, 34.6212735], [135.9606829, 34.6211224], [135.9604993, 34.6209697], [135.9603218, 34.6208723], [135.9596689, 34.6207044], [135.9595282, 34.6206221], [135.9594017, 34.6205399], [135.959318, 34.6203888], [135.9592915, 34.6202226], [135.9595302, 34.6195795], [135.9595445, 34.6194603], [135.9594833, 34.619321], [135.9593915, 34.6192119], [135.959265, 34.6191514], [135.9588366, 34.6191195], [135.9586935, 34.6190776], [135.9585622, 34.61901], [135.957499, 34.6182953], [135.956945, 34.6177765], [135.956883, 34.6176542], [135.9568844, 34.6175426], [135.9569277, 34.617412], [135.9570532, 34.6172957], [135.9580025, 34.6169015], [135.958204, 34.6167922], [135.9583386, 34.6166558], [135.9584194, 34.616518], [135.9584814, 34.6163328], [135.9585487, 34.6160917], [135.9585528, 34.6159624], [135.9585059, 34.6158332], [135.9583366, 34.6154688], [135.9582917, 34.6152976], [135.9583141, 34.6151011], [135.9586894, 34.6137926], [135.9587126, 34.6137115], [135.9587422, 34.6136084], [135.9587471, 34.6134699], [135.9587198, 34.6131675], [135.9586037, 34.6118784], [135.9585885, 34.6116003], [135.9585891, 34.6114242], [135.9586043, 34.611251], [135.9587175, 34.6103376], [135.9587502, 34.6100059], [135.9587534, 34.6099603], [135.9589207, 34.6088409], [135.9590024, 34.6081986], [135.9590771, 34.6077166], [135.9592011, 34.6073474], [135.9595771, 34.6064089], [135.9596665, 34.6061548], [135.9599218, 34.6054863], [135.9601516, 34.6048109], [135.9602862, 34.6043676], [135.9603033, 34.6043161], [135.9603658, 34.6041275], [135.960427, 34.6039831], [135.9605127, 34.6038437], [135.9606983, 34.6036422], [135.9609268, 34.6034692], [135.9613348, 34.6031703], [135.9617041, 34.6028781], [135.9620225, 34.6026189], [135.9622042, 34.6024242], [135.9623297, 34.6022722], [135.962448, 34.6020917], [135.9625447, 34.6019172], [135.9626009, 34.6017402], [135.9626904, 34.6014101], [135.9627322, 34.6003913], [135.962738, 34.5999543], [135.9627596, 34.5992644], [135.9628044, 34.5988179], [135.9628909, 34.5983524], [135.9629169, 34.5982515], [135.9629234, 34.5982284], [135.9630373, 34.5978212], [135.963227, 34.597349], [135.9633404, 34.5971045], [135.9636367, 34.5965785], [135.964119, 34.5958368], [135.9642015, 34.5956592], [135.9642397, 34.5954098], [135.9642271, 34.5946893], [135.9641807, 34.593706], [135.9641628, 34.5930094], [135.9641597, 34.5926914], [135.9641326, 34.5922678], [135.964094, 34.5920863], [135.9640003, 34.5917904], [135.963917, 34.5915985], [135.9635233, 34.5909503], [135.9633369, 34.5906194], [135.9632848, 34.5902996], [135.9632963, 34.5900621], [135.963364, 34.5897903], [135.9634921, 34.5894919], [135.964042, 34.5886746], [135.9641659, 34.5884697], [135.9643042, 34.5881152], [135.9646028, 34.5874626], [135.9648563, 34.5870588], [135.9650846, 34.5868205], [135.965265, 34.5866683], [135.9654086, 34.5865634], [135.9656936, 34.5863967], [135.9659985, 34.5862482], [135.9676618, 34.5854772], [135.9681597, 34.5852383], [135.9686052, 34.5849412], [135.9687997, 34.5847924], [135.9690084, 34.58459], [135.969119, 34.5844604], [135.969218, 34.5843255], [135.9693294, 34.5841082], [135.9694156, 34.5837934], [135.9696718, 34.5818445], [135.9696726, 34.5816325], [135.9696166, 34.581491], [135.9694679, 34.5813109], [135.9690451, 34.580865], [135.9686819, 34.5804713], [135.9685494, 34.5802736], [135.9684006, 34.5799426], [135.9683417, 34.5793666], [135.9682874, 34.5791752], [135.9681131, 34.5788328], [135.9679814, 34.5786461], [135.9677395, 34.5783703], [135.9675, 34.5781237], [135.9673667, 34.578014], [135.9668155, 34.5776132], [135.9665154, 34.5773345], [135.9662614, 34.5770453], [135.9661119, 34.5768149], [135.965949, 34.5765333], [135.9659109, 34.5764698], [135.9658114, 34.5763044], [135.9655714, 34.5759977], [135.9654101, 34.5758108], [135.9653004, 34.5756897], [135.9648082, 34.5752202], [135.9638668, 34.5743355], [135.9632063, 34.5737146], [135.9621179, 34.5726902], [135.9618003, 34.572394], [135.9616543, 34.5722587], [135.9609195, 34.5715779], [135.9606562, 34.5713568], [135.9604595, 34.5711203], [135.9603249, 34.5709322], [135.9598767, 34.5703389], [135.9598503, 34.5702917], [135.9594791, 34.5695548], [135.9593392, 34.569254], [135.9592414, 34.5688501], [135.9591188, 34.5682402], [135.95913, 34.5679321], [135.9592012, 34.5674863], [135.9595705, 34.5662319], [135.959585, 34.5659695], [135.959558, 34.5658134], [135.9594861, 34.5656238], [135.9593622, 34.5654103], [135.9591872, 34.5652139], [135.958982, 34.5650209], [135.9588176, 34.5647954], [135.9587633, 34.564629], [135.9585049, 34.5625537], [135.9584802, 34.5621078], [135.9585352, 34.561755], [135.9586595, 34.5613064], [135.958846, 34.5608553], [135.9589466, 34.5604771], [135.9589185, 34.5601433], [135.9586961, 34.5591845], [135.9585278, 34.5582047], [135.9583724, 34.5576379], [135.9579974, 34.5566753], [135.9575157, 34.5554391], [135.9574087, 34.5552508], [135.9572522, 34.5550631], [135.9570393, 34.5549536], [135.9567327, 34.5549139], [135.9562464, 34.5549187], [135.9559038, 34.5549279], [135.9556304, 34.5549333], [135.955333, 34.5549081], [135.9551153, 34.5548331], [135.9549907, 34.5546554], [135.9549401, 34.5544153], [135.955, 34.5542441], [135.955133, 34.5541218], [135.9552171, 34.5540791], [135.9553021, 34.5540248], [135.9553722, 34.553999], [135.9554501, 34.5539806], [135.9555723, 34.5539671], [135.9556906, 34.5539622], [135.9559302, 34.5539814], [135.9563181, 34.5540259], [135.9565148, 34.5540083], [135.956772, 34.5539353], [135.9573415, 34.5537671], [135.9575402, 34.5536852], [135.9577498, 34.5535467], [135.9579669, 34.5533384], [135.9580889, 34.553168], [135.9581135, 34.5529593], [135.9580311, 34.5527288], [135.9579203, 34.5525373], [135.9578687, 34.5523311], [135.9578908, 34.5521079], [135.9580235, 34.5518453], [135.9585617, 34.5515622], [135.9586872, 34.5514153], [135.9587658, 34.5512578], [135.9590339, 34.5503525], [135.9591644, 34.5500683], [135.9593417, 34.5497932], [135.9595726, 34.5495418], [135.9597211, 34.5493611], [135.9603952, 34.5484207], [135.9605302, 34.5482602], [135.9606618, 34.5481234], [135.9610863, 34.5478044], [135.9615667, 34.5474858], [135.9621259, 34.5470863], [135.9624519, 34.5467535], [135.9625999, 34.5465508], [135.9626956, 34.5463409], [135.9627497, 34.5461796], [135.9628247, 34.5457825], [135.9628882, 34.5454256], [135.9629107, 34.5451016], [135.9629126, 34.5449101], [135.9629012, 34.5447585], [135.9627513, 34.5438925], [135.9627541, 34.5436185], [135.9628009, 34.5433983], [135.9628935, 34.5432064], [135.9631614, 34.542645], [135.9631883, 34.5424876], [135.9631791, 34.5423447], [135.9631038, 34.5421713], [135.9629043, 34.541822], [135.9623945, 34.5409127], [135.9614833, 34.5393443], [135.9613815, 34.5391303], [135.9613711, 34.5388867], [135.9614538, 34.5386722], [135.9615994, 34.5384855], [135.9617903, 34.5382794], [135.9620248, 34.537996], [135.9621811, 34.5378022], [135.9622997, 34.5376372], [135.9625201, 34.5371294], [135.9627283, 34.5365519], [135.9629864, 34.5359842], [135.9630221, 34.5359219], [135.9631265, 34.5357666], [135.963183, 34.5355946], [135.9633617, 34.5351869], [135.9634661, 34.5350347], [135.9636374, 34.5347526], [135.9637912, 34.5344362], [135.963845, 34.5342716], [135.9639439, 34.533574], [135.963884, 34.5334484], [135.9637591, 34.5332537], [135.9636332, 34.5330743], [135.9635353, 34.5329711], [135.963412, 34.5328584], [135.9632826, 34.5327463], [135.9625806, 34.5322653], [135.9622607, 34.5320921], [135.961903, 34.5319018], [135.9616162, 34.531766], [135.9614501, 34.5316958], [135.9610139, 34.5315255], [135.9609415, 34.5314957], [135.9609255, 34.531488], [135.9605702, 34.5313577], [135.9600429, 34.5312085], [135.959396, 34.5310548], [135.9586984, 34.5308265], [135.9588068, 34.5307133], [135.9589013, 34.5305933], [135.9590496, 34.5305039], [135.9593503, 34.5303617], [135.9599482, 34.530118], [135.960356, 34.5299527], [135.9605007, 34.529894], [135.9611954, 34.5295887], [135.9616179, 34.5294086], [135.9616783, 34.5293875], [135.9619356, 34.5293697], [135.9621454, 34.5293414], [135.9622917, 34.5293395], [135.9626392, 34.5293543], [135.963081, 34.5293991], [135.9632969, 34.5294024], [135.9634459, 34.5293862], [135.9636141, 34.5293553], [135.963926, 34.5293108], [135.9642399, 34.529262], [135.9646976, 34.5293357], [135.9652, 34.5294223], [135.9654574, 34.529439], [135.9658147, 34.5294536], [135.9660449, 34.5294497], [135.9661848, 34.5294262], [135.9664317, 34.5293716], [135.9666961, 34.5292608], [135.9668526, 34.5291436], [135.9669592, 34.5290475], [135.9673004, 34.5287336], [135.9676289, 34.5284492], [135.9677881, 34.5282038], [135.9679208, 34.5280213], [135.9681069, 34.5278554], [135.968307, 34.5277194], [135.9685119, 34.5275994], [135.9688185, 34.5275], [135.9690988, 34.5274483], [135.9693891, 34.5274497], [135.9706496, 34.5274928], [135.9709591, 34.5275199], [135.9710802, 34.5275452], [135.9713159, 34.5276238], [135.9714678, 34.5276648], [135.9716089, 34.5276761], [135.9719582, 34.5276146], [135.973503, 34.5272577], [135.9737376, 34.5271728], [135.9739452, 34.5269857], [135.9740318, 34.5268356], [135.9740991, 34.5266559], [135.9740961, 34.526491], [135.9740169, 34.5260307], [135.9740318, 34.525664], [135.9739855, 34.5253784], [135.9739706, 34.5252874], [135.9739198, 34.5249969], [135.9739392, 34.5247815], [135.9740372, 34.5246345], [135.9740996, 34.5245097], [135.9741707, 34.5244265], [135.9742418, 34.5243556], [135.9743727, 34.5242724], [135.9744913, 34.5242083], [135.9748729, 34.5240696], [135.9752919, 34.523897], [135.9755276, 34.523746], [135.975782, 34.5235055], [135.9760289, 34.5232607], [135.9761287, 34.5231763], [135.9762286, 34.5230323], [135.9762969, 34.5228775], [135.9763915, 34.5226209], [135.9764507, 34.5224748], [135.9765308, 34.5223676], [135.9767069, 34.5221868], [135.9771681, 34.5217235], [135.9773836, 34.5215167], [135.9775031, 34.5213987], [135.9776017, 34.5213164], [135.9776897, 34.5212634], [135.9779801, 34.5211464], [135.9785438, 34.5209429], [135.9788303, 34.5208162], [135.9790948, 34.5206866], [135.9793147, 34.5205629], [135.9796173, 34.5203421], [135.9800496, 34.5200878], [135.9801569, 34.5200568], [135.9802857, 34.5200391], [135.9804144, 34.5200413], [135.9805405, 34.5200546], [135.981152, 34.5201385], [135.9813229, 34.520145], [135.9814713, 34.5201461], [135.9816619, 34.5201158], [135.9818735, 34.5200679], [135.9824582, 34.5199154], [135.9831112, 34.5197347], [135.9832465, 34.5196568], [135.983328, 34.5195485], [135.9834594, 34.5193352], [135.9836013, 34.5191317], [135.9836946, 34.5190094], [135.9838864, 34.5187398], [135.9839784, 34.5186142], [135.984048, 34.5185568], [135.9841308, 34.5185092], [135.984341, 34.518467], [135.9847825, 34.5183652], [135.9851504, 34.5182927], [135.9853068, 34.5182602], [135.9853988, 34.5182158], [135.9855709, 34.5180621], [135.9857246, 34.5179213], [135.9858166, 34.5178607], [135.9859033, 34.517825], [135.986019, 34.5177871], [135.9861609, 34.5177189], [135.9862489, 34.5176063], [135.9864119, 34.5173941], [135.9866116, 34.5170011], [135.9867385, 34.5168347], [135.9868658, 34.5167421], [135.9870451, 34.5166846], [135.9872412, 34.5166839], [135.9874762, 34.5167245], [135.9876946, 34.5168232], [135.9879148, 34.5168515], [135.9880922, 34.5168247], [135.9882966, 34.5167428], [135.988436, 34.5166043], [135.9884927, 34.5164795], [135.9884918, 34.5163654], [135.9884481, 34.516236], [135.98841, 34.516125], [135.9883988, 34.5159635], [135.988436, 34.5158379], [135.9885494, 34.515707], [135.9886785, 34.5156328], [135.988829, 34.5155593], [135.9890372, 34.515498], [135.9895352, 34.5152913], [135.989721, 34.5151841], [135.9898343, 34.5150685], [135.9899672, 34.5148373], [135.9900099, 34.514675], [135.9899876, 34.5140917], [135.9899895, 34.513885], [135.9899997, 34.5137755], [135.9900304, 34.5136706], [135.9900936, 34.5135336], [135.9902122, 34.5133731], [135.9905063, 34.5130912], [135.99066, 34.5129653], [135.9907903, 34.5128975], [135.9909394, 34.5128366], [135.991247, 34.5127766], [135.9919337, 34.5126636], [135.9926832, 34.5125083], [135.9928777, 34.512448], [135.9930103, 34.5123827], [135.9931262, 34.5122987], [135.9934142, 34.5120698], [135.9934997, 34.5119564], [135.9935777, 34.5118408], [135.9936558, 34.5116801], [135.9936911, 34.511628], [135.9938669, 34.5112785], [135.9940392, 34.5109486], [135.9943584, 34.5102781], [135.9945095, 34.5100128], [135.994658, 34.5096717], [135.994767, 34.5094054], [135.9948288, 34.5090145], [135.9948419, 34.5089203], [135.9948748, 34.5087081], [135.9948787, 34.5083692], [135.9947999, 34.5079859], [135.9947092, 34.5076058], [135.9946067, 34.5073026], [135.9945463, 34.5070514], [135.9944556, 34.5067645], [135.9943939, 34.5065274], [135.9942168, 34.5060712], [135.994056, 34.5057878], [135.9937643, 34.5054251], [135.9930915, 34.5046649], [135.9928445, 34.5043802], [135.9927517, 34.5042207], [135.9926952, 34.5039738], [135.99269, 34.503714], [135.9926859, 34.5035991], [135.9926803, 34.5034455], [135.992669, 34.5031325], [135.9926708, 34.5022138], [135.9926355, 34.5019151], [135.9926727, 34.5016012], [135.9927154, 34.5015155], [135.9927879, 34.5014159], [135.9929477, 34.5013026], [135.9931131, 34.501249], [135.9933788, 34.5011969], [135.9938118, 34.5011265], [135.9942113, 34.5010882], [135.9944129, 34.5010453], [135.9944882, 34.5010078], [135.9946071, 34.5008922], [135.9946805, 34.5007413], [135.9946712, 34.500471], [135.9945857, 34.5000122], [135.9945187, 34.4996342], [135.994495, 34.4995184], [135.9944359, 34.4991437], [135.9943649, 34.4988546], [135.9943544, 34.4986207], [135.9945565, 34.4983271], [135.9946993, 34.4982074], [135.9951244, 34.4978616], [135.995357, 34.4976796], [135.9955738, 34.497476], [135.9956789, 34.4973461], [135.9959075, 34.497018], [135.9962426, 34.4965036], [135.9965606, 34.496013], [135.99678, 34.4957488], [135.9967997, 34.4957033], [135.9970888, 34.4954661], [135.9972622, 34.4953503], [135.9975815, 34.4951737], [135.9978259, 34.4950405], [135.9981018, 34.4948943], [135.998362, 34.4948045], [135.9985867, 34.4947557], [135.9988272, 34.494746], [135.9993252, 34.4947384], [136.0001451, 34.4947373], [136.0006286, 34.4947406], [136.0008953, 34.4946962], [136.0010307, 34.4946258], [136.0011266, 34.494563], [136.0013526, 34.4944265], [136.0017429, 34.4941536], [136.0022448, 34.4938071], [136.0029832, 34.4933024], [136.0038426, 34.4927057], [136.0041027, 34.4925584], [136.0048031, 34.4922324], [136.0054614, 34.4919465], [136.0063102, 34.4915902], [136.0067754, 34.4913931], [136.0072812, 34.4911809], [136.0074941, 34.491079], [136.008046, 34.4908484], [136.0085571, 34.4906231], [136.0091339, 34.4904206], [136.010309, 34.4900169], [136.010768, 34.4898698], [136.0108739, 34.4898637], [136.0111805, 34.4898285], [136.0118179, 34.4898223], [136.0123271, 34.4898377], [136.0126077, 34.4898055], [136.012892, 34.4897167], [136.0133863, 34.4895911], [136.0136513, 34.4894966], [136.0141716, 34.4892776], [136.0144244, 34.4891796], [136.0145452, 34.4891536], [136.0149205, 34.4891612], [136.0150822, 34.4891972], [136.0152587, 34.4892041], [136.0154055, 34.4891689], [136.015871, 34.4889897], [136.0166831, 34.488655], [136.0169265, 34.4885669], [136.0175527, 34.4883648], [136.0181799, 34.4881565], [136.0183452, 34.4881274], [136.0187466, 34.4881473], [136.0189557, 34.4882154], [136.0193518, 34.4883286], [136.0205084, 34.4885734], [136.0209919, 34.4887077], [136.0213164, 34.488764], [136.0217737, 34.4888182], [136.0222612, 34.4888323], [136.022838, 34.4887955], [136.0233965, 34.4887781], [136.0238379, 34.4888247], [136.0242124, 34.4888778], [136.0245396, 34.4889103], [136.0248773, 34.4888778], [136.0251979, 34.488776], [136.0256525, 34.4886146], [136.0259574, 34.4885442], [136.0265053, 34.4884586], [136.0276414, 34.488328], [136.0282899, 34.4881794], [136.0290611, 34.487945], [136.0300367, 34.4876632], [136.0307391, 34.4873554], [136.0313263, 34.4870567], [136.0317481, 34.4867641], [136.032365, 34.4863154], [136.0325248, 34.4861852], [136.0327088, 34.48596], [136.0327831, 34.4858298], [136.0330377, 34.485211], [136.0331585, 34.4850625], [136.0333852, 34.4849154], [136.034056, 34.4847163], [136.0347826, 34.4845049], [136.0354107, 34.4843487], [136.0359273, 34.4843027], [136.0365033, 34.484266], [136.0368601, 34.4842905], [136.0373395, 34.4843946], [136.0413659, 34.4851772], [136.0470403, 34.4865672], [136.047281, 34.486614], [136.0478946, 34.4867462], [136.0486815, 34.4868649], [136.0489721, 34.4869032], [136.0494515, 34.486944], [136.049819, 34.4869754], [136.0502005, 34.4870221], [136.0506413, 34.4870939], [136.0510206, 34.4871565], [136.0514045, 34.4872135], [136.0518487, 34.4872682], [136.0522348, 34.4873086], [136.0526403, 34.4873411], [136.05736, 34.4877075], [136.0584156, 34.4878195], [136.0778919, 34.4894451], [136.0787255, 34.4895021], [136.0797378, 34.4895945], [136.0803575, 34.4896235], [136.0808982, 34.4896282], [136.0818803, 34.4895911], [136.0821907, 34.4896082], [136.0823879, 34.4896427], [136.0831414, 34.4898325], [136.0843769, 34.4901811], [136.0849535, 34.490348], [136.0851829, 34.4903823], [136.0854323, 34.4903867], [136.0856268, 34.490359], [136.0858092, 34.4903115], [136.085868, 34.4902903], [136.0860438, 34.4902006], [136.0862725, 34.4900565], [136.0865662, 34.4898387], [136.0867309, 34.4897198], [136.0869402, 34.4896553], [136.0872126, 34.4896276], [136.0873915, 34.4896259], [136.0875627, 34.4896241], [136.0876534, 34.4896279], [136.0877666, 34.4896133], [136.0879538, 34.4895784], [136.088124, 34.4895238], [136.0882796, 34.489461], [136.0888699, 34.4891968], [136.0896924, 34.4888042], [136.0900539, 34.4886435], [136.0905272, 34.4884302], [136.090723, 34.4883644], [136.0909449, 34.4883146], [136.0911327, 34.4882896], [136.0918062, 34.4882448], [136.0920717, 34.4882259], [136.0922994, 34.4881809], [136.092508, 34.4881184], [136.0926998, 34.4880317], [136.0930701, 34.4878182], [136.0932785, 34.4877056], [136.0935259, 34.487615], [136.0937364, 34.4875702], [136.0939986, 34.4875591], [136.0946781, 34.4875581], [136.0955602, 34.4875803], [136.0963409, 34.487653], [136.0973144, 34.487816], [136.0981023, 34.4879689], [136.0985708, 34.4880505], [136.0987777, 34.4880621], [136.0991791, 34.4880608], [136.0994168, 34.4880676], [136.0995588, 34.4880717], [136.0997693, 34.4880917], [136.0999799, 34.4881419], [136.1003245, 34.4882841], [136.1007533, 34.4886569], [136.1011963, 34.4890517], [136.1014272, 34.4893734], [136.1015934, 34.489629], [136.1017384, 34.4899911], [136.1019459, 34.4904617], [136.1021152, 34.4906439], [136.102192, 34.4907236], [136.102341, 34.4908211], [136.1030836, 34.4912079], [136.1038863, 34.4916267], [136.1043206, 34.4918856], [136.1045993, 34.4920782], [136.1047567, 34.4922629], [136.1048578, 34.4924963], [136.1049165, 34.4926955], [136.1048812, 34.4931563], [136.1049304, 34.4933766], [136.1050314, 34.4936257], [136.1052674, 34.4939931], [136.1055778, 34.4945383], [136.1057861, 34.4948234], [136.1060784, 34.4951072], [136.1063611, 34.4953405], [136.106831, 34.4956292], [136.1072445, 34.4959031], [136.1074734, 34.4959946], [136.1077871, 34.4960748], [136.1080592, 34.4961527], [136.1082967, 34.4962621], [136.1086445, 34.4964835], [136.1089255, 34.4967564], [136.1091203, 34.4970509], [136.1093332, 34.4972619], [136.1095343, 34.4974144], [136.1097601, 34.4975584], [136.1098272, 34.4976267], [136.1099003, 34.4977481], [136.1099329, 34.4978633], [136.1099373, 34.4979752], [136.1099504, 34.4981635], [136.109991, 34.4982981], [136.1100448, 34.498401], [136.1101973, 34.4986227], [136.1102528, 34.4987017], [136.1103859, 34.4988766], [136.1104852, 34.4990059], [136.1105749, 34.4990969], [136.1106679, 34.4991397], [136.110748, 34.4991643], [136.1108707, 34.4991581], [136.1110014, 34.4991282], [136.1111593, 34.4990495], [136.1114303, 34.4988287], [136.1115997, 34.4987159], [136.1117424, 34.4986399], [136.1118643, 34.4985827], [136.1119862, 34.4985355], [136.1122224, 34.4984549], [136.1124627, 34.4984248], [136.1126676, 34.4984184], [136.113224, 34.4984108], [136.1140605, 34.4984021], [136.1143134, 34.4983987], [136.1142877, 34.4982132], [136.1142273, 34.4980565], [136.114141, 34.4979232], [136.1139721, 34.4977228], [136.1138631, 34.4975243], [136.1138297, 34.4973446], [136.1138472, 34.4971719], [136.1138997, 34.4969978], [136.1139679, 34.4968258], [136.1140504, 34.4966251], [136.1141072, 34.4964778], [136.1141378, 34.4963423], [136.1141326, 34.4962365], [136.1140361, 34.4959395], [136.1138064, 34.4954929], [136.1137089, 34.4952868], [136.113613, 34.4950561], [136.1135237, 34.4947608], [136.1134987, 34.4945676], [136.1135497, 34.4943336], [136.1136277, 34.4942196], [136.1137719, 34.4941209], [136.1139202, 34.4940482], [136.1141511, 34.4940218], [136.1143539, 34.4940182], [136.1146252, 34.494], [136.1148763, 34.4940323], [136.1154248, 34.4941985], [136.1158261, 34.4943129], [136.1164266, 34.4945505], [136.116774, 34.4946676], [136.11701, 34.4947277], [136.1172278, 34.4947593], [136.1174211, 34.4947602], [136.1175681, 34.4947512], [136.1177073, 34.4947349], [136.1178546, 34.494713], [136.1180163, 34.4946821], [136.1181713, 34.4946266], [136.1183054, 34.4945619], [136.1184657, 34.4944891], [136.1185639, 34.4944143], [136.1186346, 34.4943232], [136.118674, 34.494233], [136.1186854, 34.4941346], [136.1186884, 34.4940257], [136.1186465, 34.4939014], [136.1186145, 34.4938341], [136.1185512, 34.4937617], [136.1184576, 34.4936702], [136.1181808, 34.4935537], [136.1178989, 34.4934706], [136.117465, 34.4933206], [136.1169366, 34.493147], [136.1167526, 34.4930733], [136.1166083, 34.4929753], [136.1164573, 34.492838], [136.1163514, 34.4927087], [136.1163083, 34.49261], [136.116253, 34.4925114], [136.1162277, 34.4923836], [136.1162307, 34.4922522], [136.1162451, 34.4920769], [136.1162888, 34.4919184], [136.1163838, 34.4916829], [136.1164538, 34.491433], [136.1165626, 34.4911632], [136.1166982, 34.4908857], [136.1169023, 34.4905919], [136.1170238, 34.4904264], [136.1170887, 34.490338], [136.1173131, 34.4901136], [136.1174601, 34.4899889], [136.1176396, 34.4898463], [136.1178461, 34.4897225], [136.1181807, 34.4895442], [136.11825, 34.4894922], [136.1183482, 34.4894202], [136.1185388, 34.4892563], [136.1189245, 34.4888332], [136.11927, 34.4883919], [136.1195671, 34.488026], [136.1198775, 34.4876304], [136.1201389, 34.4870859], [136.1202611, 34.4868279], [136.1203792, 34.4866668], [136.1204435, 34.486597], [136.1205451, 34.4865164], [136.1208371, 34.4864021], [136.1210736, 34.4863727], [136.1214155, 34.4863551], [136.1217052, 34.4863341], [136.1219469, 34.4863166], [136.1221672, 34.4862954], [136.1222665, 34.4862606], [136.1223698, 34.4862269], [136.1224796, 34.4861598], [136.1226008, 34.4860584], [136.1227078, 34.4859118], [136.1227689, 34.4857616], [136.1228017, 34.485645], [136.1228332, 34.4854624], [136.122881, 34.485232], [136.1229176, 34.485015], [136.1229857, 34.4847411], [136.1230924, 34.4845073], [136.1232388, 34.4843046], [136.1233582, 34.484178], [136.1235854, 34.4839998], [136.1238738, 34.4838112], [136.1241971, 34.4835941], [136.1246631, 34.4833173], [136.1250823, 34.4831026], [136.1254337, 34.4829698], [136.1256567, 34.4828842], [136.1260092, 34.4827803], [136.1263245, 34.4826985], [136.1271581, 34.4825287], [136.1273673, 34.4824891], [136.1275705, 34.4824531], [136.1286676, 34.4822375], [136.1297033, 34.482002], [136.1313576, 34.4815307], [136.1327489, 34.4811344], [136.1328786, 34.4810951], [136.1330992, 34.4810281], [136.1333394, 34.4809551], [136.1340019, 34.4807487], [136.1342501, 34.4806912], [136.1344819, 34.4806666], [136.135013, 34.4807075], [136.1354378, 34.4807743], [136.1358664, 34.4809152], [136.1361898, 34.481031], [136.136474, 34.4811035], [136.1367753, 34.4811422], [136.1373638, 34.4812459], [136.1377715, 34.4812959], [136.1380574, 34.4813849], [136.1382068, 34.4814561], [136.1383215, 34.4815184], [136.1387298, 34.4818451], [136.1393078, 34.4823475], [136.1397031, 34.4826772], [136.1399074, 34.4828093], [136.1400775, 34.4829037], [136.1403424, 34.4830015], [136.1406659, 34.4830967], [136.1413972, 34.4832741], [136.1422227, 34.4835099], [136.1431454, 34.4839901], [136.1440021, 34.4844738], [136.1460154, 34.4855826], [136.1464329, 34.4858129], [136.1467213, 34.4859599], [136.1468449, 34.4860044], [136.1470086, 34.4860321], [136.1472393, 34.4860388], [136.1479193, 34.485957], [136.1482859, 34.485912], [136.1488129, 34.4858446], [136.149352, 34.4857816], [136.1497369, 34.4857705], [136.1500159, 34.4858236], [136.150437, 34.4859795], [136.1508206, 34.4861375], [136.1512041, 34.4862823], [136.1514442, 34.4862967], [136.1516427, 34.4862541], [136.1519431, 34.486127], [136.1522465, 34.4859862], [136.1524271, 34.4859269], [136.1527675, 34.4859056], [136.1532299, 34.4859621], [136.1536449, 34.4860224], [136.1539648, 34.4860684], [136.1542969, 34.486143], [136.1545075, 34.4862546], [136.1547243, 34.4864347], [136.1549897, 34.4866885], [136.1552454, 34.4869321], [136.1554029, 34.4870502], [136.1554861, 34.4871108], [136.1557798, 34.4872518], [136.1562524, 34.4874319], [136.1568805, 34.4876623], [136.1571631, 34.4877637], [136.1579801, 34.4880731], [136.1585293, 34.4882678], [136.1605364, 34.4887896], [136.1616725, 34.4890345], [136.1620956, 34.4891159], [136.1625592, 34.489179], [136.1629326, 34.4891846], [136.1637872, 34.4891884], [136.1642332, 34.4891297], [136.1654894, 34.4887517], [136.1666542, 34.4883783], [136.1674371, 34.4881821], [136.1679016, 34.4880822], [136.1682293, 34.4880762], [136.1684651, 34.4881072], [136.1686887, 34.4881574], [136.1688361, 34.4882077], [136.1691735, 34.4883895], [136.1695313, 34.4886919], [136.169986, 34.4890936], [136.170579, 34.4895974], [136.1709264, 34.4898533], [136.1712736, 34.4900797], [136.1714816, 34.4901921], [136.1716744, 34.4902812], [136.1719825, 34.4904067], [136.1726172, 34.490664], [136.1733751, 34.4909719], [136.1743395, 34.4913605], [136.176224, 34.492126], [136.1769788, 34.4924341], [136.1773675, 34.4925987], [136.1797321, 34.4935431], [136.1805958, 34.4938652], [136.1811841, 34.4940397], [136.1818406, 34.4941758], [136.1843783, 34.4945755], [136.1852789, 34.4947108], [136.1858788, 34.4947975], [136.1862023, 34.4948515], [136.1869274, 34.4949721], [136.1873777, 34.4950875], [136.1876859, 34.4951852], [136.1883922, 34.4954594], [136.1892072, 34.4957789], [136.1899375, 34.4960675], [136.1908881, 34.4964494], [136.1911972, 34.4965748], [136.1914655, 34.4967179], [136.1917336, 34.4969045], [136.1920418, 34.4971808], [136.1922369, 34.4974356], [136.1923946, 34.4977258], [136.1924738, 34.4979121], [136.1927627, 34.4990449], [136.192895, 34.4996016], [136.1929138, 34.4998072], [136.1929044, 34.499994], [136.192845, 34.5002349], [136.1927645, 34.5004515], [136.1920557, 34.5017633], [136.1918722, 34.5020991], [136.191779, 34.5022857], [136.1917312, 34.5024761], [136.1917143, 34.5026634], [136.1917305, 34.5028697], [136.1917636, 34.5030061], [136.1918098, 34.5031477], [136.1919015, 34.5033108], [136.1920055, 34.503453], [136.1921495, 34.5035965], [136.1925369, 34.5038586], [136.1925916, 34.5038902], [136.192801, 34.5040167], [136.1928294, 34.5040343], [136.1928783, 34.5040694], [136.1934428, 34.5044153], [136.1941258, 34.5048511], [136.1951089, 34.5054996], [136.1955735, 34.5057795], [136.1960347, 34.5060739], [136.1962565, 34.5062481], [136.1965134, 34.5064646], [136.196727, 34.506681], [136.1973925, 34.5074911], [136.1979996, 34.5082608], [136.1982668, 34.5085917], [136.1986009, 34.5089409], [136.1988433, 34.5091551], [136.199259, 34.5095345], [136.1995845, 34.5098355], [136.1997694, 34.5100003], [136.2000578, 34.5102681], [136.200437, 34.510626], [136.2005892, 34.5108101], [136.2007446, 34.5110434], [136.2008358, 34.5112396], [136.2008856, 34.5113652], [136.2009255, 34.5115021], [136.2009546, 34.5116842], [136.2010064, 34.5121133], [136.2010535, 34.5124689], [136.2010646, 34.5125523], [136.2012053, 34.5135528], [136.2012373, 34.5138404], [136.2012488, 34.514003], [136.2012514, 34.5141612], [136.2012055, 34.5144953], [136.2010491, 34.515096], [136.2009827, 34.5153425], [136.2008781, 34.515474], [136.2010376, 34.5155915], [136.2012002, 34.5157336], [136.2013751, 34.5159153], [136.2015336, 34.516066], [136.2016657, 34.5161808], [136.2018833, 34.516308], [136.2020428, 34.5163866], [136.202276, 34.5164606], [136.2028697, 34.5166187], [136.2030455, 34.5166828], [136.2032188, 34.5167916], [136.2033406, 34.5168878], [136.2036246, 34.5171753], [136.2037388, 34.5172684], [136.2038658, 34.5173438], [136.2040343, 34.5174107], [136.2042622, 34.517474], [136.2046119, 34.5175045], [136.2053157, 34.5175238], [136.2055197, 34.5175407], [136.205851, 34.5176109], [136.2061042, 34.5176973], [136.2064288, 34.5178378], [136.2065632, 34.5178745], [136.2067037, 34.5178882], [136.2068441, 34.5178921], [136.2069792, 34.517874], [136.2070935, 34.5178411], [136.2072131, 34.5177848], [136.2073329, 34.5176877], [136.2074348, 34.5175758], [136.2076977, 34.5172651], [136.2079868, 34.5169176], [136.2081379, 34.5167932], [136.2083573, 34.5166688], [136.2086441, 34.5166294], [136.2091438, 34.516589], [136.2095577, 34.5165586], [136.2097159, 34.5165328], [136.2098811, 34.516482], [136.2102919, 34.5163163], [136.2108158, 34.5161111], [136.2110409, 34.5160102], [136.2112004, 34.5159288], [136.2113544, 34.515808], [136.2114865, 34.5156859], [136.2116132, 34.5155526], [136.211718, 34.5154363], [136.2118895, 34.5151768], [136.2120222, 34.5149152], [136.2122168, 34.5145249], [136.2123175, 34.5143698], [136.2126256, 34.5141357], [136.2126618, 34.514115], [136.2128589, 34.5140068], [136.2131304, 34.5138987], [136.2132894, 34.5138691], [136.2137134, 34.5138229], [136.214629, 34.5136314], [136.2155233, 34.5134841], [136.2163444, 34.5133533], [136.2185683, 34.5129273], [136.2190478, 34.5128456], [136.2192678, 34.5128115], [136.2195212, 34.5127884], [136.2196674, 34.5127871], [136.2202026, 34.5127978], [136.2204643, 34.5128245], [136.220864, 34.5128706], [136.22171, 34.5129864], [136.2221014, 34.5129746], [136.2228837, 34.5127723], [136.2239164, 34.512512], [136.2243577, 34.5124347], [136.2246435, 34.5123807], [136.2247309, 34.5123666], [136.2248061, 34.5123566], [136.2252645, 34.5123466], [136.2254927, 34.5123311], [136.22566, 34.5123116], [136.2258486, 34.5123051], [136.2259506, 34.5123106], [136.2260692, 34.5123252], [136.2261765, 34.5123511], [136.2263357, 34.5123756], [136.2264577, 34.5123709], [136.2265653, 34.5123563], [136.2266308, 34.5123547], [136.2267127, 34.5123719], [136.2267679, 34.512395], [136.2268363, 34.5124377], [136.2269759, 34.5125508], [136.2270342, 34.5125798], [136.2270925, 34.5125971], [136.2273569, 34.5126583], [136.2275213, 34.5126903], [136.2278399, 34.5127671], [136.2279921, 34.5128061], [136.228207, 34.5128485], [136.2283957, 34.5128781], [136.2285348, 34.5128893], [136.2286831, 34.5128996], [136.2291367, 34.5129144], [136.2293482, 34.5129276], [136.229518, 34.5129428], [136.2296579, 34.512961], [136.2297447, 34.5129797], [136.2298824, 34.5130111], [136.2300139, 34.5130376], [136.2301533, 34.5130509], [136.2303426, 34.5130678], [136.2304523, 34.5130759], [136.2305948, 34.5130789], [136.2312295, 34.5130787], [136.2315116, 34.5130746], [136.2316623, 34.5130812], [136.2317388, 34.5130959], [136.2318987, 34.5131605], [136.2320743, 34.5132396], [136.2322224, 34.5133057], [136.2324167, 34.5133887], [136.2326142, 34.513481], [136.2327309, 34.5135289], [136.232963, 34.5136369], [136.2330743, 34.513669], [136.2331729, 34.5136931], [136.2332781, 34.5137019], [136.2334621, 34.513697], [136.2342485, 34.5136394], [136.234786, 34.5136216], [136.2348834, 34.5136073], [136.2350465, 34.5135731], [136.2366901, 34.5131295], [136.2376506, 34.5128681], [136.2382375, 34.5127076], [136.2383404, 34.512685], [136.2383984, 34.5126749], [136.2384697, 34.5126714], [136.2385308, 34.5126729], [136.238662, 34.5127017], [136.2387517, 34.5127319], [136.2388415, 34.5127699], [136.2389533, 34.5128277], [136.2391715, 34.5129681], [136.239357, 34.513082], [136.2395122, 34.5131768], [136.2396997, 34.513299], [136.2401731, 34.5136551], [136.2403902, 34.5137943], [136.2404757, 34.5138303], [136.240655, 34.5138918], [136.2408581, 34.513929], [136.2409362, 34.5139443], [136.241143, 34.5139848], [136.2415617, 34.5141211], [136.2416457, 34.5141581], [136.241762, 34.5142075], [136.2421742, 34.5143552], [136.2422577, 34.5143755], [136.2423412, 34.5143887], [136.2424421, 34.5143998], [136.2425535, 34.5144035], [136.2429786, 34.5144123], [136.2430597, 34.514407], [136.2431198, 34.5143956], [136.2431895, 34.5143766], [136.2432495, 34.51435], [136.2432937, 34.5143162], [136.2433457, 34.514263], [136.2433818, 34.5142135], [136.2434072, 34.5141458], [136.243428, 34.5140871], [136.2434648, 34.5138733], [136.2435048, 34.5136668], [136.2435511, 34.5134673], [136.2435842, 34.513408], [136.2436317, 34.5133451], [136.2437097, 34.5132663], [136.2441895, 34.5128828], [136.2444297, 34.5127112], [136.2448103, 34.5124588], [136.2452986, 34.5121485], [136.2453804, 34.5120897], [136.2455758, 34.5119676], [136.2457429, 34.5119017], [136.2459022, 34.5118573], [136.2460066, 34.5118418], [136.2460738, 34.5118393], [136.2461613, 34.5118457], [136.2462297, 34.5118454], [136.2462944, 34.5118511], [136.246456, 34.5118755], [136.2471505, 34.5120035], [136.248646, 34.51228], [136.2490959, 34.5123714], [136.2493052, 34.5124246], [136.2495506, 34.5125106], [136.2498573, 34.5126222], [136.2500289, 34.5126837], [136.2501586, 34.512718], [136.2503162, 34.5127473], [136.2504324, 34.5127636], [136.250568, 34.5127698], [136.2507037, 34.5127668], [136.2508124, 34.5127578], [136.2509433, 34.5127427], [136.2511794, 34.51269], [136.251386, 34.5126436], [136.2516771, 34.5125799], [136.2517563, 34.5125507], [136.2518194, 34.5125212], [136.251884, 34.5124774], [136.2519644, 34.512407], [136.2520283, 34.5123431], [136.2522585, 34.5120603], [136.2523203, 34.5119946], [136.2523841, 34.5119348], [136.2524497, 34.5118928], [136.2525447, 34.5118529], [136.2526255, 34.511828], [136.2527878, 34.5117997], [136.2529345, 34.5118014], [136.2533048, 34.5118207], [136.2534641, 34.5118461], [136.2536075, 34.5118802], [136.2537741, 34.5119087], [136.2539431, 34.5119223], [136.2541, 34.511918], [136.2542134, 34.511905], [136.2543361, 34.5118847], [136.2544501, 34.5118426], [136.254554, 34.5117848], [136.2546373, 34.5117131], [136.2547078, 34.5116314], [136.2547752, 34.5115386], [136.2548633, 34.5114483], [136.254924, 34.5113935], [136.2550101, 34.5113414], [136.25509, 34.5112968], [136.2551879, 34.5112558], [136.2553005, 34.5112284], [136.2554617, 34.511211], [136.2556282, 34.5112105], [136.2558656, 34.511218], [136.2563617, 34.5112409], [136.2566592, 34.5112352], [136.2568381, 34.5112479], [136.2569704, 34.5112716], [136.2570864, 34.5113009], [136.257354, 34.5113798], [136.2576883, 34.5115049], [136.2583194, 34.5117723], [136.2588373, 34.5119724], [136.2595484, 34.5122577], [136.2602224, 34.5125304], [136.2606616, 34.5127047], [136.2607796, 34.5127497], [136.2608496, 34.5127668], [136.2610412, 34.5128224], [136.2611821, 34.5128572], [136.2613076, 34.5128801], [136.2614296, 34.5128946], [136.261532, 34.5129024], [136.2616661, 34.5129098], [136.2618012, 34.5129122], [136.26196, 34.5129095], [136.2620941, 34.5129041], [136.2621968, 34.5128952], [136.2622866, 34.5128847], [136.2623897, 34.5128663], [136.2625306, 34.5128352], [136.262657, 34.5128028], [136.2627779, 34.5127713], [136.262902, 34.5127308], [136.2630097, 34.5126906], [136.2631053, 34.51265], [136.2632165, 34.5125985], [136.2633387, 34.512535], [136.2635117, 34.5124327], [136.2638327, 34.5122323], [136.2640619, 34.5120918], [136.2643515, 34.5119145], [136.2644105, 34.5118769], [136.2654147, 34.51126], [136.2655705, 34.5111792], [136.2656312, 34.5111603], [136.2657378, 34.5111313], [136.2658444, 34.5111122], [136.2660403, 34.5110956], [136.2672506, 34.5111412], [136.2673845, 34.5111538], [136.2674966, 34.5111763], [136.2676024, 34.5112023], [136.2677348, 34.5112457], [136.2678404, 34.5112889], [136.267987, 34.5113625], [136.2682255, 34.5115006], [136.2683129, 34.511547], [136.268757, 34.5117829], [136.2692937, 34.5120601], [136.2697617, 34.512312], [136.2700033, 34.5124167], [136.2703349, 34.5125394], [136.2704924, 34.5125897], [136.2707912, 34.5126897], [136.270989, 34.512756], [136.2714308, 34.5129094], [136.2715891, 34.5129539], [136.271732, 34.5129856], [136.2718515, 34.5130013], [136.2719549, 34.5130082], [136.2721501, 34.513007], [136.2723061, 34.5129907], [136.272424, 34.5129718], [136.2725638, 34.5129347], [136.2726879, 34.5128965], [136.2730601, 34.5127354], [136.2736365, 34.5124645], [136.273744, 34.5124213], [136.2738874, 34.512374], [136.2740445, 34.5123342], [136.2741739, 34.5123165], [136.2742895, 34.5123084], [136.2744465, 34.512312], [136.2745739, 34.5123173], [136.2747477, 34.5123425], [136.2749124, 34.5123782], [136.2750606, 34.5124247], [136.2755009, 34.5125768], [136.2756157, 34.5126124], [136.2757466, 34.5126457], [136.2759013, 34.5126725], [136.2759746, 34.512682], [136.2761184, 34.5126889], [136.2764274, 34.5126862], [136.2765351, 34.5126803], [136.2766743, 34.5126649], [136.2767589, 34.5126462], [136.2768668, 34.5126163], [136.2769641, 34.5125764], [136.2770695, 34.5125223], [136.2771831, 34.5124537], [136.2772757, 34.5123793], [136.2773853, 34.5122845], [136.2774902, 34.5122203], [136.2775778, 34.5121837], [136.2776789, 34.5121509], [136.2777828, 34.5121332], [136.2778845, 34.5121286], [136.278004, 34.5121366], [136.2781788, 34.5121561], [136.2784516, 34.5121974], [136.2788858, 34.5122648], [136.2791935, 34.5123025], [136.2794139, 34.5123254], [136.2796092, 34.5123287], [136.2797602, 34.5123236], [136.2798274, 34.5123089], [136.2799074, 34.5122991], [136.2800086, 34.5122829], [136.2804545, 34.5121929], [136.28081, 34.5121199], [136.2813686, 34.5120319], [136.2819082, 34.5119726], [136.2823955, 34.5119283], [136.2830053, 34.5118594], [136.2835581, 34.5118091], [136.2841578, 34.51174], [136.2847663, 34.5116648], [136.2851028, 34.511612], [136.2853644, 34.511571], [136.2865468, 34.5112859], [136.2872166, 34.5111345], [136.2877498, 34.5110346], [136.2907025, 34.5105144], [136.291431, 34.5104336], [136.2924637, 34.5103275], [136.2928159, 34.5103104], [136.2929214, 34.5103133], [136.2930742, 34.5103291], [136.2932363, 34.510355], [136.2934446, 34.5104013], [136.2936116, 34.5104506], [136.29417, 34.510657], [136.2946779, 34.5108456], [136.2949211, 34.5109299], [136.2954064, 34.5110993], [136.2964405, 34.5114289], [136.2970585, 34.5116153], [136.2977144, 34.5118146], [136.2979165, 34.5118754], [136.2980564, 34.51191], [136.2982278, 34.5119479], [136.2983337, 34.5119654], [136.2984773, 34.5119804], [136.2987067, 34.5119912], [136.2988871, 34.5119935], [136.2990853, 34.5119857], [136.2992057, 34.5119745], [136.2998163, 34.5119019], [136.3009776, 34.5117637], [136.3013354, 34.5117303], [136.3015149, 34.5117187], [136.3021759, 34.51173], [136.3034314, 34.5117869], [136.3042767, 34.5118141], [136.3046223, 34.511828], [136.3049739, 34.5118402], [136.3055893, 34.5118653], [136.3079908, 34.5119778], [136.3107389, 34.512036], [136.3116106, 34.511896], [136.3122306, 34.5117291], [136.3129015, 34.511567], [136.3132358, 34.5114624], [136.313611, 34.5113972], [136.3140138, 34.511366], [136.314926, 34.5115872], [136.3174989, 34.5126942], [136.3177646, 34.51279], [136.3178328, 34.5128146], [136.3181483, 34.5128749], [136.3185211, 34.5128373], [136.3187371, 34.5127533], [136.3191099, 34.5125257], [136.3194224, 34.5123632], [136.3196208, 34.5123124], [136.3198649, 34.5123046], [136.3201358, 34.5123223], [136.3208225, 34.5124172], [136.3214072, 34.5124879], [136.3219472, 34.5125065], [136.3222438, 34.5124891], [136.3225928, 34.5123907], [136.322759, 34.512289], [136.3228878, 34.5122006], [136.3230058, 34.5120901], [136.323097, 34.5119575], [136.3231989, 34.5117586], [136.3232379, 34.5116649], [136.3232815, 34.5114519], [136.3233134, 34.5112515], [136.3233736, 34.5110519], [136.3234296, 34.5109515], [136.3234869, 34.5108677], [136.3235817, 34.510771], [136.3236697, 34.5106913], [136.3238133, 34.5105823], [136.3239601, 34.5104687], [136.3240528, 34.5103822], [136.324099, 34.51033], [136.324135, 34.5102756], [136.3246908, 34.5094544], [136.3248735, 34.5091535], [136.3249631, 34.5089377], [136.3250089, 34.508832], [136.325078, 34.508579], [136.3251458, 34.5082566], [136.3251839, 34.5081313], [136.3252282, 34.5080126], [136.3252696, 34.5079357], [136.3253448, 34.507821], [136.3254497, 34.5077077], [136.3255575, 34.5076191], [136.3256563, 34.5075656], [136.325821, 34.5074875], [136.3259012, 34.5074599], [136.3261798, 34.5073915], [136.3264025, 34.5073444], [136.3265982, 34.5072989], [136.3267485, 34.5072521], [136.3269071, 34.5071957], [136.3270582, 34.5071272], [136.3272595, 34.5070181], [136.327418, 34.5069135], [136.3275206, 34.5068336], [136.3276292, 34.506736], [136.3277497, 34.5065996], [136.3279498, 34.5063407], [136.3280775, 34.5061545], [136.3284946, 34.5055787], [136.328669, 34.5053597], [136.3288122, 34.5051964], [136.3294189, 34.5048024], [136.3296824, 34.5045587], [136.3297843, 34.5043764], [136.3298393, 34.5041896], [136.3298493, 34.5039165], [136.3298279, 34.5035475], [136.3298306, 34.5033253], [136.3298427, 34.5031961], [136.3299326, 34.5029454], [136.3301014, 34.5026998], [136.3302087, 34.5026011], [136.330349, 34.5025043], [136.3312095, 34.5020207], [136.3313773, 34.5019074], [136.3314922, 34.5018087], [136.3316374, 34.5016775], [136.3317939, 34.5015124], [136.3321073, 34.5011935], [136.3324725, 34.5008395], [136.3326959, 34.500583], [136.3329129, 34.5003988], [136.3330624, 34.5003509], [136.3332015, 34.5003132], [136.333325, 34.5002922], [136.3335514, 34.5002786], [136.3336421, 34.5002743], [136.333699, 34.5002655], [136.3337775, 34.5002507], [136.3338367, 34.5002354], [136.3339072, 34.5002139], [136.3340302, 34.5001725], [136.3342873, 34.5000925], [136.334545, 34.5000075], [136.3346275, 34.4999659], [136.3346879, 34.499926], [136.3347327, 34.4998877], [136.3347605, 34.4998456], [136.334779, 34.4997984], [136.3347802, 34.4997445], [136.3347772, 34.4996722], [136.3347599, 34.4996107], [136.3347279, 34.4995287], [136.3346407, 34.4993543], [136.3346063, 34.4993082], [136.3345571, 34.4992574], [136.334474, 34.4992042], [136.33439, 34.4991686], [136.3342844, 34.499133], [136.3341523, 34.4991079], [136.3339735, 34.4990807], [136.3338896, 34.499065], [136.3338333, 34.4990457], [136.3337478, 34.4990058], [136.3336999, 34.4989801], [136.3336471, 34.4989462], [136.3336072, 34.4989086], [136.3335657, 34.49886], [136.3335315, 34.4988052], [136.3334924, 34.498734], [136.3334679, 34.4986759], [136.3334356, 34.4986168], [136.3333897, 34.4985575], [136.3333485, 34.4984869], [136.3333011, 34.4983931], [136.3332791, 34.4983373], [136.3332677, 34.4982949], [136.3332568, 34.4982217], [136.3332548, 34.4981112], [136.3332511, 34.4979483], [136.3332546, 34.4978825], [136.3332604, 34.4978248], [136.3332711, 34.4977845], [136.3332829, 34.4977575], [136.3333177, 34.4977038], [136.3333871, 34.4976075], [136.3334619, 34.4975081], [136.3335911, 34.4973537], [136.3339447, 34.4969063], [136.3341549, 34.4966565], [136.3342291, 34.4965607], [136.3342594, 34.4965126], [136.3343251, 34.4963677], [136.3343582, 34.4962722], [136.3343996, 34.4961926], [136.3344118, 34.4961686], [136.3344811, 34.4960215], [136.3344872, 34.495974], [136.3344875, 34.4959229], [136.3344849, 34.4958887], [136.3344637, 34.4957843], [136.3344554, 34.4957374], [136.3344581, 34.495629], [136.3344691, 34.495563], [136.3344988, 34.4954962], [136.3345734, 34.4954296], [136.3346612, 34.4953421], [136.3347769, 34.4952215], [136.3348488, 34.4951398], [136.3349537, 34.4949939], [136.3351318, 34.4948234], [136.3351968, 34.4947475], [136.33531, 34.4945855], [136.3353816, 34.494498], [136.3354766, 34.4944126], [136.3355351, 34.4943608], [136.3356711, 34.4942307], [136.3358285, 34.4940404], [136.3358713, 34.4939974], [136.3359466, 34.4939308], [136.3362438, 34.4937608], [136.3363304, 34.4937071], [136.3363722, 34.4936732], [136.3364063, 34.4936341], [136.3364218, 34.4936006], [136.3364402, 34.4935589], [136.3364867, 34.4933854], [136.3365291, 34.4932385], [136.3365559, 34.49298], [136.3365656, 34.4928895], [136.3365744, 34.4928474], [136.336602, 34.4928043], [136.3366591, 34.4927455], [136.3368771, 34.4925464], [136.3369773, 34.4924325], [136.3370542, 34.4923382], [136.3371263, 34.4922298], [136.3371792, 34.4921236], [136.3371998, 34.4920574], [136.3372141, 34.4919798], [136.337206, 34.4919021], [136.3371849, 34.4918467], [136.3371333, 34.4917501], [136.3369347, 34.4914044], [136.3368803, 34.4913056], [136.3368493, 34.491231], [136.3368197, 34.4911471], [136.3367365, 34.490875], [136.3367072, 34.4907513], [136.3367047, 34.4907212], [136.3367098, 34.490683], [136.3367212, 34.4906378], [136.3367386, 34.4906056], [136.3367572, 34.4905756], [136.3368194, 34.4905282], [136.3369096, 34.4904764], [136.3369888, 34.4904382], [136.3370472, 34.4904188], [136.3371111, 34.4904074], [136.3372249, 34.4903938], [136.3373479, 34.4903891], [136.3375883, 34.4903778], [136.337654, 34.490374], [136.3376951, 34.4903758], [136.3377341, 34.4903857], [136.3377726, 34.4904064], [136.3378045, 34.4904287], [136.3378362, 34.4904576], [136.3378569, 34.4904809], [136.3378857, 34.4905188], [136.3379053, 34.49054], [136.3379345, 34.490562], [136.3379692, 34.4905813], [136.3380016, 34.4905897], [136.338034, 34.4905919], [136.3380794, 34.4905884], [136.3381987, 34.4905663], [136.3383714, 34.4905203], [136.3384682, 34.4905001], [136.3385094, 34.4904951], [136.3385605, 34.4905022], [136.338593, 34.4905129], [136.3386279, 34.4905433], [136.3386504, 34.4905679], [136.3386653, 34.490605], [136.3386692, 34.4906379], [136.3386578, 34.4906749], [136.3386368, 34.490704], [136.3385605, 34.4907757], [136.3385319, 34.4907968], [136.3385205, 34.4908158], [136.3385248, 34.4908339], [136.3385392, 34.4908487], [136.3386304, 34.4909137], [136.3387826, 34.4909895], [136.3389135, 34.4910948], [136.3390144, 34.491167], [136.3390681, 34.4911951], [136.3391119, 34.4912056], [136.3391468, 34.4912014], [136.3391892, 34.4911942], [136.3392292, 34.4911746], [136.3394712, 34.4910266], [136.3396633, 34.4908641], [136.3397727, 34.4908088], [136.339848, 34.4907752], [136.3399501, 34.4907366], [136.3401513, 34.4906758], [136.3402166, 34.4906645], [136.340278, 34.4906585], [136.3403469, 34.4906593], [136.3404103, 34.4906615], [136.3406014, 34.4907192], [136.3406453, 34.490746], [136.3406713, 34.4907716], [136.3406912, 34.4907976], [136.340706, 34.4908319], [136.3407149, 34.4908726], [136.3407242, 34.4909074], [136.3407398, 34.4909381], [136.3407672, 34.4909674], [136.340817, 34.4909978], [136.3408698, 34.4910272], [136.3409369, 34.4910616], [136.3409783, 34.4910834], [136.3410034, 34.491116], [136.3410148, 34.4911545], [136.3410081, 34.491189], [136.3409926, 34.491226], [136.3409594, 34.4912692], [136.3409169, 34.491322], [136.3408582, 34.4913798], [136.3408135, 34.4914173], [136.3406812, 34.4914892], [136.3405615, 34.4915612], [136.3405091, 34.4916229], [136.3405191, 34.491664], [136.340569, 34.4917011], [136.3407461, 34.4918018], [136.3408858, 34.4918676], [136.3410081, 34.4919704], [136.3410879, 34.4919931], [136.3411777, 34.4919828], [136.3412651, 34.4919231], [136.3413798, 34.4917792], [136.3415944, 34.4915694], [136.3417591, 34.4914173], [136.3419312, 34.4913247], [136.3419861, 34.4911767], [136.342051, 34.4911479], [136.3421682, 34.4911109], [136.3421957, 34.4910697], [136.3422256, 34.4909299], [136.3424352, 34.4906441], [136.3424876, 34.4906173], [136.3425949, 34.4905639], [136.3426772, 34.4903315], [136.3427171, 34.490276], [136.3427845, 34.490239], [136.3428718, 34.4902369], [136.3429255, 34.4902574], [136.3429716, 34.4902883], [136.3430539, 34.4903891], [136.343091, 34.4904395], [136.3431224, 34.4904751], [136.3431488, 34.4904981], [136.3431886, 34.4905201], [136.3432323, 34.4905379], [136.3432735, 34.4905495], [136.3433224, 34.4905564], [136.3433706, 34.4905608], [136.3434255, 34.4905603], [136.3434742, 34.4905539], [136.343528, 34.4905433], [136.3435821, 34.4905278], [136.3436312, 34.4905103], [136.3436714, 34.4904908], [136.3437858, 34.4904325], [136.3440427, 34.490283], [136.3440807, 34.4902636], [136.3441239, 34.4902455], [136.3441742, 34.4902348], [136.3442164, 34.4902304], [136.3442665, 34.4902307], [136.3443027, 34.4902379], [136.3443364, 34.4902534], [136.3443626, 34.4902729], [136.3443775, 34.4902934], [136.3443832, 34.4903186], [136.3443838, 34.490351], [136.344371, 34.4903853], [136.3443526, 34.4904158], [136.3443182, 34.490459], [136.3442964, 34.4904908], [136.3442914, 34.4905201], [136.3442939, 34.4905443], [136.3443042, 34.4905787], [136.3443164, 34.4905999], [136.3443377, 34.4906197], [136.3444087, 34.4906769], [136.3444299, 34.4906995], [136.3444486, 34.4907324], [136.3444532, 34.4907518], [136.3444534, 34.490774], [136.3444436, 34.4907983], [136.3444253, 34.4908232], [136.3443913, 34.4908456], [136.3443302, 34.4908702], [136.3442797, 34.4908836], [136.3442404, 34.4908888], [136.3441936, 34.4908909], [136.3441506, 34.4908867], [136.3441062, 34.4908939], [136.3440807, 34.4909103], [136.3440501, 34.4909397], [136.344022, 34.4909566], [136.3439883, 34.49097], [136.3439471, 34.4909751], [136.3438967, 34.4909758], [136.3438209, 34.4909669], [136.3437276, 34.4909669], [136.3436602, 34.4909849], [136.3436239, 34.491002], [136.3435829, 34.4910327], [136.3435597, 34.4910629], [136.3435515, 34.4910978], [136.3435403, 34.4911931], [136.3435487, 34.4912728], [136.3435486, 34.4913452], [136.3435455, 34.4913659], [136.3435366, 34.4913911], [136.343503, 34.4914296], [136.3434415, 34.491482], [136.3434191, 34.491511], [136.3434016, 34.491546], [136.3433954, 34.4915757], [136.3434007, 34.4916253], [136.3434107, 34.4916579], [136.3434237, 34.4916908], [136.3434482, 34.4917237], [136.3434793, 34.4917492], [136.3435105, 34.491767], [136.3435542, 34.4917832], [136.3435934, 34.4917936], [136.3436396, 34.4917987], [136.3436881, 34.4917999], [136.3437421, 34.4917964], [136.343803, 34.4917833], [136.3440222, 34.4917101], [136.34407, 34.4916974], [136.3441318, 34.4916908], [136.3441595, 34.4916933], [136.3441904, 34.4917096], [136.344211, 34.4917273], [136.3442221, 34.4917503], [136.3442225, 34.4919011], [136.344228, 34.491951], [136.3442374, 34.4920179], [136.3442486, 34.4920658], [136.344264, 34.4921032], [136.3442825, 34.4921365], [136.344302, 34.4921567], [136.3443225, 34.4921681], [136.3443459, 34.4921723], [136.3443797, 34.4921726], [136.3444125, 34.4921619], [136.3444474, 34.4921405], [136.344537, 34.4920745], [136.3445854, 34.4920363], [136.3446137, 34.4920096], [136.3447461, 34.4918512], [136.3448718, 34.491699], [136.3448978, 34.4916784], [136.3449231, 34.4916671], [136.3449475, 34.4916602], [136.3449801, 34.4916599], [136.3450101, 34.4916624], [136.3450366, 34.4916723], [136.345245, 34.4917866], [136.3453434, 34.4918461], [136.3453801, 34.4918606], [136.34541, 34.4918595], [136.3454398, 34.4918521], [136.3454665, 34.491828], [136.3454886, 34.4917987], [136.3455151, 34.4917476], [136.3455267, 34.4917123], [136.3455419, 34.4915658], [136.3455477, 34.4915413], [136.345559, 34.4915137], [136.345577, 34.4914804], [136.3456116, 34.4914324], [136.3456442, 34.4913893], [136.3456803, 34.4913469], [136.3457225, 34.4913161], [136.3457685, 34.4912959], [136.3458168, 34.4912734], [136.345865, 34.4912435], [136.3458951, 34.4912189], [136.3459291, 34.491186], [136.3459459, 34.491154], [136.3459896, 34.4911], [136.3460546, 34.4910274], [136.3461132, 34.4909749], [136.3461863, 34.4909018], [136.3462144, 34.4908769], [136.3462526, 34.4908677], [136.3462861, 34.4908667], [136.3463148, 34.4908786], [136.3463391, 34.4908974], [136.3463595, 34.4909233], [136.3463673, 34.4909566], [136.3463639, 34.4910817], [136.3463693, 34.4911101], [136.3463811, 34.4911347], [136.3463983, 34.491161], [136.3464251, 34.491184], [136.3464646, 34.4912096], [136.3465018, 34.4912302], [136.346539, 34.4912556], [136.3465532, 34.4912765], [136.3465586, 34.4913015], [136.3465544, 34.4913288], [136.346522, 34.4914008], [136.3464267, 34.4915781], [136.3464244, 34.4916071], [136.346428, 34.4916352], [136.3464392, 34.491664], [136.3464614, 34.4916923], [136.3464905, 34.4917151], [136.3465193, 34.4917348], [136.3465569, 34.4917504], [136.3465879, 34.4917557], [136.3466268, 34.4917561], [136.3466694, 34.4917504], [136.3467299, 34.4917349], [136.3467828, 34.4917188], [136.3468295, 34.4917009], [136.3468716, 34.4916778], [136.3469041, 34.4916534], [136.3469514, 34.491616], [136.3469676, 34.4916082], [136.346995, 34.4916138], [136.3470214, 34.49163], [136.3470679, 34.4916593], [136.3470833, 34.4916743], [136.3470809, 34.4917229], [136.3470809, 34.4918476], [136.3470858, 34.4918758], [136.3471045, 34.4919462], [136.347121, 34.4919677], [136.3471491, 34.4919936], [136.3471928, 34.4920272], [136.3472648, 34.492071], [136.3473378, 34.4921067], [136.3473963, 34.4921295], [136.3474202, 34.4921442], [136.3474424, 34.4921649], [136.3474518, 34.4921849], [136.3474501, 34.4922116], [136.3474372, 34.4922349], [136.3474064, 34.4922573], [136.3473606, 34.492283], [136.3473185, 34.4922994], [136.3469029, 34.4924521], [136.3467666, 34.4924816], [136.3466761, 34.4925214], [136.3466539, 34.4925404], [136.3466335, 34.492568], [136.3466146, 34.492594], [136.3466046, 34.4926193], [136.3465992, 34.4926493], [136.3465986, 34.4926785], [136.3466074, 34.492715], [136.346622, 34.4927478], [136.3466403, 34.4927732], [136.3466748, 34.4928072], [136.3467417, 34.4928622], [136.346829, 34.4929163], [136.3469259, 34.4929688], [136.3471587, 34.493082], [136.347325, 34.4931597], [136.3473914, 34.4931839], [136.3475739, 34.493301], [136.347618, 34.4933373], [136.3476476, 34.4933654], [136.347657, 34.493396], [136.3476506, 34.4934284], [136.3476308, 34.4934631], [136.347603, 34.4934945], [136.3475787, 34.4935305], [136.347563, 34.4935744], [136.3475544, 34.49361], [136.3475536, 34.4936594], [136.3475618, 34.4936976], [136.3475736, 34.4937393], [136.3475805, 34.4937746], [136.3475767, 34.4938101], [136.347566, 34.4938428], [136.3475458, 34.4938788], [136.3475234, 34.4939205], [136.3474868, 34.493975], [136.3474318, 34.4940469], [136.347379, 34.4941113], [136.3473294, 34.4941645], [136.347269, 34.4942107], [136.347224, 34.4942483], [136.3471286, 34.4943007], [136.3470535, 34.4943307], [136.346929, 34.4943718], [136.3468834, 34.4943815], [136.3468314, 34.4943845], [136.3466735, 34.4943907], [136.3466205, 34.4943963], [136.3464487, 34.4944356], [136.3464035, 34.4944391], [136.3463647, 34.4944366], [136.3461592, 34.494395], [136.3459569, 34.4943467], [136.3456834, 34.4942845], [136.3455707, 34.4942698], [136.3454985, 34.4942699], [136.3454279, 34.4942757], [136.3453726, 34.4942898], [136.345322, 34.4943155], [136.3452747, 34.4943449], [136.3452391, 34.4943801], [136.345226, 34.4944081], [136.3452271, 34.4944315], [136.3452384, 34.4944487], [136.3452455, 34.4944545], [136.3453098, 34.4945066], [136.3453208, 34.4945168], [136.3453591, 34.4945233], [136.3454415, 34.4945194], [136.3455031, 34.4945184], [136.3455545, 34.4945273], [136.3456028, 34.4945416], [136.3456422, 34.4945596], [136.3456754, 34.4945786], [136.3457425, 34.4946369], [136.345806, 34.4947064], [136.3458574, 34.4947837], [136.3458808, 34.4948208], [136.3459121, 34.4948564], [136.3460329, 34.4949386], [136.3461645, 34.4950058], [136.3463271, 34.4950697], [136.346385, 34.495096], [136.3464139, 34.4951163], [136.3464342, 34.4951351], [136.3464446, 34.4951561], [136.3464505, 34.4951944], [136.3464524, 34.4952392], [136.3464576, 34.4952816], [136.3464711, 34.4953184], [136.3464913, 34.4953465], [136.3465168, 34.4953648], [136.3465255, 34.4953657], [136.3466232, 34.4953758], [136.3466309, 34.4953766], [136.3466725, 34.495374], [136.3467669, 34.4953415], [136.3468887, 34.4953277], [136.3469602, 34.4953269], [136.3470363, 34.4953193], [136.3470975, 34.4953039], [136.3472243, 34.4952536], [136.3472646, 34.4952385], [136.3473083, 34.4952356], [136.3473461, 34.4952465], [136.3473907, 34.495272], [136.3474295, 34.4953031], [136.347463, 34.4953426], [136.3474936, 34.4953902], [136.3475162, 34.495428], [136.3475408, 34.495477], [136.347563, 34.495532], [136.3475774, 34.4955508], [136.3475978, 34.4955583], [136.3476809, 34.4955496], [136.3477073, 34.4955366], [136.347724, 34.4955177], [136.3477431, 34.4954908], [136.3477644, 34.4954479], [136.3477762, 34.4954023], [136.3477959, 34.4953411], [136.3478106, 34.4952602], [136.3478362, 34.4951737], [136.3478704, 34.4950937], [136.347905, 34.4950173], [136.3479288, 34.4949757], [136.3479498, 34.49495], [136.3479822, 34.4949285], [136.3480186, 34.4949081], [136.348268, 34.4948083], [136.3483633, 34.4947619], [136.3484603, 34.4947098], [136.3486688, 34.4945928], [136.3487333, 34.4945516], [136.3488503, 34.4944638], [136.3489745, 34.4943668], [136.3490256, 34.4943095], [136.3490735, 34.494249], [136.3491041, 34.494201], [136.349122, 34.4941594], [136.3491364, 34.494111], [136.3491502, 34.4940254], [136.3491601, 34.4939367], [136.3491696, 34.4938862], [136.3491892, 34.4938471], [136.349218, 34.4938025], [136.3492659, 34.4937564], [136.3493044, 34.4937286], [136.3493449, 34.4937081], [136.3494039, 34.4936942], [136.349599, 34.4936634], [136.3496613, 34.4936526], [136.3497057, 34.493639], [136.3497439, 34.4936202], [136.3497869, 34.4935919], [136.3498373, 34.4935506], [136.3498731, 34.4935117], [136.3498984, 34.4934798], [136.349918, 34.4934433], [136.3499372, 34.4933988], [136.3499603, 34.4933281], [136.3499875, 34.4932602], [136.3500037, 34.4932139], [136.3500259, 34.4931642], [136.3500453, 34.4931351], [136.3500726, 34.4931143], [136.3501192, 34.4931007], [136.350159, 34.4931003], [136.3501927, 34.4931064], [136.3502303, 34.4931228], [136.3502631, 34.4931434], [136.3502879, 34.4931715], [136.3503086, 34.4932016], [136.3503246, 34.4932356], [136.3503387, 34.4932822], [136.3503636, 34.4933939], [136.35038, 34.4935351], [136.3503853, 34.4936195], [136.3503946, 34.4936581], [136.3504125, 34.4936897], [136.3504469, 34.493737], [136.3505069, 34.4938022], [136.3505464, 34.4938387], [136.3505917, 34.4938748], [136.3506451, 34.4939008], [136.3506877, 34.4939146], [136.3507314, 34.4939196], [136.3508517, 34.493914], [136.3508895, 34.4938949], [136.3509178, 34.4938616], [136.3509248, 34.4938277], [136.3509245, 34.4937801], [136.350917, 34.4937161], [136.3508464, 34.4934012], [136.3507937, 34.4931459], [136.3507495, 34.4929924], [136.3507322, 34.4929431], [136.3507282, 34.4929094], [136.3507285, 34.4928759], [136.35074, 34.4928466], [136.3507546, 34.4928206], [136.3507874, 34.4927997], [136.3508246, 34.4927937], [136.350922, 34.4927955], [136.3510338, 34.4928075], [136.3510632, 34.4928053], [136.3510864, 34.4927894], [136.3510898, 34.4927658], [136.3510755, 34.4927394], [136.3510612, 34.4927164], [136.3510497, 34.4926903], [136.3510528, 34.4926642], [136.3510621, 34.492647], [136.3510828, 34.492634], [136.3511128, 34.4926279], [136.3511481, 34.4926215], [136.3511791, 34.4926045], [136.3511908, 34.4925875], [136.3511906, 34.4925644], [136.3511859, 34.4925406], [136.351177, 34.4925203], [136.35116, 34.4925042], [136.3511356, 34.4924926], [136.3511105, 34.4924871], [136.351003, 34.4924837], [136.3508602, 34.4924744], [136.3508155, 34.4924707], [136.3507875, 34.4924572], [136.3507616, 34.4924368], [136.3507396, 34.4924118], [136.3507254, 34.4923836], [136.3507179, 34.4923527], [136.3507182, 34.4922911], [136.3507208, 34.4922173], [136.3507235, 34.4921897], [136.3507355, 34.4921478], [136.3507726, 34.4920563], [136.3507908, 34.4920274], [136.3508123, 34.4919995], [136.3508485, 34.4919692], [136.3509846, 34.4918795], [136.3510123, 34.4918551], [136.3510265, 34.4918354], [136.3510359, 34.4918129], [136.3510379, 34.4917778], [136.351046, 34.4916689], [136.3510444, 34.491597], [136.3510226, 34.4912379], [136.3510184, 34.4910961], [136.3510174, 34.4910597], [136.3510094, 34.4910294], [136.3509568, 34.4909382], [136.3509391, 34.4908978], [136.3509224, 34.490832], [136.3508873, 34.4906583], [136.3508724, 34.4906354], [136.3508374, 34.4905989], [136.350817, 34.4905635], [136.35081, 34.4905259], [136.35081, 34.4904808], [136.3508148, 34.4904421], [136.3508527, 34.490219], [136.3508653, 34.490161], [136.3508981, 34.4901144], [136.3509184, 34.490087], [136.3509273, 34.4900475], [136.3509264, 34.4898659], [136.3508695, 34.4897643], [136.350814, 34.4893119], [136.3508155, 34.4892533], [136.3508203, 34.4892104], [136.3508313, 34.489164], [136.3508447, 34.4891414], [136.3508646, 34.4891134], [136.3508973, 34.4890754], [136.3512523, 34.4887428], [136.3512724, 34.4887161], [136.3512763, 34.4886963], [136.3512746, 34.4886742], [136.3512654, 34.4886544], [136.3512233, 34.4886191], [136.3511033, 34.4885316], [136.3510891, 34.4885182], [136.3510825, 34.4885005], [136.3510823, 34.4884483], [136.3511028, 34.4883086], [136.3511145, 34.4882674], [136.3511513, 34.4881877], [136.3512231, 34.4880682], [136.3513023, 34.4879273], [136.3513338, 34.4878852], [136.351385, 34.4878413], [136.3514219, 34.487815], [136.3514734, 34.4877863], [136.3515355, 34.487763], [136.3517373, 34.4876938], [136.35183, 34.4876621], [136.3518648, 34.4876457], [136.3518802, 34.4876305], [136.3518955, 34.4876097], [136.3519223, 34.4875663], [136.3520444, 34.4873764], [136.3521108, 34.4872443], [136.3521658, 34.4871443], [136.3522683, 34.4870124], [136.3523104, 34.4869583], [136.3523382, 34.4869397], [136.3523747, 34.4869301], [136.3531405, 34.4868512], [136.3534148, 34.4868195], [136.3536711, 34.4867653], [136.3538322, 34.486721], [136.3538922, 34.4866872], [136.3541449, 34.4866768], [136.3542196, 34.4866785], [136.3542934, 34.4866816], [136.354426, 34.4866846], [136.3545452, 34.4866771], [136.3547134, 34.4866742], [136.3548399, 34.4866798], [136.3549039, 34.4866831], [136.3550251, 34.4866823], [136.3552964, 34.4866841], [136.3553586, 34.48667], [136.3554001, 34.4866521], [136.3554291, 34.4866357], [136.3554889, 34.4865946], [136.355559, 34.4865514], [136.3558996, 34.4864128], [136.3560375, 34.4863535], [136.3562575, 34.4862637], [136.3563844, 34.4862122], [136.3564499, 34.4861767], [136.3565097, 34.4861572], [136.3565676, 34.4861432], [136.3566495, 34.4861418], [136.3568046, 34.4861424], [136.3571578, 34.4861908], [136.3574122, 34.4862301], [136.357485, 34.4862344], [136.3575632, 34.4862345], [136.3576489, 34.4862246], [136.3577486, 34.4861977], [136.3578341, 34.4861633], [136.3578855, 34.4861305], [136.3579334, 34.4860917], [136.3579858, 34.4860293], [136.3580565, 34.4859499], [136.3581268, 34.4858755], [136.358408, 34.4856956], [136.3586573, 34.4855376], [136.3587509, 34.4855003], [136.3588569, 34.4854787], [136.3589308, 34.4854718], [136.3589905, 34.4854572], [136.3590638, 34.4854212], [136.3591458, 34.48537], [136.3592213, 34.4853067], [136.3593031, 34.4852231], [136.3594068, 34.4850974], [136.3594457, 34.485034], [136.3594746, 34.4849406], [136.3594991, 34.4848417], [136.359548, 34.4847243], [136.3596109, 34.4846381], [136.3596921, 34.4845513], [136.359912, 34.4843508], [136.3601167, 34.4841388], [136.360161, 34.4840792], [136.360175, 34.4840273], [136.360177, 34.4839585], [136.3601565, 34.4838776], [136.3601356, 34.4838077], [136.3604226, 34.4836322], [136.3607258, 34.4834581], [136.3611885, 34.4831879], [136.361545, 34.482998], [136.3618728, 34.4828544], [136.3623751, 34.4826854], [136.3623986, 34.4826775], [136.3627598, 34.4825526], [136.363299, 34.482379], [136.363719, 34.4822154], [136.3642655, 34.4819684], [136.3644282, 34.4818793], [136.3645596, 34.4817986], [136.3646656, 34.4817142], [136.3647514, 34.4816096], [136.3647984, 34.4815115], [136.3648341, 34.4813937], [136.3648531, 34.4812385], [136.3648634, 34.4811128], [136.3648802, 34.4809882], [136.3649103, 34.4808513], [136.3649602, 34.4807458], [136.3650398, 34.4806465], [136.3651213, 34.4805753], [136.3652206, 34.4805144], [136.365347, 34.4804518], [136.3655132, 34.4803806], [136.3659845, 34.48018], [136.3662028, 34.4800872], [136.3663939, 34.4800167], [136.3666533, 34.4799476], [136.367011, 34.4798797], [136.3671467, 34.4798638], [136.367329, 34.4798608], [136.3675071, 34.4798653], [136.3677035, 34.479887], [136.3680768, 34.479943], [136.3685237, 34.4800118], [136.3690768, 34.4801113], [136.3694007, 34.4801612], [136.3695503, 34.4801806], [136.3696788, 34.4801851], [136.3698148, 34.4801784], [136.3699419, 34.4801691], [136.3700728, 34.4801497], [136.3702264, 34.4801155], [136.3708297, 34.4799414], [136.3709565, 34.479905], [136.3710702, 34.4798793], [136.3712082, 34.4798626], [136.3713307, 34.4798598], [136.3714401, 34.4798692], [136.3715297, 34.4798915], [136.3716212, 34.4799255], [136.371726, 34.4799794], [136.371872, 34.4800811], [136.3724009, 34.4804274], [136.3729361, 34.4807933], [136.3730562, 34.480865], [136.3731711, 34.4809183], [136.3732578, 34.4809534], [136.3733539, 34.4809882], [136.373483, 34.4810201], [136.3738968, 34.4811043], [136.3740454, 34.4811386], [136.3741107, 34.481161], [136.3742068, 34.4812173], [136.3742868, 34.4812852], [136.37434, 34.4813437], [136.3744938, 34.4815072], [136.3745509, 34.481573], [136.3748317, 34.4818861], [136.3749573, 34.4820124], [136.375036, 34.4820809], [136.3751031, 34.4821326], [136.3751954, 34.4821862], [136.3752915, 34.4822326], [136.3754415, 34.4822907], [136.375605, 34.4823492], [136.3757178, 34.4823777], [136.3758164, 34.4824078], [136.3759452, 34.4824293], [136.3760781, 34.4824308], [136.3761659, 34.4824184], [136.3762434, 34.4823901], [136.3762949, 34.482354], [136.3763585, 34.4822964], [136.376446, 34.4821998], [136.376534, 34.4820853], [136.3766074, 34.4820065], [136.3766748, 34.4819373], [136.376869, 34.4817897], [136.3771239, 34.4816191], [136.3774793, 34.4813897], [136.3777609, 34.4812232], [136.3781307, 34.4810456], [136.3783813, 34.4809283], [136.3785805, 34.4808141], [136.3789595, 34.4805498], [136.3792896, 34.480337], [136.3794831, 34.4802493], [136.3796971, 34.4801818], [136.3798522, 34.4801405], [136.3799847, 34.4801178], [136.3802565, 34.4800848], [136.3804637, 34.4800616], [136.3806708, 34.4800343], [136.3807996, 34.4800093], [136.3808797, 34.4799872], [136.3809718, 34.4799494], [136.3810449, 34.479905], [136.3811106, 34.4798655], [136.3811724, 34.4798195], [136.3812422, 34.4797651], [136.3812989, 34.4797123], [136.3814209, 34.4795927], [136.3815428, 34.4794901], [136.381752, 34.4793721], [136.3819536, 34.4792894], [136.3822964, 34.4791882], [136.3825515, 34.4791192], [136.3827112, 34.479099], [136.3828685, 34.4791033], [136.3832233, 34.4791488], [136.3833827, 34.4791688], [136.3835385, 34.479175], [136.38363, 34.479171], [136.3837794, 34.4791547], [136.3839167, 34.4791351], [136.3842571, 34.4790639], [136.3844171, 34.4790223], [136.3849242, 34.4789138], [136.3851295, 34.4788472], [136.3859894, 34.4785614], [136.3861836, 34.4784926], [136.38637, 34.4784206], [136.3868378, 34.4781716], [136.3874335, 34.4778609], [136.3879322, 34.4775976], [136.3881848, 34.4774543], [136.3883756, 34.4773349], [136.3886719, 34.4771312], [136.3888522, 34.4769987], [136.3891543, 34.4767566], [136.3894319, 34.4766119], [136.3898265, 34.4763878], [136.3901291, 34.4762196], [136.3902332, 34.4761568], [136.3903276, 34.4760792], [136.390463, 34.4759291], [136.3907636, 34.4756271], [136.3908648, 34.4755359], [136.3910443, 34.4753673], [136.3911974, 34.475171], [136.3912836, 34.4750449], [136.3915566, 34.4743683], [136.3916261, 34.4741845], [136.3916514, 34.4741187], [136.3916916, 34.4740479], [136.3917478, 34.4739855], [136.3918408, 34.4739178], [136.3919344, 34.4738563], [136.3921635, 34.4737326], [136.3932297, 34.4731255], [136.3933748, 34.4730211], [136.3934824, 34.4728944], [136.3935533, 34.4727974], [136.3936058, 34.4727014], [136.3936383, 34.4725534], [136.3936567, 34.4721401], [136.393675, 34.4716875], [136.3936771, 34.471428], [136.3937143, 34.4712817], [136.3937543, 34.4711842], [136.3938059, 34.471098], [136.3938972, 34.4710098], [136.3940299, 34.4709101], [136.3943303, 34.470826], [136.3951133, 34.4707305], [136.3956247, 34.4707081], [136.3959644, 34.4706882], [136.3961096, 34.4706542], [136.3962364, 34.4706067], [136.3963951, 34.4705364], [136.3965173, 34.4704426], [136.3969696, 34.4699576], [136.3971669, 34.470091], [136.3982132, 34.4707955], [136.3984518, 34.4709544], [136.398726, 34.4711172], [136.3988636, 34.4711692], [136.3991849, 34.4712258], [136.400087, 34.4713664], [136.4008446, 34.471531], [136.4011397, 34.4716267], [136.4014349, 34.4717493], [136.4028248, 34.4720815], [136.4034079, 34.4722792], [136.404127, 34.4725098], [136.4051232, 34.4728952], [136.4055785, 34.4730653], [136.4057222, 34.4731476], [136.4058067, 34.4731959], [136.4058127, 34.4731994], [136.4061407, 34.4734484], [136.4063251, 34.4735743], [136.4065155, 34.4736883], [136.4071031, 34.4739911], [136.4071837, 34.4740353], [136.4072772, 34.4740796], [136.4073947, 34.4741273], [136.4075372, 34.4741752], [136.4077573, 34.4742351], [136.4083533, 34.4743633], [136.4093999, 34.4745936], [136.4097406, 34.4746648], [136.4102428, 34.4747746], [136.4108142, 34.474867], [136.4109607, 34.4748981], [136.4111431, 34.4749424], [136.4113093, 34.4749894], [136.4114996, 34.4750567], [136.4118003, 34.4751794], [136.4120429, 34.4752822], [136.4121676, 34.475334], [136.412456, 34.475441], [136.4126716, 34.4755143], [136.4129795, 34.4756067], [136.4132381, 34.4756734], [136.4136723, 34.4757831], [136.41392, 34.4758346], [136.4140155, 34.4758545], [136.4140281, 34.4758571], [136.4147723, 34.4760464], [136.4153155, 34.4761793], [136.4155501, 34.4762223], [136.4160285, 34.4762852], [136.4162932, 34.4763586], [136.4166256, 34.4766207], [136.4166325, 34.4766262], [136.4169621, 34.476869], [136.4171152, 34.4769756], [136.4172406, 34.4770512], [136.417396, 34.4771141], [136.4175618, 34.4771671], [136.4176711, 34.4771994], [136.4178397, 34.4772196], [136.4181047, 34.4772299], [136.4185471, 34.4772464], [136.418842, 34.4772552], [136.4197615, 34.4772937], [136.4200613, 34.4773066], [136.4203698, 34.4773311], [136.4205287, 34.4773493], [136.4207378, 34.4773815], [136.4209638, 34.477426], [136.4212165, 34.4774874], [136.4213734, 34.4775502], [136.4215296, 34.4776309], [136.4216708, 34.4777145], [136.4222006, 34.4780064], [136.4226231, 34.4782395], [136.4229574, 34.4784237], [136.4231863, 34.4785244], [136.423341, 34.478582], [136.4234841, 34.4786266], [136.4236884, 34.4786852], [136.4239845, 34.4787414], [136.4242116, 34.4787694], [136.4248769, 34.4788133], [136.4251683, 34.4788306], [136.4252323, 34.4788379], [136.4253474, 34.478882], [136.4254801, 34.4789481], [136.4255938, 34.4790117], [136.4256915, 34.4790841], [136.4257811, 34.4791552], [136.4258675, 34.479227], [136.4259431, 34.4793053], [136.4260139, 34.4793906], [136.426228, 34.4797268], [136.4262813, 34.4798124], [136.4266686, 34.4804427], [136.4269655, 34.481004], [136.4271455, 34.48138], [136.4273139, 34.4817072], [136.4274653, 34.4819427], [136.4275509, 34.4820569], [136.4278701, 34.482481], [136.4279356, 34.482563], [136.4279556, 34.4825871], [136.4284876, 34.4832809], [136.428591, 34.4834], [136.428683, 34.4834987], [136.4287534, 34.4835555], [136.4288714, 34.4836445], [136.4289722, 34.483703], [136.4290976, 34.4837738], [136.4292114, 34.4838216], [136.4293551, 34.4838742], [136.4294842, 34.4839129], [136.4296454, 34.4839476], [136.4297696, 34.483967], [136.4298894, 34.483979], [136.4300162, 34.4839854], [136.4301462, 34.4839855], [136.4302581, 34.4839762], [136.4310711, 34.4838859], [136.4311732, 34.4838746], [136.4327465, 34.4836772], [136.4335488, 34.4835944], [136.4337151, 34.4835622], [136.4338855, 34.4835065], [136.4347069, 34.4831574], [136.435255, 34.4830017], [136.4357808, 34.4827878], [136.4366969, 34.4822204], [136.4369769, 34.4820596], [136.4374297, 34.4818954], [136.4380981, 34.4818498], [136.4385279, 34.4818635], [136.4391874, 34.4820061], [136.4401191, 34.4822386], [136.441109, 34.4824781], [136.442637, 34.4828955], [136.4441753, 34.4833844], [136.4460512, 34.4839964], [136.4468091, 34.4841936], [136.4476249, 34.4843208], [136.4496703, 34.4846632], [136.4501195, 34.4848802], [136.4511378, 34.4856333], [136.4513197, 34.4857705], [136.4515119, 34.4860298], [136.4517586, 34.486835], [136.4518768, 34.4872653], [136.4519133, 34.4874695], [136.4519097, 34.4877069], [136.4518622, 34.4879143], [136.4517702, 34.4881512], [136.4516143, 34.4884118], [136.4498861, 34.4909633], [136.4497723, 34.4911711], [136.449738, 34.4913244], [136.4497464, 34.4914995], [136.4498034, 34.4917128], [136.4498894, 34.4918922], [136.4503486, 34.4926483], [136.4504537, 34.492927], [136.4505037, 34.4932457], [136.4505097, 34.4934969], [136.4504605, 34.4937256], [136.4501586, 34.4949256], [136.4500932, 34.4954638], [136.4501154, 34.4957512], [136.4501531, 34.4959423], [136.4502509, 34.4963026], [136.4503479, 34.496748], [136.450407, 34.4971209], [136.4504285, 34.4974973], [136.4503635, 34.5001265], [136.4503807, 34.5005382], [136.4504352, 34.5008898], [136.4505333, 34.5011859], [136.4506765, 34.5015438], [136.4508992, 34.501909], [136.4510808, 34.5022064], [136.4516631, 34.5031104], [136.4520785, 34.5039147], [136.4522806, 34.5044831], [136.4522391, 34.5050298], [136.4523506, 34.505453], [136.4525366, 34.5058605], [136.4527747, 34.506107], [136.4534973, 34.5066134], [136.453939, 34.5070268], [136.4541226, 34.5074207], [136.4541889, 34.5078308], [136.4541791, 34.5087396], [136.4541936, 34.5099991], [136.454269, 34.5111286], [136.4542952, 34.5114558], [136.4547315, 34.5125782], [136.4553053, 34.5132682], [136.4558669, 34.513696], [136.4569687, 34.5145349], [136.4574837, 34.5146766], [136.4579613, 34.5146797], [136.4584093, 34.5146169], [136.4586999, 34.5145467], [136.458968, 34.5144427], [136.4596775, 34.5141114], [136.4601256, 34.5139025], [136.460688, 34.5136664], [136.461027, 34.5136415], [136.4611899, 34.5136848], [136.4616366, 34.5138721], [136.4622026, 34.5141994], [136.4653002, 34.5163579], [136.466512, 34.5171839], [136.4667034, 34.5172873], [136.4672878, 34.5175797], [136.4678165, 34.5177902], [136.4683842, 34.5179763], [136.4689853, 34.5181118], [136.4696162, 34.5182388], [136.4706363, 34.5184417], [136.4710303, 34.5185374], [136.471335, 34.5186124], [136.4717513, 34.5187686], [136.4722632, 34.5190327], [136.4724806, 34.5191682], [136.4728811, 34.5194668], [136.4729322, 34.5195157], [136.4745151, 34.5209203], [136.4747279, 34.5210914], [136.4751339, 34.521454], [136.4756385, 34.5218968], [136.4760498, 34.5222822], [136.4763047, 34.5226406], [136.4764177, 34.5228657], [136.4765123, 34.5231505], [136.4765412, 34.5233518], [136.4765239, 34.5249525], [136.476406, 34.5285616], [136.4764077, 34.5290782], [136.4764602, 34.5295178], [136.4765587, 34.5299398], [136.476823, 34.5306972], [136.4769757, 34.53108], [136.4771218, 34.5313694], [136.4773008, 34.531625], [136.4774354, 34.5317603], [136.4776603, 34.5319307], [136.479261, 34.5329423], [136.4810948, 34.5340838], [136.4814215, 34.5342529], [136.4817269, 34.5343665], [136.4827858, 34.5346532], [136.4831601, 34.5347803], [136.4835246, 34.5349507], [136.483848, 34.5351536], [136.4842946, 34.5355309], [136.4848363, 34.5360516], [136.4854504, 34.5368238], [136.4861826, 34.5378624], [136.4869049, 34.5386265], [136.4875206, 34.5392865], [136.4876163, 34.5395416], [136.4876607, 34.5396817], [136.4878093, 34.5401173], [136.4880777, 34.5412385], [136.4882899, 34.5420216], [136.4883962, 34.5424827], [136.4884077, 34.5428654], [136.4883338, 34.5437295], [136.4883601, 34.5440311], [136.4884471, 34.5442325], [136.4885259, 34.544338], [136.4886121, 34.5444349], [136.4887385, 34.5445295], [136.4893382, 34.5447979], [136.4940232, 34.5467932], [136.4954123, 34.5473741], [136.4956783, 34.5474853], [136.4976273, 34.5482474], [136.4983172, 34.5485601], [136.4984097, 34.54858], [136.4984595, 34.5486], [136.5007006, 34.5495242], [136.5014903, 34.5498554], [136.5019405, 34.5500317], [136.5031265, 34.550587], [136.5033173, 34.5506665], [136.5038925, 34.5508956], [136.5042342, 34.551106], [136.5043277, 34.551172], [136.5047791, 34.5514906], [136.5051672, 34.5518047], [136.5052879, 34.5519218], [136.506037, 34.5526194], [136.5067915, 34.5532977], [136.507431, 34.5539083], [136.5084195, 34.5548075], [136.5089092, 34.5552738], [136.509307, 34.5556119], [136.5094302, 34.5557042], [136.5099217, 34.5560644], [136.5100534, 34.5561523], [136.510924, 34.5567218], [136.5110687, 34.5567835], [136.5112204, 34.5568649], [136.5125349, 34.5575635], [136.5136674, 34.5581681], [136.513863, 34.5582916], [136.5143182, 34.5585594], [136.5150053, 34.5589064], [136.5154335, 34.5591264], [136.5158177, 34.559326], [136.5162707, 34.5595709], [136.5164278, 34.5596676], [136.5167388, 34.5598589], [136.5172039, 34.5601626], [136.5176082, 34.5604266], [136.5188467, 34.5612216], [136.5192697, 34.5615016], [136.5194678, 34.5616327], [136.5198769, 34.5619455], [136.5200081, 34.5620458], [136.5203771, 34.5623435], [136.5206186, 34.5625445], [136.5211557, 34.5629917], [136.521342, 34.563124], [136.5214005, 34.5631656], [136.521578, 34.5632176], [136.5217582, 34.5632542], [136.5220769, 34.5632752], [136.5228056, 34.5632613], [136.5232111, 34.563249], [136.5237889, 34.5632312], [136.524284, 34.5632135], [136.5248146, 34.5632136], [136.5257765, 34.5631862], [136.5262448, 34.5631733], [136.5267099, 34.5631605], [136.5267549, 34.5631593], [136.5271809, 34.5631476], [136.5274869, 34.5631656], [136.5280943, 34.5633181]], [[136.0354107, 34.4843487], [136.0357143, 34.484545], [136.0362293, 34.4845274], [136.0368366, 34.4845216], [136.0372162, 34.4846809], [136.037431, 34.4848634], [136.0376026, 34.4847396], [136.0375597, 34.4842444], [136.0377528, 34.4840321], [136.0382463, 34.483643], [136.0388472, 34.4831831], [136.0389753, 34.4830398], [136.0391034, 34.4829915], [136.0392233, 34.4829821], [136.0394771, 34.4829983], [136.0397461, 34.4830169], [136.0399655, 34.4829751], [136.0402852, 34.4828993], [136.040536, 34.4828319], [136.0407637, 34.4827438], [136.0413016, 34.4826129], [136.0414577, 34.4825861], [136.0416537, 34.4825738], [136.0418461, 34.482609], [136.0421452, 34.4826711], [136.0423589, 34.482727], [136.0428988, 34.4829307], [136.0431911, 34.4829848], [136.0433986, 34.4830004], [136.0437833, 34.4830617], [136.044023, 34.4830946], [136.0443027, 34.4831183], [136.0445238, 34.4831429], [136.0447022, 34.4831666], [136.0449633, 34.4830846], [136.0451184, 34.4830318], [136.0452476, 34.4830249], [136.0454956, 34.4830892], [136.0459769, 34.4831298], [136.046172, 34.4831436], [136.0463402, 34.483188], [136.0464489, 34.4832225], [136.046697, 34.483234], [136.0471058, 34.4831957], [136.0473362, 34.4831674], [136.047641, 34.4830954], [136.0478333, 34.4830578], [136.0479448, 34.4830655], [136.0480331, 34.4830862], [136.0480804, 34.4831206], [136.0481353, 34.4831743], [136.0481791, 34.4832411], [136.0483224, 34.4835184], [136.0485339, 34.4837675], [136.0487507, 34.4842137], [136.048982, 34.4847033], [136.049141, 34.4849914], [136.0491804, 34.485378], [136.049229, 34.4858069], [136.0491962, 34.4860214], [136.0491909, 34.4861481], [136.0492106, 34.4862521], [136.0493679, 34.4866258], [136.0494226, 34.4867681], [136.0494442, 34.4868615], [136.0494515, 34.486944]]]}, "id": "relation/8346167"}]}