{
  "type": "FeatureCollection",
  "generator": "overpass-turbo",
  "copyright": "The data included in this document is from www.openstreetmap.org. The data is made available under ODbL.",
  "timestamp": "2026-09-30T00:24:20Z",
  "features": [
    {
      "type": "Feature",
      "properties": {
        "@id": "relation/33017",
        "colour": "red",
        "distance": "81.1",
        "from": "北海道山越郡長万部町",
        "name": "国道37号",
        "name:en": "National Highway Route 37",
        "name:ja": "国道37号",
        "name:ja-Hira": "こくどうさんじゅうななごう",
        "name:ja-Latn": "Kokudou 37 Gou",
        "network": "JP:national",
        "operator": "北海道開発局",
        "ref": "37",
        "route": "road",
        "to": "北海道室蘭市",
        "type": "route",
        "wikidata": "Q6157365",
        "wikipedia": "ja:国道37号"
      },
      "geometry": {
        "type": "MultiLineString",
        "coordinates": [
          [
            [
              141.0291125,
              42.3404634
            ],
            [
              141.0289382,
              42.3405555
            ],
            [
              141.0288115,
              42.3406376
            ],
            [
              141.0287861,
              42.3406569
            ],
            [
              141.0286505,
              42.3407596
            ],
            [
              141.028411,
              42.3409733
            ],
            [
              141.0280105,
              42.3413552
            ],
            [
              141.0276981,
              42.3416517
            ],
            [
              141.0272477,
              42.3420849
            ],
            [
              141.0272033,
              42.3421296
            ],
            [
              141.0271087,
              42.3422249
            ],
            [
              141.0270519,
              42.3422821
            ],
            [
              141.0268608,
              42.3424855
            ],
            [
              141.0267411,
              42.3426454
            ],
            [
              141.0266796,
              42.3427079
            ],
            [
              141.0264425,
              42.3429972
            ],
            [
              141.0264302,
              42.3430122
            ],
            [
              141.0263717,
              42.3431465
            ],
            [
              141.0262879,
              42.3432368
            ],
            [
              141.0261191,
              42.3434012
            ],
            [
              141.0259365,
              42.3435758
            ],
            [
              141.0255588,
              42.343937
            ],
            [
              141.0254863,
              42.3440062
            ],
            [
              141.025422,
              42.3440658
            ],
            [
              141.0252582,
              42.3442175
            ],
            [
              141.0246715,
              42.3447827
            ],
            [
              141.0245851,
              42.3448708
            ],
            [
              141.0245134,
              42.3449391
            ],
            [
              141.0244982,
              42.3449535
            ],
            [
              141.0244388,
              42.3450097
            ],
            [
              141.0232013,
              42.3461817
            ],
            [
              141.0231042,
              42.3462729
            ],
            [
              141.0229903,
              42.3463811
            ],
            [
              141.0226505,
              42.3467006
            ],
            [
              141.0219673,
              42.3473511
            ],
            [
              141.0214627,
              42.3478488
            ],
            [
              141.0213037,
              42.3479987
            ],
            [
              141.0211008,
              42.3481594
            ],
            [
              141.0210304,
              42.3482164
            ],
            [
              141.0209689,
              42.3482599
            ],
            [
              141.0208932,
              42.3483083
            ],
            [
              141.0208267,
              42.3483498
            ],
            [
              141.0205829,
              42.3484823
            ],
            [
              141.0203384,
              42.348596
            ],
            [
              141.0200259,
              42.348722
            ],
            [
              141.0197929,
              42.3487948
            ],
            [
              141.0194941,
              42.3488721
            ],
            [
              141.0191288,
              42.3489317
            ],
            [
              141.0190026,
              42.348948
            ],
            [
              141.0184874,
              42.3489965
            ],
            [
              141.0182108,
              42.3490227
            ],
            [
              141.0179052,
              42.3490487
            ],
            [
              141.0172433,
              42.3491124
            ],
            [
              141.0169627,
              42.3491382
            ],
            [
              141.0165691,
              42.3491767
            ],
            [
              141.0161198,
              42.3492181
            ],
            [
              141.0158936,
              42.3492404
            ],
            [
              141.0157918,
              42.3492505
            ],
            [
              141.0156303,
              42.3492661
            ],
            [
              141.0144537,
              42.3493797
            ],
            [
              141.0137721,
              42.349445
            ],
            [
              141.0133552,
              42.3494865
            ],
            [
              141.0132688,
              42.3494925
            ],
            [
              141.0130668,
              42.3495106
            ],
            [
              141.0128949,
              42.3495311
            ],
            [
              141.012594,
              42.3495613
            ],
            [
              141.0124248,
              42.349579
            ],
            [
              141.0116044,
              42.3496571
            ],
            [
              141.0110191,
              42.3497135
            ],
            [
              141.010428,
              42.3497806
            ],
            [
              141.0101929,
              42.3498024
            ],
            [
              141.009978,
              42.3498362
            ],
            [
              141.0096749,
              42.3498978
            ],
            [
              141.0095333,
              42.3499225
            ],
            [
              141.0093272,
              42.3499925
            ],
            [
              141.0091908,
              42.3500469
            ],
            [
              141.0090544,
              42.3501058
            ],
            [
              141.0088965,
              42.3501863
            ],
            [
              141.0086987,
              42.3502945
            ],
            [
              141.0082599,
              42.3505465
            ],
            [
              141.0080866,
              42.3506515
            ],
            [
              141.0075434,
              42.3509538
            ],
            [
              141.0069975,
              42.35125
            ],
            [
              141.006449,
              42.3515541
            ],
            [
              141.0061265,
              42.3517212
            ],
            [
              141.0058522,
              42.3518582
            ],
            [
              141.0055816,
              42.3519924
            ],
            [
              141.0053259,
              42.3521102
            ],
            [
              141.0050219,
              42.3522334
            ],
            [
              141.004692,
              42.3523649
            ],
            [
              141.0045708,
              42.3524162
            ],
            [
              141.0039952,
              42.3526087
            ],
            [
              141.0033243,
              42.352795
            ],
            [
              141.0027535,
              42.3529292
            ],
            [
              141.0021537,
              42.3530602
            ],
            [
              141.0018362,
              42.3531287
            ],
            [
              141.0015859,
              42.3531839
            ],
            [
              141.0009303,
              42.3532875
            ],
            [
              141.0004851,
              42.3533455
            ],
            [
              141.0000316,
              42.3533555
            ],
            [
              140.9999847,
              42.3533565
            ],
            [
              140.9985836,
              42.3532771
            ],
            [
              140.9979238,
              42.3532387
            ],
            [
              140.9973493,
              42.353236
            ],
            [
              140.9970417,
              42.3532497
            ],
            [
              140.9967414,
              42.3532743
            ],
            [
              140.9963411,
              42.3533127
            ],
            [
              140.9959408,
              42.353362
            ],
            [
              140.9956072,
              42.3534277
            ],
            [
              140.99524,
              42.3535123
            ],
            [
              140.9950549,
              42.3535592
            ],
            [
              140.9942988,
              42.3537783
            ],
            [
              140.9939504,
              42.3538797
            ],
            [
              140.9935575,
              42.3539865
            ],
            [
              140.9933722,
              42.3540331
            ],
            [
              140.9930237,
              42.3541125
            ],
            [
              140.99249,
              42.3542276
            ],
            [
              140.9910778,
              42.3545015
            ],
            [
              140.9896793,
              42.3547781
            ],
            [
              140.9893653,
              42.3548411
            ],
            [
              140.9890725,
              42.3549178
            ],
            [
              140.9886574,
              42.355052
            ],
            [
              140.9883563,
              42.3551711
            ],
            [
              140.9881485,
              42.3552764
            ],
            [
              140.9880621,
              42.3553213
            ],
            [
              140.9879734,
              42.3553886
            ],
            [
              140.9878703,
              42.3554726
            ],
            [
              140.9877858,
              42.355562
            ],
            [
              140.9876971,
              42.3556871
            ],
            [
              140.9876488,
              42.3557903
            ],
            [
              140.9876139,
              42.3559371
            ],
            [
              140.9876165,
              42.3561853
            ],
            [
              140.9877159,
              42.3565902
            ],
            [
              140.9878881,
              42.3571341
            ],
            [
              140.9879264,
              42.35726
            ],
            [
              140.9880046,
              42.3576258
            ],
            [
              140.9880473,
              42.357836
            ],
            [
              140.9880458,
              42.3579924
            ],
            [
              140.9880309,
              42.3580978
            ],
            [
              140.9880149,
              42.3581769
            ],
            [
              140.9880016,
              42.3582497
            ],
            [
              140.9879688,
              42.3583508
            ],
            [
              140.987893,
              42.3584598
            ],
            [
              140.987838,
              42.3585368
            ],
            [
              140.9877562,
              42.3586308
            ],
            [
              140.9876154,
              42.3587597
            ],
            [
              140.9874516,
              42.3588688
            ],
            [
              140.987259,
              42.3589821
            ],
            [
              140.9870848,
              42.3590542
            ],
            [
              140.9869367,
              42.3591071
            ],
            [
              140.9867618,
              42.3591621
            ],
            [
              140.9864048,
              42.3592651
            ],
            [
              140.9854695,
              42.3595327
            ],
            [
              140.984621,
              42.3597648
            ],
            [
              140.9839851,
              42.3599515
            ],
            [
              140.9830965,
              42.3601978
            ],
            [
              140.9829118,
              42.3602467
            ],
            [
              140.9827934,
              42.3602773
            ],
            [
              140.982632,
              42.3602971
            ],
            [
              140.9823391,
              42.3603301
            ],
            [
              140.9820373,
              42.3603384
            ],
            [
              140.9818604,
              42.3603377
            ],
            [
              140.9816704,
              42.3603278
            ],
            [
              140.9814999,
              42.3603065
            ],
            [
              140.9813618,
              42.3602815
            ],
            [
              140.9805729,
              42.3601052
            ],
            [
              140.9798775,
              42.3599403
            ],
            [
              140.9787902,
              42.3597005
            ],
            [
              140.9778739,
              42.3595
            ],
            [
              140.9770064,
              42.3592744
            ],
            [
              140.9764607,
              42.3591338
            ],
            [
              140.9762107,
              42.3590701
            ],
            [
              140.9759358,
              42.3590144
            ],
            [
              140.9757605,
              42.3589907
            ],
            [
              140.9754753,
              42.3589544
            ],
            [
              140.9747281,
              42.3589364
            ],
            [
              140.9740966,
              42.3589642
            ],
            [
              140.9733441,
              42.3590275
            ],
            [
              140.9730853,
              42.3590531
            ],
            [
              140.9727915,
              42.3590949
            ],
            [
              140.971783,
              42.3592297
            ],
            [
              140.9711128,
              42.3593248
            ],
            [
              140.9707869,
              42.3593902
            ],
            [
              140.9705723,
              42.3594428
            ],
            [
              140.9702612,
              42.3595592
            ],
            [
              140.9700272,
              42.3596836
            ],
            [
              140.9699319,
              42.3597416
            ],
            [
              140.9697221,
              42.3599031
            ],
            [
              140.9694894,
              42.360136
            ],
            [
              140.969311,
              42.360403
            ],
            [
              140.9691735,
              42.3606349
            ],
            [
              140.9690361,
              42.3608529
            ],
            [
              140.968847,
              42.3610595
            ],
            [
              140.9687189,
              42.3611646
            ],
            [
              140.968619,
              42.361229
            ],
            [
              140.9684822,
              42.3613068
            ],
            [
              140.9683092,
              42.3613811
            ],
            [
              140.9681892,
              42.3614252
            ],
            [
              140.968041,
              42.3614673
            ],
            [
              140.9677701,
              42.3615382
            ],
            [
              140.9673785,
              42.3616422
            ],
            [
              140.9666456,
              42.3618439
            ],
            [
              140.9663217,
              42.3619301
            ],
            [
              140.9652768,
              42.3622286
            ],
            [
              140.9649181,
              42.3623288
            ],
            [
              140.9647988,
              42.3623616
            ],
            [
              140.9646923,
              42.3623911
            ],
            [
              140.9645787,
              42.362419
            ],
            [
              140.9643677,
              42.3624637
            ],
            [
              140.9640534,
              42.3625286
            ],
            [
              140.9638208,
              42.362565
            ],
            [
              140.963613,
              42.3625908
            ],
            [
              140.9633555,
              42.3626067
            ],
            [
              140.9631463,
              42.3626146
            ],
            [
              140.9628995,
              42.3626027
            ],
            [
              140.9626581,
              42.3625829
            ],
            [
              140.962479,
              42.3625582
            ],
            [
              140.9623065,
              42.3625377
            ],
            [
              140.9619167,
              42.3624649
            ],
            [
              140.9614962,
              42.3623533
            ],
            [
              140.9611603,
              42.3622326
            ],
            [
              140.9606859,
              42.3620608
            ],
            [
              140.960558,
              42.3620186
            ],
            [
              140.9597985,
              42.3617102
            ],
            [
              140.9592901,
              42.3615326
            ],
            [
              140.9589266,
              42.3614404
            ],
            [
              140.9584167,
              42.3613641
            ],
            [
              140.9572163,
              42.3612668
            ],
            [
              140.9565727,
              42.3612526
            ],
            [
              140.9556052,
              42.3612856
            ],
            [
              140.9551893,
              42.3613175
            ],
            [
              140.9546901,
              42.3613812
            ],
            [
              140.9543512,
              42.3614449
            ],
            [
              140.9541171,
              42.3615041
            ],
            [
              140.9536641,
              42.3616464
            ],
            [
              140.9530681,
              42.3618471
            ],
            [
              140.9525012,
              42.3620479
            ],
            [
              140.9523244,
              42.3621104
            ],
            [
              140.952118,
              42.3622
            ],
            [
              140.9520005,
              42.3622455
            ],
            [
              140.9518651,
              42.3623057
            ],
            [
              140.9517975,
              42.3623487
            ],
            [
              140.951628,
              42.3624566
            ],
            [
              140.9515186,
              42.3625262
            ],
            [
              140.9513635,
              42.3626444
            ],
            [
              140.9512231,
              42.362783
            ],
            [
              140.9511161,
              42.3628961
            ],
            [
              140.9509768,
              42.363076
            ],
            [
              140.9508256,
              42.3633153
            ],
            [
              140.9507471,
              42.363477
            ],
            [
              140.9506293,
              42.3638426
            ],
            [
              140.950592,
              42.3641406
            ],
            [
              140.9505979,
              42.3644851
            ],
            [
              140.9506744,
              42.3649681
            ],
            [
              140.950738,
              42.3653664
            ],
            [
              140.950746,
              42.3655795
            ],
            [
              140.9507353,
              42.3658338
            ],
            [
              140.9506567,
              42.3661576
            ],
            [
              140.9505761,
              42.3663705
            ],
            [
              140.9504358,
              42.3666232
            ],
            [
              140.9502679,
              42.3668474
            ],
            [
              140.9501307,
              42.3670004
            ],
            [
              140.9499691,
              42.3671524
            ],
            [
              140.9497494,
              42.3673153
            ],
            [
              140.9495285,
              42.3674825
            ],
            [
              140.9493263,
              42.3676208
            ],
            [
              140.9492373,
              42.3676817
            ],
            [
              140.94892,
              42.3679196
            ],
            [
              140.9486904,
              42.3680653
            ],
            [
              140.9483022,
              42.3682531
            ],
            [
              140.947914,
              42.3683942
            ],
            [
              140.9474996,
              42.3684989
            ],
            [
              140.9468834,
              42.3685877
            ],
            [
              140.9462895,
              42.3685932
            ],
            [
              140.944851,
              42.3686188
            ],
            [
              140.9443089,
              42.3686607
            ],
            [
              140.9440067,
              42.3687194
            ],
            [
              140.9438134,
              42.3687809
            ],
            [
              140.9434911,
              42.3689098
            ],
            [
              140.9433294,
              42.3690282
            ],
            [
              140.9431965,
              42.3691692
            ],
            [
              140.9431195,
              42.3693193
            ],
            [
              140.9430704,
              42.3696143
            ],
            [
              140.9430798,
              42.3697402
            ],
            [
              140.9431101,
              42.3698507
            ],
            [
              140.9431358,
              42.3699024
            ],
            [
              140.9431592,
              42.3699438
            ],
            [
              140.9432806,
              42.3701267
            ],
            [
              140.9438503,
              42.3708046
            ],
            [
              140.944044,
              42.3710293
            ],
            [
              140.9442065,
              42.3712313
            ],
            [
              140.9442874,
              42.3713782
            ],
            [
              140.9443175,
              42.371455
            ],
            [
              140.9443437,
              42.3715392
            ],
            [
              140.9443567,
              42.37162
            ],
            [
              140.944364,
              42.3717707
            ],
            [
              140.9443127,
              42.3719397
            ],
            [
              140.9442496,
              42.3720432
            ],
            [
              140.9441772,
              42.3721433
            ],
            [
              140.9440768,
              42.3722503
            ],
            [
              140.9438363,
              42.3724038
            ],
            [
              140.9434977,
              42.3725314
            ],
            [
              140.9432946,
              42.3725677
            ],
            [
              140.9431802,
              42.37257
            ],
            [
              140.9430961,
              42.3725694
            ],
            [
              140.942935,
              42.3725573
            ],
            [
              140.9427879,
              42.3725332
            ],
            [
              140.9425918,
              42.3724711
            ],
            [
              140.9423676,
              42.3723658
            ],
            [
              140.9414243,
              42.3719035
            ],
            [
              140.9403735,
              42.3713912
            ],
            [
              140.9393834,
              42.3708976
            ],
            [
              140.9390817,
              42.3707536
            ],
            [
              140.9389177,
              42.3706753
            ],
            [
              140.9382427,
              42.3704213
            ],
            [
              140.9378642,
              42.3703146
            ],
            [
              140.937484,
              42.3702153
            ],
            [
              140.9368436,
              42.3700599
            ],
            [
              140.9362117,
              42.3698982
            ],
            [
              140.9349572,
              42.3695839
            ],
            [
              140.9338542,
              42.3693072
            ],
            [
              140.933504,
              42.3692331
            ],
            [
              140.933128,
              42.3691899
            ],
            [
              140.9328128,
              42.3691761
            ],
            [
              140.9325092,
              42.3691882
            ],
            [
              140.9321893,
              42.3692296
            ],
            [
              140.9318619,
              42.369295
            ],
            [
              140.9315075,
              42.3693952
            ],
            [
              140.9312133,
              42.3695314
            ],
            [
              140.9309928,
              42.3696337
            ],
            [
              140.9309378,
              42.3696592
            ],
            [
              140.9307417,
              42.3697955
            ],
            [
              140.9305128,
              42.3699835
            ],
            [
              140.9304302,
              42.3700614
            ],
            [
              140.9303354,
              42.3701508
            ],
            [
              140.9301536,
              42.3703417
            ],
            [
              140.9300655,
              42.3704649
            ],
            [
              140.9299629,
              42.3705996
            ],
            [
              140.9296884,
              42.3713154
            ],
            [
              140.9294545,
              42.3719317
            ],
            [
              140.9292194,
              42.3726349
            ],
            [
              140.9291193,
              42.3729575
            ],
            [
              140.928834,
              42.3738752
            ],
            [
              140.9287265,
              42.3741909
            ],
            [
              140.9287029,
              42.374259
            ],
            [
              140.9284554,
              42.374929
            ],
            [
              140.928429,
              42.3750311
            ],
            [
              140.9283983,
              42.3751555
            ],
            [
              140.9283574,
              42.3754225
            ],
            [
              140.9283794,
              42.3756554
            ],
            [
              140.9284236,
              42.3759794
            ],
            [
              140.9284945,
              42.3761922
            ],
            [
              140.9286043,
              42.3764072
            ],
            [
              140.9287008,
              42.376623
            ],
            [
              140.9288411,
              42.3767725
            ],
            [
              140.9289915,
              42.3769553
            ],
            [
              140.9291039,
              42.3770647
            ],
            [
              140.9292383,
              42.3771765
            ],
            [
              140.9294272,
              42.3773577
            ],
            [
              140.9296782,
              42.3774907
            ],
            [
              140.9303392,
              42.3779052
            ],
            [
              140.9315545,
              42.3785968
            ],
            [
              140.9321398,
              42.3789226
            ],
            [
              140.9322717,
              42.3790087
            ],
            [
              140.932439,
              42.3791645
            ],
            [
              140.9326141,
              42.3793594
            ],
            [
              140.9327225,
              42.379546
            ],
            [
              140.9328036,
              42.3797143
            ],
            [
              140.9328556,
              42.3798609
            ],
            [
              140.9328873,
              42.380116
            ],
            [
              140.9328801,
              42.3802203
            ],
            [
              140.9328516,
              42.3804246
            ],
            [
              140.9327292,
              42.3807581
            ],
            [
              140.9327219,
              42.3808031
            ],
            [
              140.9325359,
              42.3810448
            ],
            [
              140.932437,
              42.381148
            ],
            [
              140.9322836,
              42.3812656
            ],
            [
              140.9320895,
              42.3813918
            ],
            [
              140.9319323,
              42.3814606
            ],
            [
              140.9317673,
              42.3815351
            ],
            [
              140.9313947,
              42.3816627
            ],
            [
              140.9310162,
              42.381776
            ],
            [
              140.9306202,
              42.3818577
            ],
            [
              140.9302476,
              42.3819208
            ],
            [
              140.9295288,
              42.3819634
            ],
            [
              140.9287977,
              42.3819305
            ],
            [
              140.9282831,
              42.3818404
            ],
            [
              140.9277869,
              42.3817255
            ],
            [
              140.9271301,
              42.3815161
            ],
            [
              140.9264341,
              42.3812853
            ],
            [
              140.9249918,
              42.3808131
            ],
            [
              140.9242797,
              42.3805803
            ],
            [
              140.9239242,
              42.3804687
            ],
            [
              140.9235612,
              42.3803783
            ],
            [
              140.9232174,
              42.3803161
            ],
            [
              140.92288,
              42.380265
            ],
            [
              140.9221657,
              42.3802281
            ],
            [
              140.9214387,
              42.3802753
            ],
            [
              140.9213545,
              42.3802897
            ],
            [
              140.9207277,
              42.3803973
            ],
            [
              140.9200333,
              42.3806063
            ],
            [
              140.9193663,
              42.3808791
            ],
            [
              140.9185073,
              42.3812125
            ],
            [
              140.9176992,
              42.3815493
            ],
            [
              140.9162648,
              42.3821286
            ],
            [
              140.9159553,
              42.3822558
            ],
            [
              140.9154133,
              42.3824725
            ],
            [
              140.9136518,
              42.383164
            ],
            [
              140.9125954,
              42.3835802
            ],
            [
              140.9123952,
              42.3836486
            ],
            [
              140.912288,
              42.383687
            ],
            [
              140.9121244,
              42.3837455
            ],
            [
              140.9119504,
              42.3838236
            ],
            [
              140.9113233,
              42.384105
            ],
            [
              140.9112304,
              42.3841532
            ],
            [
              140.9109899,
              42.3842779
            ],
            [
              140.9108162,
              42.3843809
            ],
            [
              140.9106559,
              42.3844996
            ],
            [
              140.9104199,
              42.384697
            ],
            [
              140.9102573,
              42.3848533
            ],
            [
              140.9101806,
              42.3849495
            ],
            [
              140.9101351,
              42.3850065
            ],
            [
              140.9098593,
              42.3853538
            ],
            [
              140.9096394,
              42.3856622
            ],
            [
              140.9094094,
              42.3859724
            ],
            [
              140.9093463,
              42.3860575
            ],
            [
              140.9090689,
              42.3864318
            ],
            [
              140.9089437,
              42.3866007
            ],
            [
              140.9088639,
              42.3867108
            ],
            [
              140.9085579,
              42.3871159
            ],
            [
              140.9082997,
              42.3874714
            ],
            [
              140.9078928,
              42.3881075
            ],
            [
              140.9077012,
              42.3885521
            ],
            [
              140.9075088,
              42.3892008
            ],
            [
              140.9074555,
              42.3895654
            ],
            [
              140.9074187,
              42.3899144
            ],
            [
              140.9074819,
              42.3914731
            ],
            [
              140.9074926,
              42.392012
            ],
            [
              140.9075007,
              42.3921744
            ],
            [
              140.9075255,
              42.3929778
            ],
            [
              140.9075768,
              42.3937513
            ],
            [
              140.9075786,
              42.3938392
            ],
            [
              140.9075819,
              42.3939937
            ],
            [
              140.9076073,
              42.394765
            ],
            [
              140.9076301,
              42.3957062
            ],
            [
              140.9076416,
              42.3962368
            ],
            [
              140.9076504,
              42.3965036
            ],
            [
              140.9076546,
              42.396633
            ],
            [
              140.9076615,
              42.3968167
            ],
            [
              140.9077177,
              42.397964
            ],
            [
              140.907791,
              42.3998984
            ],
            [
              140.9078078,
              42.4003411
            ],
            [
              140.9079129,
              42.4031061
            ],
            [
              140.9079154,
              42.4031721
            ],
            [
              140.9079436,
              42.4038742
            ],
            [
              140.9079834,
              42.4045532
            ],
            [
              140.908042,
              42.4052742
            ],
            [
              140.9081922,
              42.4064715
            ],
            [
              140.9083516,
              42.4076751
            ],
            [
              140.9086735,
              42.4100963
            ],
            [
              140.9089877,
              42.412339
            ],
            [
              140.909002,
              42.4124388
            ],
            [
              140.9090272,
              42.4127936
            ],
            [
              140.909011,
              42.4131576
            ],
            [
              140.9088456,
              42.414205
            ],
            [
              140.9084888,
              42.4163437
            ],
            [
              140.9082963,
              42.41753
            ],
            [
              140.908028,
              42.4191717
            ],
            [
              140.9080135,
              42.4192927
            ],
            [
              140.9077659,
              42.4208551
            ],
            [
              140.907747,
              42.4209743
            ],
            [
              140.9074256,
              42.4229631
            ],
            [
              140.9072187,
              42.4239065
            ],
            [
              140.9071749,
              42.4240324
            ],
            [
              140.9071525,
              42.4240968
            ],
            [
              140.9071005,
              42.4242309
            ],
            [
              140.9069615,
              42.4245549
            ],
            [
              140.9066601,
              42.4251106
            ],
            [
              140.9060213,
              42.4261644
            ],
            [
              140.9050085,
              42.427842
            ],
            [
              140.9049575,
              42.4279254
            ],
            [
              140.9048886,
              42.4280348
            ],
            [
              140.9045191,
              42.4286209
            ],
            [
              140.9043611,
              42.4288861
            ],
            [
              140.9041804,
              42.4291779
            ],
            [
              140.9035268,
              42.4302558
            ],
            [
              140.9021726,
              42.4324735
            ],
            [
              140.9020979,
              42.4325958
            ],
            [
              140.9014742,
              42.4336223
            ],
            [
              140.9007239,
              42.4348413
            ],
            [
              140.9006612,
              42.4349435
            ],
            [
              140.90012,
              42.4358242
            ],
            [
              140.8996113,
              42.4367068
            ],
            [
              140.899443,
              42.4370658
            ],
            [
              140.8993246,
              42.4373741
            ],
            [
              140.8993083,
              42.4374167
            ],
            [
              140.8991407,
              42.4379036
            ],
            [
              140.8990154,
              42.438413
            ],
            [
              140.898965,
              42.4386321
            ],
            [
              140.8989141,
              42.4389599
            ],
            [
              140.8988771,
              42.4392234
            ],
            [
              140.8988029,
              42.4402794
            ],
            [
              140.8987759,
              42.4406086
            ],
            [
              140.8987186,
              42.4412689
            ],
            [
              140.8986916,
              42.4417269
            ],
            [
              140.8986334,
              42.4424975
            ],
            [
              140.8985023,
              42.4440791
            ],
            [
              140.8984073,
              42.4453781
            ],
            [
              140.8983948,
              42.445595
            ],
            [
              140.8983646,
              42.4459648
            ],
            [
              140.8982993,
              42.4467624
            ],
            [
              140.8982658,
              42.447245
            ],
            [
              140.8982086,
              42.4480653
            ],
            [
              140.8981616,
              42.4486037
            ],
            [
              140.8980625,
              42.4497392
            ],
            [
              140.897985,
              42.4500522
            ],
            [
              140.8979098,
              42.4502612
            ],
            [
              140.8977474,
              42.4506067
            ],
            [
              140.8974962,
              42.4510244
            ],
            [
              140.8973209,
              42.4512533
            ],
            [
              140.8971949,
              42.4514067
            ],
            [
              140.8967498,
              42.4518465
            ],
            [
              140.8966145,
              42.4519409
            ],
            [
              140.8960855,
              42.4523186
            ],
            [
              140.8955544,
              42.4526221
            ],
            [
              140.8954392,
              42.4526879
            ],
            [
              140.8953106,
              42.4527644
            ],
            [
              140.8939056,
              42.4535996
            ],
            [
              140.8929216,
              42.4541845
            ],
            [
              140.8917536,
              42.4549
            ],
            [
              140.8908816,
              42.455494
            ],
            [
              140.8891126,
              42.4567739
            ],
            [
              140.8888812,
              42.4569474
            ],
            [
              140.8875505,
              42.4579061
            ],
            [
              140.8873985,
              42.4580181
            ],
            [
              140.8862939,
              42.4588228
            ],
            [
              140.8859684,
              42.4591002
            ],
            [
              140.8855682,
              42.4594415
            ],
            [
              140.8852548,
              42.4597379
            ],
            [
              140.8851768,
              42.4598159
            ],
            [
              140.8849179,
              42.4600713
            ],
            [
              140.8843793,
              42.4606346
            ],
            [
              140.8837796,
              42.461367
            ],
            [
              140.8837207,
              42.4614463
            ],
            [
              140.8836679,
              42.4615175
            ],
            [
              140.8834644,
              42.4617918
            ],
            [
              140.8833988,
              42.4618873
            ],
            [
              140.8833189,
              42.461997
            ],
            [
              140.8819677,
              42.4638494
            ],
            [
              140.8817199,
              42.4641545
            ],
            [
              140.8816545,
              42.4642543
            ],
            [
              140.8812398,
              42.4648427
            ],
            [
              140.8807745,
              42.4654823
            ],
            [
              140.8794593,
              42.4672866
            ],
            [
              140.8793526,
              42.4674353
            ],
            [
              140.879124,
              42.4677466
            ],
            [
              140.878896,
              42.4679946
            ],
            [
              140.878792,
              42.4680887
            ],
            [
              140.8785292,
              42.4682724
            ],
            [
              140.8784008,
              42.4683621
            ],
            [
              140.878092,
              42.4685448
            ],
            [
              140.8778845,
              42.4686546
            ],
            [
              140.8776809,
              42.4687401
            ],
            [
              140.8774963,
              42.468828
            ],
            [
              140.8773499,
              42.4688978
            ],
            [
              140.8772054,
              42.4689666
            ],
            [
              140.8768319,
              42.4691443
            ],
            [
              140.8766502,
              42.4692301
            ],
            [
              140.8765171,
              42.469293
            ],
            [
              140.8761855,
              42.4694513
            ],
            [
              140.8759272,
              42.4695659
            ],
            [
              140.8754699,
              42.4697879
            ],
            [
              140.8752111,
              42.4699136
            ],
            [
              140.8746081,
              42.4702063
            ],
            [
              140.8745203,
              42.4702496
            ],
            [
              140.8744422,
              42.470288
            ],
            [
              140.8742384,
              42.4703861
            ],
            [
              140.8740863,
              42.4704592
            ],
            [
              140.8725155,
              42.4712136
            ],
            [
              140.8723834,
              42.4712727
            ],
            [
              140.8712669,
              42.4718151
            ],
            [
              140.8711508,
              42.4718715
            ],
            [
              140.8710262,
              42.4719314
            ],
            [
              140.8706997,
              42.4720885
            ],
            [
              140.8703713,
              42.4722464
            ],
            [
              140.8700518,
              42.4724001
            ],
            [
              140.8699638,
              42.4724421
            ],
            [
              140.8698398,
              42.4725008
            ],
            [
              140.8691983,
              42.4728006
            ],
            [
              140.869061,
              42.4728648
            ],
            [
              140.8687887,
              42.4729931
            ],
            [
              140.8683123,
              42.4732147
            ],
            [
              140.8681946,
              42.4732697
            ],
            [
              140.8672885,
              42.4737102
            ],
            [
              140.8671393,
              42.4737764
            ],
            [
              140.8669732,
              42.473852
            ],
            [
              140.8666592,
              42.4739964
            ],
            [
              140.8664659,
              42.4740716
            ],
            [
              140.8663299,
              42.4741308
            ],
            [
              140.8661731,
              42.4741843
            ],
            [
              140.8656701,
              42.4743692
            ],
            [
              140.8654434,
              42.4744413
            ],
            [
              140.8649425,
              42.4746006
            ],
            [
              140.8643832,
              42.474781
            ],
            [
              140.8641885,
              42.4748428
            ],
            [
              140.8641319,
              42.4748608
            ],
            [
              140.8637361,
              42.4749864
            ],
            [
              140.862941,
              42.4752489
            ],
            [
              140.8628258,
              42.4752892
            ],
            [
              140.8613706,
              42.4757754
            ],
            [
              140.8611802,
              42.4758444
            ],
            [
              140.8604364,
              42.4760793
            ],
            [
              140.8596835,
              42.4763319
            ],
            [
              140.8595622,
              42.4763687
            ],
            [
              140.8563697,
              42.4774225
            ],
            [
              140.8559071,
              42.4775915
            ],
            [
              140.8555416,
              42.477755
            ],
            [
              140.8549543,
              42.4780878
            ],
            [
              140.8544307,
              42.4784572
            ],
            [
              140.8542649,
              42.4786031
            ],
            [
              140.8530525,
              42.4796699
            ],
            [
              140.8518405,
              42.4804945
            ],
            [
              140.8513973,
              42.4807431
            ],
            [
              140.8508396,
              42.4810469
            ],
            [
              140.8504534,
              42.4812608
            ],
            [
              140.8500367,
              42.4814893
            ],
            [
              140.8490074,
              42.4820163
            ],
            [
              140.8488662,
              42.4820923
            ],
            [
              140.8487349,
              42.4821614
            ],
            [
              140.8483516,
              42.4823772
            ],
            [
              140.8478271,
              42.4826414
            ],
            [
              140.8467371,
              42.4832211
            ],
            [
              140.8465734,
              42.4833083
            ],
            [
              140.8446129,
              42.4843523
            ],
            [
              140.8444381,
              42.4844464
            ],
            [
              140.8442482,
              42.4845486
            ],
            [
              140.8423378,
              42.4855633
            ],
            [
              140.8409591,
              42.486294
            ],
            [
              140.8404128,
              42.4865835
            ],
            [
              140.8402327,
              42.486679
            ],
            [
              140.8400189,
              42.4867986
            ],
            [
              140.8398011,
              42.4869319
            ],
            [
              140.8394949,
              42.4871435
            ],
            [
              140.8392095,
              42.4873818
            ],
            [
              140.8387077,
              42.4878707
            ],
            [
              140.8386379,
              42.4879412
            ],
            [
              140.8382135,
              42.4883721
            ],
            [
              140.8379345,
              42.4886591
            ],
            [
              140.8378027,
              42.4888092
            ],
            [
              140.83768,
              42.4889328
            ],
            [
              140.8375499,
              42.4890667
            ],
            [
              140.8374663,
              42.4891527
            ],
            [
              140.8372188,
              42.4894074
            ],
            [
              140.8371335,
              42.4894952
            ],
            [
              140.8369275,
              42.4897068
            ],
            [
              140.8366729,
              42.4899684
            ],
            [
              140.8366154,
              42.4900271
            ],
            [
              140.8364912,
              42.490149
            ],
            [
              140.8363758,
              42.4902749
            ],
            [
              140.8361423,
              42.490519
            ],
            [
              140.835792,
              42.4908751
            ],
            [
              140.8356558,
              42.4910136
            ],
            [
              140.8355635,
              42.4911074
            ],
            [
              140.8354395,
              42.4912357
            ],
            [
              140.8350772,
              42.491622
            ],
            [
              140.8349045,
              42.4918062
            ],
            [
              140.8348896,
              42.4918216
            ],
            [
              140.8345437,
              42.4921806
            ],
            [
              140.8344232,
              42.4923056
            ],
            [
              140.8341428,
              42.4925966
            ],
            [
              140.8338527,
              42.4928976
            ],
            [
              140.8337648,
              42.4929888
            ],
            [
              140.8335832,
              42.4931741
            ],
            [
              140.8333462,
              42.4933594
            ],
            [
              140.8331291,
              42.4934966
            ],
            [
              140.8327574,
              42.4936854
            ],
            [
              140.8324851,
              42.493788
            ],
            [
              140.832228,
              42.4938691
            ],
            [
              140.8317869,
              42.493959
            ],
            [
              140.8315709,
              42.493981
            ],
            [
              140.8313357,
              42.4939861
            ],
            [
              140.8310797,
              42.4939876
            ],
            [
              140.8308023,
              42.4939693
            ],
            [
              140.8291987,
              42.4936754
            ],
            [
              140.828908,
              42.4936247
            ],
            [
              140.8287811,
              42.4936021
            ],
            [
              140.8266743,
              42.4931829
            ],
            [
              140.8261209,
              42.493088
            ],
            [
              140.8255687,
              42.4930916
            ],
            [
              140.8249673,
              42.493139
            ],
            [
              140.8242539,
              42.4933137
            ],
            [
              140.8237846,
              42.4935016
            ],
            [
              140.8232264,
              42.4938406
            ],
            [
              140.8212712,
              42.4952333
            ],
            [
              140.8208741,
              42.495474
            ],
            [
              140.8202684,
              42.4957805
            ],
            [
              140.8198163,
              42.4959559
            ],
            [
              140.8194299,
              42.496062
            ],
            [
              140.8181314,
              42.4963144
            ],
            [
              140.8170132,
              42.4965187
            ],
            [
              140.8163332,
              42.4966464
            ],
            [
              140.8157458,
              42.4967949
            ],
            [
              140.8153925,
              42.4969408
            ],
            [
              140.8150907,
              42.4970864
            ],
            [
              140.8150526,
              42.4971098
            ],
            [
              140.8146925,
              42.4973312
            ],
            [
              140.8143367,
              42.4976389
            ],
            [
              140.8141163,
              42.4978808
            ],
            [
              140.8136987,
              42.4984611
            ],
            [
              140.8132837,
              42.4990559
            ],
            [
              140.813125,
              42.4992754
            ],
            [
              140.8130694,
              42.499387
            ],
            [
              140.8107628,
              42.5026333
            ],
            [
              140.8105284,
              42.5029407
            ],
            [
              140.8103004,
              42.5031582
            ],
            [
              140.8100527,
              42.5033556
            ],
            [
              140.8097827,
              42.5035557
            ],
            [
              140.8095172,
              42.503702
            ],
            [
              140.8092034,
              42.5038444
            ],
            [
              140.808211,
              42.504228
            ],
            [
              140.8074572,
              42.5045469
            ],
            [
              140.8060186,
              42.5051145
            ],
            [
              140.8058011,
              42.5051966
            ],
            [
              140.8055783,
              42.5052866
            ],
            [
              140.8042803,
              42.5058106
            ],
            [
              140.8017293,
              42.5068236
            ],
            [
              140.8011518,
              42.507053
            ],
            [
              140.8004616,
              42.5073194
            ],
            [
              140.7989756,
              42.5079181
            ],
            [
              140.7979853,
              42.5083022
            ],
            [
              140.7973847,
              42.5085448
            ],
            [
              140.7972213,
              42.5086119
            ],
            [
              140.7958487,
              42.5091673
            ],
            [
              140.7954404,
              42.509362
            ],
            [
              140.7953215,
              42.5094228
            ],
            [
              140.795223,
              42.5094807
            ],
            [
              140.7951381,
              42.509531
            ],
            [
              140.7949508,
              42.5096483
            ],
            [
              140.794723,
              42.5098055
            ],
            [
              140.7945214,
              42.5099581
            ],
            [
              140.7943976,
              42.510067
            ],
            [
              140.7941964,
              42.5102449
            ],
            [
              140.7939872,
              42.5104565
            ],
            [
              140.7938142,
              42.5106532
            ],
            [
              140.7936707,
              42.5108233
            ],
            [
              140.7935205,
              42.5110398
            ],
            [
              140.7933472,
              42.5113304
            ],
            [
              140.7932602,
              42.511509
            ],
            [
              140.7931007,
              42.5118618
            ],
            [
              140.7930504,
              42.512048
            ],
            [
              140.7929583,
              42.5123888
            ],
            [
              140.7928965,
              42.512616
            ],
            [
              140.7928513,
              42.5127431
            ],
            [
              140.7928099,
              42.5128792
            ],
            [
              140.792739,
              42.5130798
            ],
            [
              140.7925261,
              42.5135132
            ],
            [
              140.7924488,
              42.5136248
            ],
            [
              140.7924369,
              42.5136421
            ],
            [
              140.792418,
              42.5136693
            ],
            [
              140.7922493,
              42.5139129
            ],
            [
              140.7921221,
              42.5140696
            ],
            [
              140.7918113,
              42.5144158
            ],
            [
              140.7912568,
              42.5149376
            ],
            [
              140.790679,
              42.5154893
            ],
            [
              140.79056,
              42.5155978
            ],
            [
              140.7903428,
              42.5158146
            ],
            [
              140.7897438,
              42.5163857
            ],
            [
              140.78938,
              42.5167321
            ],
            [
              140.7893117,
              42.5168
            ],
            [
              140.789109,
              42.5169829
            ],
            [
              140.78897,
              42.5171257
            ],
            [
              140.7887796,
              42.5173118
            ],
            [
              140.7885492,
              42.5175173
            ],
            [
              140.7884382,
              42.5176136
            ],
            [
              140.7880374,
              42.517984
            ],
            [
              140.7870345,
              42.5189586
            ],
            [
              140.7869328,
              42.5190574
            ],
            [
              140.7862875,
              42.5196711
            ],
            [
              140.7857126,
              42.5203263
            ],
            [
              140.7854301,
              42.5207075
            ],
            [
              140.7853336,
              42.5208377
            ],
            [
              140.7850315,
              42.5212886
            ],
            [
              140.7848166,
              42.5216065
            ],
            [
              140.7840708,
              42.5227328
            ],
            [
              140.7828351,
              42.5245168
            ],
            [
              140.7798733,
              42.5289343
            ],
            [
              140.7791175,
              42.5300229
            ],
            [
              140.778178,
              42.5314083
            ],
            [
              140.7780693,
              42.5315651
            ],
            [
              140.7778755,
              42.5318504
            ],
            [
              140.7775833,
              42.5322803
            ],
            [
              140.7772702,
              42.532741
            ],
            [
              140.7763142,
              42.5341475
            ],
            [
              140.7752024,
              42.5357383
            ],
            [
              140.7747471,
              42.5363368
            ],
            [
              140.7742036,
              42.5370593
            ],
            [
              140.7728273,
              42.5388341
            ],
            [
              140.7721132,
              42.5397516
            ],
            [
              140.771912,
              42.5400102
            ],
            [
              140.7718586,
              42.5400788
            ],
            [
              140.7717578,
              42.5402087
            ],
            [
              140.771676,
              42.5403027
            ],
            [
              140.7716126,
              42.5403822
            ],
            [
              140.7715348,
              42.5404817
            ],
            [
              140.7714025,
              42.540659
            ],
            [
              140.771241,
              42.5408754
            ],
            [
              140.771007,
              42.5411689
            ],
            [
              140.7707934,
              42.5414392
            ],
            [
              140.770674,
              42.5415955
            ],
            [
              140.7702288,
              42.5421784
            ],
            [
              140.7696471,
              42.5429278
            ],
            [
              140.7692814,
              42.5433988
            ],
            [
              140.7690803,
              42.5436579
            ],
            [
              140.7688255,
              42.5439813
            ],
            [
              140.7685398,
              42.5443443
            ],
            [
              140.7682013,
              42.5447973
            ],
            [
              140.7680752,
              42.5449526
            ],
            [
              140.7678731,
              42.5452014
            ],
            [
              140.7678042,
              42.5452862
            ],
            [
              140.7675169,
              42.545703
            ],
            [
              140.7672954,
              42.5459893
            ],
            [
              140.7672215,
              42.5460837
            ],
            [
              140.7670014,
              42.5463663
            ],
            [
              140.7663183,
              42.5472209
            ],
            [
              140.7660709,
              42.5475663
            ],
            [
              140.765646,
              42.5481071
            ],
            [
              140.7651256,
              42.5487518
            ],
            [
              140.7648163,
              42.5491
            ],
            [
              140.7646407,
              42.5492807
            ],
            [
              140.7645258,
              42.5493892
            ],
            [
              140.7637956,
              42.5499159
            ],
            [
              140.7633308,
              42.550254
            ],
            [
              140.7629828,
              42.5504989
            ],
            [
              140.7626259,
              42.5507529
            ],
            [
              140.7620628,
              42.5511743
            ],
            [
              140.7613646,
              42.5516736
            ],
            [
              140.7607818,
              42.5520792
            ],
            [
              140.7603754,
              42.5523751
            ],
            [
              140.7599255,
              42.5526938
            ],
            [
              140.7597083,
              42.5528466
            ],
            [
              140.7594042,
              42.5530185
            ],
            [
              140.7590877,
              42.5531533
            ],
            [
              140.7587999,
              42.5532286
            ],
            [
              140.7585219,
              42.5532691
            ],
            [
              140.758237,
              42.5533008
            ],
            [
              140.7574892,
              42.5533121
            ],
            [
              140.7573732,
              42.5533138
            ],
            [
              140.75725,
              42.5533146
            ],
            [
              140.7568933,
              42.5533167
            ],
            [
              140.7566276,
              42.5533375
            ],
            [
              140.7563696,
              42.5533775
            ],
            [
              140.7560797,
              42.5534661
            ],
            [
              140.7557767,
              42.5535548
            ],
            [
              140.7553882,
              42.5537514
            ],
            [
              140.7551532,
              42.553899
            ],
            [
              140.7547969,
              42.5542274
            ],
            [
              140.7545886,
              42.5545157
            ],
            [
              140.7543989,
              42.5548812
            ],
            [
              140.7542764,
              42.5551701
            ],
            [
              140.7540768,
              42.555487
            ],
            [
              140.7536798,
              42.555846
            ],
            [
              140.7533363,
              42.5560575
            ],
            [
              140.7529342,
              42.5562283
            ],
            [
              140.7526595,
              42.5563332
            ],
            [
              140.752018,
              42.5565372
            ],
            [
              140.7507459,
              42.5569394
            ],
            [
              140.7484144,
              42.5576517
            ],
            [
              140.7477958,
              42.5578726
            ],
            [
              140.7474732,
              42.558082
            ],
            [
              140.7474141,
              42.558121
            ],
            [
              140.7470565,
              42.5583569
            ],
            [
              140.7468017,
              42.5585821
            ],
            [
              140.7465743,
              42.5588012
            ],
            [
              140.7463914,
              42.559041
            ],
            [
              140.7462655,
              42.5592691
            ],
            [
              140.7459841,
              42.5598651
            ],
            [
              140.7457651,
              42.5603683
            ],
            [
              140.7455553,
              42.5608624
            ],
            [
              140.7454292,
              42.5611257
            ],
            [
              140.7453113,
              42.5613216
            ],
            [
              140.7450695,
              42.5615867
            ],
            [
              140.7446281,
              42.5619864
            ],
            [
              140.744108,
              42.5622997
            ],
            [
              140.743773,
              42.5624522
            ],
            [
              140.7432596,
              42.5626298
            ],
            [
              140.7417554,
              42.5631335
            ],
            [
              140.738252,
              42.5643648
            ],
            [
              140.7367569,
              42.5649385
            ],
            [
              140.7364203,
              42.565223
            ],
            [
              140.736313,
              42.565606
            ],
            [
              140.7363173,
              42.5666273
            ],
            [
              140.7362977,
              42.5671304
            ],
            [
              140.7361442,
              42.5675913
            ],
            [
              140.7357714,
              42.5682702
            ],
            [
              140.7350191,
              42.5691051
            ],
            [
              140.7345556,
              42.5696549
            ],
            [
              140.7336186,
              42.5707059
            ],
            [
              140.73222,
              42.5723229
            ],
            [
              140.7317956,
              42.572795
            ],
            [
              140.7311954,
              42.5734683
            ],
            [
              140.731123,
              42.5735413
            ],
            [
              140.7308197,
              42.5737886
            ],
            [
              140.7304066,
              42.574047
            ],
            [
              140.7301345,
              42.5741769
            ],
            [
              140.7298797,
              42.574278
            ],
            [
              140.7294632,
              42.5744136
            ],
            [
              140.7289622,
              42.5745125
            ],
            [
              140.7283112,
              42.5745691
            ],
            [
              140.7272278,
              42.5746326
            ],
            [
              140.7266381,
              42.5746767
            ],
            [
              140.7262275,
              42.5747262
            ],
            [
              140.7256493,
              42.5748677
            ],
            [
              140.7250508,
              42.5751134
            ],
            [
              140.7246179,
              42.5753621
            ],
            [
              140.7243974,
              42.5755397
            ],
            [
              140.7241539,
              42.5757357
            ],
            [
              140.7239473,
              42.5759551
            ],
            [
              140.7238181,
              42.5761422
            ],
            [
              140.7235143,
              42.5766736
            ],
            [
              140.7234019,
              42.5768219
            ],
            [
              140.7229929,
              42.577512
            ],
            [
              140.7226704,
              42.5780563
            ],
            [
              140.7224947,
              42.5783533
            ],
            [
              140.7223011,
              42.5786533
            ],
            [
              140.7219854,
              42.5789934
            ],
            [
              140.7215655,
              42.5793075
            ],
            [
              140.7210302,
              42.5795925
            ],
            [
              140.7198797,
              42.5801174
            ],
            [
              140.7195254,
              42.5802803
            ],
            [
              140.7174555,
              42.5812277
            ],
            [
              140.7173168,
              42.5812913
            ],
            [
              140.717174,
              42.5813568
            ],
            [
              140.7165171,
              42.5816584
            ],
            [
              140.7156458,
              42.582057
            ],
            [
              140.7147245,
              42.5824714
            ],
            [
              140.7146006,
              42.5825272
            ],
            [
              140.7144649,
              42.5825888
            ],
            [
              140.7137585,
              42.5829093
            ],
            [
              140.7133783,
              42.5831093
            ],
            [
              140.7129009,
              42.5834507
            ],
            [
              140.7121982,
              42.5841546
            ],
            [
              140.7116488,
              42.5847138
            ],
            [
              140.7114158,
              42.584951
            ],
            [
              140.7113478,
              42.5850098
            ],
            [
              140.7112045,
              42.5851337
            ],
            [
              140.7107557,
              42.5855218
            ],
            [
              140.7103687,
              42.5858097
            ],
            [
              140.7095109,
              42.5864013
            ],
            [
              140.708451,
              42.587094
            ],
            [
              140.7082038,
              42.5872728
            ],
            [
              140.7063917,
              42.5884832
            ],
            [
              140.705721,
              42.5889273
            ],
            [
              140.7050716,
              42.5892851
            ],
            [
              140.7045068,
              42.5895317
            ],
            [
              140.7040012,
              42.5897197
            ],
            [
              140.7034694,
              42.589874
            ],
            [
              140.7031977,
              42.5899522
            ],
            [
              140.7022804,
              42.5901111
            ],
            [
              140.7018932,
              42.5901555
            ],
            [
              140.7011264,
              42.5902272
            ],
            [
              140.6971063,
              42.5906305
            ],
            [
              140.6957687,
              42.5907637
            ],
            [
              140.6948541,
              42.5908551
            ],
            [
              140.6945627,
              42.5908577
            ],
            [
              140.6939119,
              42.5908489
            ],
            [
              140.6934599,
              42.590809
            ],
            [
              140.6930651,
              42.5907506
            ],
            [
              140.6905112,
              42.5903026
            ],
            [
              140.6901992,
              42.5902479
            ],
            [
              140.6887571,
              42.5899752
            ],
            [
              140.6883502,
              42.589856
            ],
            [
              140.687379,
              42.589527
            ],
            [
              140.6860858,
              42.5890448
            ],
            [
              140.6858013,
              42.58898
            ],
            [
              140.6854931,
              42.5889273
            ],
            [
              140.6848242,
              42.5889394
            ],
            [
              140.6838603,
              42.5889898
            ],
            [
              140.6835575,
              42.5889706
            ],
            [
              140.6831727,
              42.5889165
            ],
            [
              140.6828835,
              42.5888522
            ],
            [
              140.6821972,
              42.5886709
            ],
            [
              140.6814402,
              42.5885225
            ],
            [
              140.6809915,
              42.5884785
            ],
            [
              140.6804366,
              42.5884453
            ],
            [
              140.6799791,
              42.588433
            ],
            [
              140.6795169,
              42.5884591
            ],
            [
              140.6789258,
              42.5885752
            ],
            [
              140.6779484,
              42.5888692
            ],
            [
              140.677507,
              42.5890504
            ],
            [
              140.6766062,
              42.5896273
            ],
            [
              140.6758286,
              42.5905314
            ],
            [
              140.6751829,
              42.5914396
            ],
            [
              140.6748981,
              42.5920759
            ],
            [
              140.6740962,
              42.5947097
            ],
            [
              140.6740239,
              42.5950692
            ],
            [
              140.6739022,
              42.5955237
            ],
            [
              140.6737363,
              42.5960182
            ],
            [
              140.6736358,
              42.5963037
            ],
            [
              140.6734592,
              42.5968058
            ],
            [
              140.6733304,
              42.5970548
            ],
            [
              140.6731812,
              42.5972588
            ],
            [
              140.6729723,
              42.5974768
            ],
            [
              140.672661,
              42.597731
            ],
            [
              140.6723229,
              42.5979022
            ],
            [
              140.6720134,
              42.5979955
            ],
            [
              140.6716568,
              42.5980545
            ],
            [
              140.6710207,
              42.5980829
            ],
            [
              140.6691509,
              42.5979835
            ],
            [
              140.6683294,
              42.5979524
            ],
            [
              140.6678675,
              42.5979844
            ],
            [
              140.6674738,
              42.5980616
            ],
            [
              140.6669568,
              42.5982241
            ],
            [
              140.6664329,
              42.5984518
            ],
            [
              140.6630051,
              42.600127
            ],
            [
              140.6627431,
              42.6002234
            ],
            [
              140.6624096,
              42.6003298
            ],
            [
              140.6608744,
              42.600708
            ],
            [
              140.6592236,
              42.6010626
            ],
            [
              140.6581608,
              42.6012732
            ],
            [
              140.6577373,
              42.6013238
            ],
            [
              140.6573989,
              42.6013451
            ],
            [
              140.6570785,
              42.6013568
            ],
            [
              140.6567495,
              42.6013456
            ],
            [
              140.6554317,
              42.601243
            ],
            [
              140.6549396,
              42.6012063
            ],
            [
              140.654128,
              42.6011457
            ],
            [
              140.6510707,
              42.6009174
            ],
            [
              140.6506184,
              42.6008872
            ],
            [
              140.6499035,
              42.6008401
            ],
            [
              140.6494723,
              42.6008064
            ],
            [
              140.649029,
              42.6007461
            ],
            [
              140.6485461,
              42.6006147
            ],
            [
              140.6481695,
              42.6004797
            ],
            [
              140.6479507,
              42.6004012
            ],
            [
              140.6454165,
              42.5994925
            ],
            [
              140.6447994,
              42.5992713
            ],
            [
              140.6424986,
              42.5984463
            ],
            [
              140.6419831,
              42.5983256
            ],
            [
              140.6416124,
              42.59828
            ],
            [
              140.6411865,
              42.5982709
            ],
            [
              140.6408285,
              42.598298
            ],
            [
              140.6391108,
              42.5985194
            ],
            [
              140.6382925,
              42.5986482
            ],
            [
              140.6381155,
              42.5986761
            ],
            [
              140.6375169,
              42.5987665
            ],
            [
              140.6352381,
              42.5990789
            ],
            [
              140.6349425,
              42.5991343
            ],
            [
              140.6313549,
              42.599661
            ],
            [
              140.6290779,
              42.5999829
            ],
            [
              140.6258973,
              42.6004325
            ],
            [
              140.6256942,
              42.6004648
            ],
            [
              140.624955,
              42.6005822
            ],
            [
              140.6236132,
              42.6007954
            ],
            [
              140.622548,
              42.6009646
            ],
            [
              140.6222615,
              42.6010739
            ],
            [
              140.6212227,
              42.6014701
            ],
            [
              140.6196625,
              42.602121
            ],
            [
              140.6180903,
              42.6028624
            ],
            [
              140.6165,
              42.6033412
            ],
            [
              140.6152712,
              42.6033501
            ],
            [
              140.6132833,
              42.6031195
            ],
            [
              140.6102955,
              42.6026407
            ],
            [
              140.6094883,
              42.6022327
            ],
            [
              140.6093576,
              42.6020932
            ],
            [
              140.6068378,
              42.5994038
            ],
            [
              140.6051535,
              42.5983037
            ],
            [
              140.6043685,
              42.5977584
            ],
            [
              140.6029806,
              42.5968568
            ],
            [
              140.6026335,
              42.5966229
            ],
            [
              140.6009462,
              42.595369
            ],
            [
              140.5988155,
              42.593651
            ],
            [
              140.5985181,
              42.5934742
            ],
            [
              140.598198,
              42.5933429
            ],
            [
              140.597961,
              42.5932788
            ],
            [
              140.5976356,
              42.5932167
            ],
            [
              140.5972964,
              42.5931419
            ],
            [
              140.5970638,
              42.5930928
            ],
            [
              140.5967779,
              42.5930104
            ],
            [
              140.5964734,
              42.5929049
            ],
            [
              140.5962071,
              42.5927817
            ],
            [
              140.5959581,
              42.5926673
            ],
            [
              140.5956582,
              42.5924824
            ],
            [
              140.5953483,
              42.5922503
            ],
            [
              140.5951014,
              42.592018
            ],
            [
              140.5948991,
              42.5917826
            ],
            [
              140.5946244,
              42.5915594
            ],
            [
              140.5942789,
              42.5913489
            ],
            [
              140.5939547,
              42.5912256
            ],
            [
              140.5935786,
              42.5911459
            ],
            [
              140.5930512,
              42.5911195
            ],
            [
              140.5925265,
              42.5911315
            ],
            [
              140.5920651,
              42.5912121
            ],
            [
              140.5917419,
              42.5913309
            ],
            [
              140.591507,
              42.5915313
            ],
            [
              140.5913971,
              42.5917458
            ],
            [
              140.5913679,
              42.5919312
            ],
            [
              140.5913982,
              42.5921069
            ],
            [
              140.5914732,
              42.5922633
            ],
            [
              140.5915831,
              42.5923823
            ],
            [
              140.5932228,
              42.5938515
            ],
            [
              140.5933877,
              42.5940491
            ],
            [
              140.5934438,
              42.594264
            ],
            [
              140.5934202,
              42.5944939
            ],
            [
              140.5932996,
              42.594669
            ],
            [
              140.5931443,
              42.5948035
            ],
            [
              140.5929499,
              42.5948938
            ],
            [
              140.5927623,
              42.594941
            ],
            [
              140.5924208,
              42.5949524
            ],
            [
              140.5920688,
              42.5949004
            ],
            [
              140.5911909,
              42.5947723
            ],
            [
              140.5908532,
              42.5947425
            ],
            [
              140.5904708,
              42.5947501
            ],
            [
              140.5901506,
              42.5948114
            ],
            [
              140.5898299,
              42.5949051
            ],
            [
              140.5895213,
              42.5950587
            ],
            [
              140.589236,
              42.5952462
            ],
            [
              140.5890172,
              42.5954913
            ],
            [
              140.5889013,
              42.5957143
            ],
            [
              140.5887923,
              42.595979
            ],
            [
              140.5885524,
              42.5972814
            ],
            [
              140.5880877,
              42.5997014
            ],
            [
              140.5879939,
              42.5999774
            ],
            [
              140.587817,
              42.600359
            ],
            [
              140.5876569,
              42.6005952
            ],
            [
              140.5874576,
              42.6008511
            ],
            [
              140.587309,
              42.600994
            ],
            [
              140.5871144,
              42.6011551
            ],
            [
              140.5869096,
              42.6013016
            ],
            [
              140.5866667,
              42.6014538
            ],
            [
              140.5864144,
              42.6015847
            ],
            [
              140.5862205,
              42.6016677
            ],
            [
              140.5860431,
              42.601743
            ],
            [
              140.5857461,
              42.6018249
            ],
            [
              140.5854171,
              42.6019079
            ],
            [
              140.5850881,
              42.6019624
            ],
            [
              140.5847716,
              42.601986
            ],
            [
              140.5846013,
              42.6019893
            ],
            [
              140.5840617,
              42.6019763
            ],
            [
              140.5836682,
              42.6019442
            ],
            [
              140.5834644,
              42.6019119
            ],
            [
              140.5831362,
              42.6018298
            ],
            [
              140.5827986,
              42.6017179
            ],
            [
              140.5823637,
              42.6015188
            ],
            [
              140.5819871,
              42.6013038
            ],
            [
              140.5817388,
              42.6011204
            ],
            [
              140.5815203,
              42.6009163
            ],
            [
              140.5812643,
              42.600633
            ],
            [
              140.5810951,
              42.6003991
            ],
            [
              140.5809393,
              42.6001047
            ],
            [
              140.5803807,
              42.5986662
            ],
            [
              140.5802588,
              42.5984367
            ],
            [
              140.580077,
              42.5981854
            ],
            [
              140.5798281,
              42.5979159
            ],
            [
              140.5795483,
              42.5977209
            ],
            [
              140.5792351,
              42.5975686
            ],
            [
              140.5789044,
              42.5974793
            ],
            [
              140.5786039,
              42.5974451
            ],
            [
              140.5783545,
              42.5974392
            ],
            [
              140.5780897,
              42.5974439
            ],
            [
              140.5777778,
              42.5974767
            ],
            [
              140.5770207,
              42.5975843
            ],
            [
              140.5765643,
              42.5977004
            ],
            [
              140.5761079,
              42.5978417
            ],
            [
              140.575666,
              42.5980243
            ],
            [
              140.5749444,
              42.5984714
            ],
            [
              140.5736151,
              42.5995818
            ],
            [
              140.5719782,
              42.6010426
            ],
            [
              140.5716318,
              42.6013565
            ],
            [
              140.5707098,
              42.6021503
            ],
            [
              140.5699695,
              42.6027136
            ],
            [
              140.5698557,
              42.6027945
            ],
            [
              140.5694433,
              42.6030465
            ],
            [
              140.5690206,
              42.6032983
            ],
            [
              140.5687084,
              42.6034417
            ],
            [
              140.5681202,
              42.603716
            ],
            [
              140.5674476,
              42.6039594
            ],
            [
              140.566997,
              42.6040782
            ],
            [
              140.5665424,
              42.6041851
            ],
            [
              140.565645,
              42.6043
            ],
            [
              140.5644069,
              42.6043786
            ],
            [
              140.5631862,
              42.6044884
            ],
            [
              140.5624702,
              42.6045364
            ],
            [
              140.5620939,
              42.6045378
            ],
            [
              140.5617042,
              42.6045107
            ],
            [
              140.5612185,
              42.6044064
            ],
            [
              140.5607208,
              42.6042399
            ],
            [
              140.5603847,
              42.6040684
            ],
            [
              140.5600279,
              42.603823
            ],
            [
              140.5596975,
              42.6034459
            ],
            [
              140.5596174,
              42.6033372
            ],
            [
              140.5590933,
              42.6026039
            ],
            [
              140.5583544,
              42.6018675
            ],
            [
              140.557662,
              42.6013854
            ],
            [
              140.5569087,
              42.6009452
            ],
            [
              140.5554575,
              42.6003073
            ],
            [
              140.5444006,
              42.5954264
            ],
            [
              140.5434461,
              42.5950845
            ],
            [
              140.5425567,
              42.5948674
            ],
            [
              140.5416152,
              42.5947273
            ],
            [
              140.5411968,
              42.5947254
            ],
            [
              140.5408969,
              42.5947349
            ],
            [
              140.5407643,
              42.594739
            ],
            [
              140.5395223,
              42.5948798
            ],
            [
              140.5386928,
              42.5949395
            ],
            [
              140.5380287,
              42.5949468
            ],
            [
              140.5377771,
              42.5949249
            ],
            [
              140.5375905,
              42.5948899
            ],
            [
              140.5374323,
              42.5948444
            ],
            [
              140.5372597,
              42.5947789
            ],
            [
              140.5370599,
              42.5946844
            ],
            [
              140.5360543,
              42.5940544
            ],
            [
              140.5359242,
              42.5939786
            ],
            [
              140.535751,
              42.5938804
            ],
            [
              140.5354381,
              42.5937364
            ],
            [
              140.5352072,
              42.5936503
            ],
            [
              140.5349575,
              42.5935715
            ],
            [
              140.5346713,
              42.5935058
            ],
            [
              140.5344413,
              42.5934688
            ],
            [
              140.5342749,
              42.593454
            ],
            [
              140.534128,
              42.5934419
            ],
            [
              140.5339744,
              42.5934371
            ],
            [
              140.5334602,
              42.5934253
            ],
            [
              140.533075,
              42.5934135
            ],
            [
              140.5323747,
              42.5933691
            ],
            [
              140.5320409,
              42.5933622
            ],
            [
              140.5270067,
              42.5934063
            ],
            [
              140.526275,
              42.5934101
            ],
            [
              140.5245872,
              42.5932966
            ],
            [
              140.5237691,
              42.5932416
            ],
            [
              140.522888,
              42.5931616
            ],
            [
              140.5206612,
              42.5929593
            ],
            [
              140.5193339,
              42.5928387
            ],
            [
              140.5180458,
              42.5927217
            ],
            [
              140.5171917,
              42.5926694
            ],
            [
              140.5155148,
              42.5925715
            ],
            [
              140.5150463,
              42.5925713
            ],
            [
              140.5145812,
              42.5926077
            ],
            [
              140.5139531,
              42.5926974
            ],
            [
              140.5132799,
              42.5928327
            ],
            [
              140.5125819,
              42.5930956
            ],
            [
              140.5039023,
              42.5967448
            ],
            [
              140.4950951,
              42.600399
            ],
            [
              140.493963,
              42.6008687
            ],
            [
              140.492457,
              42.6012678
            ],
            [
              140.4903671,
              42.6014432
            ],
            [
              140.4900501,
              42.6014715
            ],
            [
              140.4894625,
              42.6015201
            ],
            [
              140.4892251,
              42.6015434
            ],
            [
              140.4877083,
              42.6016756
            ],
            [
              140.4860277,
              42.6018236
            ],
            [
              140.4857189,
              42.6018451
            ],
            [
              140.4813447,
              42.6021555
            ],
            [
              140.4808174,
              42.6022009
            ],
            [
              140.4802576,
              42.6021953
            ],
            [
              140.480062,
              42.602181
            ],
            [
              140.4798665,
              42.6021576
            ],
            [
              140.4794672,
              42.6020661
            ],
            [
              140.4787837,
              42.6018709
            ],
            [
              140.4745519,
              42.600758
            ],
            [
              140.4733989,
              42.6004961
            ],
            [
              140.4722409,
              42.6004164
            ],
            [
              140.4709608,
              42.6005778
            ],
            [
              140.4699734,
              42.6007668
            ],
            [
              140.4696402,
              42.6007836
            ],
            [
              140.4693883,
              42.6007734
            ],
            [
              140.4691486,
              42.6007394
            ],
            [
              140.4688886,
              42.6006754
            ],
            [
              140.4686189,
              42.6005862
            ],
            [
              140.4683532,
              42.6004672
            ],
            [
              140.4680895,
              42.600299
            ],
            [
              140.4678582,
              42.6000979
            ],
            [
              140.4676889,
              42.5998714
            ],
            [
              140.4675563,
              42.599618
            ],
            [
              140.4672381,
              42.5987873
            ],
            [
              140.4671047,
              42.5985503
            ],
            [
              140.4669184,
              42.5983163
            ],
            [
              140.4667768,
              42.5981729
            ],
            [
              140.4665336,
              42.5979905
            ],
            [
              140.4661639,
              42.5977732
            ],
            [
              140.4656661,
              42.5975529
            ],
            [
              140.4642763,
              42.5970343
            ],
            [
              140.463984,
              42.5969662
            ],
            [
              140.4636877,
              42.5969386
            ],
            [
              140.4634357,
              42.5969386
            ],
            [
              140.4631946,
              42.5969762
            ],
            [
              140.4630252,
              42.5970267
            ],
            [
              140.4628451,
              42.5971028
            ],
            [
              140.4626645,
              42.5972097
            ],
            [
              140.4625353,
              42.5973074
            ],
            [
              140.4624034,
              42.5974306
            ],
            [
              140.4622501,
              42.597625
            ],
            [
              140.4617883,
              42.5983544
            ],
            [
              140.4617194,
              42.5984214
            ],
            [
              140.4616531,
              42.5984687
            ],
            [
              140.4615582,
              42.5985099
            ],
            [
              140.4614603,
              42.5985428
            ],
            [
              140.4613436,
              42.5985678
            ],
            [
              140.4611988,
              42.5985794
            ],
            [
              140.4610557,
              42.5985708
            ],
            [
              140.4608992,
              42.5985415
            ],
            [
              140.4607353,
              42.5984728
            ],
            [
              140.4606009,
              42.5983765
            ],
            [
              140.4604318,
              42.598166
            ],
            [
              140.4603281,
              42.5979143
            ],
            [
              140.4601466,
              42.5964884
            ],
            [
              140.4600863,
              42.5963287
            ],
            [
              140.4597369,
              42.5958676
            ],
            [
              140.4591105,
              42.5954596
            ],
            [
              140.4557072,
              42.5941534
            ],
            [
              140.4539161,
              42.5934708
            ],
            [
              140.4534798,
              42.5932913
            ],
            [
              140.4530843,
              42.593091
            ],
            [
              140.4527613,
              42.5929104
            ],
            [
              140.4524561,
              42.5926855
            ],
            [
              140.4521743,
              42.5924268
            ],
            [
              140.4519869,
              42.5922427
            ],
            [
              140.4516891,
              42.591841
            ],
            [
              140.4512243,
              42.5911918
            ],
            [
              140.4507467,
              42.5903718
            ],
            [
              140.4496565,
              42.5887675
            ],
            [
              140.4494361,
              42.5883286
            ],
            [
              140.4493316,
              42.587921
            ],
            [
              140.4493059,
              42.5876951
            ],
            [
              140.4493156,
              42.5874327
            ],
            [
              140.4493786,
              42.5870644
            ],
            [
              140.4495132,
              42.5867118
            ],
            [
              140.4497339,
              42.5863523
            ],
            [
              140.4502674,
              42.5856764
            ],
            [
              140.4530542,
              42.5824068
            ],
            [
              140.4534387,
              42.5819557
            ],
            [
              140.453932,
              42.5813769
            ],
            [
              140.4542264,
              42.5810071
            ],
            [
              140.4543936,
              42.5807119
            ],
            [
              140.4545137,
              42.5804221
            ],
            [
              140.4545851,
              42.5801174
            ],
            [
              140.4546053,
              42.5798771
            ],
            [
              140.4545903,
              42.5795588
            ],
            [
              140.4545299,
              42.5792716
            ],
            [
              140.4544305,
              42.5789973
            ],
            [
              140.4542336,
              42.578649
            ],
            [
              140.4540496,
              42.5784053
            ],
            [
              140.4538408,
              42.5781851
            ],
            [
              140.4536167,
              42.5779876
            ],
            [
              140.4529654,
              42.5775082
            ],
            [
              140.4524362,
              42.5771267
            ],
            [
              140.4498821,
              42.5752932
            ],
            [
              140.4452978,
              42.5717392
            ],
            [
              140.4449009,
              42.5714314
            ],
            [
              140.4356937,
              42.5642928
            ],
            [
              140.4262162,
              42.5569789
            ],
            [
              140.4241561,
              42.5553904
            ],
            [
              140.4214533,
              42.5532745
            ],
            [
              140.4214051,
              42.5532307
            ],
            [
              140.4212119,
              42.5530709
            ],
            [
              140.4177949,
              42.5502873
            ],
            [
              140.4101177,
              42.5436145
            ],
            [
              140.4083618,
              42.5419531
            ],
            [
              140.397395,
              42.5317947
            ],
            [
              140.3959914,
              42.5304663
            ],
            [
              140.3948676,
              42.5294247
            ],
            [
              140.3935157,
              42.5281644
            ],
            [
              140.3920098,
              42.5267488
            ],
            [
              140.3913665,
              42.5261849
            ],
            [
              140.3912416,
              42.5260897
            ],
            [
              140.3889502,
              42.5245574
            ],
            [
              140.3885969,
              42.5243221
            ],
            [
              140.3878691,
              42.5238374
            ],
            [
              140.3869155,
              42.5232125
            ],
            [
              140.3857579,
              42.5224444
            ],
            [
              140.3854215,
              42.5222212
            ],
            [
              140.3844971,
              42.5216079
            ],
            [
              140.3839782,
              42.5212347
            ],
            [
              140.3838602,
              42.5211373
            ],
            [
              140.3834972,
              42.5207863
            ],
            [
              140.3826692,
              42.5197172
            ],
            [
              140.382401,
              42.5193708
            ],
            [
              140.3813922,
              42.5180651
            ],
            [
              140.3812279,
              42.5178196
            ]
          ],
          [
            [
              141.0263717,
              42.3431465
            ],
            [
              141.026532,
              42.3430656
            ],
            [
              141.0265444,
              42.3430503
            ],
            [
              141.0268592,
              42.342716
            ],
            [
              141.0269487,
              42.342617
            ],
            [
              141.0272651,
              42.3423195
            ],
            [
              141.0273671,
              42.3422221
            ],
            [
              141.0278643,
              42.3417478
            ],
            [
              141.0281817,
              42.3414492
            ],
            [
              141.0285673,
              42.3410553
            ],
            [
              141.0289123,
              42.3407336
            ],
            [
              141.0289296,
              42.3407188
            ],
            [
              141.0290398,
              42.3406336
            ],
            [
              141.0292312,
              42.34053
            ]
          ],
          [
            [
              140.9880046,
              42.3576258
            ],
            [
              140.9879688,
              42.3578532
            ],
            [
              140.9879259,
              42.3580078
            ],
            [
              140.9878373,
              42.3582476
            ],
            [
              140.9877488,
              42.358424
            ],
            [
              140.9876469,
              42.3585469
            ],
            [
              140.9875101,
              42.3586757
            ],
            [
              140.9873197,
              42.3587946
            ],
            [
              140.9870997,
              42.3589096
            ],
            [
              140.9869281,
              42.3589869
            ],
            [
              140.9867859,
              42.3590424
            ],
            [
              140.9854103,
              42.3594174
            ],
            [
              140.9845607,
              42.3596593
            ],
            [
              140.9839249,
              42.3598397
            ],
            [
              140.98304,
              42.3600883
            ],
            [
              140.982768,
              42.3601622
            ],
            [
              140.9825965,
              42.3601899
            ],
            [
              140.9822852,
              42.3602256
            ],
            [
              140.9820813,
              42.3602395
            ],
            [
              140.9818828,
              42.3602375
            ],
            [
              140.9816656,
              42.3602197
            ],
            [
              140.9814805,
              42.3601939
            ],
            [
              140.9813491,
              42.3601701
            ],
            [
              140.9788304,
              42.3595961
            ],
            [
              140.977876,
              42.3593774
            ],
            [
              140.9769959,
              42.3591633
            ],
            [
              140.9764916,
              42.3590404
            ],
            [
              140.9762341,
              42.3589909
            ],
            [
              140.9760168,
              42.3589611
            ],
            [
              140.9758398,
              42.3589472
            ],
            [
              140.9754753,
              42.3589544
            ]
          ],
          [
            [
              140.9611603,
              42.3622326
            ],
            [
              140.9607937,
              42.3620665
            ],
            [
              140.9606412,
              42.3619936
            ],
            [
              140.9602576,
              42.361816
            ],
            [
              140.9599356,
              42.3616669
            ],
            [
              140.9596013,
              42.3615167
            ],
            [
              140.9594241,
              42.3614554
            ],
            [
              140.9590975,
              42.3613769
            ],
            [
              140.9588367,
              42.3613264
            ],
            [
              140.9585707,
              42.3612924
            ],
            [
              140.9578677,
              42.3612235
            ],
            [
              140.9577624,
              42.3612163
            ],
            [
              140.956927,
              42.3611592
            ],
            [
              140.9561297,
              42.3611244
            ],
            [
              140.9558185,
              42.3611284
            ],
            [
              140.9555282,
              42.3611399
            ],
            [
              140.9551893,
              42.3611638
            ],
            [
              140.9548118,
              42.3612048
            ],
            [
              140.9545561,
              42.3612457
            ],
            [
              140.9542927,
              42.3612981
            ],
            [
              140.9539557,
              42.3613784
            ],
            [
              140.9535948,
              42.3614908
            ],
            [
              140.9529997,
              42.3616984
            ],
            [
              140.9523571,
              42.3619402
            ],
            [
              140.9522331,
              42.3619972
            ],
            [
              140.9519109,
              42.3621452
            ],
            [
              140.9517776,
              42.3622298
            ],
            [
              140.9516068,
              42.3623382
            ],
            [
              140.9515501,
              42.3623741
            ],
            [
              140.9514705,
              42.3624356
            ],
            [
              140.9513574,
              42.3625117
            ],
            [
              140.9512055,
              42.3626488
            ],
            [
              140.9510965,
              42.362759
            ],
            [
              140.9509944,
              42.3628671
            ],
            [
              140.9508511,
              42.3630462
            ],
            [
              140.9507333,
              42.3632421
            ],
            [
              140.9506224,
              42.3634865
            ],
            [
              140.95054,
              42.3637135
            ],
            [
              140.9504928,
              42.3638897
            ],
            [
              140.9504673,
              42.3641196
            ],
            [
              140.9504703,
              42.3643901
            ],
            [
              140.9505076,
              42.3646868
            ],
            [
              140.9505755,
              42.3651105
            ],
            [
              140.9505938,
              42.3652552
            ],
            [
              140.9506168,
              42.3655481
            ],
            [
              140.9505938,
              42.3657671
            ],
            [
              140.9505451,
              42.3660051
            ],
            [
              140.9505026,
              42.3661248
            ],
            [
              140.9504274,
              42.3662992
            ],
            [
              140.9503835,
              42.3664043
            ],
            [
              140.9503103,
              42.3665761
            ],
            [
              140.9501453,
              42.366835
            ],
            [
              140.9500248,
              42.3669639
            ],
            [
              140.9499044,
              42.3670648
            ],
            [
              140.9497046,
              42.3672171
            ],
            [
              140.949661,
              42.3672497
            ],
            [
              140.949598,
              42.3672968
            ],
            [
              140.9490965,
              42.3676638
            ],
            [
              140.9487027,
              42.367931
            ],
            [
              140.9484177,
              42.3680949
            ],
            [
              140.9480973,
              42.3682303
            ],
            [
              140.94778,
              42.3683384
            ],
            [
              140.9473995,
              42.3684272
            ],
            [
              140.9470806,
              42.3684705
            ],
            [
              140.9467709,
              42.3684966
            ],
            [
              140.9452212,
              42.3685296
            ],
            [
              140.9450113,
              42.3685376
            ],
            [
              140.944551,
              42.3685638
            ],
            [
              140.9443107,
              42.3685979
            ],
            [
              140.9440812,
              42.3686514
            ],
            [
              140.9438993,
              42.3686998
            ],
            [
              140.9437253,
              42.3687698
            ],
            [
              140.9436098,
              42.3688278
            ],
            [
              140.9434911,
              42.3689098
            ]
          ]
        ]
      },
      "id": "relation/33017"
    }
  ]
}