{"type": "FeatureCollection", "generator": "kokudo-quiz tools/fetch_raw.py (Overpass API)", "copyright": "The data included in this document is from www.openstreetmap.org. The data is made available under ODbL.", "timestamp": "2026-09-30T23:39:05Z", "features": [{"type": "Feature", "properties": {"@id": "relation/6518913", "colour": "red", "from": "群馬県吾妻郡中之条町", "name": "国道405号", "name:en": "National Highway Route 405", "name:ja": "国道405号", "name:ja-Hira": "こくどうよんひゃくごごう", "name:ja-Latn": "kokudou 405 gou", "network": "JP:national", "ref": "405", "route": "road", "to": "新潟県上越市", "type": "route", "wikidata": "Q6157460", "wikipedia": "ja:国道405号"}, "geometry": {"type": "MultiLineString", "coordinates": [[[138.6402989, 36.6143307], [138.6403529, 36.6143279], [138.6405062, 36.6143173], [138.6405482, 36.614339], [138.6405862, 36.6143836], [138.6406377, 36.6144924], [138.6406641, 36.6146223], [138.6407632, 36.6153113], [138.6408407, 36.6156294], [138.6409301, 36.6158717], [138.641068, 36.6162434], [138.6412999, 36.6167567], [138.6415555, 36.6173781], [138.6416237, 36.617502], [138.6418105, 36.6176387], [138.6420529, 36.6177692], [138.6424623, 36.6179167], [138.6433021, 36.6180627], [138.6440619, 36.6181988], [138.6443365, 36.6183159], [138.6444395, 36.6183916], [138.644594, 36.6185983], [138.6448086, 36.618929], [138.6449802, 36.6191701], [138.6451691, 36.6193768], [138.6452921, 36.619487], [138.6453484, 36.6196334], [138.6453638, 36.619806], [138.6453761, 36.6199271], [138.6453407, 36.6201505], [138.6452377, 36.6202585], [138.6449353, 36.6204493], [138.6448146, 36.6205311], [138.6447637, 36.6205914], [138.6447512, 36.6206779], [138.6447798, 36.6208605], [138.6447952, 36.6210086], [138.6447002, 36.6212746], [138.6447047, 36.6213986], [138.6447689, 36.6214666], [138.6450435, 36.6215451], [138.645166, 36.6216225], [138.6452948, 36.6217646], [138.6453922, 36.6220083], [138.6455896, 36.6222012], [138.6458214, 36.6223527], [138.6460188, 36.6224009], [138.6462505, 36.6224629], [138.6464394, 36.6225387], [138.6465853, 36.622642], [138.6467054, 36.6228211], [138.6468428, 36.623014], [138.6469801, 36.6232138], [138.647023, 36.6233447], [138.6470573, 36.6235513], [138.6470316, 36.6237649], [138.6470144, 36.6239578], [138.6468943, 36.6241369], [138.6467398, 36.6243091], [138.6466024, 36.6245846], [138.6465595, 36.6248601], [138.6465509, 36.6250668], [138.6465767, 36.6252046], [138.6466797, 36.6253492], [138.646805, 36.6254208], [138.6472193, 36.6255959], [138.6475466, 36.6257074], [138.647744, 36.6257901], [138.6479757, 36.6259416], [138.648362, 36.6262585], [138.6487225, 36.6265684], [138.6491259, 36.6269197], [138.6494778, 36.6272642], [138.6497953, 36.6276568], [138.6500271, 36.6279805], [138.6502073, 36.6281527], [138.6503962, 36.6282905], [138.6504427, 36.628321], [138.650482, 36.62838], [138.6505077, 36.6284834], [138.6505041, 36.6285357], [138.6504992, 36.6286073], [138.6502924, 36.6290453], [138.6501112, 36.6293789], [138.6500763, 36.6296178], [138.6500932, 36.6298272], [138.6501034, 36.6300527], [138.6500832, 36.6301944], [138.6500771, 36.6302962], [138.6501083, 36.6304397], [138.6502006, 36.6304974], [138.6503336, 36.6305865], [138.650607, 36.6307705], [138.650787, 36.6308807], [138.6509291, 36.6309241], [138.6511708, 36.6309358], [138.6513034, 36.6309835], [138.651385, 36.6310278], [138.6514776, 36.6311697], [138.6515463, 36.6313901], [138.6516321, 36.6317482], [138.651675, 36.6319411], [138.6517695, 36.6320858], [138.6519154, 36.6322442], [138.6523102, 36.6325266], [138.65293, 36.6329344], [138.6535375, 36.633353], [138.6541212, 36.633787], [138.6542757, 36.6339661], [138.654353, 36.6341314], [138.6543563, 36.6341822], [138.6543221, 36.6342566], [138.6540204, 36.6344993], [138.6538637, 36.6346321], [138.6537264, 36.6347168], [138.6535032, 36.6347582], [138.6531942, 36.6347168], [138.6529453, 36.6346824], [138.6528601, 36.6346931], [138.6527394, 36.6347506], [138.6526793, 36.6348615], [138.6526745, 36.634933], [138.6527097, 36.6350468], [138.6528268, 36.6351576], [138.6530264, 36.6353027], [138.6531427, 36.635387], [138.6532032, 36.6354758], [138.6531985, 36.6355616], [138.6531295, 36.635614], [138.653014, 36.6356466], [138.6528853, 36.6356466], [138.6526793, 36.6356053], [138.6524818, 36.6355915], [138.6522673, 36.6356122], [138.6520269, 36.6357155], [138.6517523, 36.6358877], [138.6514948, 36.6362114], [138.6512201, 36.6365145], [138.6509626, 36.6368726], [138.650894, 36.6370241], [138.6508854, 36.637155], [138.6509455, 36.637279], [138.6510313, 36.6373754], [138.6512802, 36.6375062], [138.6514347, 36.637582], [138.6515978, 36.6377129], [138.6518038, 36.638009], [138.6521042, 36.63856], [138.6521729, 36.6387459], [138.6521814, 36.6388768], [138.6521214, 36.639049], [138.6520269, 36.6393176], [138.6518295, 36.6399167], [138.6517475, 36.6401426], [138.6517265, 36.6401853], [138.651615, 36.6403988], [138.6514519, 36.640633], [138.6512287, 36.6409223], [138.6511, 36.6410875], [138.6508768, 36.6413079], [138.6506279, 36.6414732], [138.6504702, 36.6416209], [138.6504412, 36.6417268], [138.650391, 36.6421575], [138.6503758, 36.6422802], [138.6503361, 36.6423892], [138.6502073, 36.6424718], [138.6500185, 36.6425338], [138.6497359, 36.6426188], [138.6495006, 36.6427243], [138.6494028, 36.6427698], [138.6492289, 36.6428506], [138.6490229, 36.6430159], [138.648877, 36.6431812], [138.6488426, 36.6433051], [138.6488855, 36.6434015], [138.6490486, 36.6435324], [138.6491945, 36.6436357], [138.6492587, 36.643766], [138.6492524, 36.6438799], [138.649211, 36.6439644], [138.6491953, 36.644031], [138.6491996, 36.6440947], [138.6492228, 36.6441525], [138.6492602, 36.6442089], [138.6493581, 36.6443036], [138.6494723, 36.6444222], [138.6495611, 36.6445252], [138.6496358, 36.6446358], [138.6496732, 36.6447425], [138.6496848, 36.6448587], [138.6496802, 36.644973], [138.6496579, 36.6450839], [138.6495979, 36.6452472], [138.6494949, 36.6455226], [138.6494177, 36.6457086], [138.6494177, 36.6458532], [138.6495035, 36.6459496], [138.6496494, 36.6460529], [138.6498898, 36.6461906], [138.65007, 36.6463352], [138.650379, 36.64659], [138.6505163, 36.6467002], [138.6505936, 36.6468379], [138.6506107, 36.6470376], [138.6506365, 36.6475954], [138.6506279, 36.6478434], [138.6506053, 36.6485255], [138.6505996, 36.6487946], [138.6506548, 36.649845], [138.6506966, 36.6499368], [138.6508081, 36.6500538], [138.6509369, 36.6501296], [138.6511858, 36.6502053], [138.6513231, 36.6502604], [138.651469, 36.6503362], [138.6515444, 36.6503984], [138.6515787, 36.6504671], [138.6516064, 36.6505772], [138.6517147, 36.6513862], [138.6517394, 36.6514822], [138.6517786, 36.6515776], [138.6518791, 36.6517005], [138.6520355, 36.6518305], [138.6522673, 36.6519888], [138.6525311, 36.6521005], [138.6527651, 36.6521501], [138.6530515, 36.652206], [138.6531768, 36.6522492], [138.6532376, 36.6523284], [138.6532577, 36.6523985], [138.6532274, 36.6524615], [138.6531917, 36.6525176], [138.6531078, 36.6525547], [138.652968, 36.6525619], [138.6527222, 36.6524502], [138.6524389, 36.6523194], [138.6521643, 36.6522436], [138.6519665, 36.6522098], [138.6518038, 36.652223], [138.6517238, 36.6522655], [138.6516692, 36.6523277], [138.6516219, 36.6524353], [138.6516675, 36.6525868], [138.6518139, 36.6527384], [138.6521385, 36.6530217], [138.6529453, 36.6536346], [138.653117, 36.6537654], [138.6531557, 36.6538359], [138.6532114, 36.6539375], [138.6532372, 36.6540546], [138.6532457, 36.6542061], [138.6532286, 36.6543438], [138.6531599, 36.6545573], [138.6531857, 36.654695], [138.6532372, 36.6547914], [138.653323, 36.6548602], [138.6534174, 36.6548809], [138.6534946, 36.654874], [138.653632, 36.6548534], [138.653735, 36.6547225], [138.6538466, 36.6545091], [138.654001, 36.6542818], [138.6541092, 36.6541214], [138.6542242, 36.6539375], [138.6543191, 36.6538475], [138.6543772, 36.6538036], [138.6544595, 36.653762], [138.6546172, 36.6537383], [138.6547468, 36.6537555], [138.6548367, 36.6537825], [138.6549756, 36.653856], [138.6550997, 36.6539789], [138.6552885, 36.6541304], [138.6555476, 36.6542928], [138.6557177, 36.6544127], [138.6558979, 36.6545642], [138.6560438, 36.6547776], [138.6561897, 36.6549773], [138.6563442, 36.655115], [138.656495, 36.6552028], [138.6567219, 36.655294], [138.657183, 36.6554649], [138.6575974, 36.6556177], [138.6578548, 36.6557278], [138.6579664, 36.6558242], [138.6580694, 36.6559413], [138.6581816, 36.6560476], [138.6582754, 36.6561134], [138.6583698, 36.6561479], [138.6585243, 36.6561341], [138.6586788, 36.656079], [138.6589216, 36.6559402], [138.6591766, 36.6558174], [138.659313, 36.6557847], [138.6593912, 36.6557829], [138.6595004, 36.6558131], [138.6595936, 36.6558811], [138.6597059, 36.6560201], [138.6597417, 36.6560668], [138.659806, 36.6560832], [138.6598754, 36.6560643], [138.6599264, 36.6559999], [138.6600081, 36.6558114], [138.6600535, 36.6556508], [138.6600092, 36.6554593], [138.6599405, 36.6552458], [138.6598204, 36.6549911], [138.6596916, 36.6547088], [138.659623, 36.6544264], [138.6595715, 36.6541235], [138.6595371, 36.6538687], [138.6596144, 36.653731], [138.6597345, 36.653669], [138.6599062, 36.6536965], [138.6600435, 36.6537654], [138.6600521, 36.6538343], [138.6600264, 36.6539169], [138.6599663, 36.6540821], [138.6598719, 36.6542681], [138.6598547, 36.6544264], [138.6598719, 36.6545573], [138.6599491, 36.6547019], [138.6600693, 36.6548809], [138.6601894, 36.655115], [138.6603439, 36.6553422], [138.6605757, 36.6555901], [138.6609362, 36.6558931], [138.6612623, 36.6562511], [138.6613567, 36.6563889], [138.6613997, 36.6565128], [138.6615456, 36.6565885], [138.6617172, 36.6566505], [138.6621292, 36.6567676], [138.6625498, 36.656919], [138.6627043, 36.6570017], [138.6629274, 36.6571118], [138.6630991, 36.6571738], [138.6632793, 36.657222], [138.6635025, 36.6572702], [138.6637257, 36.6573666], [138.6639059, 36.6574561], [138.6640947, 36.6575801], [138.6642235, 36.6577315], [138.6643093, 36.6578417], [138.6644466, 36.6579174], [138.6645582, 36.6580345], [138.6647385, 36.6582479], [138.66485, 36.6583925], [138.6650045, 36.6586748], [138.6651228, 36.6588639], [138.665159, 36.6589985], [138.665159, 36.6590949], [138.6651333, 36.6592119], [138.6651505, 36.6593496], [138.6652792, 36.6595493], [138.6653822, 36.659687], [138.6654766, 36.6597696], [138.6655968, 36.6598178], [138.6657255, 36.6598591], [138.6659658, 36.6599417], [138.6661032, 36.6600106], [138.6662233, 36.6601276], [138.6663092, 36.6602654], [138.6663521, 36.6603824], [138.6663263, 36.6604719], [138.6662663, 36.6605683], [138.6661461, 36.660706], [138.6660173, 36.6608575], [138.6659401, 36.6609883], [138.6659229, 36.6610916], [138.6660002, 36.6612293], [138.6661976, 36.6614083], [138.666807, 36.6618489], [138.6669529, 36.6619729], [138.6670301, 36.6620348], [138.6670301, 36.6621519], [138.6669958, 36.6622689], [138.6669443, 36.6623791], [138.6668842, 36.6624755], [138.6668928, 36.662565], [138.6669701, 36.6626063], [138.6670731, 36.6626201], [138.6672276, 36.662627], [138.6673134, 36.662682], [138.6673735, 36.6627509], [138.6673735, 36.6628542], [138.6673821, 36.6629368], [138.6673992, 36.6630263], [138.6674421, 36.6631158], [138.6674851, 36.6632122], [138.6675108, 36.663281], [138.6675451, 36.6633774], [138.6675966, 36.6634876], [138.6676825, 36.6636184], [138.6677769, 36.6636941], [138.6678885, 36.6637492], [138.6680258, 36.6638525], [138.6681116, 36.6639213], [138.668206, 36.664004], [138.6682575, 36.6641417], [138.6682575, 36.6643482], [138.6682661, 36.6645892], [138.6682747, 36.6647613], [138.6683691, 36.6648714], [138.6684807, 36.6648852], [138.6686008, 36.6648301], [138.668721, 36.6647406], [138.6688068, 36.6646374], [138.6689098, 36.6644997], [138.6689785, 36.6643207], [138.6690386, 36.664183], [138.6691502, 36.6641003], [138.6693132, 36.6640728], [138.6695107, 36.6641072], [138.6696394, 36.6642174], [138.6696652, 36.6643138], [138.6696308, 36.6644997], [138.6696051, 36.6646511], [138.6696652, 36.6647613], [138.6697767, 36.6650229], [138.6698196, 36.66514], [138.6697939, 36.6652226], [138.6696995, 36.6652777], [138.6696222, 36.6653809], [138.6696222, 36.665498], [138.6696308, 36.665615], [138.6696737, 36.6658009], [138.6697166, 36.6659455], [138.669751, 36.6661176], [138.6697252, 36.6663654], [138.669648, 36.6664963], [138.6695622, 36.6665995], [138.6694162, 36.6666684], [138.6693304, 36.6667716], [138.6693476, 36.6668956], [138.6694162, 36.6669988], [138.6695536, 36.6670608], [138.669648, 36.6671503], [138.6696566, 36.6672191], [138.669648, 36.6673568], [138.6696222, 36.6674808], [138.6695879, 36.6676253], [138.6695879, 36.6676942], [138.6696051, 36.6677974], [138.6696737, 36.6679214], [138.6697424, 36.6680109], [138.6698025, 36.6681073], [138.6697939, 36.6681623], [138.6697596, 36.6682656], [138.6696909, 36.6684171], [138.6696142, 36.6684779], [138.6695192, 36.6685823], [138.6693819, 36.6686236], [138.6691587, 36.6686718], [138.6689518, 36.6687659], [138.6688578, 36.6688661], [138.6687983, 36.6689703], [138.6688048, 36.669059], [138.6689323, 36.6691404], [138.6690372, 36.6691193], [138.6692459, 36.6691138], [138.6695094, 36.6691223], [138.669827, 36.6691858], [138.6700277, 36.6692063], [138.6701958, 36.6692165], [138.6703362, 36.669165], [138.6705149, 36.6690917], [138.6707123, 36.6689196], [138.6708496, 36.6687819], [138.6709869, 36.6687269], [138.6711329, 36.6687269], [138.6711758, 36.6687819], [138.6711071, 36.6688577], [138.6709869, 36.6690022], [138.6708754, 36.6692363], [138.6707981, 36.669436], [138.6707895, 36.6695874], [138.6708153, 36.6696425], [138.6709354, 36.6696563], [138.6711157, 36.6696769], [138.6713388, 36.669732], [138.6714247, 36.6698008], [138.6714418, 36.6698972], [138.6714676, 36.6700831], [138.6714848, 36.6703378], [138.6715105, 36.6705168], [138.6714848, 36.6707302], [138.6714504, 36.6709299], [138.6713474, 36.6712259], [138.6711329, 36.6717147], [138.670983, 36.671926], [138.6708324, 36.6721553], [138.6707522, 36.6723026], [138.6706544, 36.6724737], [138.670511, 36.672602], [138.6703698, 36.6726678], [138.6701926, 36.6726943], [138.6699186, 36.6727016], [138.6695965, 36.6726853], [138.6693733, 36.6726647], [138.669133, 36.6726853], [138.6689613, 36.6727748], [138.6688154, 36.6728643], [138.6687124, 36.6729607], [138.6686352, 36.6730846], [138.668618, 36.6733049], [138.6685579, 36.6735459], [138.6684893, 36.6736767], [138.6683691, 36.6736904], [138.6683004, 36.6736629], [138.6681545, 36.6735114], [138.6680859, 36.6733325], [138.6680172, 36.6731122], [138.668043, 36.6729607], [138.6681459, 36.6728781], [138.6683176, 36.6728093], [138.6684807, 36.6727542], [138.6685579, 36.6726716], [138.6686008, 36.6725821], [138.6686008, 36.6724651], [138.6686609, 36.6724031], [138.6687897, 36.6723343], [138.669133, 36.6721897], [138.6695879, 36.6720313], [138.669751, 36.6719281], [138.6697853, 36.6718592], [138.6697252, 36.6718042], [138.6695793, 36.6718179], [138.6693562, 36.6718799], [138.668618, 36.6722035], [138.6679657, 36.6725683], [138.6677511, 36.6726991], [138.6675623, 36.6728093], [138.667425, 36.6729745], [138.6672533, 36.6731466], [138.6670988, 36.6732498], [138.6669443, 36.6732911], [138.666601, 36.6732636], [138.6662148, 36.6732361], [138.6659487, 36.6732843], [138.6657856, 36.6733393], [138.665674, 36.6734151], [138.6655024, 36.6736009], [138.6654251, 36.6737593], [138.6654079, 36.6738901], [138.6654509, 36.6739727], [138.6656654, 36.6740828], [138.6660431, 36.6742411], [138.6662319, 36.6743169], [138.6663349, 36.6744064], [138.6663778, 36.6745578], [138.6663521, 36.6746611], [138.6663006, 36.6747643], [138.6661461, 36.6748538], [138.6659229, 36.6749708], [138.6656998, 36.6750535], [138.6655281, 36.6750741], [138.6652964, 36.6750879], [138.6649788, 36.6751567], [138.6647471, 36.67526], [138.6646441, 36.6753495], [138.6646355, 36.6754527], [138.6647127, 36.6756042], [138.6649101, 36.6758107], [138.6650646, 36.6759552], [138.6650818, 36.6760654], [138.6650475, 36.6761342], [138.6648844, 36.6761618], [138.6645668, 36.6762444], [138.6643007, 36.6763339], [138.6640604, 36.6763683], [138.6638115, 36.676382], [138.6635883, 36.6764302], [138.6634853, 36.6765197], [138.6633738, 36.6766367], [138.6633086, 36.676805], [138.6632708, 36.6768983], [138.6632467, 36.6769757], [138.6632107, 36.6771048], [138.6632046, 36.6771759], [138.6632197, 36.6772498], [138.6632768, 36.6773252], [138.6633754, 36.677407], [138.6635197, 36.6774697], [138.6638372, 36.6775523], [138.663966, 36.6776349], [138.6640947, 36.677745], [138.664172, 36.6778965], [138.6642149, 36.6780273], [138.6642235, 36.6781856], [138.6641892, 36.6783232], [138.6639746, 36.6784816], [138.6638287, 36.6786055], [138.6637257, 36.6787363], [138.6636398, 36.6788739], [138.6634167, 36.6794315], [138.6633137, 36.6797619], [138.6631935, 36.6800441], [138.6629961, 36.6803057], [138.6627987, 36.6804778], [138.6627129, 36.680581], [138.6626185, 36.6806981], [138.6626099, 36.680822], [138.6626099, 36.680939], [138.6626785, 36.6810698], [138.6627815, 36.6811799], [138.662936, 36.6812832], [138.6632278, 36.6813313], [138.6634682, 36.6813589], [138.66376, 36.6813795], [138.6639561, 36.6813928], [138.664069, 36.6814346], [138.6641069, 36.6815047], [138.6640518, 36.6815791], [138.6639488, 36.6816136], [138.6637257, 36.681648], [138.6635283, 36.6816617], [138.6632965, 36.6816962], [138.663039, 36.6817375], [138.6626785, 36.6818338], [138.6623095, 36.6819095], [138.6618975, 36.6819784], [138.6615799, 36.6820059], [138.6613911, 36.6820059], [138.6612795, 36.6819784], [138.6611679, 36.6819371], [138.6610563, 36.681882], [138.6609448, 36.6818682], [138.6607903, 36.681882], [138.6606701, 36.6819095], [138.660507, 36.6819233], [138.660404, 36.6819233], [138.6603096, 36.6818889], [138.6602066, 36.6818338], [138.6600435, 36.6817719], [138.659932, 36.6817994], [138.6598547, 36.6818407], [138.6597603, 36.6819371], [138.6596659, 36.682061], [138.6595972, 36.6822331], [138.6595629, 36.6824258], [138.65958, 36.6825841], [138.6595972, 36.682825], [138.6595715, 36.683121], [138.6595142, 36.6833349], [138.659417, 36.6835133], [138.6592957, 36.6837062], [138.6591595, 36.6839332], [138.6591166, 36.6840709], [138.6590393, 36.6843806], [138.6589621, 36.6846284], [138.6589277, 36.6849588], [138.6589106, 36.6853167], [138.658902, 36.6854131], [138.6588333, 36.6855163], [138.6587561, 36.6855645], [138.6586445, 36.6855851], [138.6584642, 36.6856127], [138.6583183, 36.685654], [138.6582497, 36.685709], [138.6582068, 36.6858123], [138.6581209, 36.6859706], [138.6580351, 36.6860876], [138.657975, 36.6861495], [138.6578033, 36.6862046], [138.657666, 36.6862666], [138.6575029, 36.6863629], [138.6573742, 36.6863973], [138.6572369, 36.6863904], [138.6570995, 36.6863629], [138.6569622, 36.6863285], [138.6568077, 36.6863423], [138.6566704, 36.6863767], [138.6565159, 36.6864937], [138.6564043, 36.6866038], [138.6561897, 36.6866864], [138.656061, 36.6867208], [138.6558807, 36.6867415], [138.6556404, 36.6867208], [138.6554173, 36.6867621], [138.655237, 36.686831], [138.6551598, 36.6869067], [138.6551426, 36.6870168], [138.6551254, 36.6871407], [138.6550997, 36.6872715], [138.6550568, 36.6873816], [138.6549109, 36.6876018], [138.6548164, 36.687767], [138.6546362, 36.6879666], [138.654413, 36.6881525], [138.65425, 36.6882695], [138.6539581, 36.6883865], [138.6537951, 36.6884209], [138.6535976, 36.6884415], [138.653323, 36.6885172], [138.6529282, 36.68871], [138.6525333, 36.6889233], [138.6523359, 36.688999], [138.6521214, 36.6889921], [138.6519669, 36.6889302], [138.6518038, 36.6887925], [138.6515377, 36.6884209], [138.6513145, 36.6881456], [138.6510313, 36.6879253], [138.6508081, 36.6878496], [138.6507209, 36.6878349], [138.6506238, 36.6878538], [138.650553, 36.6879028], [138.6505143, 36.6879744], [138.6505032, 36.6880393], [138.6505493, 36.6881401], [138.6506794, 36.688297], [138.6508768, 36.6886205], [138.6510227, 36.6889371], [138.6510828, 36.6891367], [138.6511429, 36.6893109], [138.6511681, 36.6896102], [138.6511767, 36.6898374], [138.6511879, 36.6899664], [138.6512121, 36.6900563], [138.6512636, 36.6900994], [138.6513258, 36.6901338], [138.6515012, 36.6901889], [138.6517335, 36.690228], [138.6519696, 36.6902219], [138.6521385, 36.6902035], [138.6523102, 36.6901347], [138.6525677, 36.6900108], [138.6527565, 36.6899282], [138.6529196, 36.6898938], [138.6531685, 36.6898938], [138.6533402, 36.6899419], [138.6534775, 36.6900039], [138.6536406, 36.6900934], [138.6537779, 36.6901897], [138.6539496, 36.6903618], [138.6541641, 36.6906921], [138.6543317, 36.6909992], [138.6544045, 36.6911326], [138.6547117, 36.6915971], [138.6548246, 36.6917635], [138.6551794, 36.6923607], [138.6552857, 36.6926007], [138.65531, 36.6926489], [138.6554214, 36.6927862], [138.6556232, 36.6929978], [138.655855, 36.6932593], [138.6559408, 36.693452], [138.6559923, 36.6936309], [138.6560267, 36.6937273], [138.6560438, 36.6938305], [138.6560524, 36.6940507], [138.656061, 36.6942022], [138.6561125, 36.6942847], [138.6561811, 36.6943604], [138.6562584, 36.694443], [138.6564558, 36.6945738], [138.6565502, 36.6946839], [138.6566361, 36.6948491], [138.656679, 36.6949592], [138.6566961, 36.6950762], [138.6566961, 36.6952207], [138.6566361, 36.6954203], [138.6565159, 36.6956818], [138.65637, 36.6959709], [138.6563099, 36.6961911], [138.6562756, 36.6963976], [138.6562412, 36.6965696], [138.6561297, 36.6967554], [138.6559666, 36.6971615], [138.6559151, 36.6972991], [138.6558893, 36.6974505], [138.6558722, 36.6982075], [138.655855, 36.6985309], [138.6557984, 36.6988484], [138.6556404, 36.6992673], [138.6555803, 36.6994393], [138.6554688, 36.699632], [138.6553743, 36.6998247], [138.6551426, 36.7002996], [138.6548679, 36.7007125], [138.6544388, 36.7015382], [138.6541813, 36.7019924], [138.6541126, 36.7021645], [138.6541298, 36.702364], [138.6541298, 36.7025429], [138.654104, 36.7027563], [138.6541212, 36.7030797], [138.6541298, 36.7035408], [138.654001, 36.7044491], [138.6539839, 36.704628], [138.6539925, 36.7047932], [138.6539581, 36.7049583], [138.6538981, 36.7050959], [138.6534946, 36.7054538], [138.6531084, 36.7057909], [138.6529968, 36.7059217], [138.6529453, 36.7060868], [138.6529367, 36.7062795], [138.6529711, 36.7064171], [138.6530912, 36.7065823], [138.6533487, 36.7068437], [138.6536921, 36.7070915], [138.6542529, 36.7073464], [138.6545246, 36.7074974], [138.6547649, 36.7076901], [138.6548851, 36.7079034], [138.6549624, 36.7080617], [138.6549709, 36.7081855], [138.6549109, 36.7083163], [138.6547392, 36.7084677], [138.6535118, 36.7091282], [138.6530741, 36.7093553], [138.6526106, 36.7095892], [138.6524132, 36.7097131], [138.6522673, 36.7098851], [138.6522587, 36.7099677], [138.6522673, 36.7100709], [138.6522844, 36.7101948], [138.6522759, 36.7102773], [138.6522415, 36.7104287], [138.65219, 36.7106558], [138.6521299, 36.7107934], [138.6520613, 36.7109585], [138.651984, 36.7110686], [138.6518896, 36.7111787], [138.6517866, 36.7113232], [138.6517609, 36.7114471], [138.6517609, 36.7115296], [138.651821, 36.7116328], [138.6520012, 36.7117085], [138.6522329, 36.7117498], [138.6524475, 36.7117842], [138.6525763, 36.7118392], [138.6526363, 36.7118874], [138.6526535, 36.7119906], [138.6526192, 36.712142], [138.6525505, 36.7123484], [138.6524647, 36.7124172], [138.6523617, 36.7124929], [138.65219, 36.7125824], [138.6520355, 36.7126443], [138.6519325, 36.7127268], [138.6518381, 36.7128782], [138.6517437, 36.7130434], [138.651675, 36.7132222], [138.6515806, 36.7134149], [138.6514862, 36.7135525], [138.6514175, 36.7136764], [138.651366, 36.7138897], [138.6513145, 36.7140479], [138.6512373, 36.7141511], [138.6511171, 36.7143094], [138.6510399, 36.7144745], [138.650997, 36.7146603], [138.6510141, 36.7147979], [138.6510571, 36.7150112], [138.6510571, 36.7151556], [138.6510571, 36.7153139], [138.6510056, 36.7155341], [138.6509712, 36.7156373], [138.6507824, 36.7158987], [138.6506365, 36.7161051], [138.6504734, 36.7162496], [138.6503189, 36.7163391], [138.6501043, 36.716401], [138.6499069, 36.7164835], [138.6498211, 36.7165592], [138.6497696, 36.7166349], [138.6496752, 36.7167863], [138.6495754, 36.7169295], [138.6494237, 36.717121], [138.6493555, 36.717221], [138.649202, 36.7173657], [138.6491105, 36.7174428], [138.6490109, 36.7174922], [138.6489007, 36.7175292], [138.6487426, 36.7175347], [138.6483963, 36.7175293], [138.6481869, 36.7175057], [138.6479816, 36.7175021], [138.6478677, 36.7175072], [138.6477783, 36.717488], [138.6475601, 36.7174331], [138.6474764, 36.7174379], [138.6473928, 36.7174549], [138.647229, 36.7175048], [138.6470881, 36.7175579], [138.6467613, 36.7177108], [138.6465375, 36.7177967], [138.6463271, 36.717837], [138.6461113, 36.7178685], [138.6459759, 36.7179383], [138.6456718, 36.7181279], [138.6454473, 36.7182992], [138.6453542, 36.7184177], [138.6452432, 36.7186401], [138.6451158, 36.718922], [138.6450293, 36.7190539], [138.6449116, 36.7190911], [138.6448257, 36.7190498], [138.6447142, 36.7189466], [138.6446798, 36.7187471], [138.6447228, 36.7184925], [138.6447785, 36.7183076], [138.6448662, 36.7181157], [138.6448833, 36.718064], [138.6448744, 36.7180248], [138.6448389, 36.717995], [138.644768, 36.7179995], [138.6447056, 36.7180453], [138.644594, 36.7182105], [138.6445208, 36.7183033], [138.6444089, 36.7184289], [138.6442743, 36.718594], [138.6440598, 36.7189007], [138.6440189, 36.7190567], [138.6440104, 36.7192975], [138.6439773, 36.7194407], [138.6438833, 36.7196765], [138.6438315, 36.71986], [138.6438121, 36.7199232], [138.6437896, 36.7199499], [138.6437494, 36.7199667]], [[138.627577, 36.8125926], [138.6275404, 36.8128018], [138.6275558, 36.8130782], [138.627579, 36.813204], [138.627572, 36.813344], [138.627537, 36.8136173], [138.6275324, 36.813731], [138.6275524, 36.8139056], [138.627614, 36.814015], [138.627719, 36.814139], [138.62781, 36.814212], [138.627845, 36.814229], [138.628048, 36.81424], [138.628118, 36.814263], [138.628279, 36.814392], [138.628405, 36.814516], [138.628475, 36.814561], [138.628846, 36.814679], [138.628923, 36.814711], [138.629014, 36.814753], [138.629601, 36.815096], [138.629665, 36.815137], [138.62986, 36.815253], [138.630035, 36.815372], [138.630161, 36.815479], [138.630385, 36.815732], [138.630672, 36.815957], [138.631029, 36.816216], [138.631372, 36.816447], [138.631666, 36.816689], [138.632274, 36.817005], [138.632371, 36.817055], [138.63261, 36.817216], [138.632771, 36.817331], [138.632876, 36.817433], [138.63289, 36.817489], [138.632855, 36.817893], [138.632827, 36.818017], [138.632743, 36.818203], [138.63268, 36.818299], [138.632463, 36.818575], [138.632232, 36.81897], [138.632213, 36.819024], [138.632201, 36.819059], [138.63219, 36.81911], [138.632172, 36.819155], [138.632156, 36.819195], [138.632134, 36.819235], [138.632075, 36.819337], [138.632055, 36.819362], [138.632037, 36.819377], [138.632012, 36.819392], [138.631979, 36.819407], [138.63191, 36.819426], [138.631891, 36.819431], [138.631849, 36.819437], [138.631806, 36.819446], [138.631739, 36.819451], [138.631669, 36.819457], [138.631584, 36.819464], [138.631493, 36.819466], [138.631375, 36.819464], [138.631246, 36.819454], [138.631166, 36.819436], [138.631085, 36.819421], [138.630907, 36.819367], [138.630826, 36.819342], [138.630778, 36.819335], [138.630721, 36.819325], [138.629342, 36.819331], [138.629237, 36.819314], [138.628999, 36.819235], [138.628893, 36.819204], [138.628829, 36.819195], [138.62876, 36.819191], [138.628718, 36.819191], [138.62867, 36.819197], [138.628594, 36.819219], [138.628556, 36.819232], [138.628523, 36.819246], [138.628293, 36.81937], [138.628174, 36.819466], [138.628139, 36.819511], [138.628128, 36.819532], [138.628126, 36.819561], [138.628132, 36.81959], [138.628138, 36.819617], [138.628164, 36.81967], [138.628211, 36.819767], [138.628243, 36.819842], [138.628247, 36.819902], [138.628247, 36.819967], [138.62824, 36.820002], [138.628231, 36.820025], [138.628219, 36.820047], [138.628204, 36.820067], [138.628194, 36.820079], [138.628183, 36.82009], [138.62817, 36.820107], [138.628157, 36.820121], [138.628115, 36.820169], [138.627796, 36.820382], [138.627628, 36.820451], [138.627411, 36.820495], [138.627358, 36.820512], [138.627307, 36.820542], [138.627264, 36.820577], [138.627218, 36.820622], [138.627145, 36.820704], [138.627091, 36.820787], [138.627079, 36.820864], [138.627089, 36.821003], [138.62718, 36.821334], [138.627208, 36.821493], [138.62718, 36.821639], [138.627075, 36.821904], [138.627052, 36.821993], [138.627047, 36.822011], [138.627061, 36.822146], [138.627138, 36.82236], [138.62718, 36.822473], [138.627215, 36.822613], [138.627236, 36.82276], [138.627236, 36.822951], [138.627082, 36.823453], [138.627082, 36.823554], [138.627117, 36.823661], [138.627236, 36.823835], [138.627383, 36.823954], [138.627663, 36.824145], [138.627726, 36.824213], [138.627803, 36.824263], [138.628026, 36.824348], [138.628138, 36.824416], [138.628236, 36.824506], [138.628293, 36.82459], [138.628453, 36.82508], [138.628495, 36.825215], [138.628565, 36.825367], [138.628621, 36.82544], [138.628803, 36.825609], [138.629293, 36.825964], [138.629391, 36.826043], [138.629677, 36.826392], [138.630006, 36.826628], [138.630153, 36.826707], [138.630342, 36.826826], [138.630656, 36.827067], [138.630901, 36.827196], [138.631504, 36.827416], [138.631665, 36.827495], [138.631882, 36.827658], [138.632148, 36.827793], [138.632239, 36.827861], [138.632261, 36.82791], [138.632261, 36.828032], [138.632266, 36.828305], [138.632288, 36.828345], [138.632314, 36.828368], [138.632353, 36.828381], [138.632463, 36.828425], [138.632589, 36.82847], [138.632862, 36.828605], [138.632988, 36.828722], [138.632994, 36.828731], [138.633211, 36.829021], [138.633338, 36.82928], [138.633379, 36.829401], [138.633398, 36.82952], [138.6334, 36.829581], [138.633393, 36.829663], [138.633366, 36.82973], [138.633309, 36.829805], [138.633253, 36.829848], [138.6332, 36.829885], [138.633149, 36.8299], [138.633111, 36.829906], [138.633079, 36.829906], [138.63302, 36.829893], [138.632948, 36.829876], [138.632862, 36.829855], [138.632744, 36.829849], [138.632682, 36.829855], [138.632622, 36.829871], [138.632556, 36.829903], [138.632488, 36.829944], [138.632428, 36.829973], [138.632391, 36.829985], [138.632334, 36.829998], [138.632289, 36.830008], [138.632245, 36.830014], [138.632144, 36.830019], [138.632045, 36.830028], [138.632016, 36.83004], [138.631992, 36.830058], [138.631948, 36.830085], [138.631912, 36.830113], [138.63187, 36.830144], [138.631821, 36.830191], [138.631788, 36.830216], [138.631743, 36.830234], [138.6317, 36.830238], [138.631469, 36.830249], [138.631273, 36.830289], [138.631158, 36.830337], [138.631119, 36.830371], [138.631107, 36.8304], [138.631094, 36.830431], [138.631094, 36.830459], [138.631106, 36.830486], [138.631122, 36.830508], [138.631149, 36.830534], [138.631203, 36.83057], [138.6314671, 36.830707], [138.631594, 36.830777], [138.631629, 36.830811], [138.631649, 36.830832], [138.63167, 36.830868], [138.631684, 36.830901], [138.631694, 36.830943], [138.631706, 36.831008], [138.631713, 36.831074], [138.631716, 36.831122], [138.631721, 36.831148], [138.631734, 36.831174], [138.631757, 36.831194], [138.631805, 36.831222], [138.632106, 36.831409], [138.6323197, 36.831527], [138.632911, 36.831837], [138.632988, 36.831905], [138.633048, 36.83199], [138.633073, 36.832031], [138.633081, 36.83207], [138.633083, 36.832085], [138.633073, 36.832113], [138.633065, 36.832131], [138.633048, 36.832149], [138.633023, 36.832159], [138.632986, 36.832172], [138.632959, 36.83218], [138.632877, 36.832194], [138.632784, 36.832209], [138.632603, 36.832203], [138.6322913, 36.8321358], [138.631889, 36.832046], [138.631814, 36.832039], [138.631734, 36.832041], [138.631693, 36.832045], [138.631665, 36.832052], [138.631631, 36.832076], [138.631604, 36.832104], [138.631591, 36.832125], [138.631546, 36.832215], [138.631364, 36.832676], [138.631301, 36.832817], [138.631203, 36.833103], [138.631199, 36.833133], [138.631212, 36.833174], [138.631233, 36.833201], [138.63125, 36.833218], [138.631263, 36.833235], [138.631277, 36.8332638], [138.631367, 36.8332645], [138.6314712, 36.833279], [138.631686, 36.833341], [138.631861, 36.833403], [138.6322501, 36.8335472], [138.6326094, 36.8337268], [138.6329104, 36.8338618], [138.6329804, 36.8339458], [138.6329734, 36.8340138], [138.632861, 36.834219], [138.632861, 36.834332], [138.632903, 36.834461], [138.632903, 36.834602], [138.632777, 36.834771], [138.632742, 36.834828], [138.632707, 36.834957], [138.632714, 36.835103], [138.632798, 36.835273], [138.632868, 36.835346], [138.633008, 36.835458], [138.633155, 36.835548], [138.633316, 36.835661], [138.633463, 36.835808], [138.633533, 36.835881], [138.633547, 36.835903], [138.63354, 36.835982], [138.633498, 36.836021], [138.633358, 36.8360789], [138.6332483, 36.8360957], [138.6331224, 36.8360628], [138.633008, 36.8359742], [138.632777, 36.835808], [138.63256, 36.835689], [138.632476, 36.835655], [138.63235, 36.835627], [138.632252, 36.835628], [138.632158, 36.835639], [138.632027, 36.835655], [138.631966, 36.835658], [138.631902, 36.835661], [138.631814, 36.835651], [138.631699, 36.835618], [138.631601, 36.83559], [138.631527, 36.835574], [138.631434, 36.835558], [138.631289, 36.835547], [138.631208, 36.835553], [138.631079, 36.835574], [138.630961, 36.835612], [138.630759, 36.835693], [138.630489, 36.835806], [138.630252, 36.8359157], [138.630024, 36.836045], [138.6298033, 36.8361366], [138.6297447, 36.83615], [138.6296788, 36.8361682], [138.6296046, 36.836186], [138.6295265, 36.8362034], [138.6294709, 36.836218], [138.6293977, 36.8362485], [138.6293158, 36.8362812], [138.6292513, 36.8363252], [138.6291745, 36.8363928], [138.6291084, 36.8364927], [138.6291049, 36.8371209], [138.6290724, 36.8371996], [138.6290137, 36.8372522], [138.6289289, 36.8372919], [138.6288272, 36.837316], [138.6287175, 36.8373206], [138.6282878, 36.8373114], [138.6280617, 36.8372852], [138.6278486, 36.8372675], [138.6277086, 36.8372436], [138.6274785, 36.8372064], [138.6272961, 36.8371863], [138.6271164, 36.8371913], [138.6269286, 36.8372034], [138.6265987, 36.83726], [138.6264753, 36.8372804], [138.6263156, 36.8372776], [138.6261634, 36.8372563], [138.626011, 36.8371977], [138.6258753, 36.8371673], [138.6256391, 36.8370996], [138.6255466, 36.8370781], [138.6254836, 36.8370663], [138.6253533, 36.8370587], [138.6252569, 36.8370416], [138.6251125, 36.8369955], [138.6249917, 36.8369891], [138.624849, 36.8370695], [138.6247535, 36.8370988], [138.6246748, 36.8371379], [138.6245618, 36.8371935], [138.6244626, 36.8372247], [138.6242893, 36.8372697], [138.6241968, 36.8372922], [138.6241364, 36.8373244], [138.6240989, 36.8373781], [138.6240777, 36.8374478], [138.6240481, 36.8375522], [138.6240083, 36.8376271], [138.6239423, 36.8377022], [138.6238678, 36.8377579], [138.6238033, 36.8377873], [138.6236765, 36.8378371], [138.623593, 36.8378778], [138.6235352, 36.8379216], [138.6234431, 36.8380157], [138.6233975, 36.8380822], [138.6233318, 36.8382349], [138.6232808, 36.8383301], [138.6231749, 36.838475], [138.623018, 36.838738], [138.6229785, 36.8388457], [138.6229446, 36.8389564], [138.6229494, 36.8390507], [138.6229741, 36.839196], [138.6229687, 36.8393148], [138.6229332, 36.8394133], [138.6228839, 36.8394958], [138.6228199, 36.8395608], [138.6227296, 36.8396374], [138.6226678, 36.8397201], [138.6225912, 36.8398087], [138.6225233, 36.8399215], [138.6224783, 36.8400358], [138.6224511, 36.8401355], [138.6224399, 36.84021], [138.6224337, 36.8403481], [138.6224166, 36.8404338], [138.622382, 36.840501], [138.6223401, 36.840563], [138.6222781, 36.8406315], [138.6220147, 36.8409075], [138.621975, 36.8409955], [138.6219248, 36.8411026], [138.6218889, 36.841197], [138.6218689, 36.8412718], [138.621834, 36.8414168], [138.621794, 36.8415239], [138.6217526, 36.8416168], [138.6216832, 36.8417228], [138.6216384, 36.8417982], [138.6215975, 36.8419059], [138.6215447, 36.8420374], [138.6214922, 36.8421297], [138.6214456, 36.8422541], [138.6213604, 36.8423507], [138.6213317, 36.8425887], [138.6212994, 36.8427019], [138.6212503, 36.8428677], [138.6210919, 36.843118], [138.6210158, 36.8432612], [138.6209724, 36.8433709], [138.6209425, 36.8436822], [138.6209243, 36.8438066], [138.620933, 36.8438993], [138.620953, 36.8439674], [138.6210237, 36.8440475], [138.6213442, 36.8443566], [138.6215491, 36.8444902], [138.6217068, 36.8445689], [138.6218727, 36.8446153], [138.622168, 36.8446754], [138.6223262, 36.8446965], [138.6224646, 36.8447703], [138.622777, 36.845069], [138.622875, 36.845138], [138.622943, 36.845177], [138.62303, 36.845216], [138.6231, 36.845233], [138.6234504, 36.845271], [138.623851, 36.84531], [138.6241799, 36.8453901], [138.6243849, 36.8454907], [138.6245556, 36.8456875], [138.624649, 36.845835], [138.624718, 36.845898], [138.624775, 36.845937], [138.624928, 36.846023], [138.624999, 36.846049], [138.625123, 36.846091], [138.625204, 36.846106], [138.625461, 36.846201], [138.625664, 36.846292], [138.625728, 36.846359], [138.625798, 36.846494], [138.62598, 36.846968], [138.62605, 36.847098], [138.6263003, 36.8474255], [138.626554, 36.847683], [138.626694, 36.847875], [138.626799, 36.848061], [138.62696, 36.848449], [138.626974, 36.848545], [138.626953, 36.848646], [138.626911, 36.848838], [138.626883, 36.848916], [138.626778, 36.849131], [138.626701, 36.84935], [138.62668, 36.849435], [138.626519, 36.849885], [138.6264439, 36.8501492], [138.626387, 36.8503534], [138.6263568, 36.8505105], [138.6263389, 36.8506219], [138.626318, 36.8506887], [138.6262862, 36.8507429], [138.6262231, 36.850812], [138.6261465, 36.8508875], [138.6260438, 36.8509727], [138.6259454, 36.8510541], [138.62586, 36.8511312], [138.6258153, 36.8512045], [138.6257776, 36.8513094], [138.6257358, 36.8514588], [138.6256377, 36.8516449], [138.6255577, 36.8517723], [138.6254777, 36.8518548], [138.6253929, 36.8519364], [138.6253403, 36.8520165], [138.6252999, 36.8521039], [138.6252749, 36.8521679], [138.6252514, 36.8522895], [138.6252279, 36.8524225], [138.6252288, 36.8525681], [138.6252565, 36.8526415], [138.6253125, 36.8527251], [138.6253908, 36.8528055], [138.6254963, 36.8528679], [138.6257182, 36.8529781], [138.6258851, 36.8530631], [138.6259886, 36.8531427], [138.6260455, 36.853241], [138.6260939, 36.8534264], [138.6261323, 36.8536389], [138.6261603, 36.8537373], [138.6262196, 36.8538504], [138.626325, 36.8539999], [138.6263749, 36.8540997], [138.6263945, 36.854167], [138.6263904, 36.8542453], [138.6263662, 36.854316], [138.6263298, 36.8543808], [138.626286, 36.8544385], [138.6262477, 36.8545042], [138.6262277, 36.8545761], [138.6262254, 36.8546618], [138.626249, 36.8547279], [138.6262943, 36.8548055], [138.6263607, 36.8548594], [138.6264642, 36.8549274], [138.6265935, 36.8549939], [138.6267843, 36.855064], [138.6270849, 36.8551459], [138.6272727, 36.8552231], [138.627384, 36.8552962], [138.6274825, 36.8553995], [138.627572, 36.8555463], [138.6276346, 36.8556488], [138.6277332, 36.8557489], [138.6279417, 36.8559012], [138.6281102, 36.8560536], [138.628164, 36.8561402], [138.628198, 36.8562379], [138.628253, 36.8563968], [138.6282964, 36.8565007], [138.6283588, 36.8565989], [138.6284703, 36.8567145], [138.6285008, 36.8567781], [138.6285143, 36.8568745], [138.6285218, 36.8569756], [138.6285381, 36.8570527], [138.6286791, 36.8574387], [138.6287434, 36.8576735], [138.6288278, 36.8582591], [138.6288882, 36.8584032], [138.6289393, 36.8585327], [138.6289575, 36.858597], [138.6289669, 36.8586529], [138.6289809, 36.8587722], [138.6289838, 36.8589197], [138.6289972, 36.8589674], [138.6290325, 36.8590197], [138.6290978, 36.8590912], [138.6292326, 36.8592586], [138.6293304, 36.8593977], [138.6294058, 36.8595436], [138.6294402, 36.8596235], [138.6294674, 36.8597067], [138.6294781, 36.8597701], [138.6294745, 36.8598276], [138.6294554, 36.8599052], [138.6294084, 36.8599757], [138.6293389, 36.8600972], [138.6292955, 36.8601783], [138.6292573, 36.8602839], [138.629246, 36.860405], [138.6292559, 36.8605064], [138.6292721, 36.8605998], [138.6293166, 36.8607651], [138.629418, 36.8610635], [138.6295447, 36.8613561], [138.6296029, 36.8614933], [138.6296728, 36.8616055], [138.6297127, 36.8616518], [138.6297509, 36.8616911], [138.6298128, 36.8617401], [138.6299213, 36.8617859], [138.6300308, 36.8618169], [138.6304424, 36.8619384], [138.6305389, 36.8619568], [138.630626, 36.8619676], [138.6307153, 36.8619681], [138.6311198, 36.8619402], [138.6313257, 36.861933], [138.6314144, 36.8619355], [138.6315072, 36.8619582], [138.6315837, 36.862014], [138.6316524, 36.8620943], [138.6317338, 36.8622873], [138.6318155, 36.8624677], [138.6319447, 36.8626303], [138.6321907, 36.8627121], [138.6325539, 36.8627871], [138.6327431, 36.8629594], [138.6328849, 36.8631343], [138.6330963, 36.8633892], [138.6331875, 36.8635701], [138.6332522, 36.8636984], [138.6332954, 36.8637449], [138.6333059, 36.8637563], [138.633416, 36.8637916], [138.6336822, 36.8638157], [138.6339793, 36.8638379], [138.6342079, 36.8638503], [138.6343302, 36.8638569], [138.6346259, 36.8639262], [138.6347421, 36.8640196], [138.6348085, 36.8640906], [138.6349004, 36.8642912], [138.6349249, 36.8643789], [138.6349925, 36.8645197], [138.6350501, 36.864693], [138.6350266, 36.864799], [138.6348033, 36.865114], [138.6346476, 36.8652752], [138.6343819, 36.8654478], [138.6342935, 36.865518], [138.6342239, 36.8655964], [138.6341542, 36.8657221], [138.6340945, 36.8659531], [138.6340854, 36.8660935], [138.6341471, 36.8662733], [138.6342647, 36.8665627], [138.6343109, 36.8667554], [138.6344001, 36.8668786], [138.6345557, 36.8669761], [138.6348827, 36.8671927], [138.6351508, 36.8673806], [138.635271, 36.8675716], [138.6352903, 36.8677376], [138.635256, 36.8683762], [138.6352107, 36.8688512], [138.6352302, 36.8690866], [138.6352539, 36.8692404], [138.6352903, 36.8695023], [138.6353882, 36.8699892], [138.6354863, 36.8701917], [138.6356906, 36.8704713], [138.6358847, 36.8706885], [138.636205, 36.8708925], [138.6363746, 36.8710983], [138.6364863, 36.8713668], [138.636605, 36.871748], [138.6367022, 36.8719618], [138.6369473, 36.8723462], [138.6370526, 36.8726185], [138.6370756, 36.8727913], [138.6371095, 36.8730141], [138.6371845, 36.8731855], [138.6372569, 36.8732788], [138.6377292, 36.8735055], [138.6380036, 36.8737157], [138.6381661, 36.8738944], [138.6382512, 36.8740174], [138.6382893, 36.8741422], [138.6382813, 36.8743996], [138.6383953, 36.8747641], [138.6384498, 36.874993], [138.6384354, 36.875163], [138.638408, 36.8753265], [138.6384354, 36.8754461], [138.6385397, 36.8756799], [138.6385441, 36.8757447], [138.638504, 36.8758774], [138.6383763, 36.8760798], [138.6383545, 36.8761946], [138.63839, 36.8763498], [138.6384546, 36.876526], [138.6384736, 36.876664], [138.6384818, 36.876724], [138.6384425, 36.8776701], [138.6383821, 36.8782957], [138.6383641, 36.8784614], [138.6383966, 36.8785881], [138.6385126, 36.8786523], [138.6386483, 36.878663], [138.6387995, 36.878646], [138.6391665, 36.8785736], [138.6396203, 36.8785412], [138.6397285, 36.8785425], [138.6399866, 36.8786359], [138.6401015, 36.8786893], [138.6402063, 36.8787954], [138.6402575, 36.8788929], [138.6402598, 36.8789888], [138.6402215, 36.8790848], [138.6401851, 36.8791366], [138.6401301, 36.8791987], [138.6397413, 36.8794655], [138.6394892, 36.8797252], [138.6393408, 36.8799738], [138.6392174, 36.8802068], [138.6391487, 36.8803367], [138.6390805, 36.8804238], [138.6389506, 36.8805108], [138.638524, 36.8807478], [138.6384924, 36.8808077], [138.638504, 36.8808873], [138.6385343, 36.8809539], [138.6387014, 36.8811652], [138.6387393, 36.8812633], [138.6386592, 36.8815795], [138.6385158, 36.88184], [138.6384104, 36.8819386], [138.638163, 36.881972], [138.6377391, 36.8819413], [138.6375045, 36.8819243], [138.6368701, 36.8819211], [138.6365456, 36.8819691], [138.6364168, 36.8820067], [138.6363579, 36.8820914], [138.6363847, 36.8822219], [138.6365188, 36.8823716], [138.636743, 36.8827081], [138.6368857, 36.8832054], [138.6370446, 36.8834367], [138.6372377, 36.8839208], [138.6375853, 36.8842098], [138.6376509, 36.8844702], [138.6376183, 36.8845886], [138.6374688, 36.8847495], [138.6374329, 36.8848213], [138.6374151, 36.8849498], [138.6374814, 36.8850336], [138.6377354, 36.8851935], [138.6377857, 36.885237], [138.6378117, 36.8854585], [138.6379086, 36.8855988], [138.6382187, 36.8857532], [138.6385918, 36.8859094], [138.6386372, 36.886001], [138.638514, 36.8860413], [138.6383772, 36.886016], [138.6378809, 36.8858054], [138.6376006, 36.8855782], [138.6374097, 36.8854197], [138.6373013, 36.8854104], [138.6372299, 36.8854651], [138.6372189, 36.8855226], [138.6373872, 36.8856413], [138.6375421, 36.8858059], [138.6374392, 36.8861215], [138.637431, 36.8861872], [138.637557, 36.8863602], [138.6377129, 36.8866881], [138.6378846, 36.8870408], [138.6378577, 36.8872124], [138.6377858, 36.8873235], [138.6376098, 36.8872811], [138.637548, 36.8871566], [138.6375232, 36.8869788], [138.6374619, 36.8866837], [138.6373085, 36.8864975], [138.6371348, 36.8863739], [138.6370049, 36.8864387], [138.6369878, 36.8865979], [138.6371898, 36.887137], [138.6372638, 36.8873697], [138.6372791, 36.8876111], [138.6371875, 36.8877805], [138.6369512, 36.8880828], [138.6367711, 36.8881902], [138.6362817, 36.8884061], [138.6360645, 36.888416], [138.6359451, 36.8883982], [138.6358288, 36.8883311], [138.6357113, 36.8882735], [138.6355846, 36.8883096], [138.6355026, 36.8884333], [138.6355222, 36.8885842], [138.635679, 36.8889584], [138.635771, 36.8893576], [138.6356165, 36.889646], [138.6354448, 36.8899068], [138.6348375, 36.8905984], [138.6347024, 36.8908052], [138.6345468, 36.8908679], [138.6342153, 36.8909898], [138.6340748, 36.8910806], [138.6340458, 36.8913046], [138.6340973, 36.8915415], [138.6340694, 36.8917002], [138.6337626, 36.8919799], [138.6337282, 36.8921858], [138.6335716, 36.8923609], [138.633519, 36.8925145], [138.6334664, 36.8925694], [138.6333077, 36.8926458], [138.6329472, 36.8926046], [138.6325867, 36.8924879], [138.632209, 36.8925222], [138.6320889, 36.8926595], [138.6321833, 36.8928517], [138.6324665, 36.893092], [138.63265, 36.8933099], [138.6327936, 36.8935284], [138.6330501, 36.8937104], [138.6331256, 36.8937728], [138.6331566, 36.8938308], [138.6331316, 36.8939123], [138.6329998, 36.8940024], [138.6328538, 36.8940932], [138.63255, 36.8941368], [138.6323785, 36.8942625], [138.6321286, 36.8942483], [138.6318646, 36.8943185], [138.631672, 36.8944085], [138.6316304, 36.8945411], [138.6316168, 36.894687], [138.631555, 36.8947456], [138.6314687, 36.8947531], [138.6312975, 36.8947681], [138.6311884, 36.8947196], [138.630853, 36.894564], [138.6305246, 36.8946545], [138.6301308, 36.8948467], [138.6296785, 36.895167], [138.6296871, 36.8953226], [138.6298849, 36.8955146], [138.6303135, 36.8958547], [138.6303488, 36.8960057], [138.6302667, 36.8961327], [138.6298312, 36.8965088], [138.6298129, 36.8965427], [138.6298237, 36.8965765], [138.6298551, 36.8966155], [138.6299326, 36.8966285], [138.6302039, 36.8966577], [138.6305634, 36.8966996], [138.6306857, 36.896713], [138.6307846, 36.8967562], [138.6308518, 36.8968166], [138.6308597, 36.8968685], [138.6308046, 36.897005], [138.6307029, 36.8971246], [138.630682, 36.8973039], [138.6307227, 36.8974294], [138.6308399, 36.8975004], [138.6311227, 36.8976782], [138.6311934, 36.8978424], [138.6312598, 36.8980011], [138.631208, 36.8981128], [138.6311143, 36.8981709], [138.6310056, 36.8981947], [138.6307728, 36.898182], [138.6306212, 36.8982126], [138.6304978, 36.8982299], [138.6304108, 36.8982866], [138.6302547, 36.898522], [138.6300039, 36.8990882], [138.629928, 36.8993692], [138.6298935, 36.8996146], [138.6297543, 36.8997638], [138.6295795, 36.8999415], [138.6294211, 36.9001594], [138.6294647, 36.9002792], [138.6295436, 36.9004126], [138.6295683, 36.9004752], [138.6295324, 36.9005309], [138.6293717, 36.9005286], [138.6291662, 36.9005007], [138.6289112, 36.9004898], [138.6288446, 36.9005287], [138.628854, 36.9006009], [138.6290103, 36.9008778], [138.629031, 36.9009333], [138.629041, 36.9009908], [138.6290366, 36.90104], [138.6290142, 36.9010911], [138.6289345, 36.9011182], [138.6286447, 36.9011715], [138.6286222, 36.9012272], [138.6286117, 36.9012715], [138.6286728, 36.9013351], [138.6292407, 36.9015805], [138.6297285, 36.9018435], [138.629928, 36.9019916], [138.630006, 36.9020877], [138.6300652, 36.9022124], [138.6301242, 36.9023848], [138.6305274, 36.9029239], [138.6305968, 36.9030113], [138.6306117, 36.9031301], [138.6304678, 36.903433], [138.6303598, 36.9037279], [138.6303574, 36.9038536], [138.630466, 36.9042711], [138.6306524, 36.9045976], [138.6308331, 36.905015], [138.6310203, 36.9054399], [138.6312558, 36.9058528], [138.6317689, 36.9064843], [138.632018, 36.906684], [138.6325957, 36.9074965], [138.6326949, 36.9078105], [138.6329913, 36.9081334], [138.6332108, 36.9082679], [138.6334284, 36.9083642], [138.6339608, 36.9089239], [138.6341772, 36.9092928], [138.6344212, 36.9096647], [138.6345246, 36.9100909], [138.6345375, 36.9101909], [138.6345129, 36.9102933], [138.6342982, 36.9106282], [138.6342451, 36.9107625], [138.634255, 36.9109067], [138.6342994, 36.9109696], [138.6343594, 36.9110729], [138.6346297, 36.9112221], [138.634749, 36.9113251], [138.6348066, 36.911406], [138.6348087, 36.9114549], [138.6347937, 36.9115438], [138.6347641, 36.911616], [138.6345762, 36.9118052], [138.6345174, 36.9119131], [138.6345015, 36.9120309], [138.6343037, 36.9127644], [138.6342499, 36.912956], [138.6342241, 36.9131648], [138.6342473, 36.9132991], [138.6343004, 36.9134702], [138.6344228, 36.9136488], [138.6344904, 36.9138463], [138.6345493, 36.9139493], [138.634573, 36.9141119], [138.6346257, 36.9142401], [138.6351013, 36.9147847], [138.6351165, 36.9148382], [138.6350364, 36.9151525], [138.6350115, 36.9153723], [138.6350555, 36.9154842], [138.6351004, 36.9155597], [138.6352474, 36.9157031], [138.6356212, 36.9158576], [138.6358536, 36.9159604], [138.6361083, 36.9160846], [138.6364662, 36.9163243], [138.6366995, 36.9164945], [138.6367655, 36.9165678], [138.6367508, 36.9166134], [138.6366814, 36.9166462], [138.6365026, 36.9166975], [138.6363757, 36.9167615], [138.636203, 36.9170083], [138.6359737, 36.91744], [138.6358326, 36.9177632], [138.6358219, 36.9178007], [138.6357632, 36.918006], [138.6357346, 36.9181274], [138.6357527, 36.9182076], [138.635838, 36.918287], [138.6360213, 36.9183814], [138.6360656, 36.9183936], [138.6364217, 36.9184921], [138.6364531, 36.918502], [138.6369015, 36.9186439], [138.6373852, 36.9190271], [138.637445, 36.9190844], [138.6377595, 36.9194665], [138.6379455, 36.9195981], [138.6380385, 36.919646], [138.6381762, 36.9196999], [138.6386852, 36.9197479], [138.6391931, 36.919743], [138.6393003, 36.9197688], [138.6394102, 36.9198247], [138.639686, 36.9201088], [138.6400084, 36.9203053], [138.6402252, 36.920499], [138.6403251, 36.9206708], [138.6403957, 36.9208627], [138.6405314, 36.9211168], [138.6406551, 36.9212906], [138.6408896, 36.9214524], [138.6413628, 36.9217811], [138.641408, 36.9218242], [138.6414055, 36.9218713], [138.6413407, 36.9220433], [138.641332, 36.922097], [138.6413941, 36.9222017], [138.6416443, 36.9223853], [138.6417219, 36.9224675], [138.6417202, 36.9225328], [138.6416685, 36.9225969], [138.6415823, 36.9226726], [138.6415668, 36.9227314], [138.6415585, 36.9229072], [138.6415259, 36.9230608], [138.6415673, 36.9233111], [138.6415836, 36.9235931], [138.6416642, 36.9239024], [138.6417415, 36.9240962], [138.6419241, 36.9243591], [138.6421392, 36.9244417], [138.6423869, 36.9245131], [138.6426275, 36.9245484], [138.6428253, 36.9244859], [138.6430048, 36.9244809], [138.643175, 36.9245207], [138.6434203, 36.9245988], [138.6439511, 36.9246633], [138.6441451, 36.9247167], [138.6444218, 36.9248901], [138.6445647, 36.9250498], [138.6446662, 36.925227], [138.6447584, 36.925319], [138.6449191, 36.925352], [138.6456019, 36.925495], [138.6457855, 36.9257092], [138.6458814, 36.9258433], [138.6459842, 36.9260037], [138.6461293, 36.9262493], [138.6462458, 36.9264077], [138.6463968, 36.9265948], [138.6466286, 36.9267422], [138.6472862, 36.926969], [138.6478223, 36.9271736], [138.6480475, 36.9272858], [138.6482594, 36.9274768], [138.6483722, 36.9275723], [138.6484869, 36.927611], [138.6487346, 36.9277631], [138.6488155, 36.9278128], [138.6490483, 36.9279823], [138.6493391, 36.9281496], [138.649569, 36.9282744], [138.6497739, 36.9284797], [138.6500497, 36.9286283], [138.6504958, 36.9290671], [138.6506379, 36.9293796], [138.6506654, 36.9295502], [138.6506505, 36.9297066], [138.650655, 36.929863], [138.6506553, 36.9299449], [138.6506839, 36.9300385], [138.6508095, 36.9301538], [138.651399, 36.9303696], [138.6516905, 36.930427], [138.6518955, 36.9304953], [138.6521183, 36.9305841], [138.652273, 36.9306763], [138.6525451, 36.9307352], [138.6526618, 36.9308284], [138.6527829, 36.9309904], [138.6543228, 36.9318267], [138.6547115, 36.9320973], [138.6550958, 36.9324129], [138.6552077, 36.9326224], [138.6553245, 36.9328611], [138.6555071, 36.933014], [138.6561512, 36.9333637], [138.6568724, 36.9335856], [138.6571976, 36.9336917], [138.6574878, 36.933748], [138.6579253, 36.9338244], [138.6583259, 36.9339529], [138.6586854, 36.9343], [138.6592878, 36.9349412], [138.6600238, 36.9360679], [138.6600338, 36.936211], [138.6599907, 36.9363552], [138.6598075, 36.9366477], [138.6597539, 36.9368375], [138.6597668, 36.9369869], [138.6600763, 36.9373684], [138.660258, 36.9376163], [138.6603231, 36.9377865], [138.660936, 36.9397499], [138.6609374, 36.9406672], [138.6609394, 36.9415247], [138.6609, 36.9421633], [138.6609179, 36.9427468], [138.6609868, 36.9428646], [138.6611048, 36.9429686], [138.661178, 36.9431088], [138.6613415, 36.9436205], [138.6613896, 36.9438346], [138.6614053, 36.9441415], [138.661381, 36.9443782], [138.6612961, 36.9445157], [138.6611116, 36.9448323], [138.6609768, 36.9450749], [138.6609278, 36.9452936], [138.6609825, 36.9455137], [138.6612553, 36.9458262], [138.6615108, 36.946021], [138.6618457, 36.9462271], [138.6619682, 36.9462992], [138.6620376, 36.9464043], [138.6620834, 36.946582], [138.662063, 36.9467347], [138.6620596, 36.9469061], [138.6622554, 36.9471742], [138.6623528, 36.9473382], [138.66236, 36.9475355], [138.6624144, 36.9476672], [138.6624872, 36.9478392], [138.6626498, 36.9479274], [138.6629586, 36.9479895], [138.6631599, 36.9480268], [138.6632368, 36.9480646], [138.6639043, 36.9484998]], [[138.6510159, 37.0137621], [138.6510621, 37.0137224], [138.6517524, 37.0132017], [138.6518229, 37.0131436], [138.6531914, 37.0120993], [138.6539167, 37.0115458], [138.6539568, 37.0115149], [138.6543174, 37.0112373], [138.6545214, 37.0110933], [138.6546881, 37.0109875], [138.6550409, 37.0108151], [138.6554405, 37.0106216], [138.6561821, 37.0102743], [138.6563804, 37.0101658], [138.6568232, 37.0099263], [138.6580002, 37.0093302], [138.6581119, 37.0092555], [138.6583386, 37.0091295], [138.6585526, 37.0089749], [138.6589187, 37.0086642], [138.6593136, 37.0082331], [138.6600512, 37.0074021], [138.6608389, 37.0064101], [138.66126, 37.0059795], [138.6615285, 37.0056634], [138.6619019, 37.0051445], [138.6621093, 37.0048453], [138.6621996, 37.0047168], [138.6623214, 37.0045082], [138.6624379, 37.0042113], [138.6624776, 37.0040534], [138.6628328, 37.0028282], [138.6629117, 37.0026029], [138.6629775, 37.0024584], [138.6633672, 37.0017932], [138.6636767, 37.0012723], [138.6638358, 37.001004], [138.6640879, 37.0006677], [138.6642285, 37.000483], [138.6644008, 37.0002568], [138.6653853, 36.9989729], [138.6656186, 36.998672], [138.6657563, 36.9984634], [138.6658877, 36.9982342], [138.6660222, 36.9979472], [138.6663661, 36.9970752], [138.6666414, 36.9963748], [138.6666471, 36.9963606], [138.6669787, 36.995529], [138.6673924, 36.9944682], [138.6674775, 36.994217], [138.6680103, 36.9919035], [138.6682322, 36.9908739], [138.6683435, 36.9903508], [138.668501, 36.9891662], [138.6685404, 36.9887729], [138.6685264, 36.987698], [138.6684658, 36.9869201], [138.6684478, 36.9867187], [138.668336, 36.985745], [138.6682486, 36.9849844], [138.6682229, 36.9845746], [138.6681635, 36.9838261], [138.6681549, 36.9834216], [138.6681807, 36.9831679], [138.6682144, 36.9828272], [138.6682407, 36.982688], [138.6683523, 36.9824343], [138.669039, 36.9815292], [138.6695733, 36.9808966], [138.6703436, 36.9796437], [138.670527, 36.9793694], [138.6706735, 36.9790711], [138.6706842, 36.9789425], [138.6706655, 36.9786664], [138.6706097, 36.9784232], [138.6704855, 36.9778942], [138.6705122, 36.9776673], [138.670541, 36.9774221], [138.670561, 36.977098], [138.6706247, 36.9767681], [138.6710057, 36.9757221], [138.6710516, 36.9755962], [138.6710612, 36.9754172], [138.6710601, 36.9752838], [138.6710311, 36.9750834], [138.6710116, 36.9749901], [138.6708433, 36.9742238], [138.670815, 36.974053], [138.6707982, 36.9738999], [138.6707969, 36.9737457], [138.6707943, 36.9730807], [138.6707939, 36.9727461], [138.6707637, 36.9725888], [138.6706931, 36.9723996], [138.670116, 36.9711248], [138.6698986, 36.9706168], [138.6698288, 36.9701313], [138.669848, 36.9690862], [138.6698942, 36.9688024], [138.66993, 36.9686682], [138.6700491, 36.9684189], [138.6702191, 36.9682995], [138.6704127, 36.9682399], [138.67059, 36.9682337], [138.670737, 36.968276], [138.6708413, 36.9683486], [138.6708856, 36.9684631], [138.6708721, 36.9685637], [138.6707926, 36.9687039], [138.6707573, 36.9688155], [138.6707903, 36.9689228], [138.6709122, 36.9690149], [138.6710491, 36.9690503], [138.6711583, 36.9690443], [138.6712587, 36.9690091], [138.6713529, 36.9689401], [138.6714191, 36.9688286], [138.671418, 36.9687184], [138.6712208, 36.9681643], [138.671159, 36.9677926], [138.6711581, 36.9674298], [138.6708845, 36.9666326], [138.6708478, 36.966436], [138.6708634, 36.9662156], [138.6710791, 36.9656382], [138.6713954, 36.9649732], [138.6715781, 36.964655], [138.6716242, 36.9645137], [138.6716033, 36.9643699], [138.6715043, 36.9642246], [138.6711046, 36.9638871], [138.671024, 36.9637847], [138.6710027, 36.9636758], [138.6710653, 36.9635242], [138.6712817, 36.9630823], [138.6712514, 36.9629184], [138.6711216, 36.9626797], [138.6709945, 36.9626011], [138.6707599, 36.9625991], [138.670526, 36.9625972], [138.6702145, 36.9625744], [138.6700978, 36.9624974], [138.6701077, 36.9623458], [138.67036, 36.9618831], [138.6704509, 36.961754], [138.6704714, 36.9615854], [138.6704352, 36.9610572], [138.6702557, 36.9605926], [138.6700877, 36.9603494], [138.6699661, 36.9601319], [138.6699499, 36.9600149], [138.6699568, 36.9599], [138.6700187, 36.9596313], [138.67003, 36.9594873], [138.6700152, 36.9592912], [138.6697716, 36.9587836], [138.6692743, 36.9580368], [138.6687665, 36.9572967], [138.6687506, 36.9572761], [138.6685362, 36.9569984], [138.6678163, 36.9563994], [138.667633, 36.956251], [138.6674449, 36.9560275], [138.6672314, 36.9556009], [138.6669777, 36.9553855], [138.6667987, 36.9552969], [138.6665155, 36.9552067], [138.66607, 36.955096], [138.6658235, 36.9550483], [138.6656658, 36.9550359], [138.665304, 36.9549718], [138.6648136, 36.9548646], [138.664563, 36.9548108], [138.664307, 36.954756], [138.6642295, 36.9547362], [138.6641547, 36.9547099], [138.6640701, 36.954667], [138.6640116, 36.9546281], [138.6639545, 36.954584], [138.663907, 36.9545335], [138.663876, 36.9544908], [138.6638531, 36.9544417], [138.6638268, 36.9543724], [138.6638166, 36.9543031], [138.6638124, 36.954243], [138.6638243, 36.9541828], [138.6638355, 36.9541398], [138.6638521, 36.954101], [138.6638893, 36.9540277], [138.6639386, 36.9539677], [138.664, 36.9539162], [138.6640701, 36.9538675], [138.6641416, 36.9538305], [138.6642719, 36.9537915], [138.6644924, 36.9537452], [138.6647028, 36.9537088], [138.6649932, 36.9536453], [138.6651097, 36.9535871], [138.6652356, 36.9535243], [138.6653874, 36.9534198], [138.6654603, 36.9533118], [138.6655205, 36.9532075], [138.665564, 36.953132], [138.6655842, 36.9530971], [138.6656091, 36.95305], [138.6658386, 36.9526223], [138.6658564, 36.9525873], [138.6658854, 36.9525306], [138.6660688, 36.9521709], [138.6661235, 36.9519593], [138.6661274, 36.9518323], [138.6661239, 36.9517461], [138.6661196, 36.9516626], [138.6660964, 36.9515558], [138.6660861, 36.9515208], [138.6660704, 36.9514751], [138.6659661, 36.9512759], [138.6658953, 36.951163], [138.665317, 36.9502717], [138.6650759, 36.9499707], [138.6648002, 36.9496266], [138.6646516, 36.9494887], [138.6645327, 36.9493963], [138.6644336, 36.9492166], [138.6642341, 36.9488423], [138.6640321, 36.9485929], [138.6639043, 36.9484998]], [[138.6510159, 37.0137621], [138.6515579, 37.0142494], [138.6518068, 37.0144647], [138.6521314, 37.014738], [138.6524142, 37.0149931], [138.6529829, 37.0155111], [138.6529379, 37.015541], [138.6525686, 37.0157233], [138.6520824, 37.0159479], [138.6512525, 37.016345], [138.6505383, 37.0166954], [138.6501509, 37.0168942], [138.6487413, 37.0175758], [138.6482158, 37.0178299], [138.6473266, 37.0182512], [138.6470237, 37.0183947], [138.6464402, 37.0186895], [138.6452873, 37.019214], [138.6451989, 37.0192542], [138.6451106, 37.019309], [138.6448478, 37.0195315], [138.644623, 37.0197955], [138.6445516, 37.0198883], [138.6443602, 37.0201249], [138.6438681, 37.0207809], [138.6437665, 37.0209055], [138.6436089, 37.021126], [138.6434381, 37.0213473], [138.6433701, 37.0214302], [138.6431844, 37.0217015], [138.6430304, 37.0218975], [138.6428613, 37.0220279], [138.6425751, 37.0221786], [138.642416, 37.0222476], [138.6408676, 37.0228896], [138.6404949, 37.0230229], [138.6404141, 37.0230349], [138.6403009, 37.0230517], [138.6401001, 37.0230772], [138.6396889, 37.0231107], [138.6397871, 37.0235396], [138.6398501, 37.0237019], [138.640038, 37.0240421], [138.6401135, 37.0241868], [138.6401896, 37.0243327], [138.6403297, 37.0245384], [138.6403223, 37.0246161], [138.640259, 37.0249387], [138.6402269, 37.0250962], [138.640225, 37.0253568], [138.6402439, 37.0254892], [138.6402471, 37.0255409], [138.6402518, 37.0256165], [138.6402653, 37.0258351], [138.6402855, 37.0260271], [138.6403037, 37.0261164], [138.6401847, 37.0261814], [138.639976, 37.0262431], [138.6396239, 37.0263426], [138.6391242, 37.0264292], [138.6390543, 37.0264531], [138.6390002, 37.0265385], [138.6389302, 37.0265987], [138.6386057, 37.0266413], [138.6380628, 37.0265491], [138.6374839, 37.0264495], [138.6372451, 37.0263828], [138.63702, 37.026256], [138.636914, 37.026205], [138.636729, 37.026142], [138.636683, 37.026126], [138.636584, 37.026115], [138.636254, 37.026092], [138.635819, 37.026109], [138.635707, 37.026143], [138.635623, 37.026182], [138.635489, 37.026273], [138.635264, 37.026475], [138.634949, 37.026718], [138.634612, 37.026926], [138.634563, 37.026978], [138.634485, 37.027096], [138.634408, 37.027186], [138.634289, 37.027281], [138.633987, 37.027445], [138.633962, 37.027479], [138.633944, 37.027519], [138.6339371, 37.0276038], [138.6339619, 37.0277771], [138.633916, 37.027906], [138.633832, 37.028002], [138.6332671, 37.0283192], [138.6329841, 37.0285088], [138.6328466, 37.0288011], [138.6327447, 37.0288463], [138.63254, 37.028875], [138.632449, 37.028886], [138.63174, 37.028886], [138.631325, 37.028959], [138.630967, 37.029045], [138.630845, 37.029078], [138.630754, 37.029104], [138.630614, 37.029153], [138.630358, 37.0292301], [138.6301115, 37.0292768], [138.6300622, 37.0293088], [138.6300591, 37.0293555], [138.6300869, 37.0293998], [138.6301947, 37.0294146], [138.6305521, 37.029326], [138.631196, 37.0291538], [138.6317136, 37.0290997], [138.6318307, 37.0291022], [138.6323514, 37.0292153], [138.6323946, 37.0292498], [138.6323946, 37.0293235], [138.6323329, 37.0293703], [138.6321758, 37.0293506], [138.6319848, 37.0292965], [138.6318831, 37.0292867], [138.6317352, 37.029294], [138.6317075, 37.0293383], [138.6317352, 37.02939], [138.6318092, 37.0294146], [138.6320187, 37.0294269], [138.6321446, 37.0294609], [138.6322343, 37.0294883], [138.6323391, 37.029508], [138.6325856, 37.0294195], [138.6326503, 37.0294244], [138.6326873, 37.029476], [138.6326873, 37.0295498], [138.6326811, 37.0296064], [138.6326716, 37.0296533], [138.632558, 37.029698], [138.6324469, 37.029722], [138.6323299, 37.029722], [138.6322405, 37.0297073], [138.632084, 37.029668], [138.6318908, 37.0296031], [138.6317044, 37.0294957], [138.6316335, 37.0294588], [138.6315473, 37.0294416], [138.6314702, 37.029449], [138.6314271, 37.0295129], [138.631421, 37.029572], [138.631483, 37.0296406], [138.6317732, 37.0297275], [138.6321388, 37.0298844], [138.632222, 37.0299483], [138.6323761, 37.0300467], [138.6324747, 37.0301082], [138.632601, 37.0301328], [138.632715, 37.0301352], [138.6327967, 37.0301256], [138.6328844, 37.0301205], [138.6329368, 37.0301426], [138.6329584, 37.0302066], [138.6329214, 37.0302705], [138.6328567, 37.0303025], [138.6327704, 37.0303074], [138.6326749, 37.0302902], [138.6325394, 37.0302656], [138.6324223, 37.0301992], [138.6323052, 37.030118], [138.6321111, 37.0299926], [138.6319293, 37.0298819], [138.6317999, 37.0298229], [138.6316644, 37.0297835], [138.6314949, 37.0297466], [138.6313624, 37.0297319], [138.6312885, 37.0297294], [138.6311597, 37.0297463], [138.6309496, 37.0297989], [138.630687, 37.029877], [138.630609, 37.029911], [138.630477, 37.029984], [138.6302743, 37.0301976], [138.6302077, 37.0306101], [138.6301763, 37.0308058], [138.6301098, 37.0309292], [138.6299867, 37.0310743], [138.6298173, 37.0311144], [138.6296154, 37.0311754], [138.62938, 37.03138], [138.62905, 37.031762], [138.628963, 37.031903], [138.62896, 37.031962], [138.628952, 37.032095], [138.628924, 37.032151], [138.62882, 37.032292], [138.628658, 37.032477], [138.6285372, 37.0326016], [138.6284462, 37.0327739], [138.6283551, 37.0329928], [138.6282656, 37.0330793], [138.6281315, 37.0331482], [138.6280043, 37.0331815], [138.6278032, 37.0332252], [138.6277412, 37.033303], [138.6277214, 37.0334096], [138.6277218, 37.0335792], [138.627647, 37.033723], [138.627451, 37.034033], [138.627375, 37.0341357], [138.6273507, 37.03423], [138.6273893, 37.0344329], [138.6273361, 37.0345179], [138.6272151, 37.0345568], [138.6270895, 37.0345383], [138.6269122, 37.0344967], [138.6268209, 37.0345551], [138.6266151, 37.034751], [138.6266013, 37.034838], [138.626625, 37.0349285], [138.6267263, 37.0350245], [138.6268491, 37.0351335], [138.6268286, 37.0352214], [138.6267513, 37.0352671], [138.6266446, 37.0352833], [138.6265151, 37.0352736], [138.6262707, 37.0352395], [138.626159, 37.0352665], [138.6260628, 37.0353991], [138.6259971, 37.0354833], [138.6259494, 37.0355696], [138.6259338, 37.0357013], [138.6259381, 37.0359749], [138.625876, 37.0361705], [138.625726, 37.0363575], [138.6256004, 37.0364483], [138.6256007, 37.0365945], [138.6256065, 37.0369298], [138.6255996, 37.0371568], [138.6255058, 37.0372144], [138.6254247, 37.0372065], [138.6252776, 37.037074], [138.625012, 37.0368478], [138.6248234, 37.0366421], [138.624804, 37.036437], [138.624776, 37.036178], [138.624748, 37.03611], [138.6246, 37.036104], [138.62453, 37.036155], [138.624263, 37.036426], [138.624095, 37.036606], [138.623996, 37.036769], [138.623892, 37.037055], [138.623846, 37.037144], [138.623803, 37.037194], [138.623743, 37.037253], [138.623691, 37.037268], [138.623631, 37.037247], [138.623569, 37.037179], [138.623543, 37.037161], [138.623483, 37.037136], [138.623407, 37.037124], [138.623231, 37.037118], [138.623098, 37.037095], [138.623028, 37.037067], [138.622859, 37.037039], [138.622754, 37.03705], [138.6225681, 37.0372002], [138.6223663, 37.0372724], [138.622217, 37.0373018], [138.6221256, 37.0372736], [138.6219963, 37.0372058], [138.6218057, 37.0370455], [138.6215111, 37.0369686], [138.6212144, 37.0369713], [138.620907, 37.037043], [138.6207827, 37.037043], [138.620436, 37.036964], [138.620114, 37.036941], [138.619925, 37.036952], [138.619848, 37.036969], [138.6197485, 37.0369985], [138.6196523, 37.0370928], [138.619513, 37.037329], [138.6193826, 37.0374997], [138.619279, 37.0375826], [138.6188641, 37.0376688], [138.6187487, 37.0376509], [138.6185341, 37.0374713], [138.6184559, 37.0374349], [138.6183473, 37.0374331], [138.6182237, 37.0375183], [138.6180739, 37.0376266], [138.6178039, 37.0378269], [138.617629, 37.0379305], [138.617387, 37.0381315], [138.617145, 37.038472], [138.616998, 37.038562], [138.616829, 37.038624], [138.616618, 37.038636], [138.6164267, 37.0386492], [138.6162636, 37.0386287], [138.616027, 37.0385215], [138.6156113, 37.0384379], [138.6154484, 37.0383927], [138.6151729, 37.0381666], [138.6145199, 37.0378224], [138.6143143, 37.0376504], [138.614189, 37.037469], [138.6141262, 37.0373863], [138.6139269, 37.0373258], [138.6136584, 37.0373023], [138.613353, 37.03734], [138.6131957, 37.0373587], [138.6130166, 37.0373412], [138.6127724, 37.0373045], [138.6124542, 37.0372439], [138.6121329, 37.0371614], [138.6119502, 37.0371326], [138.6118535, 37.0371784], [138.6118547, 37.037283], [138.6120453, 37.0374085], [138.6128089, 37.0380984], [138.6128878, 37.0382259], [138.6128858, 37.0383836], [138.6129237, 37.0384685], [138.6130948, 37.0386306], [138.6131394, 37.038766], [138.6131208, 37.0389309], [138.6130448, 37.0390347], [138.6128145, 37.0394089], [138.6125539, 37.0395131], [138.612273, 37.0396958], [138.6121999, 37.0397931], [138.6121714, 37.0398807], [138.6121795, 37.0399943], [138.6122649, 37.0402637], [138.6122852, 37.0403675], [138.6122446, 37.0404519], [138.6121551, 37.040507], [138.6120698, 37.04052], [138.61196, 37.0405135], [138.611525, 37.0404519], [138.6113542, 37.0404421], [138.6112201, 37.0404486], [138.6111347, 37.0404778], [138.6110656, 37.0405395], [138.6110087, 37.0407115], [138.6109924, 37.0408251], [138.6108054, 37.0410425], [138.6107485, 37.0411658], [138.6107485, 37.0412502], [138.6108379, 37.0412794], [138.6110656, 37.0412794], [138.6112445, 37.0412923], [138.6114193, 37.0413865], [138.6115372, 37.0414903], [138.6118624, 37.0417142], [138.6120494, 37.0418213], [138.6123421, 37.0422139], [138.6124235, 37.0423957], [138.6123909, 37.0425871], [138.612334, 37.0426455], [138.6122324, 37.0426682], [138.6121185, 37.0426617], [138.611899, 37.0426423], [138.6117079, 37.0426715], [138.611151, 37.0426974], [138.6107647, 37.0427818], [138.6105574, 37.0428921], [138.6104232, 37.0430155], [138.6103501, 37.0431355], [138.6103419, 37.0432361], [138.6103907, 37.0432945], [138.6105208, 37.0432945], [138.6109518, 37.0432426], [138.611255, 37.043235], [138.611564, 37.04332], [138.6116876, 37.0434081], [138.6118928, 37.0435594], [138.6118746, 37.043645], [138.6118421, 37.0437391], [138.6117608, 37.0438137], [138.6112241, 37.0440863], [138.6108989, 37.0443524], [138.6107932, 37.0445341], [138.6108298, 37.0446314], [138.6109192, 37.0446639], [138.6117161, 37.044625], [138.6117648, 37.0446736], [138.6117608, 37.0447385], [138.6116429, 37.0450111], [138.611651, 37.0451312], [138.6116713, 37.0452415], [138.6117445, 37.0452772], [138.6118462, 37.0452837], [138.6126349, 37.0450663], [138.6127731, 37.0450792], [138.6128137, 37.0451441], [138.6128137, 37.0452674], [138.6126186, 37.045712], [138.6125129, 37.0458353], [138.612517, 37.0459132], [138.6126308, 37.0461111], [138.6126999, 37.0462441], [138.6128178, 37.0462993], [138.6129659, 37.0463508], [138.613017, 37.0464064], [138.613241, 37.0469197], [138.6133345, 37.0471339], [138.6133263, 37.0472182], [138.6132572, 37.0473383], [138.6125361, 37.0480708], [138.612467, 37.0482136], [138.612467, 37.0482947], [138.6125646, 37.0483823], [138.6127109, 37.0484537], [138.6129316, 37.04846], [138.6130185, 37.0484761], [138.6131463, 37.0485491], [138.613195, 37.0485655], [138.6140496, 37.048853], [138.6141269, 37.0488984], [138.6141879, 37.0490087], [138.6141635, 37.0491547], [138.6139602, 37.0494175], [138.6139439, 37.0494987], [138.6140049, 37.0495895], [138.6141147, 37.0496414], [138.614318, 37.0496544], [138.6144968, 37.0496771], [138.6145781, 37.049729], [138.615005, 37.0501152], [138.6150863, 37.0502709], [138.6151311, 37.0504851], [138.6151058, 37.0505524], [138.6150898, 37.0509296], [138.6149743, 37.0511042], [138.6148007, 37.0512345], [138.6145797, 37.0514027], [138.6143037, 37.051516], [138.613881, 37.0515742], [138.6136157, 37.0516076], [138.6134446, 37.0517168], [138.6129551, 37.0520843], [138.6129045, 37.0521505], [138.6129877, 37.0523038], [138.6129511, 37.0524788], [138.6129212, 37.052595], [138.6128453, 37.0526491], [138.6127693, 37.052691], [138.6126458, 37.0527154], [138.611735, 37.0527766], [138.6116201, 37.0528131], [138.6115852, 37.0528807], [138.6115909, 37.0529971], [138.6117022, 37.053377], [138.6117934, 37.0537899], [138.6117966, 37.0540555], [138.611708, 37.0542809], [138.6114979, 37.0545368], [138.6112847, 37.0546285], [138.6111062, 37.054793], [138.6109703, 37.0549412], [138.6109611, 37.0549577], [138.6109262, 37.0550201], [138.6109193, 37.0551924], [138.6109315, 37.0553587], [138.6108913, 37.0555637], [138.6109396, 37.0556501], [138.6111022, 37.0559198], [138.6111162, 37.0560318], [138.6110812, 37.0561508], [138.6110102, 37.0563088], [138.6107551, 37.0567941], [138.6106484, 37.0569332], [138.6105612, 37.0569838], [138.6104632, 37.0570398], [138.6102971, 37.057069], [138.6101599, 37.0570309], [138.6099856, 37.0569826], [138.6095082, 37.0568088], [138.6093182, 37.0568088], [138.6092202, 37.0568598], [138.6091001, 37.0569724], [138.6090386, 37.0570923], [138.6090391, 37.0572221], [138.6091827, 37.057384], [138.6092108, 37.0574209], [138.6094872, 37.0575892], [138.609558, 37.0577299], [138.6095569, 37.0578821], [138.609557, 37.0580448], [138.609487, 37.0581348], [138.609382, 37.0581918], [138.6091012, 37.0582568], [138.6085742, 37.0583408], [138.6081742, 37.0584088], [138.6080262, 37.0584388], [138.6079142, 37.0584528], [138.6076192, 37.0585318], [138.6073882, 37.0586218], [138.6072752, 37.0586958], [138.6072262, 37.0587408], [138.6072472, 37.0588418], [138.6073172, 37.0589428], [138.6074737, 37.0591815], [138.607725, 37.0593512], [138.6079619, 37.0594831], [138.6083422, 37.0598558], [138.6084472, 37.0600018], [138.6084902, 37.0601188], [138.6084902, 37.0602208], [138.6084622, 37.0602768], [138.6083248, 37.0604135], [138.608244, 37.0605499], [138.608214, 37.0606547], [138.6082411, 37.0610417], [138.6080336, 37.0612629], [138.6079303, 37.0613201], [138.6078137, 37.0613312], [138.6076675, 37.0612738], [138.6075521, 37.0612107], [138.6074622, 37.0610368], [138.6073254, 37.0608225], [138.6072275, 37.0605197], [138.6071497, 37.0603688], [138.607014, 37.060272], [138.606874, 37.060216], [138.606733, 37.060182], [138.606459, 37.060148], [138.6060773, 37.0600678], [138.6058883, 37.0600488], [138.605745, 37.0600049], [138.6056055, 37.0599345], [138.6055264, 37.0598484], [138.6053652, 37.0596029], [138.6052333, 37.0595203], [138.6050718, 37.0594518], [138.6049489, 37.0593859], [138.6047985, 37.0593469], [138.6047097, 37.0592855], [138.6046416, 37.0591629], [138.604578, 37.058904], [138.6045778, 37.0587976], [138.6044201, 37.0586049], [138.6041769, 37.0584282], [138.603995, 37.0583227], [138.6038764, 37.058227], [138.603859, 37.0581755], [138.6038191, 37.0580575], [138.6038319, 37.0579318], [138.6038787, 37.057809], [138.6039686, 37.0576895], [138.6042762, 37.0573984], [138.6043047, 37.0573037], [138.6042958, 37.0571795], [138.6042523, 37.0570829], [138.6041856, 37.0570135], [138.6040155, 37.0569542], [138.6038101, 37.0569742], [138.603342, 37.05703], [138.6031978, 37.0570492], [138.6029891, 37.057077], [138.6025492, 37.0571459], [138.6024154, 37.0572267], [138.602302, 37.0573463], [138.6021749, 37.0577633], [138.6020715, 37.0580374], [138.6019587, 37.0581626], [138.6017856, 37.0582571], [138.6015754, 37.0582882], [138.6015463, 37.0582851], [138.6013924, 37.0582689], [138.6013583, 37.0582653], [138.6011077, 37.0582151], [138.600747, 37.0581228], [138.6007758, 37.0577788], [138.6007804, 37.057587], [138.600667, 37.057314], [138.6004007, 37.0569541], [138.6000795, 37.0566249], [138.5994958, 37.0559194], [138.5992323, 37.055639], [138.5987346, 37.0552272], [138.5981548, 37.054849], [138.5980969, 37.0548112], [138.5975154, 37.0543971], [138.5974148, 37.0543264], [138.5971828, 37.0541464], [138.5970418, 37.0539994], [138.5969429, 37.0538795], [138.5966122, 37.0534786], [138.5962747, 37.0530901], [138.5959717, 37.0526674], [138.595878, 37.0525727], [138.5958024, 37.0524963], [138.5955923, 37.052338], [138.5953133, 37.0522009], [138.5951942, 37.0521661], [138.5951583, 37.0521568], [138.5950054, 37.0521175], [138.5948267, 37.0520728], [138.5947012, 37.052061], [138.5943892, 37.0520478], [138.5941725, 37.0520486], [138.5938132, 37.0520554], [138.5933489, 37.0520641], [138.5930869, 37.052069], [138.592765, 37.0521384], [138.5926306, 37.0521674], [138.5923628, 37.0522414], [138.5919885, 37.0523322], [138.591738, 37.0523518], [138.5915718, 37.0523195], [138.5913976, 37.052286], [138.5909097, 37.0521829], [138.5906525, 37.052113], [138.5904283, 37.0520913], [138.5901084, 37.0521587], [138.589909, 37.052179], [138.5897432, 37.0521833], [138.5893937, 37.0521174], [138.5892477, 37.0520684], [138.5887562, 37.0519033], [138.5886382, 37.0518828], [138.5883435, 37.0519089], [138.5882115, 37.051925], [138.5877772, 37.0518335], [138.5876968, 37.0518166], [138.5871598, 37.0516589], [138.5869587, 37.0515825], [138.5866986, 37.051429], [138.5865475, 37.051312], [138.5860639, 37.0508035], [138.5859727, 37.0507367], [138.5858684, 37.0507345], [138.5857246, 37.0507893], [138.5856598, 37.050867], [138.5856203, 37.0509312], [138.5856212, 37.0509998], [138.5856847, 37.0511015], [138.5858591, 37.0513424], [138.5862483, 37.0518075], [138.5863461, 37.0519244], [138.5868077, 37.0523961], [138.5869609, 37.0525262], [138.5876046, 37.0530729], [138.5877574, 37.0532977], [138.5878082, 37.0534302], [138.5878129, 37.0535858], [138.5877797, 37.0537734], [138.5877701, 37.05391], [138.5876746, 37.0541811], [138.5876997, 37.0543923], [138.587815, 37.0545523], [138.5879893, 37.054679], [138.5882423, 37.054803], [138.5888768, 37.0550302], [138.5891587, 37.0550881], [138.5894912, 37.0551808], [138.5896566, 37.0552357], [138.5897564, 37.0553387], [138.5897505, 37.0554763], [138.5897188, 37.0555416], [138.589685, 37.0556112], [138.5894938, 37.0556975], [138.5893657, 37.055716], [138.5892386, 37.0556761], [138.5890796, 37.0555981], [138.5889307, 37.0554693], [138.5887799, 37.0553887], [138.5886749, 37.0553327], [138.5882601, 37.0551607], [138.5879371, 37.0550537], [138.5878461, 37.0550107], [138.5877571, 37.0549627], [138.5876083, 37.0548353], [138.5875613, 37.0548027], [138.5874154, 37.0547468], [138.5871692, 37.0547291], [138.5869768, 37.0547658], [138.5866527, 37.0548216], [138.5864602, 37.0548363], [138.5863421, 37.0547961], [138.586249, 37.0546933], [138.5862589, 37.0545965], [138.586295, 37.0544945], [138.586415, 37.054328], [138.5864171, 37.0542636], [138.5863402, 37.0541594], [138.5861312, 37.0540617], [138.5860501, 37.0540622], [138.585968, 37.0541106], [138.5859183, 37.0541653], [138.5858267, 37.0542272], [138.5857147, 37.054255], [138.5855774, 37.0542022], [138.5854081, 37.0540618], [138.5853129, 37.0539213], [138.5851449, 37.0538363], [138.5850949, 37.0538193], [138.5845494, 37.0538058], [138.5843091, 37.05378], [138.5840939, 37.0536393], [138.5839679, 37.0535943], [138.5833858, 37.0536485], [138.5829895, 37.0536996], [138.5827035, 37.0537397], [138.5824899, 37.0538492], [138.5823526, 37.0538748], [138.5822543, 37.0538593], [138.582133, 37.053825], [138.5819625, 37.0537294], [138.5818619, 37.053644], [138.5818284, 37.05357], [138.5818442, 37.0532035], [138.5818192, 37.0531725], [138.5817822, 37.0531545], [138.5817052, 37.0531495], [138.5816669, 37.0531516], [138.5815022, 37.0531605], [138.5809596, 37.0532162], [138.5807424, 37.0531865], [138.5804399, 37.053092], [138.5802789, 37.053019], [138.5802159, 37.052975], [138.5801589, 37.052926], [138.5801169, 37.052878], [138.5800814, 37.0526458], [138.5800534, 37.0526178], [138.5799684, 37.0525668], [138.5795771, 37.0525247], [138.5790004, 37.052247], [138.578714, 37.052243], [138.5783384, 37.0522041], [138.5781904, 37.0522441], [138.5781204, 37.0523001], [138.5780784, 37.0523621], [138.5780854, 37.0524461], [138.5781484, 37.0525701], [138.578504, 37.052823], [138.5789036, 37.0529469], [138.5790045, 37.0530081], [138.5790204, 37.0530517], [138.5790234, 37.0531177], [138.5790084, 37.0531387], [138.5789824, 37.0531537], [138.5789354, 37.0531707], [138.5789004, 37.0531817], [138.5787524, 37.0531877], [138.5786124, 37.0531647], [138.5784224, 37.0530977], [138.5783244, 37.0530527], [138.5780757, 37.052984], [138.577858, 37.052908], [138.577436, 37.05275], [138.577191, 37.052665], [138.5768629, 37.0525173], [138.5764991, 37.0523177], [138.576401, 37.0523038], [138.5763244, 37.0523342], [138.5762091, 37.0523739], [138.576144, 37.052418], [138.575955, 37.052423], [138.575857, 37.052406], [138.575723, 37.052367], [138.575541, 37.052367], [138.575478, 37.052384], [138.575344, 37.052457], [138.575084, 37.052609], [138.5745072, 37.0530058], [138.5743942, 37.0530558], [138.5742682, 37.0530618], [138.5741982, 37.0530398], [138.5740932, 37.0529718], [138.5739302, 37.0528258], [138.5738672, 37.0527858], [138.5738022, 37.0527758], [138.5737592, 37.0527848], [138.5737152, 37.0528128], [138.5736422, 37.0528708], [138.5735322, 37.0530118], [138.5741279, 37.0533634], [138.5741769, 37.0534084], [138.5742039, 37.0534534], [138.5742039, 37.0535494], [138.5741769, 37.0536114], [138.5740929, 37.0537064], [138.573785, 37.053858], [138.573645, 37.053982], [138.573533, 37.054123], [138.573363, 37.054433], [138.5733385, 37.0544688], [138.57238, 37.054861], [138.571482, 37.055159], [138.571271, 37.055328], [138.570997, 37.055593], [138.570878, 37.055666], [138.570667, 37.055745], [138.570422, 37.055813], [138.570365, 37.055818], [138.570155, 37.055852], [138.569741, 37.055858], [138.569537, 37.055835], [138.56946, 37.055779], [138.569432, 37.055723], [138.569475, 37.055621], [138.569741, 37.055475], [138.569825, 37.055385], [138.569881, 37.055306], [138.56993, 37.055143], [138.569937, 37.054996], [138.569881, 37.054799], [138.569733, 37.05454], [138.569601, 37.054394], [138.56918, 37.054049], [138.569054, 37.053971], [138.56892, 37.053926], [138.568815, 37.053909], [138.568695, 37.053938], [138.568555, 37.054004], [138.568309, 37.054208], [138.567975, 37.054502], [138.567874, 37.054591], [138.567811, 37.054624], [138.56767, 37.05463], [138.567593, 37.054596], [138.567495, 37.054523], [138.5674359, 37.0544611], [138.5673583, 37.054362], [138.5672567, 37.0541829], [138.5672145, 37.0539744], [138.5671574, 37.0538502], [138.5670714, 37.0537631], [138.566942, 37.0537117], [138.5668192, 37.0537297], [138.5665882, 37.0539104], [138.5664726, 37.0539609], [138.566316, 37.053938], [138.5662338, 37.0538736], [138.5661968, 37.0537888], [138.5661989, 37.0536754], [138.5662791, 37.0533664], [138.5663024, 37.0532357], [138.5662957, 37.0531246], [138.5662336, 37.0530323], [138.5660977, 37.0529446], [138.5659086, 37.0528929], [138.5657168, 37.0529214], [138.5655508, 37.053024], [138.5653069, 37.0532407], [138.5652128, 37.0533201], [138.5650923, 37.0533319], [138.5649806, 37.0532954], [138.5648738, 37.0531387], [138.5647924, 37.052984], [138.5647837, 37.0528806], [138.5649446, 37.0526395], [138.5650226, 37.05252], [138.5650185, 37.0524481], [138.5649911, 37.0523784], [138.5648607, 37.052311], [138.5647696, 37.0522975], [138.5646887, 37.0523217], [138.5646197, 37.0523718], [138.5645427, 37.0524836], [138.5643844, 37.0527525], [138.5641527, 37.0531498], [138.5639696, 37.0534034], [138.5638824, 37.0534426], [138.5637704, 37.0534357], [138.5637062, 37.0533819], [138.5636898, 37.0532725], [138.5637926, 37.0530543], [138.5638263, 37.0529076], [138.5638275, 37.0527913], [138.5637505, 37.0527274], [138.5636009, 37.0527088], [138.5634918, 37.0527799], [138.5633748, 37.0529726], [138.563304, 37.053119], [138.563241, 37.053218], [138.563214, 37.053227], [138.563148, 37.053228], [138.5630801, 37.0532107], [138.5628983, 37.0531553], [138.5627996, 37.0530873], [138.5627581, 37.0530154], [138.5628411, 37.0528105], [138.5628081, 37.0525743], [138.5627438, 37.0524787], [138.562654, 37.0524147], [138.5625161, 37.052327], [138.5623467, 37.0522649], [138.5619152, 37.052163], [138.5617683, 37.0521551], [138.5615782, 37.0522404], [138.5614526, 37.0522679], [138.5612529, 37.0522477], [138.560908, 37.0521843], [138.5604605, 37.0521958], [138.5602684, 37.0521551], [138.5599447, 37.0520701], [138.5595587, 37.0519687], [138.5591879, 37.0519379], [138.5589518, 37.0519422], [138.5584612, 37.0520187], [138.5580015, 37.0520802], [138.5576136, 37.0521623], [138.5574704, 37.0522437], [138.5573766, 37.0523538], [138.5573183, 37.0525448], [138.5571999, 37.05292], [138.5571288, 37.053038], [138.5569803, 37.0531442], [138.5566047, 37.0532731], [138.5563502, 37.0531978], [138.5560818, 37.0531849], [138.5558665, 37.0531226], [138.5557822, 37.0530494], [138.5557393, 37.0529871], [138.5556242, 37.0527734], [138.5554762, 37.0524912], [138.5553113, 37.0523516], [138.5547626, 37.0521754], [138.5544753, 37.0520461], [138.5541583, 37.0518826], [138.5540209, 37.0516889], [138.5537851, 37.0514458], [138.5536172, 37.0511804], [138.5535624, 37.050975], [138.5534991, 37.0509043], [138.5534164, 37.0508616], [138.5533833, 37.0508445], [138.5533035, 37.0508181], [138.5531199, 37.0508432], [138.5530204, 37.0508773], [138.5529199, 37.05098], [138.5528898, 37.0511973], [138.5529393, 37.0514793], [138.5530264, 37.0517878], [138.5531065, 37.0520733], [138.553219, 37.0524118], [138.5533544, 37.0527416], [138.5534845, 37.0530034], [138.5535483, 37.0533697], [138.5536057, 37.0537299], [138.5536831, 37.0540162], [138.5537713, 37.0542212], [138.5538429, 37.0543845], [138.5540642, 37.0547573], [138.5542374, 37.0551856], [138.5543129, 37.0556375], [138.5543925, 37.0559668], [138.5544888, 37.0562972], [138.5546264, 37.0565168], [138.554736, 37.056621], [138.5549068, 37.0568021], [138.5551824, 37.0570517], [138.5556061, 37.057406], [138.555797, 37.0575861], [138.5559229, 37.0577465], [138.5559826, 37.0579758], [138.5559639, 37.0581258], [138.5559035, 37.0582767], [138.5557839, 37.0584411], [138.5555662, 37.0585978], [138.5545061, 37.0590852], [138.5541286, 37.0592976], [138.5538515, 37.0595015], [138.553725, 37.0596865], [138.5536212, 37.0599451], [138.5535713, 37.0602118], [138.5536063, 37.060518], [138.5536886, 37.0610278], [138.5537758, 37.0614256], [138.5538214, 37.0616225], [138.5540537, 37.0624356], [138.5543236, 37.0632555], [138.5543564, 37.0634819], [138.5543231, 37.0637385], [138.5542553, 37.0641016], [138.5540836, 37.0640963], [138.553523, 37.064078], [138.5532, 37.064021], [138.552814, 37.06392], [138.552561, 37.063824], [138.552414, 37.063746], [138.552294, 37.063627], [138.55214, 37.063368], [138.552084, 37.063306], [138.552027, 37.063278], [138.55188, 37.063278], [138.551627, 37.063346], [138.551402, 37.063419], [138.551247, 37.063492], [138.550981, 37.063706], [138.550715, 37.063959], [138.550587, 37.064055], [138.550504, 37.0641], [138.550371, 37.064111], [138.5503574, 37.0641117], [138.5502101, 37.0641194], [138.5500811, 37.0640362], [138.5499501, 37.0638919], [138.5498943, 37.0638285], [138.5494345, 37.063206], [138.5493083, 37.0631068], [138.5492171, 37.0630152], [138.5491227, 37.0629681], [138.5489563, 37.0629176], [138.5488545, 37.0628487], [138.54879, 37.062747], [138.548693, 37.0625334], [138.5486077, 37.062442], [138.5484962, 37.0624338], [138.5483847, 37.0624651], [138.54827, 37.0625336], [138.5482163, 37.0625997], [138.5480993, 37.0627407], [138.5480175, 37.0629978], [138.5478168, 37.0633477], [138.5477459, 37.063466], [138.5476399, 37.0635757], [138.5474314, 37.0637653], [138.5471777, 37.0639711], [138.546621, 37.064432], [138.546452, 37.06459], [138.546403, 37.064669], [138.546403, 37.064781], [138.546452, 37.065007], [138.546452, 37.06517], [138.546396, 37.065271], [138.5463, 37.065364], [138.546228, 37.065398], [138.545561, 37.065338], [138.544768, 37.065298], [138.544333, 37.065231], [138.54401, 37.065118], [138.543687, 37.064966], [138.543532, 37.064866], [138.543462, 37.064793], [138.543308, 37.064568], [138.543195, 37.064472], [138.543139, 37.064427], [138.5430053, 37.0643144], [138.5429633, 37.0642155], [138.542971, 37.064061], [138.542936, 37.064016], [138.542838, 37.063954], [138.542648, 37.063948], [138.542198, 37.064033], [138.54184, 37.064033], [138.541742, 37.063999], [138.541454, 37.063858], [138.541159, 37.063779], [138.540886, 37.063779], [138.540471, 37.063852], [138.53953, 37.063852], [138.539327, 37.063875], [138.539081, 37.063881], [138.538751, 37.06392], [138.538478, 37.063971], [138.537979, 37.064048], [138.5378471, 37.0640852], [138.537733, 37.064116], [138.537663, 37.064144], [138.537607, 37.064183], [138.537565, 37.064234], [138.537579, 37.064313], [138.537649, 37.064431], [138.537796, 37.064634], [138.538049, 37.064915], [138.538456, 37.065343], [138.538576, 37.065478], [138.538709, 37.065692], [138.53873, 37.06575], [138.53873, 37.0658], [138.538702, 37.065867], [138.538646, 37.065912], [138.538484, 37.065936], [138.538119, 37.065957], [138.53741, 37.065957], [138.536884, 37.065957], [138.536547, 37.066014], [138.536224, 37.066132], [138.535464, 37.066526], [138.535234, 37.066667], [138.535002, 37.066847], [138.534833, 37.066994], [138.534713, 37.067122], [138.534644, 37.067252], [138.534574, 37.067491], [138.534559, 37.067546], [138.534539, 37.067838], [138.534482, 37.067974], [138.53437, 37.068109], [138.534285, 37.068159], [138.534089, 37.0683], [138.53399, 37.06843], [138.533942, 37.068599], [138.533899, 37.068689], [138.533858, 37.068728], [138.533759, 37.068796], [138.533639, 37.068852], [138.533443, 37.068908], [138.533295, 37.068903], [138.53312, 37.068858], [138.532755, 37.068711], [138.532522, 37.068615], [138.532298, 37.068565], [138.5318, 37.068565], [138.531687, 37.068548], [138.53159, 37.068509], [138.5312568, 37.0684155], [138.531035, 37.068249], [138.53088, 37.06821], [138.530543, 37.068176], [138.5303188, 37.0681962], [138.5299365, 37.0681866], [138.5298815, 37.0681366], [138.5296573, 37.0676506], [138.5296013, 37.0676056], [138.5295173, 37.0675716], [138.5293483, 37.0675436], [138.529013, 37.067602], [138.528479, 37.067619], [138.528156, 37.067568], [138.527827, 37.067506], [138.527609, 37.067506], [138.527377, 37.067585], [138.5269108, 37.0678419], [138.5268198, 37.0678579], [138.5267148, 37.0678529], [138.5266438, 37.0678249], [138.5266158, 37.0678019], [138.5265738, 37.0677629], [138.5265388, 37.0677059], [138.5264821, 37.0675377], [138.5264865, 37.0674062], [138.5265641, 37.0673008], [138.5266874, 37.0672534], [138.526851, 37.067185], [138.5270968, 37.0670747], [138.5271738, 37.0670187], [138.5272228, 37.0669507], [138.5272368, 37.0668667], [138.5272368, 37.0668387], [138.5272368, 37.0667707], [138.5271598, 37.0666297], [138.5269978, 37.0664947], [138.5268088, 37.0664047], [138.5267328, 37.0663767], [138.5266468, 37.0663647], [138.5265138, 37.066346], [138.5263668, 37.066397], [138.5262418, 37.066461], [138.5255086, 37.0670682], [138.5252956, 37.0671896], [138.5251066, 37.0672296], [138.5248676, 37.0672236], [138.5246356, 37.0671736], [138.5237866, 37.0668636], [138.5235336, 37.0667906], [138.5234426, 37.0667796], [138.5233054, 37.0667536], [138.5231459, 37.0667815], [138.5230082, 37.0668769], [138.5229684, 37.0669045], [138.5228854, 37.0670465], [138.522834, 37.0672794], [138.5227941, 37.06746], [138.5227211, 37.0677304], [138.5226837, 37.0677917], [138.5225951, 37.067931], [138.522428, 37.068151], [138.522273, 37.068394], [138.521978, 37.0687679], [138.5217725, 37.0694532], [138.5212905, 37.0699422], [138.5210805, 37.0702011], [138.5210289, 37.070343], [138.5209176, 37.0709573], [138.5207663, 37.0711286], [138.5206022, 37.0712426], [138.5202263, 37.0713178], [138.5198398, 37.0713779], [138.519593, 37.0715473], [138.5195057, 37.0716654], [138.5194507, 37.0717822], [138.5193552, 37.0721986], [138.5192805, 37.0725968], [138.5192607, 37.0729951], [138.5193994, 37.0736192], [138.5193683, 37.0740833], [138.5192627, 37.0747651], [138.5190733, 37.0752659], [138.5190057, 37.0754085], [138.5188971, 37.0756373], [138.5184263, 37.0763693], [138.5183426, 37.0764994], [138.5182455, 37.0769136], [138.5182581, 37.0772305], [138.5186819, 37.0782341], [138.5181495, 37.078385], [138.5180167, 37.0783467], [138.5179658, 37.0782093], [138.5179487, 37.0776792], [138.5175425, 37.0771416], [138.5172736, 37.0770391], [138.5170483, 37.0770326], [138.516823, 37.077083], [138.516621, 37.077128], [138.5164517, 37.0771914], [138.51641, 37.077207], [138.516228, 37.077303], [138.516172, 37.077348], [138.5160538, 37.0774253], [138.5158668, 37.0776025], [138.5158404, 37.0777334], [138.5158371, 37.0777582], [138.5158096, 37.077962], [138.5157383, 37.0780245], [138.5156287, 37.0780545], [138.5153505, 37.0780056], [138.5148757, 37.077916], [138.514629, 37.0778939], [138.5145998, 37.0778954], [138.5145154, 37.0778998], [138.514184, 37.0780009], [138.5134435, 37.0781517], [138.5132545, 37.0782071], [138.5131576, 37.078293], [138.5130237, 37.0784645], [138.5128965, 37.0785181], [138.5127793, 37.0785113], [138.5127153, 37.0784903], [138.5126327, 37.0784344], [138.5126057, 37.0783834], [138.5126047, 37.0783214], [138.5126247, 37.0782714], [138.5127203, 37.0781893], [138.5127837, 37.0781223], [138.5129103, 37.0780203], [138.5131553, 37.0778683], [138.5131903, 37.0778573], [138.5134552, 37.0777073], [138.5135952, 37.0776113], [138.5136532, 37.0775503], [138.5137152, 37.0774603], [138.5137442, 37.0773643], [138.5137502, 37.0772233], [138.5136705, 37.0769413], [138.5136237, 37.0767491], [138.5136377, 37.0766871], [138.5137876, 37.0765129], [138.5137986, 37.0764739], [138.5137946, 37.0764399], [138.5137907, 37.0763691], [138.5137658, 37.0763319], [138.5137028, 37.0762959], [138.5136568, 37.0762879], [138.5135378, 37.0762879], [138.5134908, 37.0763019], [138.5134468, 37.0763379], [138.5134218, 37.0763829], [138.5134048, 37.0764509], [138.5134175, 37.0766545], [138.51339, 37.076813], [138.513359, 37.076895], [138.513329, 37.076938], [138.513293, 37.076979], [138.513267, 37.077003], [138.51323, 37.077018], [138.513172, 37.0770409], [138.5130996, 37.0770504], [138.5129696, 37.0770444], [138.5124949, 37.0769626], [138.512275, 37.0770181], [138.5121697, 37.0770244], [138.5120751, 37.0769708], [138.5119258, 37.0768169], [138.5116326, 37.0767572], [138.5112845, 37.0767406], [138.5111905, 37.0767106], [138.5111545, 37.0766596], [138.5111675, 37.0766086], [138.5112295, 37.0765586], [138.511416, 37.0765063], [138.5118, 37.076434], [138.5119349, 37.076376], [138.51196, 37.076306], [138.511954, 37.07624], [138.5119118, 37.0762042], [138.511782, 37.0761945], [138.5115824, 37.0762185], [138.5114013, 37.0762403], [138.511228, 37.076267], [138.511124, 37.076295], [138.510963, 37.076318], [138.510803, 37.0763415], [138.5106635, 37.0763465], [138.5104886, 37.0762858], [138.5102785, 37.0761895], [138.5101804, 37.0761068], [138.5100348, 37.0757536], [138.5099554, 37.0757001], [138.5095801, 37.0756812], [138.5094149, 37.0756855], [138.5092835, 37.0757338], [138.508954, 37.075912], [138.5087693, 37.075925], [138.5083517, 37.0758491], [138.5081708, 37.0758065], [138.5080228, 37.0758235], [138.5079598, 37.0758515], [138.5078906, 37.0759238], [138.5078896, 37.0760195], [138.5078617, 37.0760768], [138.5077777, 37.0761218], [138.5076297, 37.0761218], [138.507564, 37.076087], [138.507449, 37.076015], [138.507438, 37.076008], [138.507368, 37.075924], [138.507333, 37.0758], [138.507361, 37.075524], [138.507354, 37.0754], [138.507284, 37.075366], [138.506968, 37.075298], [138.506525, 37.075141], [138.50623, 37.075011], [138.506083, 37.074933], [138.505949, 37.074876], [138.5059086, 37.0748566], [138.505802, 37.074814], [138.505606, 37.074764], [138.505262, 37.074724], [138.504995, 37.074724], [138.504186, 37.0747695], [138.504109, 37.0747865], [138.503877, 37.0747805], [138.503828, 37.0747575], [138.503778, 37.0747185], [138.503737, 37.0746335], [138.503778, 37.0744645], [138.5037656, 37.0743548], [138.5036899, 37.074212], [138.5035773, 37.0740566], [138.5034398, 37.0737247], [138.5034118, 37.0736627], [138.5033603, 37.0734322], [138.5033733, 37.0732072], [138.5034303, 37.0730042], [138.5034383, 37.0728182], [138.5034023, 37.0727562], [138.5033423, 37.0726952], [138.5032903, 37.0726652], [138.5032403, 37.0726382], [138.5031503, 37.0726212], [138.5030223, 37.0726272], [138.5029983, 37.0726362], [138.5029453, 37.0726662], [138.5028973, 37.0727062], [138.5028553, 37.0727672], [138.5028403, 37.0728182], [138.5028053, 37.0736522], [138.5027621, 37.0739277], [138.5027191, 37.0740747], [138.5026141, 37.0742327], [138.502185, 37.0745036], [138.5020521, 37.0746358], [138.5019773, 37.0748052], [138.5018569, 37.0752249], [138.5017779, 37.0753039], [138.5017149, 37.0753509], [138.5016629, 37.0753769], [138.5016219, 37.0753839], [138.5015619, 37.0753879], [138.5014699, 37.0753879], [138.5013219, 37.0753539], [138.5012329, 37.0753049], [138.5011679, 37.0752469], [138.5011469, 37.0752019], [138.5011386, 37.075015], [138.5016123, 37.0744707], [138.5017019, 37.0741814], [138.5017589, 37.0740414], [138.5017519, 37.0738604], [138.5016669, 37.0737704], [138.5015969, 37.0737204], [138.5014769, 37.0736864], [138.5012799, 37.0736634], [138.5009219, 37.0736754], [138.5007339, 37.0736974], [138.5006139, 37.0737374], [138.5005089, 37.0738044], [138.5004659, 37.0738724], [138.5004389, 37.0739454], [138.5004169, 37.0740804], [138.5004319, 37.0744955], [138.5004019, 37.0746355], [138.5003651, 37.0747112], [138.5003298, 37.0747677], [138.5002339, 37.0749285], [138.5000192, 37.0752713], [138.49989, 37.07554], [138.4995693, 37.0757975], [138.4992221, 37.0760553], [138.4991021, 37.0762013], [138.4991021, 37.0763823], [138.4992151, 37.0766293], [138.4992361, 37.0767593], [138.4991716, 37.0768837], [138.4989556, 37.0770994], [138.4988406, 37.0772084], [138.4987506, 37.0772624], [138.4985896, 37.0773134], [138.4985266, 37.0773194], [138.4983646, 37.0773414], [138.4980665, 37.0774145], [138.4979436, 37.0774884], [138.4972142, 37.0778491], [138.496767, 37.078174], [138.4966772, 37.078249], [138.4964712, 37.078332], [138.4962912, 37.0784], [138.496001, 37.078452], [138.495833, 37.078497], [138.4956013, 37.0785827], [138.4954763, 37.0786277], [138.4953933, 37.0786557], [138.4953093, 37.0786977], [138.4952573, 37.0787307], [138.4952093, 37.0787657], [138.4951763, 37.0787997], [138.4951573, 37.0788277], [138.4951453, 37.0788577], [138.4950733, 37.0790727], [138.4950513, 37.0791277], [138.4950186, 37.0792027], [138.4949846, 37.0792427], [138.4949486, 37.0792777], [138.4949156, 37.0793077], [138.4948906, 37.0793257], [138.4948436, 37.0793527], [138.4947936, 37.0793787], [138.4947556, 37.0793977], [138.4945826, 37.0794857], [138.4945236, 37.0795087], [138.4944906, 37.0795147], [138.4944656, 37.0795177], [138.4944346, 37.0795147], [138.4944076, 37.0795087], [138.4943626, 37.0794897], [138.4943406, 37.0794697], [138.4943216, 37.0794507], [138.4943046, 37.0794287], [138.4942936, 37.0794087], [138.494127, 37.079172], [138.494106, 37.079149], [138.494081, 37.07914], [138.494053, 37.079135], [138.494006, 37.07913], [138.493972, 37.079132], [138.493839, 37.07916], [138.493678, 37.079229], [138.493502, 37.079319], [138.493397, 37.079409], [138.493355, 37.079465], [138.493334, 37.079516], [138.4933209, 37.0797648], [138.4932429, 37.0799678], [138.4931589, 37.0800918], [138.4930539, 37.0801868], [138.4928919, 37.0803347], [138.4925689, 37.0804408], [138.4924499, 37.0804782], [138.4923849, 37.0805702], [138.4923301, 37.0807375], [138.49224, 37.08087], [138.492098, 37.081081], [138.492063, 37.081159], [138.4919696, 37.0813897], [138.4918938, 37.0815579], [138.4918564, 37.081642], [138.491789, 37.081768], [138.491726, 37.081897], [138.49167, 37.082162], [138.4916, 37.082325], [138.49148, 37.082556], [138.491431, 37.082668], [138.491396, 37.082719], [138.491284, 37.082984], [138.491262, 37.083048], [138.491235, 37.083169], [138.4912209, 37.083255], [138.491243, 37.083346], [138.491235, 37.08349], [138.491231, 37.083529], [138.491215, 37.083573], [138.491187, 37.083612], [138.491148, 37.083651], [138.491031, 37.083771], [138.491015, 37.083817], [138.491006, 37.083881], [138.4910576, 37.0840886], [138.4910576, 37.0841616], [138.4910516, 37.0842196], [138.4910406, 37.0842506], [138.4910076, 37.0842916], [138.4909716, 37.0843336], [138.4908966, 37.0843916], [138.4907762, 37.0844371], [138.4907402, 37.0844701], [138.4907012, 37.0845121], [138.4906852, 37.0845481], [138.4906712, 37.0845871], [138.4906572, 37.0846481], [138.4906492, 37.0847121], [138.4906432, 37.0847621], [138.4906432, 37.0848151], [138.490638, 37.084874], [138.490626, 37.084905], [138.490604, 37.08493], [138.490515, 37.085039], [138.490465, 37.085083], [138.490404, 37.085133], [138.4901907, 37.0852754], [138.490133, 37.0855], [138.4900506, 37.085601], [138.489831, 37.08568], [138.489536, 37.085765], [138.489423, 37.08581], [138.489269, 37.0859], [138.489101, 37.086029], [138.488953, 37.086165], [138.4889416, 37.0861955], [138.4889076, 37.0863268], [138.4888916, 37.0863628], [138.4888796, 37.0863908], [138.4888686, 37.0864208], [138.4888056, 37.0865758], [138.4887706, 37.0866888], [138.4887286, 37.0868688], [138.4887177, 37.0869711], [138.4886704, 37.0871101], [138.4885977, 37.0871888], [138.4885317, 37.0872458], [138.488361, 37.087309], [138.488191, 37.087424], [138.488136, 37.087472], [138.488076, 37.087544], [138.487974, 37.087681], [138.487887, 37.087767], [138.487798, 37.08785], [138.4876103, 37.087951], [138.4875773, 37.08799], [138.4875543, 37.088027], [138.4875423, 37.088069], [138.4875343, 37.088109], [138.487525, 37.088152], [138.487545, 37.088259], [138.4876026, 37.0884479], [138.4875956, 37.0884969], [138.4875796, 37.0885419], [138.4875506, 37.0885949], [138.4874926, 37.0886739], [138.4874316, 37.0887359], [138.4873146, 37.0888459], [138.4871641, 37.088947], [138.487109, 37.0890045], [138.4870649, 37.0890834], [138.4870379, 37.0891544], [138.4870399, 37.0892674], [138.4870549, 37.0893174], [138.4870839, 37.0893824], [138.487128, 37.089429], [138.48717, 37.089477], [138.487376, 37.089628], [138.487433, 37.089678], [138.487489, 37.089738], [138.487514, 37.089807], [138.4874931, 37.0899548], [138.4874868, 37.0900078], [138.4874294, 37.0902264], [138.4874022, 37.0903638], [138.4873752, 37.0904288], [138.4873462, 37.0904868], [138.4873032, 37.0905398], [138.4872482, 37.0905828], [138.4871902, 37.0906238], [138.4871352, 37.0906508], [138.4860192, 37.0912622], [138.4858182, 37.0913402], [138.4855652, 37.0914512], [138.4854522, 37.0914962], [138.4853692, 37.0915142], [138.4850772, 37.0915772], [138.4847622, 37.0916622], [138.4846992, 37.0916852], [138.4846332, 37.0917152], [138.4845381, 37.0917499], [138.484473, 37.091777], [138.4842262, 37.0920188], [138.4841417, 37.0921166], [138.484051, 37.092244], [138.4839227, 37.0922876], [138.4836953, 37.0923461], [138.4835037, 37.0923976], [138.4833786, 37.09247], [138.483278, 37.09254], [138.483175, 37.0926677], [138.4830861, 37.0928333], [138.4830361, 37.0930721], [138.4829981, 37.0931751], [138.4829791, 37.0932728], [138.4829021, 37.0933791], [138.4828191, 37.0934231], [138.4827041, 37.0934651], [138.4825961, 37.0934941], [138.4825001, 37.0935131], [138.482146, 37.0935014], [138.4820527, 37.0935134], [138.4819008, 37.0935583], [138.481747, 37.093662], [138.4816132, 37.0937538], [138.4814967, 37.0937688], [138.4813802, 37.0937528], [138.4812902, 37.0937045], [138.481174, 37.0936762], [138.481052, 37.093639], [138.480947, 37.093644], [138.480694, 37.093675], [138.480216, 37.093765], [138.479919, 37.093802], [138.479787, 37.093815], [138.4795628, 37.0938427], [138.479374, 37.093833], [138.479106, 37.0938104], [138.4789462, 37.0938359], [138.478395, 37.094074], [138.4780788, 37.094156], [138.477866, 37.09417], [138.477644, 37.094202], [138.477567, 37.094195], [138.477429, 37.094178], [138.477229, 37.094139], [138.4762147, 37.0939405], [138.475942, 37.093866], [138.475832, 37.093853], [138.4757061, 37.0938282], [138.4755964, 37.0938228], [138.4751875, 37.0938578], [138.4751375, 37.0938678], [138.4750395, 37.0938658], [138.4749675, 37.0938568], [138.4749105, 37.0938418], [138.4748415, 37.0938118], [138.474446, 37.093523], [138.474066, 37.093354], [138.473999, 37.093333], [138.473932, 37.09332], [138.473832, 37.093319], [138.47375, 37.093326], [138.4734866, 37.09336], [138.473139, 37.093423], [138.472769, 37.0934943], [138.4727523, 37.0935954], [138.4727078, 37.0937067], [138.4726479, 37.0938127], [138.4725867, 37.0939337], [138.4725104, 37.0940588], [138.4724022, 37.0941761], [138.4722633, 37.0942736], [138.4720919, 37.0943548], [138.4718667, 37.0944281], [138.4716281, 37.0944999], [138.4713955, 37.0945915], [138.4712965, 37.0946268], [138.4710752, 37.094755], [138.4709201, 37.0948957], [138.4707794, 37.0950653], [138.4706863, 37.0952267], [138.4705517, 37.0954963], [138.4704048, 37.0958761], [138.4702478, 37.0963602], [138.4701154, 37.0966022], [138.4699479, 37.0968153], [138.4697555, 37.0970366], [138.469468, 37.097291], [138.4693077, 37.0974251], [138.4685434, 37.0980646], [138.4683282, 37.0982673], [138.4682165, 37.0984246], [138.4681421, 37.098588], [138.4678008, 37.0995933], [138.4677346, 37.0998415], [138.4677077, 37.1001042], [138.4677098, 37.1004062], [138.4676932, 37.1008075], [138.4676311, 37.1016142], [138.4676512, 37.1021082], [138.4676824, 37.1022613], [138.4677175, 37.102494], [138.4676884, 37.1026432], [138.4676072, 37.1028789], [138.4672803, 37.1035047], [138.4671813, 37.1037081], [138.4671195, 37.1038296], [138.4670192, 37.1039519], [138.4669136, 37.1040431], [138.4667781, 37.104142], [138.4665053, 37.1042954], [138.4663962, 37.1043603], [138.4662955, 37.1044415], [138.4662251, 37.1045414], [138.4661782, 37.1046658], [138.466154, 37.1047853], [138.4661679, 37.1050618], [138.4661277, 37.1052197], [138.4660652, 37.1053961], [138.4659467, 37.1056339], [138.4658251, 37.1057619], [138.4657641, 37.1058752], [138.465684, 37.1060154], [138.465348, 37.1064214], [138.4651489, 37.1066613], [138.4641229, 37.1079085], [138.463691, 37.1083227], [138.4636265, 37.1083472], [138.4633018, 37.1084795], [138.4631544, 37.1085197], [138.4626272, 37.1086635], [138.4623689, 37.108734], [138.4617857, 37.1088899], [138.4613335, 37.1090107], [138.4603775, 37.1084548], [138.4597261, 37.1079932], [138.4592627, 37.1076606], [138.4591629, 37.1075927], [138.4588247, 37.1073493], [138.458306, 37.1071122], [138.457857, 37.1069542], [138.457639, 37.1068772], [138.457475, 37.1068152], [138.457407, 37.1067842], [138.457351, 37.1067522], [138.457282, 37.1067112], [138.457225, 37.1066672], [138.457161, 37.1066142], [138.457092, 37.1065492], [138.456996, 37.1064512], [138.456923, 37.1063692], [138.4566297, 37.1059557], [138.4564084, 37.1056979], [138.4561553, 37.1053592], [138.4560819, 37.1052396], [138.4557295, 37.1044969], [138.4556261, 37.1042554], [138.4555221, 37.104096], [138.4554426, 37.1040027], [138.455277, 37.103807], [138.4551081, 37.1036133], [138.4549446, 37.1034604], [138.454874, 37.103218], [138.45481, 37.103087], [138.4545644, 37.1025811], [138.4544732, 37.1023553], [138.4542232, 37.1016653], [138.4538085, 37.100644], [138.4536622, 37.1001353], [138.4536072, 37.0999443], [138.4535446, 37.099687], [138.4534865, 37.0995101], [138.453447, 37.099405], [138.453318, 37.099251], [138.4531156, 37.0990243], [138.452983, 37.098871], [138.4529487, 37.0988361], [138.452928, 37.098815], [138.4526998, 37.0985663], [138.4524593, 37.0983185], [138.4523106, 37.0981379], [138.4521416, 37.0979574], [138.4520132, 37.0978064], [138.4518872, 37.0977094], [138.4513572, 37.097363], [138.4511702, 37.0972408], [138.4511122, 37.0972048], [138.4510612, 37.0971668], [138.4510152, 37.0971208], [138.4509872, 37.0970818], [138.4509612, 37.0970388], [138.4509362, 37.0969928], [138.4509172, 37.0969408], [138.4509002, 37.0968658], [138.450858, 37.09669], [138.450843, 37.096634], [138.450823, 37.096582], [138.450781, 37.096506], [138.450711, 37.096405], [138.450527, 37.096169], [138.450487, 37.096116], [138.450457, 37.09607], [138.450432, 37.096017], [138.4504019, 37.0958995], [138.4503559, 37.0957305], [138.4503299, 37.0956555], [138.4503019, 37.0955995], [138.4502719, 37.0955485], [138.4502379, 37.0954985], [138.4501899, 37.0954375], [138.45013, 37.095352], [138.44969, 37.0951169], [138.449641, 37.0950669], [138.449596, 37.0950029], [138.4494102, 37.0945516], [138.4492822, 37.0943254], [138.4492222, 37.0942304], [138.4491542, 37.0941334], [138.4490822, 37.0940434], [138.4489942, 37.0939584], [138.4488712, 37.0938474], [138.4487582, 37.0937574], [138.4486482, 37.0936674], [138.4485712, 37.0936174], [138.4484505, 37.0935298], [138.4483635, 37.0934178], [138.4482975, 37.0933198], [138.4481775, 37.0931114], [138.44805, 37.092682], [138.448007, 37.092616], [138.447944, 37.092536], [138.447867, 37.092444], [138.447754, 37.092327], [138.4475201, 37.0921519], [138.4474412, 37.0920434], [138.4474043, 37.0919953], [138.447291, 37.09182], [138.447215, 37.091148], [138.447139, 37.090944], [138.446403, 37.090204], [138.445971, 37.089486], [138.445939, 37.089281], [138.4459812, 37.0889349], [138.4459952, 37.0886989], [138.4458832, 37.0884059], [138.4457809, 37.0882933], [138.4457138, 37.0882799], [138.4456523, 37.0882888], [138.4456403, 37.0884209], [138.4456797, 37.0886388], [138.4456436, 37.088876], [138.445416, 37.0892406], [138.445527, 37.0896419], [138.445438, 37.0897589], [138.445099, 37.0899919], [138.4449717, 37.0900985], [138.4449047, 37.09016], [138.4448857, 37.090314], [138.445078, 37.0906234], [138.4450753, 37.0907388], [138.445049, 37.0908236], [138.4446664, 37.0912012], [138.4445294, 37.0913418], [138.4445125, 37.0914875], [138.444637, 37.0919736], [138.444646, 37.0921165], [138.444512, 37.092221], [138.4442594, 37.0922317], [138.4441651, 37.0921453], [138.4440722, 37.0918727], [138.443985, 37.0915442], [138.443904, 37.090726], [138.443857, 37.090666], [138.44378, 37.090623], [138.443679, 37.090589], [138.443594, 37.090555], [138.443512, 37.090519], [138.44345, 37.090488], [138.443327, 37.090425], [138.44298, 37.090169], [138.442937, 37.090136], [138.442496, 37.089881], [138.442274, 37.089745], [138.442226, 37.089707], [138.442187, 37.089667], [138.442132, 37.089592], [138.442111, 37.089548], [138.442094, 37.089502], [138.442072, 37.089373], [138.44205, 37.089176], [138.442039, 37.089003], [138.442021, 37.08889], [138.442001, 37.08883], [138.441986, 37.088798], [138.44196, 37.088762], [138.44193, 37.088732], [138.441897, 37.088705], [138.441856, 37.088683], [138.441808, 37.088663], [138.441471, 37.088585], [138.441397, 37.088564], [138.441337, 37.088541], [138.441268, 37.088514], [138.441205, 37.088477], [138.441163, 37.08844], [138.441078, 37.088353], [138.441042, 37.088315], [138.441014, 37.08829], [138.44098, 37.088269], [138.440938, 37.088258], [138.440904, 37.088253], [138.440807, 37.088254], [138.440728, 37.088259], [138.440601, 37.088261], [138.440551, 37.088258], [138.440509, 37.088245], [138.440467, 37.088229], [138.440418, 37.088196], [138.440388, 37.088163], [138.440385, 37.088159], [138.440354, 37.088123], [138.440307, 37.088038], [138.440051, 37.087565], [138.440011, 37.087515], [138.439989, 37.087487], [138.439961, 37.087464], [138.439934, 37.087445], [138.439883, 37.087422], [138.439792, 37.087392], [138.439659, 37.087357], [138.43956, 37.087323], [138.439521, 37.0873], [138.439479, 37.087273], [138.43946, 37.087258], [138.439447, 37.087237], [138.439448, 37.087169], [138.439455, 37.087104], [138.439469, 37.087035], [138.439466, 37.086978], [138.439462, 37.086956], [138.439455, 37.08694], [138.439435, 37.086923], [138.439399, 37.086906], [138.439358, 37.086894], [138.439314, 37.086889], [138.439187, 37.086887], [138.439131, 37.08689], [138.439061, 37.086901], [138.439005, 37.086907], [138.438904, 37.086909], [138.438858, 37.086906], [138.438814, 37.086899], [138.438773, 37.086884], [138.438731, 37.086865], [138.438708, 37.08685], [138.438689, 37.086833], [138.438669, 37.086809], [138.43865, 37.086772], [138.43863, 37.086694], [138.438609, 37.086632], [138.438594, 37.086601], [138.438567, 37.086566], [138.438542, 37.086543], [138.438503, 37.086513], [138.438386, 37.08646], [138.4382727, 37.0864271], [138.4380213, 37.0863387], [138.4379286, 37.0862899], [138.4378567, 37.0862376], [138.4378077, 37.0861747], [138.4377801, 37.086112], [138.4377531, 37.0860457], [138.4377245, 37.0859887], [138.4376858, 37.0859518], [138.4376163, 37.0859169], [138.4373247, 37.08575], [138.4371837, 37.0856705], [138.4370973, 37.085638], [138.4369727, 37.0856175], [138.4368875, 37.0856165], [138.4367193, 37.0856472], [138.4364351, 37.0857009], [138.4363279, 37.0856918], [138.4362188, 37.0856813], [138.4360106, 37.0856181], [138.4359149, 37.0855891], [138.435208, 37.0854342], [138.4344055, 37.0852505], [138.4341828, 37.0852109], [138.4340106, 37.0851434], [138.433872, 37.0850638], [138.4337573, 37.0849215], [138.4335083, 37.0847043], [138.4333715, 37.0845548], [138.4332959, 37.0844838], [138.4331966, 37.0844221], [138.4330728, 37.0843852], [138.4329517, 37.084369], [138.432834, 37.0843594], [138.4326853, 37.0843723], [138.432565, 37.0843924], [138.4324393, 37.0844436], [138.4323548, 37.0844901], [138.4322829, 37.084519], [138.4321653, 37.0845379], [138.431988, 37.0845299], [138.4318052, 37.0845646], [138.431688, 37.0845948], [138.431374, 37.0846078], [138.4311193, 37.0846158], [138.4308696, 37.0846157], [138.430672, 37.0846196], [138.4305244, 37.0846082], [138.4304181, 37.0845582], [138.4303108, 37.0844917], [138.4301981, 37.0844068], [138.4299822, 37.0841592], [138.4296943, 37.0838544], [138.4295034, 37.0835659], [138.4293936, 37.0833313], [138.4292753, 37.0829135], [138.4291912, 37.0827097], [138.4290919, 37.0826061], [138.4289967, 37.0825135], [138.4288641, 37.0824362], [138.428689, 37.0823631], [138.4281869, 37.0822335], [138.4275851, 37.0820974], [138.4273505, 37.0820227], [138.4272783, 37.0819964], [138.4264251, 37.0815929], [138.4261401, 37.0814962], [138.4251404, 37.0812996], [138.4243791, 37.0811648], [138.4241481, 37.0811404], [138.4239044, 37.0811171], [138.4237087, 37.0811039], [138.42355, 37.081116], [138.4233777, 37.0811439], [138.4231563, 37.0812118], [138.4229897, 37.0812938], [138.4228735, 37.0813928], [138.4227966, 37.0815189], [138.4227364, 37.08165], [138.4226856, 37.0818046], [138.4226164, 37.0821267], [138.4225825, 37.082544], [138.4225399, 37.0829206], [138.422542, 37.0831443], [138.4225833, 37.0833166], [138.4226333, 37.0834303], [138.422701, 37.0835476], [138.4227791, 37.0836582], [138.4230433, 37.0839658], [138.4232698, 37.0841395], [138.4235009, 37.0843098], [138.4236619, 37.0844448], [138.423796, 37.0845842], [138.4238782, 37.0846985], [138.4239582, 37.0848419], [138.4240111, 37.0849973], [138.4240327, 37.0851264], [138.4240497, 37.0852534], [138.4240477, 37.0853331], [138.4240509, 37.0854462], [138.424028, 37.0856187], [138.423869, 37.0862286], [138.4237858, 37.0865739], [138.4237517, 37.0866835], [138.423727, 37.0867772], [138.423676, 37.0868902], [138.423623, 37.0869852], [138.4235, 37.0871232], [138.423342, 37.0872512], [138.423227, 37.0873212], [138.423085, 37.0873982], [138.422978, 37.0874432], [138.422865, 37.0874762], [138.422682, 37.0875052], [138.422498, 37.0875152], [138.42229, 37.0875122], [138.422095, 37.0874962], [138.421917, 37.0874512], [138.421738, 37.0873652], [138.4215671, 37.087264], [138.4214683, 37.0871057], [138.4212307, 37.0868489], [138.4209205, 37.0864941], [138.4200533, 37.085555], [138.4196125, 37.0851296], [138.4195301, 37.0850502], [138.4193175, 37.0849361], [138.4192105, 37.0848961], [138.4190815, 37.0848581], [138.4189475, 37.0848381], [138.4187875, 37.0848341], [138.4186225, 37.0848571], [138.4185516, 37.0848888], [138.4184504, 37.0849401], [138.4183113, 37.0850351], [138.4181858, 37.0851794], [138.418103, 37.0852842], [138.418032, 37.0854152], [138.417979, 37.0855532], [138.41791, 37.0856872], [138.417824, 37.0858032], [138.417695, 37.0859362], [138.417547, 37.0860532], [138.417335, 37.0861642], [138.417208, 37.0862052], [138.417091, 37.0862372], [138.416967, 37.0862562], [138.416846, 37.0862692], [138.41665, 37.0862632], [138.416455, 37.0862302], [138.416331, 37.0861902], [138.41621, 37.0861382], [138.416123, 37.0860852], [138.416039, 37.0860212], [138.415943, 37.0859322], [138.415852, 37.0858382], [138.4155939, 37.0854204], [138.4147155, 37.0843544], [138.4142799, 37.0836261], [138.414153, 37.083288], [138.4141089, 37.0826666], [138.4140765, 37.0823704], [138.413946, 37.0820597], [138.4137461, 37.0817629], [138.413301, 37.081372], [138.4129093, 37.0811115], [138.4121972, 37.0805277], [138.411756, 37.080375], [138.411405, 37.080319], [138.410577, 37.080499], [138.410226, 37.080471], [138.410036, 37.080375], [138.4091397, 37.0797214], [138.4086702, 37.079361], [138.407734, 37.0786423], [138.4075073, 37.0785208], [138.4072576, 37.0784396], [138.404097, 37.078179], [138.403658, 37.0781646], [138.4032503, 37.0782], [138.4026174, 37.0783446], [138.4019157, 37.0784817], [138.4013335, 37.0785138], [138.3998714, 37.0784056], [138.3993024, 37.0783427], [138.3981483, 37.077952], [138.397774, 37.077863], [138.3974022, 37.0779132], [138.3971964, 37.0780817], [138.3970708, 37.0783246], [138.3968499, 37.0797813], [138.3967953, 37.0801079], [138.3967788, 37.080169], [138.3967393, 37.0802369], [138.3966969, 37.080285], [138.3966562, 37.0803195], [138.3966046, 37.0803504], [138.3965394, 37.0803753], [138.3964754, 37.0803922], [138.3964071, 37.0804], [138.3963491, 37.0803996], [138.3962841, 37.0803896], [138.3962153, 37.0803738], [138.3961342, 37.0803438], [138.3958606, 37.0801953], [138.395369, 37.0799113], [138.3953139, 37.0798742], [138.3952673, 37.0798391], [138.3952323, 37.0798104], [138.3951857, 37.0797732], [138.3951411, 37.0797372], [138.3950938, 37.0796903], [138.3950584, 37.0796454], [138.395015, 37.0795434], [138.3949942, 37.0794846], [138.3949746, 37.0794153], [138.394955, 37.0793125], [138.3949354, 37.0791489], [138.3948949, 37.0786768], [138.3948748, 37.0785791], [138.3948384, 37.078501], [138.3947761, 37.0784163], [138.3947123, 37.0783577], [138.3946333, 37.0782944], [138.3945138, 37.0782165], [138.3942195, 37.0780818], [138.3933955, 37.0779152], [138.3931557, 37.0778908], [138.3929727, 37.0779358], [138.3928047, 37.0780088], [138.3926987, 37.0780938], [138.3926069, 37.0781928], [138.3925439, 37.0782914], [138.3924953, 37.0784455], [138.3925078, 37.0787353], [138.3925638, 37.0795382], [138.3925615, 37.079596], [138.3925552, 37.0796567], [138.3925401, 37.0797424], [138.3925216, 37.0798206], [138.3924971, 37.0798821], [138.3924674, 37.0799297], [138.392415, 37.0799833], [138.3923552, 37.0800314], [138.3922904, 37.080063], [138.3922373, 37.0800823], [138.3921781, 37.0800951], [138.3921067, 37.0801015], [138.392022, 37.0801013], [138.3919559, 37.0800905], [138.391907, 37.0800735], [138.3918361, 37.0800466], [138.3917657, 37.0800112], [138.3917075, 37.0799753], [138.391658, 37.0799366], [138.3916061, 37.0798868], [138.3915578, 37.0798272], [138.3914823, 37.0797051], [138.3911521, 37.0790038], [138.3908673, 37.0782757], [138.3906989, 37.0780903], [138.3904949, 37.0780003], [138.3902849, 37.0779613], [138.3900319, 37.0779773], [138.389367, 37.0781559], [138.3890456, 37.0782431], [138.3888672, 37.0782799], [138.3887476, 37.0782949], [138.3886416, 37.0782876], [138.3885301, 37.0782711], [138.3884346, 37.0782372], [138.3883801, 37.0782032], [138.3883344, 37.0781581], [138.3883158, 37.0781037], [138.3883022, 37.078051], [138.3882895, 37.0779787], [138.3882946, 37.077926], [138.3883099, 37.0778766], [138.3883383, 37.0778155], [138.3883879, 37.0777638], [138.3884508, 37.0777196], [138.3885133, 37.0776851], [138.3886251, 37.077637], [138.3892315, 37.0775036], [138.389352, 37.0774708], [138.3894706, 37.0774344], [138.3895716, 37.0774012], [138.3896919, 37.0773525], [138.3898081, 37.0772877], [138.389944, 37.0771798], [138.3900949, 37.0769986], [138.3903514, 37.0767369], [138.3906268, 37.0764467], [138.390744, 37.0763496], [138.3908795, 37.0762759], [138.3910327, 37.0762271], [138.3911982, 37.076203], [138.391449, 37.0762], [138.3915924, 37.0762006], [138.3917084, 37.0761928], [138.3918318, 37.0761646], [138.3919302, 37.0761139], [138.3920339, 37.0760393], [138.3920999, 37.0759518], [138.3921253, 37.0758653], [138.3921253, 37.0757786], [138.3921032, 37.0757054], [138.3920612, 37.0756319], [138.3919962, 37.075572], [138.3919134, 37.0755366], [138.3917735, 37.0754991], [138.3916072, 37.0754819], [138.3913856, 37.0754607], [138.3905827, 37.0754533], [138.3903091, 37.0754678], [138.3902063, 37.075484], [138.390112, 37.0754966], [138.3900646, 37.0755092], [138.3899386, 37.0755772], [138.3897356, 37.0757182], [138.3893201, 37.0760503], [138.3889157, 37.0764193], [138.3886755, 37.0766256], [138.3884902, 37.0767601], [138.3882843, 37.076878], [138.3880995, 37.0769633], [138.3879197, 37.077049], [138.3863737, 37.0777201], [138.3860902, 37.0778165], [138.3859711, 37.0778492], [138.3858137, 37.0778716], [138.385663, 37.0778805], [138.3855003, 37.0778703], [138.3852692, 37.0778318], [138.3851284, 37.0777977], [138.384953, 37.0777734], [138.3848366, 37.0777663], [138.3846564, 37.0777695], [138.3844873, 37.0777909], [138.3843096, 37.0778536], [138.3837868, 37.078093], [138.3832055, 37.0783832], [138.3829686, 37.0785106], [138.382809, 37.0786305], [138.3826461, 37.0788074], [138.3824322, 37.0790377], [138.3823518, 37.0791243], [138.3819883, 37.0795095], [138.3818868, 37.0795891], [138.3817993, 37.0796435], [138.3817693, 37.0796621], [138.3816614, 37.07973], [138.3814817, 37.0798299], [138.3812551, 37.0799498], [138.3805761, 37.0803458], [138.3803744, 37.0804722], [138.3802374, 37.0805903], [138.3800753, 37.0807351], [138.3796742, 37.0811057], [138.3791723, 37.0815712], [138.3790811, 37.081657], [138.3789885, 37.0817272], [138.378905, 37.0817861], [138.3788034, 37.0818408], [138.378717, 37.0818736], [138.378634, 37.0818884], [138.3785411, 37.0818995], [138.3773635, 37.0819825], [138.3771004, 37.0820097], [138.3763743, 37.0820995], [138.3757634, 37.082159], [138.3756308, 37.0821772], [138.3755579, 37.0821978], [138.3754661, 37.0822277], [138.3753721, 37.0822715], [138.3723267, 37.083813], [138.3718763, 37.0839995], [138.3702292, 37.0843859], [138.3696104, 37.0845311], [138.368642, 37.0847835], [138.3681447, 37.0848403], [138.3678399, 37.0848632], [138.367563, 37.0848729], [138.3674118, 37.0848888], [138.3672626, 37.0849163], [138.367061, 37.0849631], [138.3668763, 37.0850162], [138.3667006, 37.0850739], [138.3665314, 37.0851399], [138.3661975, 37.0852591], [138.3658572, 37.0853898], [138.3655577, 37.085504], [138.3654151, 37.0855566], [138.3652798, 37.0856108], [138.3650986, 37.0857067], [138.3647309, 37.0859123], [138.3644431, 37.0860719], [138.3642593, 37.0861564], [138.3641208, 37.0862061], [138.3639535, 37.086268], [138.3638497, 37.0863128], [138.3636818, 37.0864023], [138.363521, 37.0864829], [138.3634147, 37.0865201], [138.3632581, 37.0865713], [138.3631352, 37.0866021], [138.3629691, 37.0866399], [138.3627885, 37.086685], [138.3626578, 37.0867233], [138.3625621, 37.0867617], [138.3624927, 37.0867931], [138.3624246, 37.0868355], [138.3623076, 37.0869185], [138.3622003, 37.0870249], [138.3620026, 37.0872517], [138.361593, 37.0877154], [138.3612046, 37.0881562], [138.3610502, 37.0883191], [138.3607915, 37.0886198], [138.3607246, 37.0886819], [138.3606131, 37.0887321], [138.3604272, 37.0887688], [138.3602699, 37.0887997], [138.3600663, 37.0888404], [138.3598525, 37.0888837], [138.3592828, 37.0890232], [138.3590172, 37.0891165], [138.358753, 37.0892278], [138.3585782, 37.0893107], [138.3582715, 37.089436], [138.3580814, 37.0895114], [138.3578422, 37.0895834], [138.3576867, 37.08963], [138.3574079, 37.0896814], [138.3571739, 37.0897354], [138.3569517, 37.0897796], [138.3566743, 37.0898109], [138.3564579, 37.0898266], [138.356288, 37.0898382], [138.3560626, 37.0898452], [138.3557733, 37.0898425], [138.355147, 37.0898003], [138.3545462, 37.0897432], [138.3542335, 37.0897135], [138.3537947, 37.0896459], [138.3533169, 37.0895598], [138.3530153, 37.0895132], [138.3524423, 37.0894234], [138.3522329, 37.0893979], [138.3518906, 37.0893424], [138.3507158, 37.0892159], [138.3503979, 37.0891864], [138.3502765, 37.0891764], [138.3500464, 37.0891682], [138.3495821, 37.0891645], [138.3494684, 37.089172], [138.3492799, 37.089184], [138.3490017, 37.0892], [138.3484446, 37.0892606], [138.3478695, 37.0893278], [138.3475811, 37.0893672], [138.3473059, 37.0893925], [138.3470321, 37.0894163], [138.3467404, 37.0894311], [138.3461948, 37.0894638], [138.3456821, 37.0895054], [138.3454819, 37.0895491], [138.3451058, 37.089632], [138.344697, 37.0897985], [138.3445601, 37.0898543], [138.3438238, 37.0901942], [138.3431325, 37.0904852], [138.3420407, 37.0908708], [138.3410835, 37.0912004], [138.3398493, 37.0916556], [138.3386527, 37.0920881], [138.3359553, 37.093063], [138.3352781, 37.0932775], [138.3351176, 37.0933221], [138.3330408, 37.0938993], [138.3326496, 37.0939915], [138.3323072, 37.0940568], [138.3315762, 37.0941519], [138.3308665, 37.094232], [138.3305814, 37.0942642], [138.330538, 37.0942692], [138.329785, 37.0944587], [138.3291069, 37.0946484], [138.3280347, 37.09496], [138.3259076, 37.0954913], [138.325593, 37.0955682], [138.3232822, 37.0961674], [138.3224149, 37.0964089], [138.318548, 37.097469], [138.3158069, 37.0982122], [138.3150789, 37.0983458], [138.3149856, 37.0983629], [138.3138316, 37.0985833], [138.3136385, 37.0986202], [138.3132961, 37.0987277], [138.3126764, 37.0989421], [138.3105658, 37.0996917], [138.3097192, 37.1000176], [138.3094538, 37.1001304], [138.3092305, 37.100238], [138.308937, 37.100389], [138.3075928, 37.1013302], [138.3068875, 37.10184], [138.3064373, 37.1021656], [138.3056585, 37.1027204], [138.3054495, 37.1028688], [138.3052867, 37.1030547], [138.3052623, 37.103084], [138.3051196, 37.1032559], [138.3050279, 37.1033779], [138.3049055, 37.1035408], [138.3047401, 37.1037103], [138.3045417, 37.1038491], [138.3041159, 37.1040558], [138.303398, 37.104415], [138.302994, 37.1045776], [138.3029538, 37.1045904], [138.301636, 37.1050091], [138.300947, 37.1052227], [138.3003592, 37.1054049], [138.2996634, 37.1056036], [138.2981127, 37.1059223], [138.2967935, 37.106368], [138.2961428, 37.1065604], [138.2954406, 37.1067178], [138.2949394, 37.1068156], [138.294209, 37.1069592], [138.2938068, 37.1070485], [138.2936798, 37.10709], [138.2935346, 37.1071694], [138.2933777, 37.1072817], [138.2932194, 37.1074036], [138.2914148, 37.1088623], [138.2906865, 37.1094875], [138.2891373, 37.1107402], [138.2889198, 37.110916], [138.2883533, 37.1113609], [138.2882121, 37.111437], [138.2880545, 37.1114988], [138.287834, 37.1115438], [138.287653, 37.111562], [138.2867566, 37.1116252], [138.2865459, 37.1116462], [138.286323, 37.1116669], [138.2858142, 37.1117465], [138.2839549, 37.1120427], [138.283358, 37.1120864], [138.2829986, 37.1121193], [138.2821301, 37.112174], [138.2819502, 37.1121845], [138.2815813, 37.112237], [138.2812139, 37.1123293], [138.2805739, 37.1124902], [138.2802665, 37.1125542], [138.2799309, 37.1126045], [138.2797102, 37.1126271], [138.278736, 37.112702], [138.2781684, 37.1127225], [138.2778545, 37.1127273], [138.2773379, 37.1127417], [138.2769341, 37.1127414]]]}, "id": "relation/6518913"}]}