{
  "type": "FeatureCollection",
  "generator": "overpass-turbo",
  "copyright": "The data included in this document is from www.openstreetmap.org. The data is made available under ODbL.",
  "timestamp": "2026-09-13T03:59:36Z",
  "features": [
    {
      "type": "Feature",
      "properties": {
        "@id": "relation/2878993",
        "colour": "red",
        "from": "大阪府大阪市西成区",
        "name": "国道43号",
        "name:en": "National Highway Route 43",
        "name:es": "Ruta nacional 43",
        "name:ja": "国道43号",
        "name:ja-Hira": "こくどうよんじゅうさんごう",
        "name:ja-Latn": "Kokudo 43 Gou",
        "network": "JP:national",
        "operator": "近畿地方整備局",
        "ref": "43",
        "route": "road",
        "to": "兵庫県神戸市灘区",
        "type": "route",
        "wikidata": "Q6157520",
        "wikipedia": "ja:国道43号"
      },
      "geometry": {
        "type": "MultiLineString",
        "coordinates": [
          [
            [
              135.4976906,
              34.6503579
            ],
            [
              135.4975366,
              34.6503937
            ],
            [
              135.4958615,
              34.6508212
            ],
            [
              135.4957735,
              34.6508436
            ],
            [
              135.4950032,
              34.6510486
            ],
            [
              135.4949821,
              34.6510537
            ],
            [
              135.4948483,
              34.6510863
            ],
            [
              135.4946771,
              34.651128
            ],
            [
              135.4940478,
              34.6512811
            ],
            [
              135.4939742,
              34.6512996
            ],
            [
              135.4934519,
              34.6514307
            ],
            [
              135.4933558,
              34.6514548
            ],
            [
              135.4932415,
              34.6514825
            ],
            [
              135.4926493,
              34.6516262
            ],
            [
              135.4925552,
              34.651649
            ],
            [
              135.4924786,
              34.6516709
            ],
            [
              135.4923694,
              34.6517157
            ],
            [
              135.4920986,
              34.6517896
            ],
            [
              135.491983,
              34.6518234
            ],
            [
              135.4918586,
              34.6518572
            ],
            [
              135.4905104,
              34.6521982
            ],
            [
              135.48702,
              34.6530824
            ],
            [
              135.4866255,
              34.6531735
            ],
            [
              135.4864687,
              34.6532067
            ],
            [
              135.4863242,
              34.6532376
            ],
            [
              135.4861823,
              34.653271
            ],
            [
              135.486039,
              34.6533062
            ],
            [
              135.4857028,
              34.6533969
            ],
            [
              135.4856191,
              34.6534139
            ],
            [
              135.48542,
              34.6534249
            ],
            [
              135.485352,
              34.6534413
            ],
            [
              135.4846967,
              34.6536172
            ],
            [
              135.4845234,
              34.6536663
            ],
            [
              135.4835428,
              34.6539161
            ],
            [
              135.4832539,
              34.6539869
            ],
            [
              135.4830479,
              34.6540326
            ],
            [
              135.4828902,
              34.654066
            ],
            [
              135.4827278,
              34.654099
            ],
            [
              135.4825292,
              34.6541356
            ],
            [
              135.4819515,
              34.6542374
            ],
            [
              135.4817797,
              34.6542712
            ],
            [
              135.4813979,
              34.6543604
            ],
            [
              135.4813415,
              34.6543736
            ],
            [
              135.4802362,
              34.6546524
            ],
            [
              135.4790762,
              34.6549234
            ],
            [
              135.4779472,
              34.6551944
            ],
            [
              135.4771137,
              34.6554109
            ],
            [
              135.4767088,
              34.6555161
            ],
            [
              135.4763894,
              34.655602
            ],
            [
              135.4761404,
              34.6556789
            ],
            [
              135.4758196,
              34.6557807
            ],
            [
              135.4755753,
              34.6558509
            ],
            [
              135.4753725,
              34.6559056
            ],
            [
              135.4744053,
              34.6561446
            ],
            [
              135.4737754,
              34.6563209
            ],
            [
              135.4737052,
              34.6563402
            ],
            [
              135.473558,
              34.65638
            ],
            [
              135.473459,
              34.6564057
            ],
            [
              135.472671,
              34.6566198
            ],
            [
              135.4716012,
              34.6569137
            ],
            [
              135.4715643,
              34.6569238
            ],
            [
              135.470974,
              34.6570863
            ],
            [
              135.4706659,
              34.6571629
            ],
            [
              135.4701213,
              34.6573301
            ],
            [
              135.4697923,
              34.6574673
            ],
            [
              135.4694644,
              34.6576262
            ],
            [
              135.4691357,
              34.657797
            ],
            [
              135.4687743,
              34.65802
            ],
            [
              135.468486,
              34.658235
            ],
            [
              135.4683637,
              34.6583228
            ],
            [
              135.4681212,
              34.6585434
            ],
            [
              135.4679497,
              34.6587141
            ],
            [
              135.4677242,
              34.6589561
            ],
            [
              135.4675441,
              34.6592154
            ],
            [
              135.4673852,
              34.6594618
            ],
            [
              135.4670308,
              34.6600506
            ],
            [
              135.4668876,
              34.6603016
            ],
            [
              135.4663707,
              34.6611663
            ],
            [
              135.4659649,
              34.6619199
            ],
            [
              135.4658423,
              34.6621478
            ],
            [
              135.4657176,
              34.6624257
            ],
            [
              135.4655498,
              34.6628089
            ],
            [
              135.4649868,
              34.6638353
            ],
            [
              135.4648357,
              34.6641112
            ],
            [
              135.4647462,
              34.6642493
            ],
            [
              135.4644085,
              34.6647939
            ],
            [
              135.464232,
              34.6650654
            ],
            [
              135.4640551,
              34.665371
            ],
            [
              135.4640036,
              34.66546
            ],
            [
              135.4639613,
              34.6655456
            ],
            [
              135.4639077,
              34.6656488
            ],
            [
              135.4637898,
              34.665858
            ],
            [
              135.4636615,
              34.6660849
            ],
            [
              135.4634213,
              34.6664697
            ],
            [
              135.4629152,
              34.6673736
            ],
            [
              135.4628445,
              34.6674922
            ],
            [
              135.462657,
              34.6677981
            ],
            [
              135.4624994,
              34.6680495
            ],
            [
              135.4623418,
              34.6683009
            ],
            [
              135.4621339,
              34.6686345
            ],
            [
              135.4619548,
              34.6689335
            ],
            [
              135.4618083,
              34.6691808
            ],
            [
              135.4615677,
              34.6695917
            ],
            [
              135.4612861,
              34.6700745
            ],
            [
              135.460713,
              34.6710488
            ],
            [
              135.4606434,
              34.671167
            ],
            [
              135.4606012,
              34.6712388
            ],
            [
              135.4605262,
              34.6714141
            ],
            [
              135.4600526,
              34.6722298
            ],
            [
              135.4597555,
              34.6727262
            ],
            [
              135.4594524,
              34.6732692
            ],
            [
              135.4592683,
              34.6735962
            ],
            [
              135.4590687,
              34.6740153
            ],
            [
              135.4583594,
              34.67523
            ],
            [
              135.4568134,
              34.6778888
            ],
            [
              135.4563338,
              34.6786932
            ],
            [
              135.4557028,
              34.6797017
            ],
            [
              135.4556676,
              34.6798259
            ],
            [
              135.4550404,
              34.6807921
            ],
            [
              135.4544496,
              34.6817292
            ],
            [
              135.4540458,
              34.6823652
            ],
            [
              135.4528061,
              34.6844912
            ],
            [
              135.4526457,
              34.6847919
            ],
            [
              135.4524939,
              34.6850922
            ],
            [
              135.4523764,
              34.6853245
            ],
            [
              135.4520718,
              34.686034
            ],
            [
              135.4520205,
              34.6861632
            ],
            [
              135.4518021,
              34.6867285
            ],
            [
              135.4516629,
              34.6870511
            ],
            [
              135.4515373,
              34.6872866
            ],
            [
              135.4514281,
              34.6874772
            ],
            [
              135.4512609,
              34.687733
            ],
            [
              135.4511069,
              34.6879367
            ],
            [
              135.4509529,
              34.6881304
            ],
            [
              135.4506837,
              34.6883945
            ],
            [
              135.4503839,
              34.6886939
            ],
            [
              135.4500382,
              34.6890586
            ],
            [
              135.4497677,
              34.6893533
            ],
            [
              135.449349,
              34.6898702
            ],
            [
              135.4489711,
              34.6903393
            ],
            [
              135.4485675,
              34.69085
            ],
            [
              135.4481631,
              34.6913531
            ],
            [
              135.4473783,
              34.692349
            ],
            [
              135.4472288,
              34.6925399
            ],
            [
              135.4465865,
              34.6933447
            ],
            [
              135.4450105,
              34.6953218
            ],
            [
              135.4446068,
              34.6958292
            ],
            [
              135.4438499,
              34.6967894
            ],
            [
              135.4425782,
              34.6984171
            ],
            [
              135.4421779,
              34.6988669
            ],
            [
              135.4420388,
              34.6990049
            ],
            [
              135.441788,
              34.6992465
            ],
            [
              135.4415246,
              34.6994641
            ],
            [
              135.441426,
              34.6995403
            ],
            [
              135.4412285,
              34.6996802
            ],
            [
              135.4402958,
              34.700305
            ],
            [
              135.4396167,
              34.700767
            ],
            [
              135.439252,
              34.7010416
            ],
            [
              135.4388919,
              34.7013641
            ],
            [
              135.4386119,
              34.7016507
            ],
            [
              135.4348435,
              34.7059883
            ],
            [
              135.434723,
              34.706127
            ],
            [
              135.434264,
              34.7066497
            ],
            [
              135.4339413,
              34.7070237
            ],
            [
              135.4338674,
              34.7071139
            ],
            [
              135.4337506,
              34.7071894
            ],
            [
              135.4332316,
              34.7077933
            ],
            [
              135.4327235,
              34.7083807
            ],
            [
              135.4324841,
              34.708655
            ],
            [
              135.4322862,
              34.7088803
            ],
            [
              135.4321355,
              34.7090528
            ],
            [
              135.431865,
              34.709345
            ],
            [
              135.4315009,
              34.7097643
            ],
            [
              135.4314428,
              34.7098313
            ],
            [
              135.4313548,
              34.709911
            ],
            [
              135.43132,
              34.7099425
            ],
            [
              135.43098,
              34.71025
            ],
            [
              135.4308583,
              34.710365
            ],
            [
              135.4307417,
              34.7104733
            ],
            [
              135.43062,
              34.71058
            ],
            [
              135.4301163,
              34.7110095
            ],
            [
              135.4300904,
              34.7110324
            ],
            [
              135.4298408,
              34.7112531
            ],
            [
              135.429255,
              34.711763
            ],
            [
              135.4292086,
              34.711798
            ],
            [
              135.4290664,
              34.7119178
            ],
            [
              135.4289694,
              34.711984
            ],
            [
              135.4288338,
              34.7120523
            ],
            [
              135.4286864,
              34.7121232
            ],
            [
              135.4284799,
              34.712188
            ],
            [
              135.4283093,
              34.7122253
            ],
            [
              135.4281408,
              34.7122556
            ],
            [
              135.4277268,
              34.7122964
            ],
            [
              135.4273994,
              34.7123162
            ],
            [
              135.4271932,
              34.7123254
            ],
            [
              135.426695,
              34.7123403
            ],
            [
              135.4265024,
              34.7123458
            ],
            [
              135.4261992,
              34.7123835
            ],
            [
              135.4260179,
              34.7124061
            ],
            [
              135.4259652,
              34.7124176
            ],
            [
              135.4252016,
              34.7125769
            ],
            [
              135.4244491,
              34.7127313
            ],
            [
              135.4238805,
              34.7128627
            ],
            [
              135.4237103,
              34.7129047
            ],
            [
              135.4227913,
              34.7131299
            ],
            [
              135.4226168,
              34.7131615
            ],
            [
              135.4225826,
              34.7131677
            ],
            [
              135.4223073,
              34.7132225
            ],
            [
              135.421728,
              34.7133377
            ],
            [
              135.4187095,
              34.713938
            ],
            [
              135.4177625,
              34.7141264
            ],
            [
              135.4173668,
              34.7142051
            ],
            [
              135.4172505,
              34.7142282
            ],
            [
              135.4159142,
              34.7144808
            ],
            [
              135.4152462,
              34.7146188
            ],
            [
              135.4144537,
              34.7147749
            ],
            [
              135.4135761,
              34.7149445
            ],
            [
              135.4125935,
              34.7151589
            ],
            [
              135.412478,
              34.7151841
            ],
            [
              135.412091,
              34.7152684
            ],
            [
              135.4114429,
              34.7154097
            ],
            [
              135.4107826,
              34.7155536
            ],
            [
              135.4101884,
              34.7156914
            ],
            [
              135.4093796,
              34.7158665
            ],
            [
              135.4087962,
              34.7159945
            ],
            [
              135.4080654,
              34.7161487
            ],
            [
              135.4073398,
              34.716288
            ],
            [
              135.4062748,
              34.7164872
            ],
            [
              135.4050559,
              34.7167158
            ],
            [
              135.4043221,
              34.7168509
            ],
            [
              135.4040229,
              34.7169121
            ],
            [
              135.4033896,
              34.7170179
            ],
            [
              135.403081,
              34.7170577
            ],
            [
              135.4026507,
              34.717099
            ],
            [
              135.4022203,
              34.7171157
            ],
            [
              135.4017754,
              34.717113
            ],
            [
              135.4012584,
              34.717063
            ],
            [
              135.4010305,
              34.7170332
            ],
            [
              135.4008096,
              34.7170002
            ],
            [
              135.4005807,
              34.7169541
            ],
            [
              135.4005151,
              34.7169387
            ],
            [
              135.4003719,
              34.71691
            ],
            [
              135.4000541,
              34.7168368
            ],
            [
              135.3988277,
              34.7165717
            ],
            [
              135.3967033,
              34.7160978
            ],
            [
              135.3964145,
              34.7160339
            ],
            [
              135.3963243,
              34.7160139
            ],
            [
              135.3961264,
              34.7159725
            ],
            [
              135.3959335,
              34.7159322
            ],
            [
              135.3949679,
              34.715722
            ],
            [
              135.3944426,
              34.7156036
            ],
            [
              135.393097,
              34.7153002
            ],
            [
              135.3928421,
              34.7152456
            ],
            [
              135.3914554,
              34.7149486
            ],
            [
              135.3912865,
              34.7149124
            ],
            [
              135.3909561,
              34.7148493
            ],
            [
              135.3903759,
              34.7147636
            ],
            [
              135.3897434,
              34.7147345
            ],
            [
              135.389297,
              34.714714
            ],
            [
              135.3883248,
              34.7147556
            ],
            [
              135.3882433,
              34.7147639
            ],
            [
              135.3876276,
              34.7148348
            ],
            [
              135.3873164,
              34.7148819
            ],
            [
              135.3865062,
              34.715071
            ],
            [
              135.3862134,
              34.7151447
            ],
            [
              135.3857241,
              34.7152679
            ],
            [
              135.3853808,
              34.7153489
            ],
            [
              135.3842848,
              34.7156161
            ],
            [
              135.3831734,
              34.7158751
            ],
            [
              135.3801998,
              34.7165861
            ],
            [
              135.3789418,
              34.7169045
            ],
            [
              135.3777623,
              34.7171847
            ],
            [
              135.376953,
              34.717373
            ],
            [
              135.3763581,
              34.7175248
            ],
            [
              135.3755759,
              34.7176815
            ],
            [
              135.3744841,
              34.7179052
            ],
            [
              135.3743854,
              34.7179245
            ],
            [
              135.3729228,
              34.7182855
            ],
            [
              135.3727041,
              34.7183363
            ],
            [
              135.3721645,
              34.7184795
            ],
            [
              135.3713189,
              34.7186864
            ],
            [
              135.3707881,
              34.7188403
            ],
            [
              135.3703388,
              34.7189663
            ],
            [
              135.369831,
              34.719135
            ],
            [
              135.3691261,
              34.7194412
            ],
            [
              135.3688794,
              34.7195593
            ],
            [
              135.3682947,
              34.7198392
            ],
            [
              135.367417,
              34.7202437
            ],
            [
              135.3664269,
              34.7206773
            ],
            [
              135.3652965,
              34.721176
            ],
            [
              135.3643431,
              34.7215982
            ],
            [
              135.3632495,
              34.7220417
            ],
            [
              135.3624014,
              34.7223418
            ],
            [
              135.3620506,
              34.7224669
            ],
            [
              135.3615637,
              34.7226369
            ],
            [
              135.3610101,
              34.7228374
            ],
            [
              135.360778,
              34.7229236
            ],
            [
              135.3605598,
              34.723008
            ],
            [
              135.3603673,
              34.7230871
            ],
            [
              135.3601615,
              34.7231763
            ],
            [
              135.3599625,
              34.7232704
            ],
            [
              135.3597444,
              34.723374
            ],
            [
              135.35936,
              34.723576
            ],
            [
              135.3589333,
              34.7237977
            ],
            [
              135.3582954,
              34.7242249
            ],
            [
              135.3581339,
              34.7243319
            ],
            [
              135.3579768,
              34.7244417
            ],
            [
              135.3575309,
              34.7247471
            ],
            [
              135.3574287,
              34.7248171
            ],
            [
              135.3564315,
              34.7255
            ],
            [
              135.356262,
              34.7256094
            ],
            [
              135.3561163,
              34.7256994
            ],
            [
              135.3559222,
              34.7258208
            ],
            [
              135.3557769,
              34.7259117
            ],
            [
              135.3556233,
              34.726012
            ],
            [
              135.3550375,
              34.7264198
            ],
            [
              135.3548355,
              34.7265598
            ],
            [
              135.3546901,
              34.7266605
            ],
            [
              135.3541814,
              34.7270339
            ],
            [
              135.3523244,
              34.7283557
            ],
            [
              135.3522208,
              34.7284258
            ],
            [
              135.3516643,
              34.7288025
            ],
            [
              135.3509229,
              34.7292681
            ],
            [
              135.3502325,
              34.7297006
            ],
            [
              135.3499092,
              34.7299295
            ],
            [
              135.3496889,
              34.7300904
            ],
            [
              135.3494616,
              34.7302534
            ],
            [
              135.3487748,
              34.7307403
            ],
            [
              135.3487499,
              34.7307579
            ],
            [
              135.3486124,
              34.7308553
            ],
            [
              135.34858,
              34.7308783
            ],
            [
              135.3476214,
              34.7315355
            ],
            [
              135.3474663,
              34.7316448
            ],
            [
              135.3471926,
              34.7318159
            ],
            [
              135.3468701,
              34.7320047
            ],
            [
              135.3466023,
              34.7321594
            ],
            [
              135.3459505,
              34.7324813
            ],
            [
              135.3457006,
              34.7325852
            ],
            [
              135.3452342,
              34.7327599
            ],
            [
              135.3449572,
              34.7328619
            ],
            [
              135.3444344,
              34.7330178
            ],
            [
              135.3434233,
              34.733213
            ],
            [
              135.3431099,
              34.7332509
            ],
            [
              135.3422386,
              34.7333266
            ],
            [
              135.3418919,
              34.7333509
            ],
            [
              135.3413487,
              34.7333747
            ],
            [
              135.3403261,
              34.7334454
            ],
            [
              135.339665,
              34.7334888
            ],
            [
              135.3394382,
              34.733504
            ],
            [
              135.3384371,
              34.7335558
            ],
            [
              135.3377517,
              34.7336027
            ],
            [
              135.3370991,
              34.7336377
            ],
            [
              135.3365623,
              34.7336748
            ],
            [
              135.3359809,
              34.7337066
            ],
            [
              135.335808,
              34.7337161
            ],
            [
              135.3349827,
              34.7337746
            ],
            [
              135.3347313,
              34.7337891
            ],
            [
              135.3345573,
              34.7337977
            ],
            [
              135.3338515,
              34.7338234
            ],
            [
              135.3332331,
              34.7338273
            ],
            [
              135.3327206,
              34.7338284
            ],
            [
              135.3315861,
              34.7337515
            ],
            [
              135.3308459,
              34.7337002
            ],
            [
              135.3298815,
              34.7335951
            ],
            [
              135.3295873,
              34.7335717
            ],
            [
              135.3287518,
              34.7335069
            ],
            [
              135.3282962,
              34.7334715
            ],
            [
              135.3274453,
              34.7334123
            ],
            [
              135.3264816,
              34.7333171
            ],
            [
              135.3256408,
              34.7331651
            ],
            [
              135.3250664,
              34.733025
            ],
            [
              135.3244097,
              34.7328417
            ],
            [
              135.323827,
              34.7326737
            ],
            [
              135.3234832,
              34.7325667
            ],
            [
              135.3229423,
              34.7323982
            ],
            [
              135.3219871,
              34.7321166
            ],
            [
              135.3213005,
              34.7319515
            ],
            [
              135.3209487,
              34.7318804
            ],
            [
              135.3201144,
              34.7316156
            ],
            [
              135.3199619,
              34.7315938
            ],
            [
              135.3192062,
              34.7314282
            ],
            [
              135.3186884,
              34.7313213
            ],
            [
              135.3183304,
              34.7312273
            ],
            [
              135.3173538,
              34.7309457
            ],
            [
              135.3169219,
              34.7307801
            ],
            [
              135.3168007,
              34.7307265
            ],
            [
              135.3154493,
              34.730092
            ],
            [
              135.3152192,
              34.7299822
            ],
            [
              135.3142154,
              34.729493
            ],
            [
              135.3132894,
              34.7290425
            ],
            [
              135.312946,
              34.7288754
            ],
            [
              135.3126804,
              34.7287503
            ],
            [
              135.3124217,
              34.728629
            ],
            [
              135.3115466,
              34.7282132
            ],
            [
              135.3110193,
              34.7279664
            ],
            [
              135.3108278,
              34.7278925
            ],
            [
              135.310699,
              34.727841
            ],
            [
              135.3104441,
              34.7277391
            ],
            [
              135.309749,
              34.7274927
            ],
            [
              135.3089892,
              34.727242
            ],
            [
              135.3082141,
              34.726988
            ],
            [
              135.3076015,
              34.7268069
            ],
            [
              135.3073426,
              34.7267219
            ],
            [
              135.3068186,
              34.7265498
            ],
            [
              135.3061041,
              34.7263152
            ],
            [
              135.3055571,
              34.7261317
            ],
            [
              135.3050398,
              34.725978
            ],
            [
              135.3048086,
              34.7259072
            ],
            [
              135.3046838,
              34.7258691
            ],
            [
              135.3042401,
              34.7257341
            ],
            [
              135.3041887,
              34.7257186
            ],
            [
              135.3036995,
              34.7255647
            ],
            [
              135.303663,
              34.7255528
            ],
            [
              135.3029515,
              34.7253297
            ],
            [
              135.3022139,
              34.725087
            ],
            [
              135.3015743,
              34.7248526
            ],
            [
              135.3010311,
              34.7246432
            ],
            [
              135.3006069,
              34.7244731
            ],
            [
              135.3002242,
              34.7243105
            ],
            [
              135.2991002,
              34.7238396
            ],
            [
              135.299051,
              34.7238173
            ],
            [
              135.2985665,
              34.723627
            ],
            [
              135.2982643,
              34.7234983
            ],
            [
              135.2978432,
              34.7233307
            ],
            [
              135.2971696,
              34.7230681
            ],
            [
              135.2964054,
              34.7227514
            ],
            [
              135.2961678,
              34.7226545
            ],
            [
              135.2960384,
              34.7225822
            ],
            [
              135.2951833,
              34.7222332
            ],
            [
              135.2948616,
              34.7221245
            ],
            [
              135.2943565,
              34.7219114
            ],
            [
              135.2936247,
              34.7216002
            ],
            [
              135.2928162,
              34.7212694
            ],
            [
              135.2926781,
              34.7212133
            ],
            [
              135.2917698,
              34.7208165
            ],
            [
              135.2916375,
              34.7207571
            ],
            [
              135.2908197,
              34.7203958
            ],
            [
              135.2906387,
              34.7203089
            ],
            [
              135.290034,
              34.7200186
            ],
            [
              135.2893414,
              34.7196933
            ],
            [
              135.2887269,
              34.7193658
            ],
            [
              135.2879816,
              34.7189164
            ],
            [
              135.28637,
              34.718049
            ],
            [
              135.2854352,
              34.7175509
            ],
            [
              135.2852041,
              34.7174335
            ],
            [
              135.2843053,
              34.7169676
            ],
            [
              135.2837774,
              34.7166778
            ],
            [
              135.2833571,
              34.716447
            ],
            [
              135.2825392,
              34.7159969
            ],
            [
              135.2824605,
              34.7159527
            ],
            [
              135.2821198,
              34.7157663
            ],
            [
              135.2815406,
              34.7154479
            ],
            [
              135.2808395,
              34.7150597
            ],
            [
              135.2802509,
              34.714761
            ],
            [
              135.2801892,
              34.714734
            ],
            [
              135.2801263,
              34.7147065
            ],
            [
              135.2791232,
              34.7142397
            ],
            [
              135.2782484,
              34.7138452
            ],
            [
              135.2780512,
              34.7137657
            ],
            [
              135.2780197,
              34.7137524
            ],
            [
              135.2779823,
              34.713738
            ],
            [
              135.2779407,
              34.7137212
            ],
            [
              135.2775278,
              34.7135677
            ],
            [
              135.2774077,
              34.7135229
            ],
            [
              135.2771221,
              34.7134177
            ],
            [
              135.2767408,
              34.7132669
            ],
            [
              135.2762916,
              34.7130874
            ],
            [
              135.2760792,
              34.7130079
            ],
            [
              135.2758641,
              34.7129237
            ],
            [
              135.2754288,
              34.7127567
            ],
            [
              135.27518,
              34.7126619
            ],
            [
              135.2746228,
              34.7124473
            ],
            [
              135.2743658,
              34.7123595
            ],
            [
              135.2739014,
              34.7122
            ],
            [
              135.2735304,
              34.7121107
            ],
            [
              135.2731539,
              34.7120399
            ],
            [
              135.2727266,
              34.7119368
            ],
            [
              135.2698317,
              34.7113552
            ],
            [
              135.2693854,
              34.7112721
            ],
            [
              135.2690486,
              34.7112145
            ],
            [
              135.2690124,
              34.7112084
            ],
            [
              135.268766,
              34.711167
            ],
            [
              135.2687388,
              34.7111616
            ],
            [
              135.2685724,
              34.7111307
            ],
            [
              135.2681649,
              34.7110687
            ],
            [
              135.2677214,
              34.711031
            ],
            [
              135.2671425,
              34.7110195
            ],
            [
              135.2659387,
              34.7110686
            ],
            [
              135.2649392,
              34.7110818
            ],
            [
              135.264263,
              34.7110494
            ],
            [
              135.2637349,
              34.7110241
            ],
            [
              135.2626336,
              34.7109954
            ],
            [
              135.2619624,
              34.7110117
            ],
            [
              135.260157,
              34.7110671
            ],
            [
              135.2589559,
              34.7110935
            ],
            [
              135.2583971,
              34.711074
            ],
            [
              135.2575412,
              34.7110205
            ],
            [
              135.2571104,
              34.7110069
            ],
            [
              135.256738,
              34.7109858
            ],
            [
              135.2563396,
              34.7109665
            ],
            [
              135.2560188,
              34.7109364
            ],
            [
              135.2557313,
              34.7109241
            ],
            [
              135.25547,
              34.7109074
            ],
            [
              135.2551145,
              34.7108849
            ],
            [
              135.254892,
              34.7108649
            ],
            [
              135.2544844,
              34.7108283
            ],
            [
              135.2538343,
              34.7107904
            ],
            [
              135.2535434,
              34.71077
            ],
            [
              135.2517794,
              34.7106606
            ],
            [
              135.251176,
              34.7106229
            ],
            [
              135.2511259,
              34.7106196
            ],
            [
              135.2509264,
              34.7106067
            ],
            [
              135.2508891,
              34.7106055
            ],
            [
              135.2489141,
              34.7104593
            ],
            [
              135.2481278,
              34.7104083
            ],
            [
              135.2473317,
              34.7103518
            ],
            [
              135.2472296,
              34.7103486
            ],
            [
              135.2465293,
              34.7103146
            ],
            [
              135.2458198,
              34.7102768
            ],
            [
              135.2455955,
              34.7102605
            ],
            [
              135.2446992,
              34.7101949
            ],
            [
              135.2440379,
              34.7100996
            ],
            [
              135.2435431,
              34.7100226
            ],
            [
              135.2428881,
              34.7098621
            ],
            [
              135.242523,
              34.7097579
            ],
            [
              135.241795,
              34.7095282
            ],
            [
              135.2410986,
              34.7092761
            ],
            [
              135.2388893,
              34.7082508
            ],
            [
              135.2362709,
              34.7069902
            ],
            [
              135.2356314,
              34.7066944
            ],
            [
              135.235033,
              34.7064116
            ],
            [
              135.2344432,
              34.7061575
            ],
            [
              135.2337254,
              34.7059024
            ],
            [
              135.2326739,
              34.7056223
            ],
            [
              135.2311918,
              34.7053105
            ],
            [
              135.2305266,
              34.7051648
            ],
            [
              135.2297993,
              34.7049974
            ],
            [
              135.2285318,
              34.704724
            ],
            [
              135.2273768,
              34.7044759
            ],
            [
              135.2251026,
              34.7039444
            ],
            [
              135.2234094,
              34.7035106
            ],
            [
              135.2217865,
              34.703202
            ],
            [
              135.2203046,
              34.7029102
            ],
            [
              135.2196754,
              34.7027784
            ]
          ],
          [
            [
              135.2196261,
              34.7029541
            ],
            [
              135.2201181,
              34.7030127
            ],
            [
              135.2209139,
              34.7031432
            ],
            [
              135.2217517,
              34.7032949
            ],
            [
              135.223377,
              34.7036141
            ],
            [
              135.2250761,
              34.7040376
            ],
            [
              135.2273393,
              34.7045715
            ],
            [
              135.2284648,
              34.7048582
            ],
            [
              135.2291017,
              34.7050012
            ],
            [
              135.2297372,
              34.7051438
            ],
            [
              135.2307919,
              34.7053746
            ],
            [
              135.2314928,
              34.7055433
            ],
            [
              135.2324686,
              34.7057647
            ],
            [
              135.2328751,
              34.705857
            ],
            [
              135.2337693,
              34.7061103
            ],
            [
              135.234344,
              34.7062996
            ],
            [
              135.2350887,
              34.7066318
            ],
            [
              135.2352267,
              34.7067009
            ],
            [
              135.2354651,
              34.7068204
            ],
            [
              135.235975,
              34.7070463
            ],
            [
              135.2364725,
              34.7072667
            ],
            [
              135.2369559,
              34.7075249
            ],
            [
              135.2374715,
              34.7077502
            ],
            [
              135.2384825,
              34.7082447
            ],
            [
              135.2395379,
              34.7087459
            ],
            [
              135.2406526,
              34.7092619
            ],
            [
              135.2417665,
              34.7097207
            ],
            [
              135.2422181,
              34.7098556
            ],
            [
              135.2428239,
              34.7100391
            ],
            [
              135.2432264,
              34.7101334
            ],
            [
              135.2440396,
              34.7102943
            ],
            [
              135.2443869,
              34.7103403
            ],
            [
              135.2446081,
              34.7103696
            ],
            [
              135.2458303,
              34.7104497
            ],
            [
              135.2464496,
              34.7104901
            ],
            [
              135.247183,
              34.7105439
            ],
            [
              135.2472878,
              34.7105485
            ],
            [
              135.2482328,
              34.7106021
            ],
            [
              135.2488866,
              34.7106496
            ],
            [
              135.2507436,
              34.7107857
            ],
            [
              135.2508456,
              34.7107932
            ],
            [
              135.2510345,
              34.7108055
            ],
            [
              135.2510967,
              34.71081
            ],
            [
              135.253736,
              34.7110028
            ],
            [
              135.2550067,
              34.7110588
            ],
            [
              135.2557085,
              34.7111091
            ],
            [
              135.2562981,
              34.7111541
            ],
            [
              135.2563978,
              34.711159
            ],
            [
              135.2574724,
              34.7112223
            ],
            [
              135.2578183,
              34.711233
            ],
            [
              135.258775,
              34.7112627
            ],
            [
              135.2595646,
              34.7112691
            ],
            [
              135.2601265,
              34.7112737
            ],
            [
              135.2613124,
              34.7112009
            ],
            [
              135.2625538,
              34.7111596
            ],
            [
              135.2631521,
              34.7111661
            ],
            [
              135.2637405,
              34.711184
            ],
            [
              135.2658197,
              34.7112854
            ],
            [
              135.265962,
              34.7112823
            ],
            [
              135.2676095,
              34.711228
            ],
            [
              135.2683096,
              34.711289
            ],
            [
              135.268596,
              34.7113326
            ],
            [
              135.268664,
              34.7113437
            ],
            [
              135.2687508,
              34.7113614
            ],
            [
              135.2690715,
              34.7114144
            ],
            [
              135.2691241,
              34.7114261
            ],
            [
              135.2694035,
              34.7114816
            ],
            [
              135.2726366,
              34.7121073
            ],
            [
              135.2731109,
              34.7122001
            ],
            [
              135.2737445,
              34.712351
            ],
            [
              135.2738374,
              34.7123746
            ],
            [
              135.2740054,
              34.7124172
            ],
            [
              135.2745648,
              34.7126091
            ],
            [
              135.2749664,
              34.7127451
            ],
            [
              135.2751129,
              34.7128075
            ],
            [
              135.2754777,
              34.712963
            ],
            [
              135.2759779,
              34.7131676
            ],
            [
              135.2765192,
              34.7133746
            ],
            [
              135.2770178,
              34.7135803
            ],
            [
              135.2773211,
              34.7136972
            ],
            [
              135.2775057,
              34.7137739
            ],
            [
              135.2778811,
              34.7139204
            ],
            [
              135.2779152,
              34.7139334
            ],
            [
              135.2779504,
              34.7139475
            ],
            [
              135.2781357,
              34.7140198
            ],
            [
              135.2787658,
              34.7142831
            ],
            [
              135.2800136,
              34.7148674
            ],
            [
              135.2800686,
              34.7148942
            ],
            [
              135.2801349,
              34.7149266
            ],
            [
              135.2804501,
              34.7150939
            ],
            [
              135.2813888,
              34.7155962
            ],
            [
              135.2818432,
              34.7158511
            ],
            [
              135.2820517,
              34.7159641
            ],
            [
              135.2823698,
              34.7161283
            ],
            [
              135.2824505,
              34.7161703
            ],
            [
              135.2827094,
              34.7163041
            ],
            [
              135.2832333,
              34.7165953
            ],
            [
              135.2842431,
              34.7171428
            ],
            [
              135.2851423,
              34.7176129
            ],
            [
              135.2854271,
              34.7177618
            ],
            [
              135.285621,
              34.7178711
            ],
            [
              135.2863007,
              34.7182761
            ],
            [
              135.2880396,
              34.7192093
            ],
            [
              135.2889551,
              34.7196815
            ],
            [
              135.2895189,
              34.7199728
            ],
            [
              135.2897866,
              34.7201071
            ],
            [
              135.2905753,
              34.7205028
            ],
            [
              135.2906543,
              34.7205375
            ],
            [
              135.2907205,
              34.7205682
            ],
            [
              135.2914963,
              34.7209283
            ],
            [
              135.2916215,
              34.7209863
            ],
            [
              135.2916447,
              34.720997
            ],
            [
              135.2917824,
              34.7210608
            ],
            [
              135.2926116,
              34.7214245
            ],
            [
              135.2936518,
              34.7218326
            ],
            [
              135.2942792,
              34.7220982
            ],
            [
              135.295063,
              34.7224305
            ],
            [
              135.2963285,
              34.7229456
            ],
            [
              135.296984,
              34.7232246
            ],
            [
              135.2980379,
              34.7236462
            ],
            [
              135.2989537,
              34.7240141
            ],
            [
              135.2990357,
              34.7240485
            ],
            [
              135.3000854,
              34.7244817
            ],
            [
              135.3005924,
              34.724684
            ],
            [
              135.3014829,
              34.725027
            ],
            [
              135.3018461,
              34.7251669
            ],
            [
              135.3022831,
              34.7253081
            ],
            [
              135.302423,
              34.7253527
            ],
            [
              135.302849,
              34.7254886
            ],
            [
              135.3031741,
              34.7255923
            ],
            [
              135.3035899,
              34.7257196
            ],
            [
              135.3036471,
              34.7257374
            ],
            [
              135.3041384,
              34.725897
            ],
            [
              135.3041909,
              34.7259134
            ],
            [
              135.3046272,
              34.7260613
            ],
            [
              135.3047321,
              34.726094
            ],
            [
              135.3048186,
              34.7261213
            ],
            [
              135.3064134,
              34.7266245
            ],
            [
              135.3072404,
              34.7268995
            ],
            [
              135.3077402,
              34.7270589
            ],
            [
              135.308125,
              34.7271837
            ],
            [
              135.3089309,
              34.7274548
            ],
            [
              135.3099688,
              34.7278013
            ],
            [
              135.310923,
              34.7281785
            ],
            [
              135.3113508,
              34.7283755
            ],
            [
              135.3120877,
              34.7287147
            ],
            [
              135.3126649,
              34.7290009
            ],
            [
              135.312758,
              34.729047
            ],
            [
              135.3130078,
              34.7291778
            ],
            [
              135.3131774,
              34.7292557
            ],
            [
              135.3138901,
              34.729583
            ],
            [
              135.3140883,
              34.729674
            ],
            [
              135.3151024,
              34.7301651
            ],
            [
              135.3159152,
              34.7305631
            ],
            [
              135.3166593,
              34.7308958
            ],
            [
              135.3167101,
              34.730919
            ],
            [
              135.3169967,
              34.7310496
            ],
            [
              135.3173616,
              34.7311537
            ],
            [
              135.3177199,
              34.731255
            ],
            [
              135.3180895,
              34.731342
            ],
            [
              135.319915,
              34.731844
            ],
            [
              135.3208399,
              34.7320899
            ],
            [
              135.3215237,
              34.7322717
            ],
            [
              135.3216277,
              34.7322994
            ],
            [
              135.3239187,
              34.7329076
            ],
            [
              135.3244373,
              34.7330511
            ],
            [
              135.3254068,
              34.7332662
            ],
            [
              135.3264796,
              34.7335027
            ],
            [
              135.3282501,
              34.7336827
            ],
            [
              135.3287672,
              34.7337334
            ],
            [
              135.3295696,
              34.7338121
            ],
            [
              135.330815,
              34.7339365
            ],
            [
              135.3315823,
              34.7339883
            ],
            [
              135.3324035,
              34.7340264
            ],
            [
              135.3332218,
              34.7340537
            ],
            [
              135.3341432,
              34.7340131
            ],
            [
              135.3345389,
              34.7339872
            ],
            [
              135.3359023,
              34.733898
            ],
            [
              135.3360552,
              34.7338894
            ],
            [
              135.3371082,
              34.7338242
            ],
            [
              135.3382314,
              34.7337529
            ],
            [
              135.3394599,
              34.7336749
            ],
            [
              135.3396775,
              34.7336609
            ],
            [
              135.340367,
              34.7336165
            ],
            [
              135.3413818,
              34.7335511
            ],
            [
              135.3423128,
              34.7335142
            ],
            [
              135.3431531,
              34.7334483
            ],
            [
              135.3436439,
              34.7333811
            ],
            [
              135.3441363,
              34.7332935
            ],
            [
              135.3442206,
              34.7332698
            ],
            [
              135.3447032,
              34.7331342
            ],
            [
              135.344837,
              34.7330966
            ],
            [
              135.3453912,
              34.7329008
            ],
            [
              135.3459794,
              34.7326642
            ],
            [
              135.3466591,
              34.7323472
            ],
            [
              135.3471891,
              34.7320549
            ],
            [
              135.3476845,
              34.7317174
            ],
            [
              135.3479264,
              34.7315561
            ],
            [
              135.3486418,
              34.7310791
            ],
            [
              135.3486702,
              34.7310598
            ],
            [
              135.3488105,
              34.7309641
            ],
            [
              135.3488383,
              34.7309451
            ],
            [
              135.3495261,
              34.7304866
            ],
            [
              135.3503763,
              34.7299022
            ],
            [
              135.3510651,
              34.7294251
            ],
            [
              135.3514314,
              34.7291645
            ],
            [
              135.3517772,
              34.7289185
            ],
            [
              135.3518241,
              34.7288833
            ],
            [
              135.3523158,
              34.7285712
            ],
            [
              135.3528616,
              34.7282142
            ],
            [
              135.353763,
              34.7275637
            ],
            [
              135.3540852,
              34.7273373
            ],
            [
              135.3548561,
              34.7268149
            ],
            [
              135.355035,
              34.7266937
            ],
            [
              135.3552022,
              34.7265751
            ],
            [
              135.3565149,
              34.7256438
            ],
            [
              135.3575318,
              34.7249131
            ],
            [
              135.3576253,
              34.7248471
            ],
            [
              135.3581315,
              34.7245118
            ],
            [
              135.3583202,
              34.7243935
            ],
            [
              135.3590349,
              34.723904
            ],
            [
              135.3597621,
              34.7235116
            ],
            [
              135.3599981,
              34.7233932
            ],
            [
              135.3604486,
              34.723183
            ],
            [
              135.3606218,
              34.7231084
            ],
            [
              135.3608306,
              34.7230218
            ],
            [
              135.3610595,
              34.7229353
            ],
            [
              135.3632649,
              34.7221343
            ],
            [
              135.3639111,
              34.7218859
            ],
            [
              135.3643977,
              34.7216875
            ],
            [
              135.365351,
              34.7212528
            ],
            [
              135.3664883,
              34.7207496
            ],
            [
              135.3674695,
              34.7203289
            ],
            [
              135.3689279,
              34.7197358
            ],
            [
              135.3692334,
              34.7196021
            ],
            [
              135.3699249,
              34.7193023
            ],
            [
              135.3702307,
              34.7191783
            ],
            [
              135.3704575,
              34.7191069
            ],
            [
              135.3712335,
              34.7188948
            ],
            [
              135.3714004,
              34.7188487
            ],
            [
              135.372226,
              34.7186546
            ],
            [
              135.3729982,
              34.718473
            ],
            [
              135.3740889,
              34.7182213
            ],
            [
              135.3744567,
              34.7181462
            ],
            [
              135.3745615,
              34.7181203
            ],
            [
              135.3767229,
              34.7175375
            ],
            [
              135.3773381,
              34.7173716
            ],
            [
              135.3777958,
              34.7172585
            ],
            [
              135.3789026,
              34.7169865
            ],
            [
              135.3802291,
              34.7166519
            ],
            [
              135.3841941,
              34.715707
            ],
            [
              135.3857494,
              34.7153359
            ],
            [
              135.3862239,
              34.7152431
            ],
            [
              135.3866924,
              34.7151515
            ],
            [
              135.38764,
              34.7149919
            ],
            [
              135.3886574,
              34.7148755
            ],
            [
              135.3891552,
              34.7148526
            ],
            [
              135.3897635,
              34.7148926
            ],
            [
              135.3901339,
              34.714917
            ],
            [
              135.3905073,
              34.7149592
            ],
            [
              135.3909727,
              34.7150276
            ],
            [
              135.3912996,
              34.7150926
            ],
            [
              135.3914667,
              34.7151188
            ],
            [
              135.3915124,
              34.715126
            ],
            [
              135.3923705,
              34.7153037
            ],
            [
              135.393705,
              34.715599
            ],
            [
              135.3940053,
              34.7156656
            ],
            [
              135.3940635,
              34.7156791
            ],
            [
              135.3944416,
              34.7157536
            ],
            [
              135.395432,
              34.7159676
            ],
            [
              135.3961432,
              34.7161259
            ],
            [
              135.3963357,
              34.7161687
            ],
            [
              135.3964277,
              34.7161892
            ],
            [
              135.3968796,
              34.7162902
            ],
            [
              135.3975552,
              34.7164422
            ],
            [
              135.3981013,
              34.7165609
            ],
            [
              135.3998283,
              34.7169535
            ],
            [
              135.4000566,
              34.7170085
            ],
            [
              135.4002658,
              34.7170594
            ],
            [
              135.4005645,
              34.7171227
            ],
            [
              135.4009634,
              34.7171845
            ],
            [
              135.4012713,
              34.7172259
            ],
            [
              135.4016767,
              34.7172532
            ],
            [
              135.4021513,
              34.7172676
            ],
            [
              135.4023653,
              34.7172661
            ],
            [
              135.4025605,
              34.7172557
            ],
            [
              135.402713,
              34.7172476
            ],
            [
              135.4027446,
              34.7172459
            ],
            [
              135.4030721,
              34.7172127
            ],
            [
              135.4045206,
              34.717009
            ],
            [
              135.4051034,
              34.7169105
            ],
            [
              135.4055219,
              34.7168512
            ],
            [
              135.406063,
              34.7167477
            ],
            [
              135.4068267,
              34.7165998
            ],
            [
              135.4073647,
              34.7165049
            ],
            [
              135.408144,
              34.7163672
            ],
            [
              135.4085153,
              34.7162911
            ],
            [
              135.4093304,
              34.7161061
            ],
            [
              135.4094327,
              34.7160823
            ],
            [
              135.4102667,
              34.7159045
            ],
            [
              135.4114468,
              34.7156431
            ],
            [
              135.4115299,
              34.7156244
            ],
            [
              135.4132317,
              34.7152397
            ],
            [
              135.413873,
              34.7150932
            ],
            [
              135.4144711,
              34.7149615
            ],
            [
              135.4145072,
              34.7149537
            ],
            [
              135.4153104,
              34.7147794
            ],
            [
              135.4156384,
              34.7147082
            ],
            [
              135.4160079,
              34.7146277
            ],
            [
              135.4165672,
              34.7144978
            ],
            [
              135.417144,
              34.714374
            ],
            [
              135.4172869,
              34.7143482
            ],
            [
              135.4174028,
              34.7143243
            ],
            [
              135.4178013,
              34.7142421
            ],
            [
              135.4187384,
              34.7140488
            ],
            [
              135.4217528,
              34.7134271
            ],
            [
              135.4222922,
              34.7133158
            ],
            [
              135.4223387,
              34.7133083
            ],
            [
              135.4226408,
              34.7132595
            ],
            [
              135.4230231,
              34.7131978
            ],
            [
              135.4239119,
              34.7130346
            ],
            [
              135.4239782,
              34.7130203
            ],
            [
              135.4245389,
              34.7128907
            ],
            [
              135.4252594,
              34.7127221
            ],
            [
              135.4260661,
              34.7125549
            ],
            [
              135.4262252,
              34.7125324
            ],
            [
              135.4263476,
              34.7125151
            ],
            [
              135.4268673,
              34.7124721
            ],
            [
              135.4271973,
              34.7124322
            ],
            [
              135.4283553,
              34.7123599
            ],
            [
              135.4284922,
              34.7123307
            ],
            [
              135.4286534,
              34.7122838
            ],
            [
              135.4288625,
              34.7122195
            ],
            [
              135.4291197,
              34.7120754
            ],
            [
              135.4293401,
              34.7119077
            ],
            [
              135.4293937,
              34.7118665
            ],
            [
              135.4295183,
              34.7117568
            ],
            [
              135.4302275,
              34.7111336
            ],
            [
              135.4302508,
              34.7111131
            ],
            [
              135.430667,
              34.7107459
            ],
            [
              135.4315042,
              34.7100009
            ],
            [
              135.4316324,
              34.7098869
            ],
            [
              135.4316934,
              34.7098178
            ],
            [
              135.4324488,
              34.7089622
            ],
            [
              135.4327305,
              34.7086429
            ],
            [
              135.4333608,
              34.707938
            ],
            [
              135.433715,
              34.7075341
            ],
            [
              135.4340315,
              34.7071722
            ],
            [
              135.434078,
              34.7071201
            ],
            [
              135.4344681,
              34.7066748
            ],
            [
              135.4346327,
              34.7064648
            ],
            [
              135.4347887,
              34.7062274
            ],
            [
              135.434935,
              34.706042
            ],
            [
              135.4353717,
              34.705514
            ],
            [
              135.4386808,
              34.7016856
            ],
            [
              135.4390204,
              34.7013432
            ],
            [
              135.4393168,
              34.7010846
            ],
            [
              135.4401271,
              34.7005041
            ],
            [
              135.4411509,
              34.6998187
            ],
            [
              135.441478,
              34.699592
            ],
            [
              135.4415627,
              34.6995334
            ],
            [
              135.4419269,
              34.6992334
            ],
            [
              135.4422861,
              34.6988831
            ],
            [
              135.44265,
              34.6984394
            ],
            [
              135.4434356,
              34.6974572
            ],
            [
              135.4446795,
              34.6958693
            ],
            [
              135.4450858,
              34.695359
            ],
            [
              135.4466607,
              34.6933805
            ],
            [
              135.4473022,
              34.692572
            ],
            [
              135.4474519,
              34.6923876
            ],
            [
              135.4482407,
              34.6913958
            ],
            [
              135.4486394,
              34.6908875
            ],
            [
              135.4490444,
              34.6903833
            ],
            [
              135.4494231,
              34.6899142
            ],
            [
              135.4498352,
              34.6893949
            ],
            [
              135.4501278,
              34.6890584
            ],
            [
              135.4504325,
              34.6887357
            ],
            [
              135.4507873,
              34.6884094
            ],
            [
              135.4510613,
              34.6881117
            ],
            [
              135.4511774,
              34.6879501
            ],
            [
              135.4513241,
              34.687749
            ],
            [
              135.4514783,
              34.687518
            ],
            [
              135.4516102,
              34.6873134
            ],
            [
              135.4517372,
              34.6870672
            ],
            [
              135.451871,
              34.6867667
            ],
            [
              135.4521033,
              34.6861868
            ],
            [
              135.4521494,
              34.6860655
            ],
            [
              135.4522934,
              34.685724
            ],
            [
              135.4523222,
              34.6856614
            ],
            [
              135.4524539,
              34.6853755
            ],
            [
              135.4525768,
              34.6851156
            ],
            [
              135.452731,
              34.6848156
            ],
            [
              135.4528877,
              34.6845227
            ],
            [
              135.4541266,
              34.6824038
            ],
            [
              135.4545266,
              34.6817645
            ],
            [
              135.4549467,
              34.681087
            ],
            [
              135.4557441,
              34.6798605
            ],
            [
              135.4558484,
              34.6797646
            ],
            [
              135.4564775,
              34.6787523
            ],
            [
              135.4569598,
              34.6779462
            ],
            [
              135.4585031,
              34.6752876
            ],
            [
              135.4592106,
              34.6740712
            ],
            [
              135.4594809,
              34.6736766
            ],
            [
              135.4596728,
              34.6733546
            ],
            [
              135.460242,
              34.6724108
            ],
            [
              135.4603508,
              34.6722152
            ],
            [
              135.4607627,
              34.6715113
            ],
            [
              135.4609546,
              34.6711916
            ],
            [
              135.4612152,
              34.6707213
            ],
            [
              135.4613846,
              34.6704394
            ],
            [
              135.4614513,
              34.6703311
            ],
            [
              135.4615237,
              34.6702134
            ],
            [
              135.4616672,
              34.6699365
            ],
            [
              135.4618778,
              34.6695868
            ],
            [
              135.4620649,
              34.6692625
            ],
            [
              135.4623949,
              34.6687282
            ],
            [
              135.4625923,
              34.6683873
            ],
            [
              135.4627318,
              34.6681346
            ],
            [
              135.4628448,
              34.66793
            ],
            [
              135.4629814,
              34.6677908
            ],
            [
              135.4632456,
              34.6673432
            ],
            [
              135.4633892,
              34.6670747
            ],
            [
              135.4635929,
              34.6667346
            ],
            [
              135.4637956,
              34.6664004
            ],
            [
              135.464057,
              34.6659592
            ],
            [
              135.4641789,
              34.6657489
            ],
            [
              135.4642306,
              34.6656597
            ],
            [
              135.4642823,
              34.6655698
            ],
            [
              135.4643343,
              34.6654833
            ],
            [
              135.4645191,
              34.6651762
            ],
            [
              135.4646464,
              34.6649024
            ],
            [
              135.4647582,
              34.6646555
            ],
            [
              135.4647952,
              34.6645746
            ],
            [
              135.4650274,
              34.6641536
            ],
            [
              135.4651535,
              34.6638925
            ],
            [
              135.4657137,
              34.6628877
            ],
            [
              135.4660953,
              34.6623207
            ],
            [
              135.4662337,
              34.6621006
            ],
            [
              135.4663557,
              34.6618876
            ],
            [
              135.4667127,
              34.6612767
            ],
            [
              135.4671476,
              34.6603898
            ],
            [
              135.4672728,
              34.6601693
            ],
            [
              135.4675874,
              34.6596048
            ],
            [
              135.4677428,
              34.6593633
            ],
            [
              135.467897,
              34.659148
            ],
            [
              135.4680683,
              34.6589334
            ],
            [
              135.468246,
              34.6587319
            ],
            [
              135.4684217,
              34.6585621
            ],
            [
              135.4685632,
              34.6584333
            ],
            [
              135.4687761,
              34.6582661
            ],
            [
              135.4690168,
              34.6580899
            ],
            [
              135.4692675,
              34.6579285
            ],
            [
              135.4694799,
              34.6578004
            ],
            [
              135.4697003,
              34.6576898
            ],
            [
              135.4699512,
              34.6575778
            ],
            [
              135.4702315,
              34.6574678
            ],
            [
              135.4704857,
              34.657382
            ],
            [
              135.4707148,
              34.6573127
            ],
            [
              135.47107,
              34.6572334
            ],
            [
              135.471153,
              34.657209
            ],
            [
              135.4716194,
              34.6570723
            ],
            [
              135.471663,
              34.6570599
            ],
            [
              135.4719767,
              34.6569708
            ],
            [
              135.4723113,
              34.6568805
            ],
            [
              135.4727365,
              34.6567693
            ],
            [
              135.473516,
              34.6565479
            ],
            [
              135.4736119,
              34.6565184
            ],
            [
              135.4737598,
              34.656476
            ],
            [
              135.4738327,
              34.6564576
            ],
            [
              135.4743925,
              34.6563057
            ],
            [
              135.4754376,
              34.6560483
            ],
            [
              135.4756751,
              34.6559961
            ],
            [
              135.4759372,
              34.6559484
            ],
            [
              135.4761562,
              34.6559137
            ],
            [
              135.4763744,
              34.6558753
            ],
            [
              135.4765919,
              34.6558344
            ],
            [
              135.4768318,
              34.6557763
            ],
            [
              135.4772067,
              34.6556874
            ],
            [
              135.4775815,
              34.6555985
            ],
            [
              135.4796376,
              34.6550938
            ],
            [
              135.4811703,
              34.6547149
            ],
            [
              135.4814966,
              34.654629
            ],
            [
              135.4818508,
              34.6545429
            ],
            [
              135.4821232,
              34.6544548
            ],
            [
              135.4822947,
              34.6544071
            ],
            [
              135.4824706,
              34.6543541
            ],
            [
              135.4827126,
              34.6542769
            ],
            [
              135.4828568,
              34.654233
            ],
            [
              135.4830199,
              34.6541849
            ],
            [
              135.483218,
              34.6541297
            ],
            [
              135.4835856,
              34.6540374
            ],
            [
              135.4846171,
              34.6537752
            ],
            [
              135.4847836,
              34.6537314
            ],
            [
              135.4854083,
              34.6535674
            ],
            [
              135.4856019,
              34.653516
            ],
            [
              135.4856912,
              34.6534936
            ],
            [
              135.4858819,
              34.653446
            ],
            [
              135.4870222,
              34.6531569
            ],
            [
              135.4901825,
              34.652357
            ],
            [
              135.490523,
              34.6522717
            ],
            [
              135.4918778,
              34.6519261
            ],
            [
              135.4920282,
              34.6518901
            ],
            [
              135.4922946,
              34.651832
            ],
            [
              135.4924741,
              34.651788
            ],
            [
              135.4925609,
              34.651777
            ],
            [
              135.4926558,
              34.6517541
            ],
            [
              135.4932906,
              34.6516029
            ],
            [
              135.493394,
              34.6515784
            ],
            [
              135.4934941,
              34.6515529
            ],
            [
              135.4940152,
              34.6514201
            ],
            [
              135.4940946,
              34.6513999
            ],
            [
              135.4947101,
              34.6512431
            ],
            [
              135.4948556,
              34.6512061
            ],
            [
              135.4950151,
              34.6511655
            ],
            [
              135.4950478,
              34.6511572
            ],
            [
              135.495832,
              34.6509604
            ],
            [
              135.4959057,
              34.6509412
            ],
            [
              135.4972537,
              34.6505907
            ],
            [
              135.4975427,
              34.6505155
            ],
            [
              135.4977044,
              34.650476
            ]
          ]
        ]
      },
      "id": "relation/2878993"
    },
    {
      "type": "Feature",
      "properties": {
        "@id": "relation/9090662",
        "description": "伝法大橋の前後区間",
        "name": "国道43号側道部",
        "network": "JP:national",
        "ref": "43",
        "route": "road",
        "type": "route"
      },
      "geometry": {
        "type": "MultiLineString",
        "coordinates": [
          [
            [
              135.4346327,
              34.7064648
            ],
            [
              135.4349859,
              34.7060719
            ],
            [
              135.4353155,
              34.7057052
            ],
            [
              135.4361257,
              34.7047604
            ],
            [
              135.4364674,
              34.7043745
            ],
            [
              135.4366576,
              34.7041561
            ],
            [
              135.436746,
              34.7040547
            ],
            [
              135.4368601,
              34.703922
            ],
            [
              135.4370148,
              34.7037421
            ],
            [
              135.4372348,
              34.7034863
            ],
            [
              135.437697,
              34.7029795
            ],
            [
              135.4379069,
              34.7027353
            ],
            [
              135.4380453,
              34.7025744
            ],
            [
              135.4380986,
              34.7025112
            ],
            [
              135.438201,
              34.702393
            ],
            [
              135.4387886,
              34.7017142
            ],
            [
              135.4394024,
              34.7011882
            ],
            [
              135.439654,
              34.7009833
            ],
            [
              135.4397155,
              34.700939
            ],
            [
              135.4408621,
              34.7001629
            ],
            [
              135.4409568,
              34.7000974
            ],
            [
              135.441156,
              34.6999652
            ],
            [
              135.4413235,
              34.6998516
            ],
            [
              135.4415849,
              34.6996642
            ],
            [
              135.4417889,
              34.6995025
            ],
            [
              135.4420148,
              34.6993043
            ],
            [
              135.4421758,
              34.6991556
            ],
            [
              135.442353,
              34.6989843
            ],
            [
              135.4424691,
              34.6988663
            ],
            [
              135.4425738,
              34.6987579
            ],
            [
              135.442644,
              34.6986852
            ],
            [
              135.4427172,
              34.6985933
            ],
            [
              135.4428466,
              34.6984309
            ],
            [
              135.4430075,
              34.6982358
            ],
            [
              135.4433356,
              34.6978157
            ],
            [
              135.4435531,
              34.6975644
            ],
            [
              135.4436174,
              34.6973957
            ],
            [
              135.4437112,
              34.6972815
            ],
            [
              135.4437546,
              34.6972309
            ],
            [
              135.4439705,
              34.6969798
            ],
            [
              135.4450585,
              34.6957712
            ],
            [
              135.4450907,
              34.6957335
            ],
            [
              135.4451354,
              34.6956811
            ],
            [
              135.4451846,
              34.6956187
            ],
            [
              135.4451889,
              34.6956134
            ],
            [
              135.4497475,
              34.6898624
            ],
            [
              135.4497535,
              34.6898549
            ],
            [
              135.4498019,
              34.6897955
            ],
            [
              135.4498704,
              34.6897111
            ],
            [
              135.449897,
              34.6896774
            ],
            [
              135.4500932,
              34.6894264
            ],
            [
              135.4503317,
              34.6891476
            ],
            [
              135.4507741,
              34.6886228
            ],
            [
              135.4508791,
              34.6884983
            ],
            [
              135.4509288,
              34.6883371
            ],
            [
              135.4510528,
              34.687942
            ],
            [
              135.4510737,
              34.6878925
            ],
            [
              135.4510913,
              34.6878555
            ],
            [
              135.4511135,
              34.6878146
            ],
            [
              135.4511674,
              34.687723
            ],
            [
              135.4512092,
              34.6876526
            ],
            [
              135.4512505,
              34.687583
            ],
            [
              135.451384,
              34.6873534
            ],
            [
              135.451542,
              34.6870292
            ],
            [
              135.4518151,
              34.68642
            ],
            [
              135.4519578,
              34.686015
            ],
            [
              135.4521127,
              34.6856063
            ],
            [
              135.4522707,
              34.6852582
            ],
            [
              135.452375,
              34.6850526
            ],
            [
              135.4526582,
              34.6845186
            ],
            [
              135.4527185,
              34.6844517
            ],
            [
              135.4530943,
              34.6837752
            ],
            [
              135.453244,
              34.6835126
            ],
            [
              135.4533881,
              34.6832826
            ],
            [
              135.4534758,
              34.6830833
            ],
            [
              135.453557,
              34.6829723
            ],
            [
              135.4536303,
              34.68285
            ],
            [
              135.4536976,
              34.6827375
            ],
            [
              135.4537742,
              34.682666
            ],
            [
              135.4538083,
              34.6826091
            ],
            [
              135.4538531,
              34.6825341
            ],
            [
              135.4543803,
              34.6817042
            ],
            [
              135.4549732,
              34.6807542
            ],
            [
              135.4555975,
              34.6797965
            ],
            [
              135.4557028,
              34.6797017
            ]
          ],
          [
            [
              135.4436174,
              34.6973957
            ],
            [
              135.4435559,
              34.6974266
            ],
            [
              135.4435164,
              34.6974426
            ],
            [
              135.4434616,
              34.69746
            ],
            [
              135.4433858,
              34.6974827
            ],
            [
              135.4433158,
              34.6975051
            ],
            [
              135.4432157,
              34.697551
            ],
            [
              135.4431698,
              34.6975719
            ],
            [
              135.4431187,
              34.6976053
            ],
            [
              135.443074,
              34.6976441
            ],
            [
              135.4428245,
              34.6979627
            ],
            [
              135.4424306,
              34.6984463
            ],
            [
              135.4423252,
              34.6985757
            ],
            [
              135.442263,
              34.698643
            ],
            [
              135.442082,
              34.6988392
            ],
            [
              135.4418806,
              34.6990278
            ],
            [
              135.4417763,
              34.6991161
            ],
            [
              135.4415903,
              34.6992608
            ],
            [
              135.4413815,
              34.6994133
            ],
            [
              135.4411122,
              34.6995924
            ],
            [
              135.4408619,
              34.6997602
            ],
            [
              135.4399768,
              34.7003671
            ],
            [
              135.439485,
              34.7007038
            ],
            [
              135.4393118,
              34.7008322
            ],
            [
              135.4391473,
              34.7009685
            ],
            [
              135.4388571,
              34.7012566
            ],
            [
              135.4388325,
              34.7012841
            ],
            [
              135.4386163,
              34.7015253
            ],
            [
              135.4379469,
              34.7022721
            ],
            [
              135.4378134,
              34.702421
            ],
            [
              135.437756,
              34.702485
            ],
            [
              135.437637,
              34.7026209
            ],
            [
              135.4370217,
              34.7033235
            ],
            [
              135.4366665,
              34.703756
            ],
            [
              135.4365896,
              34.7038498
            ],
            [
              135.4364554,
              34.7040028
            ],
            [
              135.4363933,
              34.7040709
            ],
            [
              135.4363232,
              34.7041516
            ],
            [
              135.4350264,
              34.7056591
            ],
            [
              135.4347737,
              34.7059475
            ],
            [
              135.4339049,
              34.7069496
            ],
            [
              135.4338805,
              34.7069807
            ],
            [
              135.4338024,
              34.7070722
            ],
            [
              135.4337506,
              34.7071894
            ]
          ],
          [
            [
              135.4508791,
              34.6884983
            ],
            [
              135.4510066,
              34.6884195
            ],
            [
              135.4512572,
              34.6880796
            ],
            [
              135.4513879,
              34.6879038
            ],
            [
              135.4514684,
              34.6877956
            ],
            [
              135.4515951,
              34.6875984
            ],
            [
              135.4516805,
              34.6874563
            ],
            [
              135.4517659,
              34.6872891
            ],
            [
              135.4518457,
              34.6871149
            ],
            [
              135.4522312,
              34.6861913
            ],
            [
              135.4523732,
              34.6858542
            ],
            [
              135.4525575,
              34.6854314
            ],
            [
              135.4525964,
              34.6853036
            ],
            [
              135.4527004,
              34.6850829
            ],
            [
              135.4528321,
              34.6848344
            ],
            [
              135.4529862,
              34.6845642
            ],
            [
              135.4531356,
              34.6842828
            ],
            [
              135.4536753,
              34.6833551
            ],
            [
              135.4538179,
              34.6831291
            ],
            [
              135.4538399,
              34.6830943
            ],
            [
              135.4539068,
              34.6829905
            ],
            [
              135.4539777,
              34.6828756
            ],
            [
              135.4540087,
              34.6827681
            ],
            [
              135.4540805,
              34.6826451
            ],
            [
              135.454562,
              34.6818714
            ],
            [
              135.4550404,
              34.6811107
            ],
            [
              135.4554269,
              34.6804949
            ],
            [
              135.4558122,
              34.6798918
            ],
            [
              135.4558484,
              34.6797646
            ]
          ]
        ]
      },
      "id": "relation/9090662"
    }
  ]
}