{"type": "FeatureCollection", "generator": "kokudo-quiz tools/fetch_raw.py (Overpass API)", "copyright": "The data included in this document is from www.openstreetmap.org. The data is made available under ODbL.", "timestamp": "2026-09-30T23:39:45Z", "features": [{"type": "Feature", "properties": {"@id": "relation/9604654", "colour": "red", "from": "熊本県熊本市中央区", "name": "国道445号", "name:en": "National Highway Route 445", "name:ja": "国道445号", "name:ja-Hira": "こくどうよんひゃくよんじゅうごごう", "name:ja-Latn": "Kokudou 445 Gou", "network": "JP:national", "ref": "445", "route": "road", "to": "熊本県人吉市", "type": "route", "wikidata": "Q6157562", "wikipedia": "ja:国道445号"}, "geometry": {"type": "MultiLineString", "coordinates": [[[130.706907, 32.796943], [130.706957, 32.7968504], [130.7070411, 32.7966946], [130.7070522, 32.796674], [130.7075528, 32.7958335], [130.7082864, 32.7946409], [130.7084078, 32.7944435], [130.7085797, 32.794222], [130.7088618, 32.7939197], [130.7090569, 32.7937106], [130.7091713, 32.7935471], [130.709221, 32.793476], [130.7094392, 32.7932434], [130.709635, 32.793013], [130.7098316, 32.7927431], [130.7099739, 32.7924654], [130.710155, 32.791869], [130.7103515, 32.7908668], [130.7105224, 32.789909], [130.7105687, 32.7896492], [130.7107497, 32.7887177], [130.7107739, 32.7885694], [130.7108943, 32.7879564], [130.7109336, 32.7877566], [130.7111645, 32.7878475], [130.7114981, 32.7879788], [130.711534, 32.7879929], [130.7123147, 32.7882964], [130.7124275, 32.7883402], [130.7128988, 32.7885181], [130.712941, 32.788534], [130.7130273, 32.7885666], [130.7132512, 32.7886581], [130.7138061, 32.7888848], [130.713945, 32.7889416], [130.7139917, 32.7888292], [130.7140787, 32.7886198], [130.7141029, 32.788403], [130.7140971, 32.7882499], [130.7140926, 32.7881298], [130.714057, 32.7877564], [130.7140346, 32.787115], [130.714025, 32.7868059], [130.7140423, 32.7865259], [130.71408, 32.786207], [130.7141606, 32.7857002], [130.7142801, 32.7849367], [130.714389, 32.7842659], [130.7144015, 32.7841763], [130.714419, 32.7840516], [130.7144539, 32.7838023], [130.7145406, 32.783302], [130.7145611, 32.783175], [130.7145744, 32.7830849], [130.7147661, 32.7816996], [130.7149089, 32.7808918], [130.715028, 32.7803866], [130.7152035, 32.7798944], [130.7154136, 32.7793953], [130.7156247, 32.7789571], [130.7157999, 32.7786501], [130.7159021, 32.7784709], [130.7159814, 32.7783482], [130.7160959, 32.7781711], [130.7162775, 32.7778903], [130.7165863, 32.7774466], [130.7166459, 32.7773609], [130.7167012, 32.7772736], [130.7167526, 32.7771998], [130.7168195, 32.7771038], [130.7172496, 32.7764861], [130.7174454, 32.7762262], [130.7180999, 32.7752968], [130.719144, 32.773796], [130.719179, 32.7737494], [130.719493, 32.773312], [130.7201064, 32.7725545], [130.720366, 32.772234], [130.7208705, 32.7716367], [130.7209539, 32.7715357], [130.7213722, 32.7710792], [130.722167, 32.770171], [130.722318, 32.7700213], [130.722981, 32.769275], [130.723154, 32.769088], [130.723569, 32.768622], [130.723769, 32.768396], [130.7239609, 32.7681766], [130.723982, 32.768159], [130.7241856, 32.7678985], [130.724338, 32.7677239], [130.724484, 32.767559], [130.72475, 32.767258], [130.725657, 32.766249], [130.725831, 32.766069], [130.725891, 32.76599], [130.7264418, 32.7653782], [130.727317, 32.764406], [130.7278646, 32.7638043], [130.7280174, 32.7636364], [130.7283529, 32.7632677], [130.7286628, 32.7629167], [130.728825, 32.762733], [130.7289552, 32.7625928], [130.729046, 32.762495], [130.729896, 32.761569], [130.730953, 32.760415], [130.7314179, 32.7599211], [130.731514, 32.759819], [130.7317058, 32.7596023], [130.7319072, 32.7593747], [130.7320368, 32.7592328], [130.7329667, 32.7582126], [130.7343129, 32.7566837], [130.7344109, 32.7565826], [130.7344296, 32.7565613], [130.7347571, 32.756211], [130.7353947, 32.7554906], [130.7354079, 32.755476], [130.7355209, 32.7553394], [130.7355363, 32.7553224], [130.7361471, 32.7546496], [130.7366103, 32.754137], [130.7367147, 32.7540196], [130.7376552, 32.7529839], [130.7377121, 32.7529178], [130.7383283, 32.7522413], [130.7384798, 32.7520533], [130.7385466, 32.7519622], [130.7386428, 32.751793], [130.738731, 32.7517111], [130.7388232, 32.7515275], [130.7389141, 32.7512923], [130.738982, 32.7510832], [130.7391269, 32.7506823], [130.7397313, 32.7490159], [130.7402068, 32.7476995], [130.7403656, 32.7472666], [130.7407085, 32.7463323], [130.7410984, 32.745198], [130.7411865, 32.744987], [130.7413198, 32.7447479], [130.7414442, 32.7445512], [130.7415644, 32.7443647], [130.7417025, 32.7441932], [130.7419108, 32.7439812], [130.7421608, 32.7437618], [130.7427029, 32.7432803], [130.7438665, 32.7422434], [130.7440371, 32.7420766], [130.7443553, 32.741752], [130.744683, 32.741415], [130.7451914, 32.7408193], [130.7455157, 32.7404457], [130.7455217, 32.7404385], [130.7457804, 32.7401265], [130.7463332, 32.7395475], [130.7464733, 32.7394152], [130.7466988, 32.7392024], [130.7468681, 32.7390563], [130.7471783, 32.7388301], [130.7474076, 32.7386708], [130.7477319, 32.7384614], [130.7482184, 32.7381664], [130.7491626, 32.7375458], [130.7493175, 32.7374546], [130.7495084, 32.7373023], [130.7496362, 32.737184], [130.7497335, 32.7370707], [130.749798, 32.7369928], [130.7498902, 32.7368189], [130.749968, 32.7366098], [130.7501709, 32.7360456], [130.7502437, 32.7358353], [130.7503288, 32.7356668], [130.7503902, 32.7355831], [130.7504729, 32.7355051], [130.7506049, 32.7354345], [130.7508065, 32.7353779], [130.7517843, 32.7352096], [130.7522524, 32.7351392], [130.7526462, 32.7350608], [130.7529908, 32.7349742], [130.7533151, 32.734863], [130.7536919, 32.7347307], [130.7553838, 32.7340861], [130.7561952, 32.7338268], [130.7575001, 32.7334633], [130.7579952, 32.7333489], [130.7584316, 32.7332719], [130.7588033, 32.7332331], [130.7592581, 32.7331881], [130.7597283, 32.7331708], [130.7602477, 32.7331717], [130.7607867, 32.7331725], [130.7613978, 32.7332075], [130.7619303, 32.7332401], [130.7623581, 32.7332715], [130.7630571, 32.7333437], [130.7636282, 32.7334247], [130.7653949, 32.7337213], [130.7662395, 32.7338345], [130.7669327, 32.7339087], [130.7677358, 32.7339618], [130.7682856, 32.7339887], [130.7690759, 32.7340033], [130.7696117, 32.7339737], [130.7701976, 32.7339317], [130.7707086, 32.7338678], [130.7711402, 32.7337868], [130.7716258, 32.733669], [130.7721183, 32.7335264], [130.7724715, 32.7333811], [130.7728253, 32.7332268], [130.7731041, 32.7330818], [130.7734049, 32.732918], [130.7738875, 32.7326136], [130.7742275, 32.7323554], [130.7744938, 32.7321482], [130.7749551, 32.7317333], [130.7751188, 32.7315602], [130.7756203, 32.7311405], [130.7757798, 32.7310136], [130.7762528, 32.7306013], [130.7763105, 32.7305521], [130.7771745, 32.7298155], [130.7773199, 32.7296928], [130.7778447, 32.7292467], [130.7800181, 32.7274785], [130.7802062, 32.7273235], [130.7811197, 32.7265632], [130.7815501, 32.7262164], [130.7820548, 32.7258062], [130.7828791, 32.7251183], [130.7830409, 32.7249909], [130.783234, 32.724823], [130.7835875, 32.7245224], [130.7840014, 32.7241508], [130.7854011, 32.7229873], [130.7858925, 32.7226254], [130.7863301, 32.722332], [130.7865212, 32.7222068], [130.7868663, 32.7219942], [130.787333, 32.7217212], [130.7881639, 32.721285], [130.7887117, 32.7210284], [130.7892964, 32.7207802], [130.7897041, 32.7206087], [130.7901267, 32.7204796], [130.7911311, 32.7201762], [130.7932452, 32.7195565], [130.7953801, 32.7189061], [130.7975197, 32.7182723], [130.7989281, 32.7178713], [130.7993438, 32.7177313], [130.8001043, 32.7174864], [130.8004677, 32.7173184], [130.8008646, 32.7171198], [130.8013823, 32.7168219], [130.8017471, 32.7165849], [130.8020207, 32.7163593], [130.8023184, 32.7161043], [130.802592, 32.715838], [130.8027583, 32.7156574], [130.8030453, 32.7153257], [130.8033269, 32.7149466], [130.8034356, 32.7147637], [130.8034959, 32.7146622], [130.8037666, 32.7142385], [130.8040619, 32.7137217], [130.8042738, 32.7133629], [130.8045232, 32.713005], [130.804593, 32.7129048], [130.8047968, 32.7126249], [130.8050785, 32.7122819], [130.8053842, 32.7119434], [130.8057291, 32.7116307], [130.8058939, 32.7114176], [130.8051747, 32.710833], [130.8046569, 32.7103423], [130.803924, 32.7096132], [130.8032945, 32.7088181], [130.8031577, 32.708729]], [[130.7386428, 32.751793], [130.7386635, 32.7516991], [130.7387991, 32.7513519], [130.7389679, 32.7508854], [130.7390488, 32.7506579], [130.7394103, 32.7496412], [130.7396629, 32.7489772], [130.7401132, 32.7476868], [130.7406128, 32.7463085], [130.7409675, 32.7452744], [130.7410489, 32.7450512], [130.7411692, 32.7448071], [130.7413457, 32.7445179], [130.7414276, 32.7444082], [130.7416258, 32.7441551], [130.7418877, 32.7438813], [130.7421284, 32.7436669], [130.7426332, 32.7432163], [130.7438166, 32.7421815], [130.7441705, 32.7418421], [130.7445725, 32.7413935], [130.7450725, 32.7407799], [130.7455862, 32.740184], [130.7460179, 32.7397375], [130.7465824, 32.7391539], [130.7468107, 32.7389575], [130.7471115, 32.7387551], [130.7474407, 32.7385526], [130.7479256, 32.7382252], [130.7481331, 32.7380865], [130.7492315, 32.7374095], [130.749451, 32.7372547], [130.7495607, 32.7371505], [130.7496562, 32.7370254], [130.7497766, 32.7368409], [130.7498438, 32.7366801], [130.7499571, 32.7363645], [130.750219, 32.73565], [130.7502756, 32.7355429], [130.7503747, 32.7354387], [130.7504852, 32.7353873], [130.7507251, 32.7353136], [130.7515674, 32.7351677], [130.7522398, 32.7350546], [130.7526893, 32.7349683], [130.7530468, 32.734879], [130.7533759, 32.7347658], [130.7538396, 32.7345842], [130.7548765, 32.7341942], [130.755457, 32.7339709], [130.7561046, 32.7337596], [130.7561702, 32.7337414], [130.7562705, 32.7337138], [130.7573186, 32.7334261], [130.757984, 32.7332713], [130.7585892, 32.733182], [130.7592581, 32.7331225], [130.7598845, 32.7330808], [130.7602383, 32.7330749], [130.7604225, 32.7330718], [130.7617426, 32.7331225], [130.7619464, 32.733142], [130.7625814, 32.7332028], [130.7632928, 32.7332862], [130.7643333, 32.7334529], [130.7654171, 32.7336276], [130.7665134, 32.7337864], [130.7671399, 32.7338399], [130.7676353, 32.7338786], [130.7680954, 32.7338965], [130.7687502, 32.7338965], [130.7690686, 32.7338968], [130.7697518, 32.7338786], [130.7700986, 32.7338519], [130.7704915, 32.7338131], [130.7709197, 32.7337417], [130.7713373, 32.7336524], [130.7717054, 32.7335482], [130.7720947, 32.7334351], [130.7727141, 32.7331879], [130.77316, 32.7329319], [130.7735706, 32.7326997], [130.773974, 32.7324258], [130.7743669, 32.7321281], [130.7747739, 32.7317768], [130.775042, 32.731519], [130.7760535, 32.7306339], [130.7762064, 32.7305057], [130.7767878, 32.7300019], [130.7771105, 32.7297351], [130.7772516, 32.7296184], [130.7776129, 32.7293197], [130.7777473, 32.7292104], [130.7801448, 32.7272637], [130.7814875, 32.7261699], [130.7827956, 32.7250602], [130.7829484, 32.7249283], [130.7831547, 32.7247684], [130.7833184, 32.724627], [130.7837701, 32.7242352], [130.7847432, 32.7234076], [130.7851344, 32.723088], [130.7853441, 32.7229104], [130.7855269, 32.7227668], [130.7858195, 32.7225555], [130.7858629, 32.722522], [130.7863376, 32.7222095], [130.7866789, 32.7219927], [130.7870965, 32.7217494], [130.7881023, 32.7211971], [130.7888066, 32.7208765], [130.789274, 32.720689], [130.7896911, 32.7205275], [130.7901303, 32.7203883], [130.791095, 32.7200839], [130.793203, 32.7194593], [130.7953495, 32.7188399], [130.7974877, 32.7181928], [130.7994973, 32.7175916], [130.7998299, 32.7174766], [130.8000122, 32.7174093], [130.8003221, 32.7173005], [130.8006439, 32.7171287], [130.8008369, 32.7170202], [130.8012961, 32.7167439], [130.8016056, 32.7165411], [130.8018885, 32.7163268], [130.8021915, 32.716082], [130.802492, 32.7158099], [130.8027803, 32.7155066], [130.8029422, 32.7153021], [130.8031143, 32.7150679], [130.8033534, 32.7146999], [130.8035431, 32.714378], [130.8036376, 32.7142167], [130.8037121, 32.7140914], [130.8040381, 32.7135451], [130.8042599, 32.7131861], [130.8044294, 32.7129386], [130.8046225, 32.7126693], [130.8049042, 32.7123308], [130.8052426, 32.7119728], [130.8052896, 32.7119248], [130.8056435, 32.7115634], [130.8054278, 32.71136], [130.8049657, 32.7109522], [130.8043872, 32.7103789], [130.8038256, 32.7096784], [130.8032224, 32.7088467], [130.8031577, 32.708729], [130.8032987, 32.708658], [130.8043599, 32.7080323], [130.805078, 32.707601], [130.8057564, 32.7071765], [130.8060002, 32.7070091], [130.8062268, 32.7068239], [130.8063557, 32.7067007], [130.806773, 32.706548], [130.806961, 32.706468], [130.807139, 32.70639], [130.8073251, 32.7062651], [130.8075084, 32.7061493], [130.8077093, 32.7060045], [130.8078837, 32.7058297], [130.8080383, 32.705605], [130.8081718, 32.7053173], [130.8082436, 32.7051442], [130.8083538, 32.7048876], [130.808516, 32.7046299], [130.8086724, 32.704461], [130.809365, 32.7037466], [130.8094555, 32.7036455], [130.8096882, 32.7033949], [130.8100537, 32.7030096], [130.8104529, 32.7025901], [130.8106196, 32.7024391], [130.81082, 32.7023], [130.8109031, 32.7022764], [130.8111035, 32.7022271], [130.8113815, 32.7022519], [130.8115169, 32.7023033], [130.8116832, 32.7023873], [130.811795, 32.702466], [130.812653, 32.703236], [130.812935, 32.703461], [130.81323, 32.703702], [130.8136751, 32.7039881], [130.8138204, 32.7040696], [130.8141351, 32.7042505], [130.8147874, 32.7046169], [130.8149977, 32.7047372], [130.8150741, 32.7047707], [130.8152592, 32.7048537], [130.8154561, 32.7049335], [130.8156268, 32.7049859], [130.8157918, 32.7050488], [130.8159632, 32.7050961], [130.8161094, 32.7051302], [130.8162447, 32.7051273], [130.816341, 32.705121], [130.8165727, 32.7050821], [130.8167973, 32.7049985], [130.81682, 32.704986], [130.8168973, 32.7049434], [130.8169798, 32.704887], [130.817042, 32.704851], [130.817125, 32.704771], [130.81726, 32.7045443], [130.8173678, 32.7043051], [130.8174291, 32.7041706], [130.8174489, 32.7041024], [130.8175464, 32.7038637], [130.8175962, 32.7034382], [130.8176445, 32.7032599], [130.8176898, 32.7031762], [130.8177437, 32.7031025], [130.8178896, 32.7029421], [130.8181484, 32.7027686], [130.818473, 32.7025917], [130.8186543, 32.7024568], [130.81894, 32.7021801], [130.8189854, 32.7021361], [130.8192208, 32.7019243], [130.819439, 32.701728], [130.8199334, 32.701265], [130.820105, 32.7010805], [130.8201942, 32.7009226], [130.8203763, 32.7006395], [130.8204618, 32.7005254], [130.8206606, 32.7004112], [130.8208539, 32.7003315], [130.8211791, 32.7001939], [130.8214281, 32.7000735], [130.8215749, 32.7000063], [130.8218109, 32.6999077], [130.822019, 32.6998436], [130.8222828, 32.6998249], [130.8224136, 32.6998578], [130.8225932, 32.699903], [130.8228775, 32.6999953], [130.823364, 32.700212], [130.8235445, 32.7002966], [130.8236132, 32.7003288], [130.823637, 32.70034], [130.8239422, 32.7005567], [130.8240355, 32.7006751], [130.8240704, 32.7007193], [130.8242247, 32.7009976], [130.8243176, 32.7012556], [130.8243276, 32.7016561], [130.8242513, 32.7022667], [130.8242189, 32.7023981], [130.82419, 32.7025728], [130.8241361, 32.7027231], [130.8240415, 32.7029376], [130.8239902, 32.7031057], [130.8239837, 32.7032439], [130.8240165, 32.7034241], [130.8241006, 32.703622], [130.8242806, 32.7038288], [130.8244278, 32.7039946], [130.8246117, 32.7041594], [130.824798, 32.704325], [130.825026, 32.704462], [130.82518, 32.704519], [130.8253021, 32.7045386], [130.8255334, 32.7045674], [130.8258211, 32.7045828], [130.826063, 32.704586], [130.8270707, 32.7045486], [130.8273821, 32.7045364], [130.82793, 32.7045309], [130.8282742, 32.7045806], [130.8285699, 32.7046724], [130.8289903, 32.7048073], [130.8292755, 32.7049112], [130.8295185, 32.7049964], [130.8297091, 32.7050395], [130.8299456, 32.7050704], [130.8303752, 32.705139], [130.8306393, 32.7052031], [130.8308285, 32.7052761], [130.8310401, 32.705401], [130.8312122, 32.7055237], [130.8314119, 32.7057294], [130.8316839, 32.7060146], [130.8319204, 32.7063065], [130.8320794, 32.7065597], [130.8323067, 32.7069832], [130.8324394, 32.7072087], [130.8326668, 32.7074586], [130.8328757, 32.7076775], [130.8331923, 32.7080103], [130.8333671, 32.7082435], [130.8336601, 32.7086106], [130.833852, 32.708814], [130.8340429, 32.7089891], [130.8342799, 32.7091158], [130.8348262, 32.7093745], [130.8351514, 32.7095231], [130.8353102, 32.7095997], [130.8354247, 32.7096588], [130.8355787, 32.7097412], [130.8356837, 32.7098491], [130.8358835, 32.710057], [130.8359987, 32.7101391], [130.836205, 32.7101985], [130.8363629, 32.7102196], [130.8365311, 32.7102329], [130.8366964, 32.7102032], [130.8367821, 32.7101599], [130.8370626, 32.7098564], [130.837125, 32.709725], [130.8371272, 32.7095591], [130.8372145, 32.7090968], [130.8373669, 32.7089287], [130.8375942, 32.7088005], [130.8384312, 32.7084688], [130.8385678, 32.7084577], [130.8387387, 32.708492], [130.8389647, 32.7085937], [130.8393588, 32.708858], [130.8398594, 32.7092394], [130.8400447, 32.7093953], [130.8403128, 32.7095832], [130.8406478, 32.7097645], [130.8408646, 32.7098839], [130.8410906, 32.7099779], [130.8413232, 32.7100044], [130.8415991, 32.709989], [130.8418947, 32.7099083], [130.8421076, 32.7098629], [130.842285, 32.7098176], [130.8425136, 32.7098076], [130.8428158, 32.709843], [130.8431404, 32.7099569], [130.8436029, 32.7101283], [130.8438867, 32.71022], [130.8441363, 32.7102687], [130.8443965, 32.710283], [130.8446606, 32.7102842], [130.8453241, 32.7102554], [130.8458077, 32.710188], [130.8460276, 32.710157], [130.8462773, 32.7100818], [130.846452, 32.7100166], [130.8465821, 32.7099912], [130.8467398, 32.7099901], [130.8468988, 32.7100365], [130.8470906, 32.7101084], [130.8472601, 32.7102532], [130.8475584, 32.7105705], [130.8477147, 32.7107817], [130.8477896, 32.7109243], [130.8478093, 32.7111841], [130.8478277, 32.7113665], [130.8479302, 32.7115312], [130.8480222, 32.7117225], [130.8480156, 32.7118684], [130.847967, 32.7120652], [130.8479723, 32.7122078], [130.8480524, 32.7123405], [130.8481365, 32.7124112], [130.8482219, 32.7124488], [130.8483126, 32.7124488], [130.8484322, 32.7124135], [130.8485925, 32.7123106], [130.8488303, 32.7120011], [130.8490103, 32.7118154], [130.8493848, 32.7113079], [130.849528, 32.7112128], [130.8496541, 32.7111763], [130.8498657, 32.7112106], [130.8501744, 32.7112803], [130.850411, 32.71134], [130.8507158, 32.7114395], [130.8508905, 32.7115113], [130.8510587, 32.7115047], [130.8512059, 32.711466], [130.8513215, 32.711361], [130.8515278, 32.7111531], [130.8517039, 32.7109751], [130.8518064, 32.7109088], [130.8519391, 32.7108823], [130.8520376, 32.7108823], [130.8521598, 32.7109099], [130.8522423, 32.7109489], [130.8523175, 32.7109983], [130.8523923, 32.711081], [130.8524016, 32.7110912], [130.8523937, 32.7112261], [130.8523687, 32.711372], [130.8523241, 32.7114549], [130.8522176, 32.7115334], [130.852102, 32.7115699], [130.8520016, 32.7115894], [130.8518064, 32.7116274], [130.8515935, 32.7116661], [130.8514004, 32.7117579], [130.8513084, 32.7118894], [130.8512755, 32.7119746], [130.8512663, 32.7121337], [130.8512847, 32.7122483], [130.8513806, 32.7123865], [130.8515396, 32.7124982], [130.8517275, 32.7126198], [130.8518445, 32.7127557], [130.8518852, 32.7129183], [130.8518996, 32.7131173], [130.8519102, 32.7133627], [130.8519667, 32.7135097], [130.8520376, 32.7136346], [130.8521059, 32.7137098], [130.8522452, 32.7137717], [130.8523635, 32.7138038], [130.8526814, 32.7138447], [130.8533555, 32.7139442], [130.8537116, 32.7139984], [130.8538679, 32.7140371], [130.8539873, 32.7140874], [130.8540703, 32.7141343], [130.8541754, 32.7142504], [130.8543607, 32.7144958], [130.8546872, 32.7148885], [130.8549083, 32.7150636], [130.855161, 32.7152246], [130.8558244, 32.715592], [130.8560994, 32.715739], [130.8563205, 32.7157797], [130.8566234, 32.715789], [130.8568334, 32.7158172], [130.8570489, 32.7159157], [130.8571865, 32.7160142], [130.8577049, 32.7165926], [130.8579743, 32.71691], [130.8580465, 32.7170569], [130.8580667, 32.7171812], [130.8580369, 32.7173235], [130.8579459, 32.7175232], [130.8579403, 32.7176577], [130.8579691, 32.717807], [130.8581131, 32.718283], [130.8582454, 32.7186153], [130.8584452, 32.7190044], [130.8586055, 32.7191636], [130.8587132, 32.7192477], [130.8591345, 32.7194117], [130.8594931, 32.7195587], [130.8596418, 32.7196728], [130.8597867, 32.7198291], [130.8598462, 32.7199136], [130.8600115, 32.7202591], [130.8601732, 32.7205764], [130.8602658, 32.7206983], [130.8604891, 32.7210126], [130.8607697, 32.7213643], [130.8608925, 32.7215492], [130.8613705, 32.722315], [130.8617095, 32.7228196], [130.8618514, 32.7230035], [130.8619514, 32.723123], [130.8620678, 32.7232081], [130.862215, 32.7233073], [130.8624111, 32.7233855], [130.8627762, 32.7234762], [130.8632147, 32.7235817], [130.8634201, 32.7236067], [130.8636812, 32.72364], [130.8639361, 32.72364], [130.8642541, 32.7236069], [130.8646089, 32.7235958], [130.8648679, 32.723607], [130.8651876, 32.7236891], [130.8654281, 32.7238063], [130.8655502, 32.723898], [130.8656922, 32.723992], [130.8658551, 32.7241689], [130.8660706, 32.724475], [130.8662256, 32.7248067], [130.8664072, 32.7252206], [130.866435, 32.725284], [130.866535, 32.725441], [130.8667479, 32.7257575], [130.8669337, 32.7259529], [130.8671623, 32.7261264], [130.8672459, 32.7261733], [130.8673871, 32.7262467], [130.8675302, 32.7263233], [130.8677383, 32.7263953], [130.86803, 32.7264484], [130.8683571, 32.7264718], [130.8687194, 32.726425], [130.8689499, 32.7263609], [130.869366, 32.726174], [130.869564, 32.726044], [130.8698959, 32.7257096], [130.8699616, 32.7256556], [130.870115, 32.725505], [130.871005, 32.724551], [130.871267, 32.724279], [130.8720095, 32.7233622], [130.8721932, 32.723142], [130.8724178, 32.7229612], [130.8725487, 32.7228461], [130.8726698, 32.7227722], [130.8728242, 32.7227196], [130.8730332, 32.7226736], [130.873311, 32.722651], [130.873545, 32.7227], [130.8738088, 32.7228198], [130.8741292, 32.722971], [130.8742991, 32.7230483], [130.8743636, 32.7230812], [130.8744808, 32.7231469], [130.874634, 32.7232173], [130.875867, 32.7238237], [130.8760007, 32.7238865], [130.8764793, 32.7241314], [130.8767411, 32.7242809], [130.8772901, 32.7245653], [130.8775195, 32.7247121], [130.8775548, 32.7247483], [130.8776456, 32.7248414], [130.8777203, 32.7249515], [130.87777, 32.725081], [130.8777726, 32.7251964], [130.8777765, 32.7253147], [130.8777453, 32.7253821], [130.8776495, 32.7255349], [130.8774004, 32.7257879], [130.8773132, 32.7259085], [130.8772846, 32.7260818], [130.8773102, 32.7262158], [130.8774053, 32.7263574], [130.8782888, 32.7274267], [130.8784158, 32.7275804], [130.8786598, 32.7277184], [130.8788432, 32.7277532], [130.8790291, 32.7277292], [130.8797453, 32.7275236], [130.8799459, 32.7274874], [130.8801455, 32.7275419], [130.8803357, 32.7276994], [130.8803924, 32.7279262], [130.8803919, 32.7280609], [130.8804984, 32.7282419], [130.8806301, 32.7283676], [130.8808495, 32.7284685], [130.8811875, 32.728526], [130.8819533, 32.7286427], [130.8823343, 32.7286542], [130.8826253, 32.7286345], [130.8831274, 32.7285655], [130.8836329, 32.7285129], [130.8838424, 32.728526], [130.8839715, 32.7285866], [130.8840593, 32.7287085], [130.8840788, 32.7289221], [130.8841081, 32.7291719], [130.8842507, 32.7293017], [130.8846532, 32.729471], [130.8848827, 32.7295642], [130.8850299, 32.7296989], [130.8850967, 32.7298388], [130.8852275, 32.7300511], [130.885376, 32.73013], [130.8854952, 32.7301563], [130.8856216, 32.7301334], [130.885908, 32.730106], [130.8861809, 32.7301054], [130.8864562, 32.7302224], [130.8865833, 32.7303782], [130.8866771, 32.7305425], [130.8867533, 32.7307512], [130.8868981, 32.730914], [130.8871119, 32.7309808], [130.8874173, 32.7310692], [130.8875721, 32.731231], [130.8877066, 32.7314283], [130.8879078, 32.731522], [130.8881462, 32.731545], [130.888347, 32.7316067], [130.8884979, 32.7316728], [130.8886192, 32.7318483], [130.888655, 32.7320053], [130.8886626, 32.7320385], [130.8886724, 32.7320736], [130.8887095, 32.7322061], [130.8887564, 32.7323409], [130.8888345, 32.7324691], [130.8889557, 32.7325907], [130.8892175, 32.732765], [130.8892349, 32.7327751], [130.889805, 32.7331076], [130.8901729, 32.7333221], [130.8904557, 32.7335141], [130.8905185, 32.7335567], [130.8910208, 32.7338769], [130.8911416, 32.7339539], [130.8915829, 32.7343001], [130.8920342, 32.7346541], [130.8924192, 32.7349466], [130.8927216, 32.7351765], [130.8929962, 32.7353523], [130.893569, 32.735664], [130.8936675, 32.7357176], [130.8940228, 32.7359109], [130.8941708, 32.7359914], [130.8953153, 32.7365981], [130.8959621, 32.7368499], [130.8970015, 32.7371602], [130.8983366, 32.7375588], [130.8986535, 32.7376009], [130.898925, 32.73758], [130.8992204, 32.7375241], [130.8995493, 32.7373457], [130.8999657, 32.7370645], [130.9004184, 32.7368333], [130.9007199, 32.7367933], [130.90114, 32.7368131], [130.9016167, 32.7369544], [130.9024948, 32.737299], [130.9027309, 32.7374225], [130.9031095, 32.7377301], [130.903506, 32.7379339], [130.9039351, 32.7379812], [130.9043078, 32.7379155], [130.9050882, 32.737559], [130.9057799, 32.7373012], [130.906838, 32.736984], [130.9073591, 32.7367672], [130.9076958, 32.7366002], [130.9082395, 32.736333], [130.9088155, 32.7360643], [130.9097698, 32.7356064], [130.910493, 32.7352807], [130.9107186, 32.735181], [130.9110364, 32.735084], [130.911433, 32.7350479], [130.911773, 32.7350528], [130.9120055, 32.7350512], [130.9126796, 32.7350676], [130.9127988, 32.7350495], [130.9129004, 32.7350364], [130.913102, 32.734928], [130.9132884, 32.7348363], [130.9134349, 32.7347921], [130.913574, 32.734826], [130.9136836, 32.7348967], [130.9137775, 32.7349409], [130.9139018, 32.7349944], [130.9140068, 32.7350223], [130.9141809, 32.7350385], [130.9144683, 32.7350618], [130.9149767, 32.7350711], [130.91539, 32.735027], [130.915597, 32.734973], [130.915723, 32.734926], [130.9158257, 32.7347636], [130.9159328, 32.7346504], [130.916059, 32.734568], [130.9162119, 32.7345318], [130.9163804, 32.7345086], [130.9165517, 32.7344621], [130.9167286, 32.734404], [130.9170021, 32.734325], [130.9171596, 32.7343319], [130.9176322, 32.73439], [130.9180245, 32.7344481], [130.9182483, 32.7344342], [130.918439, 32.734344], [130.9187374, 32.7342668], [130.9190137, 32.7342831], [130.9191906, 32.7342971], [130.9193536, 32.7342808], [130.9194697, 32.7342506], [130.9197101, 32.7341088], [130.9198095, 32.7340669], [130.9200499, 32.7340344], [130.9204423, 32.7340321], [130.9206136, 32.7340298], [130.9207021, 32.7340855], [130.920995, 32.7344993], [130.9211663, 32.7347503], [130.9213117, 32.734915], [130.9218737, 32.7353407], [130.9222025, 32.7354174], [130.9223821, 32.7354197], [130.9225562, 32.7353663], [130.9228988, 32.7351757], [130.9235426, 32.7348549], [130.9238853, 32.7347712], [130.92404, 32.7347689], [130.924174, 32.734812], [130.9245097, 32.7349804], [130.9246368, 32.734992], [130.9260074, 32.7348317], [130.9261953, 32.734827], [130.9263362, 32.7348224], [130.926512, 32.734826], [130.926754, 32.734854], [130.927143, 32.734821], [130.9273641, 32.7347759], [130.9275382, 32.7346922], [130.9278615, 32.7345295], [130.9282207, 32.7343482], [130.928532, 32.734281], [130.928703, 32.734252], [130.9294611, 32.7342346], [130.9296487, 32.7342363], [130.930318, 32.7342366], [130.9310474, 32.7342599], [130.9312547, 32.7343273], [130.9313735, 32.7344202], [130.9318875, 32.7349432], [130.9320256, 32.7350246], [130.932168, 32.735096], [130.933152, 32.735262], [130.933193, 32.735269], [130.9335858, 32.7352857], [130.9338541, 32.7352045], [130.934056, 32.735098], [130.9349487, 32.7345913], [130.9360153, 32.7344205], [130.9364317, 32.7343612], [130.9366063, 32.7343542], [130.936757, 32.7343913], [130.937025, 32.7344534], [130.9376029, 32.7345894], [130.9378179, 32.7346279], [130.9380005, 32.7345902], [130.938792, 32.7343859], [130.9392887, 32.7343841], [130.941212, 32.7344032], [130.9432427, 32.7347599], [130.9434242, 32.7347599], [130.9436504, 32.7347316], [130.9438348, 32.7346777], [130.944028, 32.734574], [130.944204, 32.734395], [130.944512, 32.733947], [130.944743, 32.733548], [130.945069, 32.732951], [130.9453304, 32.732591], [130.9454354, 32.7325003], [130.9455487, 32.7324073], [130.9456758, 32.7323608], [130.9461925, 32.7322679], [130.9466847, 32.7321975], [130.9471512, 32.7319546], [130.9483229, 32.7313821], [130.9490285, 32.7310574], [130.9494395, 32.7308338], [130.9498295, 32.7306414], [130.9502246, 32.7304566], [130.9520317, 32.7295741], [130.952414, 32.729275], [130.952578, 32.729148], [130.9529811, 32.7287589], [130.9534539, 32.728233], [130.954371, 32.727035], [130.9545236, 32.7270146], [130.9547589, 32.7270087], [130.9549191, 32.7270563], [130.9557142, 32.7272519], [130.9559311, 32.727219], [130.9561088, 32.7271582], [130.9563706, 32.7269807], [130.9571067, 32.726471], [130.9579908, 32.7260341], [130.9584467, 32.725969], [130.9588666, 32.7259225], [130.9590962, 32.7258628], [130.9594496, 32.7257063], [130.9597783, 32.725453], [130.9603834, 32.7248696], [130.9611818, 32.7242025], [130.961432, 32.723957], [130.961611, 32.723907], [130.9623837, 32.7237842], [130.962534, 32.723692], [130.962575, 32.723654], [130.962748, 32.72346], [130.9634308, 32.7228707], [130.9635192, 32.7227777], [130.9636131, 32.7227057], [130.963754, 32.7226406], [130.9638673, 32.7225755], [130.9642624, 32.7223989], [130.9649144, 32.7221292], [130.9650304, 32.7220502], [130.9651161, 32.7219898], [130.9651796, 32.7219201], [130.9652708, 32.7218131], [130.9653288, 32.7216504], [130.9653592, 32.7214226], [130.9653426, 32.7208462], [130.965364, 32.718795], [130.965399, 32.718637], [130.965544, 32.718362], [130.9659974, 32.7177733], [130.9660969, 32.7176571], [130.9662074, 32.7175571], [130.9666411, 32.7173828], [130.9675004, 32.7171039], [130.9678126, 32.7169574], [130.968051, 32.716735], [130.9681275, 32.7165413], [130.9681938, 32.7163135], [130.968343, 32.715758], [130.968588, 32.715481], [130.9687464, 32.7153558], [130.9688956, 32.7152884], [130.9690669, 32.715235], [130.9693266, 32.7151745], [130.9696443, 32.7150769], [130.969915, 32.714956], [130.9702908, 32.7147259], [130.9707936, 32.7143609], [130.9713102, 32.7140123], [130.9718103, 32.7136682], [130.9722303, 32.7133637], [130.972396, 32.7131591], [130.9725071, 32.7129477], [130.9728298, 32.7121573], [130.97299, 32.7118551], [130.973182, 32.711625], [130.9733354, 32.7114947], [130.9734542, 32.7113599], [130.9735813, 32.7112181], [130.9736669, 32.71106], [130.9738631, 32.7105254], [130.9741283, 32.7095862], [130.9744098, 32.7087947], [130.9745723, 32.708449], [130.9747585, 32.7081503], [130.974943, 32.707983], [130.9751036, 32.7079008], [130.975192, 32.7078357], [130.9753191, 32.7077939], [130.9757169, 32.707759], [130.9761645, 32.7077497], [130.9763851, 32.7077424], [130.9764644, 32.7077253], [130.976985, 32.7075102], [130.9773414, 32.7073289], [130.9774582, 32.70725], [130.977672, 32.7071232], [130.9778054, 32.706993], [130.9778978, 32.7068378], [130.9779678, 32.7066461], [130.9779713, 32.7064246], [130.977945, 32.705635], [130.977909, 32.705131], [130.97787, 32.704917], [130.977789, 32.704675], [130.977682, 32.704351], [130.97737, 32.703411], [130.977334, 32.703154], [130.977298, 32.70257], [130.9772918, 32.70207], [130.9773133, 32.701815], [130.9773784, 32.7016515], [130.9774626, 32.7015214], [130.9775542, 32.7014123], [130.9777034, 32.7012751], [130.9779769, 32.7010473], [130.9781095, 32.7009357], [130.97826, 32.70077], [130.9784162, 32.700659], [130.9785073, 32.7005683], [130.9787118, 32.7003173], [130.9787891, 32.7001661], [130.9788278, 32.6999732], [130.9788057, 32.6997337], [130.9786786, 32.6991292], [130.9785991, 32.6986573], [130.978593, 32.6982132], [130.9786234, 32.6980086], [130.9787062, 32.6978272], [130.9788706, 32.6975439], [130.979215, 32.697164], [130.979267, 32.697062], [130.979315, 32.69676], [130.9793583, 32.6964183], [130.9794522, 32.6960556], [130.9796235, 32.6958347], [130.980112, 32.695254], [130.980225, 32.69512], [130.98033, 32.69492], [130.9803507, 32.694817], [130.9803549, 32.6946948], [130.9803537, 32.6946239], [130.9803525, 32.6944994], [130.9803556, 32.6943921], [130.9803386, 32.6940049], [130.9803244, 32.6936281], [130.980326, 32.693525], [130.9803373, 32.6934474], [130.980363, 32.6933921], [130.980444, 32.693291], [130.9805449, 32.6931993], [130.9810266, 32.6928853], [130.9811279, 32.6928148], [130.981197, 32.6927543], [130.9812575, 32.6926774], [130.9813059, 32.6926014], [130.9813337, 32.6925411], [130.9813536, 32.692456], [130.9813659, 32.6923142], [130.9813686, 32.6922211], [130.9813494, 32.6921029], [130.9813138, 32.6919811], [130.9812726, 32.6918026], [130.9811245, 32.6911974], [130.9811209, 32.6911364], [130.9811234, 32.6909896], [130.9811312, 32.6908769], [130.981148, 32.690791], [130.9811874, 32.6906259], [130.981243, 32.6904652], [130.9813167, 32.6903646], [130.9813884, 32.6902843], [130.9814934, 32.6901906], [130.981609, 32.6900981], [130.9817096, 32.6900417], [130.9817475, 32.6900225], [130.98192, 32.689942], [130.9820745, 32.689863], [130.9822284, 32.6897819], [130.9824004, 32.6896912], [130.9826634, 32.6895692], [130.982876, 32.6895157], [130.9830114, 32.6894976], [130.9831865, 32.6895074], [130.9833333, 32.6895428], [130.9834419, 32.6895868], [130.9835425, 32.689606], [130.9836398, 32.6895976], [130.9837341, 32.6895574], [130.9837745, 32.6895256], [130.9838078, 32.6894971], [130.9838496, 32.6894418], [130.983862, 32.6893904], [130.9838583, 32.68927], [130.9838531, 32.6891447], [130.982737, 32.689168], [130.982669, 32.689172], [130.980974, 32.689275], [130.980411, 32.689286], [130.980231, 32.689266], [130.9801534, 32.6892561], [130.979839, 32.689216], [130.979652, 32.689172], [130.979486, 32.689098], [130.979426, 32.6890477], [130.9792388, 32.6888753], [130.9790492, 32.6886348], [130.9789328, 32.6884696], [130.9788443, 32.6882398], [130.9787609, 32.6879354], [130.9786951, 32.6874884], [130.9786192, 32.686884], [130.9784418, 32.6860076], [130.978392, 32.6858397], [130.9783198, 32.6853835], [130.978234, 32.6848598], [130.9782376, 32.6844444], [130.9782447, 32.6841042], [130.978327, 32.6834931], [130.9784772, 32.6826112], [130.9785979, 32.6818019], [130.9787282, 32.6808526], [130.9788015, 32.6801544], [130.9788268, 32.6796499], [130.9788344, 32.6793775], [130.9788394, 32.6791305], [130.9788319, 32.678824], [130.978846, 32.6783041], [130.9788217, 32.6774723], [130.9788507, 32.6770083], [130.9788454, 32.6768713], [130.9788829, 32.6765206], [130.9789223, 32.6762903], [130.978958, 32.676162], [130.9789991, 32.6760074], [130.9790456, 32.6757259], [130.979207, 32.67512], [130.9793, 32.674835], [130.979411, 32.674396], [130.979419, 32.674216], [130.979392, 32.673953], [130.9792852, 32.6736572], [130.9791588, 32.6735018], [130.9789944, 32.6731825], [130.9788806, 32.6729568], [130.978782, 32.6727674], [130.9786783, 32.6725311], [130.9786201, 32.6722714], [130.9785872, 32.6720542], [130.978567, 32.6717839], [130.9785797, 32.6715774], [130.9786151, 32.6712048], [130.9786353, 32.6709621], [130.978717, 32.670539], [130.9787339, 32.6701872], [130.9787339, 32.6700041], [130.9787314, 32.6697295], [130.9787061, 32.6694975], [130.9786758, 32.6693016], [130.978354, 32.667649], [130.9783581, 32.6675755], [130.978332, 32.667393], [130.978269, 32.667166], [130.9782, 32.666994], [130.978049, 32.66678], [130.97789, 32.666629], [130.9776433, 32.6664478], [130.9775289, 32.6663906], [130.9773894, 32.6663304], [130.977207, 32.6662852], [130.9769155, 32.6662317], [130.9755225, 32.6660142], [130.9745068, 32.6658396], [130.9734088, 32.665659], [130.9731227, 32.6656258], [130.9727936, 32.6655686], [130.9723788, 32.6654964], [130.9720962, 32.6654392], [130.9718745, 32.6654181], [130.9714417, 32.6653308], [130.970848, 32.6652555], [130.9703867, 32.6651592], [130.970122, 32.6650779], [130.9697035, 32.6649394], [130.969209, 32.664749], [130.9687093, 32.6644747], [130.9685146, 32.6643661], [130.9683662, 32.6642797], [130.9677155, 32.6639105], [130.9676219, 32.663804], [130.9675536, 32.6636869], [130.967498, 32.6634315], [130.9675005, 32.6631632], [130.9675207, 32.6624372], [130.9675051, 32.6622728], [130.9674544, 32.6621232], [130.9674299, 32.6620742], [130.9673898, 32.6620121], [130.9672754, 32.6618879], [130.9670149, 32.6616899], [130.9668389, 32.6615771], [130.9665628, 32.6614006], [130.9660615, 32.6610895], [130.9654811, 32.6607477], [130.9653448, 32.6606646], [130.9653056, 32.6606454], [130.9647879, 32.6603393], [130.9645227, 32.6602385], [130.9643492, 32.6601977], [130.9641214, 32.6601711], [130.9639934, 32.6601641], [130.9637984, 32.6601761], [130.9634605, 32.6602496], [130.963072, 32.660324], [130.962693, 32.660431], [130.962506, 32.660454], [130.962246, 32.660452], [130.962084, 32.660419], [130.961759, 32.66029], [130.9615812, 32.6602], [130.9613024, 32.6600985], [130.9611454, 32.6600495], [130.9609914, 32.6600415], [130.9607696, 32.6600538], [130.9603587, 32.6601591], [130.9598909, 32.660272], [130.959363, 32.660332], [130.95915, 32.660334], [130.9584165, 32.6603529], [130.9577691, 32.6602613], [130.957249, 32.6601589], [130.9566066, 32.6600405], [130.9562392, 32.6599681], [130.9559774, 32.6599122], [130.9557077, 32.6598135], [130.9554225, 32.6596556], [130.9552935, 32.6595931], [130.9551215, 32.6594352], [130.9547855, 32.6590601], [130.9545119, 32.6587377], [130.9543517, 32.6585896], [130.9542071, 32.6584185], [130.953996, 32.658218], [130.953863, 32.658115], [130.9535662, 32.6578592], [130.9534372, 32.6577046], [130.9533395, 32.6575664], [130.9532334, 32.657203], [130.9532018, 32.6570769], [130.953146, 32.656872], [130.953014, 32.656639], [130.952902, 32.656496], [130.952787, 32.656386], [130.952655, 32.656276], [130.952069, 32.655921], [130.95137, 32.655526], [130.95116, 32.655365], [130.951073, 32.65528], [130.950789, 32.654957], [130.950734, 32.654886], [130.950548, 32.654643], [130.950393, 32.6544111], [130.9502249, 32.6542532], [130.9500686, 32.6541479], [130.949838, 32.6540426], [130.9496231, 32.6539636], [130.9493847, 32.6539176], [130.9490682, 32.6538912], [130.9480326, 32.6538419], [130.9477419, 32.6538245], [130.9465105, 32.653614], [130.943327, 32.653138], [130.9428895, 32.6530739], [130.9428534, 32.6530702], [130.9403514, 32.6526153], [130.9402409, 32.6525923], [130.939568, 32.6524764], [130.9391538, 32.652404], [130.9386458, 32.6522987], [130.9381338, 32.6521671], [130.9378327, 32.652049], [130.9369113, 32.6515712], [130.9365823, 32.6515179], [130.9362858, 32.6515632], [130.9360001, 32.6516802], [130.9353436, 32.6519335], [130.9350856, 32.6519697], [130.934747, 32.6520182], [130.9346116, 32.6520079], [130.934081, 32.6518741], [130.9339044, 32.6518062], [130.9334324, 32.6516327], [130.9331575, 32.6516168], [130.9329071, 32.6517116], [130.9324791, 32.6523563], [130.931996, 32.6528298], [130.9316154, 32.6530408], [130.9313941, 32.6531302], [130.9309667, 32.6533187], [130.9304977, 32.6534865], [130.9301968, 32.6535984], [130.9299389, 32.653684], [130.9296614, 32.6537399], [130.9292511, 32.6537662], [130.9287665, 32.6537267], [130.9285047, 32.6536675], [130.928196, 32.6535951], [130.9279498, 32.6535162], [130.9277778, 32.6534504], [130.9275785, 32.6533385], [130.9274974, 32.6533038], [130.927069, 32.652912], [130.9269227, 32.6526989], [130.9268506, 32.6525514], [130.926776, 32.6523792], [130.9267401, 32.6520651], [130.9267152, 32.6518115], [130.92669, 32.651661], [130.9262924, 32.6511159], [130.9260796, 32.6507948], [130.9259608, 32.650497], [130.925958, 32.6502154], [130.9259746, 32.6499642], [130.9259553, 32.6497338], [130.9258972, 32.6494686], [130.925643, 32.649094], [130.9253142, 32.6486286], [130.9249785, 32.6481494], [130.9248803, 32.6479167], [130.9248521, 32.6476749], [130.9249218, 32.6474397], [130.9252617, 32.6470953], [130.9254413, 32.6469581], [130.9255988, 32.6468464], [130.9258254, 32.646616], [130.9260879, 32.6465137], [130.9264698, 32.6465017], [130.92684, 32.6465941], [130.9271888, 32.6466221], [130.9275236, 32.6464499], [130.9275884, 32.6463019], [130.9275829, 32.6461414], [130.9275497, 32.6458994], [130.9274972, 32.645669], [130.9274502, 32.6455643], [130.927353, 32.645372], [130.927256, 32.645279], [130.926939, 32.645032], [130.926759, 32.644912], [130.92648, 32.644779], [130.926065, 32.644604], [130.925297, 32.644297], [130.924946, 32.64414], [130.924702, 32.644019], [130.924279, 32.643785], [130.923882, 32.643555], [130.9236434, 32.6433549], [130.9234085, 32.6430943], [130.9231681, 32.6429128], [130.9230217, 32.6428291], [130.922773, 32.642743], [130.9223253, 32.6427313], [130.9215239, 32.6428407], [130.9205927, 32.6429501], [130.9201976, 32.6430036], [130.9197112, 32.6430571], [130.9192636, 32.6430748], [130.919095, 32.6430641], [130.9184622, 32.6429733], [130.9182022, 32.6429167], [130.9178957, 32.64285], [130.9175807, 32.6427546], [130.9174398, 32.6426592], [130.9173209, 32.6425964], [130.9170833, 32.6423963], [130.9168788, 32.6421008], [130.9166135, 32.6417029], [130.9163731, 32.6414097], [130.9159614, 32.6410676], [130.915477, 32.640745], [130.9147428, 32.6401811], [130.9142702, 32.6398251], [130.9131651, 32.6389861], [130.9128783, 32.6387817], [130.9126111, 32.6385793], [130.9125283, 32.6385166], [130.9122643, 32.6383407], [130.9121298, 32.6382364], [130.911669, 32.637954], [130.910895, 32.63745], [130.9105773, 32.6372284], [130.9103795, 32.6371118], [130.9100064, 32.6368605], [130.9095615, 32.6366557], [130.9091364, 32.6365153], [130.9090506, 32.6365062], [130.9082889, 32.6363662], [130.907107, 32.636139], [130.9066122, 32.6360064], [130.9063318, 32.6359185], [130.9060288, 32.6357293], [130.9058051, 32.6355124], [130.9055689, 32.6352977], [130.9055026, 32.6352574], [130.9054011, 32.6351787], [130.9053367, 32.6351316], [130.905168, 32.635008], [130.9049018, 32.6348746], [130.9045823, 32.6347735], [130.9043288, 32.6347119], [130.9041278, 32.634655], [130.903832, 32.6346272], [130.9033979, 32.6345912], [130.90313, 32.6345375], [130.9026693, 32.6343941], [130.9023458, 32.6342443], [130.9018637, 32.6339738], [130.9016502, 32.6338905], [130.9013927, 32.6337753], [130.8995133, 32.6329773], [130.8991304, 32.6328078], [130.8986514, 32.6326533], [130.8981898, 32.632575], [130.8977861, 32.6324696], [130.8973272, 32.6324121], [130.8968553, 32.6324044], [130.8965951, 32.6324512], [130.8958086, 32.6327157], [130.8952427, 32.6329034], [130.8946613, 32.6331133], [130.8936904, 32.6334205], [130.8934114, 32.6334747], [130.8928481, 32.6335109], [130.8925531, 32.6335109], [130.892301, 32.6335063], [130.8920488, 32.6335063], [130.891454, 32.633408], [130.891271, 32.633323], [130.8911047, 32.6331404], [130.8910296, 32.6329868], [130.8909599, 32.632788], [130.8908848, 32.6324989], [130.8907828, 32.6321917], [130.8906916, 32.6319658], [130.8903108, 32.6316767], [130.890062, 32.6315572], [130.8897982, 32.6314272], [130.8888235, 32.6305953], [130.8886891, 32.6304711], [130.8885422, 32.630319], [130.8884012, 32.6301261], [130.8883235, 32.6300184], [130.8882916, 32.6299051], [130.8882891, 32.6298107], [130.8882906, 32.6297727], [130.8883641, 32.6295822], [130.8886755, 32.6290449], [130.8886567, 32.6286993], [130.8886197, 32.6285649], [130.8885348, 32.6284642], [130.8883344, 32.6283446], [130.8875519, 32.6279136], [130.8871657, 32.6277079], [130.8866714, 32.6274412], [130.8862895, 32.62724], [130.8859445, 32.6270071], [130.885619, 32.626693], [130.885134, 32.626226], [130.8848818, 32.6259413], [130.884495, 32.625572], [130.8840014, 32.6250182], [130.8835813, 32.6246117], [130.882954, 32.6240884], [130.8824478, 32.6238223], [130.8819751, 32.6236605], [130.8816976, 32.6235979], [130.8815417, 32.6235683], [130.8813479, 32.6235387], [130.8810333, 32.6235222], [130.8807558, 32.6235338], [130.8804686, 32.623542], [130.8798902, 32.6236736], [130.87947, 32.623766], [130.879253, 32.623814], [130.878795, 32.62392], [130.8785278, 32.6239806], [130.8781818, 32.6240592], [130.878064, 32.624072], [130.877771, 32.624112], [130.877405, 32.62414], [130.877322, 32.62414], [130.876913, 32.624139], [130.8764437, 32.624066], [130.8760682, 32.6239643], [130.8757569, 32.6238259], [130.8756363, 32.6237723], [130.8753225, 32.6235938], [130.8748045, 32.6232557], [130.8747619, 32.6232279], [130.8741853, 32.6228348], [130.8740615, 32.6227577], [130.8733901, 32.6223837], [130.873726, 32.621861], [130.873768, 32.621786], [130.873791, 32.621722], [130.8739978, 32.6212705], [130.8742706, 32.6204407], [130.8748262, 32.6188249], [130.8750856, 32.618225], [130.8752422, 32.6180187], [130.8753119, 32.6179171], [130.875336, 32.6178854], [130.8755774, 32.6176301], [130.8757893, 32.6174539], [130.8759529, 32.6173139], [130.8760844, 32.6172099], [130.8762024, 32.6171331], [130.8765538, 32.6168824], [130.8766798, 32.6167807], [130.8768381, 32.6166451], [130.8770419, 32.6164283], [130.8772163, 32.616182], [130.8773557, 32.6159877], [130.8774335, 32.6157889], [130.8774791, 32.6156827], [130.8775086, 32.6156059], [130.8776293, 32.6153122], [130.8777024, 32.6150457], [130.8778573, 32.614831], [130.8780209, 32.6146367], [130.8782194, 32.6144333], [130.8790816, 32.6136197], [130.8794774, 32.6132461], [130.8796437, 32.6130925], [130.879767, 32.6129569], [130.8799011, 32.6128259], [130.8799816, 32.6127445], [130.880105, 32.6126451], [130.880218, 32.612536], [130.8804537, 32.6123062], [130.8806629, 32.612139], [130.8810143, 32.6118089], [130.8812208, 32.6116149], [130.8816499, 32.611276], [130.8819021, 32.6110591], [130.8820684, 32.6109235], [130.8823151, 32.6106976], [130.8824171, 32.6105665], [130.8824948, 32.6103592], [130.8825083, 32.6101717], [130.8824466, 32.6099616], [130.8821703, 32.6094368], [130.882122, 32.6092154], [130.8821435, 32.6090844], [130.8821649, 32.6089849], [130.8822347, 32.6088855], [130.8823151, 32.6087776], [130.8824492, 32.6086466], [130.8827362, 32.6085043], [130.8830236, 32.6084149], [130.8833853, 32.6083099], [130.883524, 32.608247], [130.8838349, 32.6080751], [130.8839844, 32.6078516], [130.8840531, 32.607634], [130.88409, 32.607507], [130.884147, 32.607283], [130.8840966, 32.607006], [130.8839529, 32.6066289], [130.8838728, 32.6063961], [130.88387, 32.60628], [130.88391, 32.606167], [130.883983, 32.605993], [130.884116, 32.60579], [130.884622, 32.605187], [130.884762, 32.605074], [130.8849201, 32.6048784], [130.8851909, 32.604769], [130.8855446, 32.6047178], [130.885935, 32.604674], [130.886153, 32.604595], [130.886439, 32.604438], [130.886666, 32.60428], [130.886759, 32.604184], [130.886839, 32.604043], [130.886886, 32.603919], [130.886926, 32.603688], [130.886926, 32.603541], [130.886858, 32.603298], [130.886825, 32.603162], [130.886819, 32.602905], [130.886839, 32.6028], [130.8869449, 32.6023782], [130.8872614, 32.6019467], [130.8873759, 32.601787], [130.8874769, 32.6016176], [130.8876814, 32.6014802], [130.8880959, 32.6013638], [130.8883888, 32.6012591], [130.8887176, 32.6011008], [130.8889967, 32.6009565], [130.8892648, 32.6007679], [130.8895245, 32.6005235], [130.8896378, 32.6003326], [130.8897628, 32.6002032], [130.8898625, 32.6001321], [130.8900495, 32.6001045], [130.8902043, 32.6000509], [130.8903654, 32.5999128], [130.8904294, 32.5997618], [130.8904563, 32.5996142], [130.8904416, 32.5994666], [130.8903328, 32.5992662], [130.8901392, 32.5990207], [130.8898426, 32.5987459], [130.8897656, 32.5986729], [130.8897124, 32.598575], [130.8896433, 32.598277], [130.8895908, 32.5979883], [130.8892703, 32.5975321], [130.8888939, 32.5971105], [130.8883414, 32.5968561], [130.8881675, 32.5967098], [130.8880424, 32.596504], [130.8879955, 32.5963986], [130.8879545, 32.5963312], [130.8878021, 32.5961073], [130.8876047, 32.5959032], [130.8874738, 32.5957122], [130.8873156, 32.5953484], [130.8869072, 32.5946241], [130.886969, 32.594308], [130.8871632, 32.594145], [130.8874119, 32.5939571], [130.887563, 32.593652], [130.887579, 32.593535], [130.887551, 32.593444], [130.887234, 32.592771], [130.8872159, 32.5922815], [130.8871376, 32.5920232], [130.8871725, 32.5917344], [130.8872491, 32.5914271], [130.8874499, 32.5913258], [130.8876319, 32.5912544], [130.8878396, 32.5910284], [130.8878701, 32.5908238], [130.8877981, 32.5905725], [130.8877162, 32.590413], [130.8876422, 32.590293], [130.8875036, 32.59031], [130.887338, 32.590527], [130.8872945, 32.5907266], [130.8871877, 32.5908429], [130.8870386, 32.5909303], [130.886858, 32.59094], [130.886752, 32.590949], [130.88662, 32.59095], [130.8864128, 32.5909283], [130.88628, 32.5910896], [130.8861999, 32.5913102], [130.8861909, 32.5915167], [130.8861871, 32.5916527], [130.885893, 32.591684], [130.885675, 32.591702], [130.885473, 32.5917547], [130.8852415, 32.5917581], [130.884832, 32.5916801], [130.884743, 32.591769], [130.884717, 32.591828], [130.88475, 32.59192], [130.884768, 32.591954], [130.884855, 32.592067], [130.884962, 32.592157], [130.8851351, 32.5922956], [130.8853197, 32.5924663], [130.8854596, 32.5925963], [130.8853798, 32.5926753], [130.8852844, 32.5926592], [130.8850806, 32.5924861], [130.884868, 32.592384], [130.884601, 32.592208], [130.884461, 32.592069], [130.884352, 32.591897], [130.88411, 32.591739], [130.884004, 32.591639], [130.883971, 32.591574], [130.883956, 32.591519], [130.884004, 32.591436], [130.88411, 32.591357], [130.8845035, 32.5913273], [130.8846831, 32.5912644], [130.8848351, 32.5911818], [130.8849649, 32.5910735], [130.8850796, 32.5909129], [130.8850686, 32.5903669], [130.8851169, 32.5901678], [130.885001, 32.590087], [130.884847, 32.589939], [130.884773, 32.589902], [130.88464, 32.589847], [130.8844482, 32.5898629], [130.8840627, 32.5898722], [130.8839425, 32.5898489], [130.883792, 32.589715], [130.8836123, 32.589715], [130.8833692, 32.5897232], [130.882997, 32.589632], [130.882878, 32.589589], [130.88272, 32.58952], [130.882048, 32.589254], [130.881759, 32.58918], [130.881647, 32.589137], [130.881579, 32.589072], [130.881246, 32.588512], [130.881079, 32.5883], [130.880781, 32.58807], [130.880665, 32.588], [130.880608, 32.587964], [130.88058, 32.587932], [130.880567, 32.587886], [130.880579, 32.587857], [130.880654, 32.587795], [130.880712, 32.587767], [130.880808, 32.587749], [130.881218, 32.587755], [130.881429, 32.587767], [130.881707, 32.587775], [130.881777, 32.587766], [130.881849, 32.587731], [130.881888, 32.587667], [130.881903, 32.587563], [130.881929, 32.587194], [130.881957, 32.587131], [130.881999, 32.587089], [130.8820581, 32.5870454], [130.8822077, 32.5870109], [130.8826688, 32.5871409], [130.882747, 32.5871376], [130.8827978, 32.5871294], [130.882913, 32.58705], [130.882966, 32.587022], [130.8831006, 32.5869648], [130.8832784, 32.5869401], [130.883432, 32.586944], [130.883558, 32.586899], [130.883951, 32.58673], [130.88426, 32.586561], [130.8843204, 32.5865228], [130.884679, 32.586296], [130.884905, 32.586127], [130.885124, 32.58593], [130.8852, 32.585836], [130.885201, 32.585723], [130.8852031, 32.5855522], [130.8852265, 32.5855045], [130.8853809, 32.5853942], [130.885497, 32.585332], [130.885577, 32.585317], [130.8856915, 32.5852509], [130.8857345, 32.5851275], [130.8857931, 32.5848574], [130.8857814, 32.5846286], [130.8858166, 32.5844887], [130.885967, 32.584408], [130.8860491, 32.5843932], [130.8865396, 32.5843889], [130.8866255, 32.5842878], [130.8866138, 32.5841874], [130.886532, 32.584093], [130.886519, 32.584036], [130.8864086, 32.5840145], [130.8863656, 32.583947], [130.8863344, 32.5838943], [130.886148, 32.583737], [130.8860109, 32.5835281], [130.8860647, 32.5833395], [130.8858107, 32.5832209], [130.885614, 32.582995], [130.8854721, 32.582984], [130.8853929, 32.582958], [130.8853437, 32.5829048], [130.8853657, 32.5827564], [130.8852871, 32.5826677], [130.8851568, 32.5826755], [130.884985, 32.582683], [130.8847, 32.582608], [130.884619, 32.58256], [130.884533, 32.582463], [130.884493, 32.582372], [130.884472, 32.582273], [130.884489, 32.582229], [130.884584, 32.582196], [130.884636, 32.582179], [130.884713, 32.582137], [130.885032, 32.581906], [130.8851382, 32.5819411], [130.8853303, 32.5819464], [130.885482, 32.5818407], [130.8857111, 32.5816525], [130.885757, 32.581494], [130.885902, 32.581448], [130.8860393, 32.5814626], [130.8861152, 32.5813868], [130.886176, 32.581106], [130.886202, 32.581044], [130.886249, 32.581], [130.886482, 32.580914], [130.886681, 32.580874], [130.886841, 32.580825], [130.886908, 32.580775], [130.886908, 32.580774], [130.886967, 32.580621], [130.887104, 32.57996], [130.887152, 32.579679], [130.887147, 32.579616], [130.887104, 32.579548], [130.886944, 32.579384], [130.886886, 32.579298], [130.886847, 32.579195], [130.886834, 32.579103], [130.886828, 32.578991], [130.8868825, 32.578909], [130.8869349, 32.5788507], [130.8870869, 32.5788298], [130.8873107, 32.5789439], [130.887576, 32.5789835], [130.8877949, 32.5790679], [130.8879276, 32.5790915], [130.8880206, 32.5790707], [130.888058, 32.579058], [130.8881113, 32.5789547], [130.8880556, 32.5788542], [130.8878889, 32.578919], [130.8876914, 32.5788353], [130.8875613, 32.5786125], [130.8876391, 32.5783629], [130.8875411, 32.5780367], [130.8874986, 32.5779496], [130.8873936, 32.5778891], [130.8872886, 32.5778961], [130.8871394, 32.577931], [130.887015, 32.5780288], [130.8868796, 32.5783082], [130.8867829, 32.5783781], [130.8866005, 32.5784107], [130.8863767, 32.5784246], [130.8861887, 32.5785175], [130.886017, 32.578759], [130.8857629, 32.5788251], [130.8854498, 32.5788581], [130.8850476, 32.5788321], [130.8847795, 32.5787786], [130.8845907, 32.5789168], [130.8844749, 32.5789135], [130.884443, 32.578837], [130.884507, 32.57876], [130.884629, 32.578705], [130.88486, 32.578697], [130.8851149, 32.5787128], [130.885431, 32.5787026], [130.885555, 32.5787102], [130.88565, 32.578703], [130.885743, 32.578653], [130.885889, 32.57853], [130.886029, 32.578281], [130.886068, 32.578242], [130.88612, 32.578208], [130.886251, 32.578199], [130.886401, 32.57814], [130.8865281, 32.5780594], [130.8865094, 32.5779267], [130.8862815, 32.5777534], [130.886278, 32.577658], [130.886328, 32.577582], [130.886426, 32.577528], [130.8867055, 32.5773861], [130.886985, 32.577322], [130.887126, 32.577188], [130.8871886, 32.577004], [130.8872444, 32.5768047], [130.887321, 32.5766848], [130.8874708, 32.5766554], [130.8875594, 32.5766526], [130.8876533, 32.5767062], [130.8877252, 32.5767667], [130.8878689, 32.5769693], [130.8879601, 32.5770974], [130.8880651, 32.577144], [130.8882309, 32.5770904], [130.8883055, 32.5770368], [130.8883994, 32.5770089], [130.8886805, 32.5770236], [130.8887638, 32.5769658], [130.8887667, 32.5768892], [130.8882995, 32.5769218], [130.8881703, 32.5768811], [130.8878578, 32.5765143], [130.8878, 32.57642], [130.8878216, 32.5763662], [130.887864, 32.5763294], [130.8879904, 32.576345], [130.888071, 32.576433], [130.88817, 32.576608], [130.8882518, 32.5766918], [130.8884678, 32.5767067], [130.8886592, 32.5766808], [130.8889103, 32.5766841], [130.8890545, 32.5767078], [130.8890751, 32.5767878], [130.8890941, 32.5769158], [130.8891424, 32.576981], [130.8892008, 32.5770242], [130.8893214, 32.577018], [130.8894428, 32.5770254], [130.8896481, 32.577116], [130.8898346, 32.5772289], [130.8900518, 32.5774021], [130.8901048, 32.5775921], [130.890093, 32.577713], [130.8900648, 32.5779068], [130.889901, 32.578089], [130.8898673, 32.5781212], [130.889896, 32.578203], [130.890046, 32.5782665], [130.890121, 32.578215], [130.890206, 32.578083], [130.890226, 32.578022], [130.89024, 32.577695], [130.890266, 32.57756], [130.890332, 32.5773617], [130.8903707, 32.5772615], [130.8904674, 32.5771987], [130.8907796, 32.5770823], [130.890931, 32.577007], [130.8910422, 32.5768424], [130.891264, 32.576641], [130.8916031, 32.5764], [130.8916418, 32.5763371], [130.891954, 32.576216], [130.892155, 32.576084], [130.8923216, 32.5759203], [130.8923823, 32.57589], [130.8925758, 32.5759226], [130.8926587, 32.5759785], [130.8927167, 32.5760693], [130.8928162, 32.5763371], [130.8929426, 32.5765422], [130.8932638, 32.576878], [130.8933968, 32.5772553], [130.8936096, 32.5775859], [130.893565, 32.577728], [130.893644, 32.577914], [130.8937945, 32.5781848], [130.8939383, 32.578231], [130.8940542, 32.5781905], [130.8941775, 32.5781415], [130.8942808, 32.5779908], [130.8944437, 32.5774734], [130.8945709, 32.577222], [130.8947864, 32.5770543], [130.8948803, 32.5769635], [130.8950793, 32.5768075], [130.8952311, 32.5766891], [130.8954728, 32.5765105], [130.8956079, 32.576571], [130.8957044, 32.5766953], [130.8958121, 32.5767157], [130.8960579, 32.5766162], [130.8961669, 32.5766722], [130.896285, 32.576682], [130.89638, 32.576672], [130.896473, 32.57665], [130.89665, 32.576568], [130.8969052, 32.5762871], [130.8970624, 32.5762871], [130.897219, 32.5763441], [130.897309, 32.5764651], [130.8973939, 32.5766281], [130.897468, 32.5767391], [130.8975842, 32.5768151], [130.8977199, 32.5768611], [130.8977564, 32.5769991], [130.8977662, 32.577184], [130.8977531, 32.577278], [130.897696, 32.57734], [130.8976555, 32.5774719], [130.8977115, 32.5775023], [130.8977639, 32.5774999], [130.8978431, 32.5774409], [130.8978823, 32.57734], [130.897882, 32.577181], [130.897901, 32.576968], [130.897868, 32.576883], [130.897702, 32.576641], [130.897641, 32.576498], [130.8975273, 32.576244], [130.8974222, 32.5761394], [130.8973877, 32.5759402], [130.8972705, 32.5758351], [130.8971453, 32.5758415], [130.897033, 32.575913], [130.896987, 32.575927], [130.896819, 32.575985], [130.8965112, 32.5761906], [130.8963864, 32.5762126], [130.8961797, 32.5760779], [130.8960535, 32.5761069], [130.8957713, 32.5761924], [130.895625, 32.57613], [130.8953624, 32.5759698], [130.8950799, 32.5759487], [130.8949926, 32.5760134], [130.894919, 32.576131], [130.8949018, 32.5762693], [130.8947183, 32.5763515], [130.8944826, 32.5764129], [130.8943928, 32.5763898], [130.8942833, 32.5762708], [130.8941551, 32.5761254], [130.8940242, 32.5759552], [130.8939482, 32.5758468], [130.893872, 32.5757346], [130.8938795, 32.5756666], [130.8939986, 32.5754713], [130.894097, 32.5752482], [130.8942744, 32.5750077], [130.8943201, 32.5748859], [130.89431, 32.574816], [130.8939272, 32.5745764], [130.893831, 32.574326], [130.893578, 32.573914], [130.8934527, 32.5737941], [130.893366, 32.573486], [130.893313, 32.573418], [130.893266, 32.573396], [130.893153, 32.573407], [130.893, 32.573441], [130.892781, 32.573441], [130.892628, 32.573429], [130.89241, 32.573401], [130.8921257, 32.573347], [130.8919089, 32.5733521], [130.8916174, 32.5734171], [130.8914916, 32.573565], [130.891349, 32.573653], [130.891285, 32.573642], [130.8911891, 32.573602], [130.8911705, 32.5735209], [130.891277, 32.573323], [130.891284, 32.573102], [130.891313, 32.57305], [130.891357, 32.573023], [130.891697, 32.573041], [130.891796, 32.573024], [130.8920693, 32.5728571], [130.8921994, 32.572836], [130.8923258, 32.572832], [130.8924633, 32.572751], [130.892567, 32.572685], [130.8926737, 32.572503], [130.8926781, 32.572385], [130.8928529, 32.5721851], [130.8931883, 32.5721312], [130.8934392, 32.5721951], [130.893553, 32.5721631], [130.8938856, 32.5718993], [130.8942119, 32.5720231], [130.894324, 32.572178], [130.894341, 32.572217], [130.894355, 32.572268], [130.894443, 32.572685], [130.8944895, 32.5729087], [130.894516, 32.5730217], [130.894619, 32.573032], [130.894744, 32.573017], [130.8951699, 32.5726971], [130.8953791, 32.5724883], [130.8955688, 32.5723433], [130.8958998, 32.5723437], [130.8960649, 32.5723967], [130.896126, 32.572511], [130.8962483, 32.5726468], [130.8963868, 32.5727216], [130.8963654, 32.5727868], [130.896115, 32.573012], [130.89611, 32.573056], [130.896132, 32.573087], [130.896268, 32.57316], [130.896498, 32.573257], [130.8966704, 32.5732986], [130.896785, 32.573378], [130.8969958, 32.573615], [130.897163, 32.573631], [130.897285, 32.573639], [130.897405, 32.5736654], [130.8976736, 32.5734531], [130.8979136, 32.5734115], [130.8980388, 32.5734628], [130.8981108, 32.5736621], [130.8981684, 32.5737863], [130.8981413, 32.5739248], [130.898185, 32.574015], [130.898235, 32.574118], [130.89839, 32.574145], [130.898587, 32.574162], [130.899005, 32.574193], [130.899438, 32.574197], [130.8995961, 32.5741411], [130.8997329, 32.5740844], [130.8999386, 32.5739865], [130.9001301, 32.5739092], [130.9002404, 32.5739483], [130.9002503, 32.5740751], [130.9002425, 32.5741911], [130.900249, 32.574303], [130.900329, 32.574404], [130.900355, 32.574472], [130.9003817, 32.5746264], [130.9004796, 32.5746786], [130.9005545, 32.5747595], [130.900541, 32.57484], [130.900436, 32.574926], [130.900327, 32.575002], [130.9002961, 32.5752811], [130.9002823, 32.5753847], [130.9002398, 32.5754738], [130.9002991, 32.5755461], [130.900386, 32.5755818], [130.9005234, 32.5755438], [130.9006347, 32.5754516], [130.9007363, 32.5752629], [130.9008566, 32.5750777], [130.9009166, 32.5749853], [130.9011244, 32.5749299], [130.9013881, 32.5750048], [130.901581, 32.575082], [130.9017301, 32.5751481], [130.901883, 32.5751741], [130.90203, 32.575141], [130.9021693, 32.5749046], [130.9024744, 32.5747763], [130.9026905, 32.5744999], [130.9029709, 32.5742144], [130.9031887, 32.5739848], [130.9033707, 32.5738378], [130.9034335, 32.5738079], [130.9035943, 32.5737311], [130.9037757, 32.573709], [130.90457, 32.5738055], [130.9051844, 32.5736504], [130.9054321, 32.5734752], [130.9055918, 32.5733622], [130.9058225, 32.5729056], [130.9058995, 32.5725376], [130.9060907, 32.5722782], [130.9067271, 32.5719692], [130.9070827, 32.5715735], [130.9072715, 32.5712261], [130.9073019, 32.57117], [130.9079854, 32.5703501], [130.9082403, 32.5700461], [130.9083989, 32.5699093], [130.9086182, 32.5697999], [130.9089967, 32.5697074], [130.9093511, 32.5695943], [130.9095336, 32.5694078], [130.9095806, 32.5692238], [130.90959, 32.569187], [130.9095668, 32.5686697], [130.9093898, 32.5679645], [130.9093644, 32.5677856], [130.9093844, 32.5674898], [130.9095293, 32.5670557], [130.9100335, 32.5666986], [130.9113515, 32.565802], [130.9113692, 32.5657899], [130.911734, 32.565536], [130.9120124, 32.5654074], [130.9121018, 32.5653815], [130.9123665, 32.5653047], [130.9125089, 32.56528], [130.9127649, 32.565223], [130.912983, 32.5651245], [130.913172, 32.5649705], [130.9133043, 32.5647589], [130.9133219, 32.5643884], [130.9133216, 32.5638753], [130.9134573, 32.5635431], [130.9136409, 32.5633348], [130.9138386, 32.5631727], [130.9141716, 32.5629169], [130.9144702, 32.5627535], [130.91477, 32.5626543], [130.91498, 32.5625128], [130.9151173, 32.5623014], [130.9152018, 32.5621464], [130.9153229, 32.5620057], [130.9156865, 32.5617245], [130.9159046, 32.5615633], [130.9162084, 32.5613357], [130.9164875, 32.5610571], [130.9167599, 32.5606391], [130.9170427, 32.5602433], [130.917077, 32.560161], [130.9172434, 32.5598039], [130.9174586, 32.5595698], [130.9176739, 32.5594011], [130.9179187, 32.5593191], [130.9183751, 32.5591588], [130.9188805, 32.5588161], [130.9192949, 32.5585373], [130.9196922, 32.5581874], [130.919859, 32.5577858], [130.9199792, 32.5574808], [130.9206039, 32.5569913], [130.9210959, 32.5566921], [130.9216262, 32.5563018], [130.9219367, 32.556068], [130.9223011, 32.5556919], [130.9224713, 32.5555739], [130.922633, 32.5554983], [130.9227706, 32.5554227], [130.9229951, 32.5553188], [130.9232701, 32.5552248], [130.9234709, 32.5551945], [130.9239745, 32.5551741], [130.9245174, 32.5551805], [130.925093, 32.554967], [130.9254547, 32.5547453], [130.9258522, 32.5546647], [130.9271952, 32.5545805], [130.9282434, 32.554428], [130.9291701, 32.5542935], [130.9302966, 32.5540975], [130.9309226, 32.5540515], [130.9314863, 32.5540256], [130.9321809, 32.5540126], [130.932757, 32.554079], [130.933168, 32.5540067], [130.933529, 32.5538154], [130.9338294, 32.553725], [130.9340922, 32.5536165], [130.9342102, 32.5534401], [130.9342532, 32.5531598], [130.9341821, 32.5527733], [130.9340855, 32.5518568], [130.9340299, 32.5510511], [130.9341244, 32.5507361], [130.9344245, 32.5501842], [130.9347712, 32.5498047], [130.9350296, 32.5496072], [130.9352877, 32.5495088], [130.935992, 32.5495388], [130.9361891, 32.5495026], [130.9363085, 32.5494562], [130.9364212, 32.5493884], [130.9365311, 32.5492879], [130.9368234, 32.5487939], [130.9371882, 32.5486627], [130.9377445, 32.5486958], [130.9381002, 32.548717], [130.9384152, 32.5487207], [130.9386377, 32.5486246], [130.9387863, 32.5484953], [130.9388873, 32.5482845], [130.938974, 32.5478093], [130.9390418, 32.5475812], [130.9391875, 32.5472977], [130.93933, 32.5470648], [130.9394444, 32.5469346], [130.9398436, 32.5464334], [130.9404162, 32.5457896], [130.9405172, 32.5457411], [130.941034, 32.545446], [130.9415898, 32.5450791], [130.9418637, 32.5447068], [130.9419703, 32.5444716], [130.9420445, 32.544227], [130.942084, 32.544095], [130.9420337, 32.5438491], [130.9415466, 32.542715], [130.9415071, 32.5424309], [130.9415741, 32.542174], [130.9416982, 32.5419736], [130.941832, 32.54168], [130.9417754, 32.5410341], [130.9416015, 32.5406819], [130.9412437, 32.5403512], [130.9406073, 32.5398508], [130.9403305, 32.5394879], [130.9403011, 32.5392985], [130.9404332, 32.5390284], [130.9407815, 32.5386191], [130.9408245, 32.5383958], [130.9405426, 32.5379941], [130.9401397, 32.537664], [130.9399878, 32.537308], [130.9398222, 32.5368367], [130.9402007, 32.536564], [130.9402452, 32.5363079], [130.9401564, 32.5361221], [130.9395647, 32.5355167], [130.9396076, 32.5348971], [130.939747, 32.5342911], [130.9399777, 32.5338886], [130.9401387, 32.5336625], [130.9404552, 32.5334725], [130.9411042, 32.5332916], [130.9417104, 32.5329298], [130.9418767, 32.532464], [130.9417587, 32.5318941], [130.9416216, 32.5313184], [130.9409599, 32.5304258], [130.9413135, 32.5300081], [130.9413765, 32.52957], [130.9416399, 32.5292822], [130.9418829, 32.5288055], [130.9423544, 32.5285347], [130.942496, 32.5282112], [130.9427914, 32.5279887], [130.9430998, 32.5279932], [130.9433566, 32.5282208], [130.9436731, 32.5282791], [130.9438562, 32.5283777], [130.9439018, 32.528882], [130.9441566, 32.5291285], [130.9446421, 32.5292415], [130.9447547, 32.5297096], [130.9446716, 32.5300737], [130.9447656, 32.5303526], [130.9449508, 32.5306333], [130.9453594, 32.5309038], [130.9459668, 32.5311284], [130.9462943, 32.5314373], [130.9466562, 32.5316983], [130.9468804, 32.5318614], [130.9470668, 32.5321056], [130.9471779, 32.5322455], [130.947276, 32.5323193], [130.9474865, 32.5322469], [130.9475144, 32.5321827], [130.9475094, 32.5319969], [130.9474705, 32.5318002], [130.9474045, 32.5316599], [130.9470615, 32.5314056], [130.9467289, 32.5311568], [130.9466431, 32.5310573], [130.9464955, 32.5309601], [130.9453593, 32.5302918], [130.9453314, 32.5301574], [130.9454357, 32.5300068], [130.9457201, 32.5297413], [130.9459832, 32.5294677], [130.9461844, 32.5291895], [130.9462259, 32.5288606], [130.9458906, 32.5284999], [130.9454655, 32.5283754], [130.9453875, 32.5282022], [130.9454135, 32.5277938], [130.9452831, 32.5275613], [130.9450575, 32.5273106], [130.9447013, 32.5271681], [130.9439957, 32.5269145], [130.9435376, 32.5267668], [130.9434446, 32.5267013], [130.9434305, 32.5266985], [130.9433829, 32.5266266], [130.9433519, 32.5264261], [130.9434151, 32.5259957], [130.9434968, 32.5255804], [130.943517, 32.5254529], [130.9435009, 32.5254213], [130.9434795, 32.5253692], [130.9433851, 32.5253082], [130.9430989, 32.5251793], [130.9430396, 32.5251295], [130.9430208, 32.5250888], [130.9430139, 32.5250351], [130.9430262, 32.5249825], [130.943073, 32.5248814], [130.9434297, 32.5242052], [130.9435504, 32.5238501], [130.943762, 32.5232404], [130.9437665, 32.523058], [130.9437289, 32.5229403], [130.9437301, 32.5228551], [130.9437531, 32.5228047], [130.943805, 32.5227451], [130.944038, 32.5226498], [130.9446297, 32.5224832], [130.9450217, 32.522228], [130.945223, 32.5220474], [130.9453091, 32.5218343], [130.9453704, 32.5215676], [130.9454428, 32.5214409], [130.9455206, 32.521355], [130.945703, 32.5212261], [130.9457996, 32.5211243], [130.9458505, 32.5210361], [130.9458961, 32.5208529], [130.9459525, 32.5206652], [130.9460142, 32.5205363], [130.9461273, 32.5204247], [130.946277, 32.520292], [130.9463602, 32.5202061], [130.9464406, 32.5201133], [130.9464782, 32.5200229], [130.9465184, 32.5198781], [130.9465399, 32.5197424], [130.9465211, 32.5196384], [130.9464862, 32.5195004], [130.9463226, 32.5192675], [130.9460771, 32.5190126], [130.9459564, 32.5188633], [130.9457123, 32.5186009], [130.9455058, 32.5183476], [130.945248, 32.518154], [130.944921, 32.5179858], [130.9445184, 32.517756], [130.9440437, 32.5174529], [130.9439125, 32.5172959], [130.9435743, 32.5162128], [130.9432205, 32.5158621], [130.9425768, 32.5156562], [130.9421147, 32.5154226], [130.9417296, 32.5154199], [130.9410236, 32.5156428], [130.9404326, 32.5159386], [130.9399308, 32.516047], [130.9394904, 32.5160169], [130.9390663, 32.5158848], [130.9388453, 32.5157523], [130.9387319, 32.5156261], [130.938763, 32.5153771], [130.9386711, 32.5148925], [130.938534, 32.514612], [130.9383876, 32.5145081], [130.93813, 32.5144049], [130.9373095, 32.5142256], [130.9369556, 32.5141737], [130.9363458, 32.5140412], [130.9357557, 32.5137879], [130.9350681, 32.5134387], [130.9342483, 32.5128017], [130.9337599, 32.5125577], [130.9333275, 32.512463], [130.9328593, 32.512511], [130.9321694, 32.5127497], [130.9317331, 32.512792], [130.9310213, 32.5127291], [130.9307132, 32.5126117], [130.929761, 32.5121876], [130.9294083, 32.5121005], [130.9290663, 32.5120689], [130.9282161, 32.5121786], [130.9271164, 32.5119886], [130.9268377, 32.511899], [130.9263615, 32.5116296], [130.9252549, 32.5110205], [130.9249491, 32.5107355], [130.9245597, 32.5102034], [130.9241874, 32.5098353], [130.9240154, 32.5096514], [130.9238011, 32.5095412], [130.9236046, 32.5094922], [130.9233854, 32.5094813], [130.9228248, 32.509487], [130.9223688, 32.5093784], [130.9220631, 32.5091974], [130.9218758, 32.5090407], [130.9218026, 32.5089794], [130.9211726, 32.50846], [130.9210872, 32.5083653], [130.9177448, 32.5055337], [130.9159223, 32.5039256], [130.9157073, 32.5034565], [130.9156735, 32.5030287], [130.9156824, 32.50246], [130.9155697, 32.5021886], [130.9153146, 32.5017418], [130.9152449, 32.5015247], [130.9152408, 32.5013087], [130.9152908, 32.5010983], [130.9154624, 32.5003744], [130.9155882, 32.4999683], [130.9158487, 32.4995962], [130.9159208, 32.4992761], [130.91581, 32.4990628], [130.9155673, 32.4988532], [130.9152472, 32.498622], [130.9149227, 32.4983746], [130.914746, 32.49824], [130.9138933, 32.4980323], [130.9128148, 32.4980907], [130.9122772, 32.4980278], [130.9121111, 32.4979977], [130.9119998, 32.4978416], [130.9122206, 32.4975606], [130.9124773, 32.4973281], [130.9123434, 32.4971969], [130.9121181, 32.4972564], [130.9117391, 32.4972982], [130.9113429, 32.4974509], [130.9108341, 32.4976753], [130.9102977, 32.4978068], [130.9099216, 32.4975923], [130.9092605, 32.4969026], [130.9075052, 32.4960115], [130.9070839, 32.4960841], [130.9069502, 32.4960858], [130.9068343, 32.4959827], [130.9068315, 32.4958432], [130.9066837, 32.4950896], [130.9066587, 32.4945059], [130.9065747, 32.4939875], [130.906332, 32.4936543], [130.9063288, 32.4935556], [130.9063883, 32.4933842], [130.9063847, 32.493215], [130.9063549, 32.4930459], [130.9063191, 32.4928582], [130.9063334, 32.4927223], [130.9063964, 32.492676], [130.9065452, 32.4926232], [130.9067225, 32.4925975], [130.9068398, 32.492632], [130.9069576, 32.4926581], [130.9070472, 32.4926374], [130.9071091, 32.4925593], [130.9071134, 32.4924741], [130.9070939, 32.4922982], [130.9070317, 32.492168], [130.9069087, 32.4919484], [130.906982, 32.491744], [130.9070913, 32.491575], [130.907094, 32.491361], [130.9070723, 32.4911973], [130.9069275, 32.4910616], [130.9067871, 32.4909763], [130.9066315, 32.4909307], [130.9065166, 32.4909093], [130.9064211, 32.4908681], [130.9063577, 32.4908254], [130.90629, 32.4907116], [130.9062512, 32.4906111], [130.906245, 32.4905097], [130.9062396, 32.4902202], [130.9059258, 32.4896523], [130.9057861, 32.4894473], [130.9056011, 32.4892316], [130.9053613, 32.4890335], [130.9050073, 32.4889092], [130.9043688, 32.4888525], [130.9040479, 32.4889319], [130.9039141, 32.4891173], [130.9038975, 32.4892553], [130.9039396, 32.4894204], [130.9040154, 32.489605], [130.9040976, 32.4897982], [130.9040796, 32.4899119], [130.9040281, 32.4899772], [130.9039421, 32.4900867], [130.9038174, 32.4901595], [130.903647, 32.4902043], [130.9033686, 32.4901604], [130.9030817, 32.4902136], [130.9026903, 32.4905265], [130.9019765, 32.4907695], [130.9018043, 32.4907995], [130.901662, 32.4907482], [130.9015447, 32.4904113], [130.9009273, 32.4899555], [130.9005547, 32.4895652], [130.9005167, 32.4894808], [130.9005178, 32.489357], [130.9005641, 32.4892533], [130.9006736, 32.4891107], [130.9009434, 32.4888786], [130.9009786, 32.4887094], [130.9009165, 32.4885844], [130.9007121, 32.4884521], [130.9004015, 32.4883853], [130.8995584, 32.4881861], [130.8993314, 32.488091], [130.8991808, 32.4879668], [130.899017, 32.4878317], [130.8987735, 32.4875887], [130.898661, 32.487444], [130.8986607, 32.4873509], [130.8986742, 32.48715], [130.89874, 32.4868801], [130.8987045, 32.4867316], [130.898465, 32.4864758], [130.8979239, 32.4861652], [130.897905, 32.4859944], [130.8981044, 32.4857977], [130.8981444, 32.4856496], [130.8978653, 32.4856131], [130.8974852, 32.4856278], [130.8968871, 32.4855588], [130.8956672, 32.4855632], [130.8951731, 32.4855227], [130.8949038, 32.485449], [130.8940286, 32.4847563], [130.8932883, 32.483883], [130.8930621, 32.4837022], [130.8929641, 32.4836239], [130.8926591, 32.4837349], [130.8918684, 32.4836783], [130.8913976, 32.4837446], [130.8902079, 32.4837395], [130.8894984, 32.4835539], [130.8892421, 32.4833665], [130.8889542, 32.4831261], [130.8886181, 32.4826854], [130.8885678, 32.482487], [130.8886355, 32.4816694], [130.8887516, 32.4813246], [130.888592, 32.4808613], [130.8884955, 32.4805332], [130.888518, 32.4805116], [130.8888816, 32.4801736], [130.8889117, 32.4800893], [130.8888976, 32.4800491], [130.8887622, 32.4798229], [130.8885825, 32.4796147], [130.8883169, 32.4794065], [130.8880474, 32.4792343], [130.8879247, 32.4790941], [130.8878288, 32.4789449], [130.8877188, 32.4787345], [130.8876316, 32.4785487], [130.8874466, 32.4783068], [130.8871749, 32.4781048], [130.8870997, 32.47809], [130.886892, 32.4780292], [130.8866895, 32.4780153], [130.8865189, 32.4780332], [130.8863701, 32.478063], [130.8849346, 32.4784892], [130.8829235, 32.4790806], [130.8824729, 32.4791937], [130.8820974, 32.4792412], [130.8816817, 32.4792231], [130.8812954, 32.4791462], [130.8810058, 32.4790398], [130.8807402, 32.4789041], [130.8800536, 32.4784334], [130.8798202, 32.478266], [130.8796325, 32.4781189], [130.8794608, 32.477913], [130.8793026, 32.4776324], [130.879147, 32.4774311], [130.8789604, 32.4772727], [130.8788977, 32.4772582], [130.8787971, 32.4772053], [130.878606, 32.477033], [130.8783176, 32.4767998], [130.8782605, 32.4766637], [130.8782852, 32.4764856], [130.8784251, 32.4762387], [130.8786006, 32.4759968], [130.8787692, 32.4758825], [130.8788701, 32.4758179], [130.8789468, 32.4757405], [130.8789633, 32.4756353], [130.8789405, 32.4754679], [130.8788537, 32.4753685], [130.8786242, 32.4750912], [130.878379, 32.474771], [130.8781713, 32.474335], [130.8779121, 32.4738497], [130.8776978, 32.4735775], [130.877593, 32.473411], [130.8773052, 32.4731499], [130.8768318, 32.4729297], [130.876224, 32.4726233], [130.8757989, 32.4723272], [130.8757017, 32.4722346], [130.875533, 32.472112], [130.875482, 32.471895], [130.8755336, 32.4716414], [130.875525, 32.471392], [130.8754974, 32.4711135], [130.875255, 32.4705291], [130.8752077, 32.4702025], [130.8752153, 32.4700481], [130.8752511, 32.4698343], [130.8753311, 32.4695333], [130.8753756, 32.4692914], [130.875267, 32.4689807], [130.8750993, 32.4687913], [130.874863, 32.4686637], [130.8745768, 32.4684718], [130.8742483, 32.468296], [130.8740667, 32.4681355], [130.8738652, 32.4678834], [130.8737292, 32.4675189], [130.8735695, 32.467258], [130.8732786, 32.4668974], [130.8731255, 32.4667244], [130.8726765, 32.4661208], [130.8721909, 32.46542], [130.872023, 32.4652459], [130.8718759, 32.4651436], [130.8716291, 32.4650698], [130.8710551, 32.4649694], [130.8707726, 32.4649326], [130.8704538, 32.4648253], [130.870174, 32.464655], [130.8698032, 32.4645025], [130.869515, 32.464374], [130.869289, 32.46425], [130.868971, 32.463991], [130.868667, 32.46372], [130.8685596, 32.4636632], [130.868391, 32.463579], [130.868093, 32.4635], [130.8678273, 32.4634002], [130.8676203, 32.4632132], [130.8674207, 32.4629644], [130.8671725, 32.4626702], [130.867082, 32.462497], [130.8670039, 32.4622414], [130.866783, 32.461927], [130.866532, 32.461612], [130.866357, 32.461439], [130.8662502, 32.4613033], [130.8660539, 32.4611421], [130.865807, 32.461025], [130.8651998, 32.4607281], [130.8646095, 32.4604547], [130.864379, 32.4604], [130.8639187, 32.4602204], [130.8634685, 32.4600267], [130.8631007, 32.4598605], [130.862718, 32.459577], [130.8623085, 32.459185], [130.8620785, 32.4588746], [130.8617615, 32.4583959], [130.861706, 32.4582674]], [[130.8564428, 32.4413699], [130.8563388, 32.4413766], [130.8562016, 32.4415647], [130.8561443, 32.4419689], [130.8560606, 32.4421077], [130.855968, 32.442262], [130.855928, 32.442521], [130.855928, 32.443096], [130.855895, 32.443226], [130.8558427, 32.4433665], [130.8556473, 32.4434975], [130.8553788, 32.4437242], [130.8552864, 32.4439227], [130.8552423, 32.4444728], [130.8552635, 32.4447639], [130.8552117, 32.445095], [130.8551744, 32.4453705], [130.855118, 32.445661], [130.854971, 32.446016], [130.854878, 32.446365], [130.8548491, 32.4465763], [130.854938, 32.446912], [130.8550103, 32.4470897], [130.8550791, 32.4471969], [130.85525, 32.447369], [130.855455, 32.4475406], [130.855576, 32.44769], [130.8556354, 32.4478429], [130.855671, 32.448078], [130.8557904, 32.4482342], [130.8558989, 32.4483118], [130.8560683, 32.4483779], [130.8562012, 32.4484393], [130.856353, 32.448524], [130.8565607, 32.4489556], [130.8566416, 32.4491015], [130.8567466, 32.4491883], [130.8568197, 32.4492243], [130.8569258, 32.4492777], [130.857003, 32.4493074], [130.8572154, 32.4493323], [130.8573758, 32.4493053], [130.8574824, 32.449292], [130.8575767, 32.4493228], [130.8577945, 32.4495176], [130.8580142, 32.4496944], [130.8581856, 32.4498404], [130.858292, 32.449894], [130.8584906, 32.4499472], [130.8586153, 32.4501019], [130.8586086, 32.4502369], [130.8585281, 32.450411], [130.8584751, 32.4505293], [130.8583527, 32.4507844], [130.8582151, 32.4508922], [130.8581252, 32.4510221], [130.858041, 32.451274], [130.857988, 32.451444], [130.857948, 32.451511], [130.857795, 32.451641], [130.857536, 32.451804], [130.857436, 32.451883], [130.8571279, 32.4520808], [130.8570432, 32.4523201], [130.857036, 32.4524841], [130.8571098, 32.4527263], [130.8572435, 32.4528887], [130.8573707, 32.4530108], [130.8574705, 32.453094], [130.8575603, 32.4532474], [130.8576136, 32.4534401], [130.857801, 32.45443], [130.8578087, 32.4546817], [130.8574828, 32.4551146], [130.8574476, 32.4553421], [130.8574527, 32.4555129], [130.8575167, 32.4556897], [130.8576201, 32.455864], [130.8577599, 32.4560363], [130.857941, 32.456177], [130.858034, 32.45624], [130.85816, 32.456296], [130.858758, 32.456482], [130.859137, 32.456624], [130.859714, 32.456786], [130.8599949, 32.4568454], [130.860511, 32.457017], [130.86065, 32.457076], [130.86087, 32.457186], [130.8610387, 32.4573066], [130.8612456, 32.4574387], [130.8613388, 32.4575301], [130.8614303, 32.4576267], [130.8615153, 32.4578337], [130.8615853, 32.4580469], [130.861706, 32.4582674]], [[130.8564428, 32.4413699], [130.8570233, 32.4412835], [130.8571735, 32.4412553], [130.8572624, 32.4412184], [130.8572665, 32.4411387], [130.8572802, 32.4410341], [130.8572705, 32.4405819], [130.857213, 32.4401921], [130.8571663, 32.4400488], [130.857047, 32.4397413], [130.856972, 32.439365], [130.856841, 32.438782], [130.8568452, 32.4383699], [130.8568225, 32.438059], [130.8568214, 32.4376738], [130.856815, 32.437412], [130.8568867, 32.4371247], [130.8569616, 32.4369748], [130.8571025, 32.4368151], [130.8572974, 32.4365933], [130.8575817, 32.436375], [130.8579018, 32.436171], [130.858878, 32.4355299], [130.8593864, 32.435194], [130.859676, 32.4349887], [130.8598392, 32.4348656], [130.8600024, 32.4347425], [130.860161, 32.43458], [130.860281, 32.434416], [130.860534, 32.433943], [130.8607437, 32.4335977], [130.8608618, 32.4333755], [130.860893, 32.433092], [130.860885, 32.4329], [130.8608799, 32.4326923], [130.860846, 32.432539], [130.860759, 32.432337], [130.86068, 32.432229], [130.860567, 32.432122], [130.860214, 32.431908], [130.8600438, 32.4318046], [130.859862, 32.431564], [130.859749, 32.431384], [130.859617, 32.43104], [130.859531, 32.430851], [130.8593168, 32.4306852], [130.858785, 32.430381], [130.8586705, 32.4302807], [130.8585953, 32.4301647], [130.8585303, 32.4300245], [130.858313, 32.429473], [130.8582781, 32.429207], [130.858304, 32.4290307], [130.8583582, 32.4288736], [130.8583976, 32.4287383], [130.8583968, 32.4286235], [130.8583426, 32.4283988], [130.8582229, 32.4280332], [130.858105, 32.427653], [130.8579899, 32.4273827], [130.857858, 32.427251], [130.8577536, 32.427197], [130.8575369, 32.4271352], [130.8573109, 32.4269785], [130.857177, 32.426788], [130.857075, 32.426626], [130.8569432, 32.4263613], [130.8569364, 32.4260531], [130.856947, 32.425634], [130.856888, 32.425183], [130.856852, 32.425014], [130.8567816, 32.4248421], [130.856727, 32.424689], [130.856629, 32.424551], [130.856489, 32.424414], [130.856274, 32.424284], [130.8555511, 32.4240641], [130.8552325, 32.4238481], [130.8550268, 32.4236546], [130.8549479, 32.4235245], [130.8548684, 32.4233738], [130.85487, 32.42323], [130.854883, 32.423133], [130.8550379, 32.4226795], [130.8551951, 32.4222931], [130.855317, 32.422073], [130.855365, 32.421922], [130.855398, 32.421701], [130.85539, 32.421492], [130.8552783, 32.4212011], [130.8551788, 32.4210256], [130.8551299, 32.4209242], [130.8549753, 32.4207241], [130.854843, 32.4205676], [130.854513, 32.420258], [130.8544176, 32.4201844], [130.8542776, 32.4200416], [130.8541802, 32.4198586], [130.8540523, 32.4196654], [130.8537153, 32.4194018], [130.85338, 32.4191743], [130.8529135, 32.4187196], [130.8528354, 32.4186796], [130.852698, 32.418582], [130.852584, 32.418415], [130.852538, 32.418358], [130.8523872, 32.4182494], [130.852121, 32.418099], [130.851676, 32.417908], [130.851331, 32.417834], [130.850826, 32.417597], [130.850634, 32.417552], [130.850461, 32.417558], [130.850202, 32.417643], [130.850043, 32.417643], [130.849883, 32.417614], [130.8492081, 32.4176491], [130.848645, 32.4177411], [130.8484169, 32.4177619], [130.848167, 32.4177543], [130.8479957, 32.4177264], [130.8478493, 32.4176824], [130.8478336, 32.4177352], [130.8477531, 32.4180001], [130.8477232, 32.4180898], [130.8476834, 32.4181744], [130.8476347, 32.4182392], [130.8475547, 32.4182809], [130.8474582, 32.4183058], [130.8473614, 32.418305], [130.8472699, 32.4182958], [130.8468059, 32.4182347], [130.8466695, 32.4182061], [130.8465109, 32.4181554], [130.8463446, 32.4180739], [130.8461971, 32.4179811], [130.8459453, 32.4178122], [130.8457734, 32.4176913], [130.8456315, 32.4175563], [130.8455211, 32.4174377], [130.8454079, 32.417349], [130.8453075, 32.4172019], [130.8439393, 32.4144002], [130.8435414, 32.4136403], [130.8432656, 32.4133193], [130.8429339, 32.4131044], [130.8427481, 32.4129524], [130.8425993, 32.4127028], [130.8425221, 32.4125109], [130.8423759, 32.4123536], [130.8422436, 32.4122434], [130.842051, 32.4121392], [130.8417769, 32.4120713], [130.8414872, 32.4120079], [130.8412059, 32.4119137], [130.8409722, 32.4118222], [130.8403911, 32.4117193], [130.840302, 32.4115839], [130.8400474, 32.4106644], [130.8399893, 32.410565], [130.8398733, 32.4104978], [130.8395571, 32.4103866], [130.8390279, 32.4103014], [130.838463, 32.41022], [130.837923, 32.41022], [130.8369932, 32.410349], [130.8357131, 32.4106301], [130.8341883, 32.4107868], [130.8334011, 32.4108724], [130.8327697, 32.4109048], [130.8322102, 32.410859], [130.831709, 32.410832], [130.831176, 32.410657], [130.830783, 32.410442], [130.8301852, 32.4101214], [130.8299078, 32.4097538], [130.829672, 32.4091285], [130.8294891, 32.4087151], [130.8293233, 32.4084119], [130.829109, 32.408015], [130.828571, 32.407447], [130.8276244, 32.4066829], [130.8273047, 32.4064365], [130.826941, 32.4060471], [130.8265966, 32.4055516], [130.8264638, 32.4052117], [130.8262198, 32.4047281], [130.8258332, 32.4042176], [130.8256855, 32.4039654], [130.8256755, 32.4036322], [130.8257281, 32.4033188], [130.8258467, 32.4029255], [130.8258669, 32.4028633], [130.82603, 32.4021621], [130.826104, 32.4019017], [130.8261546, 32.4016625], [130.8262466, 32.4012924], [130.826337, 32.4008876], [130.8263914, 32.4005044], [130.8264584, 32.4000559], [130.8264772, 32.3995713], [130.8265039, 32.3990573], [130.8265253, 32.3987517], [130.826564, 32.3981813], [130.8266269, 32.3968715], [130.8266475, 32.3965847], [130.8266642, 32.3963965], [130.8267165, 32.3958899], [130.8268144, 32.3953152], [130.8269383, 32.3946693], [130.8269885, 32.3943497], [130.8270244, 32.3941948], [130.8271041, 32.393911], [130.8272122, 32.3936739], [130.8273495, 32.3934137], [130.827603, 32.393058], [130.82812, 32.392369], [130.828628, 32.391771], [130.829104, 32.391225], [130.829572, 32.390778], [130.829875, 32.39054], [130.830164, 32.390347], [130.830543, 32.390164], [130.830751, 32.390079], [130.831383, 32.389912], [130.8319, 32.389795], [130.832452, 32.389649], [130.832898, 32.389511], [130.833335, 32.38936], [130.833667, 32.389178], [130.833961, 32.388961], [130.834296, 32.388706], [130.83459, 32.388426], [130.83479, 32.388204], [130.834888, 32.388057], [130.834959, 32.387866], [130.835031, 32.387497], [130.835046, 32.387425], [130.835089, 32.387214], [130.835106, 32.386979], [130.835135, 32.386698], [130.835139, 32.386428], [130.835113, 32.386095], [130.8351136, 32.3856631], [130.8350763, 32.3853263], [130.8350194, 32.3850624], [130.8349888, 32.3849503], [130.8349293, 32.3847997], [130.8348641, 32.384481], [130.8347877, 32.3841929], [130.834782, 32.3838903], [130.8347796, 32.3835596], [130.8348137, 32.3832914], [130.8348872, 32.3830708], [130.8350272, 32.3827992], [130.8351567, 32.3825854], [130.835397, 32.382257], [130.83583, 32.381719], [130.836157, 32.381341], [130.836672, 32.380738], [130.836969, 32.380348], [130.837364, 32.379742], [130.83742, 32.379655], [130.837811, 32.379044], [130.837959, 32.378822], [130.837989, 32.378755], [130.838024, 32.378583], [130.838024, 32.3784], [130.838021, 32.37829], [130.837961, 32.377637], [130.837948, 32.376953], [130.837988, 32.376615], [130.838013, 32.37651], [130.838215, 32.376217], [130.838964, 32.375341], [130.839109, 32.375141], [130.839181, 32.375008], [130.839218, 32.374871], [130.839221, 32.374786], [130.839198, 32.374497], [130.839193, 32.374412], [130.839138, 32.373592], [130.839131, 32.37348], [130.83908, 32.37308], [130.838989, 32.372766], [130.838902, 32.372542], [130.838826, 32.372436], [130.838564, 32.3723], [130.838152, 32.37212], [130.837713, 32.371974], [130.837321, 32.371742], [130.837088, 32.371564], [130.836936, 32.371408], [130.8365459, 32.3710281], [130.836324, 32.3708009], [130.8361336, 32.3705756], [130.8360248, 32.3703397], [130.8359762, 32.370196], [130.8359795, 32.3700014], [130.8360627, 32.3697547], [130.8362192, 32.369505], [130.8363668, 32.3692974], [130.8364443, 32.3690864], [130.8364641, 32.3688433], [130.8364354, 32.3685361], [130.836415, 32.3683564], [130.8363479, 32.3681661], [130.8362245, 32.3679576], [130.8360958, 32.3678285], [130.8359858, 32.3677152], [130.8359188, 32.3675929], [130.8358874, 32.3674478], [130.8359134, 32.3672712], [130.8359751, 32.3671013], [130.8360421, 32.3669223], [130.8360617, 32.3667704], [130.8360582, 32.366578], [130.8359705, 32.3664147], [130.8358249, 32.3662223], [130.8356943, 32.3660568], [130.8356371, 32.3659096], [130.8356192, 32.3657555], [130.8356594, 32.3656059], [130.8357452, 32.3654881], [130.8359134, 32.3653342], [130.836346, 32.3650192], [130.8365257, 32.3648991], [130.8367717, 32.3647248], [130.8370292, 32.3645209], [130.8372626, 32.3643124], [130.8374484, 32.364122], [130.8376308, 32.3639068], [130.8377918, 32.3637437], [130.8379795, 32.3635919], [130.8381834, 32.3634695], [130.838327, 32.363394], [130.8385039, 32.3633295], [130.8391885, 32.3631423], [130.8396441, 32.3629577], [130.8399839, 32.362844], [130.840796, 32.362549], [130.840882, 32.362532], [130.841168, 32.36248], [130.842489, 32.362475], [130.842715, 32.362459], [130.842974, 32.362419], [130.843333, 32.36234], [130.843691, 32.362232], [130.84391, 32.362149], [130.844116, 32.36204], [130.844428, 32.361843], [130.84464, 32.361675], [130.845039, 32.361297], [130.8455137, 32.3608023], [130.8462272, 32.3599654], [130.8463742, 32.3598317], [130.8466315, 32.3595228], [130.8470285, 32.359183], [130.8474308, 32.3590017], [130.848155, 32.358825], [130.8485573, 32.3586619], [130.848883, 32.3584624], [130.8491954, 32.3581638], [130.8493977, 32.3578298], [130.8495286, 32.3573944], [130.8495271, 32.3570482], [130.8494592, 32.3566793], [130.8493173, 32.3563832], [130.8490937, 32.3561], [130.8488652, 32.3559136], [130.8485466, 32.3557147], [130.8480149, 32.3554698], [130.8476694, 32.3552583], [130.847377, 32.3549514], [130.8471706, 32.3546318], [130.8469869, 32.3541655], [130.8469387, 32.3540699], [130.846661, 32.3534665], [130.8465726, 32.3531692], [130.8465194, 32.3530267], [130.8465013, 32.3527853], [130.846493, 32.352628], [130.846566, 32.352178], [130.846599, 32.351885], [130.846599, 32.351462], [130.846572, 32.351265], [130.846526, 32.351057], [130.846433, 32.350572], [130.846366, 32.350116], [130.846312, 32.349834], [130.846247, 32.349423], [130.846247, 32.349157], [130.846273, 32.349051], [130.846334, 32.348886], [130.846731, 32.348216], [130.846851, 32.348053], [130.846964, 32.347957], [130.847137, 32.347867], [130.847396, 32.347799], [130.847807, 32.34776], [130.848013, 32.347721], [130.848172, 32.347675], [130.8482996, 32.3475708], [130.8484353, 32.3474724], [130.8486071, 32.3473103], [130.848746, 32.347142], [130.8488411, 32.3469417], [130.8488693, 32.3467441], [130.8488867, 32.3465659], [130.8488953, 32.3464581], [130.8489229, 32.3463333], [130.848957, 32.3462179], [130.8490026, 32.3461272], [130.849083, 32.3460207], [130.8491791, 32.3459079], [130.8495341, 32.3455642], [130.849749, 32.3453725], [130.8499414, 32.3452027], [130.8500379, 32.3451075], [130.8500916, 32.3450282], [130.8501318, 32.344924], [130.8501586, 32.3448039], [130.850164, 32.3446883], [130.8501299, 32.3445522], [130.8500781, 32.3444322], [130.8499789, 32.3443076], [130.8498153, 32.3442101], [130.8496141, 32.3441286], [130.8494272, 32.3440582], [130.8492957, 32.3439744], [130.8491777, 32.343886], [130.849067, 32.3437637], [130.8489283, 32.3435891], [130.8488095, 32.3434238], [130.8486807, 32.3432448], [130.8485788, 32.3430635], [130.8484633, 32.3428156], [130.8477514, 32.3412485], [130.8477271, 32.3411727], [130.847575, 32.340985], [130.847422, 32.340889], [130.847276, 32.340844], [130.847097, 32.340833], [130.846891, 32.340867], [130.846672, 32.340929], [130.84632, 32.341041], [130.8461423, 32.3411039], [130.8458716, 32.3411084], [130.8456485, 32.3410545], [130.845318, 32.340918], [130.844773, 32.340686], [130.844368, 32.340478], [130.8441717, 32.3403851], [130.8439678, 32.3402711], [130.8438235, 32.3401208], [130.8437642, 32.3399427], [130.8437685, 32.3397646], [130.843817, 32.339548], [130.843884, 32.339215], [130.8438896, 32.3390451], [130.8439042, 32.3389354], [130.8439195, 32.3388169], [130.8439435, 32.3384025], [130.843974, 32.3378797], [130.8439675, 32.33756], [130.8439522, 32.3371316], [130.8439105, 32.3366327], [130.843769, 32.3360717], [130.8437534, 32.3359367], [130.843665, 32.3357294], [130.8435235, 32.3354843], [130.8433563, 32.3352139], [130.8431366, 32.3350121], [130.8429357, 32.3347831], [130.8427498, 32.3343052], [130.8424671, 32.3334083], [130.8423928, 32.3331827], [130.842268, 32.3329198], [130.8420849, 32.3326809], [130.8418379, 32.3324219], [130.841481, 32.332203], [130.841117, 32.331966], [130.84036, 32.331487], [130.8401795, 32.3314079], [130.8400579, 32.3312574], [130.8399721, 32.3310571], [130.8399826, 32.330745], [130.8400837, 32.330551], [130.840191, 32.3303094], [130.8402999, 32.3301285], [130.840778, 32.329425], [130.84162, 32.328117], [130.841833, 32.327723], [130.841886, 32.327566], [130.841932, 32.327318], [130.8419717, 32.3271976], [130.8419675, 32.3266194], [130.8419433, 32.3260981], [130.8419434, 32.3259076], [130.8418843, 32.3257082], [130.8417953, 32.3254399], [130.8415463, 32.3250617], [130.841461, 32.324932], [130.841156, 32.324217], [130.841031, 32.323968], [130.840845, 32.32367], [130.84064, 32.323439], [130.840235, 32.323095], [130.84001, 32.322886], [130.839864, 32.322712], [130.839751, 32.322525], [130.839684, 32.322334], [130.839684, 32.322159], [130.839711, 32.322086], [130.839718, 32.322064], [130.839778, 32.321985], [130.83993, 32.321844], [130.840195, 32.321659], [130.840295, 32.321557], [130.840319, 32.321524], [130.84036, 32.321469], [130.840474, 32.321315], [130.840653, 32.321101], [130.840918, 32.320853], [130.841243, 32.32061], [130.841376, 32.320469], [130.841509, 32.320273], [130.841814, 32.319737], [130.84198, 32.319534], [130.842198, 32.319331], [130.84247, 32.319111], [130.842834, 32.318874], [130.843113, 32.318722], [130.843213, 32.318638], [130.843292, 32.318525], [130.843372, 32.318339], [130.843525, 32.317821], [130.84365, 32.31746], [130.84379, 32.317105], [130.843889, 32.316919], [130.843989, 32.3168], [130.844287, 32.316502], [130.845786, 32.315176], [130.84645, 32.314669], [130.846833, 32.314385], [130.846981, 32.314275], [130.847074, 32.314196], [130.847193, 32.314067], [130.847286, 32.313909], [130.847339, 32.313763], [130.847373, 32.313425], [130.847407, 32.313245], [130.847412, 32.313216], [130.847472, 32.313052], [130.8476025, 32.3127834], [130.8476475, 32.3125889], [130.8476743, 32.312393], [130.8477081, 32.3122142], [130.8477481, 32.3120051], [130.847756, 32.311751], [130.847719, 32.311417], [130.847744, 32.311069], [130.847756, 32.310854], [130.847724, 32.310528], [130.847698, 32.310364], [130.847684, 32.310161], [130.847684, 32.309609], [130.847731, 32.309237], [130.847764, 32.308989], [130.847764, 32.308961], [130.847804, 32.30869], [130.847836, 32.308251], [130.847836, 32.307574], [130.847796, 32.307118], [130.84771, 32.306593], [130.84763, 32.306125], [130.847492, 32.30542], [130.8473023, 32.3045406], [130.8471834, 32.3041733], [130.8471288, 32.3039711], [130.8470181, 32.3037049], [130.8469308, 32.3035166], [130.8468765, 32.3033702], [130.8468183, 32.3032495], [130.846735, 32.30311], [130.846668, 32.303071], [130.846516, 32.302992], [130.84639, 32.302969], [130.846105, 32.302896], [130.84586, 32.302851], [130.845303, 32.302771], [130.845151, 32.302743], [130.844839, 32.302715], [130.8446347, 32.3026991], [130.844527, 32.3026827], [130.8444399, 32.3026253], [130.8443818, 32.302532], [130.8443553, 32.302456], [130.8443635, 32.302374], [130.8443668, 32.302328], [130.8444208, 32.302262], [130.8445105, 32.3022046], [130.845038, 32.302045], [130.845343, 32.301949], [130.845555, 32.301853], [130.845801, 32.301724], [130.8459596, 32.3015157], [130.8460412, 32.3013677], [130.8460851, 32.3012231], [130.8461097, 32.3011376], [130.8462017, 32.3008226], [130.8462488, 32.3006005], [130.8463968, 32.3002516], [130.8465191, 32.3000224], [130.846579, 32.299889], [130.846557, 32.299768], [130.846524, 32.299683], [130.846384, 32.299464], [130.846159, 32.299035], [130.846033, 32.298748], [130.845999, 32.298466], [130.845999, 32.297874], [130.8460106, 32.297535], [130.8460492, 32.2973226], [130.8461326, 32.2971086], [130.8461809, 32.2969065], [130.8463096, 32.2966605], [130.8463603, 32.2964946], [130.8463834, 32.2962742], [130.846392, 32.2960983], [130.846285, 32.295851], [130.846238, 32.295631], [130.846159, 32.295191], [130.846112, 32.295062], [130.845871, 32.29463], [130.845788, 32.294497], [130.845496, 32.294046], [130.845204, 32.293765], [130.844832, 32.293444], [130.844567, 32.29324], [130.844169, 32.293003], [130.84401, 32.292942], [130.843864, 32.292896], [130.843486, 32.292778], [130.843419, 32.292767], [130.84336, 32.292744], [130.843293, 32.292727], [130.843227, 32.292693], [130.843088, 32.292637], [130.842948, 32.292558], [130.842823, 32.292473], [130.842736, 32.292417], [130.842604, 32.292338], [130.842491, 32.292293], [130.842358, 32.292248], [130.842173, 32.292169], [130.842053, 32.292098], [130.842009, 32.292058], [130.841967, 32.291978], [130.841954, 32.291876], [130.84198, 32.291572], [130.842, 32.291465], [130.842246, 32.29125], [130.842358, 32.291194], [130.842411, 32.291172], [130.842591, 32.291143], [130.843035, 32.290976], [130.843181, 32.290919], [130.843373, 32.29088], [130.843771, 32.290891], [130.843824, 32.29088], [130.843944, 32.290834], [130.843996, 32.290803], [130.844045, 32.290774], [130.844169, 32.290699], [130.844282, 32.290654], [130.84462, 32.29057], [130.844733, 32.290513], [130.844832, 32.290434], [130.845234, 32.289926], [130.845562, 32.289499], [130.845695, 32.289324], [130.845761, 32.289257], [130.84592, 32.289161], [130.8461167, 32.2890208], [130.846261, 32.2889131], [130.8463716, 32.2887645], [130.846296, 32.288559], [130.846269, 32.288479], [130.846265, 32.288405], [130.846345, 32.288214], [130.846418, 32.288107], [130.846422, 32.288099], [130.846531, 32.287921], [130.846806, 32.287229], [130.8468215, 32.2870173], [130.8468045, 32.2869093], [130.8467603, 32.2868008], [130.8466921, 32.2866946], [130.8465159, 32.28642], [130.846113, 32.28579], [130.845781, 32.285361], [130.845429, 32.284922], [130.845224, 32.28469], [130.845071, 32.284522], [130.844494, 32.28389], [130.844249, 32.283591], [130.84405, 32.283242], [130.843818, 32.282735], [130.8436071, 32.2821706], [130.843353, 32.2814653], [130.8432584, 32.2812429], [130.8432291, 32.281162], [130.843141, 32.28087], [130.843088, 32.28052], [130.842989, 32.279754], [130.842995, 32.279636], [130.843034, 32.279534], [130.843147, 32.279365], [130.843387, 32.279004], [130.843453, 32.278835], [130.843592, 32.277798], [130.843718, 32.276953], [130.843731, 32.276637], [130.843672, 32.276541], [130.843367, 32.276265], [130.843114, 32.276068], [130.842902, 32.275916], [130.842782, 32.27582], [130.842577, 32.275712], [130.842445, 32.275662], [130.842199, 32.275617], [130.842072, 32.275583], [130.841894, 32.275498], [130.841344, 32.275166], [130.841244, 32.275087], [130.841154, 32.275013], [130.84112, 32.274986], [130.840965, 32.274822], [130.840593, 32.274388], [130.840397, 32.274212], [130.8402854, 32.2741004], [130.8401851, 32.2739378], [130.840069, 32.273667], [130.840016, 32.273571], [130.8396991, 32.2730402], [130.8393088, 32.2726127], [130.838561, 32.271756], [130.838419, 32.271614], [130.838186, 32.271372], [130.837914, 32.271056], [130.837696, 32.270809], [130.837484, 32.270595], [130.837202, 32.270288], [130.837132, 32.270212], [130.836747, 32.269857], [130.836323, 32.269513], [130.835706, 32.269023], [130.835189, 32.268639], [130.834512, 32.268222], [130.834153, 32.268036], [130.833935, 32.26794], [130.833755, 32.26789], [130.833503, 32.26785], [130.832953, 32.267799], [130.832757, 32.267771], [130.832728, 32.267766], [130.832502, 32.267726], [130.83217, 32.267625], [130.831939, 32.267534], [130.831421, 32.267287], [130.831382, 32.267258], [130.83107, 32.267106], [130.830951, 32.267039], [130.830758, 32.266926], [130.829829, 32.266356], [130.829634, 32.266255], [130.829504, 32.266188], [130.829246, 32.266092], [130.828828, 32.265917], [130.828523, 32.265748], [130.827946, 32.265381], [130.827515, 32.265105], [130.826997, 32.264772], [130.826686, 32.26457], [130.825869, 32.26404], [130.825809, 32.264], [130.825566, 32.263843], [130.824761, 32.263324], [130.824609, 32.263245], [130.82451, 32.263194], [130.824265, 32.263093], [130.823949, 32.262991], [130.823847, 32.262958], [130.823774, 32.262935], [130.823615, 32.262879], [130.82321, 32.26271], [130.822839, 32.262518], [130.822355, 32.262203], [130.822182, 32.262033], [130.822114, 32.261953], [130.822016, 32.261836], [130.821503, 32.261169], [130.821435, 32.26108], [130.821254, 32.260844], [130.820836, 32.260292], [130.82077, 32.260223], [130.820555, 32.26], [130.820411, 32.259852], [130.819589, 32.259029], [130.819475, 32.258917], [130.81929, 32.258735], [130.819192, 32.258635], [130.819105, 32.258549], [130.81795, 32.257515], [130.8167714, 32.2565382], [130.81647, 32.256306], [130.816331, 32.256204], [130.816152, 32.256086], [130.815948, 32.25603], [130.815626, 32.256016], [130.815536, 32.256012], [130.8150334, 32.2560286], [130.81383, 32.2560343], [130.813719, 32.2560313], [130.8134847, 32.2559817], [130.813334, 32.255935], [130.813206, 32.255903], [130.813089, 32.255866], [130.8130027, 32.2558074], [130.8129464, 32.2557293], [130.8128594, 32.2555763], [130.8127694, 32.255283], [130.8126944, 32.2550406], [130.8125831, 32.2547426], [130.8122261, 32.2536067], [130.812131, 32.2533618], [130.8120701, 32.2531876], [130.8116467, 32.2524228], [130.8115503, 32.2521935], [130.811377, 32.2516419], [130.8112797, 32.2514489], [130.811144, 32.251283], [130.8110097, 32.2511716], [130.810808, 32.2510151], [130.810621, 32.250834], [130.810482, 32.250704], [130.810439, 32.250653], [130.8103653, 32.2504967], [130.8102506, 32.2501053], [130.8101833, 32.2498862], [130.8101498, 32.2497441], [130.8100355, 32.2493545], [130.8098116, 32.2486904], [130.8097877, 32.2486324], [130.8097141, 32.2484537], [130.809409, 32.247824], [130.809274, 32.247471], [130.80919, 32.247249], [130.80913, 32.246945], [130.809137, 32.246781], [130.809177, 32.246623], [130.809415, 32.24606], [130.809501, 32.245761], [130.809526, 32.24562], [130.8095583, 32.2454182], [130.809581, 32.244886], [130.809554, 32.244701], [130.809521, 32.244638], [130.809468, 32.244571], [130.809349, 32.24447], [130.809163, 32.244362], [130.8086928, 32.2442097], [130.8078709, 32.2439266], [130.8075397, 32.2438216], [130.8074147, 32.2437242], [130.80725, 32.2434933], [130.807221, 32.2434148], [130.8067951, 32.2422212], [130.806488, 32.2412764], [130.8061044, 32.240334], [130.8060347, 32.2401638], [130.8059936, 32.2401095], [130.805965, 32.2400717], [130.8050477, 32.2395132], [130.8047242, 32.2393163], [130.8044838, 32.2391405], [130.8043578, 32.2389946], [130.8042205, 32.2387184], [130.8041247, 32.2386451], [130.8035468, 32.2384099], [130.8031476, 32.2382335], [130.802866, 32.2380366], [130.8026286, 32.2378592], [130.8024323, 32.2377233], [130.8020981, 32.2374059], [130.8016365, 32.2369547], [130.8014672, 32.2367899], [130.8012331, 32.2365191], [130.8008758, 32.2362874], [130.8004368, 32.2361755], [130.8003027, 32.2360877], [130.8000565, 32.2359083], [130.7999334, 32.2357413], [130.7998513, 32.235531], [130.7997239, 32.2354014], [130.7995833, 32.2353062], [130.7994396, 32.2352356], [130.7992414, 32.2351836], [130.7988766, 32.2350938], [130.7983112, 32.2349264], [130.7977176, 32.2347451], [130.7971363, 32.234591], [130.7967308, 32.2344336], [130.7964505, 32.2343276], [130.7962509, 32.2343083], [130.7961482, 32.2343308], [130.7959519, 32.2345373], [130.7955928, 32.2349021], [130.7953103, 32.2352526], [130.795115, 32.235513], [130.794822, 32.23583], [130.7947001, 32.2359861], [130.7945491, 32.2361072], [130.7943396, 32.2362037], [130.7940541, 32.2362295], [130.793557, 32.236195], [130.793319, 32.236161], [130.7930566, 32.2360881], [130.7928019, 32.2359988], [130.7924622, 32.2358087], [130.7921947, 32.2356803], [130.7919613, 32.235636], [130.7914904, 32.2355962], [130.7908038, 32.2355417], [130.790252, 32.2355152], [130.789918, 32.23548], [130.789693, 32.235417], [130.789428, 32.235321], [130.78927, 32.235208], [130.789144, 32.235084], [130.789065, 32.234994], [130.788906, 32.234752], [130.788694, 32.234352], [130.7885358, 32.233988], [130.788448, 32.233861], [130.7881939, 32.2336791], [130.787988, 32.2334128], [130.78764, 32.2329753], [130.787399, 32.2326849], [130.7872812, 32.2325594], [130.7869449, 32.2323874], [130.7868092, 32.2322701], [130.7866238, 32.2321492], [130.7863003, 32.2319602], [130.7858913, 32.2317008], [130.785673, 32.2315604], [130.7854902, 32.2314175], [130.7854285, 32.2313389], [130.7853838, 32.231202], [130.7852856, 32.2310049], [130.7851617, 32.2308734], [130.7846132, 32.2304051], [130.784168, 32.2300148], [130.7839241, 32.2297161], [130.783841, 32.2295643], [130.7833915, 32.22909], [130.7826575, 32.2285605], [130.7823494, 32.2282587], [130.7817446, 32.227116], [130.7812068, 32.2263709], [130.780959, 32.2261741], [130.780425, 32.2257501], [130.7801715, 32.2254315], [130.7801285, 32.2252713], [130.7800977, 32.2250875], [130.7801447, 32.224719], [130.7801071, 32.224601], [130.7799301, 32.2244558], [130.7794097, 32.2243741], [130.7793045, 32.2243383], [130.778956, 32.2242199], [130.7788358, 32.224179], [130.7786051, 32.2239929], [130.7780043, 32.2238159], [130.7767543, 32.2232855], [130.7765509, 32.2231992], [130.7762823, 32.2230853], [130.7757037, 32.2229384], [130.7755849, 32.2229083], [130.775122, 32.2228016], [130.7748303, 32.2226201], [130.7746778, 32.2225126], [130.773427, 32.2224589], [130.7725535, 32.2224215], [130.7717851, 32.2223885], [130.7716698, 32.2223784], [130.7715088, 32.2223536], [130.7714594, 32.222297], [130.7714221, 32.2221595], [130.7714304, 32.2220351], [130.7714371, 32.2216397], [130.7714774, 32.2213697], [130.7714981, 32.2212052], [130.7715002, 32.221157], [130.7715163, 32.220917], [130.7715257, 32.22079], [130.7715417, 32.220255], [130.7715537, 32.2200984], [130.7716193, 32.2195175], [130.7716538, 32.2192038], [130.7716703, 32.2190184], [130.7716982, 32.2188004], [130.7717377, 32.2185394], [130.7717623, 32.2183247], [130.7717905, 32.2177991], [130.771793, 32.2176772], [130.7717931, 32.2176138], [130.7718043, 32.2171274], [130.7718604, 32.2167907], [130.771833, 32.2161337], [130.7718344, 32.2160843], [130.7716479, 32.216069], [130.7715744, 32.2160605], [130.7696519, 32.2156515], [130.7688769, 32.2154977], [130.7679179, 32.2153073], [130.7672525, 32.2151752], [130.7669482, 32.2151148], [130.7664726, 32.2150245], [130.76528, 32.2147981], [130.7652222, 32.2145676], [130.763924, 32.2143904], [130.7632867, 32.2143185], [130.7620086, 32.2141704], [130.7614915, 32.2141104], [130.7608271, 32.2140334], [130.7599777, 32.213935], [130.7592891, 32.2138552], [130.7583178, 32.213748], [130.7574164, 32.2136485], [130.7572283, 32.2136277], [130.7572027, 32.2136249], [130.7568567, 32.2135758], [130.7568345, 32.2135725], [130.7565652, 32.2135364], [130.7564275, 32.2135178], [130.7563557, 32.2135081], [130.7561146, 32.2134755], [130.7548388, 32.213336], [130.7543877, 32.213146], [130.7542034, 32.2130255], [130.754021, 32.2129062], [130.7539853, 32.2128828], [130.7532862, 32.2125619], [130.75257, 32.2122433], [130.7523626, 32.212143], [130.7512153, 32.21163], [130.7511564, 32.21161], [130.7504837, 32.2113029], [130.7499451, 32.2110498], [130.7497061, 32.2109685], [130.7495706, 32.210936], [130.7494201, 32.2109399], [130.7492942, 32.2109607], [130.7491243, 32.2110188], [130.7487474, 32.2112033], [130.7480198, 32.2115446], [130.7472142, 32.2119138], [130.7464129, 32.2122825], [130.7451006, 32.212918], [130.7437758, 32.2135409], [130.7428059, 32.2139936], [130.7422729, 32.2142208], [130.7417136, 32.2145015], [130.7411869, 32.214751], [130.7397619, 32.215434], [130.7382706, 32.2160832], [130.7378753, 32.2162591]]]}, "id": "relation/9604654"}]}