{"type": "FeatureCollection", "generator": "kokudo-quiz tools/fetch_raw.py (Overpass API)", "copyright": "The data included in this document is from www.openstreetmap.org. The data is made available under ODbL.", "timestamp": "2026-09-30T23:39:59Z", "features": [{"type": "Feature", "properties": {"@id": "relation/9156540", "colour": "red", "from": "岩手県一関市", "name": "国道457号", "name:en": "National Highway Route 457", "name:ja": "国道457号", "name:ja-Hira": "こくどうよんひゃくごじゅうななごう", "name:ja-Latn": "kokudou 457 gou", "network": "JP:national", "ref": "457", "route": "road", "to": "宮城県白石市", "type": "route", "wikidata": "Q6157601", "wikipedia": "ja:国道457号"}, "geometry": {"type": "MultiLineString", "coordinates": [[[141.111065, 38.9220944], [141.1108933, 38.9220537], [141.1105785, 38.921978], [141.1103453, 38.9219264], [141.1103066, 38.9219175], [141.1101999, 38.9218921], [141.1070954, 38.9212274], [141.1039373, 38.9205814], [141.1036339, 38.9205155], [141.1028734, 38.9203619], [141.1022173, 38.9202336], [141.1018804, 38.9201546], [141.1007634, 38.9199156], [141.0998913, 38.9197384], [141.097558, 38.9192547], [141.0952612, 38.9187714], [141.0948234, 38.9186794], [141.0943902, 38.9185882], [141.0935626, 38.9184218], [141.0929305, 38.9182877], [141.0927189, 38.9182428], [141.0924411, 38.9181838], [141.0923805, 38.9181727], [141.0915425, 38.9180193], [141.0914034, 38.9179938], [141.0911765, 38.9179627], [141.0908599, 38.9179192], [141.0898064, 38.9177747], [141.0894498, 38.9177258], [141.0892243, 38.9176949], [141.089196, 38.917691], [141.0889464, 38.9176568], [141.0887119, 38.9176246], [141.0883926, 38.9175768], [141.0881852, 38.9175645], [141.0879151, 38.9175868], [141.0876045, 38.9176645], [141.0873297, 38.9177563], [141.0870868, 38.9178521], [141.08683, 38.9179329], [141.086592, 38.9179764], [141.086313, 38.9179722], [141.0860172, 38.9179291], [141.0855872, 38.9177517], [141.0849125, 38.9173612], [141.0837705, 38.9167341], [141.0821414, 38.9160202], [141.081784, 38.9158219], [141.0807578, 38.9149352], [141.0804873, 38.9146813], [141.0800385, 38.9143475], [141.0795519, 38.9140685], [141.0788164, 38.9137076], [141.0783255, 38.9135198], [141.077826, 38.9132842], [141.076763, 38.9126906], [141.0764426, 38.912566], [141.0761058, 38.9124852], [141.0746229, 38.9122056], [141.0742764, 38.912184], [141.0737423, 38.9122158], [141.0731943, 38.9122734], [141.07296, 38.9122568], [141.0726773, 38.9121637], [141.0720267, 38.9117818], [141.0713652, 38.9115893], [141.0707096, 38.9114448], [141.0682936, 38.9112251], [141.0677342, 38.9111827], [141.0675357, 38.9111875], [141.0673861, 38.9112193], [141.0671831, 38.9112939], [141.0667959, 38.9114759], [141.0664555, 38.9115573], [141.0661312, 38.9115678], [141.0658052, 38.9115326], [141.0654351, 38.9114001], [141.06517, 38.9112476], [141.0649045, 38.9109425], [141.0642472, 38.9099951], [141.0641527, 38.9099112], [141.0640403, 38.9098545], [141.0638742, 38.9098158], [141.063654, 38.9097663], [141.0631829, 38.9096738], [141.0623295, 38.9095243], [141.0621925, 38.9094997], [141.0619318, 38.9094855], [141.0617173, 38.9094907], [141.0615055, 38.9095223], [141.0606337, 38.9097067], [141.0597628, 38.9099166], [141.0591854, 38.9101103], [141.0585639, 38.9103155], [141.058186, 38.9104415], [141.0579863, 38.9104904], [141.0578442, 38.9105071], [141.0577302, 38.9105176], [141.0572344, 38.9105006], [141.0569282, 38.9105144], [141.0564454, 38.9106027], [141.0552517, 38.910864], [141.0550734, 38.9108734], [141.0549273, 38.9108546], [141.054773, 38.9107868], [141.0546385, 38.910711], [141.0537299, 38.9101949], [141.0523017, 38.9093534], [141.0517999, 38.9090742], [141.0517539, 38.9089905], [141.0514749, 38.9088645], [141.0504599, 38.9086055], [141.0499638, 38.9084628], [141.0494429, 38.9082465], [141.0486369, 38.9076285], [141.0479099, 38.9069325], [141.0471409, 38.9062235], [141.0468203, 38.9060416], [141.0462368, 38.9058716], [141.0450629, 38.9054805], [141.0443079, 38.9048955], [141.0434389, 38.9033615], [141.0434259, 38.9033355], [141.0433477, 38.9030943], [141.0431297, 38.902341], [141.042837, 38.9016988], [141.0422733, 38.9011243], [141.041729, 38.900557], [141.041003, 38.899707], [141.0405735, 38.8994997], [141.0401529, 38.8994585], [141.0398329, 38.8994775], [141.0398269, 38.8994815], [141.0367342, 38.9005858], [141.036373, 38.9007301], [141.035785, 38.901094], [141.0349803, 38.9014655], [141.0341253, 38.9018655], [141.0338837, 38.9019685], [141.0331706, 38.9020125], [141.0321957, 38.9021102], [141.0314953, 38.9022267], [141.0310753, 38.9022707], [141.0301899, 38.9024018], [141.0296972, 38.902489], [141.0290618, 38.9026919], [141.028642, 38.9028662], [141.0281557, 38.9029871], [141.0277376, 38.9029764], [141.027335, 38.9028395], [141.0265839, 38.9023105], [141.0256696, 38.9019505], [141.0248998, 38.9013495], [141.0241286, 38.9008154], [141.023501, 38.9001727], [141.0231379, 38.8999305], [141.0226762, 38.899823], [141.022242, 38.8996512], [141.0218096, 38.8991087], [141.0211075, 38.8982144], [141.0207168, 38.8979001], [141.0202745, 38.8976092], [141.0200141, 38.8974547], [141.0196215, 38.8972544], [141.0192368, 38.8971507], [141.0186269, 38.8972051], [141.0181569, 38.8972947], [141.0174648, 38.8973703], [141.0168309, 38.897413], [141.0162188, 38.8973739], [141.0155753, 38.8972661], [141.0149378, 38.8971184], [141.0145155, 38.8970403], [141.0138416, 38.8970532], [141.0134065, 38.8970801], [141.0129481, 38.8969954], [141.012236, 38.8966386], [141.0117933, 38.8963755], [141.0116125, 38.8962576], [141.0114379, 38.8957382], [141.0112387, 38.8952283], [141.0111383, 38.8947271], [141.0115395, 38.8938972], [141.0115853, 38.8936825], [141.0115281, 38.8934469], [141.0113011, 38.8932965], [141.0106723, 38.8930696], [141.0095969, 38.8924975], [141.0089253, 38.8922755], [141.0079173, 38.8919345], [141.006724, 38.8915537], [141.0057526, 38.8912629], [141.0049253, 38.8910666], [141.0030703, 38.8908013], [141.001086, 38.8904213], [140.9993021, 38.8899711], [140.9981254, 38.8895595], [140.9960362, 38.8888641], [140.9947924, 38.8884159], [140.9936789, 38.8878195], [140.9935492, 38.8877867], [140.9924831, 38.8874617], [140.9912023, 38.8871189], [140.9902065, 38.8868548], [140.9890153, 38.8867075], [140.9884019, 38.8866371], [140.9878963, 38.8866773], [140.9874602, 38.886765], [140.9870187, 38.8869671], [140.9859265, 38.8876974], [140.9850894, 38.8881814], [140.9840763, 38.8885513], [140.9834242, 38.8888006], [140.982906, 38.8889637], [140.9824683, 38.8890063], [140.9818908, 38.8889294], [140.9811379, 38.8886991], [140.9805119, 38.8882908], [140.9799583, 38.8878521], [140.979177, 38.8872782], [140.9788095, 38.8868224], [140.9782921, 38.8854771], [140.9780504, 38.8851109], [140.9776253, 38.8849106], [140.9771554, 38.8848083], [140.9766871, 38.8847432], [140.9763564, 38.884668], [140.976097, 38.8845379], [140.9758634, 38.8842932], [140.9752422, 38.8834155], [140.9748994, 38.8831677], [140.9746338, 38.8830881], [140.9743082, 38.8831244], [140.9739595, 38.8833422], [140.9734311, 38.8837291], [140.9730471, 38.8839602], [140.9724642, 38.8841415], [140.9719809, 38.8842732], [140.9714423, 38.8843285], [140.9702401, 38.8842471], [140.9695706, 38.8840469], [140.9693326, 38.8840066], [140.9691104, 38.8839579], [140.9685581, 38.8840387], [140.9676893, 38.8841891], [140.9663244, 38.8844488], [140.9652464, 38.8850088], [140.9615618, 38.8869893], [140.9610831, 38.8873438], [140.96092, 38.8875626], [140.9608367, 38.8877312], [140.9607747, 38.887889], [140.9607383, 38.8880739], [140.9607337, 38.8882728], [140.9607447, 38.8883768], [140.9607551, 38.8884742], [140.9608094, 38.888671], [140.9611193, 38.8892443], [140.9616739, 38.8900067], [140.9618786, 38.8904261], [140.9618402, 38.8907198], [140.9618063, 38.8907561], [140.9616391, 38.8909351], [140.9613357, 38.8910355], [140.9609696, 38.8910858], [140.9601861, 38.8910263], [140.9594786, 38.8909927], [140.9590902, 38.8910823], [140.9586479, 38.8912457], [140.9581428, 38.8914603], [140.95742, 38.8918328], [140.9572361, 38.8918818], [140.957023, 38.891905], [140.9566172, 38.8918482], [140.956095, 38.8916175], [140.9557481, 38.8914752], [140.9554815, 38.8914722], [140.955246, 38.8915405], [140.9549615, 38.891656], [140.9545653, 38.8917973], [140.9541144, 38.8918766], [140.9537019, 38.8917942], [140.9532261, 38.8915132], [140.9527983, 38.8914482], [140.9522902, 38.8915309], [140.9517814, 38.8915691], [140.9514493, 38.8915037], [140.9513456, 38.8914349], [140.9507734, 38.8910082], [140.9505535, 38.8908407], [140.9503101, 38.8907163], [140.9496138, 38.8904116], [140.949141, 38.8902031], [140.9489278, 38.8901008], [140.9490006, 38.8900104], [140.9490754, 38.8898535], [140.9491078, 38.8896608], [140.9491215, 38.8889967], [140.9491439, 38.8886335], [140.9493052, 38.8881931], [140.9496735, 38.8872914], [140.9497194, 38.8866677], [140.9498929, 38.8860656], [140.9500667, 38.8856541], [140.9501168, 38.8852908], [140.9501571, 38.8847999], [140.9501774, 38.8844694], [140.9503025, 38.8842302], [140.9504814, 38.8839736], [140.9509955, 38.883708], [140.9510626, 38.8835602], [140.9510961, 38.8833142], [140.9511195, 38.882905], [140.9510085, 38.8825651], [140.9507515, 38.8820049], [140.9507316, 38.8817452], [140.950748, 38.8816436], [140.9507784, 38.8814205], [140.950884, 38.8812825], [140.9512772, 38.8809947], [140.9517444, 38.8806761], [140.9521696, 38.8802166], [140.9524295, 38.8797778], [140.9525319, 38.8794329], [140.9525765, 38.8789801], [140.9525407, 38.8786255], [140.9523114, 38.8777535], [140.9521341, 38.8770077], [140.952091, 38.876751], [140.9521175, 38.876475], [140.9521491, 38.8762166], [140.9521296, 38.8760075], [140.9518334, 38.8754233], [140.9517686, 38.8747738], [140.9517588, 38.8744568], [140.9518185, 38.8742054], [140.9522569, 38.8733384], [140.9523864, 38.8724854], [140.9523104, 38.871766], [140.9519972, 38.8708929], [140.9519311, 38.8706247], [140.9518557, 38.8700287], [140.951798, 38.8694104], [140.9519171, 38.8681152], [140.9520695, 38.8678466], [140.9524536, 38.867601], [140.9532239, 38.8671155], [140.9533457, 38.8671226], [140.9535769, 38.8668791], [140.9536933, 38.8665942], [140.953755, 38.8662158], [140.9537719, 38.8661206], [140.9541485, 38.8651058], [140.9546709, 38.8639044], [140.9550972, 38.8627475], [140.9551018, 38.8625369], [140.9550531, 38.8621189], [140.9548777, 38.8613739], [140.9548998, 38.8603013], [140.9550331, 38.8597838], [140.9552336, 38.8590055], [140.9553294, 38.8586337], [140.9559141, 38.8565216], [140.9559733, 38.8563576], [140.9559733, 38.856243], [140.9558857, 38.8554534], [140.9557851, 38.8547534], [140.9557282, 38.8545296], [140.9557541, 38.8535217], [140.9559428, 38.8528947], [140.9560361, 38.852576], [140.9561581, 38.852272], [140.9564194, 38.8515434], [140.9568495, 38.8506291], [140.9570436, 38.8492681], [140.9570569, 38.8488997], [140.9570614, 38.8469003], [140.9569222, 38.8460227], [140.9570317, 38.8454648], [140.9570726, 38.8452857], [140.9570851, 38.845074], [140.9570966, 38.8450362], [140.9571181, 38.8449432], [140.9571675, 38.8448428], [140.957298, 38.8447038], [140.9574677, 38.8445919], [140.9584299, 38.8441593], [140.958927, 38.8439448], [140.959459, 38.8436387], [140.9604536, 38.8430215], [140.9612326, 38.8424949], [140.961449, 38.84238], [140.961692, 38.8422665], [140.9627903, 38.8419655], [140.9632198, 38.8417455], [140.9640515, 38.8412418], [140.9642496, 38.8411379], [140.9643836, 38.8410676], [140.9645096, 38.8410514], [140.9648323, 38.8410099], [140.965013, 38.840975], [140.9652261, 38.8409092], [140.9655892, 38.8407608], [140.9663408, 38.8400429], [140.9668558, 38.8396158], [140.9680355, 38.8386019], [140.9685526, 38.8381648], [140.9688697, 38.8378247], [140.9691674, 38.8373972], [140.9694488, 38.8372031], [140.9699118, 38.836992], [140.9710279, 38.8362054], [140.9713666, 38.8359496], [140.9716332, 38.8356538], [140.9716728, 38.8356097], [140.9721867, 38.8350366], [140.9725244, 38.8347591], [140.9733791, 38.8343692], [140.9737133, 38.8342864], [140.9739648, 38.8342978], [140.9740674, 38.8343025], [140.9744807, 38.83441], [140.9747435, 38.8345001], [140.9752734, 38.834677], [140.9754502, 38.8346769], [140.9755475, 38.8346768], [140.9758101, 38.8346407], [140.9761946, 38.8344812], [140.9770324, 38.833967], [140.9777354, 38.8338108], [140.9780604, 38.833826], [140.9795034, 38.8341766], [140.9802961, 38.8344142], [140.9803269, 38.8344146], [140.9806745, 38.8344189], [140.9811434, 38.834328], [140.9816498, 38.8342173], [140.9817663, 38.8341919], [140.9822119, 38.834046], [140.9827184, 38.8338066], [140.9833179, 38.8335061], [140.9836938, 38.8333281], [140.983796, 38.8332799], [140.9841075, 38.8331329], [140.9844944, 38.83302], [140.9852569, 38.832925], [140.9856602, 38.8328747], [140.9865333, 38.8327574], [140.9870754, 38.8326837], [140.9868277, 38.8314443], [140.9867198, 38.8309046], [140.986714, 38.8308736], [140.9866166, 38.8303571], [140.9866018, 38.8303045], [140.986404, 38.8294066], [140.9862288, 38.8286116], [140.9862175, 38.8285866], [140.9861818, 38.8285077], [140.9859141, 38.8279151], [140.9858958, 38.8278681], [140.9857455, 38.8274823], [140.9855933, 38.8270161], [140.9855845, 38.8267565], [140.9855743, 38.8264574], [140.9855695, 38.8254384], [140.9855692, 38.8253792], [140.985567, 38.8249083], [140.9855665, 38.8248066], [140.9855634, 38.8241577], [140.9855621, 38.8238775], [140.9855572, 38.8228479], [140.9855569, 38.8227863], [140.985555, 38.822382], [140.9855522, 38.8217759], [140.9855757, 38.8211151], [140.9856211, 38.8198397], [140.985638, 38.8193634], [140.9857025, 38.8175516], [140.9857928, 38.8165514], [140.9858796, 38.8160745], [140.9858094, 38.8156616], [140.985624, 38.8151701], [140.9854318, 38.8145216], [140.985408, 38.8144211], [140.9850689, 38.8135218], [140.98464, 38.8124377], [140.9844333, 38.8118502], [140.9842624, 38.8113646], [140.9842404, 38.8113021], [140.983843, 38.8101013], [140.9837633, 38.8097974], [140.9836607, 38.8093047], [140.9831568, 38.809414], [140.982641, 38.8095581], [140.9824966, 38.8095511], [140.9819481, 38.8095408], [140.9816096, 38.8095753], [140.9813269, 38.8096576], [140.9808295, 38.8098136], [140.9803881, 38.8098514], [140.9801859, 38.8098163], [140.9799053, 38.8097675], [140.9794261, 38.8096955], [140.979185, 38.809697], [140.9790864, 38.8097192], [140.9787118, 38.809944], [140.978577, 38.810106], [140.9784779, 38.810383], [140.9783513, 38.8106251], [140.9781433, 38.8108407], [140.9779763, 38.8109312], [140.977788, 38.8110009], [140.977435, 38.8110695], [140.9771533, 38.8110915], [140.9765257, 38.8111602], [140.974669, 38.8113634], [140.9743904, 38.811393], [140.9739346, 38.8113413], [140.9735332, 38.8112596], [140.9727995, 38.8110854], [140.9726721, 38.8110588], [140.9724707, 38.8110166], [140.9720665, 38.8109331], [140.9718111, 38.8109558], [140.9714924, 38.8110585], [140.9710848, 38.8111979], [140.9706642, 38.8113056], [140.9705475, 38.8113174], [140.9704015, 38.8113321], [140.9697657, 38.8113921], [140.9695768, 38.8114099], [140.9689459, 38.8114296], [140.9684962, 38.8113669], [140.9681544, 38.8112569], [140.9679824, 38.8111786], [140.9676383, 38.8109863], [140.9675796, 38.8109536], [140.9675388, 38.8109311], [140.966642, 38.8104369], [140.9663802, 38.8103215], [140.9660301, 38.8102306], [140.9656441, 38.8102347], [140.9652332, 38.8103765], [140.9648239, 38.8105446], [140.9645527, 38.8106519], [140.9641462, 38.8107657], [140.9636073, 38.8108519], [140.9630341, 38.8109324], [140.9625384, 38.810928], [140.9619426, 38.8108229], [140.9615109, 38.8107538], [140.9608516, 38.8106081], [140.9607127, 38.8105814], [140.9600329, 38.810451], [140.9587305, 38.8102681], [140.9581847, 38.8101915], [140.9570297, 38.8100294], [140.9560126, 38.8098811], [140.9551601, 38.8097567], [140.954286, 38.8096293], [140.9534962, 38.8095141], [140.953343, 38.809497], [140.9517127, 38.809254], [140.95136, 38.8092025], [140.9498924, 38.8089933], [140.9497245, 38.808918], [140.9496472, 38.8088651], [140.9492207, 38.8085342]], [[140.8636863, 38.7652584], [140.8644128, 38.7632312], [140.8647462, 38.7624502], [140.8647541, 38.7622201], [140.8643386, 38.7615039], [140.8640317, 38.7609748], [140.8639312, 38.7606132], [140.8640525, 38.7603027], [140.8642258, 38.7599741], [140.8645864, 38.7592548], [140.8649368, 38.7586893], [140.8656085, 38.757852], [140.8658731, 38.757478], [140.8660851, 38.7572552], [140.8663031, 38.7571405], [140.8670703, 38.7567569], [140.8673751, 38.756587], [140.8676058, 38.7563883], [140.8677771, 38.7561395], [140.8678982, 38.7559302], [140.8680859, 38.7554931], [140.8682495, 38.7550873], [140.8682924, 38.7549827], [140.8683975, 38.7548309], [140.8688906, 38.7541502], [140.8689925, 38.7539703], [140.8690569, 38.7538072], [140.869114, 38.7536008], [140.8692768, 38.7528952], [140.8693439, 38.7526191], [140.8694294, 38.7523685], [140.8696657, 38.7518744], [140.8697446, 38.7516661], [140.8695182, 38.7516569], [140.8692688, 38.7516631], [140.8690515, 38.7517008], [140.8688423, 38.7517364], [140.8686599, 38.7517343], [140.8684682, 38.7516899], [140.8681878, 38.7515732], [140.867325, 38.7511], [140.8671454, 38.7510338], [140.8669474, 38.751006], [140.8662802, 38.7510678], [140.8658746, 38.7510472], [140.8650665, 38.750893], [140.8638593, 38.7506789], [140.8635391, 38.7506009], [140.8632996, 38.7505018], [140.8631452, 38.750368], [140.8630048, 38.7501915], [140.862949, 38.7501021], [140.8626882, 38.7495974], [140.8622402, 38.7490571], [140.8620191, 38.7488684], [140.8617065, 38.7487203], [140.8614317, 38.748644], [140.8607089, 38.7486461], [140.8603915, 38.7486023], [140.8601168, 38.7484737], [140.8597141, 38.7481612], [140.8584125, 38.7471779], [140.8582188, 38.7469905], [140.8580823, 38.7468191], [140.8579617, 38.7466108], [140.8578648, 38.7464154], [140.8577716, 38.7455953], [140.8576545, 38.7452707], [140.857398, 38.7449759], [140.8569958, 38.744775], [140.8560479, 38.7443485], [140.855423, 38.7438904], [140.854839, 38.743633], [140.853923, 38.743374], [140.8521285, 38.7425496], [140.8513148, 38.7421179], [140.8507044, 38.7417199], [140.8504954, 38.7415699], [140.8504762, 38.7414604], [140.8505427, 38.7412476], [140.8505674, 38.7411687], [140.8505894, 38.7410982], [140.850583, 38.740588], [140.850418, 38.739924], [140.8502764, 38.7396587], [140.8500071, 38.7394248], [140.849323, 38.739089], [140.8489661, 38.7388688], [140.8487046, 38.7386056], [140.8486964, 38.7384587], [140.8487418, 38.7383076], [140.8489875, 38.7381809], [140.8491198, 38.7380565], [140.8491448, 38.7379321], [140.8490855, 38.737698], [140.8488805, 38.737466], [140.848534, 38.737293], [140.8476837, 38.7370373], [140.847481, 38.7367054], [140.847508, 38.7363475], [140.8475807, 38.7361675], [140.8477366, 38.7360368], [140.8479865, 38.7360426], [140.8481649, 38.7360932], [140.8483256, 38.7361133], [140.8484136, 38.736055], [140.8484519, 38.7359311], [140.8483959, 38.7357757], [140.8481805, 38.7357231], [140.8476786, 38.7356487], [140.847301, 38.735404], [140.84663, 38.735206], [140.8458193, 38.7350762], [140.8451311, 38.7347954], [140.8448536, 38.7345859], [140.8447006, 38.734408], [140.8447446, 38.7341977], [140.8449519, 38.7340985], [140.8453703, 38.7341099], [140.845633, 38.734117], [140.8457871, 38.7339851], [140.8458268, 38.7337928], [140.8456359, 38.7335533], [140.8454079, 38.7333047], [140.8451338, 38.7331928], [140.844765, 38.733151], [140.8444257, 38.7331158], [140.8442172, 38.732993], [140.8440268, 38.7328222], [140.8439466, 38.7326231], [140.8439525, 38.7323088], [140.8439375, 38.7320048], [140.8437416, 38.7314323], [140.843735, 38.7313718], [140.8436505, 38.7310655], [140.8435736, 38.7309154], [140.8434499, 38.7307898], [140.8432444, 38.7307149], [140.8429547, 38.7306827], [140.8425849, 38.7307347], [140.8422734, 38.7307349], [140.8419702, 38.730647], [140.8416972, 38.7304269], [140.8412464, 38.7301012], [140.8407111, 38.7299333], [140.8402661, 38.7298393], [140.839701, 38.729775], [140.838721, 38.729712], [140.8384321, 38.7296322], [140.8377348, 38.7292556], [140.8371251, 38.7291035], [140.8360715, 38.7291438], [140.8346378, 38.7293388], [140.8338961, 38.7292469], [140.833059, 38.728949], [140.8326619, 38.7288116], [140.832426, 38.72873], [140.832202, 38.7284191], [140.8321503, 38.7282479], [140.8321702, 38.7280565], [140.832281, 38.727677], [140.83219, 38.7273503], [140.831952, 38.727115], [140.8315811, 38.7268979], [140.8313848, 38.7266141], [140.8313548, 38.726309], [140.8315917, 38.7259596], [140.8318435, 38.7257106], [140.831913, 38.7254836], [140.8319141, 38.7253735], [140.8319157, 38.7252102], [140.8317842, 38.7248802], [140.831506, 38.724577], [140.8311429, 38.7243596], [140.8310517, 38.7242065], [140.8310603, 38.7240502], [140.831139, 38.723787], [140.830901, 38.722585], [140.8307196, 38.7222525], [140.8306751, 38.7220553], [140.8307447, 38.7218999], [140.831001, 38.72155], [140.8310855, 38.721237], [140.8311697, 38.7210353], [140.8313977, 38.7208993], [140.831759, 38.720823], [140.832153, 38.7208846], [140.832575, 38.721064], [140.8327769, 38.7212948], [140.8329672, 38.7214327], [140.8332041, 38.7215342], [140.8334307, 38.7215555], [140.8336385, 38.721504], [140.8337674, 38.7213852], [140.833833, 38.7212099], [140.8338006, 38.721122], [140.8336422, 38.72098], [140.833291, 38.7208322], [140.8328429, 38.7206872], [140.832568, 38.7205644], [140.8324264, 38.7204596], [140.8323307, 38.7203231], [140.8322399, 38.7197851], [140.8322447, 38.7193945], [140.8323221, 38.7191841], [140.8328726, 38.7185307], [140.8331164, 38.7182245], [140.833522, 38.717653], [140.8337698, 38.7173459], [140.8340038, 38.7171631], [140.8346309, 38.7167488], [140.8347833, 38.7165933], [140.8348831, 38.7164132], [140.8356428, 38.7145574], [140.8356779, 38.7143964], [140.8356866, 38.7142468], [140.8356133, 38.7139118], [140.8355317, 38.7135386], [140.8354805, 38.7134119], [140.835374, 38.7132473], [140.835154, 38.71301], [140.8348778, 38.7127724], [140.8344839, 38.7124647], [140.8333679, 38.7116566], [140.8332999, 38.7116121], [140.8330738, 38.7114644], [140.832988, 38.7113894], [140.8329096, 38.7112768], [140.8328922, 38.7112334], [140.8328635, 38.7111615], [140.8324916, 38.7106259], [140.8322134, 38.7102485], [140.8321405, 38.710148]], [[140.8636863, 38.7652584], [140.8646555, 38.7653204], [140.8666494, 38.765475], [140.8676925, 38.7655375], [140.8679981, 38.7654887], [140.8682065, 38.7654554], [140.8689968, 38.7651457], [140.8700144, 38.764952], [140.8708474, 38.7649186], [140.8711864, 38.764905], [140.8718469, 38.7649672], [140.8723584, 38.765093], [140.8731422, 38.7651039], [140.8734691, 38.76504], [140.8737774, 38.7649032], [140.8745951, 38.7646442], [140.8748656, 38.7645776], [140.875924, 38.7644718], [140.8763502, 38.764522], [140.8769727, 38.7647688], [140.8777953, 38.7652706], [140.8787461, 38.7661541], [140.8801604, 38.7669297], [140.8808796, 38.7673649], [140.8809907, 38.7674321], [140.8814704, 38.767677], [140.8819594, 38.767769], [140.8833476, 38.7677373], [140.8841174, 38.767743], [140.8850724, 38.7678868], [140.8859643, 38.7681298], [140.8863688, 38.7682707], [140.8864211, 38.7683021], [140.8866507, 38.7684394], [140.8870944, 38.7687964], [140.8876369, 38.7692562], [140.8880133, 38.769656], [140.8882895, 38.7701449], [140.8884496, 38.7705153], [140.8885874, 38.771025], [140.8886132, 38.7713016], [140.8886139, 38.771658], [140.8885898, 38.771996], [140.8883206, 38.7728495], [140.8880551, 38.7734434], [140.8878994, 38.773773], [140.8877877, 38.7739531], [140.8876285, 38.7740354], [140.8874162, 38.7740823], [140.8869894, 38.7741413], [140.8866612, 38.7741324], [140.8864101, 38.7741746], [140.8862929, 38.774259], [140.8862313, 38.7746534], [140.88594, 38.775171], [140.8859633, 38.7752758], [140.8860797, 38.775354], [140.8862112, 38.7753434], [140.8863381, 38.7752668], [140.8864232, 38.7749255], [140.8865324, 38.7747848], [140.8867229, 38.7747167], [140.8871714, 38.7747486], [140.8877801, 38.7748846], [140.8878524, 38.7749619], [140.8878635, 38.7750445], [140.8877987, 38.7751194], [140.8876397, 38.7751247], [140.887393, 38.7750828], [140.8869958, 38.7750087], [140.8868663, 38.7750471], [140.8868017, 38.7751415], [140.8868301, 38.775372], [140.8869207, 38.7757428], [140.8870004, 38.775834], [140.8871866, 38.7758533], [140.8875443, 38.7757503], [140.887671, 38.775762], [140.8877621, 38.775799], [140.8877916, 38.7760074], [140.8877577, 38.7767074], [140.8876932, 38.7774648], [140.8876078, 38.778496], [140.8875476, 38.7786542], [140.8869685, 38.7793012], [140.8863583, 38.7798973], [140.8853975, 38.7806971], [140.8850776, 38.7810509], [140.8848227, 38.7813978], [140.8843719, 38.7823017], [140.8838419, 38.7834761], [140.8836242, 38.783797], [140.8831324, 38.7842924], [140.8824474, 38.784809], [140.8812811, 38.7855864], [140.8806566, 38.7859237], [140.879917, 38.7861863], [140.8796324, 38.7863409], [140.8794955, 38.7864982], [140.8793367, 38.7869467], [140.8793243, 38.7871109], [140.8795039, 38.7872622], [140.8801848, 38.787589], [140.8804083, 38.7878166], [140.8808546, 38.7890389], [140.881034, 38.789184], [140.8814725, 38.7893361], [140.8824097, 38.789621], [140.8830343, 38.7899333], [140.8834423, 38.7902616], [140.883655, 38.790494], [140.8838914, 38.7909546], [140.8841302, 38.7915505], [140.8844797, 38.7921348], [140.8850891, 38.7928959], [140.8859428, 38.7936285], [140.8866885, 38.7940234], [140.8875768, 38.7942939], [140.8885414, 38.794482], [140.8894644, 38.794543], [140.8903274, 38.79446], [140.8920654, 38.794021], [140.8929414, 38.793978], [140.8938049, 38.7938396], [140.8946594, 38.793689], [140.895109, 38.7937117], [140.8960746, 38.7942878], [140.8971107, 38.7945925], [140.8973024, 38.7946749], [140.897483, 38.7947769], [140.8978561, 38.7950652], [140.8980452, 38.7951657], [140.8982608, 38.7952351], [140.8986491, 38.7953811], [140.8988049, 38.7955012], [140.8988669, 38.7956109], [140.8990783, 38.7961061], [140.8991872, 38.796269], [140.8999478, 38.7972334], [140.9001003, 38.7975036], [140.900297, 38.7979652], [140.9003787, 38.7980871], [140.9004871, 38.7981777], [140.9009231, 38.7983692], [140.9022083, 38.7988965], [140.903191, 38.7994633], [140.9033598, 38.7995501], [140.9038188, 38.7996743], [140.904203, 38.7998576], [140.9047489, 38.800122], [140.9052533, 38.8002423], [140.9051706, 38.8005394], [140.9050913, 38.8009243], [140.9050388, 38.8011789], [140.9049527, 38.8020875], [140.9049451, 38.8022273], [140.9049196, 38.8024436], [140.9049081, 38.8025408], [140.9048891, 38.8027023], [140.9051489, 38.8027287], [140.9054756, 38.8027618], [140.9059364, 38.802787], [140.9077201, 38.8027588], [140.9085315, 38.802746], [140.9090052, 38.802734], [140.9095939, 38.8027192], [140.9098685, 38.8027484], [140.9100652, 38.8027834], [140.9108544, 38.802999], [140.9110115, 38.8030211], [140.9114953, 38.8030047], [140.9122793, 38.8027512], [140.9124945, 38.8027144], [140.9129547, 38.8026999], [140.9133792, 38.8027462], [140.9136763, 38.8028348], [140.9139399, 38.8029823], [140.9148528, 38.803642], [140.9151369, 38.8038663], [140.9152645, 38.8039406], [140.91534, 38.8039843], [140.915588, 38.8040571], [140.9157424, 38.8040743], [140.9159418, 38.8040868], [140.9164798, 38.8040716], [140.91716, 38.8040546], [140.9173148, 38.8040611], [140.9175498, 38.8041127], [140.9181017, 38.8043256], [140.9194223, 38.8048578], [140.9195562, 38.804949], [140.9196657, 38.8050622], [140.9197624, 38.8052199], [140.9198654, 38.805574], [140.9199328, 38.8056986], [140.9200437, 38.8058092], [140.9201801, 38.805875], [140.9203158, 38.8059046], [140.9204714, 38.8059013], [140.9208134, 38.8058399], [140.9214537, 38.8057131], [140.9224274, 38.80552], [140.9227442, 38.8054998], [140.9230016, 38.8055258], [140.9233387, 38.8055776], [140.9237808, 38.8056872], [140.9245351, 38.8059779], [140.9257495, 38.8063997], [140.9261843, 38.8064469], [140.9273041, 38.8064384], [140.9277554, 38.80645], [140.9297314, 38.806422], [140.9301107, 38.8063892], [140.9303383, 38.8063536], [140.9305896, 38.8062984], [140.9313628, 38.8060398], [140.9318131, 38.8059208], [140.9332118, 38.8056892], [140.9338281, 38.8055567], [140.9340134, 38.8054958], [140.9341743, 38.8054065], [140.9347847, 38.8050498], [140.934988, 38.8049549], [140.9353887, 38.8048159], [140.9366222, 38.8043688], [140.9374552, 38.8040774], [140.9376775, 38.8039883], [140.937902, 38.8038883], [140.9381493, 38.8037783], [140.9385189, 38.8036775], [140.9388088, 38.8036599], [140.9390834, 38.80367], [140.9393735, 38.8037042], [140.93963, 38.8037553], [140.9399836, 38.8038803], [140.9408414, 38.8041752], [140.9409176, 38.8042066], [140.9414058, 38.8044104], [140.9417088, 38.8045576], [140.9419908, 38.8047235], [140.9422918, 38.8049548], [140.9425988, 38.8052589], [140.942971, 38.805603], [140.9430251, 38.805653], [140.9433206, 38.8059281], [140.943607, 38.8062661], [140.9437558, 38.8064782], [140.9438157, 38.806611], [140.9438228, 38.8066475], [140.9438444, 38.806759], [140.943899, 38.8069217], [140.9439362, 38.807005], [140.9439949, 38.8071081], [140.9441273, 38.807233], [140.9443693, 38.8074313], [140.944604, 38.8075383], [140.9447959, 38.8075652], [140.9449014, 38.80758], [140.9452038, 38.8075896], [140.9452967, 38.8075925], [140.9461267, 38.8076188], [140.9474598, 38.807661], [140.9478857, 38.8076815], [140.9482075, 38.807776], [140.948524, 38.8079588], [140.9487138, 38.8081202], [140.9487799, 38.8081765], [140.9492207, 38.8085342]], [[140.8321405, 38.710148], [140.832191, 38.7100933], [140.8324247, 38.7098554], [140.8327938, 38.7094796], [140.8338644, 38.7083741], [140.8339607, 38.7082747], [140.8340511, 38.7081827], [140.8345264, 38.7077025], [140.8355726, 38.7066455], [140.8356289, 38.7065899], [140.8366755, 38.7055564], [140.8369112, 38.7053023], [140.8371108, 38.7050646], [140.8373705, 38.7047129], [140.837572, 38.7044187], [140.83801, 38.7037001], [140.8392747, 38.701696], [140.8395682, 38.701236], [140.8398658, 38.7008512], [140.8402101, 38.7004663], [140.8405255, 38.7001533], [140.8412741, 38.6994447], [140.8421884, 38.6986167], [140.8429234, 38.6979781], [140.8429487, 38.6979546], [140.8446832, 38.696343], [140.8448597, 38.6961852], [140.8452509, 38.6958268], [140.8454359, 38.6956103], [140.8455938, 38.6953909], [140.8456975, 38.6951704], [140.845784, 38.6949236], [140.8459102, 38.6944495], [140.8460659, 38.6938407], [140.8461783, 38.6935495], [140.8463356, 38.6932572], [140.8465218, 38.6929651], [140.8467572, 38.6926696], [140.8469902, 38.6924119], [140.8474412, 38.6919557], [140.8475678, 38.691836], [140.8476279, 38.6917792], [140.849436, 38.6900623], [140.8514509, 38.6881457], [140.8515137, 38.688085], [140.8517263, 38.6878791], [140.852653, 38.6869619], [140.8536087, 38.6860847], [140.853712, 38.6859899], [140.8550218, 38.6847877], [140.8560388, 38.6838005], [140.8562728, 38.6835326], [140.8565744, 38.6831308], [140.8568698, 38.6825702], [140.8571204, 38.6819981], [140.8573192, 38.6815951], [140.8575015, 38.6812701], [140.8579688, 38.6804492], [140.8582911, 38.6799335], [140.8585509, 38.6795177], [140.8588302, 38.6791481], [140.8591047, 38.6788207], [140.859272, 38.6786389], [140.8599335, 38.6780348], [140.8601511, 38.6778186]], [[140.874371, 38.6614009], [140.8742039, 38.6615054], [140.8739339, 38.6616782], [140.8733734, 38.662077], [140.8729624, 38.6624013], [140.872582, 38.6627329], [140.8720009, 38.663299], [140.8719311, 38.6633626], [140.8715998, 38.663748], [140.8712788, 38.6641488], [140.869139, 38.6666958], [140.8690786, 38.6667673], [140.867427, 38.6687366], [140.867364, 38.6688099], [140.8660704, 38.6703877], [140.8659988, 38.6704751], [140.8659297, 38.6705596], [140.8641052, 38.6727911], [140.8634543, 38.67369], [140.8626831, 38.6748595], [140.8619846, 38.6759048], [140.8617302, 38.6762379], [140.8616039, 38.6763796], [140.8614625, 38.6765382], [140.8611955, 38.6768466], [140.8608416, 38.6771926], [140.8601511, 38.6778186]], [[140.880262, 38.6549535], [140.8802828, 38.6549993], [140.8804748, 38.6554217], [140.880568, 38.6556711], [140.8806157, 38.6558671], [140.8806432, 38.6560664], [140.8806388, 38.6563563], [140.8806083, 38.6566462], [140.8805901, 38.6567048], [140.8804792, 38.6570619], [140.8803038, 38.6574167], [140.8801418, 38.6576293], [140.8797413, 38.6580433], [140.8794201, 38.6583094], [140.8790274, 38.6585955], [140.8767474, 38.6599683], [140.8757548, 38.6605699], [140.8746942, 38.6611958], [140.874371, 38.6614009]], [[140.8601701, 38.6778499], [140.8608836, 38.677244], [140.8611855, 38.6769464], [140.8615253, 38.6765794], [140.8616612, 38.6764164], [140.8617453, 38.6763155], [140.8619871, 38.6759763], [140.8627169, 38.6748775], [140.8634651, 38.6737282], [140.8640481, 38.6729152], [140.8646914, 38.6721079], [140.8650526, 38.6716835], [140.8659789, 38.6705887], [140.8660463, 38.6705091], [140.8661224, 38.6704163], [140.8674167, 38.6688387], [140.8674779, 38.668764], [140.8683466, 38.6677264], [140.8691242, 38.6667923], [140.8691866, 38.6667204], [140.8719785, 38.6633889], [140.8720481, 38.663322], [140.8726507, 38.6627395], [140.8730129, 38.6624094], [140.8733812, 38.6621153], [140.8739581, 38.6617017], [140.8741771, 38.661563]], [[140.8743558, 38.6614498], [140.8747581, 38.661195], [140.8788522, 38.6587417], [140.8790504, 38.6586166], [140.879483, 38.6583251], [140.8798076, 38.6580467], [140.8801383, 38.6577204], [140.880213, 38.6576497], [140.8803841, 38.6573972], [140.8805217, 38.6571394], [140.8806061, 38.656905], [140.8806568, 38.6566849], [140.880688, 38.6563921], [140.8806983, 38.6561195], [140.8806643, 38.6558326], [140.8806168, 38.655666], [140.8805641, 38.6555035], [140.8803209, 38.6549794], [140.8803023, 38.6549394]], [[140.8599335, 38.6780348], [140.8601701, 38.6778499]], [[140.8789233, 38.6520582], [140.879192, 38.6526394], [140.880262, 38.6549535]], [[140.8803023, 38.6549394], [140.8789678, 38.6520377]], [[140.8741771, 38.661563], [140.8743558, 38.6614498]], [[140.8778293, 38.6496806], [140.8779078, 38.6498434], [140.8780295, 38.6500954], [140.8783553, 38.6507904], [140.8786877, 38.6515515], [140.8789025, 38.6520135], [140.8789233, 38.6520582]], [[140.8789678, 38.6520377], [140.8789449, 38.6519864], [140.8788321, 38.6517343], [140.8779572, 38.6498274], [140.8778853, 38.6496707], [140.8778293, 38.6496806], [140.8776883, 38.6497505], [140.8776626, 38.6497667], [140.8771016, 38.6501217], [140.8768889, 38.6502578], [140.8767347, 38.6503248], [140.8765697, 38.6503741], [140.8764138, 38.650417], [140.8762, 38.6504501], [140.8759391, 38.6504255], [140.87574, 38.650379], [140.8755858, 38.650309], [140.8750248, 38.6500541], [140.8739454, 38.6495638], [140.8734839, 38.6493723], [140.873307, 38.6492752], [140.8732057, 38.649197], [140.873097, 38.6490971], [140.8730212, 38.64898], [140.8729491, 38.6488781], [140.8729193, 38.6488361], [140.8728797, 38.6486248]], [[140.8679696, 38.6013718], [140.8683436, 38.6016811], [140.8688468, 38.6021002], [140.8689918, 38.6022408], [140.869278, 38.6025152], [140.8693511, 38.6026082], [140.8695072, 38.6028227], [140.8696425, 38.6031201], [140.8696744, 38.6032417], [140.8701, 38.604894], [140.8702197, 38.6053007], [140.8705171, 38.6066173], [140.8707613, 38.6076859], [140.8708515, 38.6080804], [140.8708694, 38.608488], [140.870859, 38.608879], [140.8708546, 38.6089042], [140.870638, 38.6103311], [140.870596, 38.6106698], [140.870649, 38.6118247], [140.8706822, 38.6119602], [140.8707578, 38.6121406], [140.8708514, 38.6122509], [140.8711574, 38.6125311], [140.8713045, 38.6126578], [140.8725635, 38.6137427], [140.8728219, 38.6140413], [140.8729396, 38.61423], [140.873033, 38.6144732], [140.8730631, 38.6147051], [140.8730151, 38.6149785], [140.8725186, 38.6163095], [140.871782, 38.617751], [140.8716891, 38.6180543], [140.8716483, 38.6183576], [140.8716566, 38.6186483], [140.8717047, 38.6189319], [140.8717876, 38.6191684], [140.871889, 38.619381], [140.8720817, 38.6196748], [140.8722981, 38.6200048], [140.8723851, 38.6201374], [140.8724401, 38.6202213], [140.8726708, 38.6206195], [140.8727013, 38.6206858], [140.8727348, 38.6207582], [140.872819, 38.620941], [140.873259, 38.622108], [140.8732652, 38.6221227], [140.873332, 38.62228], [140.873442, 38.6226392], [140.873457, 38.6228522], [140.8734353, 38.6230867], [140.8734039, 38.6232455], [140.8731665, 38.6239099], [140.8730656, 38.6241416], [140.8724328, 38.6255936], [140.8720276, 38.6266048], [140.8719759, 38.626782], [140.871979, 38.6269776], [140.8720359, 38.6272436], [140.8728632, 38.6292048], [140.8732918, 38.6302209], [140.8735926, 38.6308634], [140.8736422, 38.6310193], [140.8736409, 38.6311612], [140.873479, 38.6319735], [140.8730334, 38.6331507], [140.8728585, 38.6335217], [140.8722935, 38.6343245], [140.8718681, 38.634906], [140.8717782, 38.6350505], [140.8717328, 38.635186], [140.8717109, 38.6353314], [140.8717219, 38.6354705], [140.8717535, 38.6356564], [140.871828, 38.6358871], [140.8719457, 38.6364954], [140.8719415, 38.6367407], [140.8718792, 38.636933], [140.871687, 38.637497], [140.871494, 38.638425], [140.8709822, 38.6411217], [140.8705416, 38.6435318], [140.8704641, 38.6439064], [140.870447, 38.6439988], [140.8701768, 38.6454616], [140.8701062, 38.6458438], [140.869659, 38.648264], [140.8696287, 38.6484193], [140.8705301, 38.6483915], [140.8709602, 38.6483922], [140.8715816, 38.6483931], [140.8720054, 38.6483769], [140.8723407, 38.648327], [140.8727296, 38.6482267], [140.8727495, 38.6482787], [140.872839, 38.6485131], [140.8728797, 38.6486248]], [[140.8679696, 38.6013718], [140.8678055, 38.6012512], [140.8670561, 38.6006992], [140.8667243, 38.6004167], [140.866358, 38.599963], [140.866053, 38.599459], [140.865383, 38.598535], [140.864708, 38.597397], [140.8646547, 38.5973071], [140.864431, 38.59693], [140.8641823, 38.5964076], [140.864145, 38.59632], [140.8640826, 38.5960522], [140.8639894, 38.5956767], [140.8639065, 38.5952936], [140.8637001, 38.594401], [140.8636257, 38.5940839], [140.863294, 38.59267], [140.863098, 38.5921441], [140.8629453, 38.5918989], [140.8627356, 38.5916538], [140.8622508, 38.5912435], [140.8616245, 38.5907233], [140.8613689, 38.590505], [140.8611745, 38.5903591], [140.8610213, 38.5902316], [140.8608222, 38.5900179], [140.8607258, 38.589897], [140.860667, 38.589798], [140.8605549, 38.5895104], [140.860538, 38.5893958], [140.860515, 38.58924], [140.8604328, 38.5886641], [140.8603001, 38.5877337], [140.8601474, 38.5868598], [140.860082, 38.5862053], [140.8600497, 38.5857458], [140.8600454, 38.5856415], [140.8600276, 38.5852147], [140.8602524, 38.5840283], [140.860333, 38.583603], [140.860354, 38.582751], [140.8602819, 38.5808578], [140.8602506, 38.5800358], [140.8602028, 38.5787776], [140.8601637, 38.5777503], [140.8601458, 38.5772812], [140.8601184, 38.576711], [140.8600464, 38.5755012], [140.8600224, 38.5753005], [140.859912, 38.5743796], [140.8598212, 38.5737118], [140.859656, 38.572346], [140.8596185, 38.5718324], [140.8595597, 38.5713397], [140.8595286, 38.5708731], [140.8595188, 38.5705438], [140.8595004, 38.5698164], [140.8594743, 38.5688088], [140.8594005, 38.5677517], [140.8593898, 38.5667242], [140.8593792, 38.565705], [140.8593753, 38.5653294], [140.85934, 38.563951], [140.8592832, 38.5633], [140.859277, 38.563229], [140.8593766, 38.5627714], [140.859446, 38.562597], [140.8595999, 38.5622849], [140.8601183, 38.5612339], [140.8602865, 38.5608998], [140.8600786, 38.5607276], [140.8595165, 38.56011], [140.8593711, 38.5599411], [140.8590604, 38.5595801], [140.8589221, 38.5594195], [140.8564735, 38.5566472], [140.8562538, 38.5563938], [140.855022, 38.555048], [140.8547079, 38.5544975], [140.854644, 38.5543895], [140.854505, 38.5541683], [140.853045, 38.551866], [140.852806, 38.551226], [140.852582, 38.550492], [140.8520337, 38.5487701], [140.851975, 38.548614], [140.8515173, 38.5475952], [140.8514112, 38.5473591], [140.8511065, 38.546445], [140.8509799, 38.5460633], [140.850899, 38.5457085], [140.8508588, 38.5453727], [140.8508669, 38.5451453], [140.8509239, 38.5449243], [140.8510124, 38.5448003], [140.8511995, 38.5447246], [140.8519524, 38.5444518], [140.8520845, 38.5443896], [140.852434, 38.544225], [140.8526315, 38.5440788], [140.8527151, 38.5439516], [140.8527686, 38.5438182], [140.8528026, 38.5436768], [140.8528206, 38.5435213], [140.8528479, 38.5431418], [140.8528799, 38.542105], [140.8528962, 38.5418776], [140.8529393, 38.5416233], [140.8531357, 38.5404642], [140.8532615, 38.5396996], [140.8533337, 38.5393871], [140.8534183, 38.5391009], [140.853503, 38.5388974], [140.8535784, 38.5387406], [140.8536451, 38.5386194], [140.8536546, 38.5385934], [140.8538471, 38.5383319], [140.8547921, 38.5368858], [140.855261, 38.536163], [140.856263, 38.534736], [140.8568739, 38.5338118], [140.8573762, 38.5330601], [140.8575245, 38.5328197], [140.8584701, 38.5314345], [140.8585194, 38.5313552], [140.8587952, 38.5309318], [140.8590711, 38.5304671], [140.859496, 38.52989], [140.8597158, 38.5293609], [140.8600486, 38.5279649], [140.8602214, 38.5272994], [140.8608816, 38.5244087], [140.8612072, 38.522905], [140.8612822, 38.5225873], [140.8613191, 38.5224309], [140.861694, 38.520776], [140.861827, 38.520209], [140.8619095, 38.519916], [140.8621578, 38.5189268], [140.8623924, 38.5181352], [140.8624074, 38.5180682], [140.862549, 38.5175732], [140.8627108, 38.5171581], [140.862792, 38.517034], [140.8634817, 38.5160132], [140.863928, 38.5153808], [140.8643482, 38.5147775], [140.8649201, 38.5139244], [140.8649664, 38.5138619], [140.8650261, 38.5137713], [140.8655927, 38.5130066], [140.8657814, 38.5127834], [140.8660821, 38.5124444], [140.8669543, 38.5113913], [140.8670713, 38.51126], [140.867224, 38.511084], [140.867633, 38.510497], [140.8676631, 38.5102666], [140.867667, 38.510237], [140.867702, 38.509841], [140.867579, 38.509117], [140.867537, 38.508801], [140.867283, 38.507848], [140.8670027, 38.506929], [140.8669189, 38.5067108], [140.8663325, 38.5056491], [140.8660995, 38.5052041], [140.865902, 38.50483], [140.8653571, 38.5040136], [140.8648821, 38.5034295], [140.8643629, 38.5027305], [140.8639294, 38.5021469], [140.8637181, 38.5017869], [140.8636861, 38.5017323], [140.863493, 38.501336], [140.863069, 38.5001001], [140.8629562, 38.4997711], [140.862847, 38.499366], [140.862804, 38.498651], [140.8628095, 38.4973515], [140.8628156, 38.4959237], [140.8628336, 38.4950809], [140.862831, 38.494507], [140.862827, 38.493243], [140.862852, 38.491933], [140.862905, 38.490327], [140.8630205, 38.488639], [140.8630574, 38.4877698], [140.863036, 38.486907], [140.8630253, 38.4862811], [140.862997, 38.4857973], [140.8630118, 38.4854667], [140.8630979, 38.4851174], [140.8632422, 38.4845734], [140.863268, 38.484476], [140.8634772, 38.48394], [140.8635509, 38.483702], [140.8635928, 38.4835665], [140.8637382, 38.4829927], [140.863827, 38.48281], [140.8640564, 38.4824212], [140.8643, 38.482198], [140.866429, 38.480662], [140.866985, 38.480012], [140.867292, 38.479285], [140.867372, 38.478576], [140.8673697, 38.4782711], [140.8673665, 38.4778459], [140.8673608, 38.4770785], [140.867351, 38.47577], [140.86725, 38.474421], [140.866954, 38.472141], [140.8669343, 38.4717359], [140.866933, 38.471435], [140.8669556, 38.4712262], [140.867006, 38.470759], [140.8672384, 38.4699323], [140.867381, 38.469425], [140.86803, 38.468143], [140.8683441, 38.4676115], [140.8688343, 38.4667944], [140.869024, 38.466461], [140.8701608, 38.4647877], [140.870478, 38.464396], [140.8708124, 38.4639576], [140.8710642, 38.4636275], [140.8725, 38.461745], [140.872912, 38.4613101], [140.873365, 38.460832], [140.8736991, 38.4605115], [140.874444, 38.459797], [140.874767, 38.459386], [140.874861, 38.459213], [140.8753514, 38.4583838], [140.8754835, 38.4581605], [140.8757914, 38.45764], [140.876222, 38.456912], [140.876474, 38.456592], [140.876627, 38.456359], [140.8767756, 38.456191], [140.8776696, 38.4555606], [140.8788657, 38.4547942], [140.878988, 38.454766], [140.879062, 38.454758], [140.8792105, 38.4547825], [140.8793384, 38.4548098]], [[140.8776696, 38.4555606], [140.8775938, 38.4554733], [140.8775075, 38.4553719], [140.8774369, 38.4552675], [140.8773742, 38.4551385], [140.8773389, 38.4549973], [140.8773428, 38.4548499], [140.8773663, 38.454724], [140.8775271, 38.4541988], [140.8775663, 38.4540545], [140.8775781, 38.453947], [140.877582, 38.4537873], [140.8775546, 38.4536798], [140.8775153, 38.4535723], [140.8769153, 38.4521412], [140.8765585, 38.4512844], [140.8763624, 38.4508575], [140.8760957, 38.4501665], [140.8756369, 38.4489227], [140.8753092, 38.448057], [140.875158, 38.4479514], [140.8749269, 38.4473551], [140.8747717, 38.4469414], [140.8745414, 38.4463456], [140.8740409, 38.4449889], [140.8735834, 38.4437998], [140.8736847, 38.4437706], [140.874147, 38.4449591], [140.8746561, 38.4463268], [140.8748559, 38.4468901], [140.8752684, 38.4479497], [140.8753092, 38.448057]], [[140.8735834, 38.4437998], [140.873045, 38.4439226], [140.8727073, 38.4440168], [140.8726519, 38.4440221], [140.8726079, 38.4440025], [140.8725703, 38.4439654], [140.872237, 38.4433873], [140.8720137, 38.4431783], [140.8715413, 38.4429135], [140.8710681, 38.4427355], [140.8710066, 38.4427123], [140.8703665, 38.442487], [140.8690035, 38.4421146], [140.8678071, 38.4417439], [140.8676422, 38.4416976], [140.8669735, 38.4414994], [140.8667545, 38.4414279], [140.8666112, 38.4413862], [140.8664618, 38.4413363], [140.8664341, 38.4411667], [140.8663845, 38.4410755], [140.8663622, 38.4409769], [140.8663611, 38.440874], [140.866325, 38.4390149], [140.8663165, 38.4384706], [140.8663153, 38.4383872], [140.8663122, 38.4382726], [140.866308, 38.4376442], [140.8662995, 38.4373008], [140.8662814, 38.4368505], [140.8662545, 38.4365789], [140.8662256, 38.4363941], [140.8662007, 38.4362179], [140.8661331, 38.4358871], [140.8659872, 38.4353466], [140.8657456, 38.4344459], [140.8656121, 38.4339407], [140.8655099, 38.4335775], [140.8654544, 38.4334158], [140.8653559, 38.4332107], [140.8649535, 38.4325934], [140.8646066, 38.4320331], [140.8641973, 38.4313897], [140.8640137, 38.4311051], [140.8638319, 38.4308133], [140.863649, 38.4305415], [140.8635145, 38.4303108], [140.863383, 38.4301024], [140.8632899, 38.4299788], [140.8631956, 38.4298748], [140.8630867, 38.4297796], [140.8629097, 38.429655], [140.8627233, 38.4295517], [140.8619353, 38.4292479], [140.8617286, 38.429147], [140.8615644, 38.4290448], [140.8614529, 38.42896], [140.8609698, 38.4285337], [140.8590629, 38.4267013], [140.858738, 38.426107], [140.8579941, 38.424581], [140.8577945, 38.4241628], [140.8575406, 38.423407], [140.8575132, 38.423296], [140.8574608, 38.4230049], [140.8574896, 38.422465], [140.8576246, 38.421498], [140.8576892, 38.4210988], [140.8578066, 38.4206643], [140.8578483, 38.4205504], [140.8580024, 38.4202617], [140.858752, 38.4191111], [140.858795, 38.4190358], [140.8588347, 38.4189573], [140.8589585, 38.4186116], [140.8593049, 38.4175799], [140.8594958, 38.4170018], [140.8595813, 38.4167526], [140.8595999, 38.4167009], [140.8596126, 38.41664], [140.8596293, 38.4164836], [140.8597412, 38.4153777], [140.859937, 38.4135362], [140.8599525, 38.4133994], [140.8597766, 38.4133863], [140.8593359, 38.4133534], [140.8586991, 38.4133105], [140.8575278, 38.4132339], [140.8574674, 38.4132257], [140.8572157, 38.4131963], [140.8570447, 38.4131642], [140.8568859, 38.413113], [140.8565141, 38.4129712], [140.8563775, 38.412916], [140.8562747, 38.4128736], [140.8550414, 38.4123634], [140.8547916, 38.4122687], [140.8542079, 38.4120816], [140.8534572, 38.4118546], [140.8533406, 38.4118169], [140.8527519, 38.4116274], [140.8524533, 38.4114994], [140.8522114, 38.4113362], [140.8519905, 38.4111233], [140.8518653, 38.4110154], [140.8507832, 38.4098701], [140.8496654, 38.4087263], [140.8493769, 38.4084615], [140.8491246, 38.4081639], [140.8483504, 38.4069321], [140.848201, 38.4066741], [140.8481064, 38.4065194], [140.8479358, 38.4062659], [140.8478002, 38.4061301], [140.8475968, 38.4060013], [140.8460634, 38.4051885], [140.8458757, 38.405089], [140.8457168, 38.4050142], [140.8439648, 38.4041891], [140.843069, 38.4037556], [140.8428395, 38.4035959], [140.8427201, 38.4034847], [140.8426254, 38.4033445], [140.842426, 38.402988], [140.8423287, 38.4027878], [140.8422592, 38.4026535], [140.8421258, 38.4024802], [140.8419595, 38.402327], [140.8418646, 38.4022753], [140.8416364, 38.4021762], [140.8410749, 38.4019904], [140.8404619, 38.4017982], [140.8399378, 38.4016233], [140.8394905, 38.4014525], [140.8388217, 38.401213], [140.8385202, 38.4010878], [140.8381523, 38.4009188], [140.8375175, 38.4005929], [140.8370184, 38.4003194], [140.8365571, 38.4000437], [140.8358337, 38.399557], [140.8354467, 38.3992624], [140.8351545, 38.3990058], [140.8342607, 38.3981723], [140.8324384, 38.3964791], [140.8317301, 38.3958141], [140.8313037, 38.3953945], [140.8310465, 38.3951752], [140.8304253, 38.3945593], [140.8302737, 38.3943794], [140.8299744, 38.3940197], [140.829626, 38.3935599], [140.8293373, 38.3932222], [140.8291225, 38.3930599], [140.8288651, 38.3929029], [140.8286769, 38.3927877], [140.8282038, 38.3925478], [140.8272943, 38.3921643], [140.826923, 38.3919792], [140.8265891, 38.3917897], [140.8264136, 38.3916522], [140.8260444, 38.3913715], [140.8257995, 38.3911801], [140.8248378, 38.3903919], [140.8244782, 38.3901143], [140.8240679, 38.3898182], [140.8236007, 38.3895141], [140.8210217, 38.3880204], [140.8207759, 38.3878936], [140.8204806, 38.3877698], [140.8195574, 38.387454], [140.8194897, 38.3874328], [140.8178243, 38.386912], [140.8177107, 38.3868704], [140.8161826, 38.386389], [140.8159711, 38.3863293], [140.8139999, 38.3856948], [140.8137255, 38.3855965], [140.8136206, 38.3855487], [140.8134681, 38.3854817], [140.8133157, 38.3853852], [140.8131368, 38.3852407], [140.8129707, 38.3850696], [140.8128377, 38.3848355], [140.8127481, 38.3846539], [140.8126956, 38.3844682], [140.8126344, 38.384163], [140.8120012, 38.3811325], [140.8114464, 38.3785424], [140.8113896, 38.3782798], [140.8113234, 38.3781128], [140.8112061, 38.3779457], [140.811076, 38.3778144], [140.8109158, 38.3777055], [140.8106693, 38.3776111], [140.8103783, 38.3775533], [140.8100766, 38.3775124], [140.8097789, 38.3774411], [140.8095984, 38.3773546], [140.8094126, 38.3772471], [140.8090763, 38.3769104], [140.8086757, 38.376519], [140.808448, 38.3763484], [140.8081881, 38.3762157], [140.8079436, 38.3761448], [140.807683, 38.3761033], [140.8074139, 38.3760876], [140.8072228, 38.3760822], [140.8066293, 38.3761482], [140.80516, 38.3762979], [140.804785, 38.3763214], [140.8041997, 38.3762634], [140.803814, 38.37614], [140.803444, 38.376011], [140.8018242, 38.3753012], [140.80058, 38.374756], [140.799103, 38.374217], [140.7986173, 38.3740718], [140.7982378, 38.3740319], [140.7979689, 38.3740446], [140.7974239, 38.3741349], [140.7969464, 38.3742023], [140.7967061, 38.3742032], [140.796417, 38.374176], [140.7954429, 38.3739043], [140.7945225, 38.3736157], [140.7939379, 38.3734442], [140.793364, 38.3733147], [140.7925572, 38.373174], [140.7919168, 38.3730571], [140.7918129, 38.3730325], [140.7916492, 38.3729766], [140.7914843, 38.3729014], [140.7912831, 38.3727611], [140.7911618, 38.3726207], [140.7910933, 38.3725033], [140.7910451, 38.3724208], [140.7908832, 38.3718184], [140.7907709, 38.3714544], [140.7906746, 38.3712445], [140.7905591, 38.3710449], [140.7903065, 38.370757], [140.7902047, 38.3706354], [140.7901489, 38.3704345], [140.7901255, 38.3703045], [140.7901305, 38.3701404], [140.7901678, 38.3699078], [140.7902277, 38.3697112], [140.7906129, 38.3688162], [140.7906274, 38.368622], [140.7905963, 38.3684709], [140.7905073, 38.3682796], [140.7900704, 38.3676463], [140.7899948, 38.3675001], [140.7899586, 38.3673362], [140.7899715, 38.3670807], [140.790013, 38.3668111], [140.7900376, 38.3666512], [140.7900851, 38.3662046], [140.7901243, 38.3658369], [140.7901055, 38.3656323], [140.7901021, 38.3655947], [140.7899755, 38.3651517], [140.7899444, 38.3650226], [140.7899252, 38.3649046], [140.7899251, 38.3647977], [140.7899249, 38.3646678], [140.7899844, 38.3641057], [140.7899909, 38.3640443], [140.7899914, 38.3637861], [140.789992, 38.3634975], [140.7899716, 38.3631287], [140.789967, 38.3629912], [140.7899555, 38.3628703], [140.7899224, 38.3626779], [140.7898477, 38.3624104], [140.7899266, 38.3623687], [140.7900073, 38.3622794], [140.7900563, 38.3621898], [140.7900863, 38.3621268], [140.7901057, 38.3620448], [140.7901294, 38.3618768], [140.7901346, 38.3618399], [140.7901701, 38.3616142], [140.7902906, 38.3612403], [140.7903541, 38.3611546], [140.7905618, 38.3609871], [140.7906551, 38.3609054], [140.7907225, 38.360824], [140.7910602, 38.3605667], [140.7911147, 38.3604881], [140.7911518, 38.3602457], [140.7911631, 38.3601464], [140.7911913, 38.3600364], [140.7912647, 38.3598793], [140.7913529, 38.3596981], [140.7914692, 38.3595293], [140.7915813, 38.3594138], [140.7918896, 38.3590796], [140.7919557, 38.3589981], [140.7919701, 38.3589431], [140.7919531, 38.3588751], [140.7917233, 38.3584903], [140.7916, 38.358316], [140.791571, 38.358276], [140.791546, 38.358238], [140.791494, 38.358154], [140.791461, 38.358091], [140.791443, 38.358042], [140.791424, 38.357974], [140.791411, 38.357912], [140.79141, 38.357837], [140.7914105, 38.3577675], [140.791412, 38.357529], [140.791431, 38.357247], [140.791435, 38.357179], [140.791435, 38.357003], [140.791429, 38.3566802], [140.7914474, 38.3565663], [140.7914803, 38.3564061], [140.7915169, 38.3562553], [140.7915676, 38.356112], [140.7916581, 38.3559562], [140.7918791, 38.3556717], [140.7920346, 38.3554692], [140.7921519, 38.3552322], [140.7922315, 38.3550358], [140.7922613, 38.3549094], [140.7922723, 38.3548627], [140.7923504, 38.354531], [140.7924473, 38.3541192], [140.7925647, 38.3537784], [140.7926957, 38.3534363], [140.792797, 38.353213], [140.7929805, 38.3528309], [140.7934082, 38.3521078], [140.793746, 38.3515919], [140.7939031, 38.3513602], [140.7939972, 38.3511752], [140.7941262, 38.350937], [140.79416, 38.3508372], [140.794154, 38.3507883], [140.7941078, 38.3507294], [140.7942416, 38.350447], [140.7942727, 38.350302], [140.7942776, 38.3499764], [140.7942923, 38.3498654], [140.7944066, 38.349508], [140.7946503, 38.3489478], [140.7948305, 38.3485072], [140.7950694, 38.3480452], [140.7953278, 38.3476114], [140.7956043, 38.3472302], [140.795804, 38.3470089], [140.7963055, 38.3465694], [140.7964956, 38.3464138], [140.7961934, 38.3460135], [140.7960646, 38.3458658], [140.7960202, 38.3458064], [140.795982, 38.3457422], [140.7959763, 38.3456831], [140.7960045, 38.3456537], [140.7961736, 38.3455854], [140.7973096, 38.345111], [140.7975672, 38.3450152], [140.7975399, 38.3449332], [140.7970531, 38.3439515], [140.7977519, 38.3437154], [140.7982737, 38.3435271], [140.7983467, 38.3435019], [140.7983708, 38.3434935], [140.7984292, 38.3434742], [140.7987801, 38.3433478], [140.8003238, 38.3428108], [140.8004673, 38.3427305], [140.8005447, 38.3426552], [140.8005904, 38.3425773], [140.8006312, 38.3423968], [140.8006631, 38.3420596], [140.8006959, 38.3417129], [140.8007585, 38.3412461], [140.8008097, 38.340864], [140.8008258, 38.3407652], [140.8008294, 38.3407521], [140.8008574, 38.3406504], [140.8008887, 38.3404934], [140.8008945, 38.3404626], [140.8009395, 38.3402229], [140.8010402, 38.339686], [140.8013747, 38.338057], [140.8014796, 38.3378387], [140.8018439, 38.3374792], [140.8019341, 38.3373383], [140.8019925, 38.3371826], [140.8021259, 38.3362037], [140.802203, 38.335396], [140.8023377, 38.3341229], [140.8023241, 38.3339628], [140.8022593, 38.3335134], [140.8021723, 38.333208]], [[140.7898477, 38.3624104], [140.7897486, 38.3621267], [140.7896961, 38.3619831], [140.7896177, 38.3618284], [140.7895042, 38.3616486], [140.7892918, 38.3613309], [140.7892022, 38.3612217], [140.7890318, 38.361014], [140.7887274, 38.3607407], [140.7882642, 38.3603752], [140.7878885, 38.3601282], [140.786554, 38.3592505], [140.786305, 38.3590762], [140.7860183, 38.3588854], [140.7846172, 38.3579529], [140.7844355, 38.35784], [140.7839023, 38.3574917], [140.7829517, 38.3568408], [140.7827852, 38.3567357], [140.7826216, 38.3566304], [140.7818988, 38.3561102], [140.7814623, 38.355758], [140.7812599, 38.3555739], [140.7810244, 38.3553408], [140.7807644, 38.3550439], [140.7806291, 38.3548421], [140.7805303, 38.3546948], [140.7804282, 38.3545249], [140.7802762, 38.3542042], [140.7801392, 38.3538328], [140.7800694, 38.3534469], [140.7800351, 38.352979], [140.7800372, 38.3527912], [140.7800491, 38.3526018], [140.7801139, 38.3522254], [140.7802241, 38.3518503], [140.7803157, 38.3516089], [140.7804751, 38.3512657], [140.7806256, 38.3510325], [140.7807747, 38.3508259], [140.7810985, 38.3504291], [140.781526, 38.350007], [140.782213, 38.349424], [140.783853, 38.34809], [140.7851641, 38.347024], [140.787019, 38.345504], [140.7895274, 38.3434592], [140.7900249, 38.3430542], [140.7916779, 38.3416996], [140.7927397, 38.3408345], [140.7927654, 38.3408122], [140.793151, 38.340477], [140.7938145, 38.3399499], [140.7938699, 38.3399059], [140.7939759, 38.339824], [140.7941197, 38.3397066], [140.7942395, 38.3396089], [140.795755, 38.338365], [140.7971425, 38.3372327], [140.799918, 38.334987], [140.800217, 38.334735], [140.8007575, 38.3342069], [140.8010834, 38.333778], [140.8013056, 38.3334136], [140.8014508, 38.3330747], [140.8015418, 38.3328031], [140.8016241, 38.3324443], [140.8016515, 38.3322204], [140.8016647, 38.3320076], [140.80166, 38.3317662], [140.8016341, 38.3315359], [140.8015893, 38.3312835], [140.801495, 38.33097], [140.8014212, 38.3307431], [140.8013698, 38.3306185], [140.8015581, 38.3305539], [140.8017358, 38.3304907], [140.8019706, 38.3303897], [140.8021102, 38.3303275], [140.8022014, 38.3302868], [140.8025432, 38.3301242], [140.8030503, 38.3298826], [140.804054, 38.3294053], [140.8042077, 38.3293233], [140.804303, 38.3292788], [140.804506, 38.32918], [140.8051668, 38.3288707], [140.8057973, 38.3285595], [140.8063591, 38.3282952], [140.8065672, 38.3281993], [140.8066385, 38.3281703], [140.8069069, 38.3280613], [140.8070492, 38.3280125], [140.8069863, 38.3278921], [140.8069368, 38.3278426], [140.8068764, 38.327809], [140.8068209, 38.3277908], [140.8065603, 38.3277452], [140.8064927, 38.3277388], [140.8064457, 38.3277454], [140.8064073, 38.3277598], [140.8063661, 38.3277994], [140.8063284, 38.3278481], [140.806299, 38.3278749], [140.8062487, 38.3279015], [140.8061998, 38.3279071], [140.8061363, 38.3279034], [140.805935, 38.3278806], [140.8057203, 38.3278677], [140.805553, 38.327858], [140.8054414, 38.3278493], [140.8053483, 38.3278421], [140.8050651, 38.3278263], [140.8046022, 38.3278011], [140.804138, 38.327776], [140.804013, 38.327783], [140.803776, 38.3278009], [140.8035356, 38.3278458], [140.8032241, 38.3279255], [140.8027333, 38.3280849], [140.8020994, 38.3282583], [140.8019273, 38.3283058], [140.8014742, 38.3284245], [140.8010816, 38.3285335], [140.8006971, 38.3286446], [140.8005034, 38.3287139], [140.800358, 38.328775], [140.8002399, 38.3288337], [140.8001382, 38.3288844], [140.8000578, 38.3289357], [140.7999069, 38.3290252], [140.8000586, 38.329134], [140.8002775, 38.3292882], [140.8005133, 38.329478], [140.8007847, 38.329741], [140.800957, 38.3299643], [140.8011571, 38.3302646], [140.8013102, 38.3304974], [140.8013698, 38.3306185]], [[140.7999069, 38.3290252], [140.7997568, 38.3289408], [140.7993682, 38.3287219], [140.798869, 38.3284993], [140.7982177, 38.3282867], [140.7973291, 38.3280202], [140.7965357, 38.3277313], [140.7959842, 38.3275018], [140.7958482, 38.3274349], [140.794974, 38.3270048], [140.7939417, 38.3264803], [140.7934295, 38.3262277], [140.7927018, 38.3258159], [140.792026, 38.3253787], [140.7917068, 38.3251562], [140.7911754, 38.3246838], [140.7904931, 38.3240129], [140.7904009, 38.3239209], [140.7899011, 38.3234137], [140.7894042, 38.3229159], [140.7892568, 38.3227771], [140.7891216, 38.3226574], [140.7889202, 38.3225042], [140.788665, 38.3223422], [140.7883506, 38.3221748], [140.7881453, 38.3220745], [140.7876743, 38.321817], [140.7873952, 38.3216014], [140.7872648, 38.3214828], [140.7865431, 38.3207916], [140.7860443, 38.3202874], [140.7858844, 38.320094], [140.7856353, 38.3197042], [140.7854151, 38.3193299], [140.7852868, 38.3191382], [140.7851641, 38.3189819], [140.7849886, 38.3188002], [140.7849156, 38.3187393], [140.7844863, 38.3183811], [140.7837454, 38.3176885], [140.783672, 38.3176063], [140.7836255, 38.3175452], [140.7835768, 38.317465], [140.7835243, 38.3173396], [140.7835006, 38.3172263], [140.7834942, 38.3171108], [140.7835061, 38.3169927], [140.7835502, 38.3168524], [140.783651, 38.3166163], [140.7836934, 38.3164956], [140.7837095, 38.3164308], [140.783718, 38.3163504], [140.7837104, 38.3162372], [140.7836964, 38.3161567], [140.7836754, 38.3160931], [140.7836222, 38.3159964], [140.7835477, 38.3158996], [140.783398, 38.3157753], [140.7833618, 38.315755], [140.7831779, 38.3156517], [140.7829071, 38.3155332], [140.7828247, 38.3154972], [140.7825835, 38.3153917], [140.7825108, 38.3153498], [140.7823481, 38.315256], [140.7820773, 38.3150371], [140.7819997, 38.3149682], [140.7815961, 38.3145741], [140.7810132, 38.3140381], [140.7807335, 38.3137601], [140.7804685, 38.313497], [140.7801638, 38.3131558], [140.7799627, 38.3128823], [140.7797031, 38.3124831], [140.7795795, 38.312253], [140.7794684, 38.3119464], [140.7793665, 38.3115645], [140.7793334, 38.3113945], [140.7793051, 38.3112421], [140.7792806, 38.3108423], [140.7792723, 38.3098171], [140.7792706, 38.3095451], [140.779251, 38.3093596], [140.7792024, 38.3091779], [140.7790784, 38.3088893], [140.7789023, 38.3085838], [140.7784463, 38.3079751], [140.7781876, 38.3073831], [140.7780566, 38.30687], [140.7779195, 38.3065787], [140.7778527, 38.3064701], [140.7777519, 38.3063062], [140.7776433, 38.3061775], [140.7771726, 38.3058139], [140.7769892, 38.305636], [140.7764877, 38.3050221], [140.7763055, 38.3048488], [140.7760387, 38.3046109], [140.7758267, 38.3043718], [140.7751848, 38.3034938], [140.7747884, 38.3029515], [140.7745612, 38.3025619], [140.7744297, 38.3022693], [140.7743713, 38.3020308], [140.7743538, 38.3017791], [140.7743612, 38.3014987], [140.7744168, 38.3012296], [140.7745144, 38.3009411], [140.7746627, 38.3006393], [140.7753077, 38.2996665], [140.7754747, 38.2993397], [140.775567, 38.2990556], [140.7756147, 38.2987807], [140.7756508, 38.2974699], [140.7756749, 38.296801], [140.7757214, 38.2965483], [140.7757773, 38.296359], [140.7758718, 38.2961793], [140.7759848, 38.296024], [140.776117, 38.295901], [140.7762121, 38.2958259], [140.7762397, 38.295808], [140.7764299, 38.2956843], [140.7768795, 38.2954403], [140.7772194, 38.2952185], [140.777486, 38.2949834], [140.7785617, 38.2937747], [140.778759, 38.293575], [140.779047, 38.293267], [140.7791668, 38.2931692], [140.7802556, 38.2923045], [140.780556, 38.2920685], [140.7807814, 38.29188], [140.780975, 38.291698], [140.78112, 38.2915133], [140.7812316, 38.2913312], [140.7813843, 38.2909881], [140.7815024, 38.2908037], [140.7816291, 38.2906875], [140.7820753, 38.2904443], [140.7826466, 38.2901765], [140.7831242, 38.2898786], [140.7847095, 38.2885284], [140.7848155, 38.2884375], [140.7849582, 38.2883012], [140.7852727, 38.2879048], [140.7855853, 38.287499], [140.7856627, 38.2873912], [140.7857586, 38.2872678], [140.7864045, 38.2863989], [140.7864286, 38.2863685], [140.7879438, 38.2843008], [140.7881828, 38.2839678], [140.7882062, 38.2839382], [140.7884056, 38.2836518], [140.7885367, 38.2834328], [140.7886922, 38.2831356], [140.7887252, 38.2830689], [140.7888319, 38.2828062], [140.7889223, 38.2825564], [140.7889687, 38.2823734], [140.7890023, 38.282191], [140.7890536, 38.2818314], [140.7890944, 38.2811704], [140.7891259, 38.2801183], [140.7891425, 38.279946], [140.7891679, 38.2797918], [140.7892006, 38.2797065], [140.7892427, 38.2795967], [140.7893334, 38.279417], [140.7894829, 38.2792114], [140.7902004, 38.2786039], [140.7902501, 38.2785621], [140.7904045, 38.2783463], [140.7905109, 38.2781532], [140.7905763, 38.2779555], [140.7906589, 38.2775466], [140.7907156, 38.2772383], [140.7907368, 38.2770742], [140.7911953, 38.2769383], [140.7918897, 38.2767259], [140.7928873, 38.2764328], [140.793099, 38.2763656], [140.7931232, 38.2762034], [140.7932358, 38.2756176], [140.7934021, 38.2748554], [140.7934666, 38.274499], [140.7934936, 38.2743861], [140.7937109, 38.2733755], [140.7937407, 38.2732416], [140.7938494, 38.2727088], [140.7939616, 38.2720112], [140.7939517, 38.2719108], [140.7939225, 38.2717923], [140.7937646, 38.2718407], [140.7936838, 38.271868], [140.7931933, 38.2720239], [140.7926255, 38.2722057], [140.792418, 38.272253], [140.7919175, 38.2723598], [140.7906379, 38.2725554], [140.7904326, 38.2725875], [140.7902476, 38.2726194], [140.7891948, 38.2727648], [140.7889826, 38.2727921], [140.7884821, 38.2728565], [140.7880911, 38.2728788], [140.7875679, 38.2729086], [140.7870024, 38.2729406], [140.7858526, 38.2730058], [140.7850093, 38.2730395], [140.7848736, 38.2730456], [140.7847457, 38.2730531], [140.7822343, 38.2732254], [140.7818568, 38.2732505], [140.7813798, 38.2732823], [140.7804138, 38.2733466], [140.7801287, 38.2733543], [140.7800773, 38.2733557], [140.7798221, 38.2733574], [140.7795245, 38.2733513], [140.7792176, 38.273345], [140.7788552, 38.273309], [140.7782181, 38.2732556], [140.7777559, 38.2732168], [140.7773353, 38.2731815], [140.7765059, 38.2731121], [140.7764245, 38.2731053], [140.7760932, 38.2730776], [140.7758726, 38.2730576], [140.7758096, 38.2730519], [140.7754961, 38.2730249], [140.7752402, 38.2730029], [140.7749854, 38.272981], [140.7746395, 38.2729513], [140.7741257, 38.2728534], [140.7740152, 38.2728324], [140.7735949, 38.2727523], [140.7730219, 38.2726432], [140.7728953, 38.2726164], [140.7728687, 38.2726108], [140.7719916, 38.2724256], [140.7718862, 38.272403], [140.7717124, 38.2723657], [140.7716395, 38.272345], [140.7715631, 38.2723233], [140.771413, 38.2722807], [140.7708739, 38.2721278], [140.7706881, 38.2720751], [140.7702321, 38.2719602], [140.7695518, 38.2718563], [140.7691717, 38.2718014], [140.7688094, 38.271749], [140.7686056, 38.2717194], [140.7684703, 38.2717014], [140.7679762, 38.2716359], [140.7677718, 38.2716087], [140.7676741, 38.2715957], [140.7674039, 38.2715599], [140.7669828, 38.2715039], [140.7668372, 38.2714831], [140.7665998, 38.2714491], [140.7662972, 38.2714057], [140.7662179, 38.2713954], [140.7660244, 38.2713703], [140.7655635, 38.2713104], [140.7653251, 38.2712795], [140.7651719, 38.2712596], [140.7649623, 38.2712324], [140.7647967, 38.2712109], [140.764633, 38.2711897], [140.7645781, 38.2711826], [140.7645615, 38.2711804], [140.7644657, 38.2711679], [140.7641379, 38.2711222], [140.7636865, 38.2710589], [140.763569, 38.2710443], [140.7634474, 38.271029], [140.7631658, 38.2709944], [140.7629274, 38.2709707], [140.762558, 38.2709547], [140.7622353, 38.2709602], [140.7617424, 38.271017], [140.7616111, 38.2710388], [140.7615109, 38.2710583], [140.7613199, 38.2711026], [140.7605866, 38.2713214], [140.7596296, 38.2716112], [140.759488, 38.2716454], [140.7592386, 38.2716888], [140.7588781, 38.2717278], [140.7588608, 38.2717297], [140.758308, 38.2717826], [140.7576683, 38.271825], [140.7574176, 38.2718401], [140.7570563, 38.2718618], [140.7569627, 38.2718674], [140.7568645, 38.2718744], [140.7563919, 38.2719081], [140.7550905, 38.272001], [140.7547135, 38.2719707], [140.7544566, 38.2719501], [140.7542937, 38.2719276], [140.7540333, 38.2718701], [140.7535762, 38.2717795], [140.7531844, 38.2716632], [140.7527305, 38.2714428], [140.7525858, 38.2713856], [140.7523896, 38.2716169], [140.7518991, 38.272218], [140.7515089, 38.2727032], [140.7513259, 38.2728883], [140.7511511, 38.2730255], [140.7509682, 38.2731277], [140.7507974, 38.2732011], [140.7506348, 38.2732521], [140.7504559, 38.2732841], [140.7502648, 38.2733032], [140.7500778, 38.2733], [140.7498867, 38.2732841], [140.7497013, 38.2732517], [140.7495623, 38.2732157], [140.7491184, 38.2731021], [140.7487525, 38.273016], [140.7484638, 38.2729585], [140.7481998, 38.2729203], [140.7479719, 38.2729043], [140.7477768, 38.2729011], [140.7476011, 38.272898], [140.7473178, 38.2729134], [140.7467441, 38.2729489], [140.7460449, 38.2730032], [140.7455204, 38.2730415], [140.7452316, 38.2730564], [140.7449955, 38.273063], [140.7447033, 38.273067], [140.744252, 38.2730638], [140.7439424, 38.2730569], [140.7437052, 38.2730517], [140.7433691, 38.2730443], [140.742251, 38.2730195], [140.7422002, 38.2730184], [140.7410306, 38.2729866], [140.7406394, 38.2729763], [140.7403961, 38.2729696], [140.7394268, 38.2729187], [140.7387235, 38.2728561], [140.738557, 38.27284], [140.7384387, 38.2728244], [140.7376834, 38.272725], [140.7372649, 38.2726534], [140.7368733, 38.2725776], [140.7365032, 38.2724934], [140.7361331, 38.2724007], [140.7354571, 38.2722112], [140.7350173, 38.2720965], [140.7344904, 38.271981], [140.7340815, 38.2719033], [140.7335426, 38.271825], [140.7325819, 38.2716964], [140.7313696, 38.2715275], [140.7306902, 38.2714413], [140.7302995, 38.2713965], [140.7298535, 38.2713511], [140.7294965, 38.2713376], [140.7293069, 38.2713353], [140.7287468, 38.2713385], [140.7280821, 38.2713404], [140.7280397, 38.2713394], [140.7279344, 38.2713371], [140.7277371, 38.2713412], [140.7271627, 38.2713428], [140.7265122, 38.2713564], [140.7261806, 38.2713844], [140.7258544, 38.2714334], [140.7253726, 38.2715478], [140.7253019, 38.27157], [140.7245821, 38.2717958], [140.7236186, 38.2721004], [140.7228787, 38.2723451], [140.7221037, 38.2725798], [140.7213458, 38.2728509], [140.7209791, 38.2730371], [140.7204566, 38.2733511], [140.7195131, 38.2739992], [140.7190479, 38.2742956], [140.7187153, 38.274464], [140.718436, 38.2745817], [140.7183456, 38.2746181], [140.717993, 38.2747303], [140.7178294, 38.2747722], [140.7177115, 38.2748023], [140.7170471, 38.2749452], [140.7159269, 38.2751608], [140.7148428, 38.2753652], [140.7146355, 38.2754079], [140.7145348, 38.2754287], [140.7145105, 38.2754348], [140.7144302, 38.2754503], [140.714084, 38.2755216], [140.7138569, 38.2755915], [140.713645, 38.2756653], [140.7132244, 38.2758526], [140.712708, 38.2761042], [140.7124244, 38.2762458], [140.7121803, 38.2763766], [140.710958, 38.2769903], [140.7103708, 38.2772881], [140.7097045, 38.2776214], [140.7093583, 38.277764], [140.7090871, 38.2778456], [140.7085346, 38.277952], [140.7080609, 38.2780132], [140.7080227, 38.2780179], [140.7075335, 38.2780782], [140.7071147, 38.2781372], [140.7065032, 38.2782252], [140.7058384, 38.2783359], [140.7053652, 38.278448], [140.7046493, 38.2786392], [140.7040638, 38.2787865], [140.7031314, 38.2790347], [140.7028089, 38.2791347], [140.7027614, 38.2791493], [140.7026384, 38.2791913], [140.7025962, 38.2792052], [140.7015577, 38.2795459], [140.7007311, 38.27981], [140.7001019, 38.2800004], [140.6994735, 38.280167], [140.6988928, 38.280324], [140.6987878, 38.2803484], [140.6986457, 38.28039], [140.6985521, 38.2804164], [140.6985112, 38.2804273], [140.6974844, 38.2807019], [140.6962399, 38.281043], [140.6956489, 38.2812076], [140.695288, 38.281312], [140.6950595, 38.2814081], [140.694841, 38.2815139], [140.6945473, 38.2816885], [140.6943245, 38.2818465], [140.6942551, 38.2819035], [140.6941121, 38.282034], [140.6938106, 38.2823598], [140.6931295, 38.2831647], [140.6927228, 38.2836536], [140.6924063, 38.2840244], [140.6922752, 38.284181], [140.6921295, 38.2843586], [140.6917853, 38.2847563], [140.6914354, 38.2851246], [140.6910805, 38.2854587], [140.6907184, 38.2857788], [140.6905662, 38.285906], [140.6904791, 38.2859854], [140.6902982, 38.2859], [140.6897651, 38.2857217], [140.6893443, 38.2856], [140.689174, 38.2855754], [140.6889822, 38.2855621], [140.688786, 38.2855661], [140.6885682, 38.2855842], [140.6880399, 38.2856612], [140.6876108, 38.2857394], [140.6874246, 38.2857505], [140.6872548, 38.2857411], [140.6870828, 38.2857144], [140.6869096, 38.2856613], [140.6866236, 38.2855333], [140.6859829, 38.2852208], [140.6853368, 38.2849093], [140.6849946, 38.2846695], [140.6846978, 38.2844416], [140.6839, 38.2837702], [140.683763, 38.2836558], [140.6836086, 38.2834927], [140.6834874, 38.2832595], [140.6832821, 38.2827113], [140.6831923, 38.282514], [140.6831015, 38.2823899], [140.68287, 38.2822073], [140.6826507, 38.2820752], [140.682108, 38.2818126], [140.6817397, 38.2816733], [140.6814582, 38.2816012], [140.6813011, 38.281578], [140.6808625, 38.2815011], [140.6805942, 38.281397], [140.680483, 38.2813362], [140.6803076, 38.2811744], [140.6799322, 38.2807772], [140.6797312, 38.2806011], [140.6795014, 38.2804712], [140.6793865, 38.2804097], [140.6790764, 38.2802808], [140.6787816, 38.2801879], [140.6784635, 38.2800595], [140.6781035, 38.2798693], [140.6777848, 38.2796796], [140.6776548, 38.2796054], [140.6771628, 38.2793711], [140.6768353, 38.2792248], [140.676645, 38.2791139], [140.6765027, 38.2790226], [140.6763031, 38.2788546], [140.6760752, 38.2786247], [140.6757564, 38.2783348], [140.6755241, 38.2781446], [140.6753943, 38.2780245], [140.6752313, 38.2778671], [140.6750712, 38.2776123], [140.674999, 38.2774232], [140.674898, 38.2772454], [140.6746023, 38.2769351], [140.6743253, 38.2767358], [140.6742157, 38.2766384], [140.67416, 38.2765749], [140.6740906, 38.2764572], [140.6740426, 38.2763394], [140.6740354, 38.2761152], [140.6740787, 38.2759578], [140.6741639, 38.2757652], [140.6742272, 38.2755535], [140.6743051, 38.2752828], [140.674334, 38.2750711], [140.6743744, 38.2746622], [140.6744105, 38.2741084], [140.6744076, 38.273831], [140.6743672, 38.2734731], [140.674383, 38.2732398], [140.6744523, 38.2730122], [140.6745417, 38.272823], [140.6746728, 38.2726236], [140.6748513, 38.2724355], [140.6750665, 38.2722385], [140.6752338, 38.2720743], [140.6753052, 38.2719574], [140.6753572, 38.2718189], [140.6753674, 38.2716579], [140.6753205, 38.2714986], [140.6752093, 38.2713392], [140.6748778, 38.2709476], [140.6747085, 38.2707346], [140.6745851, 38.2705136], [140.6745076, 38.2703086], [140.6744759, 38.2701549], [140.6744413, 38.2698802], [140.6744545, 38.26968], [140.6744861, 38.2692275], [140.6744647, 38.269037], [140.6743816, 38.2687547], [140.6742536, 38.2685365], [140.6739741, 38.2681505], [140.6736977, 38.2677701], [140.6735875, 38.2675459], [140.6735365, 38.2673473], [140.6735172, 38.2671679], [140.6735193, 38.2670526], [140.6735669, 38.2665577], [140.6736362, 38.2662077], [140.6736247, 38.2658414], [140.6735289, 38.2655387], [140.6733391, 38.2649605], [140.6732611, 38.2646776], [140.6732395, 38.2645077], [140.6732337, 38.264194], [140.6732857, 38.2635972], [140.6733467, 38.2628774], [140.6733763, 38.2624442], [140.6733822, 38.2623553], [140.673395, 38.2620316], [140.6733752, 38.2618622], [140.6733374, 38.2617282], [140.6732802, 38.2615859], [140.6730223, 38.2610998], [140.6729673, 38.2609972], [140.672609, 38.2603049], [140.6724437, 38.2600012], [140.6724147, 38.2599409], [140.6724923, 38.2599163], [140.6730062, 38.2597532], [140.6733015, 38.2596675], [140.6736447, 38.2595638], [140.6737584, 38.2595326], [140.6739838, 38.2594665], [140.6741414, 38.2594075], [140.674198, 38.2593864], [140.6745102, 38.2592566], [140.6746866, 38.2591581], [140.674807, 38.2590701], [140.674914, 38.2589969], [140.6749804, 38.2589499], [140.6753619, 38.2587096], [140.6759871, 38.2582899], [140.6761693, 38.2581654], [140.6763452, 38.2580453], [140.6771263, 38.2575116], [140.6773426, 38.2573609], [140.67741, 38.257301], [140.6774681, 38.2572193], [140.6775323, 38.2570905], [140.6775431, 38.2570687], [140.6776412, 38.2568943], [140.6777724, 38.2567766], [140.678312, 38.2564378], [140.6789535, 38.2560447], [140.6790815, 38.2559666], [140.6794342, 38.2557514], [140.6798518, 38.2554951], [140.6798961, 38.2554693], [140.6799557, 38.2554313], [140.6803765, 38.255173], [140.6800392, 38.2546849], [140.6799476, 38.2546005], [140.6798529, 38.2544808], [140.6797411, 38.2543396], [140.6796428, 38.2542153], [140.6795004, 38.2541044], [140.6793877, 38.2540468], [140.679338, 38.2540384], [140.6791853, 38.2540144], [140.6790017, 38.2540273], [140.6788378, 38.2540648], [140.6784934, 38.2541652], [140.6777144, 38.2544524], [140.6772709, 38.2545953], [140.6771324, 38.254623], [140.6770053, 38.2546245], [140.676857, 38.2546086], [140.6767685, 38.2546003], [140.6766429, 38.2545659], [140.6757449, 38.2542123], [140.6755174, 38.2541205], [140.6752845, 38.2540228], [140.6751475, 38.2539506], [140.6750034, 38.2538496], [140.6748285, 38.2536413], [140.6747372, 38.2534838], [140.674663, 38.2531844], [140.6746495, 38.252753], [140.6745493, 38.25176], [140.6745146, 38.251414], [140.674432, 38.2511753], [140.6742861, 38.2508853], [140.6742167, 38.2507692], [140.6740321, 38.2504712], [140.673724, 38.250194], [140.6735048, 38.2500635], [140.6732988, 38.2499241], [140.6730944, 38.2497008], [140.6730318, 38.2496325], [140.6728653, 38.2494506], [140.6726092, 38.2492569], [140.6724347, 38.2491787], [140.6722053, 38.2491193], [140.6715115, 38.2490173], [140.6712374, 38.2489477], [140.67097, 38.24883], [140.6702407, 38.2485551], [140.6700214, 38.2484385], [140.6697026, 38.2482113], [140.6694841, 38.248085], [140.669254, 38.2480057], [140.6686122, 38.2478597], [140.6684469, 38.2478285], [140.6682746, 38.2477732], [140.668044, 38.247659], [140.6678574, 38.2475457], [140.6675616, 38.2474135], [140.6670934, 38.2472261], [140.66697, 38.247154], [140.6668568, 38.2470579], [140.6667058, 38.246848], [140.6665834, 38.2466037], [140.6664233, 38.2464447], [140.6662524, 38.2463589], [140.66599, 38.246284], [140.665846, 38.2462074], [140.6655094, 38.2459302], [140.665362, 38.245867], [140.6649637, 38.24575], [140.6647851, 38.2456611], [140.6646495, 38.2455633], [140.6645779, 38.2454862], [140.6645125, 38.2454158], [140.66422, 38.245101], [140.6631966, 38.2442684], [140.6629557, 38.2440016], [140.6628872, 38.2438634], [140.6627862, 38.2435824], [140.662735, 38.2432913], [140.662647, 38.2428347], [140.6625886, 38.2426302], [140.6624811, 38.2424648], [140.6623549, 38.2423781], [140.6622128, 38.2423062], [140.661595, 38.242021], [140.6613632, 38.241959], [140.6610084, 38.2419686], [140.660689, 38.241987], [140.6605562, 38.2419578], [140.6604401, 38.2418722], [140.6604184, 38.2417834], [140.6603629, 38.2415126], [140.660289, 38.241423], [140.6602114, 38.2413908], [140.6600852, 38.2413863], [140.6599684, 38.2413999], [140.6598676, 38.241393], [140.6597707, 38.2413417], [140.6597442, 38.241272], [140.6597615, 38.2412055], [140.6602223, 38.2408367], [140.6604113, 38.2407113], [140.6605122, 38.2406327], [140.6605877, 38.2405102], [140.6606105, 38.2404138], [140.6605745, 38.2403234], [140.6604537, 38.2401691], [140.6603394, 38.2401058], [140.6602235, 38.2400616], [140.6599308, 38.2399906], [140.659625, 38.2399623], [140.6592413, 38.2399611], [140.658174, 38.2399591], [140.6578329, 38.2399584], [140.6572901, 38.2399906], [140.6569733, 38.2400359], [140.656515, 38.2401639], [140.6561962, 38.2403049], [140.6558282, 38.2404907], [140.6556681, 38.2405664], [140.6555079, 38.240642], [140.6552853, 38.2407273], [140.6548763, 38.2408314], [140.6545754, 38.2408747], [140.653938, 38.2409484], [140.6533566, 38.2410133], [140.652818, 38.2410085], [140.652356, 38.2409391], [140.6520604, 38.240869], [140.6517308, 38.2407909], [140.6511178, 38.2406499], [140.6503648, 38.2404755], [140.6500695, 38.2403957], [140.649839, 38.2403204], [140.6495177, 38.240165], [140.6491126, 38.2399894], [140.6488618, 38.2399014], [140.6486527, 38.2398814], [140.6483274, 38.2398766], [140.6475379, 38.2398877], [140.64724, 38.2399029], [140.6465955, 38.2399726], [140.6462313, 38.2400375], [140.6460029, 38.2401024], [140.6457203, 38.2402017], [140.6453674, 38.2403371], [140.6451971, 38.2403692], [140.6450696, 38.2403531], [140.6446718, 38.2402169], [140.6442791, 38.240124], [140.6438204, 38.2400748], [140.643507, 38.240079], [140.6431713, 38.2401088], [140.6427883, 38.2401759], [140.6426087, 38.2402074], [140.6423091, 38.2402701], [140.642251, 38.2402822], [140.6416177, 38.2404215], [140.6406859, 38.2406288], [140.6389361, 38.2410033], [140.6388147, 38.2410256], [140.6384761, 38.2409937], [140.6380446, 38.2408919], [140.6377254, 38.2408462], [140.6374969, 38.2408671], [140.6369808, 38.2409624], [140.6364423, 38.2410706], [140.6362434, 38.2411515], [140.6359843, 38.2413638], [140.6357232, 38.2416065], [140.6355182, 38.2417475], [140.6352601, 38.2418596], [140.6349817, 38.2419101], [140.6348593, 38.2419093], [140.6342973, 38.2418789], [140.6337373, 38.2418725], [140.6334384, 38.2418701], [140.6329988, 38.2419093], [140.6322124, 38.2419886], [140.6320135, 38.2420038], [140.6318014, 38.2420319], [140.6315953, 38.2420904], [140.6313781, 38.2422378], [140.6312169, 38.2423643], [140.6310313, 38.2424468], [140.6307885, 38.2424741], [140.6304754, 38.2424797], [140.6299848, 38.2425101], [140.6297288, 38.2426063], [140.6290852, 38.242841], [140.6284732, 38.2430717], [140.6281509, 38.2432479], [140.6278235, 38.2434314], [140.627597, 38.2435339], [140.6273492, 38.2436004], [140.6268575, 38.2436861], [140.6267058, 38.2436985], [140.6260824, 38.2436813], [140.6254331, 38.243642], [140.6252531, 38.2435951], [140.6251064, 38.2434727], [140.624978, 38.243235], [140.6248575, 38.243073], [140.624211, 38.24199], [140.624666, 38.241522], [140.6251154, 38.241187], [140.625961, 38.2409025], [140.6263, 38.2407598], [140.6268524, 38.2404788], [140.627314, 38.2402205], [140.6278146, 38.2399214], [140.6281074, 38.2397345], [140.6282401, 38.2395974], [140.6283209, 38.239398], [140.6283411, 38.239245], [140.6283122, 38.2389912], [140.6281867, 38.238785], [140.6280396, 38.2386423], [140.6278304, 38.2385324], [140.6275478, 38.2384407], [140.627105, 38.2383206], [140.6268165, 38.2382322], [140.6264948, 38.2380951], [140.625577, 38.2375072], [140.6253388, 38.2373721], [140.6251872, 38.2373301], [140.6250112, 38.2373137], [140.6247615, 38.2373681], [140.6245931, 38.2374736], [140.6240541, 38.2378987], [140.6239393, 38.2379614], [140.6237146, 38.2379955], [140.6235378, 38.2379901], [140.6232165, 38.2379091], [140.6200028, 38.2368851], [140.6192635, 38.2364422], [140.6187437, 38.2359744], [140.6184751, 38.2356703], [140.6182489, 38.2353218], [140.6179777, 38.2346624], [140.6178335, 38.2339], [140.6174111, 38.2297247], [140.6173309, 38.2293776], [140.6172895, 38.2291449], [140.6171731, 38.2289288], [140.6166759, 38.2282924], [140.6162875, 38.2278094], [140.6159439, 38.2273931], [140.6158263, 38.227278], [140.61558, 38.2271039], [140.6150391, 38.226878], [140.614557, 38.2265408], [140.6143884, 38.2263979], [140.6142525, 38.2262623], [140.6141801, 38.22617], [140.614128, 38.2260778], [140.6140895, 38.225976], [140.6140612, 38.2258805], [140.6140381, 38.2255867], [140.6140324, 38.2249052], [140.6142151, 38.2242039], [140.6144828, 38.2231678], [140.6146001, 38.2226794], [140.614666, 38.2216995], [140.614729, 38.220577], [140.6147648, 38.2203777], [140.6148287, 38.2201857], [140.615017, 38.2198494], [140.615421, 38.219114], [140.61557, 38.2189314], [140.6162187, 38.2184626], [140.6169212, 38.2177151], [140.6172876, 38.2173604], [140.6177917, 38.2169767], [140.6180095, 38.2167927], [140.6182099, 38.2165538], [140.6184103, 38.2162382], [140.6185714, 38.2159945], [140.6187409, 38.215775], [140.619043, 38.215425], [140.620129, 38.214872], [140.620531, 38.214698], [140.6213316, 38.2143042], [140.6216481, 38.2141643], [140.6220282, 38.21403], [140.6228467, 38.2138785], [140.6230493, 38.2138438], [140.62335, 38.2137624], [140.6236829, 38.2136361], [140.6245947, 38.2133022], [140.6253473, 38.2130163], [140.625466, 38.2129622], [140.6255846, 38.2128936], [140.625661, 38.2128155], [140.6257528, 38.2126874], [140.6259753, 38.212236], [140.6260892, 38.2119805], [140.6261524, 38.2118459], [140.6262128, 38.2117166], [140.6264397, 38.2114675], [140.6265709, 38.211378], [140.6268248, 38.2112748], [140.6271407, 38.2112363], [140.6274162, 38.2112624], [140.6276369, 38.2113134], [140.6281273, 38.2115106], [140.6285197, 38.211667], [140.6287185, 38.2117364], [140.6288746, 38.2117636], [140.6290113, 38.2117324], [140.6291347, 38.2116498], [140.6291918, 38.2115585], [140.6291796, 38.2113373], [140.6290959, 38.2110407], [140.6289854, 38.2106125], [140.6288212, 38.2100831], [140.6287884, 38.2099587], [140.6287751, 38.2098131], [140.6287867, 38.2096578], [140.6288591, 38.2095384], [140.6289836, 38.2094575], [140.6291202, 38.2093901], [140.6293181, 38.2093701], [140.6297496, 38.209411], [140.6299709, 38.2094198], [140.6302769, 38.2094134], [140.6305268, 38.2093701], [140.6308144, 38.2092699], [140.6310143, 38.2091633], [140.631323, 38.208925], [140.631784, 38.20847], [140.6318856, 38.2083952], [140.6320447, 38.2083054], [140.6321939, 38.208235], [140.6324663, 38.2081492], [140.6327141, 38.2080987], [140.6332996, 38.2079472], [140.6336668, 38.2077806], [140.6338116, 38.2076884], [140.6344154, 38.207165], [140.6347459, 38.2068933], [140.6351508, 38.2065302], [140.6353824, 38.2063331], [140.6356251, 38.2061623], [140.6358512, 38.2060545], [140.6361137, 38.205986], [140.6365441, 38.2059035], [140.6371051, 38.2058017], [140.6388041, 38.2055035], [140.6394245, 38.2053833], [140.6398478, 38.205312], [140.6403038, 38.2052759], [140.6411055, 38.2052375], [140.6416093, 38.2052495], [140.6419928, 38.2052976], [140.6427711, 38.2052663], [140.6429628, 38.2052487], [140.6432413, 38.2052174], [140.6434025, 38.2051605], [140.6436603, 38.2049424], [140.6440267, 38.204654], [140.6444316, 38.204375], [140.6450975, 38.2039749], [140.645495, 38.2037046], [140.646485, 38.203134], [140.6469359, 38.2027226], [140.647315, 38.202384], [140.6475753, 38.2022279], [140.6487418, 38.2018322], [140.6494581, 38.2015974], [140.6498185, 38.2014622], [140.6502317, 38.2012887], [140.6525365, 38.2002459], [140.6528047, 38.2001148], [140.6530191, 38.1999892], [140.6532483, 38.1998251], [140.6536744, 38.1994446], [140.6539277, 38.1992204], [140.6541938, 38.1990049], [140.6544926, 38.1988183], [140.6549674, 38.1985964], [140.6553726, 38.1983776], [140.6555813, 38.1981814], [140.6558187, 38.1978823], [140.6561666, 38.1971843], [140.6561098, 38.1971414], [140.6557056, 38.1968903], [140.6552451, 38.1966185], [140.6548583, 38.1963772], [140.6543467, 38.1959928], [140.6541154, 38.1958159], [140.6534544, 38.1954653], [140.6528916, 38.1951468], [140.6525107, 38.1948489], [140.6524536, 38.1948042], [140.6523058, 38.194614], [140.6522536, 38.1944342], [140.652356, 38.1940537], [140.6523839, 38.1939459], [140.6524188, 38.1938054], [140.6521896, 38.1934515], [140.6517984, 38.192978], [140.6515429, 38.1927937], [140.6511827, 38.1926055], [140.6507693, 38.1923916], [140.6505156, 38.1922661], [140.6503007, 38.1921342], [140.6497952, 38.1916581], [140.6481069, 38.1900157], [140.6465126, 38.1884646], [140.6457156, 38.1876556], [140.6453567, 38.187278], [140.6449029, 38.1868375], [140.642999, 38.185073], [140.6425802, 38.1846848], [140.6400138, 38.1847238], [140.6388676, 38.1847371], [140.6371043, 38.1847576], [140.6365168, 38.1847696], [140.6355036, 38.1847724], [140.6317343, 38.1848291], [140.631578, 38.1848221], [140.6314181, 38.1848038], [140.6312412, 38.1847717], [140.6310787, 38.1847311], [140.6308722, 38.1846685], [140.630637, 38.1845796], [140.6303925, 38.1844534], [140.6301715, 38.184304], [140.629952, 38.1841098], [140.6297535, 38.1838667], [140.6293748, 38.1833291], [140.6292022, 38.1830935], [140.6290613, 38.18291], [140.6289176, 38.1827381], [140.6287952, 38.1826048], [140.6286736, 38.182477], [140.6285203, 38.182343], [140.6272046, 38.1813968], [140.6261854, 38.181814], [140.6251107, 38.1822511], [140.6174526, 38.1853518], [140.6166514, 38.1857469], [140.6162454, 38.1859424], [140.6160397, 38.1860401], [140.615834, 38.1861379], [140.6111725, 38.1883086], [140.6102201, 38.188766], [140.6075966, 38.1900112], [140.6064455, 38.1905447], [140.6050173, 38.1912162], [140.6028063, 38.1922268], [140.6022952, 38.1924795], [140.6017404, 38.1917793], [140.6014602, 38.1913582], [140.6011006, 38.1909064], [140.60086, 38.1906313], [140.6006811, 38.1904473], [140.6003155, 38.190115], [140.5999856, 38.1898482], [140.599427, 38.1893755], [140.5992328, 38.1891936], [140.599029, 38.1889887], [140.5988311, 38.18877], [140.5985619, 38.1883973], [140.5982219, 38.1878842], [140.5979113, 38.187417], [140.5974352, 38.1867067], [140.597134, 38.186255], [140.5969334, 38.185959], [140.5965998, 38.1854173], [140.5964559, 38.1850722], [140.5962629, 38.1842657], [140.5961948, 38.1839796], [140.596035, 38.183331], [140.595928, 38.183055], [140.59575, 38.182644], [140.595443, 38.182008], [140.5946072, 38.1804843], [140.594288, 38.179878], [140.5939946, 38.1795295], [140.59368, 38.1792424], [140.5933859, 38.178961], [140.5931283, 38.1787136], [140.5928442, 38.1785183], [140.5924204, 38.1783041], [140.5918839, 38.178082], [140.5912537, 38.177812], [140.5908873, 38.1776507], [140.5905453, 38.1775061], [140.5901418, 38.17736], [140.5897153, 38.1772518], [140.5894381, 38.1772], [140.5890413, 38.1771342], [140.58822, 38.1770224], [140.5878267, 38.1769681], [140.5876556, 38.1769419], [140.5875005, 38.1769143], [140.5873729, 38.1768856], [140.5872538, 38.1768407], [140.587159, 38.1767942], [140.5870705, 38.1767439], [140.5869841, 38.176677], [140.5869106, 38.1766109], [140.5868507, 38.1765452], [140.5867954, 38.176471], [140.586745, 38.1763855], [140.5867029, 38.1762841], [140.5866691, 38.1762009], [140.5865814, 38.175934], [140.586231, 38.1748761], [140.5862086, 38.1747918], [140.586058, 38.174358], [140.5858866, 38.1738262], [140.5856064, 38.1729974], [140.585485, 38.1726367], [140.5852941, 38.1722243], [140.5850145, 38.1718074], [140.5847338, 38.17148], [140.5844556, 38.1711862], [140.5841773, 38.1709331], [140.5838112, 38.1706564], [140.5835335, 38.1704453], [140.5830375, 38.1700774], [140.582799, 38.169909], [140.5826202, 38.1697706], [140.5824963, 38.1696615], [140.5824022, 38.1695605], [140.5821544, 38.1692048], [140.5819506, 38.1688526], [140.5816036, 38.1682508], [140.5813586, 38.1678365], [140.5807161, 38.1670572], [140.5801106, 38.1664409], [140.5797226, 38.1659862], [140.578411, 38.164652], [140.577612, 38.163756], [140.576608, 38.162636], [140.576529, 38.162535], [140.57623, 38.162208], [140.576059, 38.162016], [140.575918, 38.161867], [140.575741, 38.161722], [140.575659, 38.161652], [140.575381, 38.161487], [140.575104, 38.161352], [140.574206, 38.160907], [140.573878, 38.1607496], [140.573735, 38.160681], [140.573499, 38.160574], [140.573235, 38.160451], [140.572965, 38.160326], [140.572089, 38.159943], [140.571554, 38.159713], [140.571248, 38.159583], [140.570913, 38.159431], [140.57077, 38.15938], [140.570542, 38.159292], [140.570229, 38.159172], [140.569865, 38.159048], [140.56963, 38.158986], [140.569566, 38.158969], [140.569139, 38.158905], [140.568978, 38.158879], [140.568853, 38.158858], [140.568715, 38.158822], [140.568447, 38.158727], [140.56829, 38.158665], [140.568039, 38.158568], [140.567827, 38.158473], [140.567528, 38.158315], [140.567322, 38.158218], [140.567136, 38.158135], [140.566936, 38.158073], [140.566209, 38.15787], [140.56576, 38.157746], [140.561648, 38.156626], [140.561548, 38.156592], [140.561448, 38.156569], [140.561341, 38.156547], [140.560743, 38.156411], [140.560714, 38.1564], [140.560137, 38.156282], [140.559567, 38.156186], [140.558797, 38.156056], [140.557706, 38.155876], [140.557357, 38.15582], [140.556958, 38.155764], [140.5559221, 38.1556464], [140.5549094, 38.1555406], [140.5538294, 38.1554433], [140.551948, 38.1552292], [140.5503435, 38.1550859], [140.5488017, 38.1548935], [140.548199, 38.1548297], [140.547971, 38.1547975], [140.547677, 38.1547648], [140.547443, 38.154765], [140.54707, 38.1547197], [140.546752, 38.154686], [140.546624, 38.154675], [140.546133, 38.154599], [140.5459093, 38.1545494], [140.54566, 38.154481], [140.5454028, 38.154381], [140.545155, 38.154292], [140.544976, 38.154208], [140.54484, 38.154137], [140.544372, 38.153854], [140.544299, 38.153807], [140.54353, 38.15333], [140.54291, 38.15294], [140.542369, 38.152602], [140.542269, 38.152564], [140.542229, 38.152552], [140.542139, 38.152535], [140.542097, 38.152535], [140.54195, 38.15253], [140.541799, 38.152547], [140.54127, 38.152647], [140.541029, 38.152675], [140.5408392, 38.1526904], [140.5403415, 38.1526494], [140.5397047, 38.152524], [140.5396004, 38.1525178], [140.539435, 38.152407], [140.539406, 38.152369], [140.539394, 38.152332], [140.539392, 38.15228], [140.539412, 38.15222], [140.539445, 38.152169], [140.539488, 38.152135], [140.539532, 38.152114], [140.539591, 38.152105], [140.540272, 38.152072], [140.540508, 38.152017], [140.540664, 38.15191], [140.5407894, 38.1518089], [140.5408511, 38.1517203], [140.5408779, 38.1516107], [140.5408792, 38.151502], [140.5408631, 38.1514345], [140.5408108, 38.1513449], [140.5406646, 38.1511593], [140.5405708, 38.1510686], [140.5405453, 38.1509842], [140.5405402, 38.1508915], [140.5405638, 38.1507974], [140.5406455, 38.15057], [140.5406525, 38.1504744], [140.5406324, 38.150409], [140.540599, 38.1503629], [140.540546, 38.1503273], [140.5404571, 38.1502805], [140.5403278, 38.1502534], [140.5401379, 38.1502401], [140.5400109, 38.1502466], [140.5398536, 38.1502651], [140.5397179, 38.1502957], [140.5395996, 38.1503343], [140.5394923, 38.150388], [140.5390558, 38.1506567], [140.538981, 38.1506883], [140.5388686, 38.1507136], [140.5387643, 38.150718], [140.538649, 38.1507098], [140.5385179, 38.1506788], [140.536873, 38.1502491], [140.5368075, 38.1502219], [140.5367331, 38.150182], [140.5366742, 38.1501289], [140.5366194, 38.1500799], [140.5365824, 38.1500132], [140.536552, 38.1499457], [140.5365416, 38.1498899], [140.5365607, 38.1492677], [140.5365408, 38.14918], [140.5364967, 38.1490861], [140.5364274, 38.148989], [140.5363588, 38.1489315], [140.5361566, 38.1488368], [140.5359346, 38.1487579], [140.5358434, 38.1487304], [140.5357817, 38.1487262], [140.5357039, 38.1487304], [140.5354947, 38.1488043], [140.5352291, 38.1489182], [140.5350038, 38.1489962], [140.5348965, 38.1490215], [140.5347919, 38.1490215], [140.5347168, 38.1490004], [140.5346337, 38.1489604], [140.5345854, 38.1488886], [140.5345774, 38.1488254], [140.5345774, 38.1487663], [140.5345961, 38.1487051], [140.5346552, 38.1486545], [140.5349448, 38.1485195], [140.5350012, 38.1484731], [140.5350307, 38.1484204], [140.5350628, 38.1483528], [140.535096, 38.14825], [140.5350468, 38.1481694], [140.5350012, 38.148104], [140.5349341, 38.1480449], [140.534859, 38.1480027], [140.5347329, 38.1479542], [140.534623, 38.1479331], [140.534513, 38.147931], [140.5343708, 38.14795], [140.5339587, 38.1480081], [140.5338434, 38.1480064], [140.5337594, 38.1479916], [140.5336794, 38.1479563], [140.5332587, 38.1476008], [140.5332186, 38.1475438], [140.5332153, 38.147475], [140.5332504, 38.1473877], [140.5332968, 38.1473403], [140.5334482, 38.1472919], [140.5340155, 38.1471988], [140.5342788, 38.1471078], [140.5349301, 38.1468827], [140.5352533, 38.1467688], [140.5354286, 38.1467073], [140.5355234, 38.1466639], [140.5355899, 38.1466264], [140.53563, 38.1465868], [140.535669, 38.1465325], [140.5356824, 38.1464872], [140.5357148, 38.1462373], [140.5357388, 38.1458765], [140.5357227, 38.1457773], [140.5356905, 38.145693], [140.5356181, 38.145598], [140.5354974, 38.1454884], [140.5352667, 38.1453365], [140.5351648, 38.1452584], [140.5351312, 38.1452036], [140.5351005, 38.1451518], [140.5350635, 38.1450616], [140.5350608, 38.1449454], [140.5351417, 38.1443457], [140.5351641, 38.1442718], [140.5352286, 38.144213], [140.5353828, 38.1441538], [140.5354801, 38.1441079], [140.5355482, 38.1440315], [140.535592, 38.143965], [140.5356161, 38.1438955], [140.5356145, 38.1436636], [140.5355993, 38.14355], [140.5355751, 38.143457], [140.5353897, 38.1429794], [140.5353646, 38.1429096], [140.5353646, 38.1428336], [140.5353874, 38.142783], [140.535437, 38.1427387], [140.535492, 38.1427134], [140.5355738, 38.1426986], [140.5356583, 38.142707], [140.5357388, 38.1427292], [140.5360432, 38.142938], [140.5361277, 38.1429823], [140.5362457, 38.1430224], [140.5363812, 38.1430572], [140.5365461, 38.1430973], [140.5366386, 38.1431142], [140.5367191, 38.1431121], [140.5367781, 38.143091], [140.5368063, 38.1430583], [140.5368371, 38.1430045], [140.5368572, 38.1429254], [140.5369109, 38.1426111], [140.5369337, 38.1425541], [140.5369981, 38.1425024], [140.5370758, 38.1424697], [140.5371858, 38.142455], [140.5372784, 38.1424381], [140.537332, 38.1424096], [140.5373776, 38.1423484], [140.5374165, 38.1422725], [140.5374715, 38.1421364], [140.5375144, 38.1420847], [140.5375694, 38.1420552], [140.5376525, 38.1420362], [140.5377343, 38.1420426], [140.5378188, 38.1420869], [140.5378805, 38.1421459], [140.5379502, 38.1422356], [140.5380347, 38.142321], [140.5381045, 38.1423611], [140.5381756, 38.142379], [140.5382654, 38.1423811], [140.5383767, 38.1423621], [140.5386516, 38.142282], [140.5391411, 38.1421301], [140.539235, 38.1421048], [140.5393463, 38.14209], [140.539455, 38.1421006], [140.5397366, 38.1421491], [140.5399042, 38.1421807], [140.5399673, 38.1421849], [140.5400215, 38.1421727], [140.5400607, 38.1421575], [140.5401001, 38.1421332], [140.5401286, 38.1421064], [140.5401478, 38.1420791], [140.5401588, 38.1420402], [140.5401565, 38.1419846], [140.5401531, 38.1419462], [140.5400434, 38.1417085], [140.5399732, 38.1415707], [140.5399673, 38.1415342], [140.5399659, 38.141473], [140.5399834, 38.1414129], [140.5400357, 38.1413612], [140.5401041, 38.1413148], [140.5401631, 38.1412852], [140.5402395, 38.1412715], [140.5403294, 38.1412684], [140.5404098, 38.1412895], [140.540493, 38.1413274], [140.5409543, 38.1416101], [140.5411944, 38.1417219], [140.5413634, 38.1417989], [140.5416839, 38.1419181], [140.541885, 38.1419814], [140.5420366, 38.1420162], [140.5421694, 38.1420288], [140.5423397, 38.1420383], [140.5426092, 38.1420352], [140.5427219, 38.1420457], [140.5427876, 38.1420679], [140.5429324, 38.1421628], [140.5429911, 38.1421989], [140.5430528, 38.1422224], [140.5431365, 38.1422256], [140.5436746, 38.1421941], [140.5439048, 38.1421934], [140.5440657, 38.1422039], [140.5441689, 38.1422113], [140.5442508, 38.142206], [140.5443232, 38.1421828], [140.5443822, 38.1421459], [140.5444345, 38.1420953], [140.5446571, 38.1418221], [140.5447778, 38.1416586], [140.5448328, 38.1415542], [140.5449267, 38.1413074], [140.5449884, 38.1412167], [140.5454432, 38.1409274], [140.5456089, 38.1407713], [140.5457686, 38.1406892], [140.5459527, 38.1406119], [140.5460796, 38.1405846], [140.5463068, 38.1405814], [140.5467714, 38.1405878], [140.5474845, 38.1405935], [140.5475938, 38.1406202], [140.5477462, 38.1406941], [140.5479329, 38.1408473], [140.5480576, 38.1409522], [140.5481813, 38.1410115], [140.5483629, 38.1410313], [140.5485618, 38.1410415], [140.5487855, 38.1410522], [140.5489348, 38.141061], [140.5490523, 38.1410305], [140.5491429, 38.1409926], [140.5491977, 38.1409359], [140.5492407, 38.140861], [140.5492632, 38.140746], [140.5492275, 38.140608], [140.5491699, 38.14048], [140.5491535, 38.1403979], [140.5491904, 38.140253], [140.5492988, 38.1399584], [140.549393, 38.1395512], [140.5494789, 38.1393065], [140.5495301, 38.1392245], [140.5495997, 38.1391665], [140.5496693, 38.1391247], [140.5497163, 38.139107], [140.5497757, 38.139086], [140.5498493, 38.1390667], [140.5499599, 38.1390554], [140.5501727, 38.1390925], [140.5503855, 38.1391279], [140.550627, 38.1391842], [140.5508399, 38.1392406], [140.5509811, 38.1392615], [140.5510957, 38.1392744], [140.55115, 38.139282], [140.5512778, 38.1392808], [140.551374, 38.1392727], [140.5515623, 38.1392245], [140.5517322, 38.1391472], [140.5519368, 38.1390168], [140.5520739, 38.1389235], [140.5520924, 38.1388961], [140.5521067, 38.1388446], [140.5520985, 38.1388043], [140.552078, 38.1387577], [140.5520391, 38.138719], [140.5519552, 38.1386756], [140.5517772, 38.1386579], [140.551585, 38.138652], [140.5514027, 38.1386707], [140.5512696, 38.1386933], [140.5511857, 38.1387094], [140.5509013, 38.1387641], [140.5506168, 38.1387738], [140.5503405, 38.1387593], [140.550205, 38.138736], [140.550085, 38.138719], [140.54996, 38.138708], [140.5498166, 38.1386611], [140.5495956, 38.1385999], [140.5494646, 38.13855], [140.54931, 38.138476], [140.549254, 38.138424], [140.5492292, 38.1383746], [140.5492415, 38.1383231], [140.5492845, 38.1382699], [140.5493909, 38.1382168], [140.5496879, 38.138278], [140.5499048, 38.1383405], [140.5500331, 38.1383885], [140.5501573, 38.13843], [140.5502882, 38.1384738], [140.5505121, 38.1385248], [140.5508547, 38.1385827], [140.5509396, 38.1385757], [140.5510637, 38.1385324], [140.5517481, 38.1381488], [140.5521558, 38.1380542], [140.5525692, 38.1379915], [140.5528148, 38.1379384], [140.5530034, 38.1379068], [140.5531152, 38.1378687], [140.5535116, 38.1377469], [140.5541573, 38.1375762], [140.5547303, 38.1374764], [140.5549862, 38.137412], [140.5551335, 38.1373669], [140.555244, 38.137317], [140.5554364, 38.1371834], [140.5555796, 38.1370418], [140.55577, 38.1368824], [140.555886, 38.1368158], [140.5560241, 38.1367665], [140.5561936, 38.1367086], [140.5563103, 38.1366571], [140.5564122, 38.1365916], [140.5564842, 38.1365186], [140.5565886, 38.1363641], [140.556695, 38.1361049], [140.5567497, 38.1358856], [140.5567734, 38.1357357], [140.5567959, 38.1355335], [140.5568204, 38.1351784], [140.5568396, 38.1347497], [140.5568716, 38.1345486], [140.5569077, 38.1343483], [140.5569547, 38.1342114], [140.5570103, 38.1340745], [140.5570706, 38.1339532], [140.5571374, 38.1338286], [140.5578075, 38.1330432], [140.5584749, 38.1323626], [140.5595211, 38.1312584], [140.5601764, 38.1305535], [140.5603839, 38.1303423], [140.5617453, 38.1289569], [140.5620305, 38.1286667], [140.5622862, 38.1284732], [140.5626474, 38.1283037], [140.5631735, 38.1281614], [140.5635876, 38.1280107], [140.5641127, 38.1276505], [140.5646383, 38.1273353], [140.5650685, 38.1271797], [140.5665712, 38.1266419], [140.5674243, 38.1263351], [140.5687141, 38.1258754], [140.5695438, 38.1255574], [140.5708972, 38.1250808], [140.5714242, 38.1249198], [140.5718294, 38.1248113], [140.5722209, 38.1247221], [140.5728043, 38.1245966], [140.5740616, 38.1242852], [140.5742243, 38.1242143], [140.5743679, 38.1241232], [140.5749312, 38.1237076], [140.575012, 38.1236722], [140.5750936, 38.1236365], [140.575237, 38.1235964], [140.5754677, 38.1235712], [140.5760375, 38.1235222], [140.5768121, 38.1234419], [140.576949, 38.1234407], [140.576971, 38.1234691], [140.5769858, 38.1235272], [140.5770126, 38.1237044], [140.5770358, 38.1237483], [140.5770857, 38.1237805], [140.577144, 38.123792], [140.5773, 38.1237809], [140.5771984, 38.1230425], [140.5771419, 38.1226355], [140.5771081, 38.1225007], [140.5771065, 38.1224943], [140.5770142, 38.1222122], [140.5769549, 38.1220965], [140.5769317, 38.1220593], [140.5769142, 38.1220312], [140.5763359, 38.1213288]], [[140.5626803, 38.0951911], [140.562631, 38.095355], [140.5625152, 38.095795], [140.562501, 38.0960354], [140.5625216, 38.0962318], [140.5625832, 38.0964475], [140.5627152, 38.0967741], [140.5630937, 38.0976489], [140.5632865, 38.0980944], [140.563444, 38.098603], [140.563577, 38.099233], [140.5636019, 38.0994182], [140.563805, 38.1009305], [140.563825, 38.101079], [140.563875, 38.10174], [140.5638056, 38.1028497], [140.5638119, 38.1030233], [140.563823, 38.1032191], [140.5638738, 38.1034023], [140.5639785, 38.1036593], [140.5643554, 38.1042707], [140.5644527, 38.1043941], [140.5646753, 38.1047664], [140.564678, 38.1047817], [140.5646921, 38.1048631], [140.564731, 38.105088], [140.5647982, 38.10596], [140.5649169, 38.1078996], [140.5649381, 38.1082161], [140.5650022, 38.1091708], [140.5650885, 38.1114476], [140.5651602, 38.1119491], [140.5652636, 38.1122391], [140.5653744, 38.112482], [140.5661287, 38.1133673], [140.5673267, 38.114581], [140.5680355, 38.1153003], [140.5684952, 38.1157013], [140.5696483, 38.1164589], [140.5709919, 38.1174587], [140.57174, 38.1179702], [140.5720081, 38.1181196], [140.5735321, 38.1186884], [140.5739733, 38.118844], [140.5741854, 38.1189441], [140.5743615, 38.1190558], [140.5745812, 38.1192363], [140.5747399, 38.1194032], [140.5755956, 38.1204761], [140.5759536, 38.1209111], [140.5762562, 38.1212409], [140.5763045, 38.1212947], [140.5763359, 38.1213288]], [[140.5626803, 38.0951911], [140.5628775, 38.0945603], [140.5629018, 38.0944824], [140.56309, 38.0939565], [140.563085, 38.093896], [140.563073, 38.0932114], [140.5631255, 38.0927615], [140.563192, 38.0925211], [140.5632164, 38.0924328], [140.5632766, 38.0922149], [140.563317, 38.0916897], [140.5634356, 38.0903584], [140.5635002, 38.0896389], [140.5635796, 38.0889484], [140.5636064, 38.0886432], [140.5624136, 38.0865096], [140.5621503, 38.0859992], [140.5619046, 38.0855497], [140.5616975, 38.0850793], [140.5616613, 38.0848788], [140.5616988, 38.0845177], [140.5623184, 38.0825641], [140.5624263, 38.0821993], [140.5625472, 38.081978], [140.5626537, 38.0818328], [140.5628044, 38.0816977], [140.562998, 38.0815975], [140.5630927, 38.081495], [140.5632097, 38.0813299], [140.5633234, 38.0810232], [140.5633352, 38.0808036], [140.5633579, 38.0800598], [140.5634342, 38.0798461], [140.5637175, 38.0793731], [140.5637992, 38.0791994], [140.5638744, 38.0789988], [140.5639311, 38.0787518], [140.5639075, 38.0784253], [140.5639017, 38.0778568], [140.5639391, 38.0775787], [140.5639716, 38.0774506], [140.564019, 38.0773786], [140.5640852, 38.0773336], [140.5642044, 38.0772809], [140.5643424, 38.0772773], [140.5644662, 38.0772987], [140.5646579, 38.0773634], [140.5649034, 38.0774284], [140.5650979, 38.0774505], [140.5652861, 38.0774177], [140.5656172, 38.0773073], [140.5658897, 38.0771846], [140.5661169, 38.0770325], [140.5670744, 38.07579], [140.5672402, 38.0757099], [140.5674332, 38.075651], [140.5676135, 38.0756301], [140.5681976, 38.0755461], [140.5683967, 38.0755393], [140.5685902, 38.0755654], [140.5690481, 38.0756561], [140.5706694, 38.0761104], [140.5710089, 38.0762024], [140.5713693, 38.0762293], [140.5724399, 38.0759216], [140.5749134, 38.075137], [140.5754337, 38.0748077], [140.5762326, 38.0741796], [140.5763783, 38.0739481], [140.5769835, 38.0731366], [140.5773228, 38.0728152], [140.578048, 38.0723807], [140.5787322, 38.072011], [140.5797507, 38.071531], [140.58111, 38.070942], [140.5814268, 38.0708624], [140.581811, 38.070844], [140.5821685, 38.0708728], [140.582489, 38.070941], [140.5834592, 38.0714131], [140.584086, 38.071718], [140.584474, 38.072015], [140.5846811, 38.072081], [140.584892, 38.072103], [140.585016, 38.0720347], [140.585061, 38.071928], [140.5850339, 38.0718274], [140.5848729, 38.0716382], [140.584874, 38.071575], [140.5849495, 38.0715014], [140.585189, 38.07133], [140.585411, 38.070898], [140.5854, 38.070502], [140.585573, 38.070165], [140.585776, 38.07001], [140.5858705, 38.0700128], [140.5863809, 38.0702097], [140.586486, 38.070207], [140.5865872, 38.0701446], [140.586624, 38.070056], [140.5862597, 38.0692983], [140.586238, 38.069147], [140.5862469, 38.0689416], [140.586308, 38.068805], [140.5864128, 38.0686201], [140.586534, 38.068474], [140.5867064, 38.0684142], [140.587518, 38.068252], [140.5876379, 38.0682585], [140.5877439, 38.0683072], [140.587967, 38.068487], [140.5881082, 38.0685402], [140.5882511, 38.0685463], [140.5883702, 38.0685165], [140.5884096, 38.0684574], [140.5884113, 38.0683757], [140.5883862, 38.0682651], [140.588335, 38.068164], [140.587503, 38.067142], [140.587217, 38.066558], [140.587187, 38.066062], [140.5872434, 38.0657726], [140.587242, 38.065607], [140.586915, 38.064651], [140.5867994, 38.0644786], [140.58671, 38.064277], [140.5866973, 38.0641209], [140.58677, 38.063987], [140.5867891, 38.0637833], [140.586747, 38.063593], [140.5865339, 38.0634095], [140.586421, 38.063215], [140.5864663, 38.061876], [140.586434, 38.061603], [140.5863068, 38.0613799], [140.585573, 38.0605259], [140.585404, 38.060224], [140.5853417, 38.059967], [140.585338, 38.059706], [140.585709, 38.058664], [140.5859025, 38.0578502], [140.585882, 38.057678], [140.5858426, 38.0574969], [140.585628, 38.057165], [140.5855236, 38.056916], [140.585547, 38.056669], [140.586187, 38.055641], [140.5863312, 38.0553931], [140.586378, 38.05514], [140.586188, 38.054558], [140.5856034, 38.0538308], [140.585509, 38.053591], [140.5855184, 38.0533578], [140.585569, 38.053159], [140.585853, 38.052681], [140.586271, 38.051799], [140.5863075, 38.0514886], [140.586359, 38.051342], [140.586464, 38.0512215], [140.586739, 38.051009], [140.586994, 38.050625], [140.587079, 38.050174], [140.587326, 38.04993], [140.5874033, 38.0497113], [140.587457, 38.049625], [140.587586, 38.0495213], [140.587909, 38.049413], [140.588213, 38.049156], [140.5883069, 38.049054], [140.588334, 38.048933], [140.5882693, 38.0488371], [140.588204, 38.0486668], [140.5880866, 38.0484883], [140.5881566, 38.0483669], [140.5882337, 38.0482509], [140.5885536, 38.0481031], [140.5885297, 38.0478635], [140.5883225, 38.0475344], [140.5883361, 38.0472407], [140.5884827, 38.0470619], [140.5886367, 38.0469467], [140.588978, 38.046724], [140.589698, 38.046432], [140.590348, 38.046084], [140.590761, 38.045693], [140.591024, 38.045212], [140.591205, 38.044799], [140.5912676, 38.0446617], [140.5912643, 38.0444276], [140.591282, 38.044367], [140.5913979, 38.0442093], [140.591683, 38.043977], [140.5918261, 38.0438733], [140.592261, 38.043558], [140.5924411, 38.0434115], [140.592732, 38.043075], [140.5929381, 38.0429528], [140.593146, 38.042861], [140.595053, 38.042515], [140.595714, 38.042571], [140.596228, 38.042505], [140.597196, 38.04217], [140.5975777, 38.0419997], [140.597864, 38.041872], [140.59869, 38.041638], [140.599309, 38.041264], [140.599849, 38.040773], [140.600495, 38.040281], [140.601627, 38.039504], [140.602084, 38.0393442], [140.6026853, 38.0391452], [140.603163, 38.0388023], [140.603565, 38.038621], [140.6038603, 38.0385209], [140.6046113, 38.0383907], [140.6052999, 38.0382911], [140.6057601, 38.0382064], [140.606102, 38.038111], [140.60682, 38.037812], [140.6073458, 38.0375728], [140.6074925, 38.0375555], [140.6076719, 38.0375658], [140.6080217, 38.0376072], [140.6082137, 38.0376131], [140.6083761, 38.0375979], [140.6089147, 38.0375004], [140.6096226, 38.0373536], [140.6104188, 38.037149], [140.6105301, 38.0371102], [140.6105722, 38.0370826], [140.6106264, 38.0370234], [140.6106617, 38.0369637], [140.6108375, 38.0365468], [140.6112406, 38.0358473], [140.6114139, 38.0354943], [140.6114929, 38.0352903], [140.6115408, 38.0351032], [140.6116268, 38.034484], [140.6116789, 38.0339088], [140.61166, 38.0337387], [140.6115876, 38.0335666], [140.6114243, 38.0333555], [140.6109913, 38.0328298], [140.6109205, 38.0327137], [140.6108917, 38.0326158], [140.6109031, 38.0325158], [140.6112396, 38.0313764], [140.6112574, 38.0312968], [140.6118518, 38.0291978], [140.6118684, 38.0290884], [140.6118751, 38.0290494], [140.6119333, 38.0287541], [140.6119281, 38.0284964], [140.6118857, 38.0280823], [140.6118641, 38.027792], [140.6118202, 38.0276834], [140.6117865, 38.0276184], [140.6118066, 38.0274582], [140.611943, 38.0273059], [140.6121664, 38.0270249], [140.6123209, 38.0267572], [140.6123316, 38.0267352], [140.6125224, 38.0263453], [140.6125716, 38.0262941], [140.612622, 38.0262736], [140.6127155, 38.0262651], [140.6128796, 38.026295], [140.6129913, 38.0263122], [140.6131059, 38.0263119], [140.6133038, 38.0263073], [140.6134997, 38.0262825], [140.6137438, 38.0262273], [140.6139912, 38.0261277], [140.6146517, 38.0257873], [140.6149671, 38.0256526], [140.6153082, 38.0255512], [140.6157964, 38.0254574], [140.6167207, 38.025268], [140.6169618, 38.0251913], [140.617172, 38.0250708], [140.6174467, 38.0248583], [140.6176331, 38.0247234], [140.6178517, 38.0245927], [140.6182424, 38.0244545], [140.6183554, 38.0243798], [140.618419, 38.0242817], [140.6185199, 38.0239959], [140.618637, 38.0238186], [140.6188064, 38.0237471], [140.6191324, 38.0236917], [140.6198001, 38.0236448], [140.6199967, 38.0236206], [140.620912, 38.0234275], [140.6210217, 38.0234012], [140.6210702, 38.0233805], [140.6213464, 38.0232398], [140.6217439, 38.0230157], [140.6219142, 38.022919], [140.6221416, 38.0227857], [140.6223455, 38.0226695], [140.6230598, 38.0223651], [140.6231483, 38.0223279], [140.6234387, 38.0222231], [140.6235474, 38.0221774], [140.6239193, 38.022037], [140.6240687, 38.0219806], [140.624167, 38.0219404]], [[140.8021102, 38.3303275], [140.8021679, 38.3304151], [140.8022001, 38.3304656], [140.802203, 38.3305014], [140.8021947, 38.3305371], [140.8021384, 38.3306192], [140.802066, 38.3307202], [140.8019989, 38.330859], [140.8019309, 38.3310532], [140.8018832, 38.3312395], [140.8018735, 38.3314159], [140.8018758, 38.3315531], [140.8018972, 38.3316953], [140.8019674, 38.3320972], [140.8020652, 38.3325299], [140.8021723, 38.333208]]]}, "id": "relation/9156540"}]}