{"type": "FeatureCollection", "generator": "kokudo-quiz tools/fetch_raw.py (Overpass API)", "copyright": "The data included in this document is from www.openstreetmap.org. The data is made available under ODbL.", "timestamp": "2026-09-30T23:40:19Z", "features": [{"type": "Feature", "properties": {"@id": "relation/5450521", "colour": "red", "from": "長野県佐久市", "name": "国道462号", "name:en": "National Highway Route 462", "name:ja": "国道462号", "name:ja-Hira": "こくどうよんひゃくろくじゅうにごう", "name:ja-Latn": "kokudou 462 gou", "network": "JP:national", "ref": "462", "route": "road", "to": "群馬県伊勢崎市", "type": "route", "wikidata": "Q11421468", "wikipedia": "ja:国道462号"}, "geometry": {"type": "MultiLineString", "coordinates": [[[138.8516628, 36.0895938], [138.8515388, 36.0895137], [138.851345, 36.0894151], [138.8511061, 36.0893165], [138.8508044, 36.0892142], [138.8504676, 36.0891125], [138.850287, 36.0890496], [138.8501106, 36.0889733], [138.8498472, 36.0888323], [138.8494967, 36.0886289], [138.8492735, 36.0884438], [138.8487958, 36.0879398], [138.8485243, 36.0876502], [138.8483453, 36.0874959], [138.8482044, 36.0873988], [138.8479798, 36.0872669], [138.8477429, 36.0871433], [138.846893, 36.0866693], [138.8465374, 36.0864766], [138.8462083, 36.086304], [138.8459923, 36.0862318], [138.8458137, 36.0862207], [138.8456517, 36.0862384], [138.8454965, 36.086285], [138.8453585, 36.086357], [138.8450624, 36.08653], [138.8448079, 36.0866892], [138.8446864, 36.0867546], [138.8445568, 36.0868028], [138.8444158, 36.0868342], [138.8442302, 36.0868463], [138.8440921, 36.0868389], [138.8439585, 36.0868058], [138.8438281, 36.0867638], [138.8435125, 36.0865991], [138.8433726, 36.0865362], [138.8432075, 36.0864955], [138.8430236, 36.0864813], [138.8428239, 36.0864987], [138.8426464, 36.0865276], [138.8421345, 36.0866276], [138.8416745, 36.0867173], [138.8414181, 36.086774], [138.8412559, 36.0868339], [138.8411165, 36.086921], [138.8409875, 36.0870378], [138.8408597, 36.0871626], [138.8406454, 36.0874225], [138.8404778, 36.0876098], [138.8402987, 36.0877971], [138.8401909, 36.0879023], [138.8400594, 36.0879941], [138.839939, 36.088053], [138.8397896, 36.088102], [138.8396327, 36.0881365], [138.839428, 36.0881558], [138.8392264, 36.0881457], [138.8389673, 36.088106], [138.8385933, 36.0880343], [138.8382737, 36.0879784], [138.837993, 36.0879476], [138.8375355, 36.0879309], [138.8371451, 36.0879523], [138.8368235, 36.087978], [138.8363736, 36.0880379], [138.8357893, 36.0881093], [138.8350899, 36.0881682], [138.8347192, 36.088196], [138.8342965, 36.0882272], [138.8335803, 36.0882575], [138.8333045, 36.0882747], [138.8330453, 36.0883056], [138.8328161, 36.0883575], [138.8325095, 36.088445], [138.8321464, 36.0885551], [138.8318375, 36.0886529], [138.8316376, 36.0887223], [138.8315541, 36.0887727], [138.8314834, 36.0888228], [138.8313672, 36.0889317], [138.8312457, 36.089063], [138.8311199, 36.0892126], [138.8310632, 36.0893117], [138.8310137, 36.0894109], [138.8309242, 36.0896589], [138.830855, 36.0898546], [138.8307269, 36.0900962], [138.8306093, 36.0902966], [138.8305064, 36.0904338], [138.8303746, 36.0905733], [138.8301851, 36.0907159], [138.8298637, 36.0909375], [138.8296368, 36.091053], [138.8293575, 36.0911694], [138.8292621, 36.091178], [138.8292247, 36.0911721], [138.8291349, 36.091219], [138.8288151, 36.0913208], [138.8284082, 36.0914061], [138.8278511, 36.0915878], [138.8276294, 36.0916986], [138.8273265, 36.0918287], [138.8271411, 36.0918841], [138.8270168, 36.0919078], [138.826987, 36.091909], [138.8269344, 36.0918994], [138.8268781, 36.0918845], [138.8268352, 36.0918568], [138.8267745, 36.0918041], [138.8267118, 36.0917379], [138.8266609, 36.0916612], [138.8265989, 36.0915483], [138.8265351, 36.0915105], [138.8264347, 36.0914768], [138.8262644, 36.091456], [138.8258522, 36.0914116], [138.8252838, 36.0913254], [138.8251176, 36.0913048], [138.8250533, 36.0912882], [138.8250217, 36.0912501], [138.8249943, 36.0911918], [138.8246974, 36.0912416], [138.8245777, 36.0912542], [138.8244404, 36.0912853], [138.8243226, 36.0913213], [138.8242245, 36.0913749], [138.8240419, 36.0914895], [138.8238103, 36.0916655], [138.8234499, 36.0920065], [138.8232344, 36.0922197], [138.8230626, 36.0923491], [138.8228947, 36.0924519], [138.8227045, 36.0925234], [138.8224936, 36.0925434], [138.8221058, 36.0925366], [138.8216939, 36.0924887], [138.8211395, 36.0924204], [138.82051, 36.0923305], [138.8197899, 36.0921791], [138.8191343, 36.0920211], [138.8188968, 36.0920094], [138.8184432, 36.092019], [138.8182959, 36.0920222], [138.8175862, 36.0920394], [138.816837, 36.0920654]], [[138.8516628, 36.0895938], [138.8518897, 36.0897443], [138.8520684, 36.0898862], [138.8524778, 36.090314], [138.8528205, 36.09068], [138.8529876, 36.0908567], [138.8531466, 36.0910078], [138.8534724, 36.0912991], [138.8536705, 36.0914267], [138.8537995, 36.0915098], [138.8540886, 36.0916604], [138.854301, 36.0917617], [138.8544123, 36.0918047], [138.8544392, 36.091815], [138.8548389, 36.0919333], [138.8557172, 36.0922093], [138.8559742, 36.092284], [138.8561773, 36.0923431], [138.8565466, 36.0924096], [138.8568935, 36.0924038], [138.8572404, 36.0923383], [138.8575893, 36.0922496], [138.858016, 36.0921394], [138.8583105, 36.092111], [138.8586444, 36.0920948], [138.8590018, 36.0920987], [138.8594082, 36.0921401], [138.8598061, 36.0922172], [138.8601387, 36.092304], [138.8604504, 36.0924036], [138.8607149, 36.0925276], [138.861007, 36.092696], [138.8612464, 36.0929073], [138.8614182, 36.0931713], [138.8615071, 36.0933724], [138.861518, 36.0934061], [138.8615895, 36.0936271], [138.8616645, 36.0939157], [138.8617303, 36.0942192], [138.8617698, 36.0944276], [138.8617958, 36.0945972], [138.8618453, 36.0948009], [138.8619358, 36.0949938], [138.8621102, 36.095161], [138.8623027, 36.095308], [138.8625728, 36.0954628], [138.8628675, 36.0955784], [138.8630891, 36.0956268], [138.8633404, 36.0956333], [138.8636418, 36.0956226], [138.8645509, 36.0955648], [138.8653515, 36.0955261], [138.8656599, 36.0955615], [138.8659096, 36.095682], [138.8661109, 36.0958311], [138.8663573, 36.09614], [138.8664507, 36.0962154], [138.8665932, 36.0963085], [138.8667284, 36.0963837], [138.8669015, 36.0964389], [138.867396, 36.0965297], [138.8674562, 36.0965389], [138.8720688, 36.0972949], [138.8721564, 36.0973072], [138.8732428, 36.0974596], [138.8735359, 36.097501], [138.8738493, 36.0975851], [138.8740991, 36.0977185], [138.874341, 36.0979019], [138.8746499, 36.0981013], [138.8749528, 36.0982742], [138.8753715, 36.0984619], [138.8760219, 36.0987121], [138.8762823, 36.0987752], [138.8764936, 36.0987881], [138.8768698, 36.0987737], [138.8771544, 36.0987812], [138.8773125, 36.0987946], [138.8776743, 36.0988253], [138.8780412, 36.0988449], [138.8784063, 36.09884], [138.8785087, 36.098832], [138.8788003, 36.0987849], [138.8791371, 36.0987066], [138.8794553, 36.0986077], [138.8797077, 36.0985137], [138.8801402, 36.0983317], [138.8804516, 36.0982058], [138.8807712, 36.098094], [138.8810699, 36.0980101], [138.8813394, 36.0979553], [138.881673, 36.0979251], [138.8819863, 36.0979269], [138.8822666, 36.0979578], [138.8825292, 36.0979976], [138.8827454, 36.0980666], [138.882764, 36.0980725], [138.8829447, 36.0981723], [138.8832777, 36.098387], [138.8834605, 36.0985383], [138.8834907, 36.0985633], [138.8837216, 36.0987707], [138.8840263, 36.0990469], [138.8842124, 36.0992229], [138.8850959, 36.1000534], [138.8853248, 36.1003254], [138.8854177, 36.1005213], [138.8854717, 36.1007773], [138.8855066, 36.1013826], [138.8855364, 36.101633], [138.8855393, 36.1016574], [138.8856298, 36.1019169], [138.8857713, 36.1021219], [138.8859483, 36.1022914], [138.8861488, 36.1024511], [138.8864583, 36.1026384], [138.8867885, 36.1028057], [138.8871693, 36.1029658], [138.8876173, 36.1031373], [138.8884149, 36.1034435], [138.8887735, 36.103608], [138.8889775, 36.1037758], [138.8890794, 36.103952], [138.8891076, 36.1041613], [138.8891222, 36.1044256], [138.8891444, 36.104621], [138.8891785, 36.1047035], [138.889207, 36.1047724], [138.8892174, 36.1048058], [138.8893585, 36.1051183], [138.8894957, 36.1053635], [138.8896313, 36.1056007], [138.8897617, 36.105706], [138.8899205, 36.1057823], [138.8899924, 36.1058201], [138.8902853, 36.1059549], [138.8904477, 36.1060293], [138.8911699, 36.1063466], [138.8917946, 36.106631], [138.8920633, 36.106784], [138.8923042, 36.10695], [138.8925899, 36.1071586], [138.8929051, 36.1073747], [138.8932016, 36.1075568], [138.8934351, 36.1076879], [138.8938339, 36.1078746], [138.8940707, 36.1079724], [138.8943899, 36.1080797], [138.8947338, 36.1081931], [138.8950639, 36.1083073], [138.895341, 36.1083742], [138.8956299, 36.108414], [138.89598, 36.1084517], [138.8962775, 36.1084927], [138.8965492, 36.1085465], [138.8967931, 36.1086195], [138.8969748, 36.1086968], [138.8971435, 36.1087941], [138.8972646, 36.1088961], [138.897378, 36.1090227], [138.8975102, 36.1091732], [138.8976171, 36.1093048], [138.8978049, 36.1095465], [138.8979488, 36.1096945], [138.8980899, 36.1097988], [138.8984339, 36.1099697], [138.8990001, 36.1102859], [138.899386, 36.1105178], [138.8997574, 36.1107515], [138.9000246, 36.110879], [138.9003275, 36.1109906], [138.9009431, 36.1111917], [138.9016167, 36.1114031], [138.9024099, 36.111647], [138.9028314, 36.1117629], [138.9030693, 36.1118182], [138.9034052, 36.1118354], [138.9037339, 36.111846], [138.9039876, 36.1118441], [138.9046628, 36.1118235], [138.9053175, 36.1118077], [138.9056062, 36.1118194], [138.9058001, 36.1118557], [138.9059556, 36.111918], [138.906087, 36.1120018], [138.9062043, 36.1121157], [138.9064346, 36.1123656], [138.9068284, 36.1127663], [138.907338, 36.113224], [138.9076164, 36.1134741], [138.9077914, 36.1135961], [138.9079477, 36.1136749], [138.9081142, 36.1137217], [138.9083471, 36.113747], [138.9085659, 36.1137413], [138.9089537, 36.1136866], [138.9091244, 36.113681], [138.9092738, 36.1137015], [138.9094089, 36.1137497], [138.9095377, 36.1138072], [138.9096963, 36.1138858], [138.909846, 36.113961], [138.9099848, 36.1140356], [138.9101216, 36.1141105], [138.9102918, 36.1141866], [138.9105037, 36.1142448], [138.9106619, 36.1142746], [138.9108921, 36.1143157], [138.9111977, 36.1143887], [138.91138, 36.1144568], [138.9114922, 36.1145315], [138.9115716, 36.1146175], [138.9116476, 36.1147296], [138.9117377, 36.1148749], [138.9118116, 36.1149542], [138.9118666, 36.1149916], [138.9118967, 36.1150121], [138.9122298, 36.1150803], [138.9122868, 36.1150865], [138.9125308, 36.1150731], [138.9127977, 36.1150519], [138.9130382, 36.1150443], [138.9132429, 36.1150597], [138.9134215, 36.1150957], [138.913599, 36.1151636], [138.9138979, 36.1152439], [138.9141914, 36.1153034], [138.9145129, 36.1153518], [138.9153083, 36.1154662], [138.9153559, 36.1154718], [138.9161816, 36.1155691], [138.9164022, 36.1155982], [138.9168065, 36.1156515], [138.9174687, 36.1157338], [138.9178118, 36.115772], [138.918162, 36.1158073], [138.9185356, 36.1158283], [138.9189063, 36.1158984], [138.9195719, 36.1159902], [138.9198173, 36.1160523], [138.9200935, 36.1160795], [138.9203506, 36.1160791], [138.9205503, 36.1160552], [138.9208124, 36.1159883], [138.9210789, 36.1159367], [138.9214285, 36.1159317], [138.9216799, 36.1159197], [138.9219406, 36.1158886], [138.9222267, 36.1158365], [138.9225376, 36.1157519], [138.9229485, 36.1156152], [138.9233238, 36.1155015], [138.9237084, 36.1153934], [138.9242009, 36.1153015], [138.9244229, 36.1152897], [138.924618, 36.1152998], [138.92481, 36.1153536], [138.9250548, 36.115443], [138.9253559, 36.1156005], [138.9256205, 36.1157649], [138.9256955, 36.1158154], [138.9259598, 36.1159935], [138.9261594, 36.1161007], [138.9263695, 36.1161772], [138.9266172, 36.1162426], [138.9268388, 36.116303], [138.9269046, 36.116321], [138.9273287, 36.1164402], [138.9275777, 36.1165163], [138.9279471, 36.1166292], [138.9282617, 36.1167254], [138.9286598, 36.1168393], [138.9289263, 36.1169037], [138.9291652, 36.1169511], [138.9294014, 36.1169808], [138.9295847, 36.1169836], [138.9297697, 36.1169674], [138.9300003, 36.1169469], [138.9303423, 36.116932], [138.9306357, 36.1169162], [138.9308943, 36.1168985], [138.9311079, 36.1168674], [138.9312959, 36.1168022], [138.9315794, 36.1166616], [138.9318614, 36.1165225], [138.9321089, 36.1164207], [138.932305, 36.1163273], [138.93247, 36.1162003], [138.9326189, 36.1160925], [138.9327653, 36.1160019], [138.9329236, 36.1159488], [138.9330916, 36.1159464], [138.9332182, 36.1159756], [138.9333134, 36.1160448], [138.9333562, 36.1161374], [138.9333418, 36.116245], [138.933279, 36.1163484], [138.933184, 36.1164406], [138.9330158, 36.1165978], [138.9328595, 36.1167428], [138.9324376, 36.117133], [138.9322738, 36.1172993], [138.9321851, 36.1174225], [138.9320715, 36.1176558], [138.9320065, 36.1178705], [138.9318923, 36.1182312], [138.9318045, 36.1184094], [138.9317005, 36.1186404], [138.931682, 36.118757], [138.9316885, 36.1188954], [138.9317202, 36.1190391], [138.9318219, 36.1194339], [138.9318558, 36.1196326], [138.9318768, 36.1198652], [138.931888, 36.1200156], [138.9319267, 36.1201747], [138.9320429, 36.1204249], [138.9321279, 36.1206022], [138.9322298, 36.1208059], [138.9323098, 36.1209232], [138.932416, 36.1210342], [138.9326017, 36.1212105], [138.9327729, 36.1213564], [138.932945, 36.1215066], [138.933128, 36.1215979], [138.9332966, 36.1216397], [138.9334897, 36.1216585], [138.933708, 36.1216549], [138.9339127, 36.1216247], [138.9341684, 36.1216072], [138.9344317, 36.1216182], [138.9348328, 36.1216458], [138.9354818, 36.1216788], [138.9359804, 36.1216825], [138.9364144, 36.1216685], [138.9367623, 36.1216443], [138.9369911, 36.1216025], [138.9371957, 36.12154], [138.9374296, 36.1214466], [138.9376404, 36.1213379], [138.9378548, 36.1212014], [138.9380638, 36.121055], [138.9383095, 36.1208723], [138.9385055, 36.1207338], [138.9386548, 36.1206103], [138.9387845, 36.1204733], [138.9388856, 36.1203161], [138.9390479, 36.1200187], [138.9391798, 36.1197814], [138.9393034, 36.1195789], [138.9394583, 36.1193515], [138.9395349, 36.1192447], [138.9398558, 36.1188751], [138.9398898, 36.1188349], [138.9399952, 36.118787], [138.9401131, 36.1187693], [138.9402627, 36.1188026], [138.9404833, 36.118886], [138.9408112, 36.1190204], [138.9409558, 36.1191118], [138.9410423, 36.1192005], [138.9411321, 36.1193344], [138.9412587, 36.1196381], [138.9414084, 36.1199858], [138.9415092, 36.1202426], [138.941575, 36.1204617], [138.941598, 36.1205832], [138.9416042, 36.120616], [138.9415937, 36.1207477], [138.9415423, 36.1209173], [138.9413871, 36.1213422], [138.9413229, 36.1215369], [138.9412148, 36.121908], [138.9411067, 36.1222941], [138.941064, 36.1224526], [138.941012, 36.1225545], [138.9408865, 36.1227416], [138.9408405, 36.1228382], [138.9408087, 36.1229646], [138.940777, 36.1230905], [138.9407506, 36.1231896], [138.9407362, 36.1232941], [138.940732, 36.1233965], [138.9407294, 36.1234906], [138.9407245, 36.1236057], [138.9407326, 36.1238374], [138.9407826, 36.1241737], [138.9408377, 36.1244916], [138.9409114, 36.1248059], [138.9409523, 36.1249254], [138.9410205, 36.1250491], [138.9411198, 36.1251578], [138.9413198, 36.1253403], [138.9416202, 36.1256021], [138.941838, 36.1257445], [138.9420255, 36.125829], [138.9422702, 36.125918], [138.9425816, 36.1260333], [138.9429437, 36.126174], [138.9433033, 36.1263125], [138.943529, 36.1263988], [138.9436431, 36.1264866], [138.9437436, 36.1266093], [138.9439491, 36.1269122], [138.9441173, 36.127134], [138.9442309, 36.1272671], [138.9443666, 36.1273592], [138.9445407, 36.1274456], [138.9447432, 36.1275196], [138.944949, 36.1275815], [138.945152, 36.1276335], [138.9453081, 36.127669], [138.9454838, 36.127724], [138.9456945, 36.1278103], [138.9459248, 36.1279092], [138.9463271, 36.1280914], [138.9466836, 36.128254], [138.9471073, 36.128502], [138.9472257, 36.1285963], [138.9474632, 36.1288433], [138.9475483, 36.1289206], [138.9475977, 36.1289456], [138.9477377, 36.1289766], [138.9478138, 36.1289871], [138.9478729, 36.128993], [138.9479953, 36.1289956], [138.9481815, 36.1289854], [138.9484448, 36.1289734], [138.9486481, 36.1289587], [138.948878, 36.1289405], [138.949066, 36.1289542], [138.9492669, 36.1290136], [138.9494482, 36.1290251], [138.9496273, 36.1289975], [138.9498359, 36.1289347], [138.9502051, 36.1288174], [138.9506105, 36.1286876], [138.9511632, 36.1285183], [138.9515066, 36.1284025], [138.9519037, 36.1282678], [138.9521509, 36.128199], [138.9523251, 36.1281743], [138.9524867, 36.1281776], [138.9526598, 36.1281834], [138.9529298, 36.1281983], [138.9532167, 36.1282144], [138.9533281, 36.1282187], [138.9538562, 36.1282333], [138.9542526, 36.1282292], [138.9544861, 36.1282119], [138.9547229, 36.1281718], [138.9549075, 36.1281182], [138.9551162, 36.1280476], [138.9553517, 36.1279545], [138.9555967, 36.127851], [138.9559138, 36.1276916], [138.9561713, 36.1275624], [138.9564875, 36.1274013], [138.9566428, 36.1273258], [138.9567609, 36.1272627], [138.956846, 36.1271828], [138.9568982, 36.1270911], [138.9568961, 36.126996], [138.9568597, 36.1268903], [138.9567816, 36.1267153], [138.9567409, 36.1265516], [138.9567564, 36.1264286], [138.9568186, 36.1263318], [138.9569703, 36.1261806], [138.9572246, 36.1259371], [138.9573676, 36.1258435], [138.9576121, 36.1257381], [138.9578265, 36.1256216], [138.9580101, 36.1254874], [138.958261, 36.1253031], [138.9584724, 36.1251669], [138.9585517, 36.1251158], [138.9588646, 36.1249387], [138.9590677, 36.1248578], [138.9592729, 36.124809], [138.959457, 36.1247929], [138.9596645, 36.1248068], [138.9598684, 36.1248304], [138.9600567, 36.1248705], [138.9602571, 36.1249309], [138.9604099, 36.1250121], [138.9607397, 36.1252228], [138.9612236, 36.1255523], [138.9613016, 36.125618], [138.9613839, 36.1256946], [138.9614499, 36.125763], [138.9615546, 36.1258675], [138.9616698, 36.1259583], [138.9617979, 36.1260318], [138.9619631, 36.1260934], [138.9622566, 36.1261693], [138.9625249, 36.1262355], [138.9627448, 36.1262953], [138.9629992, 36.1263834], [138.9632615, 36.1264822], [138.9635898, 36.1265761], [138.9640055, 36.1266711], [138.9642675, 36.1267151], [138.9645228, 36.1267264], [138.9648453, 36.1267063], [138.9649789, 36.126682], [138.9651998, 36.1266129], [138.965525, 36.1264982], [138.9658123, 36.1264377], [138.965934, 36.1263563], [138.9660058, 36.1262519], [138.9660016, 36.1260361], [138.9660353, 36.1259266], [138.9661092, 36.1258538], [138.9662012, 36.1257363], [138.9663376, 36.1255764], [138.9665349, 36.1253376], [138.9666645, 36.125227], [138.9668499, 36.1251485], [138.96706, 36.1251164], [138.9673178, 36.1251116], [138.9675195, 36.1251355], [138.9677061, 36.1251832], [138.968152, 36.1253026], [138.9682985, 36.1253489], [138.9684172, 36.1254293], [138.9685112, 36.1255212], [138.9686516, 36.1256527], [138.9687945, 36.1257371], [138.9689767, 36.1257947], [138.9693681, 36.1258485], [138.9696167, 36.1258556], [138.9699327, 36.1258213], [138.970034, 36.1257882], [138.9702018, 36.1257292], [138.9703515, 36.125662], [138.9705124, 36.1255535], [138.9706265, 36.1254338], [138.9706949, 36.125343], [138.970796, 36.1251873], [138.9708532, 36.1250457], [138.9709414, 36.1248499], [138.9710455, 36.1246862], [138.9711849, 36.124494], [138.9713115, 36.1242726], [138.9714418, 36.1240517], [138.9715897, 36.1238437], [138.9717913, 36.1236338], [138.9719157, 36.1235256], [138.9720645, 36.1234585], [138.9722261, 36.1234299], [138.9724468, 36.1233993], [138.9726136, 36.1233382], [138.9727883, 36.1232301], [138.9729697, 36.1231337], [138.973176, 36.1230543], [138.9734252, 36.1229906], [138.9737772, 36.122876], [138.973999, 36.1227661], [138.9742599, 36.122626], [138.9744564, 36.1225624], [138.974629, 36.1225009], [138.9748041, 36.1224149], [138.9748916, 36.1223596], [138.9749366, 36.122276], [138.9749376, 36.1221761], [138.9749105, 36.1220547], [138.9748833, 36.1218973], [138.9748921, 36.1217798], [138.9749447, 36.1216361], [138.9750156, 36.1214554], [138.9750728, 36.1212926], [138.9751067, 36.1211548], [138.9751162, 36.1210193], [138.9750909, 36.120888], [138.9750455, 36.1207229], [138.9750166, 36.1205442], [138.9749855, 36.1200861], [138.9749923, 36.1200155], [138.9750334, 36.119912], [138.9751145, 36.1198229], [138.9752271, 36.1197295], [138.9755934, 36.1195326], [138.9757927, 36.1194381], [138.9759487, 36.1193372], [138.9763718, 36.1190549], [138.9764335, 36.1190082], [138.9764869, 36.1189466], [138.9766079, 36.1186812], [138.9766582, 36.1185909], [138.9767208, 36.1185125], [138.976893, 36.1183338], [138.976989, 36.1182613], [138.9770772, 36.1182158], [138.9774971, 36.1180549], [138.977544, 36.1180204], [138.9776017, 36.1179578], [138.9777521, 36.1176746], [138.9777995, 36.1175825], [138.9778727, 36.1175239], [138.9780357, 36.1174643], [138.9782413, 36.1174297], [138.9786975, 36.117357], [138.978861, 36.1173389], [138.9790001, 36.1173579], [138.9791265, 36.1174043], [138.9793022, 36.117518], [138.9795297, 36.1176741], [138.9796847, 36.1177642], [138.979849, 36.117823], [138.9801693, 36.1178925], [138.9803358, 36.1179429], [138.980484, 36.118006], [138.9808876, 36.1182282], [138.9810037, 36.1183203], [138.9811114, 36.1184017], [138.9811602, 36.1184278], [138.9812306, 36.1184557], [138.9812959, 36.1184696], [138.9813522, 36.118472], [138.9814815, 36.118459], [138.9815507, 36.118438], [138.9816144, 36.1184004], [138.9817067, 36.1183275], [138.9818657, 36.1182184], [138.9819412, 36.1181755], [138.9824038, 36.1180999], [138.9825541, 36.1180718], [138.9827894, 36.1180139], [138.9829695, 36.1179525], [138.9832067, 36.1178521], [138.9834405, 36.1177484], [138.9838278, 36.1175798], [138.9839967, 36.1174892], [138.9842613, 36.1173205], [138.9844491, 36.1171766], [138.9846021, 36.1170213], [138.9847235, 36.1169389], [138.9848734, 36.1169146], [138.9850735, 36.1169286], [138.9853239, 36.1169617], [138.9854974, 36.1170129], [138.9856278, 36.1170938], [138.9856951, 36.1172086], [138.985729, 36.1173119], [138.9857873, 36.117481], [138.9858167, 36.1175878], [138.9858851, 36.117724], [138.9859906, 36.1178775], [138.9861331, 36.1180331], [138.9862598, 36.1181461], [138.9864006, 36.1182493], [138.9865376, 36.1183577], [138.9866571, 36.1184535], [138.9868645, 36.1186342], [138.9870093, 36.118785], [138.9871035, 36.1188575], [138.9872591, 36.1189637], [138.9874293, 36.1190508], [138.9876839, 36.119183], [138.9878518, 36.1192875], [138.9880737, 36.1194835], [138.9881254, 36.1195468], [138.9882615, 36.1197475], [138.9883453, 36.1199317], [138.9883744, 36.1201553], [138.9883936, 36.1202799], [138.9884626, 36.1203777], [138.9885653, 36.1204297], [138.9887661, 36.1205307], [138.9888661, 36.1206235], [138.9889256, 36.120704], [138.9889999, 36.1208519], [138.9890644, 36.1210147], [138.9891317, 36.1212902], [138.9891593, 36.1214864], [138.9891707, 36.1216926], [138.9891613, 36.1218757], [138.9891556, 36.1220618], [138.9891812, 36.1222159], [138.98922, 36.1223302], [138.9893078, 36.1225304], [138.9893896, 36.1226931], [138.9897462, 36.1234684], [138.9897936, 36.1236038], [138.9898667, 36.1238316], [138.9899245, 36.1239678], [138.9900175, 36.1240826], [138.9901322, 36.1241944], [138.9902416, 36.1243068], [138.9903284, 36.1244288], [138.9903976, 36.1245472], [138.9904482, 36.1246615], [138.9904894, 36.1247966], [138.9904931, 36.1249069], [138.9904538, 36.1250168], [138.9903965, 36.1251068], [138.9903199, 36.1252202], [138.9902659, 36.1253269], [138.9902352, 36.1254264], [138.9902389, 36.1255346], [138.9902604, 36.1256301], [138.9903144, 36.1258051], [138.9903828, 36.1259869], [138.9904865, 36.1262208], [138.990581, 36.1263943], [138.9906624, 36.12648], [138.9907132, 36.1265151], [138.9909593, 36.1266175], [138.9911077, 36.1266923], [138.9912106, 36.1267718], [138.9912553, 36.1268688], [138.9912582, 36.1269811], [138.9912162, 36.1270921], [138.9911159, 36.1272591], [138.9910258, 36.1273854], [138.9908545, 36.1275394], [138.9907296, 36.1276527], [138.9906566, 36.1277369], [138.9906194, 36.1277958], [138.9905721, 36.1278914]], [[138.9906841, 36.1288159], [138.9907715, 36.1289249], [138.9908818, 36.12907], [138.9909394, 36.1291524], [138.9909857, 36.1292706], [138.9910226, 36.12941], [138.9910649, 36.1296085], [138.9911166, 36.1298448], [138.9911452, 36.1300345], [138.9911742, 36.1305305], [138.9911962, 36.1308286], [138.9912235, 36.1310151], [138.9912429, 36.1311397], [138.9912574, 36.1312004], [138.9913248, 36.13129], [138.9914099, 36.1313472], [138.9914998, 36.1313849], [138.9915925, 36.1313985], [138.9917126, 36.1313873], [138.9918032, 36.1313627], [138.9918818, 36.1313223], [138.9919729, 36.1312493], [138.9920825, 36.1311533], [138.9921885, 36.131066], [138.9922964, 36.1309947], [138.9924656, 36.1309151], [138.9926334, 36.1308454], [138.9927485, 36.1307715], [138.9928264, 36.1306844], [138.992877, 36.1305882], [138.9929349, 36.1304357], [138.9930047, 36.1303037], [138.9931132, 36.1301679], [138.9932359, 36.1300334], [138.9933481, 36.1299146], [138.993452, 36.1297873], [138.9935378, 36.1296608], [138.9935951, 36.1295813], [138.9936987, 36.1294999], [138.993819, 36.1294687], [138.9939562, 36.1294797], [138.994076, 36.1295305], [138.9942043, 36.1296167], [138.9943298, 36.1297277], [138.9945338, 36.1299214], [138.9946255, 36.1299963], [138.9947159, 36.1300471], [138.9948548, 36.130107], [138.9991817, 36.1317186], [138.9992487, 36.1317668], [138.9992782, 36.1318591], [138.9992858, 36.1319747], [138.9992751, 36.1323871], [138.9992804, 36.132515], [138.9993117, 36.1326335], [138.9993697, 36.1327182], [138.999482, 36.1328526], [138.9996346, 36.1330189], [138.9997334, 36.1331097], [138.9998476, 36.1331489], [138.9999932, 36.1331435], [139.0001646, 36.1331201], [139.000332, 36.1331401], [139.0005106, 36.1331684], [139.0006713, 36.1331666], [139.000832, 36.1331563], [139.00097, 36.1331912], [139.0010724, 36.13324], [139.0011519, 36.133317], [139.0012296, 36.1334246], [139.001348, 36.1335973], [139.0016251, 36.1339963], [139.0016904, 36.1341439], [139.0016924, 36.1342461], [139.0016407, 36.1343305], [139.0015403, 36.1344276], [139.0014662, 36.1345382], [139.0014462, 36.1346261], [139.0014685, 36.1347162], [139.0015322, 36.1348128], [139.0016628, 36.1349103], [139.0018524, 36.135018], [139.0022251, 36.135219], [139.0027054, 36.1355156], [139.0028098, 36.1356199], [139.0028535, 36.135713], [139.0028622, 36.13585], [139.0028397, 36.1360423], [139.0028569, 36.1361525], [139.003052, 36.1366218], [139.0031, 36.1366973], [139.003204, 36.1367866], [139.0032646, 36.1368156], [139.0033436, 36.1368341], [139.0034338, 36.1368407], [139.0040576, 36.1368242], [139.0042753, 36.1367968], [139.004462, 36.1367478], [139.0046214, 36.1366916], [139.0046645, 36.1366729], [139.0051457, 36.1364859], [139.0053448, 36.1363977], [139.0055642, 36.1363095], [139.0057788, 36.1362324], [139.0059879, 36.1361971], [139.006201, 36.1361921], [139.0065263, 36.136238], [139.0067555, 36.1362701], [139.0069362, 36.1362686], [139.0071274, 36.1362382], [139.0074435, 36.136181], [139.0078322, 36.1360931], [139.0082244, 36.1360118], [139.0083888, 36.1359831], [139.0085476, 36.1359951], [139.0086895, 36.1360312], [139.0093747, 36.1363133], [139.0094952, 36.1363864], [139.0095929, 36.1365145], [139.0096615, 36.1366685], [139.0097131, 36.1368412], [139.0097504, 36.1370208], [139.0097648, 36.1371625], [139.0097557, 36.1373081], [139.009721, 36.1374575], [139.0096623, 36.1376695], [139.009638, 36.137744], [139.0095027, 36.13817], [139.0094281, 36.1384828], [139.0094092, 36.1386319], [139.0094268, 36.1387352], [139.0094891, 36.1388154], [139.0095832, 36.1388729], [139.0097171, 36.1389094], [139.0100577, 36.1389833], [139.0102376, 36.1390172], [139.0104175, 36.1390512], [139.0107546, 36.1391169], [139.0110385, 36.1391613], [139.0112758, 36.1391887], [139.011502, 36.1392045], [139.0117297, 36.1391911], [139.0119293, 36.1391655], [139.0123273, 36.1390984], [139.0126282, 36.1390559], [139.0128649, 36.1390383], [139.0131912, 36.1390307], [139.0137928, 36.139024], [139.0141144, 36.1390191], [139.0144375, 36.1390259], [139.0146843, 36.1390522], [139.0149197, 36.1391152], [139.0151022, 36.1391798], [139.0152279, 36.1392646], [139.0153128, 36.1393677], [139.0153996, 36.1394674], [139.0154889, 36.1395561], [139.0156044, 36.1396356], [139.0157316, 36.139691], [139.0158859, 36.1397059], [139.0160537, 36.1396979], [139.016367, 36.1396695], [139.0165207, 36.139657], [139.0166542, 36.1396295], [139.016764, 36.1395919], [139.0169062, 36.1395098], [139.0170448, 36.139437], [139.0171836, 36.139377], [139.0173452, 36.1393515], [139.0175615, 36.1393958], [139.0176565, 36.1394235], [139.0178172, 36.1394412], [139.0179636, 36.1394255], [139.0180828, 36.1393895], [139.0182007, 36.1393252], [139.0182955, 36.1392462], [139.0183592, 36.1391499], [139.0183792, 36.1390359], [139.0183469, 36.1389061], [139.0182778, 36.1387359], [139.0181964, 36.1385611], [139.0180977, 36.1383917], [139.0179959, 36.1382604], [139.0177843, 36.1380223], [139.0176737, 36.1378994], [139.0175831, 36.137793], [139.0175484, 36.1377096], [139.0175391, 36.1376064], [139.0175567, 36.1375177], [139.0175981, 36.1374158], [139.0176714, 36.1372711], [139.0177474, 36.1371603], [139.0178422, 36.1370976], [139.0179529, 36.1370615], [139.018081, 36.1370524], [139.0182772, 36.1370435], [139.0184356, 36.1370367], [139.0185438, 36.1370289], [139.0186907, 36.1370065], [139.0189262, 36.1369617], [139.0191396, 36.1369067], [139.0215631, 36.1363214], [139.0216425, 36.1363183], [139.021777, 36.1363359], [139.0238903, 36.1372088], [139.0240382, 36.1372538], [139.0242051, 36.1372591], [139.0243566, 36.1372357], [139.0246061, 36.1371594], [139.0248204, 36.137117], [139.0251212, 36.137076], [139.0255952, 36.137014], [139.0260122, 36.1369506], [139.0261679, 36.1369192], [139.026323, 36.1368748], [139.0264774, 36.1368012], [139.0267362, 36.1366514], [139.0270269, 36.1364567], [139.0270941, 36.1363952], [139.0271349, 36.136345], [139.0271595, 36.1362889], [139.0271828, 36.136224], [139.0272702, 36.1358834], [139.0273059, 36.1357055], [139.0273347, 36.1355577], [139.0273915, 36.1354414], [139.0274812, 36.1353335], [139.0276074, 36.1352148], [139.0277731, 36.1350406], [139.0280788, 36.1346892], [139.0282718, 36.1345018], [139.0284764, 36.1343484], [139.028765, 36.1341605], [139.0288717, 36.1340457], [139.0289317, 36.1339074], [139.0289463, 36.1337561], [139.0289321, 36.1335603], [139.0288954, 36.1333788], [139.0288201, 36.1331764], [139.0286071, 36.132661], [139.0284938, 36.1322714], [139.0284822, 36.1321481], [139.0285043, 36.1320537], [139.0285726, 36.1319754], [139.0286666, 36.1319365], [139.0288105, 36.1319082], [139.0289487, 36.1318914], [139.0291691, 36.1318528], [139.029385, 36.1318026], [139.0296407, 36.1317354], [139.0298298, 36.1316916], [139.0301345, 36.1316187], [139.0303528, 36.1315797], [139.0305331, 36.1315681], [139.030816, 36.1315439], [139.0310848, 36.1314891], [139.0312904, 36.131423], [139.0314028, 36.1313623], [139.0315354, 36.1312387], [139.0315954, 36.1311618], [139.0316409, 36.1310437], [139.0316727, 36.1309265], [139.0317089, 36.1308209], [139.0317847, 36.1306927], [139.0318643, 36.1305884], [139.0319908, 36.1304872], [139.0321356, 36.1303962], [139.0323277, 36.1303078], [139.0327108, 36.1301406], [139.0329606, 36.1300316], [139.0331335, 36.1299516], [139.0333484, 36.1298283], [139.0334084, 36.1297932], [139.0336175, 36.1296688], [139.0337038, 36.1296138], [139.0337847, 36.1295524], [139.033854, 36.1294713], [139.0339001, 36.1293763], [139.0339309, 36.1292759], [139.0339767, 36.1290968], [139.0340247, 36.1289633], [139.0340864, 36.1288275], [139.0341344, 36.1287296], [139.0341974, 36.1286342], [139.034307, 36.1285502], [139.0344458, 36.1285101], [139.0346037, 36.1285037], [139.0347584, 36.1285265], [139.0351136, 36.1285957], [139.0353142, 36.1286209], [139.0354909, 36.128632], [139.0356504, 36.1286216], [139.0358242, 36.1285915], [139.036082, 36.1285217], [139.0363484, 36.1284429], [139.0366101, 36.1283923], [139.0368001, 36.1283715], [139.0369714, 36.1283679], [139.037138, 36.1283926], [139.0372893, 36.1284312], [139.0374348, 36.1284893], [139.0375859, 36.1285712], [139.0377285, 36.1286695], [139.0378542, 36.1287676], [139.0397557, 36.1303717], [139.0398554, 36.1304552], [139.040022, 36.1306344], [139.0401769, 36.1308019], [139.040267, 36.1309745], [139.0403234, 36.1311621], [139.0403342, 36.1313201], [139.040308, 36.1315429], [139.0402175, 36.1320015], [139.0401945, 36.1321961], [139.0401859, 36.1323375], [139.0402036, 36.1325267], [139.0402514, 36.1327136], [139.0402853, 36.1329099], [139.040298, 36.1331156], [139.0402913, 36.1332308], [139.0402623, 36.1333621], [139.0401968, 36.1335526], [139.0400307, 36.1340079], [139.039962, 36.1343163], [139.0399168, 36.1345851], [139.0398863, 36.1348863], [139.0398395, 36.1352291], [139.039801, 36.135455], [139.0397148, 36.1358724], [139.0396583, 36.1361578], [139.0396065, 36.1364093], [139.0395803, 36.1365038], [139.0395309, 36.1367108], [139.0395094, 36.1368552], [139.0394968, 36.1370424], [139.039508, 36.1373648], [139.039513, 36.1375722], [139.0395142, 36.1377321], [139.0395479, 36.1378702], [139.0396168, 36.1380254], [139.0397427, 36.1382979], [139.0398167, 36.138496], [139.0399071, 36.1388055], [139.0399636, 36.1390114], [139.0400072, 36.1392245], [139.0400367, 36.1394529], [139.0400495, 36.139887], [139.0400741, 36.1404023], [139.0400975, 36.1407004], [139.0401284, 36.1410086], [139.040178, 36.1413902], [139.0401886, 36.1415917], [139.0401829, 36.1417815], [139.0401323, 36.1421744], [139.0400784, 36.1425394], [139.0400629, 36.1427714], [139.0400563, 36.142885], [139.0400553, 36.1429257], [139.0400662, 36.1430704], [139.0402572, 36.1445648], [139.0403797, 36.1458321], [139.0404179, 36.1460373], [139.0404892, 36.1462526], [139.0405957, 36.1464758], [139.0406998, 36.1466541], [139.0408039, 36.1468248], [139.0415041, 36.1479995], [139.0417955, 36.1484602], [139.0418906, 36.1486043], [139.0419828, 36.1487177], [139.0420769, 36.1488005], [139.0439134, 36.1501547], [139.0441292, 36.1503276], [139.0444848, 36.1506451], [139.0463834, 36.1523457], [139.0464739, 36.1524187], [139.0465883, 36.1524913], [139.0466924, 36.1525498], [139.0467981, 36.1525998], [139.0474976, 36.1529221], [139.0479279, 36.153061], [139.0482369, 36.1531418], [139.048412, 36.1531775], [139.0486224, 36.1531992], [139.049182, 36.1532304], [139.0493476, 36.1532399], [139.0494643, 36.1532544], [139.0495894, 36.1532755], [139.049774, 36.1533331], [139.0500801, 36.1534279], [139.0506648, 36.1536223], [139.0507912, 36.1536638], [139.0511003, 36.153773], [139.0512595, 36.1538355], [139.0514222, 36.1539134], [139.0515514, 36.1539949], [139.0516514, 36.1540776], [139.0517514, 36.154191], [139.0518726, 36.1543539], [139.0521031, 36.1547295], [139.0522905, 36.155004], [139.0523298, 36.1550759], [139.0523989, 36.155128], [139.0524909, 36.15518], [139.0525764, 36.1551988], [139.0526824, 36.1552223], [139.0533268, 36.1552902], [139.053457, 36.1553167], [139.0535514, 36.1553493], [139.0536314, 36.1553919], [139.0537097, 36.1554459], [139.0537592, 36.1555072], [139.0538001, 36.155584], [139.0538514, 36.1557012], [139.0544569, 36.1572801], [139.054521, 36.1574954], [139.0545568, 36.1576697], [139.0547044, 36.1587079], [139.0547071, 36.1587186], [139.0547436, 36.1588847], [139.0547796, 36.1590122], [139.0548589, 36.1591718], [139.0549812, 36.1593558], [139.0551075, 36.1595458], [139.0554134, 36.1599797], [139.0560553, 36.1609278], [139.0561518, 36.161073], [139.0562211, 36.1612115], [139.0562524, 36.1613047], [139.0563338, 36.1615547], [139.0563838, 36.1616977], [139.0564342, 36.1618225], [139.0564898, 36.1619337], [139.0565546, 36.1620338], [139.0565669, 36.1620494], [139.0566453, 36.1621492], [139.0567262, 36.1622405], [139.0568064, 36.1623231], [139.0570378, 36.1625559], [139.0575506, 36.1630717], [139.0576391, 36.1631507], [139.0577136, 36.1632075], [139.0578046, 36.1632578], [139.0577638, 36.1633348], [139.0577324, 36.1634154], [139.0577061, 36.1635102], [139.0577007, 36.163551], [139.0576928, 36.163611], [139.0576473, 36.164104], [139.057552, 36.165136], [139.0575392, 36.1653233], [139.0574978, 36.1661525], [139.0574948, 36.1661983], [139.0574903, 36.1662652], [139.0574677, 36.1666059], [139.0574446, 36.166794], [139.057299, 36.16761], [139.0571538, 36.1683976], [139.0570677, 36.1689828], [139.057038, 36.1692535], [139.0569892, 36.169717], [139.0569605, 36.1700164], [139.0569284, 36.1703253], [139.0569128, 36.1705085], [139.0569037, 36.1706134], [139.0568955, 36.170707], [139.0568511, 36.1711098], [139.0568341, 36.1712414], [139.0568243, 36.171337], [139.0567988, 36.171497], [139.056782, 36.1715865], [139.0567542, 36.1716858], [139.0564171, 36.1727659], [139.0563972, 36.1728301], [139.0562586, 36.1732726], [139.0561133, 36.1737168], [139.0560461, 36.1739382], [139.0559756, 36.1741581], [139.0558699, 36.1744752], [139.0557651, 36.1747936], [139.0555967, 36.1753813], [139.0555914, 36.1753921], [139.055539, 36.1756378], [139.0555176, 36.1758069], [139.0555118, 36.1758961], [139.0555107, 36.1759295], [139.0555155, 36.176133], [139.055546, 36.1764369], [139.0556742, 36.1770087], [139.0557241, 36.1772416], [139.0557591, 36.1773975], [139.0557643, 36.1774287], [139.0557735, 36.1774686], [139.0558578, 36.1780073], [139.0558853, 36.1782518], [139.0558761, 36.1784403], [139.0558506, 36.1788923], [139.055839, 36.1790212], [139.0558219, 36.1791324], [139.0558015, 36.1792387], [139.0557784, 36.179328], [139.055712, 36.179527], [139.0555521, 36.1799166], [139.055396, 36.1802965], [139.0553215, 36.1805197], [139.0550743, 36.1812666], [139.0550211, 36.1815255], [139.0550061, 36.1815894], [139.0550036, 36.181647], [139.0550075, 36.1817107], [139.0550162, 36.1817586], [139.0550231, 36.1818028], [139.0550409, 36.1818635], [139.0550599, 36.18192], [139.055096, 36.1819968], [139.055128, 36.1820444], [139.0552479, 36.1821976], [139.0553465, 36.1823036], [139.0555598, 36.1825311], [139.0557342, 36.1827286], [139.0558411, 36.1828896], [139.0561118, 36.1833356], [139.0561953, 36.1834785], [139.0562409, 36.1835598], [139.0563127, 36.1836547], [139.0563422, 36.1836947], [139.0565758, 36.1838914], [139.0569301, 36.1841703], [139.0572367, 36.1844117], [139.0578752, 36.1849048], [139.0584125, 36.1853114], [139.0585623, 36.1854504], [139.058867, 36.1858214], [139.0589865, 36.1859735], [139.0591297, 36.1861527], [139.0594417, 36.186547], [139.0597581, 36.1869904], [139.059911, 36.1869376], [139.0600913, 36.1868968], [139.0603279, 36.1868514], [139.0605565, 36.1868264], [139.0607642, 36.1868223], [139.0609907, 36.1868398], [139.0611767, 36.1868753], [139.0616944, 36.186997], [139.0617302, 36.1870052], [139.0621107, 36.1870982], [139.0622794, 36.1871378], [139.0623713, 36.1871507], [139.0624605, 36.1871565], [139.0626552, 36.187164], [139.0628759, 36.187157], [139.0631059, 36.1871169], [139.0633672, 36.1870396], [139.0635391, 36.1869777], [139.0645997, 36.1865837], [139.0647253, 36.1865382], [139.065051, 36.1864183], [139.0651238, 36.1863999], [139.0652094, 36.1863893], [139.0653115, 36.186388], [139.0661481, 36.1863975], [139.0674965, 36.1864293], [139.0690002, 36.1864635], [139.0691674, 36.1864619], [139.0692812, 36.1864465], [139.0693783, 36.186415], [139.0694738, 36.1863605], [139.069646, 36.1862289], [139.0700248, 36.1858888], [139.0702727, 36.1856685], [139.0704426, 36.1855264], [139.0706261, 36.1853846], [139.0712042, 36.1849888], [139.0715547, 36.1847429], [139.071996, 36.1844548], [139.0721886, 36.1843511], [139.0728023, 36.1841297], [139.073211, 36.183982], [139.075095, 36.1833574], [139.0753122, 36.1832709], [139.0755244, 36.1831565], [139.0756253, 36.1831112], [139.0757488, 36.1830978], [139.0759089, 36.1831356], [139.0761261, 36.1832114], [139.0762424, 36.1832871], [139.0764521, 36.183562], [139.0767196, 36.1839127], [139.0770359, 36.1843071], [139.0771999, 36.1844739], [139.077699, 36.184808], [139.0781754, 36.1850944], [139.079205, 36.1857949], [139.0796933, 36.1861271], [139.0804542, 36.1866243], [139.0812372, 36.187147], [139.0818951, 36.1875757], [139.0828068, 36.1881697], [139.082957, 36.1882675], [139.0832014, 36.1884136], [139.0835507, 36.1886089], [139.0837726, 36.1887116], [139.0839349, 36.1887547], [139.0841592, 36.1887762], [139.0843973, 36.1887629], [139.0850583, 36.1886589], [139.0853677, 36.1886101], [139.0854106, 36.1886034], [139.0854748, 36.1885979], [139.0860121, 36.1885424], [139.0864521, 36.1884679], [139.0867608, 36.1883922], [139.0869122, 36.188355], [139.0875281, 36.188121], [139.0880882, 36.1878971], [139.0881149, 36.1878864], [139.0890009, 36.1875141], [139.0902572, 36.1870061], [139.0904801, 36.1869533], [139.0907345, 36.1869257], [139.0909737, 36.186932], [139.091408, 36.1869684], [139.0919743, 36.1870162], [139.092126, 36.1870216], [139.0928722, 36.1870129], [139.0944285, 36.1870123], [139.094801, 36.1869997], [139.0953858, 36.1869737], [139.0954145, 36.186973], [139.0959149, 36.1869602], [139.0961547, 36.1869709], [139.0963874, 36.1869981], [139.096458, 36.1870136], [139.0965598, 36.1870408], [139.0976251, 36.1873692], [139.0987487, 36.1877219], [139.0987909, 36.1877351], [139.0988659, 36.1877561], [139.1017707, 36.188647], [139.1038573, 36.1892764], [139.1039644, 36.1893099], [139.1042311, 36.1893933], [139.1058908, 36.1899025], [139.1061285, 36.1899666], [139.1063616, 36.1900115], [139.1068139, 36.1900761], [139.1071576, 36.1901189], [139.1076043, 36.1901452], [139.1080225, 36.1901477], [139.1083171, 36.1901304], [139.1085836, 36.190106], [139.1086064, 36.1901101], [139.1088122, 36.1900957], [139.1094829, 36.1900611], [139.1109499, 36.1899745], [139.112276, 36.1899075], [139.1123735, 36.1899026], [139.1125079, 36.1898958], [139.1125388, 36.1898942], [139.1126694, 36.1898914], [139.1128503, 36.1899035], [139.113074, 36.1899465], [139.1137777, 36.1900776], [139.115323, 36.1903655], [139.1155932, 36.190405], [139.1157442, 36.1904192], [139.1157768, 36.1904223], [139.1167196, 36.1904333], [139.1168335, 36.1904346], [139.11754, 36.1904581], [139.1177249, 36.1904642], [139.1183267, 36.190507], [139.1185898, 36.1905227], [139.1187948, 36.1905276], [139.1189631, 36.1905252], [139.1192028, 36.1905145], [139.11931, 36.1905064], [139.1195098, 36.1904914], [139.1198984, 36.1904692], [139.1207279, 36.1904093], [139.1216818, 36.1903475], [139.1218342, 36.1903376], [139.121982, 36.1903257], [139.1227004, 36.1902678], [139.1229455, 36.1902504], [139.1231264, 36.1902369], [139.123427, 36.1902144], [139.1234947, 36.1902102], [139.1247491, 36.190133], [139.125594, 36.1900709], [139.1259816, 36.1900496], [139.1260375, 36.1900456], [139.126546, 36.190009], [139.126948, 36.189981], [139.1269735, 36.1899791], [139.1274064, 36.1899467], [139.1277024, 36.1899245], [139.1278839, 36.1899109], [139.1285101, 36.1898681], [139.12876, 36.1898617], [139.1288671, 36.189859], [139.1289763, 36.1898635], [139.1295392, 36.1898864], [139.1301339, 36.1899093], [139.130159, 36.1899099], [139.1301919, 36.1899111], [139.1310766, 36.1899612], [139.1317175, 36.1899926], [139.131716, 36.1900555], [139.1317075, 36.190402], [139.131707, 36.19054], [139.1316862, 36.1909267], [139.1316833, 36.190968], [139.1316533, 36.1913886], [139.1316392, 36.1916292], [139.1316277, 36.1921053], [139.1316264, 36.192159], [139.1316242, 36.192228], [139.1316071, 36.1927702], [139.1316027, 36.1928461], [139.1315752, 36.1938679], [139.131556, 36.19458], [139.1315553, 36.1946078], [139.1315546, 36.1946852], [139.131546, 36.195663], [139.1315455, 36.195716], [139.1315315, 36.1966898], [139.1315249, 36.1968584], [139.1315205, 36.1969363], [139.1315122, 36.1970852], [139.1316454, 36.1971912], [139.1321742, 36.1976117], [139.1327531, 36.1980655], [139.1332389, 36.1984402], [139.1333421, 36.1985199], [139.1334582, 36.1986082], [139.1341924, 36.199167], [139.1351859, 36.199937], [139.1356683, 36.200313], [139.1360744, 36.2006336], [139.1361172, 36.2006655], [139.1361869, 36.2007174], [139.1363193, 36.2008081], [139.1365021, 36.2009164], [139.1368871, 36.2011391], [139.1369488, 36.2011737], [139.1372671, 36.201364], [139.1385128, 36.2021742], [139.1386161, 36.2022414], [139.1386741, 36.2022792], [139.138865, 36.2024037], [139.1403188, 36.20336], [139.1404423, 36.2034412], [139.1405846, 36.203536], [139.142391, 36.204739], [139.1426907, 36.2049319], [139.1427829, 36.204986], [139.1428054, 36.2049992], [139.1439805, 36.2057696], [139.1440658, 36.2058253], [139.1441351, 36.2058706], [139.1444612, 36.2060927], [139.1453044, 36.2066493], [139.1454718, 36.2067598], [139.1455926, 36.2068388], [139.1464887, 36.2074248], [139.1472546, 36.2079396], [139.1472842, 36.2079595], [139.1477018, 36.20824], [139.1478195, 36.2083158], [139.1479677, 36.2083985], [139.1481165, 36.2084698], [139.148173, 36.208499], [139.1484583, 36.2086466], [139.1488838, 36.2088619], [139.1489205, 36.2088826], [139.1491382, 36.2090054], [139.1492529, 36.2090666], [139.1493706, 36.2091272], [139.1495081, 36.2091771], [139.1498243, 36.209285], [139.1500493, 36.2093769], [139.1502193, 36.209465], [139.1504416, 36.2095946], [139.150627, 36.2097296], [139.15079, 36.2098681], [139.1508456, 36.2099317], [139.1508874, 36.2099993], [139.1510032, 36.2102431], [139.1510525, 36.2103258], [139.1511228, 36.2104187], [139.1512227, 36.2105241], [139.1513484, 36.210641], [139.1516327, 36.2108938], [139.1517692, 36.2110106], [139.1518696, 36.2110843], [139.151959, 36.2111355], [139.1520742, 36.2111874], [139.1525462, 36.2113854], [139.1531372, 36.2116187], [139.1543909, 36.212134], [139.155024, 36.2123953], [139.1550653, 36.2124124], [139.1556427, 36.2126543], [139.155812, 36.212738], [139.1560012, 36.2128492], [139.1561629, 36.2129728], [139.15665, 36.2133411], [139.157696, 36.2141603], [139.1581643, 36.2145169], [139.1585895, 36.2148372], [139.1587722, 36.2149758], [139.158894, 36.2150719], [139.1590581, 36.2151943], [139.1593003, 36.2153995], [139.1595483, 36.2156508], [139.1598466, 36.2159591], [139.1601762, 36.2163087], [139.1604342, 36.2165825], [139.1606006, 36.2167679], [139.1608995, 36.2171647], [139.1611709, 36.2175475], [139.1613359, 36.217827], [139.1615115, 36.2181012], [139.161621, 36.2182608], [139.1616799, 36.2183468], [139.1617457, 36.2184437], [139.1622057, 36.2191219], [139.1624321, 36.2194929], [139.1626801, 36.2199478], [139.1630818, 36.220712], [139.1632975, 36.221123], [139.1633232, 36.2211706], [139.1633864, 36.2212875], [139.1634493, 36.2213887], [139.1636265, 36.2216736], [139.1638399, 36.2219999], [139.1639952, 36.2222361], [139.1641347, 36.2224341], [139.1643089, 36.222688], [139.1644933, 36.2229231], [139.1646493, 36.2231319], [139.1648802, 36.2234115], [139.1649894, 36.2235428], [139.1651653, 36.2237524], [139.165317, 36.2239295], [139.1655572, 36.2241675], [139.1658913, 36.2245507], [139.1661835, 36.2248158], [139.1662934, 36.2249658], [139.166398, 36.2251025], [139.1665079, 36.225266], [139.1665689, 36.2253775], [139.1666205, 36.2255147], [139.1666905, 36.2256492], [139.1667513, 36.2257775], [139.1668135, 36.2259371], [139.1668746, 36.2261166], [139.1669175, 36.2262876], [139.1669465, 36.2264526], [139.167029, 36.2268435], [139.1670789, 36.2271601], [139.1670982, 36.2272527], [139.1671231, 36.2273757], [139.1672033, 36.2277325], [139.1672515, 36.2279253], [139.1673335, 36.2281642], [139.1674137, 36.2283645], [139.1675446, 36.2286325], [139.1676848, 36.2288966], [139.1680353, 36.2294927], [139.1681456, 36.2296884], [139.1682963, 36.2299774], [139.1684039, 36.2302227], [139.1685013, 36.230492], [139.1686111, 36.2308402], [139.1686939, 36.2311405], [139.1687266, 36.2313363], [139.1687443, 36.2314414], [139.1687605, 36.2315372], [139.1688067, 36.2319425], [139.1688338, 36.2322185], [139.1688796, 36.2330137], [139.1688848, 36.2331046], [139.1688933, 36.233176], [139.1689554, 36.2336988], [139.1689895, 36.2340316], [139.1690333, 36.2343331], [139.1691088, 36.2346494], [139.1692224, 36.2349646], [139.1695566, 36.2355842], [139.1700059, 36.236145], [139.1701861, 36.2363671], [139.170587, 36.2368611], [139.170685, 36.2369818], [139.1707315, 36.2370558], [139.1722242, 36.2388719], [139.1728761, 36.239685], [139.1729632, 36.2397936], [139.1730533, 36.2399034], [139.173868, 36.240896], [139.1753345, 36.2427059], [139.1758085, 36.2432599], [139.1758382, 36.2432922], [139.1758708, 36.2433246], [139.175881, 36.243335], [139.1759509, 36.2434066], [139.176045, 36.2434958], [139.1760581, 36.2435077], [139.176228, 36.2436624], [139.176458, 36.2438388], [139.1765245, 36.2438898], [139.176771, 36.2440498], [139.1770856, 36.2442324], [139.177391, 36.2444394], [139.1779733, 36.2448801], [139.1783503, 36.2451842], [139.1783921, 36.2452266], [139.17843, 36.2452617], [139.1786787, 36.2455098], [139.17889, 36.2457397], [139.1792745, 36.2462078], [139.1794339, 36.2463773], [139.1796423, 36.2466195], [139.1800073, 36.2470521], [139.1801334, 36.2472005], [139.1807078, 36.2478757], [139.1807831, 36.2479608], [139.1808692, 36.2480663], [139.181512, 36.248854], [139.1818125, 36.2492205], [139.1818985, 36.2493253], [139.1820015, 36.2494467], [139.1822122, 36.2496949], [139.1827339, 36.2503095], [139.1831141, 36.2507431], [139.1834132, 36.2510842], [139.1838246, 36.2515834], [139.183934, 36.2517162], [139.1841106, 36.2519249], [139.1844906, 36.2523696], [139.1846157, 36.2525264], [139.1847342, 36.2526606], [139.1847425, 36.2526743], [139.1849785, 36.25295], [139.1857489, 36.2539371], [139.1858692, 36.2541106], [139.1859677, 36.2542539], [139.1863497, 36.2547955], [139.1866075, 36.2551631], [139.1867117, 36.2553116], [139.1867671, 36.2553875], [139.1877207, 36.2567704], [139.1889233, 36.2584997], [139.1891093, 36.2587755], [139.18913, 36.2588041], [139.1942794, 36.2662269], [139.1942989, 36.2662595], [139.1943937, 36.2664082], [139.1946228, 36.2667782], [139.1947371, 36.2669834], [139.1948969, 36.2673039], [139.1949245, 36.2673648], [139.1949832, 36.2674947], [139.195021, 36.2676036], [139.1951719, 36.2680238], [139.1952186, 36.2681603], [139.1952704, 36.2683078], [139.195315, 36.2684253], [139.195454, 36.2687468], [139.195509, 36.2688741], [139.1955639, 36.2689857], [139.1957205, 36.2693045], [139.1961023, 36.2701065], [139.196455, 36.2708504], [139.1965185, 36.2709844], [139.1965373, 36.2710866], [139.1965532, 36.2711736], [139.1966042, 36.2716127], [139.1966287, 36.271973], [139.1966919, 36.2728991], [139.1967492, 36.273755], [139.1967572, 36.2738745], [139.1967674, 36.2739964], [139.1968409, 36.2748746], [139.1969255, 36.2758308], [139.1969322, 36.275907], [139.196939, 36.2759926], [139.197014, 36.2769374], [139.19706, 36.2775689], [139.1970675, 36.2776717], [139.1970761, 36.2778104], [139.1971115, 36.2783832], [139.1971166, 36.2791503], [139.1971173, 36.2792512], [139.1971148, 36.2793339], [139.1970951, 36.2799882], [139.1970854, 36.2804605], [139.1970761, 36.280914], [139.19707, 36.2810448], [139.1970421, 36.2816488], [139.1970353, 36.2817949], [139.1970324, 36.2818928], [139.1970094, 36.2826594], [139.1969861, 36.283438], [139.1969896, 36.2838576], [139.1969869, 36.2839916], [139.1969863, 36.2840189], [139.196984, 36.2841592], [139.1969775, 36.284303], [139.1969266, 36.2854215], [139.1969239, 36.2855536], [139.1969131, 36.2860781], [139.1968711, 36.2873782], [139.1968233, 36.2888869], [139.1968202, 36.288985], [139.1968168, 36.2890759], [139.1966808, 36.2926587], [139.1966765, 36.2927734], [139.1966742, 36.2928814], [139.1966134, 36.295801], [139.1966307, 36.2964638], [139.1966451, 36.2965991], [139.1966702, 36.296856], [139.1967051, 36.2970975], [139.1967245, 36.2973141], [139.1967801, 36.297868], [139.1968343, 36.2983992], [139.1969032, 36.2991897], [139.1969586, 36.2997571], [139.1969657, 36.2998648], [139.1969755, 36.2999605], [139.1969862, 36.3000607], [139.1970352, 36.3005148], [139.1970401, 36.3005462], [139.1970564, 36.3006932], [139.1970915, 36.3009966], [139.1971047, 36.3010902], [139.197117, 36.3011953], [139.1971887, 36.3018949], [139.197189, 36.3019035], [139.1972398, 36.302471], [139.1972939, 36.302973], [139.1973048, 36.3030759], [139.1973114, 36.3031764], [139.1973276, 36.303361], [139.1973573, 36.3036832], [139.1974149, 36.3040782], [139.197432, 36.304207], [139.1974368, 36.3042632], [139.197432, 36.304207], [139.1974149, 36.3040782], [139.1973573, 36.3036832], [139.1973276, 36.303361], [139.1973114, 36.3031764], [139.1973048, 36.3030759], [139.1972939, 36.302973], [139.1972398, 36.302471], [139.197189, 36.3019035], [139.1971887, 36.3018949], [139.197117, 36.3011953], [139.1971047, 36.3010902], [139.1970915, 36.3009966], [139.1970564, 36.3006932]], [[139.1974368, 36.3042632], [139.197686, 36.3067405], [139.1977314, 36.3073272], [139.1977406, 36.3074436], [139.1977642, 36.3079113], [139.1977764, 36.3081476], [139.1977821, 36.308801], [139.1977833, 36.3088637], [139.1977846, 36.3089343], [139.1977863, 36.3090127], [139.1978144, 36.3098978], [139.1978364, 36.3108618], [139.1978398, 36.3111185], [139.1978602, 36.311248], [139.1978671, 36.3116427], [139.1979185, 36.311792], [139.1980664, 36.3117839], [139.198094, 36.3117825], [139.19821, 36.3117765], [139.198858, 36.311743], [139.1998916, 36.311686], [139.2007158, 36.3116469], [139.201313, 36.311616], [139.2016177, 36.3116002], [139.2017801, 36.3115918], [139.2024877, 36.3115542], [139.2037991, 36.3114889], [139.2038833, 36.3114863], [139.2044888, 36.3114511], [139.2051691, 36.3114133], [139.2055272, 36.3113894], [139.2065231, 36.3113317]], [[139.1971313, 36.3005203], [139.1971261, 36.3004793], [139.197087, 36.3000294], [139.1970771, 36.2999254], [139.1970743, 36.2998374], [139.1970661, 36.2997211], [139.1970302, 36.2993756], [139.1970035, 36.2990957], [139.1969111, 36.2983351], [139.1968638, 36.297879], [139.1968096, 36.2973125], [139.1967977, 36.2971826], [139.1967716, 36.2968496], [139.1967448, 36.2965946], [139.1967315, 36.2964614], [139.1967112, 36.2959225], [139.1967332, 36.2949131], [139.1967837, 36.2928821], [139.1967864, 36.2927738], [139.1967904, 36.2926587], [139.1969158, 36.2890775], [139.196919, 36.2889851], [139.1969225, 36.2888883], [139.1969806, 36.2872996], [139.1970286, 36.2855553], [139.1970334, 36.2853791], [139.1970687, 36.2842763], [139.1970733, 36.2841316], [139.1970738, 36.2839642], [139.1970739, 36.2839471]], [[139.1979185, 36.311792], [139.1979547, 36.3116401], [139.1979393, 36.3108572], [139.1979148, 36.3098864], [139.1978897, 36.3090106], [139.1978873, 36.3089279], [139.1978854, 36.3088524], [139.1978671, 36.3081074], [139.1978255, 36.3074916], [139.1978068, 36.3072441], [139.1977888, 36.3070079], [139.1977589, 36.3067338], [139.1975051, 36.3042508], [139.1974683, 36.3037105], [139.1974339, 36.3033574], [139.1974086, 36.3031235], [139.197397, 36.303023], [139.1973866, 36.302921], [139.1972671, 36.3018571], [139.1972623, 36.3018023], [139.1971971, 36.3010677], [139.1971705, 36.3008035], [139.1971564, 36.3006635], [139.1971313, 36.3005203]], [[139.1606006, 36.2167679], [139.1609559, 36.2171025], [139.1611093, 36.2172933], [139.1612579, 36.2174955], [139.16145, 36.2178018], [139.1617315, 36.2182175], [139.1617892, 36.2182975], [139.1618501, 36.2183934], [139.1622872, 36.2190819], [139.1624652, 36.2193753], [139.1625202, 36.2194659], [139.162771, 36.2199296], [139.1631694, 36.2206741], [139.1634188, 36.2211088], [139.1634326, 36.2211321], [139.1635032, 36.2212514], [139.1635622, 36.2213449], [139.1636205, 36.2214373], [139.1637928, 36.2217061], [139.1639819, 36.2219758], [139.1642074, 36.2223266], [139.1643491, 36.2225578], [139.1649665, 36.2233591], [139.1652171, 36.2236612], [139.1654517, 36.2239298], [139.1658998, 36.2244421], [139.1662494, 36.2247835], [139.1664095, 36.2249879], [139.1665327, 36.2251769], [139.1666294, 36.2253254], [139.1666613, 36.2253844], [139.1667192, 36.2255048], [139.1667771, 36.2256374], [139.1668365, 36.2257684], [139.1668936, 36.2259225], [139.1669595, 36.2261124], [139.1670101, 36.2262777], [139.1670537, 36.2264469], [139.167092, 36.2266233], [139.1671277, 36.2268068], [139.1671898, 36.2271533], [139.1672071, 36.2272528], [139.1672367, 36.2273752], [139.1673112, 36.2277216], [139.1673623, 36.2279141], [139.1674323, 36.2281424], [139.1674981, 36.2283337], [139.1676267, 36.2286017], [139.1677719, 36.228875], [139.1679193, 36.2291254], [139.16824, 36.2296751], [139.1683781, 36.2299622], [139.1684884, 36.230206], [139.1686277, 36.2305284], [139.1687188, 36.2308082], [139.1688018, 36.2310985], [139.1688427, 36.2312839], [139.1688558, 36.2313933], [139.1688716, 36.2315243], [139.1689172, 36.2319311], [139.1689397, 36.232217], [139.1689933, 36.2330098], [139.168999, 36.2330939], [139.1690051, 36.2331713], [139.1690449, 36.2336764], [139.1690774, 36.2340202], [139.1691255, 36.2343216], [139.1691651, 36.2345175], [139.1691857, 36.234619], [139.1692888, 36.2349465], [139.1694556, 36.2352697], [139.16964, 36.2355531], [139.1700299, 36.2360349], [139.1702823, 36.2363634], [139.1706957, 36.2369016], [139.1707351, 36.2369529], [139.1707963, 36.237011], [139.1708668, 36.2370975], [139.1721024, 36.2386143], [139.1723561, 36.2389258], [139.1727716, 36.2394091], [139.172965, 36.2396429], [139.1730522, 36.2397483], [139.1731412, 36.2398607], [139.1735084, 36.240324], [139.1739411, 36.2408602], [139.1754098, 36.242671], [139.1758807, 36.2431823], [139.1759594, 36.2432667], [139.1759728, 36.2432796], [139.1760503, 36.2433546], [139.1761393, 36.2434395], [139.1761517, 36.2434511], [139.176189, 36.243486], [139.1763139, 36.2436006], [139.1766, 36.2438181], [139.1768542, 36.2439802], [139.1771514, 36.2441694], [139.1774361, 36.2443671], [139.1777385, 36.2445817], [139.1780398, 36.244814], [139.178248, 36.2449914], [139.1784036, 36.2451315], [139.1784407, 36.2451683], [139.1784784, 36.2452021], [139.1785491, 36.2452663], [139.1787537, 36.2454713], [139.1789107, 36.2456443], [139.1793496, 36.2461589], [139.1794904, 36.2463228], [139.1796997, 36.2465658], [139.1800879, 36.247025], [139.1802058, 36.2471675], [139.1802256, 36.2471872], [139.1807604, 36.247817], [139.1808128, 36.2478979], [139.1809076, 36.2480079], [139.1815679, 36.2487737], [139.1819122, 36.2491747], [139.1820142, 36.2492935], [139.1821132, 36.249411], [139.1823183, 36.2496544], [139.1828371, 36.2502701], [139.1832741, 36.2507834], [139.183614, 36.2511827], [139.1840108, 36.2516405], [139.184536, 36.2522562], [139.1846628, 36.2524016], [139.1847498, 36.2525152], [139.1847626, 36.2525318], [139.1847737, 36.2525452], [139.1852105, 36.253059], [139.1858422, 36.2538739], [139.185952, 36.2540237], [139.1860495, 36.2541724], [139.1862509, 36.2544684], [139.1862764, 36.2545057], [139.186412, 36.2546853], [139.1865412, 36.2548713], [139.1866597, 36.2550472], [139.1867462, 36.2551892], [139.1868364, 36.2553286], [139.1877864, 36.2567039], [139.188988, 36.2584447], [139.1891966, 36.2587381], [139.1943575, 36.2661801], [139.1943767, 36.2662093], [139.1947355, 36.2667423], [139.1948462, 36.2669533], [139.1950039, 36.2672851], [139.1950258, 36.2673344], [139.1950839, 36.267466], [139.1951282, 36.2675803], [139.1952697, 36.2679752], [139.1953777, 36.2682832], [139.195447, 36.268465], [139.1955628, 36.2687142], [139.1956189, 36.2688351], [139.1956749, 36.2689472], [139.1958111, 36.2692198], [139.1961637, 36.2698964], [139.1965615, 36.270806], [139.1966199, 36.2709396], [139.1966432, 36.2710491], [139.1966618, 36.2711362], [139.1966848, 36.2714595], [139.196731, 36.2719597], [139.1967539, 36.2722001], [139.1967935, 36.2728971], [139.1968257, 36.2733581], [139.196853, 36.2737495], [139.1968613, 36.2738683], [139.1968709, 36.2739903], [139.1969406, 36.2748744], [139.1970174, 36.2758263], [139.1970236, 36.2759034], [139.1970306, 36.2759854], [139.1971642, 36.2775611], [139.1971731, 36.277666], [139.1971832, 36.277796], [139.1972338, 36.278448], [139.1972362, 36.2785108], [139.1972234, 36.2790544], [139.1972148, 36.2791461], [139.1972047, 36.2792533], [139.1972034, 36.2793208], [139.1971917, 36.2799232], [139.1971817, 36.2804695], [139.197173, 36.2809467], [139.1971563, 36.2816329], [139.1971531, 36.2817643], [139.1971491, 36.2818722], [139.1971014, 36.2831588], [139.1970772, 36.2838059], [139.1970739, 36.2839471]], [[139.2065231, 36.3113317], [139.2065515, 36.3114844], [139.2067887, 36.3129295], [139.2069667, 36.314002], [139.2071142, 36.3149138], [139.2071965, 36.3154926], [139.2072128, 36.3155597], [139.2072218, 36.315605], [139.2073523, 36.3164055], [139.2073964, 36.316676], [139.2075597, 36.3176327], [139.2076915, 36.3184435], [139.2077116, 36.3185591], [139.2077727, 36.3188718], [139.2078017, 36.3190463], [139.2078258, 36.3192162], [139.2078423, 36.3193289], [139.2078586, 36.3194382], [139.2079136, 36.3197718], [139.20803, 36.3204776], [139.2080339, 36.3205013], [139.2080361, 36.3205168], [139.2081119, 36.3209728], [139.2081157, 36.3209953], [139.2081193, 36.3210169], [139.2082467, 36.3217788], [139.2082696, 36.321916], [139.2082964, 36.322046], [139.2083446, 36.3223654], [139.2083872, 36.3226365], [139.2084331, 36.3228969], [139.2084485, 36.3229827], [139.2084758, 36.3231396], [139.2085109, 36.3234092], [139.2085234, 36.3235579], [139.2085314, 36.3239478], [139.2085266, 36.3240377], [139.2084749, 36.3250167], [139.2084393, 36.3256015], [139.2084134, 36.3259873], [139.2083994, 36.3261132], [139.208381, 36.3262201], [139.2083082, 36.3264817], [139.2082669, 36.3266275], [139.2081861, 36.3268112], [139.2080659, 36.3270486], [139.2079139, 36.3273721], [139.2074525, 36.3282669], [139.2066419, 36.3298955], [139.2062149, 36.3307317], [139.2061705, 36.3308193], [139.2057942, 36.3315344], [139.2057126, 36.3316928], [139.2056386, 36.3318531], [139.2055363, 36.3320806], [139.2054504, 36.3322891], [139.2053753, 36.3324955], [139.205335, 36.3326157], [139.2053145, 36.3326884], [139.2052577, 36.3329366], [139.2052406, 36.3330172], [139.2052224, 36.333157], [139.2052043, 36.3333079], [139.2051926, 36.3334851], [139.2051909, 36.3336672], [139.2052074, 36.3342792], [139.2052281, 36.3348223], [139.2052312, 36.3349038], [139.2052349, 36.3349983], [139.2052805, 36.3361575], [139.2052922, 36.3370108], [139.205294, 36.3371254], [139.205262, 36.3373011], [139.2053202, 36.3385406], [139.2053184, 36.3390753], [139.2053616, 36.3401586], [139.2053752, 36.3404744], [139.2053901, 36.3406954], [139.205402, 36.3408095], [139.205424, 36.3409223], [139.2054486, 36.3410329], [139.2054757, 36.3411673], [139.2054984, 36.3412882], [139.2055462, 36.3414616], [139.205602, 36.341644], [139.2056917, 36.341891], [139.2058417, 36.3422606], [139.2059141, 36.3424452], [139.2060402, 36.3426926], [139.2062253, 36.3430318], [139.2063038, 36.3431853], [139.2063594, 36.3432845], [139.2065446, 36.3436399], [139.2067308, 36.3439865], [139.2069656, 36.3444598], [139.2071787, 36.3448554], [139.2073687, 36.3452082], [139.2076503, 36.3457282], [139.2080581, 36.346488], [139.2082414, 36.3468216], [139.2084863, 36.3472908], [139.208766, 36.3478097], [139.2090232, 36.348321], [139.2094056, 36.3490137], [139.2096232, 36.3493803], [139.2098181, 36.349695], [139.2101264, 36.3501591], [139.2104918, 36.3507167], [139.2107967, 36.3511898], [139.2110313, 36.3515578], [139.2113038, 36.3519747], [139.2116961, 36.3525979], [139.2119612, 36.3530243], [139.2121495, 36.3533124], [139.2123947, 36.3537042], [139.2124193, 36.3537427], [139.2125326, 36.3539358], [139.2127455, 36.3543334], [139.2127933, 36.3544303], [139.2128492, 36.3545463], [139.2129795, 36.3548315]], [[139.205294, 36.3371254], [139.205332, 36.3372947], [139.2053656, 36.3379655], [139.205402, 36.3385816], [139.2054279, 36.339073], [139.2054529, 36.3400784], [139.2055006, 36.3406901], [139.2055148, 36.340797], [139.205531, 36.3409129], [139.2055508, 36.3410318], [139.2055945, 36.341256], [139.2056317, 36.3413941], [139.205673, 36.3415163], [139.2057782, 36.3418521], [139.2059472, 36.3422756], [139.2060281, 36.3424286], [139.2064177, 36.3431426], [139.2064604, 36.3432341], [139.2070169, 36.3442918], [139.2074971, 36.3451957], [139.2077769, 36.3457561], [139.2083608, 36.3468075], [139.2088093, 36.3476582], [139.2091155, 36.348239], [139.2094387, 36.3488337], [139.209521, 36.3489857], [139.2099773, 36.3497321], [139.2102153, 36.3501265], [139.2105595, 36.3506567], [139.2107091, 36.3508603], [139.210836, 36.351059], [139.211133, 36.351511], [139.211444, 36.3520058], [139.211816, 36.3526037], [139.2120598, 36.352967], [139.2122921, 36.353325], [139.212546, 36.3537313], [139.2126614, 36.3539013], [139.2128608, 36.354286], [139.212907, 36.3543814], [139.2129556, 36.3544953], [139.2130939, 36.35479]], [[138.816837, 36.0920654], [138.8167576, 36.0920685], [138.8166337, 36.0920733], [138.8150479, 36.0921511], [138.8149262, 36.0921559], [138.8145877, 36.0921653], [138.8144594, 36.092163], [138.8143484, 36.0921551], [138.8141771, 36.0921275], [138.8140021, 36.0920851], [138.8138447, 36.0920378], [138.8137033, 36.0919798], [138.8135503, 36.0919047], [138.8131376, 36.0916828], [138.8129106, 36.0916043], [138.8126675, 36.0915735], [138.8123936, 36.0915936], [138.8120402, 36.0916789], [138.8112979, 36.0918877], [138.8110678, 36.0919403], [138.8108488, 36.0919763], [138.8105913, 36.0919871], [138.8103688, 36.0919612], [138.8101549, 36.09189], [138.8099758, 36.0917911], [138.8098022, 36.091651], [138.8096977, 36.0915261], [138.8094537, 36.0912021], [138.8092795, 36.0909841], [138.8090417, 36.0906914], [138.8087086, 36.0903525], [138.8083476, 36.090048], [138.8078864, 36.0896764], [138.8071637, 36.0891121], [138.8067973, 36.0888307], [138.8066993, 36.0887609], [138.8065819, 36.0886955], [138.8064335, 36.0886477], [138.8063031, 36.0886148], [138.8061181, 36.0886112], [138.8059456, 36.0886284], [138.8044417, 36.0888586], [138.8042603, 36.0888948], [138.8040694, 36.0889749], [138.8039372, 36.089045], [138.8035647, 36.0892582], [138.8034434, 36.0893177], [138.8033172, 36.0893682], [138.8031679, 36.0894], [138.803031, 36.0894164], [138.8029896, 36.0894154], [138.802795, 36.0894106], [138.8025759, 36.0893983], [138.8019867, 36.0893301], [138.8017577, 36.0892926], [138.8015387, 36.0892183], [138.8013923, 36.0891232], [138.8012819, 36.0889952], [138.8012264, 36.0888728], [138.80121, 36.0887802], [138.8012271, 36.088638], [138.8012865, 36.0883554], [138.8013962, 36.087944], [138.8015062, 36.0876164], [138.8016191, 36.0873452], [138.8017707, 36.0870412], [138.8020246, 36.0866372], [138.802316, 36.0861557], [138.8028768, 36.0851367], [138.8029857, 36.0849046], [138.8030441, 36.0847304], [138.803037, 36.0845299], [138.8029597, 36.0841927], [138.802842, 36.0838911], [138.80263, 36.0835164], [138.8024004, 36.0832477], [138.8021541, 36.083077], [138.8018024, 36.082954], [138.8012729, 36.0828561], [138.8009542, 36.0827897], [138.800667, 36.0826995], [138.8004258, 36.0825781], [138.8001729, 36.0824046], [138.7999322, 36.0821948], [138.7995788, 36.0818041], [138.7993367, 36.0815248], [138.799188, 36.0813589], [138.7990286, 36.081208], [138.7988652, 36.0810865], [138.7986668, 36.0809667], [138.7984367, 36.0808759], [138.7981553, 36.080806], [138.7971403, 36.080623], [138.7969841, 36.0805949], [138.796261, 36.0804749], [138.7960568, 36.0804425], [138.795584, 36.0803733], [138.7950078, 36.080295], [138.7945516, 36.0802506], [138.7942068, 36.0802548], [138.793909, 36.0803233], [138.7936929, 36.0805211], [138.7935636, 36.0806898], [138.7934432, 36.0808979], [138.7933429, 36.0812013], [138.7932279, 36.081542], [138.7930899, 36.0818377], [138.7927123, 36.082316], [138.7922649, 36.0829296], [138.7920707, 36.0831687], [138.7918829, 36.0833428], [138.7916574, 36.0835164], [138.7893786, 36.0852259], [138.7892801, 36.0852828], [138.7891614, 36.0853454], [138.7890184, 36.0853925], [138.7889593, 36.0853998], [138.7888828, 36.0854094], [138.7887652, 36.0854099], [138.7886255, 36.085395], [138.7885188, 36.0853667], [138.7884087, 36.0853263], [138.788038, 36.0851673], [138.7871861, 36.0848101], [138.786169, 36.0843253], [138.7856754, 36.0841213], [138.7854761, 36.0840358], [138.784779, 36.0837508], [138.7847237, 36.083727], [138.7844706, 36.0836184], [138.7842522, 36.0835058], [138.7841069, 36.0833727], [138.7840421, 36.0832399], [138.7839945, 36.0830577], [138.7840022, 36.0827698], [138.7840596, 36.0818487], [138.7840567, 36.0816427], [138.784041, 36.0814992], [138.7839887, 36.0812657], [138.7839295, 36.0810256], [138.7837559, 36.0803219], [138.7837075, 36.080126], [138.7835405, 36.0792177], [138.7834517, 36.0789846], [138.7833481, 36.0788078], [138.7822008, 36.0775658], [138.7820264, 36.0774203], [138.7818264, 36.0773041], [138.7816286, 36.0771938], [138.7814402, 36.0771192], [138.7812068, 36.077037], [138.7808251, 36.0769702], [138.7799763, 36.0768754], [138.7797727, 36.0768599], [138.7796038, 36.0768966], [138.7794927, 36.076971], [138.7794083, 36.0770781], [138.7793651, 36.0772396], [138.7793906, 36.077922], [138.7793358, 36.0780904], [138.7792275, 36.0782757], [138.7790891, 36.0784889], [138.7790473, 36.0787336], [138.7790524, 36.0790261], [138.779003, 36.0792007], [138.7789248, 36.0793125], [138.7787513, 36.0794392], [138.7785409, 36.0795105], [138.777765, 36.0797763], [138.7774818, 36.0798733], [138.7765148, 36.0801664], [138.775544, 36.0804909], [138.7754073, 36.0805393], [138.7744111, 36.0808808], [138.77418, 36.0810307], [138.7739334, 36.0812107], [138.7737247, 36.0814302], [138.7735119, 36.0817727], [138.7732419, 36.08223], [138.7730134, 36.0824864], [138.7728125, 36.0826398], [138.7725144, 36.0827509], [138.7720805, 36.0828137], [138.7716845, 36.0828212], [138.7707281, 36.0827743], [138.7698457, 36.0827844], [138.7685382, 36.0828328], [138.7681709, 36.0828408], [138.761287, 36.0831199], [138.7608947, 36.0831468], [138.7606691, 36.0831553], [138.7590538, 36.0832032], [138.7589949, 36.0832039], [138.758502, 36.0832066], [138.7574429, 36.0831542], [138.7570954, 36.0830729], [138.7565756, 36.0829193], [138.755255, 36.0824933], [138.7550069, 36.0824284], [138.7547341, 36.0823571], [138.7543938, 36.082321], [138.7540548, 36.0823035], [138.7536501, 36.0823208], [138.7532457, 36.0823659], [138.7528296, 36.0824282], [138.7526737, 36.0824571], [138.7512639, 36.0829164], [138.7501567, 36.0832633], [138.7494786, 36.0834159], [138.7489207, 36.0834505], [138.7476351, 36.0832935], [138.747166, 36.0832469], [138.7464342, 36.0831536], [138.7451774, 36.0830069], [138.744903, 36.082986], [138.7446694, 36.0829715], [138.7444116, 36.0829913], [138.7441163, 36.083038], [138.7439712, 36.0830585], [138.7433515, 36.0831406], [138.7431381, 36.0831946], [138.7429745, 36.0832576], [138.742858, 36.0833153], [138.742753, 36.0834035], [138.7423495, 36.0837774], [138.7422412, 36.0838517], [138.7421336, 36.083909], [138.7419864, 36.0839792], [138.7417961, 36.0840489], [138.741257, 36.0842069], [138.7408958, 36.0843168], [138.7405231, 36.0844231], [138.7399277, 36.0845462], [138.7370001, 36.0851498], [138.736372, 36.085276], [138.7360639, 36.085285], [138.7357143, 36.0852998], [138.7352917, 36.0853176], [138.7345367, 36.0853732], [138.733884, 36.0853921], [138.7332557, 36.0854088], [138.7327076, 36.0854341], [138.7320137, 36.0854813], [138.7315928, 36.0854877], [138.7312201, 36.0854804], [138.730857, 36.0854496], [138.7301976, 36.0854212], [138.7291884, 36.085442], [138.7285139, 36.0854569], [138.7282614, 36.0854818], [138.7280763, 36.0855183], [138.7279261, 36.0855705], [138.7277623, 36.085653], [138.7276019, 36.0857705], [138.7275268, 36.0858508], [138.72746, 36.0859313], [138.7273801, 36.0860576], [138.7273161, 36.0861894], [138.7272266, 36.0864308], [138.7271372, 36.0866437], [138.7270712, 36.086775], [138.7269761, 36.0868967], [138.7268934, 36.0869852], [138.7267894, 36.087084], [138.7266719, 36.0871756], [138.7265449, 36.087252], [138.7263924, 36.0873286], [138.726236, 36.0873852], [138.7260736, 36.0874348], [138.7259172, 36.0874572], [138.7256947, 36.0874656], [138.7254961, 36.087456], [138.7253287, 36.0874261], [138.7251776, 36.0873976], [138.7251455, 36.0873899], [138.7240055, 36.0871157], [138.7235953, 36.0870181], [138.7233286, 36.0869467], [138.7231847, 36.0869239], [138.7229475, 36.0868909], [138.7227104, 36.0868799], [138.7225211, 36.0868843], [138.7222762, 36.0869066], [138.7220926, 36.0869441], [138.7220064, 36.0869653], [138.7219168, 36.0869821], [138.72175, 36.0870357], [138.7216083, 36.0870929], [138.7214195, 36.0872017], [138.7199981, 36.0880981], [138.71976, 36.0882477], [138.7192744, 36.0885471], [138.7190835, 36.0886479], [138.7189261, 36.0887183], [138.7188069, 36.0887622], [138.7186739, 36.088801], [138.7184545, 36.0888418], [138.7181755, 36.0888644], [138.7176919, 36.0889044], [138.7174375, 36.0889445], [138.7171797, 36.0890126], [138.7167802, 36.089085], [138.7163636, 36.0891551], [138.7162896, 36.0891719], [138.7160268, 36.0892088], [138.7157154, 36.0892512], [138.7153725, 36.0892916], [138.7151606, 36.0893046], [138.7148701, 36.0892802], [138.7144092, 36.0892216], [138.7140947, 36.0892098], [138.7137971, 36.0892126], [138.7136529, 36.0892284], [138.7135577, 36.0892618], [138.7134877, 36.0893006], [138.7134117, 36.0893733], [138.7133648, 36.0894455], [138.7133437, 36.0895091], [138.7133319, 36.089598], [138.7133489, 36.0897524], [138.7133628, 36.0899015], [138.7133538, 36.0900147], [138.7133209, 36.0900826], [138.7132736, 36.0901426], [138.7131357, 36.0902872], [138.7130617, 36.0904111], [138.7130039, 36.0905372], [138.7129423, 36.0906672], [138.7128654, 36.0907971], [138.7126119, 36.0911606], [138.7125267, 36.0912658], [138.7124674, 36.0913712], [138.7124253, 36.0914731], [138.7123904, 36.0915712], [138.7123194, 36.0918046], [138.7122777, 36.0918921], [138.712186, 36.0920032], [138.7121078, 36.0920967], [138.7120111, 36.0921902], [138.7119034, 36.0922584], [138.7117905, 36.092307], [138.7116686, 36.0923426], [138.7115344, 36.0923588], [138.7108469, 36.0923919], [138.7104683, 36.0924455], [138.7103209, 36.0924546], [138.7102432, 36.0924543], [138.7096958, 36.0924105], [138.7095949, 36.0924283], [138.7094926, 36.0924536], [138.7091994, 36.0926072], [138.7091028, 36.0926757], [138.7090486, 36.0927391], [138.7089893, 36.0928553], [138.7088794, 36.0932446], [138.7088316, 36.0934007], [138.7087767, 36.0935027], [138.7086102, 36.0937848], [138.7085124, 36.0939202], [138.708405, 36.0940313], [138.7082775, 36.0941447], [138.7081324, 36.0942575], [138.7080053, 36.0943461], [138.7079341, 36.0943925], [138.7078603, 36.0944253], [138.7077655, 36.0944531], [138.7072997, 36.094549], [138.7067562, 36.0946379], [138.7063114, 36.0946766], [138.7059768, 36.0946852], [138.7057683, 36.094692], [138.7056532, 36.0947189], [138.7055717, 36.0947566], [138.7055042, 36.0948066], [138.7054496, 36.0948684], [138.7054167, 36.0949374], [138.7054042, 36.095055], [138.7054297, 36.0952507], [138.7054787, 36.0955022], [138.7055319, 36.0956306], [138.7055927, 36.0957234], [138.7056612, 36.0958154], [138.7058198, 36.0960008], [138.705958, 36.0961723], [138.7060569, 36.0963514], [138.7060888, 36.096443], [138.7061139, 36.0965483], [138.7061335, 36.0967849], [138.7061259, 36.0969965], [138.7060832, 36.097215], [138.706081, 36.0973361], [138.7061186, 36.097478], [138.7061999, 36.0976506], [138.7062947, 36.0978088], [138.7063386, 36.0979345], [138.7063436, 36.098076], [138.706323, 36.0982169], [138.7063035, 36.0982924], [138.7062689, 36.0983902], [138.7061423, 36.0986122], [138.7061066, 36.098752], [138.7060378, 36.0989194], [138.705955, 36.099063], [138.7058488, 36.0992056], [138.7057703, 36.0993057], [138.705724, 36.0994059], [138.7057085, 36.0995165], [138.7057359, 36.0996232], [138.7057623, 36.0997466], [138.7057668, 36.0998733], [138.7057534, 36.0999991], [138.705726, 36.100134], [138.705673, 36.1002375], [138.7055851, 36.1003399], [138.7054678, 36.1004306], [138.7053539, 36.1004657], [138.7052585, 36.1004995], [138.7051765, 36.100543], [138.7051005, 36.1006004], [138.7050246, 36.100683], [138.7049326, 36.1007821], [138.7048529, 36.1008817], [138.7047379, 36.1010748], [138.7046329, 36.1012171], [138.7045855, 36.1013163], [138.7044152, 36.1017938], [138.7043352, 36.1019549], [138.7042027, 36.1021648], [138.7040542, 36.1023844], [138.7039797, 36.1025217], [138.7039732, 36.1026418], [138.7039455, 36.1027524], [138.7038298, 36.1028754], [138.7037004, 36.1029523], [138.7035018, 36.1030523], [138.7033091, 36.1031216], [138.7031764, 36.1031586], [138.7029752, 36.103184], [138.7028991, 36.1032062], [138.7028265, 36.1032639], [138.7027215, 36.1034025], [138.7026418, 36.1034985], [138.7025285, 36.1035778], [138.7023952, 36.1036328], [138.7019611, 36.1037189], [138.7012799, 36.1039705], [138.7011641, 36.1040275], [138.7010947, 36.1040978], [138.7010661, 36.1041782], [138.7010787, 36.1044452], [138.7010737, 36.1046283], [138.7010817, 36.1048467], [138.7010679, 36.1049987], [138.7010449, 36.105077], [138.700995, 36.1051554], [138.7009157, 36.1052783], [138.7008517, 36.1053477], [138.7007612, 36.1054023], [138.7005747, 36.1054453], [138.7003803, 36.1054844], [138.7001953, 36.1054943], [138.7000257, 36.1054682], [138.6999256, 36.105442], [138.6998232, 36.1054582], [138.6997412, 36.1055055], [138.6996861, 36.1055768], [138.6996675, 36.1056392], [138.6996586, 36.1057102], [138.6995922, 36.1058723], [138.6995349, 36.105951], [138.6994666, 36.1060319], [138.6993811, 36.1061257], [138.6992965, 36.1061806], [138.6991755, 36.1062434], [138.6990811, 36.1063111], [138.6990189, 36.1063786], [138.6989785, 36.1064645], [138.6989467, 36.1065435], [138.698929, 36.106623], [138.698912, 36.1068233], [138.6988947, 36.106912], [138.6988605, 36.1070124], [138.6986926, 36.1072553], [138.6984968, 36.1075068], [138.6983672, 36.1076292], [138.6982473, 36.1077309], [138.6980442, 36.1078538], [138.6977209, 36.1080651], [138.6976167, 36.1081198], [138.697547, 36.1081346], [138.6974051, 36.1081324], [138.6973448, 36.1081565], [138.6973058, 36.1082032], [138.6972931, 36.1082847], [138.6972921, 36.1083768], [138.6973412, 36.1084789], [138.6973995, 36.108574], [138.6974512, 36.1087265], [138.6974613, 36.1089355], [138.6974521, 36.1091981], [138.6974587, 36.1093232], [138.6974889, 36.1094411], [138.697541, 36.1096031], [138.6975787, 36.1097711], [138.6976737, 36.1099463], [138.6976846, 36.1100349], [138.6976502, 36.1100992], [138.697605, 36.1101338], [138.6974482, 36.1102257], [138.6973645, 36.1102614], [138.6972358, 36.1102693], [138.6971548, 36.1102389], [138.6970412, 36.1101328], [138.6968403, 36.1098995], [138.6966067, 36.1096878], [138.6965512, 36.1096326], [138.6965398, 36.1095645], [138.6965606, 36.1095032], [138.6966172, 36.1093802], [138.6965288, 36.1091684], [138.6965165, 36.1089034], [138.6964904, 36.1087601], [138.696364, 36.1084532], [138.6962954, 36.1082446], [138.6963085, 36.1081189], [138.6963434, 36.1079972], [138.6964103, 36.1078749], [138.6964359, 36.1078218], [138.6964404, 36.1077691], [138.6964021, 36.1077053], [138.6963, 36.1076608], [138.6961355, 36.1076008], [138.6958981, 36.1074959], [138.6957451, 36.1074055], [138.695633, 36.1073253], [138.6955321, 36.1072389], [138.6953916, 36.1070729], [138.6951923, 36.106743], [138.695104, 36.1066329], [138.69503, 36.1065839], [138.6949209, 36.1065577], [138.6948605, 36.1065322], [138.6947953, 36.1064871], [138.6947698, 36.1063979], [138.6947524, 36.1062449], [138.6947199, 36.1061945], [138.6946131, 36.106146], [138.6945196, 36.1061388], [138.6944133, 36.1061876], [138.6943141, 36.1062208], [138.6941014, 36.1062672], [138.6938821, 36.1063105], [138.6936814, 36.1063537], [138.6933953, 36.106458], [138.6932709, 36.106486], [138.6931832, 36.1064764], [138.6930879, 36.1064459], [138.692971, 36.106442], [138.6928574, 36.106464], [138.6926459, 36.1065609], [138.6923979, 36.1066611], [138.6922632, 36.1067304], [138.6921784, 36.1068238], [138.6921324, 36.1069405], [138.6921117, 36.1070901], [138.6920566, 36.1071697], [138.6919846, 36.107248], [138.6919226, 36.1073656], [138.6918504, 36.1074194], [138.6917575, 36.10744], [138.6915884, 36.1074599], [138.6914533, 36.1074866], [138.6912671, 36.1075493], [138.6910758, 36.1076245], [138.6909932, 36.1076909], [138.6909389, 36.1077866], [138.6909, 36.107932], [138.6908559, 36.1081424], [138.6907986, 36.1083522], [138.690697, 36.1085213], [138.6905756, 36.1086894], [138.690406, 36.1088465], [138.690292, 36.1089918], [138.6902082, 36.1090684], [138.6900958, 36.1090898], [138.6898183, 36.1090555], [138.6896353, 36.1090727], [138.6894842, 36.1090474], [138.6893673, 36.1089902], [138.6891949, 36.1088263], [138.6890936, 36.1086869], [138.6890352, 36.1085668], [138.6889919, 36.1083451], [138.6889791, 36.108149], [138.6890211, 36.1080041], [138.6890805, 36.1078727], [138.6890796, 36.1078247], [138.6890333, 36.1077763], [138.6889481, 36.1077403], [138.6887521, 36.1077398], [138.6886552, 36.1077177], [138.6885813, 36.1076696], [138.6885023, 36.1075828], [138.6884713, 36.1073977], [138.6884404, 36.1073006], [138.6884021, 36.1072416], [138.6883465, 36.1072049], [138.6882774, 36.1071888], [138.6881906, 36.1072135], [138.6879934, 36.1073871], [138.6878673, 36.1075021], [138.6877539, 36.1075877], [138.6876159, 36.1076591], [138.6874779, 36.1077272], [138.6873573, 36.1077818], [138.6872618, 36.1078034], [138.68713, 36.1078101], [138.687002, 36.1078292], [138.6868547, 36.1078506], [138.6867272, 36.1078398], [138.6866067, 36.1078075], [138.6864859, 36.1077491], [138.6862863, 36.1075968], [138.6861643, 36.1074989], [138.6860142, 36.107448], [138.685809, 36.1074245], [138.6856048, 36.1074143], [138.6854721, 36.107431], [138.6853347, 36.1074878], [138.6851392, 36.107589], [138.684919, 36.1076878], [138.6847598, 36.1077823], [138.6846583, 36.1078382], [138.6845609, 36.1078799], [138.6843359, 36.107931], [138.6841604, 36.108001], [138.6839831, 36.1080943], [138.6838163, 36.1082033], [138.6836545, 36.1082896], [138.6834739, 36.108361], [138.6832739, 36.1084223], [138.683118, 36.1084576], [138.6829464, 36.1084907], [138.6825896, 36.1085307], [138.6823554, 36.1085648], [138.6822816, 36.1085439], [138.6822018, 36.108491], [138.6821113, 36.1084039], [138.6820243, 36.108267], [138.6818761, 36.1079599], [138.6817081, 36.1076353], [138.681543, 36.1073142], [138.681499, 36.1072584], [138.6814555, 36.1072309], [138.6813946, 36.1072221], [138.6812762, 36.1072377], [138.6811244, 36.1072564], [138.6809353, 36.1072654], [138.680727, 36.1072428], [138.6805552, 36.1072095], [138.6804421, 36.1071619], [138.6803233, 36.1070721], [138.6801845, 36.1068819], [138.6800709, 36.1067506], [138.6799566, 36.1066529], [138.6798526, 36.1065676], [138.6797555, 36.1064387], [138.6796701, 36.1063149], [138.6796119, 36.1062545], [138.6795647, 36.1062215], [138.6795062, 36.1062046], [138.6793843, 36.1062122], [138.6792658, 36.1062504], [138.6791363, 36.1063255], [138.6790371, 36.106399], [138.6789111, 36.1064724], [138.678799, 36.1065103], [138.6786926, 36.1065254], [138.6785951, 36.1065309], [138.6783962, 36.106518], [138.6782464, 36.1065429], [138.6781228, 36.1065761], [138.6779921, 36.1066405], [138.6778647, 36.1067551], [138.6777742, 36.1068259], [138.6776996, 36.1068687], [138.6776135, 36.1069003], [138.6774774, 36.106916], [138.6772514, 36.1069252], [138.6770442, 36.1069353], [138.6768699, 36.1069805], [138.6767363, 36.1070426], [138.676601, 36.1071417], [138.6763704, 36.1073368], [138.6762214, 36.1074538], [138.6760435, 36.107567], [138.67586, 36.1076517], [138.6757142, 36.1077103], [138.675613, 36.1077315], [138.6754729, 36.1077343], [138.6752726, 36.1077327], [138.6750901, 36.1077187], [138.6748431, 36.107688], [138.6747113, 36.10766], [138.6745819, 36.1076165], [138.6744129, 36.1075383], [138.6742383, 36.1074745], [138.6741013, 36.1074485], [138.6739452, 36.107447], [138.6738167, 36.1074618], [138.6736952, 36.1074923], [138.6735619, 36.1075578], [138.6733481, 36.107698], [138.6731823, 36.1077703], [138.6730416, 36.1078114], [138.6729183, 36.1078308], [138.6727742, 36.1078402], [138.6725818, 36.1078264], [138.672441, 36.1077896], [138.6723043, 36.1077443], [138.6721779, 36.1076842], [138.6720416, 36.1076057], [138.6715922, 36.107296], [138.6714787, 36.1072356], [138.6713248, 36.1071802], [138.6712237, 36.1071605], [138.6710946, 36.1071503], [138.6707621, 36.1071729], [138.670408, 36.107159], [138.6700539, 36.107156], [138.6697936, 36.1071935], [138.669545, 36.1072566], [138.6692869, 36.1073051], [138.6690688, 36.1073096], [138.6686124, 36.107272], [138.6681575, 36.1072395], [138.6679394, 36.1072616], [138.6677363, 36.1073233], [138.6675227, 36.1074073], [138.6672822, 36.1075466], [138.6670204, 36.1077605], [138.6667387, 36.10801], [138.6666155, 36.1081691], [138.6664834, 36.1083184], [138.6663106, 36.1084655], [138.6660765, 36.1086165], [138.6658802, 36.1088086], [138.6658096, 36.1088624], [138.6657415, 36.1088816], [138.6656846, 36.1088407], [138.6656808, 36.1087617], [138.6657212, 36.1084281], [138.6658273, 36.1081575], [138.6659462, 36.1078663], [138.6659902, 36.1075991], [138.6660746, 36.1074225], [138.666111, 36.107346], [138.6661135, 36.1072701], [138.666061, 36.1072093], [138.6659718, 36.1071703], [138.6657879, 36.1071205], [138.665613, 36.1070868], [138.6654233, 36.107069], [138.6648991, 36.1070957], [138.6645661, 36.1071281], [138.6642972, 36.1071354], [138.6640781, 36.1071523], [138.6639065, 36.1071887], [138.6636791, 36.107245], [138.6635341, 36.1072655], [138.6631911, 36.1072547], [138.6630741, 36.1072722], [138.6628628, 36.1073486], [138.6627338, 36.1073656], [138.662576, 36.1073478], [138.6624868, 36.1073328], [138.6624079, 36.1073649], [138.6623356, 36.1074127], [138.6621657, 36.1075438], [138.6620632, 36.1076007], [138.6619531, 36.1076551], [138.6618931, 36.1077324], [138.6618766, 36.107798], [138.6618824, 36.1079181], [138.6618653, 36.1080293], [138.6618354, 36.1081498], [138.6617924, 36.1082559], [138.6617291, 36.1083293], [138.6616014, 36.1083951], [138.6614595, 36.1084589], [138.6612924, 36.1085177], [138.6610027, 36.1085942], [138.6607183, 36.1086593], [138.6604592, 36.1087245], [138.6603877, 36.1087685], [138.6603233, 36.1088291], [138.6602451, 36.1089949], [138.6601665, 36.1090914], [138.6600512, 36.1091643], [138.6599311, 36.1092203], [138.6597515, 36.1092819], [138.6595648, 36.1093327], [138.6593147, 36.109422], [138.6589448, 36.1095338], [138.6587478, 36.1096043], [138.6585448, 36.1097159], [138.6584118, 36.1097673], [138.6582957, 36.1097752], [138.658201, 36.1097286], [138.6581078, 36.1096382], [138.6579475, 36.109563], [138.6577662, 36.1095062], [138.6575478, 36.1094438], [138.6573696, 36.1093531], [138.6571386, 36.1092618], [138.6570034, 36.1092432], [138.6569074, 36.1092506], [138.6568109, 36.109291], [138.6566446, 36.1093664], [138.6565684, 36.1093914], [138.6564986, 36.1093795], [138.6564266, 36.1093501], [138.6563816, 36.1093067], [138.656385, 36.10923], [138.6564226, 36.1091682], [138.6565013, 36.1090733], [138.6565523, 36.1089818], [138.656561, 36.1088559], [138.6565339, 36.1087225], [138.6564849, 36.1086333], [138.6564188, 36.108538], [138.6563252, 36.1083967], [138.656229, 36.108272], [138.6561437, 36.1081878], [138.6560399, 36.108105], [138.6558524, 36.1079535], [138.6557034, 36.1078593], [138.6555929, 36.1078125], [138.6555072, 36.1077853], [138.6554326, 36.1077455], [138.6553695, 36.1076803], [138.655362, 36.107577], [138.6553859, 36.1074698], [138.6554799, 36.107386], [138.6555537, 36.1073023], [138.6555936, 36.1072188], [138.6556577, 36.1071392], [138.655771, 36.1071117], [138.65589, 36.1071178], [138.6560531, 36.107164], [138.6561279, 36.1071981], [138.6561967, 36.1072545], [138.6562697, 36.1073274], [138.6563342, 36.107385], [138.6565014, 36.107524], [138.6566594, 36.1076327], [138.6567806, 36.1077495], [138.6569132, 36.1078897], [138.657039, 36.107995], [138.6572289, 36.1080852], [138.6573494, 36.1081697], [138.6574278, 36.1082153], [138.657516, 36.1082503], [138.65772, 36.1082895], [138.6579286, 36.1083242], [138.6581372, 36.1083386], [138.6582944, 36.1083024], [138.6584483, 36.1082413], [138.658597, 36.1081293], [138.6587247, 36.1079684], [138.6588204, 36.1078255], [138.6588661, 36.1077478], [138.658889, 36.1076733], [138.6588666, 36.1075927], [138.6588269, 36.1075281], [138.6587364, 36.1074172], [138.6585041, 36.1071617], [138.6584397, 36.1070623], [138.6583974, 36.1069583], [138.6583787, 36.1068468], [138.6583591, 36.1067115], [138.6583993, 36.1065379], [138.6583849, 36.1064654], [138.6583431, 36.106408], [138.6582929, 36.1063374], [138.6582795, 36.1062672], [138.6583041, 36.1062099], [138.6583627, 36.1061266], [138.6583731, 36.1059946], [138.6583288, 36.1058174], [138.6582859, 36.1057037], [138.6582672, 36.1056095], [138.6582935, 36.1055472], [138.6583478, 36.1054858], [138.6584106, 36.1054587], [138.6584808, 36.1054522], [138.6586027, 36.1054573], [138.6587436, 36.1055135], [138.6592293, 36.1058807], [138.6593424, 36.1059371], [138.6594198, 36.1059465], [138.6595066, 36.1059244], [138.6595602, 36.1058693], [138.6596158, 36.1057749], [138.6596819, 36.1055801], [138.659759, 36.1052608], [138.659774, 36.1049232], [138.6597648, 36.1046013], [138.6597671, 36.1043527], [138.6596831, 36.104154], [138.659655, 36.1040588], [138.6596432, 36.1039632], [138.6596573, 36.1038749], [138.6597418, 36.1037378], [138.6598227, 36.1036097], [138.6598476, 36.1034479], [138.6598546, 36.1033011], [138.6598878, 36.1030799], [138.6598686, 36.1029826], [138.6598275, 36.1028924], [138.6597859, 36.1028066], [138.659796, 36.1027252], [138.6598259, 36.1026587], [138.6599059, 36.1026143], [138.6600384, 36.1025877], [138.6601956, 36.1026147], [138.6603325, 36.1026723], [138.6604681, 36.102736], [138.6607939, 36.1029655], [138.6609835, 36.1030881], [138.6611625, 36.1032274], [138.6615193, 36.1034598], [138.6616752, 36.103521], [138.6617728, 36.1035418], [138.6618641, 36.1035404], [138.6619504, 36.1035164], [138.6620646, 36.1034357], [138.6623668, 36.1031964], [138.6624592, 36.1031323], [138.6625338, 36.1031019], [138.6626244, 36.1030818], [138.6628789, 36.103026], [138.6631072, 36.102961], [138.6631818, 36.1029168], [138.6633055, 36.1028047], [138.6633351, 36.1027259], [138.6633049, 36.102644], [138.663204, 36.1025393], [138.6630533, 36.1023602], [138.6629816, 36.1022551], [138.6629314, 36.102168], [138.6628798, 36.1020416], [138.6628551, 36.1019143], [138.6628722, 36.1017972], [138.6629178, 36.1017067], [138.6630746, 36.1015881], [138.6631689, 36.1014973], [138.6631927, 36.1014413], [138.6632005, 36.1013854], [138.6631788, 36.1013253], [138.6631509, 36.1012741], [138.6629934, 36.1011322], [138.6628093, 36.1010141], [138.6627456, 36.1009755], [138.6626589, 36.1009432], [138.6624821, 36.1009038], [138.6623868, 36.1008704], [138.6623243, 36.1008128], [138.6622954, 36.100736], [138.6622283, 36.1004455], [138.6621895, 36.1003185], [138.6621395, 36.1001969], [138.6620545, 36.0999241], [138.6620168, 36.0998154], [138.6619616, 36.0997459], [138.6618758, 36.0996695], [138.6617939, 36.0995762], [138.6617528, 36.0995149], [138.6617393, 36.0994546], [138.6617526, 36.099396], [138.6617961, 36.0993368], [138.6618745, 36.099298], [138.661971, 36.0992784], [138.6620463, 36.0992672], [138.6621393, 36.0992144], [138.662216, 36.0991481], [138.6622927, 36.0990968], [138.6624756, 36.0990102], [138.6626521, 36.0989375], [138.6627973, 36.0988862], [138.6629208, 36.0988765], [138.6630567, 36.0988861], [138.663191, 36.0989161], [138.6633383, 36.0989548], [138.6634585, 36.0989754], [138.663851, 36.0989917], [138.6642715, 36.0989788], [138.6646883, 36.0989704], [138.6649166, 36.0989377], [138.6652378, 36.0988722], [138.6654171, 36.0988253], [138.6655631, 36.0987686], [138.6657306, 36.0987162], [138.6658557, 36.0986652], [138.6659173, 36.0986001], [138.6659651, 36.0985352], [138.6660129, 36.0984703], [138.6660691, 36.0984103], [138.6661961, 36.0983421], [138.6663249, 36.0983047], [138.6664462, 36.0982724], [138.6665562, 36.0982645], [138.6667848, 36.0982922], [138.6670135, 36.0983284], [138.6673178, 36.098354], [138.6675026, 36.0983752], [138.6676251, 36.0983657], [138.6677306, 36.0983507], [138.6678293, 36.0983258], [138.667902, 36.0982803], [138.6679762, 36.0982322], [138.6680516, 36.098195], [138.6682115, 36.0981409], [138.668378, 36.0981093], [138.6685839, 36.0980773], [138.6687838, 36.0980638], [138.6693167, 36.098042], [138.6693983, 36.0980316], [138.6694703, 36.0979931], [138.6695107, 36.0979439], [138.6695311, 36.0979065], [138.6695398, 36.0978754], [138.6695171, 36.0978284], [138.6694732, 36.0977926], [138.6694095, 36.0977584], [138.6693188, 36.0977471], [138.6689732, 36.0977691], [138.6687525, 36.0977957], [138.6685439, 36.0978223], [138.6682601, 36.0978734], [138.6680094, 36.0978956], [138.667719, 36.0978789], [138.6674369, 36.0978253], [138.667299, 36.0978036], [138.6670822, 36.0977908], [138.6668507, 36.0978078], [138.6665804, 36.0978403], [138.6664035, 36.0978507], [138.6662764, 36.0978739], [138.6661425, 36.0979256], [138.6660087, 36.0979772], [138.6658579, 36.0980187], [138.665712, 36.0980268], [138.665403, 36.0980227], [138.6649007, 36.0979741], [138.6644156, 36.0979168], [138.6641646, 36.0978718], [138.6639102, 36.097852], [138.6636359, 36.0978448], [138.6634051, 36.0978265], [138.6632504, 36.0977982], [138.6631135, 36.0977275], [138.6628497, 36.0974887], [138.6627453, 36.0974023], [138.6626408, 36.0973544], [138.6624377, 36.0973259], [138.6621512, 36.0973153], [138.6619206, 36.0972929], [138.6616853, 36.0972941], [138.6615591, 36.0973122], [138.661433, 36.0973426], [138.6612414, 36.0974096], [138.6610203, 36.0974771], [138.6609133, 36.0974843], [138.6608361, 36.0974656], [138.6607883, 36.0974267], [138.6607469, 36.09735], [138.660697, 36.0972428], [138.6606471, 36.0971745], [138.6605741, 36.097135], [138.6604762, 36.0970991], [138.6602995, 36.0970849], [138.6601289, 36.0970934], [138.6599622, 36.0971175], [138.6597775, 36.0971663], [138.6595285, 36.0972451], [138.6593218, 36.0972779], [138.6591178, 36.0973015], [138.6590109, 36.0973209], [138.6589224, 36.0973598], [138.6588361, 36.097414], [138.6586663, 36.0975576], [138.6585611, 36.097632], [138.6584516, 36.0976873], [138.6579728, 36.0978899], [138.6578125, 36.0979461], [138.6576084, 36.0979926], [138.6574388, 36.0980443], [138.6572755, 36.0981249], [138.6571086, 36.098236], [138.6570393, 36.0982715], [138.6569615, 36.0983051], [138.656852, 36.0983366], [138.6567299, 36.0983605], [138.6566215, 36.0983792], [138.6565119, 36.0984201], [138.6564112, 36.098482], [138.6563134, 36.0985381], [138.6562409, 36.0985987], [138.656176, 36.0986593], [138.6561212, 36.0987363], [138.6560769, 36.0988132], [138.655944, 36.0991121], [138.6558757, 36.0992812], [138.6557857, 36.0995996], [138.6557454, 36.099709], [138.6556918, 36.0997846], [138.6556275, 36.0998531], [138.6555688, 36.0998965], [138.6555024, 36.0999261], [138.6554108, 36.0999507], [138.6553157, 36.0999644], [138.6552385, 36.0999569], [138.6551636, 36.0999381], [138.6551091, 36.0999138], [138.6550555, 36.099879], [138.6549878, 36.0997959], [138.6549146, 36.0997047], [138.6548644, 36.0996623], [138.6547986, 36.0996344], [138.6547241, 36.0996137], [138.6546494, 36.0996021], [138.654555, 36.099623], [138.6544603, 36.0996595], [138.654361, 36.0997045], [138.6542619, 36.0997327], [138.6539984, 36.0997795], [138.6538469, 36.0997952], [138.6536898, 36.0997772], [138.6535743, 36.0997969], [138.653495, 36.0998373], [138.6533921, 36.0998966], [138.6533048, 36.09993], [138.6531695, 36.099966], [138.6530447, 36.1000179], [138.6529535, 36.1000675], [138.6528675, 36.1001314], [138.6527745, 36.1002028], [138.6526828, 36.1002438], [138.6525154, 36.100285], [138.6524147, 36.1003262], [138.6523093, 36.1004145], [138.6521444, 36.1005589], [138.6520535, 36.1006439], [138.6519436, 36.1007097], [138.6518408, 36.1007363], [138.6517243, 36.1007514], [138.6515949, 36.1007926], [138.6513378, 36.1008738], [138.6512366, 36.100886], [138.6511381, 36.1008959], [138.6509551, 36.1008987], [138.6508632, 36.1009118], [138.6507733, 36.1009352], [138.6507205, 36.100993], [138.6506868, 36.1010768], [138.6506809, 36.1012215], [138.6506757, 36.1012829], [138.6506436, 36.1013325], [138.6505692, 36.1013945], [138.6504531, 36.1014765], [138.6503452, 36.10156], [138.6502466, 36.1016453], [138.6501689, 36.1017335], [138.6500485, 36.1019138], [138.6499775, 36.1020313], [138.6499337, 36.1021231], [138.6499191, 36.1022562], [138.6499022, 36.1023148], [138.6498742, 36.1023616], [138.6498285, 36.1024083], [138.6496929, 36.1024707], [138.6495493, 36.1025168], [138.6493974, 36.1025357], [138.6491763, 36.1025054], [138.6489599, 36.1025015], [138.6485534, 36.1025156], [138.6483276, 36.1025408], [138.6481192, 36.102549], [138.6479027, 36.1025413], [138.6476892, 36.1025226], [138.6475861, 36.1025341], [138.6474829, 36.1025679], [138.6473839, 36.1025955], [138.6472947, 36.1026032], [138.6471905, 36.1025949], [138.6470942, 36.1025742], [138.6469894, 36.102551], [138.6468847, 36.1025332], [138.6468124, 36.1025359], [138.6467487, 36.1025591], [138.6467207, 36.1026078], [138.6467105, 36.1026832], [138.6466936, 36.1027527], [138.6466658, 36.1028032], [138.6466108, 36.1028429], [138.6465484, 36.1028614], [138.6464728, 36.1028618], [138.6463969, 36.10286], [138.646352, 36.1028712], [138.6463168, 36.1029087], [138.6463111, 36.1029524], [138.6463196, 36.1030132], [138.6463687, 36.1030959], [138.6465931, 36.1034064], [138.6466436, 36.1034614], [138.6466748, 36.1035179], [138.6466967, 36.1036424], [138.6467186, 36.1037109], [138.6467735, 36.1037733], [138.6468413, 36.1038372], [138.6469988, 36.1039426], [138.6470555, 36.1039957], [138.6470987, 36.1040535], [138.6471697, 36.1041031], [138.6472373, 36.1041126], [138.6472949, 36.1041063], [138.647337, 36.1040684], [138.6473797, 36.1039882], [138.6474267, 36.1039455], [138.6474588, 36.1039263], [138.6475341, 36.10392], [138.647611, 36.1039273], [138.6476612, 36.103951], [138.6478178, 36.1040307], [138.6479625, 36.1041145], [138.6480038, 36.1041476], [138.6480236, 36.1041827], [138.6480358, 36.1042229], [138.6480407, 36.1042643], [138.6480147, 36.1044263], [138.6479924, 36.1046689], [138.6479516, 36.1050084], [138.6479259, 36.1051498], [138.6478507, 36.1052851], [138.6478255, 36.1053874], [138.6478404, 36.1055008], [138.6478752, 36.1055828], [138.6480333, 36.1057458], [138.6481722, 36.1058767], [138.6481961, 36.1059432], [138.6481847, 36.1060037], [138.6481509, 36.1060528], [138.6480993, 36.1061153], [138.6479637, 36.1062382], [138.6478823, 36.1062809], [138.6477179, 36.1063451], [138.6476081, 36.106382], [138.6473764, 36.1064707], [138.6471351, 36.106543], [138.6466577, 36.106694], [138.6462672, 36.1068785], [138.6459981, 36.1070677], [138.645877, 36.1071822], [138.6458278, 36.1072855], [138.6458734, 36.1075242], [138.6458381, 36.1076157], [138.6457608, 36.107669], [138.6454903, 36.10763], [138.645364, 36.107682], [138.645248, 36.1077758], [138.6451784, 36.1079486], [138.6450933, 36.1080444], [138.6449593, 36.1080757], [138.6448682, 36.1081752], [138.6447917, 36.1083172], [138.6447652, 36.1084734], [138.6447566, 36.1087647], [138.644851, 36.108938], [138.6450031, 36.1090295], [138.6451266, 36.1091099], [138.6451036, 36.109194], [138.6450235, 36.1092375], [138.6449515, 36.1092482], [138.6448716, 36.1093044], [138.6448536, 36.1093502], [138.6448448, 36.1093949], [138.6448167, 36.1094512], [138.6447284, 36.1094609], [138.6446628, 36.1094294], [138.644619, 36.1093648], [138.6444999, 36.1092292], [138.6443458, 36.1091357], [138.6441241, 36.1090884], [138.643761, 36.1090975], [138.643542, 36.1091197], [138.6433533, 36.1092211], [138.6432288, 36.1093818], [138.6431393, 36.1094856], [138.6430795, 36.1095926], [138.643044, 36.1096918], [138.6429766, 36.1097369], [138.6428919, 36.1096772], [138.6428419, 36.1095773], [138.6426795, 36.1092362], [138.6426109, 36.1091253], [138.6425155, 36.1090524], [138.6423713, 36.1090523], [138.6420701, 36.1091322], [138.6418041, 36.1092737], [138.6410401, 36.1096384], [138.6404274, 36.1099829], [138.6402573, 36.1100333], [138.6400898, 36.1100833], [138.6400408, 36.1101499], [138.6401053, 36.110214], [138.6402162, 36.1102555], [138.6403398, 36.1102437], [138.6404816, 36.1102457], [138.6405512, 36.1102582], [138.6406054, 36.1102984], [138.6406002, 36.110354], [138.6404316, 36.1104767], [138.6403543, 36.1105259], [138.6402426, 36.1105967], [138.6398754, 36.1107852], [138.6397856, 36.1108705], [138.639727, 36.1109726], [138.6396516, 36.1110913], [138.6395965, 36.111186], [138.6395304, 36.1113037], [138.6394917, 36.1113682], [138.6394617, 36.1114191], [138.6393888, 36.1115279], [138.6393501, 36.1115377], [138.6393087, 36.1115307], [138.6392694, 36.1114808], [138.6392236, 36.1114161], [138.6392056, 36.111337], [138.639203, 36.1111746], [138.6391772, 36.1109996], [138.6391772, 36.1109184], [138.6391219, 36.1108344], [138.63902, 36.1107643], [138.6388892, 36.1107166], [138.6387339, 36.1107331], [138.6386136, 36.1108428], [138.6385173, 36.11101], [138.6384258, 36.1111756], [138.6383317, 36.111362], [138.6382043, 36.111521], [138.6379673, 36.1117213], [138.6377167, 36.1118433], [138.6368558, 36.1122782], [138.6362963, 36.1125576], [138.6360658, 36.1126594], [138.6357959, 36.1126963], [138.6355871, 36.1127344], [138.635285, 36.1127879], [138.6349129, 36.11288], [138.6345819, 36.112984], [138.6341664, 36.1131141], [138.6337563, 36.1132223], [138.633265, 36.1132507], [138.6329692, 36.1133049], [138.6326111, 36.1133835], [138.6320513, 36.1135135], [138.6314675, 36.1135763], [138.630916, 36.1136138], [138.6304977, 36.1136459], [138.6300926, 36.1136473], [138.6299813, 36.1136332], [138.6299589, 36.1136415], [138.6295357, 36.1136007], [138.6292655, 36.1135674], [138.6290161, 36.1135311], [138.6286314, 36.1134633], [138.6284613, 36.113507], [138.6282848, 36.1135984], [138.628139, 36.1136007], [138.6279947, 36.1135174], [138.6277614, 36.1133327], [138.6274843, 36.1131217], [138.6272961, 36.1130322], [138.6271167, 36.1129652], [138.6269584, 36.1129572], [138.6268096, 36.1129661], [138.6266829, 36.1129478], [138.6265004, 36.1128488], [138.6262907, 36.1128177], [138.6259802, 36.112844], [138.6257004, 36.1128385], [138.6254117, 36.1129176], [138.6251513, 36.1130384], [138.6250173, 36.1130988], [138.624825, 36.1131346], [138.6243487, 36.1131435], [138.6241279, 36.1131988], [138.6239398, 36.11328], [138.6237361, 36.1133779], [138.6235307, 36.1134313], [138.6232695, 36.1135445], [138.6231097, 36.1136798], [138.6229576, 36.1138381], [138.6228166, 36.1139958], [138.622589, 36.1141984], [138.622329, 36.1143743], [138.6219987, 36.1145003], [138.6216424, 36.114533], [138.6209057, 36.1144566], [138.6205422, 36.1143733], [138.6204236, 36.1143566], [138.6203179, 36.1143858], [138.6201523, 36.11447], [138.6196195, 36.1146344], [138.6193147, 36.1147502], [138.6191064, 36.1148023], [138.6189001, 36.1148222], [138.6186049, 36.1148381], [138.6181637, 36.1148], [138.6178401, 36.114818], [138.6176684, 36.1148804], [138.6175777, 36.1149439], [138.6175184, 36.1150314], [138.6175055, 36.1151417], [138.6175329, 36.1152577], [138.6175803, 36.1154249], [138.6176256, 36.1155731], [138.6177195, 36.1156998], [138.617865, 36.1157909], [138.6180237, 36.1158456], [138.6182057, 36.1158615], [138.6183665, 36.1158789], [138.6184959, 36.1159142], [138.6187499, 36.1160218], [138.618858, 36.1161618], [138.6188383, 36.1162996], [138.6187662, 36.1164391], [138.6186913, 36.1164828], [138.6186166, 36.1164891], [138.6185057, 36.1165161], [138.6183944, 36.1165652], [138.6183459, 36.1166098], [138.6182435, 36.1165993], [138.6180443, 36.1165349], [138.6178355, 36.1164391], [138.6176344, 36.1163433], [138.617521, 36.1163308], [138.617423, 36.1163579], [138.6172109, 36.1164252], [138.616793, 36.1164058], [138.616381, 36.116392], [138.6156824, 36.1164377], [138.6154883, 36.1164494], [138.6153015, 36.1164766], [138.615127, 36.1165556], [138.6150154, 36.1166473], [138.614927, 36.1167533], [138.6148659, 36.1168722], [138.6148309, 36.1169821], [138.6148014, 36.1170451], [138.6147382, 36.1170812], [138.6146545, 36.1170909], [138.6145772, 36.1170544], [138.614524, 36.1169616], [138.6145074, 36.1168726], [138.6144971, 36.1168124], [138.6144693, 36.1166897], [138.6143976, 36.1166429], [138.6142996, 36.1166505], [138.6142249, 36.1167075], [138.6140753, 36.1168379], [138.61406, 36.1169001], [138.6140926, 36.1169886], [138.6142252, 36.1170998], [138.6142728, 36.1171928], [138.614266, 36.1172712], [138.6142439, 36.1173363], [138.614224, 36.1174386], [138.6141872, 36.1175374], [138.6140435, 36.1178468], [138.6139383, 36.1181656], [138.6138346, 36.1185228], [138.6137419, 36.1186631], [138.6136001, 36.1187235], [138.6134619, 36.1187362], [138.6132216, 36.1187168], [138.6128526, 36.1186714], [138.6125919, 36.1186637], [138.6123615, 36.1186643], [138.6120311, 36.1186766], [138.6116251, 36.1187008], [138.6112621, 36.1187089], [138.6109127, 36.118757], [138.610669, 36.1188306], [138.6104716, 36.1189248], [138.6102387, 36.1191087], [138.6100407, 36.11932], [138.6099242, 36.1195231], [138.6097721, 36.1196876], [138.6094416, 36.1200362], [138.6090838, 36.1206892], [138.6089034, 36.1210223], [138.608694, 36.1212967], [138.6085631, 36.1214346], [138.6084494, 36.1215483], [138.6082744, 36.1216637], [138.6081155, 36.1217445], [138.6078233, 36.1218823], [138.607513, 36.1219754], [138.6070293, 36.1220885], [138.6067612, 36.1221384], [138.606562, 36.1222298], [138.6063903, 36.122313], [138.606176, 36.1224654], [138.6059982, 36.1226444], [138.6058822, 36.1228464], [138.6057906, 36.1230558], [138.6057395, 36.1232264], [138.6055732, 36.1237421], [138.6055225, 36.1238698], [138.6054779, 36.1239382], [138.6052609, 36.1241228], [138.6050392, 36.1242186], [138.6047835, 36.1242834], [138.6042891, 36.1243685], [138.6037853, 36.1244852], [138.6034668, 36.1245773], [138.6026867, 36.1248234], [138.6025181, 36.1248807], [138.6023708, 36.1249039], [138.6021572, 36.1249036], [138.6019639, 36.124837], [138.6016262, 36.1246184], [138.6013839, 36.1244789], [138.6011003, 36.1243748], [138.6008348, 36.1243519], [138.6005255, 36.1243672], [138.6002224, 36.124402], [138.5988947, 36.124562], [138.5983524, 36.12461], [138.5978004, 36.1246237], [138.5974427, 36.124611], [138.5970381, 36.1245621], [138.5967057, 36.1245175], [138.5960989, 36.1244867], [138.5955508, 36.1245039], [138.5952899, 36.1245434], [138.5950469, 36.1246002], [138.5946377, 36.1247558], [138.5943037, 36.1249493], [138.5940005, 36.125115], [138.5928833, 36.1257455], [138.5926436, 36.1258579], [138.5925072, 36.1258849], [138.5923314, 36.1259105], [138.591918, 36.1259064], [138.5916328, 36.125887], [138.59049, 36.1258302], [138.5899693, 36.1258094], [138.5894147, 36.1257822], [138.588817, 36.1257719], [138.5885335, 36.1258031], [138.5882671, 36.1258488], [138.5878594, 36.1259327], [138.5868707, 36.126131], [138.5866271, 36.1262], [138.5862005, 36.1263466], [138.5856073, 36.1266558], [138.5845292, 36.1272215], [138.5842116, 36.1273601], [138.5840919, 36.1274147], [138.5836254, 36.1275743], [138.5831974, 36.1277], [138.5827448, 36.1277948], [138.5819136, 36.1279477], [138.581096, 36.1281158], [138.580635, 36.1282434], [138.5804185, 36.1283163], [138.5802291, 36.128407], [138.5799371, 36.1286537], [138.5794944, 36.1290399], [138.5794038, 36.1291098], [138.5792997, 36.1291429], [138.5791121, 36.1291957], [138.5785699, 36.1293269], [138.5778799, 36.1294954], [138.5777582, 36.1295447], [138.5776233, 36.1296938], [138.5773908, 36.1299883], [138.5773122, 36.1300694], [138.5771907, 36.1301054], [138.5770441, 36.1301131], [138.5768869, 36.1300819], [138.5767116, 36.1300777], [138.5765452, 36.1300894], [138.5761702, 36.1301817], [138.5758431, 36.1302635], [138.575616, 36.1303067], [138.5755222, 36.1303511], [138.5754046, 36.1304067], [138.5750364, 36.130617], [138.5747937, 36.1308397], [138.5742853, 36.1309803], [138.572556, 36.1314389], [138.5715259, 36.1317414], [138.5713033, 36.131838], [138.5711989, 36.1318919], [138.5708847, 36.1320021], [138.5704882, 36.1320742], [138.5699886, 36.132181], [138.5695839, 36.1322534], [138.5693957, 36.1323305], [138.5692488, 36.132425], [138.56872, 36.1329255], [138.5679201, 36.1337289], [138.5675371, 36.1340835], [138.5669061, 36.1345014], [138.5665473, 36.1347526], [138.5661965, 36.1349585], [138.5655802, 36.1351468], [138.5649572, 36.1352522], [138.5642013, 36.135386], [138.5636357, 36.135483], [138.5632749, 36.1355448], [138.5614014, 36.1358695], [138.5604163, 36.1360728], [138.559919, 36.1361921], [138.559129, 36.1363769], [138.5584471, 36.1365357], [138.5583204, 36.1365631], [138.5578153, 36.1366923], [138.5574809, 36.1368019], [138.5571696, 36.1369221], [138.5564806, 36.1372314], [138.555034, 36.1380167], [138.5540639, 36.1385359], [138.553452, 36.1388598], [138.5531192, 36.1390489], [138.553025, 36.139102], [138.5522183, 36.13952], [138.5518056, 36.1397467], [138.5517204, 36.1397889], [138.5514451, 36.1399275], [138.5509283, 36.1402977], [138.5506337, 36.1406049], [138.550591, 36.1406582], [138.55036, 36.1409464], [138.5501924, 36.1411718], [138.5501155, 36.1412752], [138.5500039, 36.1414131], [138.549881, 36.1415437], [138.5496215, 36.1417887], [138.5493628, 36.1419684], [138.5490535, 36.1421058], [138.5487362, 36.1422283], [138.5483542, 36.1422999], [138.5480894, 36.1423181], [138.5478187, 36.1423077], [138.5468822, 36.1422076], [138.5463136, 36.142135], [138.5462551, 36.1421264], [138.5437631, 36.1417761], [138.5426228, 36.1415593], [138.542043, 36.1415153], [138.5416945, 36.1415077], [138.5413514, 36.1415369], [138.5409946, 36.1415989], [138.5406377, 36.1417022], [138.5400267, 36.1418906], [138.5394015, 36.1421121], [138.5390579, 36.1421737], [138.5386374, 36.1422255], [138.537972, 36.1422223], [138.5366117, 36.1421229], [138.5353378, 36.1420569], [138.5337604, 36.1419866], [138.532905, 36.1419773], [138.5312282, 36.1419634], [138.5311851, 36.141963], [138.5308004, 36.1419528], [138.5307254, 36.1419547], [138.5298344, 36.1419574], [138.5297718, 36.1419587], [138.5289972, 36.1419286], [138.5276876, 36.1418987], [138.52701, 36.1418556], [138.5263365, 36.1417568], [138.5249541, 36.1415291], [138.524092, 36.141509], [138.5236716, 36.1415543], [138.5233699, 36.1416237], [138.522604, 36.1418557], [138.5212747, 36.14241], [138.5209587, 36.1425453], [138.5206417, 36.142681], [138.5200551, 36.1429008], [138.5192488, 36.143277], [138.5190863, 36.1433432], [138.5187389, 36.143505], [138.5178851, 36.1440511], [138.5175901, 36.1442778], [138.5171708, 36.1446497], [138.5171048, 36.1447027], [138.516703, 36.1451588], [138.5164457, 36.1455105], [138.5159183, 36.1462436], [138.5157436, 36.1464898], [138.5153986, 36.1468853], [138.5153737, 36.1469139], [138.5152332, 36.1470338], [138.5149228, 36.1472591], [138.5146267, 36.1474182], [138.5143376, 36.1475481], [138.513058, 36.1480513], [138.5126436, 36.1482481], [138.5122154, 36.1486054], [138.5121568, 36.1486543], [138.5113816, 36.1494574], [138.5111172, 36.1496207], [138.5108092, 36.1497424], [138.509562, 36.149979], [138.5090387, 36.150204], [138.5086323, 36.1504534], [138.5082843, 36.1506639], [138.5079883, 36.1508605], [138.5074076, 36.1512735], [138.507168, 36.1514202]], [[138.4896399, 36.1551288], [138.489862, 36.1550453], [138.4900007, 36.1550007], [138.4901125, 36.1549652], [138.4901923, 36.1549378], [138.4902768, 36.1549151], [138.4904073, 36.1548986], [138.4905303, 36.1548869], [138.4906737, 36.1548913], [138.4909447, 36.1549098], [138.4930444, 36.1550723], [138.494248, 36.1551585], [138.4953678, 36.1552358], [138.4955888, 36.1552502], [138.4959215, 36.1552531], [138.4967767, 36.1552318], [138.4978959, 36.1551977], [138.4982234, 36.1551824], [138.4985293, 36.1551488], [138.4988675, 36.1550972], [138.500054, 36.1548391], [138.5008816, 36.1546698], [138.5021601, 36.1543869], [138.5024671, 36.1543029], [138.502821, 36.1541767], [138.5036157, 36.1537718], [138.5041451, 36.1534663], [138.5048446, 36.1529914], [138.5052354, 36.152742], [138.5054288, 36.1526186], [138.5054707, 36.1525919], [138.507168, 36.1514202]], [[138.4896399, 36.1551288], [138.4893625, 36.1552435], [138.4891098, 36.1553316], [138.4878993, 36.1556954], [138.4876023, 36.1557899], [138.4872456, 36.1559196], [138.4864154, 36.1562236], [138.4859821, 36.1563829], [138.4857885, 36.1564643], [138.4856334, 36.1565406], [138.4854562, 36.1566424], [138.4852044, 36.1568057], [138.4848534, 36.1570482], [138.4843121, 36.1574177], [138.4842477, 36.1574651], [138.4841802, 36.1575211], [138.4840154, 36.1576629], [138.4826337, 36.1588024], [138.4825967, 36.1588293], [138.4824426, 36.1589645], [138.4817426, 36.1595537], [138.4815369, 36.1597268], [138.4814818, 36.1597777], [138.4814488, 36.1598082], [138.4813562, 36.1599166], [138.4814812, 36.1600443], [138.4817932, 36.1604755], [138.4820031, 36.1607678], [138.4824423, 36.1613279], [138.4824599, 36.1613509], [138.4829684, 36.1620165], [138.4831877, 36.1622983], [138.4832551, 36.1623884], [138.4837502, 36.1630305], [138.4843965, 36.1638449], [138.4851832, 36.1648817], [138.4858876, 36.165789], [138.4860061, 36.1660095], [138.4860853, 36.1663012], [138.4860905, 36.1663338], [138.4861084, 36.1666583], [138.4861119, 36.1666898], [138.4861706, 36.1680037], [138.4861477, 36.1686747], [138.4861241, 36.1689003], [138.4860818, 36.1691617], [138.4860317, 36.1694772], [138.4860036, 36.1696487], [138.4859785, 36.1698065], [138.4859618, 36.1699029], [138.4859262, 36.1700994], [138.4859055, 36.1702357], [138.4858672, 36.1704799], [138.4858229, 36.1707664], [138.4857804, 36.171019], [138.4857094, 36.1714741], [138.4856803, 36.171651], [138.4855843, 36.1722159], [138.4854999, 36.1727588], [138.4854237, 36.1732101], [138.4853183, 36.1738579], [138.4852972, 36.1739853], [138.4852238, 36.1744539], [138.4851162, 36.1751075], [138.4850639, 36.1754301], [138.4850371, 36.1755924], [138.485004, 36.1757582], [138.4849512, 36.1759585], [138.484903, 36.1761218], [138.4848426, 36.176275], [138.4847876, 36.1764038], [138.4847267, 36.1765262], [138.4846064, 36.1767624], [138.4843984, 36.1770984], [138.484211, 36.1773732], [138.4840255, 36.1776434], [138.4838634, 36.1778266], [138.483716, 36.1779813], [138.4834492, 36.1782522], [138.4831502, 36.1785424], [138.4828565, 36.1788325], [138.4825766, 36.1791334], [138.4824026, 36.1793492], [138.4822571, 36.1795694], [138.4822284, 36.1796254], [138.4821733, 36.1797329], [138.4821161, 36.1798619], [138.4820262, 36.1801011], [138.4819473, 36.1804318], [138.4818332, 36.1809704], [138.4817648, 36.1813016], [138.4817221, 36.181515], [138.481691, 36.1817108], [138.4816731, 36.181876], [138.4816683, 36.1819582], [138.4816681, 36.1825495], [138.4816645, 36.1827507], [138.4815996, 36.1842167], [138.481569, 36.1847049], [138.4815562, 36.184828], [138.4815165, 36.1851527], [138.4814583, 36.1854934], [138.4814017, 36.1858448], [138.4813464, 36.1861763], [138.4813011, 36.1863835], [138.4812807, 36.1864822], [138.4811742, 36.1868216], [138.4810161, 36.1873055], [138.4808609, 36.187806], [138.4806925, 36.1883144], [138.4804812, 36.1889321], [138.4804179, 36.1892138], [138.4803363, 36.1895996], [138.4802929, 36.189822], [138.4801611, 36.1904116], [138.4800594, 36.1907198], [138.4798983, 36.1913473], [138.4798412, 36.1914273], [138.4797384, 36.1917328], [138.4796763, 36.1919188], [138.4796275, 36.1920262], [138.4795606, 36.192167], [138.4795528, 36.1921844], [138.4794299, 36.1924244], [138.4792475, 36.1927139], [138.479096, 36.1929287], [138.4789297, 36.1931419], [138.4787312, 36.1933748], [138.4786636, 36.1934484], [138.4785912, 36.1935252], [138.4783468, 36.1937507], [138.4778706, 36.1941482], [138.477732, 36.1942673], [138.4775893, 36.1944089], [138.4772316, 36.1947103], [138.4768905, 36.1950003], [138.4766488, 36.1952109], [138.4765539, 36.1952936], [138.4762193, 36.1955836], [138.476043, 36.195734], [138.4758725, 36.1958774], [138.4752685, 36.1963781], [138.4746707, 36.1968799], [138.474612, 36.1969384], [138.47455, 36.1969974], [138.4732703, 36.1980892], [138.4731444, 36.1981867], [138.4730236, 36.1982919], [138.4725109, 36.1987319], [138.4721307, 36.1990628], [138.4717679, 36.1993724], [138.4710506, 36.1999929], [138.4705342, 36.20044], [138.4700996, 36.200883], [138.4700149, 36.2009735], [138.4699366, 36.2010516], [138.4697596, 36.2012432], [138.469599, 36.2014417], [138.4693114, 36.2018173], [138.4691664, 36.2020067], [138.4690618, 36.2021571], [138.4688139, 36.2025132], [138.4685677, 36.2029179], [138.4683049, 36.2033891], [138.4681847, 36.2036356], [138.4681114, 36.2038074], [138.4680607, 36.2039137], [138.4680148, 36.2040182], [138.4678742, 36.2043788], [138.4674244, 36.2055941], [138.4670719, 36.2065175], [138.4669584, 36.206815], [138.4665889, 36.2078167], [138.4661982, 36.2088212], [138.4658995, 36.2096249], [138.4655948, 36.2104284], [138.465342, 36.2111093], [138.4652041, 36.211442], [138.4650411, 36.2117346], [138.4645008, 36.212606], [138.4639412, 36.2134736], [138.4623905, 36.2158941], [138.4608231, 36.2183358], [138.4588912, 36.2213375], [138.458782, 36.2215258], [138.4579706, 36.222782], [138.4575671, 36.2233973], [138.4573777, 36.2237117], [138.4572215, 36.2240303], [138.4569091, 36.2250152], [138.4565894, 36.2260162], [138.4564637, 36.226512], [138.4564007, 36.2268719], [138.4562733, 36.2276531], [138.4562336, 36.2280205], [138.4562026, 36.2283928], [138.4561942, 36.2288531], [138.4561872, 36.2295998], [138.4562023, 36.2300322], [138.4562527, 36.2305799], [138.4562687, 36.2309048], [138.4562888, 36.2309946], [138.4563723, 36.2313545], [138.4564595, 36.2316953], [138.4564991, 36.2319471]], [[138.4566161, 36.231906], [138.4565681, 36.2317039], [138.4564648, 36.2312616], [138.456397, 36.2308921], [138.4563516, 36.2305926], [138.4563011, 36.2300362], [138.4563012, 36.2296128], [138.4563067, 36.2288568], [138.4563194, 36.2283959], [138.4563477, 36.2280187], [138.4563734, 36.2276579], [138.4564991, 36.2268478], [138.4565648, 36.2265147], [138.4566836, 36.2260305], [138.4570141, 36.2250031], [138.4573237, 36.2240538], [138.4574788, 36.2237347], [138.4576673, 36.2234227], [138.4580599, 36.2228089], [138.4587367, 36.2217806], [138.4588818, 36.2215621], [138.4591143, 36.2212129], [138.4609197, 36.2183756], [138.4617236, 36.2171343], [138.4624835, 36.2159313], [138.4632514, 36.2147245], [138.4638497, 36.2138166], [138.4640354, 36.2135196], [138.4646107, 36.2126084], [138.4651435, 36.2117645], [138.465233, 36.2116224], [138.465311, 36.2114601], [138.4654405, 36.2111339], [138.4656899, 36.2104513], [138.4662949, 36.2088464], [138.4670523, 36.2068848], [138.4674694, 36.2057506], [138.4674968, 36.2056774], [138.4679455, 36.2044877], [138.4681167, 36.2040425], [138.4681698, 36.2039397], [138.4682204, 36.203839], [138.4684175, 36.20342], [138.4686569, 36.2029528], [138.468902, 36.2025493], [138.4692583, 36.2020273], [138.4696743, 36.2015153], [138.4700265, 36.2010924], [138.4700956, 36.2010168], [138.4701798, 36.2009286], [138.4706263, 36.2004914], [138.4711147, 36.2000479], [138.4713709, 36.1998207], [138.4725265, 36.198853], [138.4730981, 36.1983495], [138.473234, 36.1982507], [138.4733523, 36.1981485], [138.4738379, 36.1977358], [138.4743139, 36.1973174], [138.4746352, 36.1970371], [138.4747079, 36.1969805], [138.4747835, 36.1969225], [138.4750365, 36.1967005], [138.4753703, 36.1964234], [138.4759453, 36.1959243], [138.4768003, 36.1951944], [138.4768419, 36.1951589], [138.4776242, 36.1945031], [138.477779, 36.1943741], [138.4779292, 36.1942451], [138.4782889, 36.1939332], [138.4786798, 36.1935843], [138.4787575, 36.1935058], [138.4788276, 36.193425], [138.4790108, 36.1932144], [138.4791209, 36.1930815], [138.4792137, 36.1929591], [138.4793267, 36.1927999], [138.4794138, 36.1926625], [138.4794795, 36.1925229], [138.4796233, 36.1922266], [138.4796374, 36.1921883], [138.4796921, 36.1920547], [138.4797612, 36.1918908], [138.4798095, 36.1917533], [138.4798916, 36.191465], [138.4798983, 36.1913473]], [[138.9905721, 36.1278914], [138.9905228, 36.1279919], [138.9904835, 36.1281137], [138.9904658, 36.1282608], [138.9904835, 36.1284128], [138.99052, 36.1285459], [138.990594, 36.1286902], [138.9906841, 36.1288159]]]}, "id": "relation/5450521"}]}