{"type": "FeatureCollection", "generator": "kokudo-quiz tools/fetch_raw.py (Overpass API)", "copyright": "The data included in this document is from www.openstreetmap.org. The data is made available under ODbL.", "timestamp": "2026-09-30T23:41:17Z", "features": [{"type": "Feature", "properties": {"@id": "relation/4544688", "colour": "red", "from": "島根県益田市", "name": "国道488号", "name:en": "National Highway Route 488", "name:ja": "国道488号", "name:ja-Hira": "こくどうよんひゃくはちじゅうはちごう", "name:ja-Latn": "kokudo 488 Gou", "network": "JP:national", "official_name": "一般国道488号", "ref": "488", "route": "road", "to": "広島県廿日市市", "type": "route", "wikidata": "Q6157680", "wikipedia": "ja:国道488号"}, "geometry": {"type": "MultiLineString", "coordinates": [[[131.8067994, 34.6248732], [131.8069509, 34.6248575], [131.807214, 34.6247914], [131.8077782, 34.6246306], [131.8083765, 34.6244661], [131.808705, 34.6243366], [131.8090106, 34.6241681], [131.8097414, 34.6236874], [131.8109353, 34.6228744], [131.8120661, 34.622141], [131.8128008, 34.6216869], [131.8141218, 34.6208915], [131.8147628, 34.6204773], [131.8149809, 34.6202777], [131.8151555, 34.6200449], [131.8152416, 34.6198592], [131.8153046, 34.6196253], [131.8153259, 34.6193674], [131.8153282, 34.61816], [131.8153353, 34.6170055], [131.8153487, 34.6167614], [131.8154195, 34.616436], [131.8155366, 34.6162061], [131.8157579, 34.6159202], [131.8161104, 34.6155597], [131.8164942, 34.6150572], [131.8168316, 34.6146007], [131.8169595, 34.6144799], [131.8171486, 34.6143861], [131.8173603, 34.6143513], [131.8184991, 34.6142812], [131.8190463, 34.614236], [131.8196724, 34.6141252], [131.8211748, 34.6138176], [131.8212662, 34.6137982], [131.8217312, 34.6136996], [131.8222529, 34.6135586], [131.8229395, 34.6133519], [131.8234433, 34.6132269], [131.8247189, 34.6129725], [131.8251684, 34.6128817], [131.8255185, 34.6127702], [131.8257692, 34.6126698], [131.8260646, 34.6125031], [131.8263651, 34.6122648], [131.8266971, 34.6119422], [131.8270721, 34.6115228], [131.827183, 34.6113821], [131.8273212, 34.611184], [131.8274, 34.6110237], [131.8274695, 34.6108804], [131.8275097, 34.6107635], [131.8275274, 34.6107121], [131.8275682, 34.6104706], [131.8275913, 34.6101746], [131.8275981, 34.6092291], [131.8276058, 34.607885], [131.8276085, 34.607408], [131.82762, 34.6065528], [131.8276495, 34.6062965], [131.8277246, 34.6059852], [131.8278773, 34.6055551], [131.8283522, 34.6043184], [131.8285051, 34.6039586], [131.8286991, 34.6036607], [131.828894, 34.6034674], [131.8291515, 34.6032683], [131.8294407, 34.6030926], [131.8297841, 34.6029771], [131.8300949, 34.6029078], [131.830516, 34.6028591], [131.8309403, 34.6028705], [131.8311988, 34.6028919], [131.832313, 34.6029879], [131.8382482, 34.6032973], [131.8408972, 34.6033048], [131.842366, 34.603227], [131.8434108, 34.6031106], [131.8439459, 34.602966], [131.8446125, 34.6027121], [131.84464, 34.602702], [131.844998, 34.602581], [131.8453172, 34.6024915], [131.8462318, 34.6022912], [131.8465617, 34.6022134], [131.8474276, 34.6019931], [131.8476244, 34.6019585], [131.847787, 34.6019466], [131.8479766, 34.6019573], [131.8481663, 34.6019499], [131.8483349, 34.6019295], [131.848534, 34.6018717], [131.849163, 34.6016339], [131.8494827, 34.6015245], [131.8496275, 34.6014958], [131.8497992, 34.6014677], [131.8500406, 34.6014572], [131.8504054, 34.6014814], [131.850864, 34.6015301], [131.851202, 34.6015818], [131.8515265, 34.6016923], [131.8517583, 34.6018185], [131.8519377, 34.6019629], [131.8523969, 34.6024231], [131.8526603, 34.6026687], [131.8528934, 34.6028294], [131.8531264, 34.6029574], [131.853385, 34.6030542], [131.8539671, 34.6032384], [131.8542127, 34.6032941], [131.8543506, 34.6032996], [131.8545703, 34.6032746], [131.8549714, 34.6031995], [131.855084, 34.6031786], [131.8553768, 34.6031241], [131.8555109, 34.6031009], [131.8559133, 34.6030501], [131.8567917, 34.6029806], [131.8571725, 34.6029372], [131.8574904, 34.602858], [131.8577664, 34.6027561], [131.858004, 34.6026229], [131.8584129, 34.6023205], [131.8587159, 34.6020521], [131.8588664, 34.6018568], [131.8589498, 34.6016738], [131.8589991, 34.6014705], [131.8590056, 34.6012396], [131.8589919, 34.6009919], [131.8589364, 34.6004236], [131.8589549, 34.5999714], [131.8589917, 34.5996763], [131.8591104, 34.5987868], [131.8591569, 34.5984825], [131.8592076, 34.5983299], [131.8593384, 34.5981598], [131.8595144, 34.5980608], [131.8596958, 34.5980349], [131.8598977, 34.5980527], [131.8600962, 34.5981586], [131.8602732, 34.5983574], [131.8605473, 34.5988426], [131.8607278, 34.5990948], [131.8609196, 34.5993002], [131.8613286, 34.5996312], [131.8617127, 34.5999237], [131.8620568, 34.6001209], [131.8626697, 34.6004372], [131.862836, 34.6005023], [131.8630091, 34.6005257], [131.8632156, 34.6005244], [131.8633999, 34.6004788], [131.863542, 34.6004194], [131.8640661, 34.6001496], [131.8641973, 34.6000512], [131.8642952, 34.5999559], [131.8643461, 34.5998787], [131.8643927, 34.5998079], [131.8644405, 34.5996837], [131.8646, 34.5991889], [131.8646954, 34.5988353], [131.8647082, 34.5986447], [131.8646973, 34.5985705], [131.8646626, 34.5984159], [131.8645955, 34.5982173], [131.8645151, 34.5979755], [131.8644819, 34.5978163], [131.8644716, 34.59767], [131.8645192, 34.5974687], [131.864723, 34.5971657], [131.8649405, 34.5970129], [131.865312, 34.5968604], [131.8659752, 34.5966322], [131.8665214, 34.5964421], [131.8667936, 34.5963802], [131.8670793, 34.5963432], [131.8680342, 34.5962311], [131.8691932, 34.596058], [131.8696151, 34.5959646], [131.8699037, 34.5958735], [131.8702135, 34.5957469], [131.8704726, 34.5956085], [131.870935, 34.5953491], [131.8710887, 34.5952376], [131.8712246, 34.5951178], [131.8715605, 34.5947893], [131.8717483, 34.5946718], [131.8719435, 34.5946172], [131.872135, 34.5946222], [131.8727173, 34.5947173], [131.8734333, 34.5948666], [131.8738666, 34.5949837], [131.8743414, 34.5951184], [131.8746592, 34.5952404], [131.8749824, 34.5953867], [131.8753301, 34.5955809], [131.875753, 34.5958624], [131.8763139, 34.5963161], [131.8767983, 34.5967147], [131.8771773, 34.5970308], [131.8773562, 34.5972259], [131.8775003, 34.5974293], [131.8776169, 34.597647], [131.8777478, 34.5978993], [131.8778773, 34.5981001], [131.878067, 34.5982776], [131.8783204, 34.598417], [131.8785927, 34.5985017], [131.8788552, 34.5985312], [131.8790532, 34.5985287], [131.8796146, 34.5984573], [131.8798332, 34.5983977], [131.880036, 34.5983134], [131.8805145, 34.5980439], [131.880772, 34.5979313], [131.8810013, 34.5978466], [131.8815981, 34.5976641], [131.8818931, 34.5975537], [131.8821774, 34.5974246], [131.8825849, 34.5972021], [131.882793, 34.5971122], [131.8830156, 34.5970503], [131.8832597, 34.5970018], [131.8834727, 34.5969432], [131.8837827, 34.5968274], [131.8842479, 34.5966395], [131.8845397, 34.5965042], [131.8850378, 34.5962481], [131.8852966, 34.5961318], [131.885453, 34.5960917], [131.8856066, 34.5961009], [131.885732, 34.5961368], [131.8858572, 34.5962214], [131.8859679, 34.5963567], [131.8860313, 34.5964914], [131.8862837, 34.5970312], [131.8865594, 34.5976327], [131.8867407, 34.5979751], [131.8868794, 34.5981521], [131.8870465, 34.5982926], [131.8872039, 34.5983762], [131.8874222, 34.5984387], [131.8876572, 34.5984619], [131.8879319, 34.5984401], [131.8881537, 34.5984032], [131.888906, 34.5982831], [131.8892237, 34.5982575], [131.8895374, 34.5982625], [131.8898647, 34.598289], [131.8902072, 34.5983562], [131.890572, 34.5984551], [131.8909684, 34.5986146], [131.8913646, 34.5988245], [131.8916309, 34.5989934], [131.8918549, 34.5992284], [131.8919678, 34.5994081], [131.8921898, 34.5999861], [131.8922612, 34.6001888], [131.8924181, 34.6004184], [131.8925716, 34.6005475], [131.8927647, 34.6006766], [131.8931504, 34.6009174], [131.8936029, 34.6011718], [131.8938598, 34.6012982], [131.8940395, 34.6013582], [131.8944284, 34.601455], [131.8952806, 34.6015531], [131.8968553, 34.6017395], [131.8982133, 34.6018955], [131.8986073, 34.6019219], [131.8988697, 34.6019207], [131.8992704, 34.6018923], [131.899648, 34.6018226], [131.8999927, 34.6017333], [131.9004457, 34.6015642], [131.9006458, 34.6014682], [131.9007731, 34.6014054], [131.901108, 34.6011988], [131.901386, 34.6009865], [131.9016378, 34.6007667], [131.9019558, 34.6004818], [131.9021957, 34.6002199], [131.9025582, 34.5997869], [131.9029403, 34.5993103], [131.9030485, 34.5991753], [131.9030824, 34.5991331], [131.9036479, 34.5985787], [131.904267, 34.5981609], [131.9049585, 34.5978344], [131.9087278, 34.596161], [131.9117044, 34.594878], [131.9128656, 34.5945205], [131.9134187, 34.5943592], [131.9136715, 34.594284], [131.9139371, 34.594205], [131.9140679, 34.5941644], [131.9152484, 34.5938124], [131.9159943, 34.5935576], [131.9236416, 34.5907634], [131.9239864, 34.5906531], [131.9243366, 34.5905515], [131.9247856, 34.5904467], [131.9252858, 34.5903758], [131.925974, 34.5903467], [131.9270842, 34.5903922], [131.9273006, 34.5904041], [131.9274987, 34.5904043], [131.9274491, 34.5903469], [131.9273519, 34.5902891], [131.926904, 34.5901997], [131.9268187, 34.5901494], [131.9266844, 34.5900146], [131.926513, 34.5897585], [131.9263476, 34.5894611], [131.9262059, 34.5891368], [131.9261067, 34.588788], [131.9260577, 34.5886233], [131.9260133, 34.5885089], [131.9259605, 34.5884308], [131.9258937, 34.5883506], [131.9258129, 34.588304], [131.9256988, 34.5882681], [131.9255783, 34.5882691], [131.9254404, 34.5882925], [131.9247053, 34.5884813], [131.9241004, 34.5886411], [131.9238844, 34.58869], [131.9236967, 34.5887052], [131.9234441, 34.5886917], [131.922859, 34.5886145], [131.9226888, 34.5885849], [131.9225071, 34.5885396], [131.9223867, 34.5884701], [131.922101, 34.5881975], [131.921909, 34.5880691], [131.9217266, 34.5879809], [131.9215837, 34.5879139], [131.9212773, 34.5878252], [131.9211183, 34.5877889], [131.9209204, 34.5877798], [131.9207342, 34.5878053], [131.9206031, 34.5878483], [131.9204968, 34.5879124], [131.920024, 34.588231], [131.9198008, 34.5883883], [131.9196774, 34.5884645], [131.9195111, 34.5885407], [131.9193113, 34.5886339], [131.9186067, 34.5889725], [131.9183893, 34.5890767], [131.9182326, 34.5891786], [131.9181418, 34.5892561], [131.9180463, 34.5893732], [131.9173935, 34.5901544], [131.9172222, 34.5903152], [131.9170623, 34.5904396], [131.9168488, 34.5905722], [131.9166639, 34.5906858], [131.9165996, 34.5907477], [131.9165111, 34.5908647], [131.9164011, 34.5909453], [131.916176, 34.5911079], [131.9160765, 34.5911992], [131.9158818, 34.5914497], [131.9155884, 34.5918175], [131.9154368, 34.5920416], [131.9151174, 34.5925482], [131.9147247, 34.5930368], [131.914291, 34.5936137], [131.9140877, 34.5938361], [131.9138156, 34.5940712], [131.9136676, 34.5941735], [131.9136002, 34.5942038], [131.9135244, 34.5942192], [131.9134419, 34.5942214], [131.9133614, 34.594236], [131.9134187, 34.5943592]], [[131.9512124, 34.6035758], [131.9510445, 34.6035767], [131.9504654, 34.6035567], [131.9499155, 34.6034846], [131.9495086, 34.603391], [131.9490845, 34.6032564], [131.9484565, 34.6029937], [131.9479015, 34.6026367], [131.9474458, 34.6023031], [131.9465706, 34.6016573], [131.9456479, 34.6009855], [131.9451359, 34.6006673], [131.9445287, 34.6003554], [131.9443221, 34.6002324], [131.9441687, 34.6001237], [131.9440399, 34.6000254], [131.9439232, 34.5998985], [131.9438326, 34.5998284], [131.9437395, 34.5997881], [131.9436376, 34.5997219], [131.9434351, 34.5995585], [131.94318, 34.5993482], [131.9426677, 34.5989963], [131.9424064, 34.59882], [131.9422842, 34.5987481], [131.9421855, 34.5987022], [131.9420221, 34.5986494], [131.9412725, 34.5984594], [131.9405804, 34.5982783], [131.9404139, 34.5982365], [131.9402952, 34.59822], [131.9401319, 34.5982283], [131.9399286, 34.5982725], [131.9398392, 34.5982942], [131.9395161, 34.5983926], [131.9393527, 34.5984115], [131.9391841, 34.5984008], [131.9389933, 34.5983353], [131.9388759, 34.5982588], [131.9383716, 34.5978751], [131.9382758, 34.5977999], [131.9382126, 34.5977291], [131.9381189, 34.5975847], [131.9380465, 34.5974698], [131.9379698, 34.5972995], [131.9378842, 34.5968693], [131.9377587, 34.5962538], [131.9375315, 34.5951405], [131.9374814, 34.5947712], [131.937447, 34.5943302], [131.9374457, 34.5940763], [131.9374686, 34.5938231], [131.9375437, 34.593355], [131.9376687, 34.5928443], [131.9377271, 34.5925042], [131.937725, 34.5923979], [131.9377086, 34.5923242], [131.9376577, 34.592253], [131.9375807, 34.5921991], [131.9374667, 34.5921704], [131.9373258, 34.5921849], [131.9371875, 34.5922499], [131.9371058, 34.5923147], [131.9369683, 34.5924366], [131.9366252, 34.592702], [131.9364828, 34.5928133], [131.936355, 34.592875], [131.9362001, 34.5929122], [131.9360341, 34.5929299], [131.9359128, 34.5929292], [131.9357718, 34.5929025], [131.9355924, 34.5928945], [131.9352189, 34.5929004], [131.9347328, 34.5928887], [131.9342484, 34.5928308], [131.9339068, 34.5927129], [131.9335872, 34.5925491], [131.933379, 34.5923807], [131.9332052, 34.5921298], [131.9330169, 34.5917627], [131.932856, 34.5913347], [131.9327626, 34.5911175], [131.9326808, 34.5909486], [131.9325537, 34.5907517], [131.9324763, 34.5906288], [131.932383, 34.5905313], [131.9322583, 34.590433], [131.9319822, 34.5901956], [131.9317594, 34.5900013], [131.9315762, 34.5898753], [131.9311912, 34.5896772], [131.9310342, 34.5896137], [131.930889, 34.5895934], [131.9307443, 34.5895953], [131.9306039, 34.5896287], [131.930382, 34.5897114], [131.9301619, 34.5898146], [131.9299004, 34.5899551], [131.929676, 34.590035], [131.9294459, 34.5900923], [131.9291571, 34.5901528], [131.9283517, 34.5903016], [131.9280647, 34.5903557], [131.9277208, 34.5903982], [131.9274987, 34.5904043]], [[131.9965013, 34.5884008], [131.9967268, 34.5883136], [131.9974363, 34.5879706], [131.9977547, 34.5877938], [131.9979958, 34.5876321], [131.9981956, 34.5874411], [131.9983319, 34.5872834], [131.9986191, 34.5868813], [131.998828, 34.586546], [131.998888, 34.586118], [131.998896, 34.585482], [131.998937, 34.585302], [131.998998, 34.585149], [131.999087, 34.585037], [131.999271, 34.584891], [131.999834, 34.584569], [132.000086, 34.584356], [132.00044, 34.583962], [132.000671, 34.583747], [132.000821, 34.583584], [132.001079, 34.583179], [132.001258, 34.582962], [132.001408, 34.582799], [132.001556, 34.582655], [132.001884, 34.582336], [132.002164, 34.582117], [132.002545, 34.581855], [132.002687, 34.581758], [132.002873, 34.581656], [132.003259, 34.581454], [132.00364, 34.581284], [132.004166, 34.5811], [132.004775, 34.580921], [132.005113, 34.580844], [132.005366, 34.5807765], [132.00593, 34.5806272], [132.0063113, 34.5805307], [132.0067614, 34.5804543], [132.0072141, 34.5803755], [132.0074169, 34.5803287], [132.0077263, 34.5802527], [132.0080663, 34.5801544], [132.0082699, 34.5801132], [132.0086105, 34.5800372], [132.0088534, 34.5800138], [132.0090969, 34.5800236], [132.0096356, 34.5801352], [132.0099638, 34.5802425], [132.0102095, 34.5803838], [132.0105764, 34.580495], [132.0113054, 34.5805869], [132.0120345, 34.580564], [132.0123778, 34.5804721], [132.012764, 34.5802672], [132.0130644, 34.5799774], [132.0132275, 34.5796806], [132.0133391, 34.5793979], [132.0133219, 34.5792283], [132.0131074, 34.578239], [132.01297, 34.5774899], [132.0129185, 34.5769528], [132.0129185, 34.5767267], [132.0129958, 34.5764228], [132.0131245, 34.5761472], [132.013279, 34.5759563], [132.0138627, 34.5753839], [132.0141006, 34.5751339], [132.0145004, 34.5748385], [132.0147296, 34.5746489], [132.0155364, 34.5739987], [132.0156499, 34.5739117], [132.0158934, 34.5736947], [132.0166016, 34.5731753], [132.0168619, 34.5730172], [132.0170255, 34.5729519], [132.0171179, 34.5728998], [132.0176726, 34.5725943], [132.0183945, 34.5722178], [132.0186166, 34.5721229], [132.0195017, 34.5717231], [132.01999, 34.5715118], [132.020712, 34.571193], [132.0209407, 34.5710794], [132.0210517, 34.5710169], [132.0211299, 34.5709429], [132.0211784, 34.5708533], [132.0212097, 34.5707036], [132.0213145, 34.5702005], [132.0213555, 34.5700191], [132.0214719, 34.5694517], [132.0214958, 34.5693705], [132.0215923, 34.5689594], [132.0215992, 34.5689154], [132.0216218, 34.5688523], [132.0216473, 34.5685838], [132.0216185, 34.5683636], [132.0215277, 34.5680594], [132.0214499, 34.5679035], [132.0214153, 34.5677628], [132.021417, 34.5676602], [132.0215927, 34.5669444], [132.0217727, 34.566448], [132.0221882, 34.5655317], [132.0225435, 34.5648483], [132.0226544, 34.5646584], [132.0229865, 34.5642948], [132.0232171, 34.5640613], [132.0232766, 34.5639918], [132.0233373, 34.5638344], [132.0237738, 34.562646], [132.023949, 34.562005], [132.0240255, 34.5615528], [132.0243851, 34.5600809], [132.0245789, 34.5594104], [132.0246213, 34.5592151], [132.0246298, 34.5590525], [132.0246199, 34.5587985], [132.024309, 34.5566597], [132.0243098, 34.5564777], [132.0244937, 34.5551452], [132.0245611, 34.5549751], [132.0246511, 34.5548214], [132.0248776, 34.5544529], [132.0250418, 34.5542856], [132.0253227, 34.554065], [132.025553, 34.5538876], [132.0257835, 34.5536087], [132.0262783, 34.5528528], [132.0265125, 34.5525422], [132.0268563, 34.5520188], [132.027179, 34.551531], [132.0272915, 34.5513354], [132.0274417, 34.551173], [132.0279427, 34.5508211], [132.0283328, 34.5505615], [132.0285388, 34.5504698], [132.0289206, 34.5503608], [132.0297834, 34.5501123], [132.0301344, 34.5500514], [132.0304016, 34.5500589], [132.030927, 34.550091], [132.031417, 34.550103], [132.031672, 34.550096], [132.031807, 34.550087], [132.031837, 34.550073], [132.031892, 34.549786], [132.031904, 34.549739], [132.031977, 34.549744], [132.03213, 34.54975], [132.032397, 34.549787], [132.032757, 34.549787], [132.033105, 34.549736], [132.033437, 34.549685], [132.033615, 34.549663], [132.034037, 34.549607], [132.034588, 34.549561], [132.034914, 34.549528], [132.035214, 34.549483], [132.035514, 34.549425], [132.035908, 34.54936], [132.036125, 34.549331], [132.036567, 34.549235], [132.03717, 34.549149], [132.03735, 34.549126], [132.037504, 34.549104], [132.037664, 34.549071], [132.037813, 34.549028], [132.037893, 34.548987], [132.037955, 34.548937], [132.038315, 34.548599], [132.038438, 34.548434], [132.038499, 34.548299], [132.038506, 34.548237], [132.038486, 34.548109], [132.038458, 34.548019], [132.038356, 34.547912], [132.038261, 34.547844], [132.037914, 34.547636], [132.037812, 34.547567], [132.037696, 34.547432], [132.037601, 34.547247], [132.037586, 34.547189], [132.037586, 34.547141], [132.037634, 34.547119], [132.0377312, 34.547115], [132.037866, 34.54714], [132.037948, 34.547191], [132.038206, 34.547382], [132.038588, 34.547681], [132.03888, 34.547877], [132.038941, 34.547922], [132.039009, 34.548002], [132.039009, 34.548299], [132.038968, 34.548509], [132.03889, 34.548711], [132.038805, 34.548852], [132.038465, 34.549252], [132.038397, 34.549303], [132.038295, 34.549348], [132.038064, 34.549421], [132.037948, 34.549477], [132.037873, 34.549528], [132.037785, 34.549562], [132.037615, 34.549573], [132.037404, 34.549641], [132.037295, 34.549697], [132.037234, 34.549787], [132.037241, 34.549888], [132.037336, 34.550096], [132.037458, 34.550299], [132.03771, 34.550502], [132.037758, 34.550536], [132.037805, 34.550603], [132.037833, 34.550648], [132.037833, 34.550686], [132.037833, 34.55084], [132.037812, 34.550919], [132.037737, 34.551014], [132.037594, 34.551144], [132.037288, 34.551381], [132.03722, 34.55142], [132.037159, 34.55151], [132.037166, 34.551572], [132.037206, 34.551623], [132.037268, 34.551679], [132.037329, 34.551696], [132.037377, 34.551685], [132.037553, 34.551555], [132.038349, 34.551065], [132.038526, 34.550975], [132.038785, 34.550879], [132.038914, 34.55084], [132.039075, 34.550843], [132.0392, 34.550857], [132.039377, 34.550896], [132.039669, 34.550998], [132.040098, 34.551206], [132.040485, 34.551426], [132.040601, 34.551482], [132.040948, 34.551651], [132.04107, 34.551707], [132.041179, 34.551724], [132.041424, 34.55173], [132.04173, 34.551679], [132.042043, 34.551539], [132.042253, 34.551415], [132.04239, 34.551353], [132.042736, 34.551144], [132.043532, 34.550626], [132.043607, 34.550553], [132.043681, 34.550446], [132.044266, 34.54932], [132.044482, 34.548969], [132.044607, 34.548767], [132.044825, 34.548537], [132.04488, 34.548452], [132.04509, 34.548029], [132.045586, 34.547753], [132.045722, 34.547658], [132.045845, 34.547539], [132.045975, 34.547382], [132.046151, 34.547032], [132.046225, 34.546841], [132.0463, 34.546706], [132.046355, 34.546656], [132.046756, 34.54638], [132.046975, 34.546211], [132.047157, 34.546037], [132.047225, 34.545992], [132.0473, 34.545964], [132.047348, 34.545952], [132.047457, 34.545941], [132.047702, 34.545998], [132.047845, 34.54602], [132.048076, 34.54602], [132.04828, 34.545981], [132.04843, 34.545969], [132.048866, 34.546059], [132.049084, 34.546065], [132.049512, 34.546009], [132.049906, 34.54593], [132.05007, 34.545919], [132.050117, 34.545952], [132.050165, 34.54602], [132.050321, 34.546369], [132.050369, 34.546431], [132.050655, 34.546538], [132.050927, 34.546662], [132.051036, 34.54669], [132.051151, 34.546696], [132.051628, 34.546696], [132.051689, 34.546679], [132.051927, 34.546628], [132.052056, 34.546639], [132.052158, 34.546673], [132.05224, 34.546741], [132.052287, 34.546803], [132.052274, 34.54687], [132.052144, 34.547011], [132.051893, 34.547225], [132.05188, 34.547248], [132.051838, 34.547321], [132.051837, 34.547416], [132.051916, 34.547486], [132.052206, 34.547681], [132.052478, 34.547862], [132.052899, 34.548154], [132.053015, 34.548195], [132.053144, 34.548199], [132.05326, 34.548166], [132.053329, 34.548154], [132.053381, 34.548164], [132.053409, 34.548188], [132.053586, 34.548543], [132.053688, 34.548695], [132.053865, 34.548875], [132.053967, 34.548994], [132.053961, 34.549067], [132.053899, 34.549157], [132.053852, 34.549219], [132.05362, 34.549606], [132.053525, 34.549696], [132.053464, 34.549786], [132.053471, 34.549871], [132.053505, 34.54991], [132.05362, 34.549972], [132.054049, 34.550051], [132.054566, 34.550124], [132.054641, 34.550152], [132.054711, 34.550202], [132.054748, 34.550248], [132.054898, 34.550794], [132.054918, 34.550918], [132.055027, 34.551335], [132.055082, 34.551392], [132.05515, 34.551437], [132.055218, 34.551459], [132.05549, 34.551453], [132.055701, 34.551425], [132.055925, 34.551392], [132.056287, 34.551324], [132.056457, 34.55133], [132.05651, 34.551341], [132.056579, 34.551386], [132.056749, 34.551662], [132.056932, 34.552022], [132.057062, 34.552343], [132.057062, 34.552466], [132.057047, 34.55258], [132.057014, 34.552923], [132.057042, 34.552963], [132.057104, 34.553029], [132.057137, 34.553064], [132.057157, 34.553526], [132.057198, 34.553627], [132.057285, 34.553769], [132.057375, 34.553859], [132.057477, 34.553915], [132.05762, 34.553961], [132.057701, 34.553972], [132.057953, 34.553961], [132.058151, 34.553915], [132.058317, 34.553862], [132.058497, 34.55379], [132.058736, 34.553678], [132.059157, 34.553458], [132.059293, 34.553408], [132.059388, 34.553391], [132.059513, 34.553383], [132.059626, 34.553393], [132.059747, 34.553439], [132.059933, 34.553565], [132.060273, 34.553796], [132.060324, 34.553814], [132.060368, 34.553819], [132.060688, 34.553802], [132.060939, 34.553779], [132.061082, 34.55374], [132.061196, 34.553677], [132.061279, 34.553622], [132.061327, 34.553577], [132.061409, 34.553368], [132.06147, 34.553267], [132.06164, 34.553115], [132.061966, 34.552873], [132.062177, 34.55276], [132.062299, 34.552705], [132.062449, 34.552666], [132.062566, 34.552651], [132.062905, 34.552666], [132.063129, 34.552694], [132.063253, 34.552701], [132.063381, 34.552694], [132.063681, 34.552637], [132.063904, 34.552643], [132.064373, 34.552739], [132.064516, 34.552733], [132.064679, 34.55266], [132.064978, 34.552457], [132.065087, 34.552344], [132.06538, 34.551871], [132.065523, 34.551714], [132.065686, 34.551646], [132.065687, 34.551646], [132.065829, 34.551612], [132.065987, 34.551602], [132.066176, 34.551601], [132.066271, 34.551635], [132.066531, 34.551776], [132.066849, 34.552001], [132.067129, 34.552215], [132.067421, 34.552389], [132.067666, 34.552598], [132.067775, 34.552711], [132.067891, 34.552801], [132.068435, 34.55302], [132.068734, 34.553122], [132.068911, 34.553122], [132.069081, 34.553093], [132.069374, 34.552958], [132.069489, 34.552913], [132.069591, 34.552896], [132.070061, 34.552879], [132.070349, 34.55283], [132.070591, 34.552773], [132.070829, 34.552699], [132.071095, 34.552649], [132.071374, 34.552649], [132.071489, 34.552671], [132.071686, 34.552733], [132.072108, 34.552941], [132.072904, 34.553426], [132.073053, 34.553471], [132.073202, 34.553471], [132.073379, 34.553443], [132.073522, 34.553403], [132.073651, 34.553403], [132.073808, 34.553448], [132.074032, 34.553544], [132.074387, 34.553768], [132.074808, 34.554089], [132.074972, 34.554218], [132.075045, 34.554292], [132.075127, 34.554427], [132.07514, 34.554488], [132.075175, 34.554647], [132.075168, 34.55477], [132.075045, 34.555182], [132.075005, 34.55534], [132.074957, 34.555616], [132.074957, 34.555752], [132.074996, 34.555802], [132.075086, 34.555857], [132.075455, 34.556032], [132.075495, 34.556095], [132.075577, 34.556359], [132.075603, 34.556472], [132.075659, 34.556607], [132.076149, 34.556872], [132.07623, 34.556906], [132.076414, 34.557024], [132.076781, 34.557334], [132.077121, 34.55748], [132.077359, 34.557564], [132.07757, 34.557632], [132.078094, 34.557767], [132.078291, 34.557829], [132.078386, 34.557869], [132.078638, 34.557998], [132.078971, 34.558246], [132.079094, 34.55837], [132.079298, 34.558623], [132.079413, 34.558803], [132.079488, 34.558933], [132.079549, 34.559091], [132.079672, 34.559524], [132.079733, 34.559699], [132.079788, 34.559794], [132.079869, 34.559868], [132.079958, 34.559913], [132.080318, 34.560025], [132.080869, 34.560234], [132.081228, 34.560391], [132.081371, 34.560487], [132.081606, 34.560656], [132.081881, 34.560853], [132.082031, 34.560915], [132.082521, 34.560966], [132.082609, 34.561], [132.08265, 34.561107], [132.082677, 34.561253], [132.08276, 34.56136], [132.082902, 34.561501], [132.083107, 34.561653], [132.083549, 34.561833], [132.083957, 34.561974], [132.084372, 34.562086], [132.084657, 34.562255], [132.084957, 34.56248], [132.085297, 34.562767], [132.08536, 34.562816], [132.0854, 34.562832], [132.085405, 34.562793], [132.085386, 34.562733], [132.085188, 34.562216], [132.085004, 34.56203], [132.084868, 34.561946], [132.084678, 34.561855], [132.08452, 34.561816], [132.084399, 34.561788], [132.084086, 34.561743], [132.083949, 34.561692], [132.083827, 34.561596], [132.083657, 34.561399], [132.083582, 34.561264], [132.083542, 34.56114], [132.083542, 34.560988], [132.083779, 34.5606], [132.083807, 34.560543], [132.08382, 34.560251], [132.083801, 34.55998], [132.08376, 34.559918], [132.083692, 34.559873], [132.083529, 34.559828], [132.083229, 34.559828], [132.083052, 34.559918], [132.08293, 34.560025], [132.082836, 34.560132], [132.082739, 34.560217], [132.082644, 34.560211], [132.082541, 34.560172], [132.082487, 34.560121], [132.082337, 34.559749], [132.082283, 34.559682], [132.082201, 34.559614], [132.08163, 34.5594], [132.081508, 34.559316], [132.081311, 34.559102], [132.081032, 34.558921], [132.080964, 34.558859], [132.08093, 34.558792], [132.080889, 34.558646], [132.080862, 34.558487], [132.080857, 34.558261], [132.080879, 34.5581], [132.080917, 34.557931], [132.080971, 34.557767], [132.080991, 34.557649], [132.080991, 34.557491], [132.080951, 34.557413], [132.080883, 34.557334], [132.08074, 34.557227], [132.080583, 34.557136], [132.080441, 34.557103], [132.080253, 34.557099], [132.080121, 34.557097], [132.079896, 34.557114], [132.079788, 34.557086], [132.079631, 34.556973], [132.079577, 34.556917], [132.079509, 34.556816], [132.079475, 34.55672], [132.07942, 34.556449], [132.079305, 34.556347], [132.079033, 34.556145], [132.07891, 34.556089], [132.078448, 34.555965], [132.078257, 34.555887], [132.078179, 34.555839], [132.078094, 34.555757], [132.078077, 34.555686], [132.07808, 34.555587], [132.078121, 34.555475], [132.078379, 34.555081], [132.07857, 34.5548], [132.078829, 34.554388], [132.078869, 34.554286], [132.078869, 34.554112], [132.078849, 34.554033], [132.078645, 34.55347], [132.07859, 34.553396], [132.078522, 34.553335], [132.078454, 34.553307], [132.078339, 34.553295], [132.078176, 34.553295], [132.078053, 34.553329], [132.077917, 34.553402], [132.077761, 34.553515], [132.077529, 34.553705], [132.077446, 34.553761], [132.077377, 34.553753], [132.077312, 34.553678], [132.077271, 34.553599], [132.077264, 34.55347], [132.077291, 34.553312], [132.077305, 34.553267], [132.077339, 34.553093], [132.077346, 34.552857], [132.077305, 34.552778], [132.0771, 34.552581], [132.07704, 34.552316], [132.077013, 34.552249], [132.076978, 34.552209], [132.076917, 34.55217], [132.076835, 34.552164], [132.07678, 34.55217], [132.076685, 34.552198], [132.076318, 34.55235], [132.076182, 34.552356], [132.076093, 34.552305], [132.075992, 34.552221], [132.075917, 34.552068], [132.075857, 34.551963], [132.07578, 34.551826], [132.07566, 34.551679], [132.075578, 34.551633], [132.075468, 34.551595], [132.075256, 34.551522], [132.075087, 34.551432], [132.075005, 34.55137], [132.074706, 34.551072], [132.074542, 34.550982], [132.07444, 34.550982], [132.074325, 34.551004], [132.073972, 34.551122], [132.073849, 34.551134], [132.073713, 34.551111], [132.073604, 34.551077], [132.073373, 34.550976], [132.073305, 34.550931], [132.073245, 34.550871], [132.073174, 34.550773], [132.073142, 34.550661], [132.073149, 34.550503], [132.073224, 34.550396], [132.073408, 34.550221], [132.073455, 34.550148], [132.073496, 34.549878], [132.073483, 34.549653], [132.073326, 34.549529], [132.07321, 34.549383], [132.073183, 34.549315], [132.073163, 34.549151], [132.073163, 34.548853], [132.073197, 34.548763], [132.073258, 34.54869], [132.073299, 34.54865], [132.073571, 34.548476], [132.073877, 34.548318], [132.074231, 34.54816], [132.074339, 34.548098], [132.074435, 34.547997], [132.074598, 34.547789], [132.074672, 34.547732], [132.074931, 34.547591], [132.075176, 34.547338], [132.075285, 34.547254], [132.07555, 34.547124], [132.075767, 34.547034], [132.075855, 34.547006], [132.076005, 34.546939], [132.076066, 34.546865], [132.076093, 34.54682], [132.076087, 34.546753], [132.076005, 34.546657], [132.075889, 34.546595], [132.075775, 34.54655], [132.075598, 34.546499], [132.07538, 34.546505], [132.075128, 34.546575], [132.074734, 34.546685], [132.074156, 34.546741], [132.073448, 34.546809], [132.073326, 34.546809], [132.073115, 34.546826], [132.072924, 34.54682], [132.07268, 34.546781], [132.072544, 34.546786], [132.072251, 34.546978], [132.072108, 34.547029], [132.071891, 34.547079], [132.071762, 34.547091], [132.071612, 34.54704], [132.071476, 34.546961], [132.071381, 34.546944], [132.071265, 34.546984], [132.070843, 34.54718], [132.070591, 34.547265], [132.070469, 34.547254], [132.070415, 34.547231], [132.070367, 34.547118], [132.070299, 34.546893], [132.070251, 34.546803], [132.070047, 34.546567], [132.069857, 34.546375], [132.069803, 34.546302], [132.069816, 34.546173], [132.069905, 34.54593], [132.069932, 34.545677], [132.069925, 34.545531], [132.069803, 34.545345], [132.069809, 34.54527], [132.069857, 34.545209], [132.070279, 34.5449], [132.070421, 34.544742], [132.070529, 34.544533], [132.070619, 34.544392], [132.070694, 34.544325], [132.070891, 34.544223], [132.070947, 34.544182], [132.070971, 34.54414], [132.070988, 34.544082], [132.070973, 34.544015], [132.07087, 34.54384], [132.070857, 34.543772], [132.070952, 34.543447], [132.070959, 34.543317], [132.070932, 34.543232], [132.070909, 34.543192], [132.070885, 34.543165], [132.070836, 34.543142], [132.070744, 34.543138], [132.070673, 34.543153], [132.070562, 34.543202], [132.070476, 34.543238], [132.070257, 34.54335], [132.070136, 34.543385], [132.070007, 34.543385], [132.069864, 34.543357], [132.06953, 34.543222], [132.06949, 34.54321], [132.069155, 34.543198], [132.068999, 34.543177], [132.068888, 34.543137], [132.068753, 34.543077], [132.068658, 34.543017], [132.068598, 34.54295], [132.068595, 34.542837], [132.068612, 34.542692], [132.068638, 34.542568], [132.068672, 34.542225], [132.068666, 34.54196], [132.068633, 34.541878], [132.068577, 34.54179], [132.068455, 34.54174], [132.068318, 34.541697], [132.068054, 34.54165], [132.067924, 34.54161], [132.067829, 34.541543], [132.067802, 34.541441], [132.067788, 34.5413], [132.067809, 34.541188], [132.067863, 34.541126], [132.067992, 34.541086], [132.068088, 34.54107], [132.068442, 34.541048], [132.068543, 34.541009], [132.068605, 34.54093], [132.068598, 34.540862], [132.068543, 34.540721], [132.068482, 34.540609], [132.068482, 34.540558], [132.068489, 34.540502], [132.068543, 34.540395], [132.068788, 34.540113], [132.069223, 34.539691], [132.069366, 34.539511], [132.069407, 34.539415], [132.0694, 34.539342], [132.06938, 34.539302], [132.069305, 34.539229], [132.06923, 34.539201], [132.068822, 34.539201], [132.06868, 34.539218], [132.068373, 34.539314], [132.068271, 34.539331], [132.068034, 34.539325], [132.067871, 34.539309], [132.067674, 34.539274], [132.067599, 34.539229], [132.067463, 34.539066], [132.067408, 34.538959], [132.0674, 34.538698], [132.067403, 34.538415], [132.067405, 34.538382], [132.067418, 34.538174], [132.067434, 34.537938], [132.067422, 34.537726], [132.06741, 34.537591], [132.067388, 34.537494], [132.067366, 34.537453], [132.067329, 34.537436], [132.067271, 34.537444], [132.067164, 34.537503], [132.067061, 34.537573], [132.066939, 34.537694], [132.066823, 34.537816], [132.066674, 34.537939], [132.066368, 34.538103], [132.066244, 34.538203], [132.066176, 34.538245], [132.065893, 34.538364], [132.065803, 34.538385], [132.065742, 34.538379], [132.065605, 34.538323], [132.065504, 34.538294], [132.065352, 34.53828], [132.065284, 34.538259], [132.065254, 34.538224], [132.065232, 34.538159], [132.065224, 34.538093], [132.065233, 34.538011], [132.065266, 34.537906], [132.065293, 34.53772], [132.065279, 34.537506], [132.065245, 34.537433], [132.065164, 34.537359], [132.064912, 34.537202], [132.064722, 34.537078], [132.064368, 34.53682], [132.064327, 34.536773], [132.064319, 34.53673], [132.064327, 34.536678], [132.064382, 34.536503], [132.064383, 34.536414], [132.064399, 34.536295], [132.06445, 34.536177], [132.064497, 34.536109], [132.064673, 34.535914], [132.064697, 34.535853], [132.064687, 34.535803], [132.064663, 34.535776], [132.064613, 34.535749], [132.064549, 34.53573], [132.064462, 34.535684], [132.064368, 34.535597], [132.064259, 34.535451], [132.064171, 34.535293], [132.064127, 34.535227], [132.064062, 34.535203], [132.063998, 34.535198], [132.063926, 34.535214], [132.063888, 34.535235], [132.063851, 34.535276], [132.063405, 34.5359], [132.063283, 34.536065], [132.063212, 34.53612], [132.063089, 34.536188], [132.06302, 34.536244], [132.062899, 34.536374], [132.062762, 34.536548], [132.062442, 34.537019], [132.062307, 34.537219], [132.062212, 34.537333], [132.062135, 34.537401], [132.062085, 34.537414], [132.062037, 34.537408], [132.06201, 34.537367], [132.062004, 34.537284], [132.062027, 34.5371], [132.062032, 34.536956], [132.062, 34.536797], [132.061944, 34.536595], [132.061919, 34.536508], [132.061932, 34.536453], [132.061963, 34.536423], [132.062037, 34.536392], [132.062139, 34.536377], [132.062225, 34.53637], [132.06229, 34.536348], [132.062332, 34.536313], [132.062354, 34.536262], [132.062364, 34.536167], [132.062354, 34.535636], [132.062367, 34.535492], [132.062389, 34.535355], [132.062429, 34.535231], [132.062605, 34.535011], [132.06266, 34.534887], [132.0627, 34.534656], [132.062715, 34.534481], [132.062735, 34.53443], [132.062774, 34.534384], [132.06286, 34.534352], [132.063164, 34.534341], [132.063319, 34.534331], [132.063443, 34.534307], [132.063504, 34.534262], [132.063545, 34.534194], [132.063552, 34.534135], [132.063538, 34.534082], [132.063524, 34.534054], [132.063327, 34.533896], [132.063197, 34.533812], [132.063042, 34.533682], [132.062974, 34.533569], [132.062952, 34.533485], [132.062952, 34.533282], [132.0629664, 34.5331418], [132.063007, 34.533001], [132.0630655, 34.5326143], [132.0630802, 34.5324403], [132.0630769, 34.53237], [132.063125, 34.53232], [132.0631656, 34.5322845], [132.0632694, 34.5322287], [132.0636163, 34.5322091], [132.063742, 34.532207], [132.0638513, 34.5322733], [132.0639825, 34.5323449], [132.064062, 34.532415], [132.064093, 34.5325183], [132.0640751, 34.5326479], [132.0641016, 34.5328189], [132.064137, 34.532911], [132.0642487, 34.5329325], [132.0643214, 34.5329052], [132.0643597, 34.5328499], [132.0644047, 34.5327751], [132.0643959, 34.5326692], [132.0643866, 34.5324991], [132.0643083, 34.5320914], [132.0642913, 34.5318387], [132.0642941, 34.5317809], [132.0643204, 34.5317132], [132.0643597, 34.531677], [132.0644154, 34.5316794], [132.0644967, 34.5317288], [132.0645452, 34.5317582], [132.0646447, 34.5317796], [132.064756, 34.5317655], [132.0648176, 34.5317278], [132.0649032, 34.5316407], [132.0649651, 34.5315528], [132.0650321, 34.5314528], [132.0652262, 34.5312949], [132.0652954, 34.5311438], [132.0653336, 34.5309467], [132.065346, 34.5307698], [132.0653367, 34.5305293], [132.0653176, 34.5302163], [132.0652851, 34.5299583], [132.065293, 34.529807], [132.065341, 34.529689], [132.0654183, 34.5294644], [132.0655235, 34.5292364], [132.0656397, 34.5289948], [132.0657116, 34.5288375], [132.065851, 34.52867], [132.066034, 34.528462], [132.066456, 34.5280898], [132.0665722, 34.527953], [132.0666082, 34.5278595], [132.0666109, 34.5278094], [132.066622, 34.5277], [132.0666441, 34.527586], [132.0667188, 34.5274059], [132.0667991, 34.5272554], [132.0669485, 34.5270229], [132.0671256, 34.5268816], [132.067347, 34.5266718], [132.0673995, 34.5265784], [132.0674217, 34.5264439], [132.0674521, 34.5262911], [132.0674742, 34.5261589], [132.0675462, 34.5259697], [132.0676956, 34.5258147], [132.0677814, 34.5255456], [132.0679317, 34.5253165], [132.0680896, 34.5250746], [132.0682558, 34.5248829], [132.0683971, 34.5247596], [132.0684525, 34.5247003], [132.0686021, 34.5245907], [132.0686713, 34.5245314], [132.0688098, 34.5244834], [132.068976, 34.5244655], [132.069149, 34.52447], [132.069571, 34.524577], [132.0699069, 34.5246569], [132.0701341, 34.5246843], [132.070339, 34.524712], [132.0705192, 34.524714], [132.0709292, 34.5247756], [132.0711203, 34.5248075], [132.0712588, 34.5247596], [132.0714666, 34.5247117], [132.072088, 34.524492], [132.07253, 34.524317], [132.072747, 34.52421], [132.0732812, 34.5239904], [132.0736164, 34.5237804], [132.0739461, 34.523607], [132.074176, 34.5234335], [132.074394, 34.523288], [132.0745666, 34.5232075], [132.0748714, 34.5230797], [132.0752093, 34.5229724], [132.0753645, 34.5229382], [132.075539, 34.5229222], [132.0757579, 34.5228903], [132.0759352, 34.5228104], [132.0760349, 34.5227351], [132.076115, 34.52264], [132.07619, 34.52251], [132.07619, 34.522358], [132.076179, 34.5220435], [132.0761956, 34.5219225], [132.0762842, 34.5217353], [132.0764206, 34.5214906], [132.0764678, 34.5214037], [132.0765731, 34.5211386], [132.0766064, 34.5210198], [132.0766591, 34.520917], [132.0767895, 34.5207639], [132.0769476, 34.5205742], [132.0771029, 34.5203754], [132.077285, 34.520157], [132.077489, 34.519948], [132.0776604, 34.5197241], [132.0777408, 34.5196052], [132.0778684, 34.5193333], [132.0779128, 34.5192762], [132.0780182, 34.5192213]], [[131.9965013, 34.5884008], [131.9962049, 34.5884678], [131.995903, 34.5884979], [131.9956044, 34.5885102], [131.9951937, 34.5885296], [131.9946375, 34.5886661], [131.9913425, 34.5897781], [131.9904669, 34.590209], [131.9898763, 34.5905462], [131.9895094, 34.5908097], [131.9889028, 34.5913184], [131.9885925, 34.5915652], [131.988434, 34.5916343], [131.9882652, 34.5916688], [131.9880925, 34.5916705], [131.9879115, 34.5916339], [131.9877409, 34.5915553], [131.9874067, 34.5913422], [131.9867348, 34.5908946], [131.9865315, 34.5907764], [131.986285, 34.5906789], [131.9860157, 34.5906122], [131.9857362, 34.5905787], [131.9851631, 34.5905612], [131.9849262, 34.5905589], [131.9846821, 34.5905316], [131.9844409, 34.5904638], [131.9837447, 34.5901348], [131.9834907, 34.5899928], [131.9833611, 34.5898804], [131.9832418, 34.5897347], [131.9831734, 34.5895726], [131.9830675, 34.589237], [131.9829896, 34.5890298], [131.9829025, 34.588849], [131.9827651, 34.5886642], [131.9826329, 34.5885329], [131.9824357, 34.5883784], [131.9820496, 34.5881197], [131.9815841, 34.5878229], [131.9810965, 34.5875538], [131.980363, 34.5871498], [131.9801747, 34.5870553], [131.9799371, 34.5869781], [131.9797535, 34.5869386], [131.9794582, 34.5868869], [131.9793072, 34.5868601], [131.9791375, 34.5868091], [131.9789403, 34.5867312], [131.9781844, 34.5863193], [131.9779411, 34.5861964], [131.9777239, 34.5861226], [131.9772996, 34.5860279], [131.9768018, 34.5859144], [131.9765381, 34.5858569], [131.9763517, 34.5858348], [131.9761902, 34.5858346], [131.9759823, 34.58585], [131.9758007, 34.5858901], [131.9756336, 34.5859118], [131.9754483, 34.5859122], [131.9745951, 34.5858605], [131.9734672, 34.5857867], [131.9733029, 34.5857605], [131.9731711, 34.5857118], [131.9730735, 34.5856469], [131.9729692, 34.5855454], [131.9729048, 34.5854122], [131.9728294, 34.5851655], [131.9727841, 34.5850618], [131.972728, 34.5849713], [131.9726097, 34.5848721], [131.9722889, 34.5846211], [131.9720017, 34.5844181], [131.9718356, 34.5843319], [131.9714207, 34.5841387], [131.9710863, 34.5839897], [131.970854, 34.5839145], [131.9706246, 34.583864], [131.970409, 34.5838203], [131.9702572, 34.5838118], [131.9700957, 34.5838139], [131.9696778, 34.5838681], [131.9695271, 34.5838842], [131.9693146, 34.5838946], [131.9691765, 34.5838981], [131.9690126, 34.5839189], [131.9688839, 34.5839562], [131.9687597, 34.5840308], [131.9686736, 34.5841458], [131.9686465, 34.5842557], [131.9686516, 34.5843593], [131.9686916, 34.5844607], [131.9688074, 34.5846443], [131.9689563, 34.5848206], [131.9692242, 34.5850843], [131.9693398, 34.5852207], [131.9694592, 34.5854014], [131.9695316, 34.5855872], [131.9695652, 34.5857948], [131.9695824, 34.5860811], [131.9696215, 34.586285], [131.9696999, 34.586459], [131.9698068, 34.5866324], [131.9699967, 34.5868334], [131.9703221, 34.5872006], [131.9704288, 34.5872908], [131.9709487, 34.5876001], [131.9711233, 34.5877416], [131.9712236, 34.5878532], [131.9712842, 34.5879892], [131.9713794, 34.5883517], [131.9713926, 34.5885211], [131.9713823, 34.5886323], [131.9713161, 34.5887523], [131.9712228, 34.5888465], [131.9710331, 34.5889616], [131.970636, 34.5892564], [131.9704355, 34.5893698], [131.9702325, 34.5894435], [131.9700024, 34.5895001], [131.9696926, 34.5895391], [131.9694927, 34.5895707], [131.9692988, 34.589624], [131.9691111, 34.5897265], [131.9689328, 34.5898681], [131.9688257, 34.590023], [131.9687901, 34.590165], [131.9688115, 34.5903071], [131.9688911, 34.5904908], [131.969144, 34.5908945], [131.9692502, 34.5911119], [131.9692977, 34.5913369], [131.9692983, 34.5915442], [131.9692315, 34.5920423], [131.9691668, 34.5923684], [131.9690725, 34.5926491], [131.9689297, 34.5929446], [131.9687133, 34.5932598], [131.9683327, 34.5937273], [131.9680776, 34.5940759], [131.9679505, 34.5943082], [131.9678381, 34.5945873], [131.9676916, 34.595047], [131.9675291, 34.5955838], [131.9674374, 34.5959922], [131.9673859, 34.5963702], [131.9673703, 34.5967572], [131.967372, 34.5976338], [131.9673684, 34.597726], [131.9673617, 34.5982837], [131.9673218, 34.5988406], [131.9672775, 34.5992345], [131.9672193, 34.5997957], [131.967163, 34.6004135], [131.9671067, 34.6010471], [131.9670431, 34.6018545], [131.9669916, 34.6024576], [131.9669144, 34.602929], [131.9668836, 34.6030952], [131.9668237, 34.6032513], [131.9667703, 34.6033658], [131.9666317, 34.6035253], [131.9664028, 34.603773], [131.9662087, 34.6039448], [131.9659196, 34.604175], [131.9655119, 34.604463], [131.9652364, 34.6045982], [131.9650593, 34.6046437], [131.9647589, 34.6046579], [131.9641294, 34.6045573], [131.9637493, 34.6044841], [131.9633717, 34.6043735], [131.9630353, 34.6042522], [131.9627358, 34.6041656], [131.9624434, 34.6041123], [131.9621495, 34.6040872], [131.9617411, 34.6040767], [131.9612163, 34.6040708], [131.9609298, 34.604048], [131.9606669, 34.6039928], [131.9602855, 34.603886], [131.9598631, 34.6037855], [131.9598097, 34.6037754], [131.9595342, 34.603732], [131.9590372, 34.6036631], [131.9586352, 34.6036374], [131.9581623, 34.6036185], [131.9524434, 34.6035894], [131.9522552, 34.6035872], [131.9512124, 34.6035758]], [[132.0780182, 34.5192213], [132.0781291, 34.5191482], [132.0781597, 34.5191322], [132.078346, 34.518985], [132.0786284, 34.5186294], [132.078773, 34.518454], [132.0789107, 34.5183193], [132.0790167, 34.5181907], [132.079175, 34.517977], [132.079433, 34.517622], [132.0796158, 34.5174456], [132.0797369, 34.5173008], [132.0799708, 34.5170046], [132.0800235, 34.5169771], [132.0801012, 34.5169429], [132.080312, 34.5168994], [132.0808667, 34.5167623], [132.0809804, 34.5167212], [132.0811496, 34.5166321], [132.0812744, 34.5165635], [132.0813632, 34.5164401], [132.0814048, 34.5163692], [132.0814381, 34.5162778], [132.0814658, 34.5161201], [132.0814797, 34.5159899], [132.0814076, 34.515839], [132.0813715, 34.5157819], [132.0811773, 34.5155419], [132.0810276, 34.5154025], [132.080936, 34.5152723], [132.0809471, 34.5151786], [132.080977, 34.515078], [132.081018, 34.514971], [132.0811413, 34.5148883], [132.0812938, 34.5148175], [132.0814242, 34.5147855], [132.0815379, 34.5147512], [132.0816516, 34.5147375], [132.0818375, 34.5147558], [132.0819983, 34.5147878], [132.0821564, 34.514838], [132.0822452, 34.5149089], [132.0823201, 34.5150117], [132.0824477, 34.5152448], [132.0828942, 34.5156951], [132.0830107, 34.5157979], [132.0833213, 34.516159], [132.0834989, 34.5162984], [132.083604, 34.51635], [132.08372, 34.51639], [132.0837956, 34.5163647], [132.0838983, 34.5163075], [132.0839621, 34.5162481], [132.0840425, 34.5161544], [132.0841423, 34.5159259], [132.0843282, 34.5156654], [132.0844585, 34.5154574], [132.0845057, 34.5153363], [132.0845445, 34.5151626], [132.0846055, 34.5148312], [132.084661, 34.5145661], [132.0846416, 34.5144587], [132.0845889, 34.5143695], [132.0844807, 34.5142553], [132.0843143, 34.5141341], [132.0841479, 34.5139833], [132.0840397, 34.5138553], [132.0839648, 34.5137273], [132.0839399, 34.5136062], [132.0839842, 34.5135056], [132.0840342, 34.5134554], [132.0841007, 34.5134074], [132.0842061, 34.5133799], [132.0844197, 34.5134142], [132.0846471, 34.5133845], [132.0848413, 34.5133868], [132.0850354, 34.5134051], [132.0852185, 34.5134394], [132.0854931, 34.5134965], [132.085629, 34.5135194], [132.0857399, 34.5135148], [132.0859313, 34.5134554], [132.0861116, 34.5134119], [132.0862614, 34.5133228], [132.0863196, 34.5132405], [132.0864056, 34.513124], [132.0864999, 34.5129091], [132.0865415, 34.5128017], [132.0865443, 34.5126463], [132.0865193, 34.5125183], [132.0864528, 34.5123721], [132.0863751, 34.5122761], [132.0862903, 34.5122062], [132.0861976, 34.5120955], [132.0861449, 34.5120132], [132.0860805, 34.5118847], [132.086009, 34.5118053], [132.0859029, 34.511735], [132.0857899, 34.5116338], [132.085629, 34.5114144], [132.0854182, 34.5112316], [132.0853596, 34.5111698], [132.0853211, 34.5110853], [132.0853516, 34.5110031], [132.0853849, 34.5109345], [132.085457, 34.5108956], [132.0855486, 34.5108476], [132.0856761, 34.5108271], [132.085849, 34.510793], [132.086196, 34.510652], [132.086278, 34.510607], [132.086394, 34.510535], [132.08645, 34.5104682], [132.0865332, 34.5103677], [132.0866608, 34.510194], [132.0868708, 34.5099002], [132.0869881, 34.5096683], [132.0870491, 34.509506], [132.0870824, 34.5094238], [132.0870907, 34.5092523], [132.0870574, 34.5091678], [132.086952, 34.5090055], [132.0868993, 34.5088044], [132.0868882, 34.5087129], [132.0868938, 34.5086352], [132.0869492, 34.5085598], [132.0870519, 34.5084912], [132.087158, 34.50848], [132.087219, 34.508472], [132.087284, 34.508473], [132.087475, 34.508506], [132.087601, 34.5084935], [132.0877369, 34.5084684], [132.0878895, 34.508425], [132.088006, 34.5083655], [132.0881391, 34.5083015], [132.0882556, 34.5082558], [132.0885635, 34.5082353], [132.0887105, 34.5081781], [132.0887715, 34.5081416], [132.0888159, 34.508089], [132.0888464, 34.5080478], [132.0888741, 34.5079747], [132.0888852, 34.507897], [132.0889185, 34.5075839], [132.088924, 34.5073736], [132.088924, 34.5071519], [132.0889324, 34.5070285], [132.0889296, 34.5068022], [132.0889157, 34.5066833], [132.0888242, 34.5065531], [132.0886661, 34.5063679], [132.0882806, 34.5058377], [132.088217, 34.505682], [132.088212, 34.505657], [132.088216, 34.505622], [132.0883721, 34.5050948], [132.0884082, 34.5049805], [132.0885385, 34.504512], [132.0887271, 34.5039954], [132.0887826, 34.5038377], [132.0889684, 34.5035154], [132.089009, 34.503449], [132.0891875, 34.5032685], [132.089365, 34.5030971], [132.089589, 34.502763], [132.0896064, 34.5026834], [132.0896202, 34.502576], [132.089697, 34.502171], [132.089738, 34.501823], [132.089724, 34.501552], [132.089697, 34.501501], [132.0896064, 34.5014308], [132.0890655, 34.5011268], [132.0887937, 34.5010262], [132.088454, 34.50091], [132.088121, 34.500859], [132.08791, 34.500792], [132.087794, 34.500724], [132.087747, 34.500679], [132.087713, 34.500623], [132.087713, 34.500358], [132.087733, 34.500206], [132.087761, 34.500127], [132.08793, 34.500003], [132.088032, 34.499964], [132.088304, 34.499908], [132.088494, 34.499902], [132.08863, 34.499886], [132.089215, 34.499886], [132.089412, 34.499897], [132.089745, 34.4998513], [132.0899059, 34.499817], [132.0903635, 34.499657], [132.0913149, 34.4993987], [132.0919556, 34.4992136], [132.0920776, 34.4991702], [132.0921608, 34.499129], [132.0921997, 34.499081], [132.092233, 34.499001], [132.0922718, 34.498857], [132.092233, 34.498665], [132.0922496, 34.4984181], [132.092218, 34.498269], [132.092083, 34.497999], [132.091953, 34.497785], [132.091845, 34.497554], [132.091831, 34.497486], [132.091831, 34.497273], [132.091851, 34.497143], [132.091879, 34.497041], [132.091987, 34.496759], [132.0922385, 34.4961597], [132.09233, 34.4958031], [132.0923578, 34.495579], [132.0923605, 34.4952979], [132.0923522, 34.4951401], [132.0923078, 34.495003], [132.0922302, 34.4948407], [132.0920915, 34.4946692], [132.0918003, 34.4944406], [132.0917032, 34.4943446], [132.0916089, 34.4942258], [132.0915645, 34.4940452], [132.091559, 34.493894], [132.091546, 34.493787], [132.091539, 34.493072], [132.091553, 34.492655], [132.0916, 34.492334], [132.091614, 34.492188], [132.0917864, 34.491622], [132.0918447, 34.4914437], [132.0918752, 34.4912425], [132.0918946, 34.4910871], [132.0919501, 34.4909293], [132.091975, 34.4906984], [132.0920555, 34.4905407], [132.0921192, 34.4904973], [132.0922025, 34.4904721], [132.0923356, 34.4904287], [132.0923911, 34.4903784], [132.092416, 34.490319], [132.0924354, 34.4902572], [132.092477, 34.4901132], [132.0925464, 34.4899509], [132.092701, 34.489711], [132.092755, 34.489621], [132.092884, 34.489463], [132.093007, 34.48935], [132.093109, 34.489294], [132.093218, 34.489249], [132.093306, 34.489225], [132.093632, 34.489225], [132.093822, 34.489254], [132.093904, 34.48927], [132.09404, 34.489282], [132.094059, 34.489282], [132.09421, 34.489277], [132.094393, 34.489242], [132.094556, 34.489237], [132.0948956, 34.4891668], [132.0951453, 34.4890685], [132.0954365, 34.4889747], [132.0956972, 34.4888787], [132.095827, 34.488775], [132.095983, 34.488635], [132.096017, 34.48859], [132.096147, 34.488472], [132.0962547, 34.4883529], [132.0963767, 34.4882409], [132.0965071, 34.4881357], [132.0966818, 34.4880008], [132.0970174, 34.4877174], [132.0970979, 34.4876305], [132.0972948, 34.487267], [132.097439, 34.4871161], [132.097586, 34.487019], [132.097715, 34.486918], [132.097966, 34.4867458], [132.0982545, 34.4866086], [132.0984098, 34.486492], [132.0986511, 34.4861788], [132.0987981, 34.4860347], [132.0990422, 34.4858884], [132.0992974, 34.4857604], [132.099469, 34.485685], [132.099897, 34.485426], [132.100182, 34.485285], [132.100407, 34.485195], [132.100666, 34.485133], [132.100965, 34.485099], [132.10144, 34.485077], [132.101569, 34.48506], [132.101726, 34.485032], [132.101875, 34.484987], [132.1020876, 34.4848574], [132.1021569, 34.4847979], [132.1024509, 34.4845556], [132.1026257, 34.4844184], [132.1027228, 34.4843384], [132.1028226, 34.4842584], [132.102935, 34.484125], [132.103002, 34.484046], [132.103037, 34.483979], [132.103119, 34.483669], [132.103194, 34.483489], [132.103254, 34.483393], [132.103369, 34.4832524], [132.1034827, 34.483209], [132.1036297, 34.4832135], [132.1037906, 34.4832661], [132.1039598, 34.4833964], [132.104369, 34.483658], [132.104553, 34.483765], [132.104689, 34.483815], [132.104859, 34.483855], [132.105028, 34.483883], [132.1051746, 34.4838651], [132.1053161, 34.4838034], [132.1055213, 34.4837074], [132.1056683, 34.4836091], [132.105824, 34.483478], [132.105959, 34.48332], [132.106054, 34.483179], [132.106156, 34.483072], [132.1063867, 34.4829346], [132.106775, 34.4827631], [132.1074989, 34.4825734], [132.1076764, 34.4825094], [132.1082506, 34.4823242], [132.108433, 34.482243], [132.1087859, 34.4819881], [132.108883, 34.4819126], [132.1092102, 34.48162], [132.1095653, 34.4809661], [132.1098315, 34.4806369], [132.109996, 34.480595], [132.110105, 34.480526], [132.110281, 34.480476], [132.110465, 34.480453], [132.110614, 34.480442], [132.1108661, 34.480438], [132.1108792, 34.4804111], [132.1109818, 34.4802017], [132.1109937, 34.4801773], [132.1112488, 34.4802253], [132.1113293, 34.4802322], [132.111468, 34.4802734], [132.1116566, 34.4803191], [132.111986, 34.480313], [132.112462, 34.48051], [132.112768, 34.480663], [132.112945, 34.480736], [132.113142, 34.480803], [132.113352, 34.480854], [132.113671, 34.480904], [132.113943, 34.480921], [132.114285, 34.480924], [132.1146085, 34.4808979], [132.114871, 34.480857], [132.1151423, 34.4807925], [132.115509, 34.4807625], [132.1157316, 34.4807581], [132.1164461, 34.480781], [132.116574, 34.4807443], [132.1166352, 34.4806893], [132.116723, 34.480646], [132.116839, 34.480561], [132.117056, 34.480347], [132.117206, 34.48015], [132.117403, 34.479824], [132.117471, 34.479677], [132.1179918, 34.4784893], [132.1181392, 34.4781524], [132.1181948, 34.4779278], [132.1182034, 34.4777456], [132.1182076, 34.4775204], [132.1181995, 34.4771802], [132.1182523, 34.4768365], [132.1184314, 34.4762684], [132.1185018, 34.476078], [132.1185935, 34.4758987], [132.118683, 34.4757519], [132.1188013, 34.4756336], [132.1189215, 34.4755578], [132.1190731, 34.4757747], [132.1191865, 34.4759267], [132.1193103, 34.476073], [132.119327, 34.4760905], [132.1193482, 34.4761127], [132.1194442, 34.4762132], [132.1196233, 34.4763901], [132.1200281, 34.4767898], [132.1200974, 34.476852], [132.1201736, 34.4769085], [132.1202559, 34.4769588], [132.1202728, 34.4769672], [132.1203436, 34.4770025], [132.120433, 34.4770452], [132.1204568, 34.4770566], [132.120563, 34.477097], [132.12107, 34.4772707], [132.1213354, 34.4773616], [132.1217878, 34.4775166], [132.122425, 34.4777349], [132.122576, 34.477791], [132.1226493, 34.4778182], [132.1228689, 34.4779095], [132.1230834, 34.4780087], [132.1231996, 34.4780682], [132.1233092, 34.4781246], [132.1234956, 34.4782299], [132.1247188, 34.4789514], [132.1250302, 34.4791351], [132.1252381, 34.4792577], [132.1254418, 34.479373], [132.1256507, 34.4794817], [132.1258645, 34.4795837], [132.1260831, 34.4796787], [132.1263059, 34.4797667], [132.1265326, 34.4798475], [132.126763, 34.4799209], [132.1269967, 34.479987], [132.1272333, 34.4800456], [132.1274725, 34.4800965], [132.1276279, 34.4801244], [132.1277139, 34.4801398], [132.1279572, 34.4801754], [132.1282019, 34.4802031], [132.1284478, 34.480223], [132.1286944, 34.4802351], [132.1289414, 34.4802392], [132.1291884, 34.4802355], [132.1296906, 34.4802198], [132.1308549, 34.4801835], [132.1310477, 34.4801775], [132.1314904, 34.480169], [132.1319334, 34.4801711], [132.132376, 34.4801837], [132.1336839, 34.4802361], [132.1343258, 34.4802619], [132.1344566, 34.4802673], [132.1347954, 34.4802815], [132.1352908, 34.4803037], [132.1353577, 34.4803067], [132.1355727, 34.4803164], [132.1357043, 34.4803221], [132.13575, 34.4803241], [132.1359273, 34.4803314], [132.1361046, 34.4803382], [132.1369847, 34.4803712], [132.1370977, 34.4803805], [132.1372087, 34.4803999], [132.1373166, 34.4804291], [132.1374199, 34.4804679], [132.1375176, 34.4805156], [132.137563, 34.4805437], [132.1376083, 34.4805718], [132.1377918, 34.4806989], [132.1383272, 34.4810697], [132.1384104, 34.4811274], [132.1389083, 34.4814722], [132.1391764, 34.4816579], [132.1392432, 34.4817042], [132.1397613, 34.482063], [132.1406516, 34.4826797], [132.1408552, 34.482815], [132.1410653, 34.4829434], [132.1411654, 34.4829995], [132.1412815, 34.4830647], [132.1422962, 34.4836094], [132.1428212, 34.4838912], [132.1428873, 34.4839271], [132.1429528, 34.4839637], [132.1430834, 34.4840385], [132.1431486, 34.4840749], [132.1432144, 34.4841107], [132.1437823, 34.4844156], [132.1438921, 34.4844745], [132.1439317, 34.4844226], [132.1439786, 34.4843751], [132.1440323, 34.4843327], [132.1444502, 34.4840402], [132.1444538, 34.4840379], [132.1445946, 34.4839542], [132.1450956, 34.4836564], [132.1451093, 34.4836481], [132.1451228, 34.4836396], [132.1451361, 34.4836309], [132.1451987, 34.483592], [132.1453731, 34.4834819], [132.1461758, 34.4829386], [132.1463486, 34.4828203], [132.1464452, 34.4827576], [132.1466163, 34.4826466], [132.14689, 34.4824792], [132.1471693, 34.4823184], [132.1474541, 34.4821642], [132.1485198, 34.4816053], [132.1490502, 34.4813272], [132.1492115, 34.4812377], [132.1493671, 34.4811417], [132.1495167, 34.4810394], [132.1496598, 34.4809309], [132.1497962, 34.4808167], [132.1499253, 34.4806969], [132.150047, 34.4805719], [132.1502678, 34.4803331], [132.1503136, 34.4802754], [132.150349, 34.4802129], [132.1503732, 34.480147], [132.1503858, 34.4800788], [132.1503865, 34.4800099], [132.1503752, 34.4799416], [132.1503188, 34.4797196], [132.1503093, 34.479663], [132.1503094, 34.4796059], [132.150319, 34.4795494], [132.150338, 34.4794945], [132.150366, 34.4794423], [132.1504025, 34.4793937], [132.1509629, 34.4787519], [132.151039, 34.4786558], [132.1511042, 34.4785544], [132.151158, 34.4784486], [132.1511999, 34.4783391], [132.15141, 34.4776888], [132.1514418, 34.4776067], [132.1514832, 34.4775276], [132.1515339, 34.4774522], [132.1515933, 34.4773813], [132.1519701, 34.4769756], [132.1520219, 34.4769137], [132.1520661, 34.4768479], [132.1521023, 34.4767789], [132.15213, 34.4767073], [132.1521491, 34.4766337], [132.1521593, 34.476559], [132.1521606, 34.4764838], [132.1521095, 34.4752926], [132.152112, 34.4752233], [132.1521253, 34.4751548], [132.1521493, 34.4750883], [132.1521835, 34.475025], [132.1522274, 34.4749658], [132.1522802, 34.4749118], [132.152341, 34.4748639], [132.1524089, 34.4748228], [132.1524826, 34.4747894], [132.1526508, 34.4747244], [132.1528486, 34.474648], [132.1529301, 34.4746117], [132.153006, 34.474568], [132.1530754, 34.4745175], [132.1531374, 34.4744608], [132.1531912, 34.4743987], [132.1535578, 34.4739193], [132.1536113, 34.4738583], [132.1536739, 34.4738034], [132.1537444, 34.4737556], [132.1538217, 34.4737155], [132.1539046, 34.4736839], [132.1539917, 34.4736612], [132.1543044, 34.4735977], [132.1543848, 34.473577], [132.1544614, 34.4735484], [132.1545333, 34.4735122], [132.1545993, 34.4734691], [132.1546584, 34.4734197], [132.1547097, 34.4733647], [132.1547526, 34.473305], [132.1547862, 34.4732413], [132.1548102, 34.4731748], [132.1548241, 34.4731064], [132.1548838, 34.4726399], [132.1549111, 34.4724823], [132.1549523, 34.4723268], [132.1550072, 34.4721742], [132.1554056, 34.4711993], [132.1554607, 34.4710453], [132.1555016, 34.4708884], [132.1555279, 34.4707293], [132.1556355, 34.4698239], [132.1557711, 34.4686825], [132.1557865, 34.4685967], [132.1558122, 34.4685125], [132.1558479, 34.4684308], [132.1558932, 34.4683525], [132.1559477, 34.4682782], [132.1560109, 34.4682088], [132.1560821, 34.4681448], [132.1561606, 34.468087], [132.1562457, 34.4680359], [132.1564906, 34.4679036], [132.1565981, 34.4678392], [132.1566975, 34.4677664], [132.1567879, 34.4676861], [132.1575065, 34.4669815], [132.157574, 34.4669082], [132.1576324, 34.4668298], [132.157681, 34.4667469], [132.1577194, 34.4666605], [132.1577472, 34.4665713], [132.1577641, 34.4664804], [132.15777, 34.4663884], [132.1577648, 34.4662965], [132.1577087, 34.4658186], [132.1577058, 34.4657538], [132.1577123, 34.4656892], [132.1577282, 34.4656258], [132.1577531, 34.4655643], [132.1577867, 34.4655057], [132.1578285, 34.4654508], [132.1578781, 34.4654005], [132.1579345, 34.4653554], [132.1579971, 34.4653161], [132.1580649, 34.4652833], [132.1581369, 34.4652574], [132.1582122, 34.4652388], [132.1582897, 34.4652277], [132.1583682, 34.4652244], [132.1584466, 34.4652287], [132.1585239, 34.4652408], [132.1585988, 34.4652604], [132.1586704, 34.4652872], [132.1587376, 34.4653209], [132.1587994, 34.4653609], [132.158855, 34.4654067], [132.1589035, 34.4654577], [132.1589443, 34.4655131], [132.1589768, 34.4655721], [132.1590006, 34.4656339], [132.1590152, 34.4656976], [132.1590205, 34.4657623], [132.1590164, 34.465827], [132.159003, 34.4658908], [132.1589804, 34.4659529], [132.1589489, 34.4660123], [132.1588565, 34.466162], [132.1588305, 34.4662024], [132.158803, 34.4662422], [132.1587739, 34.4662812], [132.1587279, 34.4663407], [132.1586914, 34.4664003], [132.1586481, 34.4664925], [132.1586198, 34.4665629], [132.1585999, 34.4666352], [132.1585887, 34.4667087], [132.1585862, 34.4667828], [132.1585926, 34.4668568], [132.1586076, 34.4669299], [132.1588229, 34.4677343], [132.1588659, 34.4678717], [132.1589207, 34.4680062], [132.158987, 34.4681371], [132.1590644, 34.4682639], [132.1591526, 34.4683857], [132.1595296, 34.4688668], [132.1596063, 34.4689569], [132.1596911, 34.4690418], [132.1597835, 34.4691211], [132.1598831, 34.4691944], [132.1599892, 34.4692612], [132.1601011, 34.469321], [132.1602183, 34.4693736], [132.1614704, 34.4698854], [132.1615504, 34.4699225], [132.1616252, 34.4699663], [132.1616942, 34.4700162], [132.1617565, 34.4700718], [132.1618114, 34.4701324], [132.1618584, 34.4701974], [132.1618969, 34.4702661], [132.1619266, 34.4703377], [132.161947, 34.4704115], [132.1619581, 34.4704866], [132.1619596, 34.4705622], [132.1619515, 34.4706376], [132.161934, 34.4707119], [132.161826, 34.4710693], [132.1618168, 34.4711181], [132.1618185, 34.4711674], [132.1618309, 34.4712157], [132.1618536, 34.4712613], [132.161886, 34.4713028], [132.1619195, 34.4713383], [132.1619617, 34.4713739], [132.1620125, 34.4714009], [132.1620692, 34.4714179], [132.1621291, 34.4714241], [132.162148, 34.4714243], [132.1622061, 34.4714205], [132.1622624, 34.4714082], [132.1623151, 34.4713876], [132.1623623, 34.4713595], [132.1624346, 34.4712846], [132.1624572, 34.4712403], [132.1624697, 34.4711934], [132.1624717, 34.4711454], [132.1624451, 34.4707613], [132.162447, 34.4707118], [132.1624596, 34.4706633], [132.1624823, 34.4706175], [132.1625146, 34.4705757], [132.1625508, 34.4705368], [132.1625892, 34.4705035], [132.1626352, 34.4704775], [132.1626867, 34.4704598], [132.1627415, 34.4704514], [132.1627973, 34.4704524], [132.1628516, 34.470463], [132.1628693, 34.4704681], [132.1629302, 34.4704905], [132.1629857, 34.4705209], [132.1630344, 34.4705584], [132.1630748, 34.4706021], [132.1631059, 34.4706507], [132.1631268, 34.4707029], [132.163137, 34.4707572], [132.1631843, 34.4713201], [132.163196, 34.4714043], [132.1632166, 34.4714872], [132.1632462, 34.4715683], [132.1632843, 34.471647], [132.1633308, 34.4717225], [132.1633853, 34.4717943], [132.1634472, 34.4718619], [132.1635162, 34.4719246], [132.1635917, 34.471982], [132.1646593, 34.4727247], [132.1653498, 34.473205], [132.1654151, 34.4732556], [132.1654736, 34.4733116], [132.1655245, 34.4733724], [132.1655673, 34.4734373], [132.1656014, 34.4735056], [132.1656266, 34.4735765], [132.1656425, 34.4736493], [132.165649, 34.473723], [132.1656237, 34.4740053], [132.1656216, 34.4740727], [132.1656297, 34.4741398], [132.1656479, 34.4742056], [132.1656757, 34.474269], [132.165713, 34.4743291], [132.1657589, 34.4743849], [132.1658129, 34.4744355], [132.1658742, 34.4744803], [132.1659416, 34.4745184], [132.1670186, 34.475049], [132.1670719, 34.4750702], [132.1671288, 34.4750835], [132.1671877, 34.4750884], [132.1672467, 34.4750847], [132.167304, 34.4750725], [132.1673579, 34.4750523], [132.1674066, 34.4750247], [132.1674488, 34.4749905], [132.167483, 34.4749507], [132.1675083, 34.4749066], [132.1675239, 34.4748595], [132.1675292, 34.474811], [132.1675242, 34.4747624], [132.167509, 34.4747152], [132.167484, 34.474671], [132.1673199, 34.4744368], [132.1672904, 34.4743863], [132.1672704, 34.4743328], [132.1672604, 34.4742774], [132.1672606, 34.4742214], [132.1672709, 34.474166], [132.1672912, 34.4741125], [132.1673209, 34.4740622], [132.1673595, 34.4740161], [132.167406, 34.4739752], [132.1674594, 34.4739406], [132.1675184, 34.4739129], [132.1675819, 34.4738928], [132.1676483, 34.4738808], [132.1677161, 34.4738772], [132.1677838, 34.4738819], [132.1697741, 34.4741464], [132.1698322, 34.4741585], [132.1698867, 34.4741788], [132.1699361, 34.4742067], [132.1699788, 34.4742413], [132.1700389, 34.4743262], [132.1700545, 34.4743739], [132.1700597, 34.474423], [132.1700544, 34.4744722], [132.1700387, 34.4745198], [132.1700131, 34.4745644], [132.1699784, 34.4746046], [132.1699356, 34.4746392], [132.1698862, 34.474667], [132.1696136, 34.474793], [132.1695603, 34.4748229], [132.1695142, 34.47486], [132.1694765, 34.474903], [132.1694484, 34.4749509], [132.1694308, 34.475002], [132.1694242, 34.4750548], [132.1694287, 34.4751078], [132.1694444, 34.4751593], [132.1694706, 34.4752079], [132.1695066, 34.4752519], [132.1695513, 34.4752902], [132.1697521, 34.4754344], [132.1698011, 34.4754746], [132.1698432, 34.4755199], [132.1698777, 34.4755693], [132.169904, 34.475622], [132.1699215, 34.4756772], [132.1699301, 34.4757338], [132.1699512, 34.4760363], [132.1699608, 34.4760979], [132.1699809, 34.4761577], [132.1700109, 34.4762147], [132.1700505, 34.4762675], [132.1700986, 34.4763153], [132.1701545, 34.476357], [132.1702169, 34.4763918], [132.1702846, 34.4764189], [132.1703564, 34.476438], [132.1704306, 34.4764485], [132.1704549, 34.4764505], [132.1705314, 34.4764524], [132.1706074, 34.4764454], [132.1706815, 34.4764297], [132.1707522, 34.4764056], [132.1708182, 34.4763737], [132.1708306, 34.4763655], [132.170878, 34.4763344], [132.1709306, 34.4762886], [132.170975, 34.4762372], [132.1710102, 34.4761812], [132.1713939, 34.4754491], [132.1714404, 34.4753275], [132.1715195, 34.4751959], [132.1716, 34.4748852], [132.171639, 34.474495], [132.17189, 34.473802], [132.171945, 34.473583], [132.172006, 34.473369], [132.172108, 34.473156], [132.172196, 34.473032], [132.172244, 34.472925], [132.172339, 34.472373], [132.172339, 34.472142], [132.172237, 34.4715], [132.17221, 34.471388], [132.172203, 34.471202], [132.172217, 34.471129], [132.17223, 34.471123], [132.172298, 34.471027], [132.172393, 34.470931], [132.172563, 34.470802], [132.172706, 34.470706], [132.172964, 34.470577], [132.1731, 34.47047], [132.173236, 34.470154], [132.173291, 34.469867], [132.173352, 34.469732], [132.173393, 34.469687], [132.173467, 34.469625], [132.173569, 34.469642], [132.173678, 34.469676], [132.173909, 34.469766], [132.17412, 34.469833], [132.174405, 34.46989], [132.17448, 34.469895], [132.174568, 34.469833], [132.17467, 34.469721], [132.174724, 34.469619], [132.174724, 34.469507], [132.174663, 34.469428], [132.174589, 34.469366], [132.174412, 34.469304], [132.174065, 34.469152], [132.173956, 34.469068], [132.173875, 34.468978], [132.173821, 34.468859], [132.173834, 34.468752], [132.173868, 34.468673], [132.173936, 34.468594], [132.174079, 34.468499], [132.174099, 34.468489], [132.174269, 34.468409], [132.17433, 34.468369], [132.174364, 34.468319], [132.174371, 34.468094], [132.174289, 34.467795], [132.174228, 34.467688], [132.173909, 34.467446], [132.173807, 34.467344], [132.173759, 34.467249], [132.173753, 34.467079], [132.173834, 34.466758], [132.174167, 34.465812], [132.174765, 34.464022], [132.17484, 34.463864], [132.174956, 34.463662], [132.175098, 34.463459], [132.175343, 34.463194], [132.175397, 34.463099], [132.175819, 34.462147], [132.175894, 34.46195], [132.175914, 34.461719], [132.175934, 34.461623], [132.175948, 34.461404], [132.175975, 34.461325], [132.176016, 34.46128], [132.176131, 34.461218], [132.176335, 34.461145], [132.176526, 34.461066], [132.17679, 34.460874], [132.177137, 34.460677], [132.177211, 34.460628], [132.177579, 34.460384], [132.177891, 34.460209], [132.178014, 34.460154], [132.178129, 34.460062], [132.178211, 34.459972], [132.178435, 34.459619], [132.178551, 34.4595], [132.178666, 34.459432], [132.179059, 34.459314], [132.180663, 34.45897], [132.181867, 34.458711], [132.182125, 34.458632], [132.182356, 34.458531], [132.182737, 34.458329], [132.182981, 34.458161], [132.183213, 34.457929], [132.183505, 34.457699], [132.18386, 34.457382], [132.183955, 34.457334], [132.184064, 34.457319], [132.184159, 34.457327], [132.184402, 34.457445], [132.184721, 34.45758], [132.184789, 34.457597], [132.184884, 34.457586], [132.184966, 34.457547], [132.185048, 34.45749], [132.185088, 34.457434], [132.185177, 34.457254], [132.185251, 34.457158], [132.185339, 34.457096], [132.185618, 34.456978], [132.185679, 34.456916], [132.185706, 34.456848], [132.185679, 34.456488], [132.185677, 34.456336], [132.185666, 34.455384], [132.185625, 34.455232], [132.185584, 34.455165], [132.185476, 34.455091], [132.185299, 34.455013], [132.184621, 34.45473], [132.184499, 34.454669], [132.184423, 34.454583], [132.184393, 34.454508], [132.184401, 34.45443], [132.184426, 34.454367], [132.184492, 34.45431], [132.184577, 34.454268], [132.185079, 34.454077], [132.185189, 34.454026], [132.185303, 34.453948], [132.185398, 34.453867], [132.185464, 34.453795], [132.185508, 34.453706], [132.185523, 34.453616], [132.18553, 34.453294], [132.185496, 34.453138], [132.185414, 34.453018], [132.18536, 34.452973], [132.184986, 34.452838], [132.184902, 34.452796], [132.184869, 34.452726], [132.184879, 34.452626], [132.184939, 34.452444], [132.184947, 34.452326], [132.184924, 34.452244], [132.184837, 34.45201], [132.184776, 34.451768], [132.184789, 34.451701], [132.184816, 34.451656], [132.184902, 34.451591], [132.185043, 34.45154], [132.185231, 34.451503], [132.185501, 34.45144], [132.185619, 34.451425], [132.185724, 34.45144], [132.185914, 34.451517], [132.186046, 34.45154], [132.186159, 34.451513], [132.186245, 34.451461], [132.186295, 34.451383], [132.186441, 34.451143], [132.186495, 34.451087], [132.18659, 34.45103], [132.186665, 34.451042], [132.18678, 34.451098], [132.187141, 34.451391], [132.187494, 34.451661], [132.187711, 34.451797], [132.187806, 34.451802], [132.187915, 34.451774], [132.188004, 34.451718], [132.188058, 34.451639], [132.188058, 34.451571], [132.18788, 34.451133], [132.18787, 34.451068], [132.187875, 34.450967], [132.187915, 34.450874], [132.18799, 34.450795], [132.188459, 34.450575], [132.189179, 34.45026], [132.18977, 34.450018], [132.190022, 34.449945], [132.190192, 34.449945], [132.190287, 34.449973], [132.190565, 34.450131], [132.191237, 34.450598], [132.191441, 34.450705], [132.191543, 34.450733], [132.191733, 34.450761], [132.1921, 34.450773], [132.192475, 34.450795], [132.192753, 34.450829], [132.192895, 34.450857], [132.193058, 34.450868], [132.193208, 34.450863], [132.193455, 34.450818], [132.193563, 34.450789], [132.193647, 34.450746], [132.193741, 34.450673], [132.194167, 34.4503], [132.194621, 34.449839], [132.19497, 34.4494644], [132.195773, 34.4486576], [132.1958615, 34.4485857], [132.1960308, 34.4483697], [132.1961504, 34.4483029], [132.1964431, 34.4481086], [132.1967061, 34.44788], [132.1968775, 34.4476654], [132.1970447, 34.4475322], [132.1972502, 34.4473358], [132.1973547, 34.4472134], [132.1974071, 34.4470736], [132.1974892, 34.4469987], [132.1976025, 34.4469402], [132.1977311, 34.4467951], [132.1976514, 34.446753], [132.1972752, 34.4465702], [132.1972083, 34.4465146], [132.1972089, 34.4464534], [132.1973583, 34.4461023], [132.1979876, 34.4445972], [132.1986115, 34.4431717], [132.1987011, 34.4429728], [132.198798, 34.4427922], [132.1989346, 34.4425694], [132.1990804, 34.4423395], [132.1992336, 34.4421585], [132.1993899, 34.4420166], [132.1995891, 34.4418332], [132.1997849, 34.4416765], [132.2000701, 34.4415132], [132.200373, 34.441387], [132.2006283, 34.4413026], [132.200877, 34.441226], [132.2011153, 34.4411694], [132.2013379, 34.4411292], [132.2016602, 34.4410879], [132.2018918, 34.4410754], [132.2022241, 34.4410799], [132.2024862, 34.4410972], [132.2026733, 34.4411134], [132.2028982, 34.4411489], [132.203358, 34.4412649], [132.2034593, 34.4413034], [132.2037461, 34.4414379], [132.2038958, 34.4415146], [132.2042564, 34.4417488], [132.2057784, 34.4428249], [132.2062137, 34.4430973], [132.2065437, 34.4432768], [132.2068736, 34.4434297], [132.2076889, 34.4437722], [132.2097182, 34.4446087], [132.2098609, 34.4446707], [132.2101711, 34.4447988], [132.2104401, 34.4449096], [132.2108682, 34.4450935], [132.2110281, 34.4451877], [132.2111705, 34.4452962], [132.211478, 34.4455702], [132.2116798, 34.4457211], [132.2115689, 34.4457781], [132.211497, 34.4458004], [132.2111132, 34.4458399], [132.2100187, 34.4459771], [132.2099005, 34.4459908], [132.2097764, 34.4459888], [132.2096727, 34.445956], [132.2094348, 34.4462398], [132.2092436, 34.4464331], [132.2091404, 34.4465763], [132.2091164, 34.4466844], [132.2090539, 34.4468185], [132.2090202, 34.4468565], [132.2089877, 34.4468921], [132.2086088, 34.4470848], [132.208507, 34.4471186], [132.2083071, 34.4471468], [132.2081443, 34.4471805], [132.2079562, 34.4472392], [132.2075255, 34.4474795], [132.2072387, 34.4476388], [132.2067898, 34.448019], [132.2065027, 34.4481649], [132.2063929, 34.4482265], [132.206326, 34.448279], [132.206278, 34.4483603], [132.2061793, 34.4485935], [132.2060816, 34.4488697], [132.2059898, 34.4491124], [132.2058965, 34.4492474], [132.2058652, 34.4494169], [132.2058157, 34.4495003], [132.2057555, 34.4495573], [132.2055196, 34.449737], [132.2054514, 34.4497688], [132.2053657, 34.4497824], [132.2052763, 34.4497837], [132.2050053, 34.4497362], [132.204686, 34.4496282], [132.2044634, 34.4495158], [132.2041234, 34.4492785], [132.2040132, 34.4492154], [132.2037895, 34.449155], [132.2036391, 34.4491446], [132.203514, 34.4491402], [132.2034278, 34.4491108], [132.2033231, 34.449038], [132.2032226, 34.4489916], [132.203117, 34.4489787], [132.2028446, 34.4489803], [132.202731, 34.4489624], [132.2026423, 34.4489265], [132.2025814, 34.4488657], [132.2025342, 34.4488067], [132.2024462, 34.4487408], [132.202353, 34.4486958], [132.2022853, 34.448641], [132.2022648, 34.448575], [132.2022783, 34.4484805], [132.2024141, 34.448227], [132.2024258, 34.4481791], [132.202419, 34.4481284], [132.2023212, 34.4480331], [132.2021144, 34.4478882], [132.2020254, 34.447845], [132.2019093, 34.4478157], [132.2018173, 34.4477607], [132.2017472, 34.4476806], [132.201635, 34.4475251], [132.2015547, 34.4473866], [132.2015062, 34.4472529], [132.2014871, 34.4470597], [132.2015084, 34.4467973], [132.2015101, 34.4466858], [132.2015001, 34.4466124], [132.2014595, 34.4465337], [132.2013955, 34.446479], [132.2012801, 34.4464087], [132.2010423, 34.4462505], [132.200961, 34.4462327], [132.2008646, 34.4462324], [132.2006516, 34.446243], [132.2005297, 34.4462766], [132.2004568, 34.4463102], [132.2003558, 34.4463958], [132.2002952, 34.4464323], [132.200208, 34.4464542], [132.1998396, 34.4464681], [132.199755, 34.4464451], [132.1996783, 34.4463952], [132.1995745, 34.4463469], [132.199475, 34.446296], [132.1993921, 34.4462943], [132.1993135, 34.4463102], [132.1992722, 34.4463472], [132.1992182, 34.4464562], [132.1991911, 34.4464723], [132.1991496, 34.4464711], [132.1988872, 34.4463866], [132.1987011, 34.4463371], [132.1984857, 34.4462867], [132.1982212, 34.4462989], [132.198086, 34.4463485], [132.1980074, 34.4464317], [132.1978307, 34.4466853], [132.1977311, 34.4467951]], [[132.2116798, 34.4457211], [132.2119959, 34.4459085], [132.2121319, 34.4459901], [132.2125757, 34.446528], [132.2126772, 34.4467271], [132.212849, 34.4471498], [132.2129282, 34.4473253], [132.2130411, 34.4475159], [132.2131991, 34.4477578], [132.2134431, 34.4480595], [132.2135543, 34.4481986], [132.2136751, 34.4484336], [132.2140226, 34.449152], [132.2141198, 34.4494334], [132.2141773, 34.4495364], [132.2143663, 34.4497586], [132.2146012, 34.4499964], [132.2147523, 34.4501044], [132.2149316, 34.4502341], [132.2152824, 34.4504333], [132.2155494, 34.4505692], [132.2156431, 34.4506052], [132.2157742, 34.4506302], [132.2158595, 34.4506232], [132.2162998, 34.4504857], [132.2164842, 34.4504656], [132.2167968, 34.4504387], [132.2169028, 34.4504398], [132.2170091, 34.4504692], [132.2172047, 34.4505881], [132.217429, 34.4507131], [132.2178463, 34.4511121], [132.2180306, 34.4512665], [132.2181382, 34.4513304], [132.2183404, 34.4514249], [132.2184404, 34.4514411], [132.2185186, 34.451445], [132.2186298, 34.4514264], [132.2187051, 34.4513944], [132.2188594, 34.4512627], [132.2190816, 34.4511256], [132.2192109, 34.4510249], [132.2193006, 34.4509338], [132.2194189, 34.4507899], [132.2194718, 34.4507146], [132.2195415, 34.4505347], [132.2195661, 34.4504119], [132.2195762, 34.4503033], [132.2195711, 34.4501376], [132.2195957, 34.4500529], [132.2196896, 34.449879], [132.2197605, 34.4497807], [132.2198506, 34.4497044], [132.2203452, 34.4493512], [132.2205468, 34.4491902], [132.22099, 34.448739], [132.2214702, 34.4482592], [132.2216747, 34.448085], [132.2217629, 34.4480208], [132.2218724, 34.4479682], [132.2219729, 34.447937], [132.2220634, 34.447917], [132.222138, 34.447907], [132.2222505, 34.4478945], [132.222378, 34.4479049], [132.2225412, 34.4479607], [132.222858, 34.448251], [132.22292, 34.448331], [132.222973, 34.448429], [132.223015, 34.448527], [132.223049, 34.448638], [132.223097, 34.448874], [132.223109, 34.449043], [132.223165, 34.449218], [132.223226, 34.449314], [132.223409, 34.449516], [132.223566, 34.449668], [132.223674, 34.449747], [132.224356, 34.450126], [132.224419, 34.450177], [132.224578, 34.450334], [132.224809, 34.450582], [132.224999, 34.450751], [132.225108, 34.450857], [132.225509, 34.451144], [132.225815, 34.451336], [132.226039, 34.451516], [132.226209, 34.451691], [132.226284, 34.451787], [132.226379, 34.451949], [132.226413, 34.452062], [132.226413, 34.452327], [132.226379, 34.452463], [132.226311, 34.452603], [132.226141, 34.452829], [132.225944, 34.453009], [132.225842, 34.453183], [132.225713, 34.453313], [132.225597, 34.45347], [132.225523, 34.453532], [132.225441, 34.453577], [132.225271, 34.453639], [132.22521, 34.453679], [132.225179, 34.453748], [132.225184, 34.453821], [132.225217, 34.453887], [132.225333, 34.454005], [132.225468, 34.454118], [132.225509, 34.454186], [132.225516, 34.454236], [132.225577, 34.454354], [132.225659, 34.454433], [132.225822, 34.45454], [132.226182, 34.454766], [132.226406, 34.454884], [132.226556, 34.454923], [132.226834, 34.454923], [132.22716, 34.454879], [132.227312, 34.454864], [132.227446, 34.454867], [132.22758, 34.454885], [132.227703, 34.454921], [132.228063, 34.455087], [132.228451, 34.455278], [132.228614, 34.455391], [132.229327, 34.455954], [132.22936, 34.455977], [132.229647, 34.456179], [132.230061, 34.456444], [132.230463, 34.456652], [132.230817, 34.456781], [132.231102, 34.456843], [132.231409, 34.456903], [132.231598, 34.456945], [132.2316914, 34.4569769], [132.23177, 34.4569982], [132.2322544, 34.4572038], [132.2323894, 34.4573048], [132.2324784, 34.4574128], [132.2325071, 34.4574664], [132.2325534, 34.4575528], [132.2325934, 34.4576938], [132.2325874, 34.4578978], [132.2325594, 34.4580378], [132.2324984, 34.4582288], [132.2313727, 34.4612037], [132.2309023, 34.4625317], [132.2308173, 34.4627847], [132.2307753, 34.4629657], [132.2307403, 34.4631457], [132.2307283, 34.4633227], [132.2307293, 34.4635007], [132.2307533, 34.4637517], [132.2308073, 34.4639191], [132.2308622, 34.464091], [132.2309381, 34.464234], [132.2309775, 34.4643083], [132.2310323, 34.4644757], [132.2310653, 34.4646613], [132.2311366, 34.4648377], [132.2312574, 34.4649237], [132.2318227, 34.4652903], [132.2319545, 34.4653672], [132.2321191, 34.465512], [132.2322783, 34.4657066], [132.2325363, 34.4662089], [132.2327229, 34.4665483], [132.233138, 34.46702], [132.233451, 34.467349], [132.23387, 34.467722], [132.234237, 34.468184], [132.2351655, 34.4695757], [132.2359284, 34.4709197], [132.2360876, 34.4711822], [132.2376739, 34.4729424], [132.23808, 34.4733271], [132.2381127, 34.4733541], [132.2382586, 34.4734745], [132.238332, 34.4735406], [132.2385572, 34.4736813], [132.2387496, 34.4737766], [132.2391282, 34.4739237], [132.2394042, 34.4740345], [132.2396553, 34.4741138], [132.2398686, 34.4741437]], [[132.244633, 34.4737684], [132.2441782, 34.4738564], [132.2436348, 34.4739017], [132.2424662, 34.473945], [132.2424163, 34.4739469], [132.2421254, 34.4739696], [132.2420519, 34.4739768], [132.2411362, 34.4740592], [132.2408031, 34.4740978], [132.2405573, 34.4741263], [132.2403177, 34.4741534], [132.2400886, 34.4741581], [132.2398686, 34.4741437]], [[132.244633, 34.4737684], [132.2448109, 34.4737307], [132.245265, 34.4736438], [132.2457919, 34.4735487], [132.2468876, 34.4734328], [132.2474353, 34.4734555], [132.2479876, 34.4734971], [132.2485354, 34.4735652], [132.2490785, 34.4736559], [132.2493524, 34.4736597], [132.2494894, 34.4736483], [132.2496309, 34.4736067], [132.2501431, 34.4734623], [132.250286, 34.4733905], [132.250401, 34.4733427], [132.2505193, 34.4732838], [132.2506511, 34.4732101], [132.2507538, 34.4731448], [132.250881, 34.4730739], [132.251111, 34.4729616], [132.2513723, 34.472865], [132.2516235, 34.472784], [132.2518568, 34.4727297], [132.2519986, 34.472726], [132.2521326, 34.4727398], [132.252271, 34.4727683], [132.2524016, 34.4728134], [132.2525122, 34.4728659], [132.2526238, 34.4729405], [132.2528192, 34.4731052], [132.2536632, 34.4738369], [132.2539033, 34.4740311], [132.2543369, 34.4743892], [132.2544235, 34.4744609], [132.2545318, 34.4745677], [132.2545988, 34.4746441], [132.254661, 34.4747408], [132.2547384, 34.4749717], [132.2548098, 34.4752064], [132.2548892, 34.4753985], [132.2553625, 34.4766247], [132.2554663, 34.4769524], [132.2555098, 34.4771512], [132.2555534, 34.4773647], [132.2556193, 34.4775929], [132.2557108, 34.4778074], [132.2558425, 34.4780421], [132.2559788, 34.4782777], [132.2561864, 34.4786108], [132.2564566, 34.4789826], [132.2566274, 34.4792118], [132.256815, 34.4794732], [132.2569277, 34.4796269], [132.2570104, 34.4797373], [132.2571108, 34.4798395], [132.2572303, 34.4799407], [132.2573877, 34.4800456], [132.2577963, 34.4802959], [132.2580085, 34.4804229], [132.2584852, 34.4807045], [132.2589016, 34.4809576], [132.2591495, 34.4811086], [132.2594252, 34.4812521], [132.2596128, 34.4813276], [132.259864, 34.4814058], [132.260142, 34.4814629], [132.2603832, 34.4814905], [132.2605607, 34.4815098], [132.2607047, 34.4815264], [132.2608364, 34.4815337], [132.2609883, 34.4815337], [132.2611234, 34.4815255], [132.2612596, 34.4815089], [132.2614226, 34.4814758], [132.2615297, 34.4814445], [132.2616715, 34.4814067], [132.2620411, 34.4812954], [132.2623135, 34.4812006], [132.2626786, 34.4810552], [132.2634489, 34.4807432], [132.2636633, 34.4806558], [132.2640038, 34.4805223], [132.264409, 34.480362], [132.2647992, 34.4802018], [132.2649718, 34.480134], [132.2652475, 34.4800566], [132.2653815, 34.4800392], [132.2654597, 34.4800318], [132.2655244, 34.4800309], [132.2656729, 34.4800336], [132.2658069, 34.4800557], [132.2659743, 34.4801073], [132.2663282, 34.4802361], [132.266796, 34.4804147], [132.2671611, 34.4805499], [132.2676859, 34.4807423], [132.2678299, 34.4807929], [132.2679884, 34.4808509], [132.2680599, 34.4808794], [132.2681123, 34.4809061], [132.2681615, 34.4809392], [132.268195, 34.4809714], [132.268253, 34.4810349], [132.2682954, 34.4811159], [132.2683367, 34.4812632], [132.2684249, 34.4817353], [132.2685478, 34.4823482], [132.2686248, 34.4826887], [132.2687264, 34.4831774], [132.2688179, 34.4836007], [132.2689664, 34.4843811], [132.2689966, 34.4845753], [132.2690524, 34.484728], [132.2691864, 34.4850409], [132.2692801, 34.4852498], [132.2693628, 34.4854698], [132.2694219, 34.4856796], [132.2694766, 34.4859161], [132.2695939, 34.4864038], [132.2696776, 34.4867793], [132.26971, 34.4868888], [132.2697636, 34.4870324], [132.2698328, 34.4871354], [132.2699143, 34.4872284], [132.2699991, 34.4873038], [132.2700851, 34.4873682], [132.270285, 34.487487], [132.270506, 34.4875762], [132.2707382, 34.4876351], [132.2710754, 34.487717], [132.2712987, 34.4877658], [132.2714405, 34.4877814], [132.2716124, 34.4877805], [132.2719005, 34.4877603], [132.2724084, 34.4877373], [132.2729354, 34.4877207], [132.2731855, 34.4876977], [132.2734719, 34.4876653], [132.2737136, 34.4876452], [132.2740326, 34.4876454], [132.2740181, 34.487574], [132.2739473, 34.487242], [132.2739328, 34.4871776], [132.2739104, 34.4870635], [132.2738948, 34.486988], [132.2738055, 34.4866264], [132.2737508, 34.4863889], [132.2737443, 34.4861622], [132.2737697, 34.4859362], [132.2738669, 34.485477], [132.2739573, 34.4850168], [132.2741259, 34.4841371], [132.2742052, 34.4836944], [132.274213, 34.4835757], [132.2742074, 34.48348], [132.2741851, 34.4833723], [132.2741114, 34.4832435], [132.2740109, 34.4831275], [132.2739395, 34.4830327], [132.2738926, 34.4829518], [132.273868, 34.4828404], [132.2738769, 34.4827152], [132.2739026, 34.4825947], [132.2740455, 34.4821962], [132.2740645, 34.4820039], [132.2740399, 34.4817931], [132.2739808, 34.4816026], [132.2739316, 34.4814692], [132.273849, 34.4812842], [132.2737329, 34.4810228], [132.2736905, 34.4808894], [132.2737016, 34.4808121], [132.273743, 34.4807375], [132.2737865, 34.4806759], [132.2738769, 34.4805761], [132.273935, 34.480461], [132.2739685, 34.4803902], [132.2739886, 34.480323], [132.2740109, 34.4802181], [132.2740321, 34.4800506], [132.2740455, 34.4798748], [132.274079, 34.479515], [132.2741047, 34.4792177], [132.2741125, 34.4790861], [132.2741248, 34.4789637], [132.2741326, 34.4788155], [132.2741493, 34.4787106], [132.2741706, 34.4786066], [132.2742018, 34.4785182], [132.2743112, 34.4782707], [132.2744307, 34.4780295], [132.2744988, 34.4778556], [132.2745234, 34.4777654], [132.2745412, 34.4776467], [132.2745423, 34.4775344], [132.2745379, 34.4774194], [132.2745155, 34.4773025], [132.2744608, 34.4771534], [132.2743771, 34.4769592], [132.2742588, 34.4767236], [132.2741996, 34.4765524], [132.2741717, 34.4764281], [132.2741616, 34.4763085], [132.2741672, 34.4761824], [132.2741828, 34.4760756], [132.2742163, 34.4759606], [132.2742744, 34.4758271], [132.2743291, 34.4757416], [132.2744128, 34.4756293], [132.2744843, 34.475551], [132.2746026, 34.4754498], [132.2747254, 34.4753633], [132.2748482, 34.4752887], [132.2751575, 34.4751083], [132.2753886, 34.4749804], [132.275685, 34.4748437], [132.2766275, 34.4745885], [132.2768421, 34.4744927], [132.2769894, 34.4744098], [132.2771741, 34.4742919], [132.2776088, 34.4739558], [132.2783568, 34.4733886], [132.2784599, 34.4733005], [132.2786193, 34.4731399], [132.278901, 34.472735], [132.2790067, 34.4725672], [132.2791039, 34.4723767], [132.2791417, 34.4722697], [132.2791573, 34.4721168], [132.2791413, 34.4719578], [132.2791167, 34.4718503], [132.2788544, 34.4712806], [132.2787229, 34.4711279], [132.2785926, 34.4710117], [132.2785066, 34.4709279], [132.2783748, 34.4708113], [132.2782345, 34.4706871], [132.2778082, 34.470318], [132.2776068, 34.4701163], [132.2775437, 34.4699949], [132.2775573, 34.4698736], [132.2776114, 34.4697698], [132.2776971, 34.4696893], [132.2778059, 34.4696334], [132.277949, 34.4695858], [132.2782709, 34.4694962], [132.2784253, 34.4694332], [132.2785707, 34.4693445], [132.2786725, 34.4692572], [132.2788637, 34.4690728], [132.2790735, 34.4688787], [132.2792761, 34.4687059], [132.2793973, 34.4686479], [132.2795738, 34.4685742], [132.2801174, 34.468419], [132.2801974, 34.4683819], [132.2803099, 34.4683169], [132.2803788, 34.4682627], [132.2804389, 34.4681832], [132.2804902, 34.4680828], [132.2805724, 34.4678382], [132.280674, 34.4674143], [132.2807579, 34.4671215], [132.2808193, 34.4670082], [132.280896, 34.4668802], [132.2814399, 34.4660209], [132.2815145, 34.4659035], [132.281556, 34.4657994], [132.2816026, 34.4653566], [132.2816682, 34.4643937], [132.2817698, 34.463285], [132.2818017, 34.4628474], [132.2817759, 34.4624082], [132.2817847, 34.4621054], [132.2818045, 34.4619852], [132.2818363, 34.461846], [132.2819275, 34.4616998], [132.2825331, 34.4609887], [132.2826738, 34.4607711], [132.2827591, 34.4605299], [132.2828672, 34.4601513], [132.2829603, 34.4598621], [132.2830539, 34.4596446], [132.2836073, 34.4585172], [132.2837139, 34.4582906], [132.2839236, 34.4578832], [132.2840962, 34.4575819], [132.2842104, 34.457314], [132.284301, 34.4571183], [132.2844189, 34.4568541], [132.2844938, 34.4566482], [132.284531, 34.4565121], [132.2845819, 34.4560001], [132.2846038, 34.4558743], [132.2846367, 34.4557661], [132.2846828, 34.4556396], [132.2847601, 34.4555058], [132.2848472, 34.4553922], [132.285013, 34.4551889], [132.2851175, 34.4550727], [132.2862139, 34.4538717], [132.2864076, 34.4535931], [132.2865896, 34.4533565], [132.2870201, 34.4526211], [132.2871092, 34.4524747], [132.2872334, 34.4523492], [132.2873647, 34.4522044], [132.2874117, 34.4521606], [132.2876004, 34.4520042], [132.2884011, 34.4513977], [132.288598, 34.4512328], [132.288749, 34.4510453], [132.2888173, 34.4508316], [132.2888418, 34.4505994], [132.288953, 34.4496809], [132.2890489, 34.4488531], [132.2890611, 34.448732], [132.2890448, 34.448377], [132.2889846, 34.4479017], [132.2889775, 34.4476729], [132.2890071, 34.4474349], [132.2892305, 34.446629], [132.2892488, 34.4465592], [132.2893019, 34.4464027], [132.2893304, 34.4463337], [132.289463, 34.4461352], [132.2896212, 34.4459308], [132.2897752, 34.4457356], [132.2898364, 34.4456439], [132.2899007, 34.4455421], [132.2899894, 34.4453747], [132.2903413, 34.4447026], [132.2905862, 34.4443173], [132.2906372, 34.4442576], [132.2909309, 34.4439404], [132.2912574, 34.4435922], [132.2913645, 34.443471], [132.2914267, 34.4433675], [132.2915185, 34.4431623], [132.2915797, 34.4429545], [132.291594, 34.4427366], [132.2915675, 34.4423177], [132.2915603, 34.4421713], [132.2914777, 34.4418583], [132.2913849, 34.4416463], [132.291338, 34.4415302], [132.2913043, 34.4413914], [132.2913216, 34.4412804], [132.2913686, 34.4411542], [132.29144, 34.4410406], [132.2915267, 34.4409557], [132.2916532, 34.4408833], [132.2918092, 34.4408], [132.291888, 34.4407604], [132.2919668, 34.4407209], [132.2920951, 34.4406582], [132.2922072, 34.440605], [132.2923193, 34.4405518], [132.2928395, 34.4403289], [132.2929267, 34.4402866], [132.293008, 34.4402371], [132.29304, 34.4402129], [132.2930826, 34.4401807], [132.2931497, 34.4401183], [132.293163, 34.4401029], [132.2932085, 34.4400504], [132.2932434, 34.4399996], [132.2932583, 34.4399779], [132.2938739, 34.438961], [132.2939002, 34.4389155], [132.2939245, 34.4388693], [132.2939467, 34.4388223], [132.2941544, 34.4383578], [132.2942787, 34.4380799], [132.2943274, 34.4379839], [132.2943859, 34.4378918], [132.2944539, 34.4378041], [132.2945307, 34.4377216], [132.2946158, 34.4376448], [132.2947086, 34.4375744], [132.2948085, 34.4375108], [132.2949146, 34.4374545], [132.2951188, 34.4373561], [132.2952681, 34.4372842], [132.2953531, 34.4372479], [132.2954421, 34.4372189], [132.2955343, 34.4371974], [132.2956285, 34.4371838], [132.295724, 34.4371781], [132.2958197, 34.4371804], [132.2959146, 34.4371907], [132.2962906, 34.4372476], [132.2963799, 34.4372576], [132.2964201, 34.4372621], [132.2965506, 34.4372666], [132.296681, 34.4372612], [132.2968103, 34.4372458], [132.2970249, 34.4372118], [132.2972071, 34.4371798], [132.2973877, 34.4371417], [132.2975663, 34.4370977], [132.2976086, 34.4370865], [132.2979821, 34.4369878], [132.2980542, 34.4369687], [132.2981185, 34.4369525], [132.2982507, 34.4369227], [132.2983004, 34.4369115], [132.2983453, 34.4369024], [132.2985622, 34.4368609], [132.2989867, 34.4367796], [132.2990725, 34.4367601], [132.2991802, 34.4367356], [132.2993688, 34.4366786], [132.2995511, 34.4366091], [132.3006438, 34.4361465], [132.3015629, 34.435769], [132.3020489, 34.4356319], [132.3023461, 34.4355631], [132.3026262, 34.4355214], [132.3029129, 34.435486], [132.303229, 34.4354744], [132.3034198, 34.4354783], [132.3038367, 34.4355006], [132.3041993, 34.4355287], [132.3045368, 34.4355341], [132.3046025, 34.4355321], [132.3048732, 34.4355098], [132.3051504, 34.4354759], [132.305223, 34.4354677], [132.3056311, 34.4354217]], [[132.3075918, 34.434832], [132.3074012, 34.4349976], [132.3071621, 34.435134], [132.3069467, 34.4352228], [132.3067759, 34.4352781], [132.3066533, 34.4353041], [132.3065064, 34.4353258], [132.3062581, 34.4353554], [132.3056311, 34.4354217]], [[132.3075918, 34.434832], [132.3077297, 34.4346638], [132.3078306, 34.43447], [132.3079122, 34.4342281], [132.3079295, 34.434113], [132.3079297, 34.4339766], [132.3079166, 34.4338279], [132.3078929, 34.4336808], [132.3078645, 34.4335657], [132.3078468, 34.4334795], [132.3076198, 34.4327031], [132.3074237, 34.4322199], [132.3073082, 34.4319807], [132.3072655, 34.4318622], [132.3072402, 34.4317276], [132.3072441, 34.4316027], [132.307274, 34.4314811], [132.3073257, 34.4313224], [132.3074192, 34.4310777], [132.3075466, 34.4308247], [132.307688, 34.4305915], [132.3072451, 34.4303514], [132.3069902, 34.4301951], [132.3069131, 34.4301247], [132.3068495, 34.430033], [132.3068093, 34.4299562], [132.3067856, 34.4298614], [132.3067767, 34.4297692], [132.3067904, 34.4296542], [132.3068529, 34.4295079], [132.3069764, 34.4292782], [132.3070328, 34.4291686], [132.3070648, 34.429059], [132.3070829, 34.4289504], [132.3070818, 34.4288417], [132.3070566, 34.4287394], [132.3070243, 34.4286527], [132.3069835, 34.428566], [132.3067832, 34.4282998], [132.3066856, 34.4281543], [132.3063073, 34.4276428], [132.3061871, 34.4274932], [132.3060517, 34.4273507], [132.305787, 34.4271401], [132.3053014, 34.4268096], [132.3051472, 34.4266978], [132.3050814, 34.4266436], [132.3050019, 34.4265781], [132.3048661, 34.4264511], [132.3044801, 34.4260664], [132.3043939, 34.4259841], [132.3043037, 34.4259048], [132.3042096, 34.4258286], [132.3040146, 34.4256773], [132.3031688, 34.4250211], [132.3030939, 34.4249571], [132.3030265, 34.4248876], [132.3029675, 34.4248131], [132.3029173, 34.4247343], [132.3028763, 34.424652], [132.3028449, 34.4245669], [132.3028235, 34.4244796], [132.3028121, 34.4243911], [132.302811, 34.4243022], [132.30282, 34.4242135], [132.3028392, 34.4241259], [132.3030159, 34.4234834], [132.3031959, 34.4228528], [132.3032296, 34.4227261], [132.3033738, 34.4222091], [132.3033969, 34.4221085], [132.3034106, 34.4220068], [132.3034147, 34.4219045], [132.3034092, 34.4218022], [132.3033942, 34.4217006], [132.3033696, 34.4216003], [132.3033358, 34.4215018], [132.3032929, 34.4214057], [132.3032411, 34.4213127], [132.3031807, 34.4212232], [132.3031122, 34.4211379], [132.3024798, 34.4204129], [132.3024102, 34.4203404], [132.302333, 34.4202734], [132.3022486, 34.4202124], [132.3021579, 34.4201581], [132.3020615, 34.4201108], [132.3019604, 34.4200709], [132.3018552, 34.4200388], [132.301747, 34.4200147], [132.3016365, 34.4199988], [132.3015248, 34.4199913], [132.3014127, 34.4199922], [132.3013011, 34.4200015], [132.3008811, 34.4200527], [132.3007669, 34.4200623], [132.300652, 34.4200632], [132.3005375, 34.4200555], [132.3004244, 34.4200393], [132.3003135, 34.4200146], [132.3002058, 34.4199817], [132.3001021, 34.4199409], [132.3000034, 34.4198924], [132.2996725, 34.4197126], [132.2996011, 34.4196738], [132.2994938, 34.4196155]], [[132.2967361, 34.3916039], [132.2967781, 34.3917358], [132.2968135, 34.391826], [132.2968763, 34.3918958], [132.2969333, 34.3919813], [132.2969476, 34.3921145], [132.2969095, 34.3922448], [132.2968594, 34.3923115], [132.2967689, 34.3924295], [132.2966384, 34.3925485], [132.2966252, 34.3925964], [132.2966175, 34.3927068], [132.2965907, 34.3928109], [132.2965477, 34.3928765], [132.2964509, 34.3929633], [132.2962763, 34.3931107], [132.2961482, 34.393192], [132.2957825, 34.393339], [132.2956099, 34.3934494], [132.2955343, 34.3934792], [132.2954208, 34.3935195], [132.2951837, 34.3935714], [132.2949755, 34.3936414], [132.2948609, 34.3937188], [132.2946499, 34.3938899], [132.2945257, 34.3939527], [132.2942574, 34.3940648], [132.2941256, 34.3941378], [132.2940892, 34.39419], [132.2940827, 34.3943183], [132.294098, 34.3945321], [132.2941188, 34.3948526], [132.2940855, 34.3949653], [132.2940046, 34.3951659], [132.2938933, 34.3955034], [132.2938625, 34.3956005], [132.2937964, 34.3958319], [132.2937455, 34.3959241], [132.293631, 34.3960232], [132.2934692, 34.3961362], [132.2934039, 34.3962347], [132.2933474, 34.3963415], [132.2932994, 34.3964442], [132.2932369, 34.3965331], [132.2932108, 34.3966055], [132.2932092, 34.3966918], [132.2932421, 34.3968332], [132.2933042, 34.3970586], [132.2933752, 34.3973319], [132.2933915, 34.3974092], [132.2933983, 34.3974975], [132.2933835, 34.3975417], [132.2933518, 34.397592], [132.2932789, 34.3976994], [132.2932008, 34.3977929], [132.29313, 34.3978579], [132.2929886, 34.3979621], [132.2927952, 34.3980494], [132.2926538, 34.3982256], [132.2926236, 34.3985023], [132.2927735, 34.3991267], [132.292801, 34.3995314], [132.2926812, 34.4004348], [132.2926506, 34.4011807], [132.2926743, 34.4017286], [132.2926795, 34.4018382], [132.2928048, 34.4030959], [132.2928303, 34.4034485], [132.2928403, 34.4038017], [132.2928316, 34.404155], [132.29277, 34.4057754], [132.2927658, 34.4060089], [132.2927711, 34.4062423], [132.2927857, 34.4064755], [132.2929538, 34.408496], [132.2929646, 34.4086083], [132.2929783, 34.4087203], [132.292995, 34.4088321], [132.2930691, 34.4092704], [132.2930894, 34.4093834], [132.2931136, 34.4094958], [132.2931416, 34.4096077], [132.293164, 34.4097036], [132.2931803, 34.4097827], [132.2933373, 34.4105665], [132.2933685, 34.4107241], [132.2933842, 34.410814], [132.293409, 34.4109562], [132.2934391, 34.4111894], [132.2934585, 34.4114233], [132.2934598, 34.4114583], [132.2934625, 34.4115292], [132.2934674, 34.4116577], [132.2934863, 34.4126726], [132.2935003, 34.4138413], [132.2935073, 34.4139621], [132.2935249, 34.4140822], [132.2935529, 34.414201], [132.2935911, 34.4143177], [132.2936394, 34.414432], [132.2936974, 34.414543], [132.293765, 34.4146504], [132.2938417, 34.4147534], [132.2939272, 34.4148517], [132.2940211, 34.4149447], [132.2941227, 34.4150318], [132.2942317, 34.4151127], [132.2942601, 34.4151309], [132.2943474, 34.415187], [132.2949597, 34.4155515], [132.2951687, 34.4156818], [132.2953707, 34.4158193], [132.2955654, 34.4159639], [132.2957523, 34.4161154], [132.295931, 34.4162733], [132.2961014, 34.4164375], [132.296263, 34.4166075], [132.2964155, 34.4167832], [132.2978469, 34.4185094], [132.2979568, 34.4186331], [132.2980762, 34.4187507], [132.2982045, 34.4188617], [132.2983413, 34.4189656], [132.2984859, 34.419062], [132.2986378, 34.4191505], [132.2992703, 34.4194941], [132.2993872, 34.4195576], [132.2994938, 34.4196155]], [[132.2967361, 34.3916039], [132.2967178, 34.3915167], [132.2966993, 34.3913766], [132.2967034, 34.3911754], [132.296709, 34.3910508], [132.2968014, 34.3908332], [132.2968763, 34.3906674], [132.2969375, 34.3904654], [132.2969212, 34.3902436], [132.2968697, 34.3899569], [132.2968809, 34.3897987], [132.2968998, 34.3895015], [132.2968122, 34.3891581], [132.2966839, 34.3890051], [132.2964329, 34.3887694], [132.2962194, 34.3886265], [132.2958933, 34.3885503], [132.2956487, 34.388496], [132.2955275, 34.3884115], [132.2954698, 34.3882651], [132.2954842, 34.3881722], [132.2955795, 34.3881115], [132.295816, 34.3881175], [132.2960815, 34.3881187], [132.2963815, 34.3880353], [132.2965749, 34.3879579], [132.2967581, 34.387846], [132.2968951, 34.3877187], [132.2970134, 34.3876222], [132.2971375, 34.3876079], [132.2973856, 34.3875341], [132.2976107, 34.387552], [132.2978747, 34.3876127], [132.2981228, 34.3875877], [132.2984358, 34.387546], [132.2985815, 34.3875103], [132.2987114, 34.3874198], [132.2988701, 34.3873686], [132.2990446, 34.3873544], [132.2993158, 34.3874925], [132.2994933, 34.3875341], [132.29975, 34.3876115], [132.2999203, 34.3876187], [132.3000544, 34.3876627], [132.3002146, 34.387796], [132.3003632, 34.3878663], [132.3005045, 34.3878698], [132.300594, 34.3877984], [132.3006574, 34.387699], [132.300769, 34.387614], [132.3009056, 34.3875329], [132.3010066, 34.387496], [132.3012244, 34.3875675], [132.3015677, 34.3876484], [132.3017712, 34.3877151], [132.3018934, 34.3878123], [132.3020279, 34.3879389], [132.3020908, 34.3880602], [132.3021174, 34.388252], [132.3019991, 34.3884068], [132.3016933, 34.3885901], [132.3014639, 34.3886782], [132.3013903, 34.3887389], [132.3013456, 34.3888234], [132.3014898, 34.3889663], [132.3015894, 34.3890544], [132.3016101, 34.3892714], [132.3016716, 34.3893258], [132.3017841, 34.3893341], [132.3018848, 34.3892926], [132.3020193, 34.3892913], [132.3020741, 34.3894068], [132.3020438, 34.3895579], [132.3021073, 34.3896341], [132.3022515, 34.3896841], [132.3023381, 34.3898341], [132.30239, 34.3899877], [132.3024953, 34.3900651], [132.3027218, 34.3900591], [132.3029166, 34.3899615], [132.3030363, 34.3898841], [132.303095, 34.3897885], [132.3031921, 34.3896532], [132.3032931, 34.3896282], [132.3034143, 34.3896199], [132.3034677, 34.3896341], [132.3035516, 34.3897023], [132.3036551, 34.3898641], [132.3037567, 34.3899681], [132.3038693, 34.3900396], [132.3039026, 34.3901084], [132.3039416, 34.3902691], [132.3040094, 34.3904643], [132.3041176, 34.3905155], [132.3042315, 34.3905], [132.30437, 34.3904881], [132.3044955, 34.3905215], [132.3045864, 34.390606], [132.3047393, 34.3908405], [132.304849, 34.3910822], [132.3049341, 34.3912476], [132.3050856, 34.3913298], [132.3052746, 34.3914238], [132.3055559, 34.3915548], [132.3057146, 34.3915821], [132.3057953, 34.3915369], [132.3058373, 34.3914612], [132.3058328, 34.391406], [132.3057708, 34.3913345], [132.3055674, 34.3912369], [132.3053323, 34.3911881], [132.3051692, 34.3910905], [132.305061, 34.3909441], [132.3049586, 34.3907179], [132.3048932, 34.3904129], [132.304823, 34.3902738], [132.3047163, 34.3901774], [132.3046297, 34.390156], [132.3045561, 34.3901488], [132.3044494, 34.3901096], [132.3044148, 34.3900238], [132.3044306, 34.3898941], [132.304409, 34.389756], [132.3042936, 34.3895239], [132.3041291, 34.3892346], [132.3040642, 34.3890989], [132.3039171, 34.3889596], [132.3037858, 34.3889453], [132.3036229, 34.3889539], [132.3033674, 34.3889977], [132.3032578, 34.3889453], [132.3032434, 34.3888346], [132.303366, 34.3886881], [132.3035261, 34.3885441], [132.3036083, 34.3883929], [132.3036862, 34.3881417], [132.3037324, 34.3879179], [132.3036891, 34.3877596], [132.3035348, 34.3875429], [132.3033328, 34.3873512], [132.3031352, 34.3872345], [132.3031265, 34.3871572], [132.3032015, 34.3870893], [132.3033241, 34.3871334], [132.3034121, 34.3872215], [132.3036256, 34.3873857], [132.3038175, 34.3876024], [132.3039142, 34.3878334], [132.3039574, 34.3880667], [132.3039993, 34.3883143], [132.3040729, 34.3886155], [132.3041363, 34.3886596], [132.3042113, 34.3886667], [132.3042734, 34.3886274], [132.3043066, 34.3885179], [132.3042864, 34.3882798], [132.3041854, 34.388], [132.3040368, 34.3875703], [132.3040238, 34.3874584], [132.3039546, 34.3872107], [132.30378, 34.3869667], [132.3037425, 34.3868429], [132.3037151, 34.3865548], [132.3036862, 34.3863512], [132.3036141, 34.386144], [132.3034756, 34.3859976], [132.3032217, 34.3858297], [132.3031828, 34.3857476], [132.3031957, 34.3857], [132.3032967, 34.3856815], [132.3033911, 34.3857027], [132.303516, 34.3858024], [132.3036704, 34.3859464], [132.3038752, 34.3862155], [132.3039834, 34.3863976], [132.3040347, 34.3864709], [132.3040866, 34.3865063], [132.3041435, 34.3865094], [132.3042018, 34.3864828], [132.3042254, 34.3864416], [132.3042278, 34.3863886], [132.3041969, 34.3863155], [132.3040065, 34.3861309], [132.3039171, 34.385975], [132.3038247, 34.3856928], [132.303793, 34.3855321], [132.3037959, 34.3852654], [132.3038752, 34.3850154], [132.3040022, 34.3846583], [132.3040801, 34.3845594], [132.3041281, 34.3845454], [132.3041926, 34.3845571], [132.304224, 34.3845935], [132.3042243, 34.3846356], [132.3041796, 34.3848059], [132.3041565, 34.3849583], [132.304194, 34.3851154], [132.3042628, 34.3852907], [132.3042867, 34.3853118], [132.3043152, 34.3853273], [132.3043609, 34.3853352], [132.3044176, 34.3853321], [132.3044626, 34.3853012], [132.304484, 34.3852607], [132.304523, 34.3851142], [132.3046744, 34.3847714], [132.3047913, 34.3845809], [132.3048187, 34.3843987], [132.3048216, 34.3840713], [132.3048995, 34.3835213], [132.3049139, 34.3832141], [132.3048721, 34.3829605], [132.3048649, 34.3826927], [132.304924, 34.3824129], [132.3049803, 34.3821724], [132.3050697, 34.3819093], [132.3050394, 34.3816176], [132.3050899, 34.3814187], [132.3051952, 34.3811997], [132.3053683, 34.381058], [132.3055155, 34.3810116], [132.3056496, 34.381027], [132.3058213, 34.3811009], [132.3059569, 34.3810985], [132.3060319, 34.3810568], [132.3061069, 34.3809223], [132.3062296, 34.380702], [132.3062462, 34.380573], [132.3062801, 34.3803603], [132.3063134, 34.3802623], [132.3063509, 34.3801729], [132.3064087, 34.38009], [132.3065498, 34.379952], [132.3072923, 34.3793429], [132.3074449, 34.3792156], [132.3076459, 34.3790454], [132.3082192, 34.3785688], [132.3083035, 34.3784893], [132.3084514, 34.3783114], [132.3085649, 34.3781442], [132.3086519, 34.3779779], [132.3088502, 34.3774379], [132.3089842, 34.3769858], [132.308991, 34.3769636], [132.3089983, 34.3769416], [132.3090061, 34.3769196], [132.3090143, 34.3768977], [132.3090348, 34.376845], [132.309072, 34.376749], [132.3090934, 34.376672], [132.3090992, 34.3765932], [132.3090891, 34.3765147], [132.3090635, 34.3764386], [132.309023, 34.3763671], [132.3089687, 34.376302], [132.3088911, 34.3762372], [132.3088121, 34.3761801], [132.3087255, 34.3761309], [132.3086327, 34.3760904], [132.3085347, 34.376059], [132.3084315, 34.3760496], [132.3083823, 34.3760469], [132.308333, 34.3760495], [132.3082846, 34.3760574], [132.3082378, 34.3760704], [132.3081934, 34.3760882], [132.3081522, 34.3761107], [132.3081149, 34.3761373], [132.3080821, 34.3761677], [132.3080542, 34.3762014], [132.3080319, 34.3762377], [132.3080155, 34.3762761], [132.3080053, 34.376316], [132.3080013, 34.3763566], [132.3080038, 34.3763973], [132.3080126, 34.3764373], [132.3080276, 34.3764761], [132.3080485, 34.376513], [132.3080751, 34.3765474], [132.3081068, 34.3765786], [132.3081432, 34.3766061], [132.3081835, 34.3766296], [132.3082272, 34.3766485], [132.3082735, 34.3766627], [132.3083216, 34.3766717], [132.3083707, 34.3766756], [132.3084201, 34.3766742], [132.3084688, 34.3766675], [132.308516, 34.3766557], [132.308561, 34.376639], [132.308603, 34.3766176], [132.3086413, 34.3765918], [132.3086752, 34.3765623], [132.3087042, 34.3765293], [132.3087278, 34.3764935], [132.3087456, 34.3764556], [132.3087574, 34.376416], [132.3087628, 34.3763755], [132.3087618, 34.3763348], [132.3087544, 34.3762945], [132.3087393, 34.3762335], [132.3085928, 34.3759587], [132.3080619, 34.3749516], [132.3079949, 34.3747729], [132.308003, 34.3746495], [132.3080627, 34.3745395], [132.308165, 34.3744471], [132.3084272, 34.37428], [132.3085509, 34.37419], [132.308612, 34.3741226], [132.3086592, 34.374004], [132.3086702, 34.3739098], [132.3086393, 34.3738077], [132.308587, 34.3737251], [132.3084802, 34.3736394], [132.308358, 34.3735834], [132.3081879, 34.3735506], [132.3076765, 34.3734774], [132.3067958, 34.3733553], [132.3065983, 34.3733264], [132.306473, 34.3733035], [132.3063512, 34.3732703], [132.3062341, 34.3732272], [132.3061228, 34.3731744], [132.3060186, 34.3731127], [132.3059353, 34.373052], [132.3059224, 34.3730426], [132.3058353, 34.3729649], [132.3057961, 34.3729219], [132.3057581, 34.3728803], [132.3056917, 34.3727897], [132.3056367, 34.3726941], [132.3055937, 34.3725943], [132.3055329, 34.3724269], [132.305453, 34.3722072], [132.3053967, 34.3720774], [132.3053243, 34.3719533], [132.3052364, 34.371836], [132.3051342, 34.371727], [132.3050187, 34.3716275], [132.3046522, 34.3713431], [132.3045514, 34.3712592], [132.3044644, 34.3711653], [132.3043926, 34.3710631], [132.3043373, 34.3709541], [132.3042993, 34.3708402], [132.3042793, 34.3707232], [132.3042775, 34.370605], [132.3042941, 34.3704876], [132.3043287, 34.370373], [132.3043808, 34.3702629], [132.3044495, 34.3701592], [132.3045337, 34.3700637], [132.304632, 34.3699778], [132.3047429, 34.369903], [132.304815, 34.3698659], [132.3048643, 34.3698405], [132.3050207, 34.3697647], [132.3051472, 34.3697034], [132.3052745, 34.3696416], [132.3054252, 34.3695685], [132.3055008, 34.3695319], [132.305605, 34.3694827], [132.3057032, 34.3694256], [132.3057946, 34.3693613], [132.3058783, 34.3692902], [132.3059536, 34.369213], [132.3060199, 34.3691303], [132.3060765, 34.3690429], [132.3061231, 34.3689515], [132.3061592, 34.368857], [132.3061844, 34.3687601], [132.3061986, 34.3686616], [132.3062016, 34.3685625], [132.3061935, 34.3684636], [132.3061742, 34.3683658], [132.306144, 34.3682698], [132.3061034, 34.3681316], [132.3060151, 34.3678412], [132.305869, 34.3674825], [132.3057639, 34.3672141], [132.3055885, 34.366779], [132.3055532, 34.3666677], [132.3055235, 34.3665523], [132.3055125, 34.3664503], [132.3055075, 34.3663523], [132.3055105, 34.3662511], [132.3055225, 34.366166], [132.3055295, 34.3660939], [132.3055544, 34.3659713], [132.3056591, 34.3656684], [132.3058069, 34.3653572], [132.305892, 34.3651894], [132.305952, 34.365086], [132.3059895, 34.3650215], [132.3061182, 34.3648194], [132.3061434, 34.3647848], [132.3062234, 34.364656], [132.3063501, 34.3645038], [132.3064847, 34.364354], [132.3066272, 34.3642108], [132.3067625, 34.3640925], [132.3071497, 34.3637606], [132.3076742, 34.3633112], [132.3076991, 34.3632922], [132.3081179, 34.3629918], [132.3086054, 34.3625727], [132.308724, 34.3624848], [132.3088126, 34.3623878], [132.3091367, 34.3620328], [132.3092195, 34.3619081], [132.3092916, 34.3617797], [132.3093525, 34.3616286], [132.3093849, 34.3614704], [132.3094081, 34.3613309], [132.3094149, 34.3612515], [132.30942, 34.3610667], [132.3093609, 34.3608093], [132.309292, 34.360519], [132.3092697, 34.3604153], [132.3092523, 34.3603079], [132.3092465, 34.360196], [132.3092499, 34.3600127], [132.3092666, 34.3598541], [132.3093204, 34.359688], [132.3094316, 34.3594565], [132.3095987, 34.3592474], [132.3097902, 34.3590747], [132.3103048, 34.3586604], [132.3104496, 34.3585426], [132.3107005, 34.3583481], [132.3110245, 34.3580757], [132.3113316, 34.3578684], [132.3115554, 34.3577554], [132.3119165, 34.357604], [132.3121361, 34.3575345], [132.3122003, 34.3575155], [132.3128358, 34.3573091], [132.313721, 34.3570245], [132.3137545, 34.3570143], [132.3139041, 34.3569687], [132.3140281, 34.3569309], [132.3151871, 34.3565607], [132.3153486, 34.3565129], [132.3155174, 34.3564651], [132.3174952, 34.3558715], [132.3176231, 34.3558402], [132.3176481, 34.3558341], [132.3177678, 34.3558053], [132.3185253, 34.3555774], [132.3192392, 34.3553759], [132.3193293, 34.3553536], [132.3195358, 34.3553014], [132.3204042, 34.355086], [132.3208452, 34.3549751], [132.3214205, 34.3547953], [132.3220311, 34.3545598], [132.3221701, 34.3545001], [132.3223464, 34.3544186]], [[132.3076991, 34.3632922], [132.3080597, 34.3629677], [132.3085514, 34.3625354], [132.3086464, 34.3624371], [132.3087363, 34.3623399], [132.3089064, 34.3621561], [132.3090558, 34.3619831], [132.3091408, 34.3618684], [132.3092135, 34.3617536], [132.3092695, 34.3616217], [132.3093164, 34.3614566], [132.3093335, 34.361328], [132.3093381, 34.361245], [132.3093294, 34.361071], [132.3092756, 34.36082], [132.3092078, 34.3605329], [132.3091831, 34.3604553], [132.3091624, 34.3603176], [132.3091574, 34.3602203], [132.3091565, 34.3600342], [132.3091711, 34.359859], [132.3092445, 34.3596386], [132.3093321, 34.3594751], [132.3094662, 34.3592751], [132.3095937, 34.3591429], [132.3099242, 34.3588641], [132.3102363, 34.3586056], [132.3103839, 34.358487], [132.3108161, 34.3581422], [132.311189, 34.3578705], [132.311466, 34.3577072], [132.3116941, 34.3576023], [132.3118827, 34.3575368], [132.3119108, 34.3575272], [132.3120052, 34.3574962], [132.3121656, 34.3574439], [132.3126938, 34.3572718], [132.3136405, 34.3569649], [132.3137181, 34.3569399], [132.3138678, 34.3568918], [132.314428, 34.3567115], [132.3151518, 34.3564887], [132.3153069, 34.3564395], [132.3154816, 34.3563855], [132.316647, 34.3560464], [132.3174693, 34.3558078], [132.3176212, 34.3557666], [132.3177396, 34.355735], [132.3183219, 34.3555619], [132.3192158, 34.3553076], [132.3192807, 34.3552914], [132.31951, 34.3552319], [132.3203574, 34.3550293], [132.320791, 34.3549168], [132.3213528, 34.3547335], [132.3219707, 34.3544876], [132.3221161, 34.3544156], [132.3222798, 34.35433]]]}, "id": "relation/4544688"}]}