{
  "type": "FeatureCollection",
  "generator": "overpass-turbo",
  "copyright": "The data included in this document is from www.openstreetmap.org. The data is made available under ODbL.",
  "timestamp": "2026-09-30T00:59:05Z",
  "features": [
    {
      "type": "Feature",
      "properties": {
        "@id": "relation/2954632",
        "colour": "red",
        "from": "群馬県前橋市",
        "name": "国道50号",
        "name:en": "National Highway Route 50",
        "name:ja": "国道50号",
        "name:ja-Hira": "こくどうごじゅうごう",
        "name:ja-Latn": "kokudou 50 gou",
        "network": "JP:national",
        "operator": "関東地方整備局",
        "ref": "50",
        "route": "road",
        "to": "茨城県水戸市",
        "type": "route",
        "wikidata": "Q2912151",
        "wikipedia": "ja:国道50号"
      },
      "geometry": {
        "type": "MultiLineString",
        "coordinates": [
          [
            [
              139.2788718,
              36.3925371
            ],
            [
              139.2789707,
              36.3926373
            ],
            [
              139.2791562,
              36.3928005
            ],
            [
              139.2793882,
              36.3929873
            ],
            [
              139.2794774,
              36.3930445
            ],
            [
              139.2796041,
              36.3931125
            ],
            [
              139.2797744,
              36.3931999
            ],
            [
              139.2799474,
              36.3932733
            ],
            [
              139.280092,
              36.3933238
            ],
            [
              139.2802924,
              36.3933855
            ],
            [
              139.2803807,
              36.3934003
            ],
            [
              139.2805436,
              36.3934267
            ],
            [
              139.2807168,
              36.3934362
            ],
            [
              139.2808206,
              36.3934412
            ],
            [
              139.2812079,
              36.3934452
            ],
            [
              139.2816942,
              36.3934459
            ],
            [
              139.2821424,
              36.3934538
            ],
            [
              139.2824521,
              36.3934649
            ],
            [
              139.2826892,
              36.3934817
            ],
            [
              139.2828905,
              36.3934954
            ],
            [
              139.2830949,
              36.3935138
            ],
            [
              139.283373,
              36.3935406
            ],
            [
              139.2834893,
              36.393558
            ],
            [
              139.2839684,
              36.3936298
            ],
            [
              139.2840925,
              36.3936505
            ],
            [
              139.284222,
              36.3936782
            ],
            [
              139.2848867,
              36.3937999
            ],
            [
              139.2857646,
              36.3939739
            ],
            [
              139.2863688,
              36.39411
            ],
            [
              139.2865599,
              36.3941586
            ],
            [
              139.2876135,
              36.3944089
            ],
            [
              139.2884058,
              36.3946028
            ],
            [
              139.2885995,
              36.3946449
            ],
            [
              139.2888364,
              36.3946969
            ],
            [
              139.289064,
              36.3947406
            ],
            [
              139.289217,
              36.3947676
            ],
            [
              139.2893758,
              36.394794
            ],
            [
              139.2896223,
              36.3948316
            ],
            [
              139.2899509,
              36.3948759
            ],
            [
              139.2912129,
              36.3950395
            ],
            [
              139.2914363,
              36.3950657
            ],
            [
              139.2916409,
              36.3950801
            ],
            [
              139.2917871,
              36.3950823
            ],
            [
              139.2919084,
              36.3950805
            ],
            [
              139.2920275,
              36.3950766
            ],
            [
              139.2921427,
              36.3950692
            ],
            [
              139.2922547,
              36.3950568
            ],
            [
              139.292338,
              36.3950459
            ],
            [
              139.2924781,
              36.3950244
            ],
            [
              139.2926093,
              36.395002
            ],
            [
              139.2928394,
              36.394956
            ],
            [
              139.2931887,
              36.3948765
            ],
            [
              139.2947969,
              36.3945127
            ],
            [
              139.2950889,
              36.3944493
            ],
            [
              139.2953916,
              36.3943823
            ],
            [
              139.2958015,
              36.3942896
            ],
            [
              139.296023,
              36.3942395
            ],
            [
              139.2961946,
              36.3941955
            ],
            [
              139.296756,
              36.3940735
            ],
            [
              139.2980866,
              36.3937711
            ],
            [
              139.2982044,
              36.3937431
            ],
            [
              139.2983126,
              36.3937184
            ],
            [
              139.2986585,
              36.3936428
            ],
            [
              139.29915,
              36.3935301
            ],
            [
              139.2994167,
              36.3934731
            ],
            [
              139.3009832,
              36.3931184
            ],
            [
              139.301119,
              36.3930891
            ],
            [
              139.3012307,
              36.3930629
            ],
            [
              139.3021822,
              36.3928511
            ],
            [
              139.3025161,
              36.3927714
            ],
            [
              139.3025674,
              36.3927577
            ],
            [
              139.3027018,
              36.3927219
            ],
            [
              139.3029524,
              36.3926539
            ],
            [
              139.3031752,
              36.3925934
            ],
            [
              139.3034228,
              36.3925177
            ],
            [
              139.303588,
              36.3924618
            ],
            [
              139.3039806,
              36.3923262
            ],
            [
              139.3044871,
              36.3921332
            ],
            [
              139.3049139,
              36.3919358
            ],
            [
              139.305025,
              36.3918849
            ],
            [
              139.3051444,
              36.3918301
            ],
            [
              139.3052088,
              36.3918005
            ],
            [
              139.3056178,
              36.3915969
            ],
            [
              139.3061726,
              36.3913462
            ],
            [
              139.3069731,
              36.3909958
            ],
            [
              139.3072949,
              36.3908671
            ],
            [
              139.307887,
              36.3905912
            ],
            [
              139.3082604,
              36.3904225
            ],
            [
              139.3092956,
              36.3899543
            ],
            [
              139.3095025,
              36.3898611
            ],
            [
              139.3106891,
              36.3893174
            ],
            [
              139.3114633,
              36.3889682
            ],
            [
              139.3123787,
              36.3885601
            ],
            [
              139.3124776,
              36.3885189
            ],
            [
              139.3128423,
              36.3883667
            ],
            [
              139.3132217,
              36.3882166
            ],
            [
              139.3133934,
              36.3881506
            ],
            [
              139.3135089,
              36.3881068
            ],
            [
              139.3135929,
              36.3880764
            ],
            [
              139.3139767,
              36.3879396
            ],
            [
              139.3143651,
              36.3878062
            ],
            [
              139.3148142,
              36.3876612
            ],
            [
              139.314827,
              36.3876574
            ],
            [
              139.3152526,
              36.3875313
            ],
            [
              139.3156507,
              36.3874166
            ],
            [
              139.3160035,
              36.387326
            ],
            [
              139.3165009,
              36.3872058
            ],
            [
              139.3166331,
              36.387168
            ],
            [
              139.316786,
              36.387133
            ],
            [
              139.3170205,
              36.3870891
            ],
            [
              139.317389,
              36.3870215
            ],
            [
              139.317779,
              36.386967
            ],
            [
              139.3181544,
              36.3869194
            ],
            [
              139.3186187,
              36.3868762
            ],
            [
              139.3188831,
              36.3868613
            ],
            [
              139.319144,
              36.3868492
            ],
            [
              139.3194701,
              36.3868387
            ],
            [
              139.3197926,
              36.38684
            ],
            [
              139.3204695,
              36.3868579
            ],
            [
              139.32056,
              36.3868605
            ],
            [
              139.3212431,
              36.3868797
            ],
            [
              139.3213598,
              36.3868828
            ],
            [
              139.3214518,
              36.386885
            ],
            [
              139.3222116,
              36.3869097
            ],
            [
              139.3225624,
              36.3869186
            ],
            [
              139.3228272,
              36.3869331
            ],
            [
              139.3229922,
              36.3869441
            ],
            [
              139.3230412,
              36.3869456
            ],
            [
              139.3232384,
              36.3869514
            ],
            [
              139.3233965,
              36.3869543
            ],
            [
              139.3237992,
              36.3869628
            ],
            [
              139.3239051,
              36.3869629
            ],
            [
              139.3240535,
              36.3869646
            ],
            [
              139.3244058,
              36.3869801
            ],
            [
              139.3248284,
              36.3869984
            ],
            [
              139.3250071,
              36.3870056
            ],
            [
              139.3251569,
              36.3870079
            ],
            [
              139.3253583,
              36.3870066
            ],
            [
              139.3255176,
              36.3870077
            ],
            [
              139.3258002,
              36.387016
            ],
            [
              139.3261989,
              36.3870272
            ],
            [
              139.3266887,
              36.3870415
            ],
            [
              139.3268394,
              36.3870483
            ],
            [
              139.3269462,
              36.3870504
            ],
            [
              139.327385,
              36.3870635
            ],
            [
              139.3291516,
              36.3871164
            ],
            [
              139.3295525,
              36.3871236
            ],
            [
              139.3299554,
              36.3871383
            ],
            [
              139.330322,
              36.3871433
            ],
            [
              139.3306643,
              36.3871407
            ],
            [
              139.3309384,
              36.3871343
            ],
            [
              139.3312864,
              36.3871111
            ],
            [
              139.3316,
              36.3870807
            ],
            [
              139.3318914,
              36.3870441
            ],
            [
              139.3321765,
              36.3870004
            ],
            [
              139.3324701,
              36.3869491
            ],
            [
              139.3327408,
              36.3868923
            ],
            [
              139.3330214,
              36.386829
            ],
            [
              139.3332781,
              36.386758
            ],
            [
              139.3335046,
              36.38669
            ],
            [
              139.3337101,
              36.3866254
            ],
            [
              139.3338938,
              36.3865625
            ],
            [
              139.3341285,
              36.3864884
            ],
            [
              139.3343036,
              36.3864153
            ],
            [
              139.334482,
              36.386349
            ],
            [
              139.3346444,
              36.3862784
            ],
            [
              139.3348333,
              36.3861942
            ],
            [
              139.3349677,
              36.3861359
            ],
            [
              139.3351363,
              36.3860508
            ],
            [
              139.3352837,
              36.3859747
            ],
            [
              139.3354212,
              36.3859026
            ],
            [
              139.3356136,
              36.3857944
            ],
            [
              139.3357985,
              36.3856851
            ],
            [
              139.3358959,
              36.3856219
            ],
            [
              139.335986,
              36.3855643
            ],
            [
              139.3361205,
              36.385476
            ],
            [
              139.336209,
              36.3854187
            ],
            [
              139.3363276,
              36.3853322
            ],
            [
              139.3364106,
              36.3852724
            ],
            [
              139.3364578,
              36.3852378
            ],
            [
              139.3364936,
              36.3852115
            ],
            [
              139.3365794,
              36.3851473
            ],
            [
              139.3366938,
              36.3850536
            ],
            [
              139.3367866,
              36.3849809
            ],
            [
              139.3368673,
              36.3849116
            ],
            [
              139.3369417,
              36.3848466
            ],
            [
              139.3370558,
              36.3847494
            ],
            [
              139.3380591,
              36.3838452
            ],
            [
              139.338623,
              36.3833261
            ],
            [
              139.3396235,
              36.3824403
            ],
            [
              139.3397097,
              36.3823607
            ],
            [
              139.3398178,
              36.382261
            ],
            [
              139.3399456,
              36.382143
            ],
            [
              139.3400263,
              36.3820789
            ],
            [
              139.3401215,
              36.3819934
            ],
            [
              139.3401775,
              36.3819452
            ],
            [
              139.3403264,
              36.3818158
            ],
            [
              139.3404328,
              36.3817265
            ],
            [
              139.3404772,
              36.3816883
            ],
            [
              139.3410198,
              36.3812328
            ],
            [
              139.3412534,
              36.3810394
            ],
            [
              139.3417917,
              36.3806031
            ],
            [
              139.3418599,
              36.3805458
            ],
            [
              139.341937,
              36.3804864
            ],
            [
              139.342053,
              36.3803965
            ],
            [
              139.3422988,
              36.3802047
            ],
            [
              139.3429069,
              36.3797371
            ],
            [
              139.3429497,
              36.3797068
            ],
            [
              139.3430312,
              36.3796493
            ],
            [
              139.3448937,
              36.378233
            ],
            [
              139.3452578,
              36.3779529
            ],
            [
              139.3453991,
              36.3778457
            ],
            [
              139.3459999,
              36.377389
            ],
            [
              139.3464919,
              36.3770107
            ],
            [
              139.34676,
              36.3768046
            ],
            [
              139.3468091,
              36.3767654
            ],
            [
              139.3470166,
              36.3766075
            ],
            [
              139.3471324,
              36.3765194
            ],
            [
              139.3476853,
              36.3761016
            ],
            [
              139.3480243,
              36.3758409
            ],
            [
              139.3485275,
              36.3754559
            ],
            [
              139.3489296,
              36.3751477
            ],
            [
              139.3489633,
              36.3751218
            ],
            [
              139.349026,
              36.3750724
            ],
            [
              139.3491923,
              36.3749478
            ],
            [
              139.3500218,
              36.3743098
            ],
            [
              139.3500876,
              36.3742582
            ],
            [
              139.3503442,
              36.3740643
            ],
            [
              139.3511361,
              36.3734661
            ],
            [
              139.3511945,
              36.373422
            ],
            [
              139.3519388,
              36.3728586
            ],
            [
              139.351983,
              36.372825
            ],
            [
              139.3520829,
              36.3727495
            ],
            [
              139.3524222,
              36.3724858
            ],
            [
              139.3526125,
              36.3723382
            ],
            [
              139.3533425,
              36.37176
            ],
            [
              139.3537238,
              36.3714775
            ],
            [
              139.3541196,
              36.3711842
            ],
            [
              139.3544706,
              36.3709273
            ],
            [
              139.3553281,
              36.3703669
            ],
            [
              139.3561821,
              36.3698597
            ],
            [
              139.3570996,
              36.3693432
            ],
            [
              139.3577881,
              36.3690132
            ],
            [
              139.3588176,
              36.3685178
            ],
            [
              139.3597412,
              36.3681108
            ],
            [
              139.3602744,
              36.36787
            ],
            [
              139.3616347,
              36.3672516
            ],
            [
              139.3617423,
              36.3671945
            ],
            [
              139.3618453,
              36.3671379
            ],
            [
              139.3625597,
              36.3667416
            ],
            [
              139.3629373,
              36.3665154
            ],
            [
              139.3631162,
              36.3663969
            ],
            [
              139.3635326,
              36.3661213
            ],
            [
              139.3638588,
              36.3658957
            ],
            [
              139.3646174,
              36.3653106
            ],
            [
              139.365059,
              36.3649648
            ],
            [
              139.3654429,
              36.3646611
            ],
            [
              139.3655611,
              36.3645676
            ],
            [
              139.3656532,
              36.3644848
            ],
            [
              139.367255,
              36.3631832
            ],
            [
              139.3680098,
              36.3626045
            ],
            [
              139.3687689,
              36.361991
            ],
            [
              139.3699009,
              36.3610575
            ],
            [
              139.370923,
              36.3602288
            ],
            [
              139.3713564,
              36.3598589
            ],
            [
              139.371589,
              36.3596494
            ],
            [
              139.3718359,
              36.3594276
            ],
            [
              139.3720506,
              36.359219
            ],
            [
              139.3722715,
              36.3589974
            ],
            [
              139.372607,
              36.358641
            ],
            [
              139.3727444,
              36.3584992
            ],
            [
              139.3730193,
              36.3581937
            ],
            [
              139.3732349,
              36.3579676
            ],
            [
              139.373409,
              36.3577434
            ],
            [
              139.3734946,
              36.3575901
            ],
            [
              139.373877,
              36.3570738
            ],
            [
              139.3739631,
              36.3569575
            ],
            [
              139.3743642,
              36.3563706
            ],
            [
              139.3749517,
              36.3555739
            ],
            [
              139.3755701,
              36.3547098
            ],
            [
              139.3762814,
              36.3536947
            ],
            [
              139.3771367,
              36.3525043
            ],
            [
              139.3771824,
              36.3524394
            ],
            [
              139.3780746,
              36.3511744
            ],
            [
              139.3782359,
              36.3509458
            ],
            [
              139.3789614,
              36.3499172
            ],
            [
              139.3794148,
              36.3492743
            ],
            [
              139.3798546,
              36.3486508
            ],
            [
              139.3805726,
              36.3476479
            ],
            [
              139.3806117,
              36.3475933
            ],
            [
              139.3807432,
              36.3474002
            ],
            [
              139.3808248,
              36.3472709
            ],
            [
              139.3813934,
              36.3464839
            ],
            [
              139.3814404,
              36.3464261
            ],
            [
              139.3826959,
              36.3448292
            ],
            [
              139.3827749,
              36.3447287
            ],
            [
              139.3832465,
              36.3441227
            ],
            [
              139.3847706,
              36.3422212
            ],
            [
              139.3848916,
              36.3420692
            ],
            [
              139.384991,
              36.341946
            ],
            [
              139.3851892,
              36.341698
            ],
            [
              139.3854139,
              36.3413929
            ],
            [
              139.3865162,
              36.3400048
            ],
            [
              139.3890688,
              36.3368264
            ],
            [
              139.3897914,
              36.3359744
            ],
            [
              139.3899554,
              36.3358033
            ],
            [
              139.3900306,
              36.3357283
            ],
            [
              139.3901057,
              36.3356533
            ],
            [
              139.3905731,
              36.335218
            ],
            [
              139.391046,
              36.3348499
            ],
            [
              139.3913605,
              36.3346218
            ],
            [
              139.3914048,
              36.3345903
            ],
            [
              139.3918587,
              36.3342672
            ],
            [
              139.3928032,
              36.3336
            ],
            [
              139.3930319,
              36.3334423
            ],
            [
              139.3951507,
              36.3319703
            ],
            [
              139.3953439,
              36.3318302
            ],
            [
              139.395537,
              36.3316902
            ],
            [
              139.3985581,
              36.3295541
            ],
            [
              139.3992627,
              36.3290791
            ],
            [
              139.3999778,
              36.3286465
            ],
            [
              139.4008099,
              36.328186
            ],
            [
              139.4022828,
              36.3274973
            ],
            [
              139.4037587,
              36.3268037
            ],
            [
              139.406579,
              36.3255131
            ],
            [
              139.4066992,
              36.3254581
            ],
            [
              139.4068115,
              36.3254058
            ],
            [
              139.4103858,
              36.3237406
            ],
            [
              139.4122596,
              36.322868
            ],
            [
              139.4129696,
              36.3225215
            ],
            [
              139.4135776,
              36.3221723
            ],
            [
              139.4138688,
              36.3220035
            ],
            [
              139.4144051,
              36.321681
            ],
            [
              139.4151274,
              36.3212049
            ],
            [
              139.416478,
              36.3202926
            ],
            [
              139.4198756,
              36.3179741
            ],
            [
              139.4205471,
              36.3175159
            ],
            [
              139.4211909,
              36.3171124
            ],
            [
              139.4219868,
              36.3166968
            ],
            [
              139.4225862,
              36.3164283
            ],
            [
              139.4231832,
              36.3162014
            ],
            [
              139.4240281,
              36.3159044
            ],
            [
              139.4242005,
              36.3158438
            ],
            [
              139.4252235,
              36.3154754
            ],
            [
              139.4255959,
              36.315338
            ],
            [
              139.425907,
              36.3152247
            ],
            [
              139.4261262,
              36.3151438
            ],
            [
              139.427084,
              36.3147904
            ],
            [
              139.4280746,
              36.3144393
            ],
            [
              139.4286677,
              36.3142291
            ],
            [
              139.4295535,
              36.313924
            ],
            [
              139.4309112,
              36.3135001
            ],
            [
              139.4337123,
              36.3126859
            ],
            [
              139.4353628,
              36.3122201
            ],
            [
              139.4395307,
              36.3110044
            ],
            [
              139.4410614,
              36.3105579
            ],
            [
              139.4413724,
              36.3104638
            ],
            [
              139.4421841,
              36.3102327
            ],
            [
              139.4430573,
              36.3099677
            ],
            [
              139.4438854,
              36.3097502
            ],
            [
              139.444378,
              36.3096414
            ],
            [
              139.4448751,
              36.3095403
            ],
            [
              139.4456095,
              36.3094238
            ],
            [
              139.4459241,
              36.3093827
            ],
            [
              139.4465151,
              36.309309
            ],
            [
              139.4470367,
              36.3092579
            ],
            [
              139.4477878,
              36.3092182
            ],
            [
              139.4484767,
              36.309198
            ],
            [
              139.4501733,
              36.3091621
            ],
            [
              139.4506158,
              36.309156
            ],
            [
              139.4520979,
              36.3091202
            ],
            [
              139.4531899,
              36.3090938
            ],
            [
              139.4537771,
              36.3090793
            ],
            [
              139.4543346,
              36.3090527
            ],
            [
              139.4552983,
              36.3089973
            ],
            [
              139.4561934,
              36.308895
            ],
            [
              139.4569066,
              36.3088049
            ],
            [
              139.4579486,
              36.308619
            ],
            [
              139.4591025,
              36.3084047
            ],
            [
              139.4624675,
              36.3077747
            ],
            [
              139.4636351,
              36.3075737
            ],
            [
              139.4647445,
              36.307362
            ],
            [
              139.4657735,
              36.3070727
            ],
            [
              139.466915,
              36.3066961
            ],
            [
              139.4676157,
              36.3064069
            ],
            [
              139.4684325,
              36.3060352
            ],
            [
              139.4690441,
              36.3057375
            ],
            [
              139.4695178,
              36.3054865
            ],
            [
              139.4701032,
              36.3051483
            ],
            [
              139.4710812,
              36.3044892
            ],
            [
              139.4717534,
              36.3039826
            ],
            [
              139.4725107,
              36.3034019
            ],
            [
              139.4732178,
              36.3028638
            ],
            [
              139.4753863,
              36.3011879
            ],
            [
              139.475479,
              36.3011162
            ],
            [
              139.4763162,
              36.3004682
            ],
            [
              139.4782304,
              36.2989744
            ],
            [
              139.4804317,
              36.2972836
            ],
            [
              139.4813265,
              36.2966043
            ],
            [
              139.4819437,
              36.2961234
            ],
            [
              139.4823471,
              36.2958283
            ],
            [
              139.4825066,
              36.2957116
            ],
            [
              139.4830052,
              36.2953798
            ],
            [
              139.4835088,
              36.2950568
            ],
            [
              139.4840074,
              36.2947796
            ],
            [
              139.4843969,
              36.2945713
            ],
            [
              139.4848427,
              36.2943484
            ],
            [
              139.4850349,
              36.2942586
            ],
            [
              139.4854152,
              36.2940934
            ],
            [
              139.4858062,
              36.293932
            ],
            [
              139.4863339,
              36.2937317
            ],
            [
              139.4867963,
              36.2935641
            ],
            [
              139.487623,
              36.2932973
            ],
            [
              139.487798,
              36.2932426
            ],
            [
              139.4879897,
              36.2931798
            ],
            [
              139.4881164,
              36.2931454
            ],
            [
              139.490325,
              36.2924278
            ],
            [
              139.4906554,
              36.2923226
            ],
            [
              139.4920493,
              36.2918765
            ],
            [
              139.4958943,
              36.2906782
            ],
            [
              139.4960012,
              36.2906449
            ],
            [
              139.4978879,
              36.2900321
            ],
            [
              139.5002992,
              36.2892589
            ],
            [
              139.501576,
              36.2888732
            ],
            [
              139.5019817,
              36.2887428
            ],
            [
              139.5025909,
              36.2885477
            ],
            [
              139.504786,
              36.2878448
            ],
            [
              139.5063951,
              36.2873315
            ],
            [
              139.5069246,
              36.2871621
            ],
            [
              139.5073037,
              36.2870431
            ],
            [
              139.5077265,
              36.286906
            ],
            [
              139.5085703,
              36.2866339
            ],
            [
              139.5101111,
              36.2861507
            ],
            [
              139.5110567,
              36.2858392
            ],
            [
              139.5114069,
              36.2857391
            ],
            [
              139.5123029,
              36.2854881
            ],
            [
              139.5127309,
              36.2853715
            ],
            [
              139.5131402,
              36.2852768
            ],
            [
              139.5137296,
              36.2851616
            ],
            [
              139.5139841,
              36.2851082
            ],
            [
              139.5145942,
              36.2850347
            ],
            [
              139.5150089,
              36.2850029
            ],
            [
              139.5153903,
              36.2849954
            ],
            [
              139.5157572,
              36.2849954
            ],
            [
              139.516017,
              36.2850051
            ],
            [
              139.5161967,
              36.2850139
            ],
            [
              139.5166002,
              36.2850446
            ],
            [
              139.517128,
              36.2851084
            ],
            [
              139.5175042,
              36.2851744
            ],
            [
              139.5178382,
              36.2852392
            ],
            [
              139.5181803,
              36.2853182
            ],
            [
              139.5184951,
              36.2854011
            ],
            [
              139.5188018,
              36.2854947
            ],
            [
              139.5194355,
              36.2857242
            ],
            [
              139.5197822,
              36.2858673
            ],
            [
              139.520137,
              36.286031
            ],
            [
              139.5207134,
              36.2863345
            ],
            [
              139.521186,
              36.2866287
            ],
            [
              139.5217469,
              36.2869985
            ],
            [
              139.5225141,
              36.2875535
            ],
            [
              139.523819,
              36.2885298
            ],
            [
              139.5241946,
              36.2888217
            ],
            [
              139.5270222,
              36.2909562
            ],
            [
              139.5277617,
              36.2915283
            ],
            [
              139.5284359,
              36.2920127
            ],
            [
              139.5287894,
              36.292219
            ],
            [
              139.5289328,
              36.2923027
            ],
            [
              139.5291195,
              36.2924117
            ],
            [
              139.5298417,
              36.2927697
            ],
            [
              139.5301339,
              36.2928918
            ],
            [
              139.5303523,
              36.2929768
            ],
            [
              139.5305706,
              36.293055
            ],
            [
              139.5308432,
              36.2931412
            ],
            [
              139.5308909,
              36.2931563
            ],
            [
              139.5312028,
              36.2932542
            ],
            [
              139.5315176,
              36.2933357
            ],
            [
              139.5318392,
              36.2934034
            ],
            [
              139.5321432,
              36.2934613
            ],
            [
              139.5323296,
              36.2934944
            ],
            [
              139.5325011,
              36.2935248
            ],
            [
              139.532715,
              36.2935546
            ],
            [
              139.5330883,
              36.2936014
            ],
            [
              139.5334124,
              36.2936284
            ],
            [
              139.5337229,
              36.2936417
            ],
            [
              139.5339357,
              36.2936422
            ],
            [
              139.534135,
              36.2936421
            ],
            [
              139.5344351,
              36.2936396
            ],
            [
              139.5346958,
              36.2936234
            ],
            [
              139.5349976,
              36.2936032
            ],
            [
              139.5355284,
              36.2935487
            ],
            [
              139.5361694,
              36.293444
            ],
            [
              139.536747,
              36.2933206
            ],
            [
              139.5371951,
              36.2932006
            ],
            [
              139.5378003,
              36.2930248
            ],
            [
              139.5387414,
              36.2927234
            ],
            [
              139.5406322,
              36.2921126
            ],
            [
              139.5413434,
              36.2918899
            ],
            [
              139.5426782,
              36.2914672
            ],
            [
              139.5435304,
              36.2911944
            ],
            [
              139.5441261,
              36.2910037
            ],
            [
              139.5443012,
              36.2909515
            ],
            [
              139.5448568,
              36.2907857
            ],
            [
              139.5461588,
              36.2903742
            ],
            [
              139.5463377,
              36.2903238
            ],
            [
              139.5465,
              36.2902673
            ],
            [
              139.5467038,
              36.2902122
            ],
            [
              139.5470668,
              36.2901141
            ],
            [
              139.5471386,
              36.290096
            ],
            [
              139.5472938,
              36.2900568
            ],
            [
              139.5474454,
              36.2900184
            ],
            [
              139.5475733,
              36.2899861
            ],
            [
              139.5479236,
              36.2898986
            ],
            [
              139.5484102,
              36.289791
            ],
            [
              139.5486575,
              36.2897412
            ],
            [
              139.5493057,
              36.289624
            ],
            [
              139.5496456,
              36.2895697
            ],
            [
              139.5499769,
              36.2895258
            ],
            [
              139.5512888,
              36.2893582
            ],
            [
              139.5524714,
              36.2892136
            ],
            [
              139.5535462,
              36.289073
            ],
            [
              139.5545007,
              36.2889481
            ],
            [
              139.5599028,
              36.2882672
            ],
            [
              139.560375,
              36.2882051
            ],
            [
              139.561984,
              36.2879923
            ],
            [
              139.5627606,
              36.2879032
            ],
            [
              139.5630465,
              36.2878755
            ],
            [
              139.5634624,
              36.2878524
            ],
            [
              139.563812,
              36.2878463
            ],
            [
              139.5641516,
              36.287845
            ],
            [
              139.5645723,
              36.2878632
            ],
            [
              139.5647913,
              36.287873
            ],
            [
              139.5650154,
              36.2878891
            ],
            [
              139.5652441,
              36.2879102
            ],
            [
              139.5655035,
              36.2879396
            ],
            [
              139.5657503,
              36.28797
            ],
            [
              139.5661929,
              36.2880303
            ],
            [
              139.5666764,
              36.2881224
            ],
            [
              139.5679806,
              36.288389
            ],
            [
              139.5699089,
              36.2887721
            ],
            [
              139.5705314,
              36.2888987
            ],
            [
              139.5759453,
              36.2900001
            ],
            [
              139.5785688,
              36.290523
            ],
            [
              139.5812198,
              36.2910732
            ],
            [
              139.5843079,
              36.2916831
            ],
            [
              139.5848046,
              36.2917858
            ],
            [
              139.5865228,
              36.2921411
            ],
            [
              139.5869674,
              36.2922324
            ],
            [
              139.5901721,
              36.2928713
            ],
            [
              139.5905944,
              36.2929716
            ],
            [
              139.5910966,
              36.2931138
            ],
            [
              139.5915515,
              36.2932523
            ],
            [
              139.5919278,
              36.2933812
            ],
            [
              139.5924701,
              36.2935902
            ],
            [
              139.5948704,
              36.2945379
            ],
            [
              139.5955873,
              36.294814
            ],
            [
              139.5964689,
              36.2951615
            ],
            [
              139.5969148,
              36.2953442
            ],
            [
              139.5972706,
              36.2954731
            ],
            [
              139.5979911,
              36.2957045
            ],
            [
              139.5987372,
              36.295915
            ],
            [
              139.5997818,
              36.2961367
            ],
            [
              139.6002381,
              36.2962207
            ],
            [
              139.6007344,
              36.2962936
            ],
            [
              139.6012414,
              36.2963563
            ],
            [
              139.601735,
              36.296409
            ],
            [
              139.6020686,
              36.2964281
            ],
            [
              139.602389,
              36.2964389
            ],
            [
              139.6027642,
              36.2964476
            ],
            [
              139.6031293,
              36.2964519
            ],
            [
              139.6036101,
              36.2964503
            ],
            [
              139.6040294,
              36.2964411
            ],
            [
              139.6042367,
              36.2964268
            ],
            [
              139.6045469,
              36.2964002
            ],
            [
              139.6049117,
              36.2963682
            ],
            [
              139.6055911,
              36.2962876
            ],
            [
              139.6065234,
              36.2961479
            ],
            [
              139.6065956,
              36.2961371
            ],
            [
              139.6071885,
              36.2960467
            ],
            [
              139.6072708,
              36.2960352
            ],
            [
              139.61036,
              36.2956024
            ],
            [
              139.6107714,
              36.2955451
            ],
            [
              139.61127,
              36.2954823
            ],
            [
              139.6118613,
              36.2954147
            ],
            [
              139.6123665,
              36.2953825
            ],
            [
              139.6132101,
              36.2953692
            ],
            [
              139.614017,
              36.2953884
            ],
            [
              139.6145809,
              36.2954179
            ],
            [
              139.6158394,
              36.295466
            ],
            [
              139.6161401,
              36.2954804
            ],
            [
              139.6166824,
              36.2955043
            ],
            [
              139.6175462,
              36.2955394
            ],
            [
              139.6185002,
              36.2955849
            ],
            [
              139.6189718,
              36.2956052
            ],
            [
              139.6195517,
              36.2956341
            ],
            [
              139.6207946,
              36.2956799
            ],
            [
              139.6220799,
              36.295761
            ],
            [
              139.6227303,
              36.2958231
            ],
            [
              139.6233793,
              36.2959162
            ],
            [
              139.6239541,
              36.2960142
            ],
            [
              139.6247957,
              36.2961921
            ],
            [
              139.6254653,
              36.2963668
            ],
            [
              139.6256698,
              36.2964202
            ],
            [
              139.6260257,
              36.2965233
            ],
            [
              139.626076,
              36.2965379
            ],
            [
              139.6265051,
              36.2966774
            ],
            [
              139.6270136,
              36.2968548
            ],
            [
              139.6280346,
              36.2972613
            ],
            [
              139.6285546,
              36.2974876
            ],
            [
              139.6291708,
              36.2977922
            ],
            [
              139.629981,
              36.2982437
            ],
            [
              139.6308436,
              36.2987904
            ],
            [
              139.6310821,
              36.2989648
            ],
            [
              139.6315366,
              36.2993037
            ],
            [
              139.6319148,
              36.2995857
            ],
            [
              139.6321415,
              36.2997577
            ],
            [
              139.6328171,
              36.3003702
            ],
            [
              139.6332275,
              36.3007786
            ],
            [
              139.6335845,
              36.3011511
            ],
            [
              139.6340649,
              36.3016468
            ],
            [
              139.6346611,
              36.3022587
            ],
            [
              139.6349595,
              36.3025649
            ],
            [
              139.6370375,
              36.3047321
            ],
            [
              139.6377051,
              36.3054461
            ],
            [
              139.6381878,
              36.3059515
            ],
            [
              139.6387092,
              36.3064976
            ],
            [
              139.6389287,
              36.3067283
            ],
            [
              139.6392512,
              36.3070293
            ],
            [
              139.6397991,
              36.3075098
            ],
            [
              139.6402439,
              36.3078614
            ],
            [
              139.6406103,
              36.3081181
            ],
            [
              139.6411511,
              36.3084572
            ],
            [
              139.6415867,
              36.3087007
            ],
            [
              139.6419593,
              36.3088907
            ],
            [
              139.6422949,
              36.3090541
            ],
            [
              139.6428249,
              36.3092854
            ],
            [
              139.6442106,
              36.309755
            ],
            [
              139.645067,
              36.310026
            ],
            [
              139.64579,
              36.3102325
            ],
            [
              139.6463034,
              36.3103979
            ],
            [
              139.6481354,
              36.3109608
            ],
            [
              139.6491429,
              36.3112748
            ],
            [
              139.6499652,
              36.3115303
            ],
            [
              139.6514484,
              36.3119971
            ],
            [
              139.6520453,
              36.3121774
            ],
            [
              139.653681,
              36.3126783
            ],
            [
              139.6543371,
              36.3128792
            ],
            [
              139.6548125,
              36.3130309
            ],
            [
              139.6564157,
              36.3135342
            ],
            [
              139.657468,
              36.3138586
            ],
            [
              139.657939,
              36.3139909
            ],
            [
              139.6584158,
              36.3141052
            ],
            [
              139.6586421,
              36.3141535
            ],
            [
              139.6595446,
              36.3143459
            ],
            [
              139.6600379,
              36.3144269
            ],
            [
              139.6606825,
              36.3145225
            ],
            [
              139.6613402,
              36.314576
            ],
            [
              139.6619329,
              36.3146126
            ],
            [
              139.6630849,
              36.3146446
            ],
            [
              139.6633727,
              36.3146491
            ],
            [
              139.6637471,
              36.3146414
            ],
            [
              139.664643,
              36.3145994
            ],
            [
              139.6649052,
              36.3145833
            ],
            [
              139.6651017,
              36.3145713
            ],
            [
              139.6665717,
              36.3144007
            ],
            [
              139.668003,
              36.3142249
            ],
            [
              139.6704085,
              36.3139652
            ],
            [
              139.6731043,
              36.3136809
            ],
            [
              139.6738214,
              36.3135983
            ],
            [
              139.6742372,
              36.3135576
            ],
            [
              139.674971,
              36.3134734
            ],
            [
              139.6756898,
              36.3133718
            ],
            [
              139.6764301,
              36.3132054
            ],
            [
              139.6768789,
              36.3130775
            ],
            [
              139.6771637,
              36.3129671
            ],
            [
              139.6776331,
              36.3127904
            ],
            [
              139.6781033,
              36.3125731
            ],
            [
              139.6784002,
              36.3124171
            ],
            [
              139.6786719,
              36.3122658
            ],
            [
              139.6789715,
              36.3120799
            ],
            [
              139.6792627,
              36.3118773
            ],
            [
              139.6804215,
              36.310969
            ],
            [
              139.6821977,
              36.3096087
            ],
            [
              139.6823972,
              36.309451
            ],
            [
              139.6844285,
              36.3078464
            ],
            [
              139.6849534,
              36.3074494
            ],
            [
              139.6855729,
              36.3069761
            ],
            [
              139.6860568,
              36.3066309
            ],
            [
              139.6865159,
              36.3063274
            ],
            [
              139.6866905,
              36.3062128
            ],
            [
              139.687097,
              36.3059871
            ],
            [
              139.6874003,
              36.3058103
            ],
            [
              139.687803,
              36.3056199
            ],
            [
              139.6883825,
              36.305363
            ],
            [
              139.6888458,
              36.3051883
            ],
            [
              139.6895392,
              36.3049497
            ],
            [
              139.6901093,
              36.3047536
            ],
            [
              139.6903233,
              36.3046898
            ],
            [
              139.6908333,
              36.3045379
            ],
            [
              139.6916601,
              36.3042834
            ],
            [
              139.6918198,
              36.3042283
            ],
            [
              139.6929746,
              36.3038765
            ],
            [
              139.694101,
              36.3035439
            ],
            [
              139.6946377,
              36.3033829
            ],
            [
              139.695227,
              36.3032316
            ],
            [
              139.695637,
              36.3031306
            ],
            [
              139.6962265,
              36.3030041
            ],
            [
              139.6964071,
              36.3029696
            ],
            [
              139.6967414,
              36.3029056
            ],
            [
              139.6975497,
              36.3027658
            ],
            [
              139.6982953,
              36.3026636
            ],
            [
              139.6991568,
              36.302582
            ],
            [
              139.699759,
              36.3025336
            ],
            [
              139.7002416,
              36.3024985
            ],
            [
              139.7023245,
              36.3024253
            ],
            [
              139.7034917,
              36.3023782
            ],
            [
              139.705128,
              36.3023346
            ],
            [
              139.7084187,
              36.3022251
            ],
            [
              139.7095181,
              36.3022164
            ],
            [
              139.7105218,
              36.3022385
            ],
            [
              139.7111596,
              36.3022822
            ],
            [
              139.7116959,
              36.3023417
            ],
            [
              139.7123055,
              36.3024322
            ],
            [
              139.7129049,
              36.3025341
            ],
            [
              139.7134704,
              36.3026573
            ],
            [
              139.7138591,
              36.3027592
            ],
            [
              139.7147933,
              36.3030368
            ],
            [
              139.716519,
              36.303611
            ],
            [
              139.7170232,
              36.303778
            ],
            [
              139.7171193,
              36.3038099
            ],
            [
              139.7176636,
              36.3039902
            ],
            [
              139.7183954,
              36.304242
            ],
            [
              139.7194482,
              36.3046042
            ],
            [
              139.7213084,
              36.3052325
            ],
            [
              139.7240316,
              36.306138
            ],
            [
              139.7247687,
              36.30638
            ],
            [
              139.7262217,
              36.3068784
            ],
            [
              139.7274007,
              36.3072829
            ],
            [
              139.7284314,
              36.3076101
            ],
            [
              139.7290698,
              36.3078047
            ],
            [
              139.7297657,
              36.3079873
            ],
            [
              139.7309436,
              36.3082666
            ],
            [
              139.7315584,
              36.3083938
            ],
            [
              139.7321078,
              36.3084942
            ],
            [
              139.733192,
              36.3086922
            ],
            [
              139.733403,
              36.3087241
            ],
            [
              139.7345171,
              36.3088638
            ],
            [
              139.7356247,
              36.3089712
            ],
            [
              139.737901,
              36.3091981
            ],
            [
              139.7384993,
              36.30925
            ],
            [
              139.7391144,
              36.3093145
            ],
            [
              139.7405742,
              36.309464
            ],
            [
              139.7412984,
              36.3095301
            ],
            [
              139.7425441,
              36.3096624
            ],
            [
              139.7429046,
              36.3096991
            ],
            [
              139.7430999,
              36.3097194
            ],
            [
              139.7432828,
              36.309737
            ],
            [
              139.7434665,
              36.3097521
            ],
            [
              139.7437418,
              36.3097711
            ],
            [
              139.7444535,
              36.3098186
            ],
            [
              139.7447736,
              36.3098298
            ],
            [
              139.7454112,
              36.3098301
            ],
            [
              139.7460697,
              36.3098261
            ],
            [
              139.7465434,
              36.3098103
            ],
            [
              139.7468828,
              36.3097954
            ],
            [
              139.7478417,
              36.3097586
            ],
            [
              139.748269,
              36.3097301
            ],
            [
              139.7502896,
              36.309624
            ],
            [
              139.7507523,
              36.309609
            ],
            [
              139.7525073,
              36.3095234
            ],
            [
              139.7537214,
              36.3094642
            ],
            [
              139.7566879,
              36.3092891
            ],
            [
              139.7582775,
              36.3092105
            ],
            [
              139.7592187,
              36.309164
            ],
            [
              139.7593725,
              36.3091566
            ],
            [
              139.7595666,
              36.3091469
            ],
            [
              139.7606942,
              36.3091069
            ],
            [
              139.7619846,
              36.3090337
            ],
            [
              139.7621957,
              36.3090284
            ],
            [
              139.7646799,
              36.3088956
            ],
            [
              139.7671367,
              36.3087789
            ],
            [
              139.767876,
              36.3087763
            ],
            [
              139.7682683,
              36.3087829
            ],
            [
              139.7685238,
              36.308795
            ],
            [
              139.7687874,
              36.308815
            ],
            [
              139.76904,
              36.3088375
            ],
            [
              139.7694158,
              36.3088772
            ],
            [
              139.7696132,
              36.3089008
            ],
            [
              139.7699982,
              36.3089553
            ],
            [
              139.7703566,
              36.3090202
            ],
            [
              139.7706012,
              36.3090727
            ],
            [
              139.7709946,
              36.309163
            ],
            [
              139.7718646,
              36.309379
            ],
            [
              139.7727689,
              36.3096117
            ],
            [
              139.7730908,
              36.3096944
            ],
            [
              139.7733312,
              36.3097546
            ],
            [
              139.7742977,
              36.3099967
            ],
            [
              139.7747447,
              36.3101057
            ],
            [
              139.7755055,
              36.3102844
            ],
            [
              139.7758669,
              36.3103574
            ],
            [
              139.7761346,
              36.3104043
            ],
            [
              139.7764276,
              36.3104487
            ],
            [
              139.7767417,
              36.3104866
            ],
            [
              139.7770263,
              36.3105141
            ],
            [
              139.7773222,
              36.3105378
            ],
            [
              139.7775928,
              36.3105536
            ],
            [
              139.7781195,
              36.3105663
            ],
            [
              139.7786951,
              36.3105631
            ],
            [
              139.779872,
              36.310562
            ],
            [
              139.7803637,
              36.3105622
            ],
            [
              139.780671,
              36.3105589
            ],
            [
              139.7809711,
              36.3105481
            ],
            [
              139.7811229,
              36.3105399
            ],
            [
              139.7812769,
              36.3105283
            ],
            [
              139.7814364,
              36.310514
            ],
            [
              139.7816308,
              36.3104925
            ],
            [
              139.7819009,
              36.3104551
            ],
            [
              139.7821321,
              36.3104097
            ],
            [
              139.7823595,
              36.3103582
            ],
            [
              139.7826038,
              36.3102972
            ],
            [
              139.7828519,
              36.310226
            ],
            [
              139.7830536,
              36.3101572
            ],
            [
              139.7832766,
              36.3100774
            ],
            [
              139.7835476,
              36.3099697
            ],
            [
              139.7837543,
              36.3098783
            ],
            [
              139.7840215,
              36.3097508
            ],
            [
              139.7842539,
              36.3096173
            ],
            [
              139.7844787,
              36.3094821
            ],
            [
              139.7847182,
              36.3093313
            ],
            [
              139.7848287,
              36.3092512
            ],
            [
              139.7850579,
              36.3090727
            ],
            [
              139.7852024,
              36.3089438
            ],
            [
              139.7853418,
              36.3088217
            ],
            [
              139.7854833,
              36.3086845
            ],
            [
              139.7856098,
              36.3085532
            ],
            [
              139.7857381,
              36.3084082
            ],
            [
              139.7858683,
              36.3082449
            ],
            [
              139.785901,
              36.308206
            ],
            [
              139.7860367,
              36.3080237
            ],
            [
              139.7861674,
              36.3078429
            ],
            [
              139.7862799,
              36.307673
            ],
            [
              139.7863916,
              36.3075069
            ],
            [
              139.7865571,
              36.3072628
            ],
            [
              139.786676,
              36.3070915
            ],
            [
              139.7868164,
              36.3068957
            ],
            [
              139.7869419,
              36.3067193
            ],
            [
              139.7870707,
              36.3065522
            ],
            [
              139.7871897,
              36.306416
            ],
            [
              139.787316,
              36.3062759
            ],
            [
              139.7874304,
              36.3061596
            ],
            [
              139.7876624,
              36.3059356
            ],
            [
              139.7879142,
              36.3057197
            ],
            [
              139.7881651,
              36.3055435
            ],
            [
              139.7883522,
              36.3054169
            ],
            [
              139.7883666,
              36.3054079
            ],
            [
              139.788415,
              36.305378
            ],
            [
              139.7885131,
              36.3053232
            ],
            [
              139.7889343,
              36.3050805
            ],
            [
              139.7891379,
              36.3049777
            ],
            [
              139.7892732,
              36.3049223
            ],
            [
              139.7893578,
              36.3048845
            ],
            [
              139.7894858,
              36.3048281
            ],
            [
              139.7896326,
              36.3047679
            ],
            [
              139.7900076,
              36.30464
            ],
            [
              139.7912148,
              36.3042678
            ],
            [
              139.7925334,
              36.3038718
            ],
            [
              139.8001089,
              36.3015836
            ],
            [
              139.8008831,
              36.3013383
            ],
            [
              139.8011951,
              36.3012393
            ],
            [
              139.8012808,
              36.3012122
            ],
            [
              139.8013691,
              36.3011886
            ],
            [
              139.8019584,
              36.3010306
            ],
            [
              139.8024473,
              36.3009034
            ],
            [
              139.8024956,
              36.3008909
            ],
            [
              139.8026381,
              36.3008538
            ],
            [
              139.8027886,
              36.3008141
            ],
            [
              139.8030097,
              36.3007685
            ],
            [
              139.8035778,
              36.3006701
            ],
            [
              139.8041685,
              36.3005717
            ],
            [
              139.8046432,
              36.3004955
            ],
            [
              139.8049813,
              36.3004381
            ],
            [
              139.8050427,
              36.3004277
            ],
            [
              139.8051632,
              36.3004073
            ],
            [
              139.8053392,
              36.3003779
            ],
            [
              139.8057617,
              36.3003073
            ],
            [
              139.8068638,
              36.300135
            ],
            [
              139.8075476,
              36.3000324
            ],
            [
              139.8079673,
              36.2999683
            ],
            [
              139.8083991,
              36.2998968
            ],
            [
              139.8084496,
              36.2998884
            ],
            [
              139.8086258,
              36.2998596
            ],
            [
              139.8088331,
              36.2998282
            ],
            [
              139.8094323,
              36.2997375
            ],
            [
              139.8108155,
              36.2995007
            ],
            [
              139.8119801,
              36.2993125
            ],
            [
              139.813087,
              36.2991492
            ],
            [
              139.8133135,
              36.2991114
            ],
            [
              139.8140733,
              36.2989917
            ],
            [
              139.8141302,
              36.2989827
            ],
            [
              139.8143122,
              36.298954
            ],
            [
              139.8144693,
              36.2989286
            ],
            [
              139.8156795,
              36.298733
            ],
            [
              139.8168175,
              36.2985452
            ],
            [
              139.8171854,
              36.2984878
            ],
            [
              139.8177929,
              36.2983867
            ],
            [
              139.8179422,
              36.2983619
            ],
            [
              139.8179995,
              36.2983523
            ],
            [
              139.8181176,
              36.2983327
            ],
            [
              139.8182884,
              36.2983037
            ],
            [
              139.8189921,
              36.29818
            ],
            [
              139.8192472,
              36.2981404
            ],
            [
              139.8199842,
              36.2980416
            ],
            [
              139.8202753,
              36.2980044
            ],
            [
              139.8207699,
              36.2979595
            ],
            [
              139.8215805,
              36.2978995
            ],
            [
              139.8216549,
              36.2978943
            ],
            [
              139.8218127,
              36.2978833
            ],
            [
              139.8219729,
              36.2978728
            ],
            [
              139.8227557,
              36.2978216
            ],
            [
              139.8239117,
              36.2977493
            ],
            [
              139.8239716,
              36.2977454
            ],
            [
              139.8241016,
              36.2977369
            ],
            [
              139.8242238,
              36.2977285
            ],
            [
              139.8289482,
              36.2974201
            ],
            [
              139.8298717,
              36.2973655
            ],
            [
              139.8299207,
              36.2973617
            ],
            [
              139.830082,
              36.2973489
            ],
            [
              139.830242,
              36.2973362
            ],
            [
              139.831737,
              36.297217
            ],
            [
              139.8323296,
              36.2971715
            ],
            [
              139.8330381,
              36.297117
            ],
            [
              139.833146,
              36.2971087
            ],
            [
              139.8333296,
              36.2970946
            ],
            [
              139.8335473,
              36.2970813
            ],
            [
              139.8338157,
              36.2970648
            ],
            [
              139.8351721,
              36.296963
            ],
            [
              139.8355069,
              36.2969414
            ],
            [
              139.8360127,
              36.2969079
            ],
            [
              139.8373285,
              36.2967823
            ],
            [
              139.8376608,
              36.2967429
            ],
            [
              139.838202,
              36.2966736
            ],
            [
              139.8387736,
              36.2966009
            ],
            [
              139.8390993,
              36.2965751
            ],
            [
              139.839261,
              36.2965699
            ],
            [
              139.839558,
              36.2965686
            ],
            [
              139.8398209,
              36.2965751
            ],
            [
              139.8400515,
              36.2965924
            ],
            [
              139.8402978,
              36.296618
            ],
            [
              139.8406206,
              36.2966591
            ],
            [
              139.8408923,
              36.2966995
            ],
            [
              139.8412831,
              36.2967595
            ],
            [
              139.841362,
              36.2967746
            ],
            [
              139.841508,
              36.2967989
            ],
            [
              139.8419253,
              36.2968617
            ],
            [
              139.8420976,
              36.2968876
            ],
            [
              139.842256,
              36.2969133
            ],
            [
              139.842615,
              36.2969606
            ],
            [
              139.8426648,
              36.2969688
            ],
            [
              139.8429403,
              36.2970139
            ],
            [
              139.8432552,
              36.2970524
            ],
            [
              139.8435625,
              36.297081
            ],
            [
              139.843781,
              36.2971039
            ],
            [
              139.8440706,
              36.2971215
            ],
            [
              139.8443401,
              36.2971284
            ],
            [
              139.8446922,
              36.2971291
            ],
            [
              139.8449124,
              36.2971223
            ],
            [
              139.8449839,
              36.2971187
            ],
            [
              139.8450554,
              36.2971151
            ],
            [
              139.8452774,
              36.2970967
            ],
            [
              139.8454922,
              36.2970704
            ],
            [
              139.8457097,
              36.2970334
            ],
            [
              139.846006,
              36.2969815
            ],
            [
              139.8462683,
              36.2969204
            ],
            [
              139.8465446,
              36.296843
            ],
            [
              139.8467891,
              36.2967627
            ],
            [
              139.8470942,
              36.2966492
            ],
            [
              139.8474635,
              36.2964862
            ],
            [
              139.8477678,
              36.2963231
            ],
            [
              139.8504008,
              36.2946957
            ],
            [
              139.8510094,
              36.2943138
            ],
            [
              139.8510663,
              36.2942781
            ],
            [
              139.8512345,
              36.2941725
            ],
            [
              139.8513892,
              36.2940863
            ],
            [
              139.851678,
              36.2939252
            ],
            [
              139.8521218,
              36.2936967
            ],
            [
              139.8525709,
              36.2934769
            ],
            [
              139.853103,
              36.2932458
            ],
            [
              139.8534777,
              36.2931022
            ],
            [
              139.8538444,
              36.2929737
            ],
            [
              139.8541655,
              36.2928654
            ],
            [
              139.8545068,
              36.2927657
            ],
            [
              139.8548802,
              36.2926612
            ],
            [
              139.8552483,
              36.2925772
            ],
            [
              139.8556374,
              36.2924923
            ],
            [
              139.8560388,
              36.2924148
            ],
            [
              139.8568223,
              36.2922728
            ],
            [
              139.8568867,
              36.2922612
            ],
            [
              139.8570684,
              36.2922283
            ],
            [
              139.8572482,
              36.2921912
            ],
            [
              139.8579333,
              36.2920324
            ],
            [
              139.8583683,
              36.2919197
            ],
            [
              139.858381,
              36.2919158
            ],
            [
              139.8588121,
              36.2917842
            ],
            [
              139.8594144,
              36.2915744
            ],
            [
              139.8601389,
              36.2912818
            ],
            [
              139.8607259,
              36.291043
            ],
            [
              139.8611219,
              36.2908835
            ],
            [
              139.8618998,
              36.2905557
            ],
            [
              139.8619474,
              36.2905357
            ],
            [
              139.8622066,
              36.2904263
            ],
            [
              139.8624421,
              36.2903276
            ],
            [
              139.863777,
              36.2897679
            ],
            [
              139.865314,
              36.2891306
            ],
            [
              139.8671855,
              36.2883396
            ],
            [
              139.867776,
              36.2880989
            ],
            [
              139.8687191,
              36.2877427
            ],
            [
              139.8692827,
              36.2875371
            ],
            [
              139.8696988,
              36.2874022
            ],
            [
              139.8697644,
              36.2873809
            ],
            [
              139.869929,
              36.2873336
            ],
            [
              139.8700743,
              36.2872946
            ],
            [
              139.8705538,
              36.2871659
            ],
            [
              139.8711739,
              36.2870155
            ],
            [
              139.8719308,
              36.2868686
            ],
            [
              139.8724278,
              36.2867942
            ],
            [
              139.872946,
              36.2867197
            ],
            [
              139.8738527,
              36.2866264
            ],
            [
              139.874814,
              36.2865599
            ],
            [
              139.875485,
              36.2865333
            ],
            [
              139.8759526,
              36.2865126
            ],
            [
              139.8767517,
              36.2864809
            ],
            [
              139.8768083,
              36.2864787
            ],
            [
              139.8769693,
              36.2864723
            ],
            [
              139.8771407,
              36.2864649
            ],
            [
              139.8774607,
              36.286451
            ],
            [
              139.8779698,
              36.2864382
            ],
            [
              139.8783534,
              36.2864385
            ],
            [
              139.8787477,
              36.2864417
            ],
            [
              139.8792667,
              36.2864743
            ],
            [
              139.8798053,
              36.2865332
            ],
            [
              139.8800983,
              36.2865787
            ],
            [
              139.8803841,
              36.2866301
            ],
            [
              139.8806735,
              36.2866916
            ],
            [
              139.8807547,
              36.2867091
            ],
            [
              139.8809723,
              36.2867579
            ],
            [
              139.8811653,
              36.2868072
            ],
            [
              139.8814461,
              36.2868936
            ],
            [
              139.8819547,
              36.2870578
            ],
            [
              139.8829637,
              36.2874423
            ],
            [
              139.8846515,
              36.2881084
            ],
            [
              139.8875018,
              36.2892661
            ],
            [
              139.8882971,
              36.2895837
            ],
            [
              139.8883543,
              36.2896065
            ],
            [
              139.8884978,
              36.2896638
            ],
            [
              139.8886456,
              36.2897231
            ],
            [
              139.892412,
              36.291234
            ],
            [
              139.8930652,
              36.2914999
            ],
            [
              139.8931227,
              36.2915222
            ],
            [
              139.8932854,
              36.2915849
            ],
            [
              139.8934587,
              36.2916543
            ],
            [
              139.8938534,
              36.2918122
            ],
            [
              139.8947832,
              36.2921476
            ],
            [
              139.8950486,
              36.2922298
            ],
            [
              139.8953172,
              36.2923095
            ],
            [
              139.895731,
              36.2924291
            ],
            [
              139.8960813,
              36.2925136
            ],
            [
              139.8964098,
              36.2925797
            ],
            [
              139.8966797,
              36.2926288
            ],
            [
              139.8969621,
              36.2926672
            ],
            [
              139.8972328,
              36.2927001
            ],
            [
              139.8974901,
              36.292726
            ],
            [
              139.8976935,
              36.2927438
            ],
            [
              139.8980623,
              36.2927617
            ],
            [
              139.8984647,
              36.2927698
            ],
            [
              139.8989327,
              36.2927671
            ],
            [
              139.8994236,
              36.2927444
            ],
            [
              139.9002722,
              36.2926743
            ],
            [
              139.9006362,
              36.2926363
            ],
            [
              139.9008179,
              36.2926174
            ],
            [
              139.9009996,
              36.2925985
            ],
            [
              139.9011822,
              36.2925796
            ],
            [
              139.9015848,
              36.2925378
            ],
            [
              139.901718,
              36.2925259
            ],
            [
              139.902774,
              36.2924314
            ],
            [
              139.9042926,
              36.2922763
            ],
            [
              139.9129853,
              36.2913879
            ],
            [
              139.9136978,
              36.2913134
            ],
            [
              139.9137736,
              36.2913052
            ],
            [
              139.9139528,
              36.2912867
            ],
            [
              139.9141448,
              36.2912688
            ],
            [
              139.9149286,
              36.2911949
            ],
            [
              139.9153164,
              36.2911612
            ],
            [
              139.9156814,
              36.2911442
            ],
            [
              139.9160736,
              36.2911481
            ],
            [
              139.9164,
              36.2911686
            ],
            [
              139.9167397,
              36.291214
            ],
            [
              139.9170393,
              36.291269
            ],
            [
              139.9173482,
              36.2913345
            ],
            [
              139.9188303,
              36.2916676
            ],
            [
              139.919765,
              36.2918682
            ],
            [
              139.9202882,
              36.2919668
            ],
            [
              139.9208706,
              36.2920691
            ],
            [
              139.9209034,
              36.2920749
            ],
            [
              139.9211216,
              36.2921132
            ],
            [
              139.9222248,
              36.2922836
            ],
            [
              139.9235804,
              36.2924857
            ],
            [
              139.9239971,
              36.2925452
            ],
            [
              139.9244938,
              36.2926177
            ],
            [
              139.9245562,
              36.2926273
            ],
            [
              139.9247501,
              36.2926256
            ],
            [
              139.9245803,
              36.2925211
            ],
            [
              139.9236444,
              36.2923695
            ],
            [
              139.921882,
              36.2921143
            ],
            [
              139.9212935,
              36.2920208
            ],
            [
              139.9211515,
              36.2919972
            ],
            [
              139.9209348,
              36.2919615
            ],
            [
              139.9203059,
              36.291858
            ],
            [
              139.9198028,
              36.2917668
            ],
            [
              139.9188266,
              36.2915722
            ],
            [
              139.9181066,
              36.291402
            ],
            [
              139.9174232,
              36.2912362
            ],
            [
              139.9170562,
              36.2911549
            ],
            [
              139.9165842,
              36.2910706
            ],
            [
              139.9161443,
              36.2910338
            ],
            [
              139.9157983,
              36.2910231
            ],
            [
              139.9155243,
              36.2910233
            ],
            [
              139.9153116,
              36.2910352
            ],
            [
              139.9148759,
              36.2910791
            ],
            [
              139.9141862,
              36.2911478
            ],
            [
              139.9141246,
              36.2911541
            ],
            [
              139.9139477,
              36.2911709
            ],
            [
              139.9137621,
              36.2911917
            ],
            [
              139.912968,
              36.2912777
            ],
            [
              139.9042773,
              36.2921786
            ],
            [
              139.9027687,
              36.2923288
            ],
            [
              139.9019909,
              36.2924113
            ],
            [
              139.9011685,
              36.2924902
            ],
            [
              139.900991,
              36.2925072
            ],
            [
              139.8999491,
              36.2926142
            ],
            [
              139.8993027,
              36.2926618
            ],
            [
              139.8986938,
              36.2926745
            ],
            [
              139.897826,
              36.2926457
            ],
            [
              139.8974675,
              36.2926161
            ],
            [
              139.8969704,
              36.2925563
            ],
            [
              139.8966182,
              36.2925118
            ],
            [
              139.8963689,
              36.2924724
            ],
            [
              139.8961188,
              36.2924184
            ],
            [
              139.89577,
              36.2923344
            ],
            [
              139.8952929,
              36.2922021
            ],
            [
              139.8948606,
              36.2920649
            ],
            [
              139.8942597,
              36.2918424
            ],
            [
              139.8935748,
              36.2915852
            ],
            [
              139.8935134,
              36.2915608
            ],
            [
              139.8933469,
              36.291494
            ],
            [
              139.893178,
              36.2914271
            ],
            [
              139.889533,
              36.2899653
            ],
            [
              139.8887674,
              36.2896579
            ],
            [
              139.8887065,
              36.2896335
            ],
            [
              139.8885534,
              36.289572
            ],
            [
              139.8884034,
              36.2895116
            ],
            [
              139.8830246,
              36.2873456
            ],
            [
              139.8823115,
              36.2870698
            ],
            [
              139.8819256,
              36.286933
            ],
            [
              139.8815747,
              36.2868163
            ],
            [
              139.8812364,
              36.2867164
            ],
            [
              139.8811551,
              36.2866954
            ],
            [
              139.8809612,
              36.2866447
            ],
            [
              139.8807564,
              36.2865968
            ],
            [
              139.880388,
              36.2865256
            ],
            [
              139.8798247,
              36.286438
            ],
            [
              139.8792686,
              36.2863774
            ],
            [
              139.8787445,
              36.2863461
            ],
            [
              139.8780796,
              36.2863388
            ],
            [
              139.8772012,
              36.2863597
            ],
            [
              139.8771338,
              36.2863614
            ],
            [
              139.8769624,
              36.2863654
            ],
            [
              139.8767992,
              36.286373
            ],
            [
              139.8762592,
              36.2863983
            ],
            [
              139.8754683,
              36.2864338
            ],
            [
              139.8746418,
              36.2864806
            ],
            [
              139.8738401,
              36.2865359
            ],
            [
              139.8733983,
              36.2865795
            ],
            [
              139.8729196,
              36.2866294
            ],
            [
              139.8724139,
              36.2866953
            ],
            [
              139.8719002,
              36.2867735
            ],
            [
              139.8714152,
              36.2868594
            ],
            [
              139.870993,
              36.2869497
            ],
            [
              139.8704348,
              36.2870951
            ],
            [
              139.8700374,
              36.2872081
            ],
            [
              139.8698926,
              36.2872492
            ],
            [
              139.8697281,
              36.2872988
            ],
            [
              139.8692193,
              36.287452
            ],
            [
              139.8686648,
              36.2876584
            ],
            [
              139.8678476,
              36.2879666
            ],
            [
              139.8671445,
              36.2882547
            ],
            [
              139.8654649,
              36.2889362
            ],
            [
              139.8636995,
              36.2896904
            ],
            [
              139.8630703,
              36.2899491
            ],
            [
              139.8624385,
              36.2902146
            ],
            [
              139.8623852,
              36.2902371
            ],
            [
              139.8621586,
              36.2903323
            ],
            [
              139.8618967,
              36.2904425
            ],
            [
              139.860675,
              36.2909564
            ],
            [
              139.8600777,
              36.2912138
            ],
            [
              139.8594534,
              36.291463
            ],
            [
              139.8591191,
              36.2915826
            ],
            [
              139.858799,
              36.2916908
            ],
            [
              139.8583394,
              36.2918226
            ],
            [
              139.8578793,
              36.2919384
            ],
            [
              139.857272,
              36.2920732
            ],
            [
              139.857215,
              36.2920851
            ],
            [
              139.8570476,
              36.2921201
            ],
            [
              139.8568577,
              36.2921558
            ],
            [
              139.8561131,
              36.2922958
            ],
            [
              139.8552081,
              36.2924888
            ],
            [
              139.8548031,
              36.2925875
            ],
            [
              139.8544411,
              36.2926861
            ],
            [
              139.8538082,
              36.2928834
            ],
            [
              139.8531122,
              36.2931434
            ],
            [
              139.8525261,
              36.2933828
            ],
            [
              139.8520223,
              36.2936174
            ],
            [
              139.8517914,
              36.293745
            ],
            [
              139.8513177,
              36.2940073
            ],
            [
              139.8511645,
              36.294092
            ],
            [
              139.8509914,
              36.2941999
            ],
            [
              139.8477133,
              36.2962424
            ],
            [
              139.8473545,
              36.2964154
            ],
            [
              139.8470444,
              36.2965467
            ],
            [
              139.846776,
              36.2966496
            ],
            [
              139.8465136,
              36.2967354
            ],
            [
              139.8462307,
              36.2968145
            ],
            [
              139.8459742,
              36.2968764
            ],
            [
              139.8457155,
              36.2969264
            ],
            [
              139.8455295,
              36.2969544
            ],
            [
              139.8454751,
              36.2969635
            ],
            [
              139.8452493,
              36.296993
            ],
            [
              139.8450424,
              36.2970108
            ],
            [
              139.844909,
              36.2970161
            ],
            [
              139.8446868,
              36.2970202
            ],
            [
              139.8443551,
              36.2970183
            ],
            [
              139.844107,
              36.2970113
            ],
            [
              139.8439073,
              36.2970052
            ],
            [
              139.8435947,
              36.2969837
            ],
            [
              139.8432773,
              36.2969483
            ],
            [
              139.8426954,
              36.2968698
            ],
            [
              139.8423626,
              36.296822
            ],
            [
              139.8421584,
              36.2967918
            ],
            [
              139.8420766,
              36.2967823
            ],
            [
              139.8419097,
              36.2967473
            ],
            [
              139.8414831,
              36.2966849
            ],
            [
              139.8413207,
              36.2966584
            ],
            [
              139.8412083,
              36.2966386
            ],
            [
              139.8406507,
              36.2965498
            ],
            [
              139.8405102,
              36.2965254
            ],
            [
              139.8402902,
              36.2964994
            ],
            [
              139.8400671,
              36.2964783
            ],
            [
              139.8398101,
              36.296467
            ],
            [
              139.8395312,
              36.2964644
            ],
            [
              139.8392335,
              36.2964692
            ],
            [
              139.8388253,
              36.2964941
            ],
            [
              139.8387296,
              36.2965048
            ],
            [
              139.8381798,
              36.2965665
            ],
            [
              139.8375803,
              36.2966429
            ],
            [
              139.8372449,
              36.2966821
            ],
            [
              139.8364478,
              36.2967667
            ],
            [
              139.8359201,
              36.2968059
            ],
            [
              139.8351697,
              36.2968653
            ],
            [
              139.8343794,
              36.2969165
            ],
            [
              139.833596,
              36.2969673
            ],
            [
              139.8335408,
              36.2969709
            ],
            [
              139.8332393,
              36.2969904
            ],
            [
              139.8331326,
              36.2969984
            ],
            [
              139.8312404,
              36.2971473
            ],
            [
              139.8302855,
              36.2972222
            ],
            [
              139.830233,
              36.2972263
            ],
            [
              139.8300739,
              36.2972388
            ],
            [
              139.8299223,
              36.2972488
            ],
            [
              139.8250665,
              36.2975639
            ],
            [
              139.8242779,
              36.2976216
            ],
            [
              139.8242124,
              36.2976264
            ],
            [
              139.8240952,
              36.297635
            ],
            [
              139.8239619,
              36.2976413
            ],
            [
              139.822748,
              36.2977068
            ],
            [
              139.8220417,
              36.2977614
            ],
            [
              139.8219696,
              36.2977663
            ],
            [
              139.8218219,
              36.2977763
            ],
            [
              139.8216682,
              36.297783
            ],
            [
              139.8215343,
              36.2977919
            ],
            [
              139.8211548,
              36.2978174
            ],
            [
              139.8207814,
              36.2978484
            ],
            [
              139.8203437,
              36.2978938
            ],
            [
              139.8200363,
              36.2979301
            ],
            [
              139.8193318,
              36.2980328
            ],
            [
              139.8189804,
              36.2980873
            ],
            [
              139.8186318,
              36.2981354
            ],
            [
              139.8183238,
              36.2981863
            ],
            [
              139.8182666,
              36.2981957
            ],
            [
              139.8181007,
              36.2982232
            ],
            [
              139.8179743,
              36.2982446
            ],
            [
              139.816249,
              36.2985363
            ],
            [
              139.8153421,
              36.2986763
            ],
            [
              139.8146063,
              36.2987934
            ],
            [
              139.8145016,
              36.29881
            ],
            [
              139.8144387,
              36.29882
            ],
            [
              139.8142885,
              36.2988439
            ],
            [
              139.8141087,
              36.298873
            ],
            [
              139.8132712,
              36.2990088
            ],
            [
              139.8114369,
              36.2993075
            ],
            [
              139.8095245,
              36.2996079
            ],
            [
              139.8088217,
              36.2997137
            ],
            [
              139.8088043,
              36.2997163
            ],
            [
              139.8086023,
              36.2997467
            ],
            [
              139.8084203,
              36.2997763
            ],
            [
              139.8068539,
              36.3000312
            ],
            [
              139.8057344,
              36.3002103
            ],
            [
              139.805374,
              36.3002692
            ],
            [
              139.8053149,
              36.3002789
            ],
            [
              139.8051371,
              36.3003079
            ],
            [
              139.8050146,
              36.3003273
            ],
            [
              139.8043696,
              36.3004295
            ],
            [
              139.8036043,
              36.3005554
            ],
            [
              139.803221,
              36.3006245
            ],
            [
              139.8028114,
              36.3007009
            ],
            [
              139.8027488,
              36.3007132
            ],
            [
              139.8026291,
              36.3007399
            ],
            [
              139.8024537,
              36.3007832
            ],
            [
              139.8022792,
              36.3008281
            ],
            [
              139.801946,
              36.3009188
            ],
            [
              139.8013925,
              36.3010882
            ],
            [
              139.8013315,
              36.3011068
            ],
            [
              139.8012447,
              36.3011334
            ],
            [
              139.8008249,
              36.3012625
            ],
            [
              139.8000733,
              36.3015033
            ],
            [
              139.792495,
              36.3037987
            ],
            [
              139.7911807,
              36.3041853
            ],
            [
              139.789854,
              36.3045983
            ],
            [
              139.7896709,
              36.3046583
            ],
            [
              139.7894179,
              36.3047557
            ],
            [
              139.7892544,
              36.3048216
            ],
            [
              139.7890682,
              36.3048995
            ],
            [
              139.7888263,
              36.3050125
            ],
            [
              139.7885466,
              36.3051626
            ],
            [
              139.7884678,
              36.3052089
            ],
            [
              139.7883363,
              36.3052911
            ],
            [
              139.7881573,
              36.3054089
            ],
            [
              139.7880477,
              36.3054864
            ],
            [
              139.7879338,
              36.305571
            ],
            [
              139.7878202,
              36.3056664
            ],
            [
              139.7875659,
              36.3058752
            ],
            [
              139.7873359,
              36.3061039
            ],
            [
              139.7872247,
              36.3062188
            ],
            [
              139.7870927,
              36.3063666
            ],
            [
              139.7869678,
              36.3065117
            ],
            [
              139.7868424,
              36.3066716
            ],
            [
              139.7867126,
              36.306853
            ],
            [
              139.7865745,
              36.3070497
            ],
            [
              139.7864555,
              36.307222
            ],
            [
              139.786292,
              36.3074653
            ],
            [
              139.7861759,
              36.3076341
            ],
            [
              139.7860633,
              36.3078004
            ],
            [
              139.7859299,
              36.3079803
            ],
            [
              139.7858073,
              36.3081554
            ],
            [
              139.7856392,
              36.3083602
            ],
            [
              139.7855081,
              36.3085048
            ],
            [
              139.7853812,
              36.3086365
            ],
            [
              139.7852342,
              36.3087758
            ],
            [
              139.785096,
              36.3089113
            ],
            [
              139.7849479,
              36.3090314
            ],
            [
              139.7847226,
              36.3091999
            ],
            [
              139.7845016,
              36.309357
            ],
            [
              139.7841968,
              36.3095433
            ],
            [
              139.783882,
              36.3097161
            ],
            [
              139.7837498,
              36.3097765
            ],
            [
              139.7835727,
              36.3098626
            ],
            [
              139.7833659,
              36.3099503
            ],
            [
              139.783194,
              36.310014
            ],
            [
              139.783022,
              36.3100746
            ],
            [
              139.7828199,
              36.3101408
            ],
            [
              139.782575,
              36.3102148
            ],
            [
              139.7822909,
              36.3102816
            ],
            [
              139.7819341,
              36.3103564
            ],
            [
              139.7816621,
              36.3103966
            ],
            [
              139.7814291,
              36.3104252
            ],
            [
              139.781274,
              36.3104389
            ],
            [
              139.7811156,
              36.3104494
            ],
            [
              139.7809625,
              36.3104602
            ],
            [
              139.780658,
              36.3104702
            ],
            [
              139.7803873,
              36.3104721
            ],
            [
              139.7798717,
              36.3104742
            ],
            [
              139.7786938,
              36.3104756
            ],
            [
              139.7781207,
              36.3104754
            ],
            [
              139.7775617,
              36.3104604
            ],
            [
              139.7772166,
              36.3104417
            ],
            [
              139.7769503,
              36.3104195
            ],
            [
              139.7766882,
              36.3103907
            ],
            [
              139.7764531,
              36.3103616
            ],
            [
              139.7761992,
              36.3103254
            ],
            [
              139.7758526,
              36.3102657
            ],
            [
              139.7754105,
              36.3101757
            ],
            [
              139.7748001,
              36.3100186
            ],
            [
              139.7741825,
              36.3098577
            ],
            [
              139.7733734,
              36.3096449
            ],
            [
              139.7730599,
              36.3095624
            ],
            [
              139.7728075,
              36.3094987
            ],
            [
              139.7720803,
              36.3093155
            ],
            [
              139.7717879,
              36.3092419
            ],
            [
              139.7710155,
              36.3090507
            ],
            [
              139.7705285,
              36.3089509
            ],
            [
              139.7699885,
              36.3088583
            ],
            [
              139.7696361,
              36.308805
            ],
            [
              139.7694259,
              36.3087732
            ],
            [
              139.7689456,
              36.3087246
            ],
            [
              139.768476,
              36.3086894
            ],
            [
              139.7678556,
              36.3086717
            ],
            [
              139.7671118,
              36.3086775
            ],
            [
              139.7646686,
              36.3088026
            ],
            [
              139.7630195,
              36.3088759
            ],
            [
              139.7626207,
              36.3088936
            ],
            [
              139.7621886,
              36.3089128
            ],
            [
              139.7619695,
              36.3089232
            ],
            [
              139.7603913,
              36.3089996
            ],
            [
              139.7595624,
              36.3090398
            ],
            [
              139.7593721,
              36.3090492
            ],
            [
              139.7592146,
              36.3090578
            ],
            [
              139.756679,
              36.3091991
            ],
            [
              139.7548032,
              36.3092973
            ],
            [
              139.7537126,
              36.3093544
            ],
            [
              139.750739,
              36.309515
            ],
            [
              139.7489674,
              36.3096024
            ],
            [
              139.7482575,
              36.3096374
            ],
            [
              139.7478272,
              36.309661
            ],
            [
              139.7465471,
              36.3097084
            ],
            [
              139.7460513,
              36.3097241
            ],
            [
              139.7454111,
              36.3097267
            ],
            [
              139.7450625,
              36.309725
            ],
            [
              139.7447616,
              36.3097138
            ],
            [
              139.7442198,
              36.3096919
            ],
            [
              139.7436414,
              36.3096585
            ],
            [
              139.7426911,
              36.3095804
            ],
            [
              139.7413113,
              36.3094387
            ],
            [
              139.7405739,
              36.3093719
            ],
            [
              139.7391267,
              36.3092272
            ],
            [
              139.7385065,
              36.3091661
            ],
            [
              139.7377301,
              36.3090898
            ],
            [
              139.7356257,
              36.3088843
            ],
            [
              139.7345099,
              36.3087769
            ],
            [
              139.7334055,
              36.3086283
            ],
            [
              139.733192,
              36.3085982
            ],
            [
              139.7321119,
              36.3084079
            ],
            [
              139.7315724,
              36.3083128
            ],
            [
              139.7309413,
              36.3081797
            ],
            [
              139.7297707,
              36.3078903
            ],
            [
              139.729118,
              36.3077052
            ],
            [
              139.7284822,
              36.3075081
            ],
            [
              139.7274075,
              36.3071549
            ],
            [
              139.7247853,
              36.3062886
            ],
            [
              139.7240653,
              36.3060439
            ],
            [
              139.7206597,
              36.304886
            ],
            [
              139.720362,
              36.3047848
            ],
            [
              139.7194547,
              36.3044941
            ],
            [
              139.7177,
              36.3039115
            ],
            [
              139.7164229,
              36.3034759
            ],
            [
              139.7147565,
              36.3029283
            ],
            [
              139.7139118,
              36.3026789
            ],
            [
              139.7134728,
              36.3025712
            ],
            [
              139.7129656,
              36.3024541
            ],
            [
              139.7123264,
              36.3023469
            ],
            [
              139.7117244,
              36.302253
            ],
            [
              139.7111535,
              36.3021888
            ],
            [
              139.7105274,
              36.302141
            ],
            [
              139.7094961,
              36.3021251
            ],
            [
              139.7084226,
              36.302137
            ],
            [
              139.7051206,
              36.3022488
            ],
            [
              139.7034834,
              36.3022896
            ],
            [
              139.7023173,
              36.3023346
            ],
            [
              139.7013843,
              36.302355
            ],
            [
              139.7011105,
              36.302361
            ],
            [
              139.7002199,
              36.3023872
            ],
            [
              139.6998569,
              36.3024141
            ],
            [
              139.6995856,
              36.3024352
            ],
            [
              139.6991339,
              36.3024735
            ],
            [
              139.6986228,
              36.3025242
            ],
            [
              139.6975385,
              36.3026705
            ],
            [
              139.6967073,
              36.3028091
            ],
            [
              139.6964513,
              36.302858
            ],
            [
              139.6962032,
              36.3029054
            ],
            [
              139.6956105,
              36.3030344
            ],
            [
              139.6948862,
              36.3032064
            ],
            [
              139.6939864,
              36.303446
            ],
            [
              139.6917604,
              36.3041413
            ],
            [
              139.6911793,
              36.3043213
            ],
            [
              139.6903403,
              36.3045812
            ],
            [
              139.6901093,
              36.3046527
            ],
            [
              139.6895117,
              36.3048472
            ],
            [
              139.6889129,
              36.3050562
            ],
            [
              139.6883179,
              36.3052767
            ],
            [
              139.6880417,
              36.3053953
            ],
            [
              139.6876726,
              36.3055669
            ],
            [
              139.6874158,
              36.3056896
            ],
            [
              139.6873422,
              36.3057323
            ],
            [
              139.6870015,
              36.305908
            ],
            [
              139.6864001,
              36.306272
            ],
            [
              139.6860439,
              36.3065081
            ],
            [
              139.6854361,
              36.3069556
            ],
            [
              139.6851573,
              36.3071685
            ],
            [
              139.6850024,
              36.307283
            ],
            [
              139.6843558,
              36.3077745
            ],
            [
              139.6823739,
              36.3093255
            ],
            [
              139.6821644,
              36.3094895
            ],
            [
              139.6803543,
              36.3109174
            ],
            [
              139.6791793,
              36.3118238
            ],
            [
              139.6789017,
              36.3120086
            ],
            [
              139.6786019,
              36.3121972
            ],
            [
              139.6783465,
              36.3123393
            ],
            [
              139.6780318,
              36.3125028
            ],
            [
              139.6775989,
              36.3127002
            ],
            [
              139.6771062,
              36.3128887
            ],
            [
              139.6768961,
              36.3129599
            ],
            [
              139.6767275,
              36.3130215
            ],
            [
              139.6763791,
              36.3131211
            ],
            [
              139.6758837,
              36.313243
            ],
            [
              139.6756335,
              36.3132832
            ],
            [
              139.6749576,
              36.3133891
            ],
            [
              139.6741955,
              36.3134714
            ],
            [
              139.6738107,
              36.3135123
            ],
            [
              139.673067,
              36.313593
            ],
            [
              139.6715746,
              36.3137686
            ],
            [
              139.6681006,
              36.3141318
            ],
            [
              139.6678101,
              36.3141638
            ],
            [
              139.6665871,
              36.3142966
            ],
            [
              139.6660965,
              36.3143432
            ],
            [
              139.6648878,
              36.3144693
            ],
            [
              139.6646457,
              36.314487
            ],
            [
              139.6637888,
              36.3145407
            ],
            [
              139.6633602,
              36.3145458
            ],
            [
              139.6626795,
              36.3145558
            ],
            [
              139.6626468,
              36.3145563
            ],
            [
              139.6618822,
              36.3145189
            ],
            [
              139.6613911,
              36.3144809
            ],
            [
              139.6604917,
              36.3143993
            ],
            [
              139.6600606,
              36.3143321
            ],
            [
              139.6595497,
              36.3142406
            ],
            [
              139.6590292,
              36.3141374
            ],
            [
              139.6584781,
              36.314014
            ],
            [
              139.6580977,
              36.313924
            ],
            [
              139.6575407,
              36.3137708
            ],
            [
              139.6565113,
              36.3134542
            ],
            [
              139.6559843,
              36.3132906
            ],
            [
              139.654793,
              36.3129208
            ],
            [
              139.6543805,
              36.31279
            ],
            [
              139.6533995,
              36.3124942
            ],
            [
              139.6527965,
              36.3123123
            ],
            [
              139.6515268,
              36.3119207
            ],
            [
              139.6508586,
              36.3117153
            ],
            [
              139.6501541,
              36.3114825
            ],
            [
              139.6493814,
              36.3112521
            ],
            [
              139.6484421,
              36.3109656
            ],
            [
              139.6472064,
              36.31058
            ],
            [
              139.6463797,
              36.3103173
            ],
            [
              139.6458282,
              36.3101524
            ],
            [
              139.6451126,
              36.3099384
            ],
            [
              139.6442645,
              36.3096644
            ],
            [
              139.6436584,
              36.309474
            ],
            [
              139.6430105,
              36.3092511
            ],
            [
              139.6425153,
              36.3090479
            ],
            [
              139.6420002,
              36.3088076
            ],
            [
              139.6415971,
              36.3086028
            ],
            [
              139.6410029,
              36.3082542
            ],
            [
              139.6403859,
              36.3078474
            ],
            [
              139.6397316,
              36.307309
            ],
            [
              139.6395643,
              36.3071749
            ],
            [
              139.63935,
              36.3069707
            ],
            [
              139.6388087,
              36.3064179
            ],
            [
              139.6384405,
              36.3060382
            ],
            [
              139.6378479,
              36.3054268
            ],
            [
              139.6371823,
              36.3047284
            ],
            [
              139.6365774,
              36.3041099
            ],
            [
              139.6358173,
              36.3033135
            ],
            [
              139.6347655,
              36.3022067
            ],
            [
              139.6341731,
              36.3015847
            ],
            [
              139.633626,
              36.3010269
            ],
            [
              139.6328572,
              36.300241
            ],
            [
              139.6322345,
              36.2996739
            ],
            [
              139.6319947,
              36.299488
            ],
            [
              139.6318276,
              36.2993658
            ],
            [
              139.6309256,
              36.298706
            ],
            [
              139.6302072,
              36.2982525
            ],
            [
              139.6301324,
              36.2982053
            ],
            [
              139.6292197,
              36.2977134
            ],
            [
              139.628633,
              36.2974171
            ],
            [
              139.6280952,
              36.2971689
            ],
            [
              139.6270623,
              36.2967404
            ],
            [
              139.6265871,
              36.2965877
            ],
            [
              139.6257587,
              36.2963354
            ],
            [
              139.6248229,
              36.2961032
            ],
            [
              139.6242756,
              36.2959855
            ],
            [
              139.6234213,
              36.2958326
            ],
            [
              139.6227549,
              36.2957334
            ],
            [
              139.6221006,
              36.2956701
            ],
            [
              139.6219313,
              36.2956582
            ],
            [
              139.6208306,
              36.2955756
            ],
            [
              139.6189826,
              36.295503
            ],
            [
              139.6185061,
              36.2954832
            ],
            [
              139.6172964,
              36.2954342
            ],
            [
              139.617115,
              36.2954266
            ],
            [
              139.6161535,
              36.295392
            ],
            [
              139.6146037,
              36.2953239
            ],
            [
              139.6132335,
              36.2952736
            ],
            [
              139.6130153,
              36.2952706
            ],
            [
              139.6125087,
              36.2952786
            ],
            [
              139.611845,
              36.2953132
            ],
            [
              139.6112562,
              36.2953817
            ],
            [
              139.6107898,
              36.295437
            ],
            [
              139.6103295,
              36.2954949
            ],
            [
              139.6071499,
              36.29593
            ],
            [
              139.606559,
              36.2960253
            ],
            [
              139.6055801,
              36.2961671
            ],
            [
              139.6048634,
              36.2962487
            ],
            [
              139.6042001,
              36.2963105
            ],
            [
              139.6039987,
              36.2963226
            ],
            [
              139.603514,
              36.2963361
            ],
            [
              139.603124,
              36.2963416
            ],
            [
              139.6027642,
              36.2963375
            ],
            [
              139.6020673,
              36.2963253
            ],
            [
              139.601724,
              36.2963026
            ],
            [
              139.6012797,
              36.2962661
            ],
            [
              139.6007643,
              36.2962064
            ],
            [
              139.6007329,
              36.2962028
            ],
            [
              139.6003862,
              36.2961574
            ],
            [
              139.5999193,
              36.2960769
            ],
            [
              139.599318,
              36.2959532
            ],
            [
              139.5988009,
              36.2958338
            ],
            [
              139.598432,
              36.2957407
            ],
            [
              139.5980362,
              36.2956197
            ],
            [
              139.5973398,
              36.2953959
            ],
            [
              139.5965622,
              36.2950994
            ],
            [
              139.5956807,
              36.2947531
            ],
            [
              139.5949354,
              36.2944546
            ],
            [
              139.5925532,
              36.2935129
            ],
            [
              139.5919293,
              36.2932881
            ],
            [
              139.5916122,
              36.2931782
            ],
            [
              139.591185,
              36.2930444
            ],
            [
              139.5908388,
              36.2929418
            ],
            [
              139.5902529,
              36.2927896
            ],
            [
              139.5866001,
              36.2920514
            ],
            [
              139.5849198,
              36.291713
            ],
            [
              139.5812102,
              36.2909546
            ],
            [
              139.5786025,
              36.2904367
            ],
            [
              139.5777543,
              36.2902653
            ],
            [
              139.5769416,
              36.290101
            ],
            [
              139.5759603,
              36.2899027
            ],
            [
              139.5740711,
              36.2895209
            ],
            [
              139.5730425,
              36.2893136
            ],
            [
              139.5705579,
              36.2888128
            ],
            [
              139.5699364,
              36.2886829
            ],
            [
              139.568001,
              36.288296
            ],
            [
              139.5665851,
              36.2880127
            ],
            [
              139.5662406,
              36.2879491
            ],
            [
              139.5657682,
              36.2878751
            ],
            [
              139.5653025,
              36.2878206
            ],
            [
              139.5649181,
              36.2877878
            ],
            [
              139.5645293,
              36.2877688
            ],
            [
              139.5641245,
              36.2877623
            ],
            [
              139.563779,
              36.2877659
            ],
            [
              139.5634869,
              36.2877741
            ],
            [
              139.5633649,
              36.2877767
            ],
            [
              139.5631705,
              36.2877869
            ],
            [
              139.5630076,
              36.2877962
            ],
            [
              139.5626678,
              36.2878216
            ],
            [
              139.5621131,
              36.2878847
            ],
            [
              139.561831,
              36.2879206
            ],
            [
              139.5602735,
              36.2881177
            ],
            [
              139.5594936,
              36.2882206
            ],
            [
              139.5544697,
              36.2888533
            ],
            [
              139.5535703,
              36.2889708
            ],
            [
              139.5525193,
              36.2891052
            ],
            [
              139.5512646,
              36.2892639
            ],
            [
              139.5499547,
              36.2894347
            ],
            [
              139.5492638,
              36.2895393
            ],
            [
              139.5486417,
              36.2896564
            ],
            [
              139.547966,
              36.2897901
            ],
            [
              139.5475143,
              36.2898881
            ],
            [
              139.5472941,
              36.2899381
            ],
            [
              139.5470825,
              36.2899917
            ],
            [
              139.5469688,
              36.2900245
            ],
            [
              139.5468383,
              36.2900621
            ],
            [
              139.5464622,
              36.2901677
            ],
            [
              139.5463128,
              36.2902165
            ],
            [
              139.5461084,
              36.2902749
            ],
            [
              139.5448603,
              36.2906717
            ],
            [
              139.5441317,
              36.290904
            ],
            [
              139.5437243,
              36.2910339
            ],
            [
              139.543604,
              36.2910735
            ],
            [
              139.5431675,
              36.2912099
            ],
            [
              139.5416384,
              36.2917022
            ],
            [
              139.5405946,
              36.292032
            ],
            [
              139.5386974,
              36.292635
            ],
            [
              139.5377562,
              36.2929362
            ],
            [
              139.5371293,
              36.293126
            ],
            [
              139.5367909,
              36.2932151
            ],
            [
              139.5362762,
              36.293333
            ],
            [
              139.5358902,
              36.2934034
            ],
            [
              139.5356175,
              36.2934458
            ],
            [
              139.5353743,
              36.2934763
            ],
            [
              139.5348233,
              36.2935206
            ],
            [
              139.5342716,
              36.2935386
            ],
            [
              139.5338792,
              36.2935397
            ],
            [
              139.5337485,
              36.2935343
            ],
            [
              139.5336793,
              36.2935306
            ],
            [
              139.5331458,
              36.2935018
            ],
            [
              139.5328471,
              36.293468
            ],
            [
              139.5324828,
              36.2934201
            ],
            [
              139.5322811,
              36.2933881
            ],
            [
              139.5321088,
              36.2933551
            ],
            [
              139.5319528,
              36.2933243
            ],
            [
              139.5318409,
              36.2933022
            ],
            [
              139.5315942,
              36.2932466
            ],
            [
              139.5313944,
              36.2931989
            ],
            [
              139.531005,
              36.2930932
            ],
            [
              139.5309158,
              36.2930652
            ],
            [
              139.5308145,
              36.2930335
            ],
            [
              139.5306241,
              36.2929738
            ],
            [
              139.5302468,
              36.2928375
            ],
            [
              139.529895,
              36.292691
            ],
            [
              139.5291862,
              36.2923417
            ],
            [
              139.5290597,
              36.2922661
            ],
            [
              139.5289242,
              36.2921851
            ],
            [
              139.528509,
              36.2919369
            ],
            [
              139.5278284,
              36.2914503
            ],
            [
              139.5271164,
              36.2909035
            ],
            [
              139.5242794,
              36.288763
            ],
            [
              139.5239124,
              36.2884722
            ],
            [
              139.5225952,
              36.2874749
            ],
            [
              139.5217575,
              36.2868792
            ],
            [
              139.5212527,
              36.2865508
            ],
            [
              139.5207619,
              36.2862525
            ],
            [
              139.5202176,
              36.2859602
            ],
            [
              139.5198394,
              36.2857843
            ],
            [
              139.5194765,
              36.2856333
            ],
            [
              139.5191548,
              36.2855133
            ],
            [
              139.518853,
              36.2854093
            ],
            [
              139.5185043,
              36.2853087
            ],
            [
              139.518227,
              36.2852368
            ],
            [
              139.517982,
              36.2851799
            ],
            [
              139.5177451,
              36.2851296
            ],
            [
              139.5174402,
              36.2850708
            ],
            [
              139.5171289,
              36.2850194
            ],
            [
              139.516725,
              36.2849659
            ],
            [
              139.5163829,
              36.2849372
            ],
            [
              139.5161001,
              36.2849186
            ],
            [
              139.5158045,
              36.2849104
            ],
            [
              139.5155743,
              36.2849048
            ],
            [
              139.5150651,
              36.2849146
            ],
            [
              139.514685,
              36.2849334
            ],
            [
              139.5142891,
              36.2849756
            ],
            [
              139.5139703,
              36.2850204
            ],
            [
              139.5136803,
              36.2850655
            ],
            [
              139.5133936,
              36.2851157
            ],
            [
              139.5130303,
              36.2851938
            ],
            [
              139.5126197,
              36.2852938
            ],
            [
              139.5121191,
              36.285432
            ],
            [
              139.5114144,
              36.2856343
            ],
            [
              139.5110679,
              36.2857441
            ],
            [
              139.5100495,
              36.2860695
            ],
            [
              139.508516,
              36.2865568
            ],
            [
              139.5070327,
              36.2870315
            ],
            [
              139.506366,
              36.2872501
            ],
            [
              139.5047479,
              36.2877605
            ],
            [
              139.5014268,
              36.2887916
            ],
            [
              139.500258,
              36.289173
            ],
            [
              139.497858,
              36.2899296
            ],
            [
              139.4959636,
              36.2905281
            ],
            [
              139.495843,
              36.2905666
            ],
            [
              139.4932022,
              36.2914097
            ],
            [
              139.4912711,
              36.2920262
            ],
            [
              139.490716,
              36.2922034
            ],
            [
              139.4903969,
              36.2923049
            ],
            [
              139.4895154,
              36.2925841
            ],
            [
              139.4888865,
              36.2927783
            ],
            [
              139.4880647,
              36.2930425
            ],
            [
              139.4876606,
              36.2931723
            ],
            [
              139.4874838,
              36.2932331
            ],
            [
              139.4871694,
              36.2933249
            ],
            [
              139.4870267,
              36.293372
            ],
            [
              139.4867779,
              36.293458
            ],
            [
              139.4862374,
              36.2936526
            ],
            [
              139.4857769,
              36.2938345
            ],
            [
              139.4853389,
              36.2940201
            ],
            [
              139.4850251,
              36.2941498
            ],
            [
              139.484781,
              36.2942688
            ],
            [
              139.483964,
              36.2946869
            ],
            [
              139.4833112,
              36.2950686
            ],
            [
              139.4829514,
              36.2952943
            ],
            [
              139.4823973,
              36.2956549
            ],
            [
              139.4818367,
              36.2960513
            ],
            [
              139.4811557,
              36.2965812
            ],
            [
              139.4802544,
              36.2972776
            ],
            [
              139.4781552,
              36.2989078
            ],
            [
              139.4771089,
              36.2997102
            ],
            [
              139.4761475,
              36.3004491
            ],
            [
              139.4749559,
              36.3013732
            ],
            [
              139.4740439,
              36.3020751
            ],
            [
              139.4737258,
              36.30232
            ],
            [
              139.4730856,
              36.3028099
            ],
            [
              139.4725752,
              36.3032032
            ],
            [
              139.4722658,
              36.303441
            ],
            [
              139.4716394,
              36.3039393
            ],
            [
              139.4709991,
              36.3044131
            ],
            [
              139.4700262,
              36.3050594
            ],
            [
              139.4694319,
              36.3054022
            ],
            [
              139.4689445,
              36.3056745
            ],
            [
              139.468359,
              36.3059664
            ],
            [
              139.4676428,
              36.3062841
            ],
            [
              139.4675361,
              36.3063324
            ],
            [
              139.4668496,
              36.3065974
            ],
            [
              139.4657183,
              36.3069685
            ],
            [
              139.465001,
              36.3071683
            ],
            [
              139.4646599,
              36.3072542
            ],
            [
              139.4636539,
              36.3074715
            ],
            [
              139.4619338,
              36.3077858
            ],
            [
              139.4591185,
              36.3083077
            ],
            [
              139.4579159,
              36.30853
            ],
            [
              139.4568818,
              36.3087172
            ],
            [
              139.456192,
              36.3088035
            ],
            [
              139.455293,
              36.3089041
            ],
            [
              139.45433,
              36.3089666
            ],
            [
              139.453789,
              36.3089875
            ],
            [
              139.4531813,
              36.3089994
            ],
            [
              139.4521092,
              36.3090236
            ],
            [
              139.450616,
              36.3090572
            ],
            [
              139.4495615,
              36.3090806
            ],
            [
              139.4484645,
              36.3091119
            ],
            [
              139.4477758,
              36.3091253
            ],
            [
              139.4470254,
              36.3091712
            ],
            [
              139.4465071,
              36.3092193
            ],
            [
              139.4459296,
              36.3092919
            ],
            [
              139.4456125,
              36.3093308
            ],
            [
              139.4448351,
              36.3094645
            ],
            [
              139.4443524,
              36.3095551
            ],
            [
              139.4438578,
              36.3096686
            ],
            [
              139.4430205,
              36.3098971
            ],
            [
              139.442269,
              36.3101086
            ],
            [
              139.4415627,
              36.3103097
            ],
            [
              139.4410233,
              36.3104653
            ],
            [
              139.4394859,
              36.3109166
            ],
            [
              139.435331,
              36.3121364
            ],
            [
              139.4336791,
              36.3126056
            ],
            [
              139.4307897,
              36.3134289
            ],
            [
              139.4295162,
              36.3138233
            ],
            [
              139.4286709,
              36.3141051
            ],
            [
              139.4275822,
              36.3145031
            ],
            [
              139.4270692,
              36.3146906
            ],
            [
              139.4259332,
              36.3150947
            ],
            [
              139.4256278,
              36.3152033
            ],
            [
              139.4252401,
              36.3153439
            ],
            [
              139.424633,
              36.315565
            ],
            [
              139.4241416,
              36.3157497
            ],
            [
              139.4231695,
              36.3161046
            ],
            [
              139.4229077,
              36.3161997
            ],
            [
              139.422558,
              36.3163357
            ],
            [
              139.422113,
              36.3165295
            ],
            [
              139.4217185,
              36.3167207
            ],
            [
              139.4214699,
              36.3168482
            ],
            [
              139.4212435,
              36.3169713
            ],
            [
              139.4208871,
              36.3171812
            ],
            [
              139.4204765,
              36.3174488
            ],
            [
              139.4196049,
              36.3180302
            ],
            [
              139.4164071,
              36.3202238
            ],
            [
              139.4150483,
              36.321147
            ],
            [
              139.4143327,
              36.3216119
            ],
            [
              139.4137345,
              36.3219665
            ],
            [
              139.4133703,
              36.322176
            ],
            [
              139.4128857,
              36.3224345
            ],
            [
              139.4121638,
              36.3228031
            ],
            [
              139.4103386,
              36.3236585
            ],
            [
              139.4067472,
              36.3253133
            ],
            [
              139.4066347,
              36.3253651
            ],
            [
              139.4065153,
              36.3254207
            ],
            [
              139.4037154,
              36.3267216
            ],
            [
              139.4022319,
              36.3274174
            ],
            [
              139.4007376,
              36.3281078
            ],
            [
              139.3999058,
              36.3285549
            ],
            [
              139.3991929,
              36.3290035
            ],
            [
              139.3987382,
              36.3293109
            ],
            [
              139.395467,
              36.3316255
            ],
            [
              139.3952743,
              36.3317645
            ],
            [
              139.3950815,
              36.3319035
            ],
            [
              139.392968,
              36.3333715
            ],
            [
              139.3927124,
              36.3335527
            ],
            [
              139.3926781,
              36.3335771
            ],
            [
              139.3924115,
              36.3337665
            ],
            [
              139.3913201,
              36.3345421
            ],
            [
              139.3910808,
              36.3347093
            ],
            [
              139.390859,
              36.3348821
            ],
            [
              139.3905183,
              36.3351616
            ],
            [
              139.3900453,
              36.335595
            ],
            [
              139.389954,
              36.3356869
            ],
            [
              139.3897323,
              36.3359116
            ],
            [
              139.388992,
              36.3367837
            ],
            [
              139.3864333,
              36.339964
            ],
            [
              139.3853087,
              36.3413544
            ],
            [
              139.3851522,
              36.3415416
            ],
            [
              139.3848444,
              36.3419401
            ],
            [
              139.3847349,
              36.3420672
            ],
            [
              139.3846212,
              36.3422106
            ],
            [
              139.384366,
              36.3425304
            ],
            [
              139.38418,
              36.3427636
            ],
            [
              139.3837681,
              36.34328
            ],
            [
              139.3836144,
              36.3434726
            ],
            [
              139.3831384,
              36.3440692
            ],
            [
              139.3826297,
              36.3446997
            ],
            [
              139.3819987,
              36.3454718
            ],
            [
              139.3813281,
              36.3463592
            ],
            [
              139.3812063,
              36.3465172
            ],
            [
              139.3810666,
              36.3467134
            ],
            [
              139.3808883,
              36.3469515
            ],
            [
              139.3807532,
              36.3471481
            ],
            [
              139.3806779,
              36.3472576
            ],
            [
              139.3805433,
              36.3474466
            ],
            [
              139.3797442,
              36.3486
            ],
            [
              139.3788545,
              36.3498677
            ],
            [
              139.3781317,
              36.3508974
            ],
            [
              139.377971,
              36.3511264
            ],
            [
              139.3770812,
              36.3523941
            ],
            [
              139.3770391,
              36.352454
            ],
            [
              139.3761805,
              36.3536659
            ],
            [
              139.3754637,
              36.3546588
            ],
            [
              139.3735014,
              36.3574218
            ],
            [
              139.373397,
              36.357552
            ],
            [
              139.3732932,
              36.3576931
            ],
            [
              139.3730632,
              36.357983
            ],
            [
              139.3727833,
              36.3582947
            ],
            [
              139.3724953,
              36.3586049
            ],
            [
              139.372157,
              36.3589698
            ],
            [
              139.3719239,
              36.3592037
            ],
            [
              139.3716112,
              36.359496
            ],
            [
              139.371293,
              36.3597761
            ],
            [
              139.3709748,
              36.3600465
            ],
            [
              139.3697772,
              36.3610051
            ],
            [
              139.3696801,
              36.3610802
            ],
            [
              139.3691024,
              36.3615458
            ],
            [
              139.3686328,
              36.3619398
            ],
            [
              139.3671786,
              36.3631168
            ],
            [
              139.3660268,
              36.3640257
            ],
            [
              139.3655655,
              36.3644088
            ],
            [
              139.3654585,
              36.3644967
            ],
            [
              139.3653561,
              36.3645868
            ],
            [
              139.365174,
              36.3647231
            ],
            [
              139.3649997,
              36.3648632
            ],
            [
              139.364466,
              36.3652755
            ],
            [
              139.3636585,
              36.3658925
            ],
            [
              139.3634523,
              36.366047
            ],
            [
              139.3631206,
              36.3662603
            ],
            [
              139.3627556,
              36.3664954
            ],
            [
              139.362452,
              36.3666796
            ],
            [
              139.3621839,
              36.36682
            ],
            [
              139.3620919,
              36.3668682
            ],
            [
              139.3617854,
              36.3670318
            ],
            [
              139.3616779,
              36.3670887
            ],
            [
              139.361571,
              36.3671481
            ],
            [
              139.3605599,
              36.3676402
            ],
            [
              139.3595472,
              36.3680975
            ],
            [
              139.3586315,
              36.3685027
            ],
            [
              139.3577467,
              36.3689195
            ],
            [
              139.3570429,
              36.3692769
            ],
            [
              139.3561225,
              36.3698012
            ],
            [
              139.3552676,
              36.3703005
            ],
            [
              139.3547816,
              36.3706055
            ],
            [
              139.3543946,
              36.3708679
            ],
            [
              139.3540412,
              36.3711395
            ],
            [
              139.3535507,
              36.3714983
            ],
            [
              139.3532557,
              36.3717182
            ],
            [
              139.3526556,
              36.3721823
            ],
            [
              139.3521852,
              36.3725381
            ],
            [
              139.352064,
              36.3726392
            ],
            [
              139.3520007,
              36.3726857
            ],
            [
              139.3519001,
              36.3727517
            ],
            [
              139.3511067,
              36.3733461
            ],
            [
              139.3502173,
              36.3740295
            ],
            [
              139.3500038,
              36.3741854
            ],
            [
              139.3499344,
              36.3742384
            ],
            [
              139.3495819,
              36.374507
            ],
            [
              139.3490715,
              36.3749032
            ],
            [
              139.3489701,
              36.3749788
            ],
            [
              139.348835,
              36.3750795
            ],
            [
              139.3487,
              36.3751801
            ],
            [
              139.3481934,
              36.3755723
            ],
            [
              139.3479416,
              36.3757661
            ],
            [
              139.3467256,
              36.3766911
            ],
            [
              139.3466846,
              36.3767275
            ],
            [
              139.3465453,
              36.3768341
            ],
            [
              139.346443,
              36.3769125
            ],
            [
              139.3463571,
              36.3769782
            ],
            [
              139.34517,
              36.377882
            ],
            [
              139.3440061,
              36.3787476
            ],
            [
              139.343537,
              36.3791231
            ],
            [
              139.3429963,
              36.3795344
            ],
            [
              139.3429468,
              36.3795729
            ],
            [
              139.3429029,
              36.3796043
            ],
            [
              139.3428628,
              36.3796352
            ],
            [
              139.3421963,
              36.3801466
            ],
            [
              139.3418518,
              36.3804127
            ],
            [
              139.3417717,
              36.3804745
            ],
            [
              139.3417013,
              36.3805317
            ],
            [
              139.3414576,
              36.3807299
            ],
            [
              139.3413845,
              36.3807903
            ],
            [
              139.3411962,
              36.380946
            ],
            [
              139.3403358,
              36.381663
            ],
            [
              139.340205,
              36.3817754
            ],
            [
              139.3400497,
              36.381916
            ],
            [
              139.339715,
              36.3822133
            ],
            [
              139.3396208,
              36.3822935
            ],
            [
              139.3395259,
              36.382382
            ],
            [
              139.3385568,
              36.3832761
            ],
            [
              139.3379674,
              36.3838119
            ],
            [
              139.3369901,
              36.3846949
            ],
            [
              139.3368145,
              36.3848504
            ],
            [
              139.3367204,
              36.38493
            ],
            [
              139.3366512,
              36.384986
            ],
            [
              139.3365448,
              36.3850687
            ],
            [
              139.3364427,
              36.3851466
            ],
            [
              139.3364294,
              36.3851564
            ],
            [
              139.336315,
              36.3852404
            ],
            [
              139.3361783,
              36.3853376
            ],
            [
              139.3360606,
              36.3854185
            ],
            [
              139.3359258,
              36.3855038
            ],
            [
              139.3358266,
              36.38557
            ],
            [
              139.3357379,
              36.3856268
            ],
            [
              139.3355625,
              36.3857289
            ],
            [
              139.335385,
              36.3858184
            ],
            [
              139.3351145,
              36.3859606
            ],
            [
              139.3349092,
              36.3860639
            ],
            [
              139.3347039,
              36.3861598
            ],
            [
              139.3345043,
              36.3862522
            ],
            [
              139.3343179,
              36.3863272
            ],
            [
              139.3341428,
              36.3863961
            ],
            [
              139.3337191,
              36.3865476
            ],
            [
              139.3335016,
              36.386617
            ],
            [
              139.3332497,
              36.3866883
            ],
            [
              139.3329736,
              36.3867594
            ],
            [
              139.3326937,
              36.3868251
            ],
            [
              139.3324477,
              36.3868735
            ],
            [
              139.3321324,
              36.3869274
            ],
            [
              139.3318733,
              36.3869681
            ],
            [
              139.3315955,
              36.3870043
            ],
            [
              139.3312735,
              36.3870343
            ],
            [
              139.330931,
              36.3870533
            ],
            [
              139.3306435,
              36.3870609
            ],
            [
              139.3303145,
              36.3870629
            ],
            [
              139.3299755,
              36.3870603
            ],
            [
              139.3296324,
              36.3870505
            ],
            [
              139.3290248,
              36.3870307
            ],
            [
              139.3283222,
              36.3870109
            ],
            [
              139.3268926,
              36.3869561
            ],
            [
              139.3267704,
              36.3869524
            ],
            [
              139.3266016,
              36.386948
            ],
            [
              139.3252934,
              36.3869195
            ],
            [
              139.3248761,
              36.3869077
            ],
            [
              139.3242879,
              36.3868785
            ],
            [
              139.3240602,
              36.3868718
            ],
            [
              139.3238506,
              36.3868669
            ],
            [
              139.3235049,
              36.3868604
            ],
            [
              139.3232549,
              36.3868538
            ],
            [
              139.322749,
              36.3868397
            ],
            [
              139.3224913,
              36.386833
            ],
            [
              139.3221605,
              36.3868183
            ],
            [
              139.3214531,
              36.3867933
            ],
            [
              139.3213478,
              36.3867904
            ],
            [
              139.3212486,
              36.386788
            ],
            [
              139.3204143,
              36.3867678
            ],
            [
              139.3198627,
              36.3867603
            ],
            [
              139.3194298,
              36.3867579
            ],
            [
              139.3191616,
              36.3867675
            ],
            [
              139.3188345,
              36.3867786
            ],
            [
              139.3185676,
              36.3867958
            ],
            [
              139.3181762,
              36.3868296
            ],
            [
              139.3177088,
              36.3868845
            ],
            [
              139.3173671,
              36.3869353
            ],
            [
              139.3170307,
              36.3869991
            ],
            [
              139.3166832,
              36.3870633
            ],
            [
              139.3165124,
              36.3871075
            ],
            [
              139.3163792,
              36.3871374
            ],
            [
              139.31598,
              36.3872371
            ],
            [
              139.3157863,
              36.387288
            ],
            [
              139.3154599,
              36.3873797
            ],
            [
              139.3153698,
              36.387405
            ],
            [
              139.3149547,
              36.3875318
            ],
            [
              139.3148909,
              36.3875517
            ],
            [
              139.3141951,
              36.3877682
            ],
            [
              139.3138293,
              36.3878921
            ],
            [
              139.3137696,
              36.3879123
            ],
            [
              139.3135448,
              36.3879897
            ],
            [
              139.3134514,
              36.3880218
            ],
            [
              139.3133431,
              36.388064
            ],
            [
              139.3131011,
              36.3881638
            ],
            [
              139.3127213,
              36.3883237
            ],
            [
              139.3123578,
              36.3884775
            ],
            [
              139.3114104,
              36.3888993
            ],
            [
              139.3106463,
              36.3892423
            ],
            [
              139.309475,
              36.3897765
            ],
            [
              139.3092659,
              36.3898734
            ],
            [
              139.3081771,
              36.3903681
            ],
            [
              139.3075932,
              36.390633
            ],
            [
              139.3071494,
              36.3908374
            ],
            [
              139.3068109,
              36.3909918
            ],
            [
              139.3055317,
              36.3915525
            ],
            [
              139.3051392,
              36.3917408
            ],
            [
              139.3050273,
              36.3917933
            ],
            [
              139.304898,
              36.3918479
            ],
            [
              139.3044483,
              36.3920468
            ],
            [
              139.304073,
              36.3921984
            ],
            [
              139.3038442,
              36.3922813
            ],
            [
              139.3035778,
              36.3923729
            ],
            [
              139.3033549,
              36.3924463
            ],
            [
              139.3028846,
              36.3925827
            ],
            [
              139.3026251,
              36.3926509
            ],
            [
              139.3025165,
              36.3926785
            ],
            [
              139.3024786,
              36.3926881
            ],
            [
              139.3023008,
              36.3927244
            ],
            [
              139.3013822,
              36.392936
            ],
            [
              139.3011998,
              36.3929769
            ],
            [
              139.3010896,
              36.3930008
            ],
            [
              139.300954,
              36.3930329
            ],
            [
              139.3008756,
              36.3930489
            ],
            [
              139.2994438,
              36.3933644
            ],
            [
              139.299145,
              36.3934272
            ],
            [
              139.2987376,
              36.3935198
            ],
            [
              139.2982826,
              36.3936241
            ],
            [
              139.298171,
              36.3936484
            ],
            [
              139.2980512,
              36.3936765
            ],
            [
              139.2977318,
              36.3937469
            ],
            [
              139.2974501,
              36.3938137
            ],
            [
              139.2968317,
              36.3939593
            ],
            [
              139.2962468,
              36.394093
            ],
            [
              139.2960831,
              36.3941317
            ],
            [
              139.2958515,
              36.3941834
            ],
            [
              139.295589,
              36.3942414
            ],
            [
              139.2949957,
              36.3943897
            ],
            [
              139.2947096,
              36.3944555
            ],
            [
              139.2930394,
              36.3948305
            ],
            [
              139.2927316,
              36.3948958
            ],
            [
              139.2924131,
              36.3949558
            ],
            [
              139.2922576,
              36.3949741
            ],
            [
              139.2920095,
              36.3949957
            ],
            [
              139.2917252,
              36.3950033
            ],
            [
              139.2915396,
              36.3949959
            ],
            [
              139.2912659,
              36.3949678
            ],
            [
              139.2904954,
              36.3948658
            ],
            [
              139.2901385,
              36.3948215
            ],
            [
              139.2897342,
              36.3947712
            ],
            [
              139.2893912,
              36.3947198
            ],
            [
              139.2887825,
              36.3946065
            ],
            [
              139.2884214,
              36.3945234
            ],
            [
              139.2876307,
              36.3943322
            ],
            [
              139.2865801,
              36.3940802
            ],
            [
              139.2861771,
              36.3939819
            ],
            [
              139.2857949,
              36.3939005
            ],
            [
              139.2849896,
              36.3937385
            ],
            [
              139.284251,
              36.3935874
            ],
            [
              139.2841234,
              36.3935605
            ],
            [
              139.2839901,
              36.393534
            ],
            [
              139.2838664,
              36.3935119
            ],
            [
              139.2834907,
              36.3934611
            ],
            [
              139.2831114,
              36.3934019
            ],
            [
              139.2829308,
              36.3933863
            ],
            [
              139.2828787,
              36.3933818
            ],
            [
              139.2826926,
              36.3933652
            ],
            [
              139.2824693,
              36.3933516
            ],
            [
              139.2822373,
              36.3933409
            ],
            [
              139.2817627,
              36.3933299
            ],
            [
              139.2814295,
              36.3933293
            ],
            [
              139.2809161,
              36.3933303
            ],
            [
              139.2807083,
              36.393325
            ],
            [
              139.2805735,
              36.3933168
            ],
            [
              139.2804829,
              36.3933076
            ],
            [
              139.2804684,
              36.3933062
            ],
            [
              139.2803481,
              36.3932893
            ],
            [
              139.2802585,
              36.393271
            ],
            [
              139.2801789,
              36.3932558
            ],
            [
              139.280089,
              36.39323
            ],
            [
              139.2799768,
              36.3931957
            ],
            [
              139.2798832,
              36.3931616
            ],
            [
              139.2797928,
              36.3931256
            ],
            [
              139.2797217,
              36.3930907
            ],
            [
              139.2795499,
              36.3929994
            ],
            [
              139.2794797,
              36.3929569
            ],
            [
              139.279422,
              36.3929193
            ],
            [
              139.2790007,
              36.3926137
            ],
            [
              139.2788718,
              36.3925371
            ],
            [
              139.2785002,
              36.3922678
            ],
            [
              139.2784418,
              36.3922246
            ],
            [
              139.2783832,
              36.3921812
            ],
            [
              139.2783253,
              36.3921379
            ],
            [
              139.2782693,
              36.3920962
            ],
            [
              139.276878,
              36.3910673
            ],
            [
              139.2768103,
              36.3910118
            ],
            [
              139.2767573,
              36.3909796
            ],
            [
              139.275997,
              36.3904171
            ],
            [
              139.2756648,
              36.3901722
            ],
            [
              139.2750027,
              36.3896799
            ],
            [
              139.2746593,
              36.3894283
            ],
            [
              139.2744618,
              36.3892823
            ],
            [
              139.2743981,
              36.3892361
            ],
            [
              139.2743377,
              36.3891918
            ],
            [
              139.2733455,
              36.3884614
            ],
            [
              139.2731877,
              36.3883452
            ],
            [
              139.2731434,
              36.3883145
            ],
            [
              139.2730619,
              36.3882559
            ],
            [
              139.2730179,
              36.3882232
            ],
            [
              139.2726352,
              36.3879366
            ],
            [
              139.2723018,
              36.3876905
            ],
            [
              139.2722463,
              36.3876485
            ],
            [
              139.2721696,
              36.3875933
            ],
            [
              139.2721304,
              36.3875674
            ],
            [
              139.2718937,
              36.3874019
            ],
            [
              139.2717322,
              36.3872949
            ],
            [
              139.2714694,
              36.3871338
            ],
            [
              139.2713225,
              36.3870434
            ],
            [
              139.2712298,
              36.3869926
            ],
            [
              139.2711796,
              36.3869601
            ],
            [
              139.2709302,
              36.3868243
            ],
            [
              139.2703431,
              36.3864948
            ],
            [
              139.2702358,
              36.3864357
            ],
            [
              139.2701538,
              36.3863901
            ],
            [
              139.2700344,
              36.3863274
            ],
            [
              139.2695586,
              36.3860638
            ],
            [
              139.2691858,
              36.3858614
            ],
            [
              139.2690607,
              36.3857975
            ],
            [
              139.2689203,
              36.3857167
            ],
            [
              139.2682999,
              36.3853675
            ],
            [
              139.2679713,
              36.3851843
            ],
            [
              139.2677754,
              36.3850778
            ],
            [
              139.2666475,
              36.3844635
            ],
            [
              139.2662755,
              36.384264
            ],
            [
              139.2661906,
              36.3842262
            ],
            [
              139.2659845,
              36.3841351
            ],
            [
              139.2658751,
              36.3840921
            ],
            [
              139.2658027,
              36.3840643
            ],
            [
              139.2657007,
              36.3840251
            ],
            [
              139.2655063,
              36.3839614
            ],
            [
              139.2653453,
              36.3839139
            ],
            [
              139.265171,
              36.3838621
            ],
            [
              139.2649222,
              36.3837945
            ],
            [
              139.2649122,
              36.3837919
            ],
            [
              139.2647857,
              36.383761
            ],
            [
              139.2646608,
              36.3837278
            ],
            [
              139.2636344,
              36.3834553
            ],
            [
              139.2634976,
              36.3834196
            ],
            [
              139.263246,
              36.3833504
            ],
            [
              139.2629455,
              36.3832691
            ],
            [
              139.262314,
              36.3830999
            ],
            [
              139.2618187,
              36.3829672
            ],
            [
              139.2613247,
              36.3828386
            ],
            [
              139.2605549,
              36.3826324
            ],
            [
              139.2601338,
              36.3825191
            ],
            [
              139.2590973,
              36.3822426
            ],
            [
              139.258632,
              36.3821188
            ],
            [
              139.25833,
              36.3820385
            ],
            [
              139.2574,
              36.3817952
            ],
            [
              139.2573122,
              36.3817712
            ],
            [
              139.2572086,
              36.3817444
            ],
            [
              139.2568512,
              36.3816457
            ],
            [
              139.256598,
              36.3815758
            ],
            [
              139.2561592,
              36.3814547
            ],
            [
              139.255881,
              36.3813751
            ],
            [
              139.2548528,
              36.3810855
            ],
            [
              139.2546667,
              36.3810336
            ],
            [
              139.2529911,
              36.3805654
            ],
            [
              139.2512845,
              36.3800946
            ],
            [
              139.2512388,
              36.3800821
            ],
            [
              139.2508457,
              36.3799692
            ],
            [
              139.2503353,
              36.3798288
            ],
            [
              139.2500646,
              36.3797474
            ],
            [
              139.2496742,
              36.3796355
            ],
            [
              139.2493855,
              36.3795609
            ],
            [
              139.2488882,
              36.3794207
            ],
            [
              139.2488715,
              36.3794158
            ],
            [
              139.2486391,
              36.3793519
            ],
            [
              139.2486015,
              36.3793414
            ],
            [
              139.2480208,
              36.3791766
            ],
            [
              139.2471054,
              36.3789294
            ],
            [
              139.2470365,
              36.3789114
            ],
            [
              139.2467416,
              36.3788491
            ],
            [
              139.246698,
              36.3788412
            ],
            [
              139.2464044,
              36.3787878
            ],
            [
              139.2462485,
              36.3787665
            ],
            [
              139.2461245,
              36.3787536
            ],
            [
              139.246072,
              36.3787482
            ],
            [
              139.2446504,
              36.3786364
            ],
            [
              139.2445422,
              36.3786279
            ],
            [
              139.244422,
              36.3786203
            ],
            [
              139.243674,
              36.3785785
            ],
            [
              139.2433664,
              36.3785616
            ],
            [
              139.2431787,
              36.3785494
            ],
            [
              139.2427209,
              36.3785255
            ],
            [
              139.2417122,
              36.378457
            ],
            [
              139.2416544,
              36.378456
            ],
            [
              139.2401783,
              36.3783572
            ],
            [
              139.2391466,
              36.3782961
            ],
            [
              139.2387064,
              36.3782677
            ],
            [
              139.2378124,
              36.3782098
            ],
            [
              139.2365889,
              36.3781313
            ],
            [
              139.2363349,
              36.378119
            ],
            [
              139.2362118,
              36.3781157
            ],
            [
              139.236089,
              36.3781144
            ],
            [
              139.2359385,
              36.3781176
            ],
            [
              139.2358323,
              36.3781215
            ],
            [
              139.2357344,
              36.3781273
            ],
            [
              139.2355285,
              36.3781465
            ],
            [
              139.235372,
              36.3781644
            ],
            [
              139.2352221,
              36.3781872
            ],
            [
              139.2350809,
              36.3782144
            ],
            [
              139.2347875,
              36.3782739
            ],
            [
              139.2346337,
              36.3783034
            ],
            [
              139.2335505,
              36.3785358
            ],
            [
              139.2331343,
              36.3786251
            ],
            [
              139.2330996,
              36.3786326
            ],
            [
              139.2325509,
              36.3787353
            ],
            [
              139.2321511,
              36.3787738
            ],
            [
              139.2321091,
              36.3787734
            ],
            [
              139.2320275,
              36.3787765
            ],
            [
              139.231475,
              36.3787459
            ],
            [
              139.230142,
              36.3785103
            ],
            [
              139.2290956,
              36.3783353
            ],
            [
              139.2288756,
              36.3783108
            ],
            [
              139.2282234,
              36.3782695
            ],
            [
              139.2281518,
              36.3782656
            ],
            [
              139.2276295,
              36.3782368
            ],
            [
              139.2270789,
              36.3781697
            ],
            [
              139.226869,
              36.378139
            ],
            [
              139.2267212,
              36.3781111
            ],
            [
              139.2266136,
              36.3780908
            ],
            [
              139.2263621,
              36.378031
            ],
            [
              139.2260482,
              36.3779384
            ],
            [
              139.2258239,
              36.3778776
            ],
            [
              139.2257872,
              36.3778669
            ],
            [
              139.2257388,
              36.3778504
            ],
            [
              139.2246813,
              36.3775496
            ],
            [
              139.2240965,
              36.377389
            ],
            [
              139.2226243,
              36.3769669
            ],
            [
              139.2224162,
              36.3769086
            ],
            [
              139.2217411,
              36.3767296
            ],
            [
              139.2212403,
              36.3766409
            ],
            [
              139.2201761,
              36.3765701
            ],
            [
              139.2192425,
              36.3765268
            ],
            [
              139.2190362,
              36.3765192
            ],
            [
              139.2186692,
              36.3765028
            ],
            [
              139.2183805,
              36.3764904
            ],
            [
              139.2183175,
              36.3764888
            ],
            [
              139.2175504,
              36.3764479
            ],
            [
              139.2175262,
              36.3764476
            ],
            [
              139.2174389,
              36.3764432
            ],
            [
              139.215767,
              36.3763491
            ],
            [
              139.215136,
              36.3763113
            ],
            [
              139.2145435,
              36.3762696
            ],
            [
              139.2141886,
              36.3762412
            ],
            [
              139.2139636,
              36.3762232
            ],
            [
              139.213361,
              36.3761644
            ],
            [
              139.2128599,
              36.376122
            ],
            [
              139.2123498,
              36.3760883
            ],
            [
              139.2117459,
              36.3760698
            ],
            [
              139.2115679,
              36.3760617
            ],
            [
              139.2104391,
              36.3759967
            ],
            [
              139.2093752,
              36.3759358
            ],
            [
              139.2077379,
              36.3758465
            ],
            [
              139.2076551,
              36.3758416
            ],
            [
              139.2075607,
              36.3758359
            ],
            [
              139.2073945,
              36.3758264
            ],
            [
              139.2069854,
              36.3758043
            ],
            [
              139.2058423,
              36.3757413
            ],
            [
              139.2042846,
              36.3756555
            ],
            [
              139.2033583,
              36.3756048
            ],
            [
              139.203178,
              36.3755965
            ],
            [
              139.2029759,
              36.3755839
            ],
            [
              139.2014572,
              36.3755048
            ],
            [
              139.2011786,
              36.3754886
            ],
            [
              139.200919,
              36.3754694
            ],
            [
              139.2006621,
              36.3754556
            ],
            [
              139.2004874,
              36.3754481
            ],
            [
              139.1999999,
              36.3754287
            ],
            [
              139.1995988,
              36.3754079
            ],
            [
              139.1980239,
              36.3753214
            ],
            [
              139.1975538,
              36.375297
            ],
            [
              139.1965038,
              36.375239
            ],
            [
              139.1952027,
              36.3751666
            ],
            [
              139.193863,
              36.3750931
            ],
            [
              139.1924093,
              36.3750181
            ],
            [
              139.1914751,
              36.3749771
            ],
            [
              139.1912232,
              36.3749508
            ],
            [
              139.1909784,
              36.3749015
            ],
            [
              139.1908703,
              36.3748711
            ],
            [
              139.1905266,
              36.3747833
            ],
            [
              139.1901207,
              36.3746453
            ],
            [
              139.1882625,
              36.3740584
            ],
            [
              139.1881767,
              36.3740308
            ],
            [
              139.187888,
              36.3739443
            ],
            [
              139.1878407,
              36.3739294
            ],
            [
              139.1867429,
              36.3735801
            ],
            [
              139.1854461,
              36.3731654
            ],
            [
              139.1839114,
              36.3727002
            ],
            [
              139.1828276,
              36.3723677
            ],
            [
              139.1819864,
              36.3721096
            ],
            [
              139.1819116,
              36.3720869
            ],
            [
              139.1809909,
              36.3717932
            ],
            [
              139.1802187,
              36.3715473
            ],
            [
              139.1799567,
              36.371472
            ],
            [
              139.178568,
              36.3711879
            ],
            [
              139.1783532,
              36.3711429
            ],
            [
              139.1776293,
              36.3710025
            ],
            [
              139.1772284,
              36.370928
            ],
            [
              139.1765672,
              36.3708081
            ],
            [
              139.1749483,
              36.3704977
            ],
            [
              139.1739043,
              36.3702982
            ],
            [
              139.1738547,
              36.3702884
            ],
            [
              139.1737783,
              36.3702734
            ],
            [
              139.1736786,
              36.3702468
            ],
            [
              139.1719836,
              36.3699316
            ],
            [
              139.1701517,
              36.3695622
            ],
            [
              139.169189,
              36.3693897
            ],
            [
              139.1681079,
              36.3691745
            ],
            [
              139.1671691,
              36.3689931
            ],
            [
              139.167094,
              36.3689737
            ],
            [
              139.1662643,
              36.3688228
            ],
            [
              139.1655082,
              36.3686853
            ],
            [
              139.1644627,
              36.3684799
            ],
            [
              139.1641752,
              36.368455
            ],
            [
              139.1639493,
              36.368446
            ],
            [
              139.1637283,
              36.3684506
            ],
            [
              139.1632434,
              36.3684556
            ],
            [
              139.1617005,
              36.3685254
            ],
            [
              139.1615315,
              36.3685337
            ],
            [
              139.1613386,
              36.3685419
            ],
            [
              139.1610795,
              36.3685718
            ],
            [
              139.1607635,
              36.3685802
            ],
            [
              139.1606178,
              36.3685841
            ],
            [
              139.1602517,
              36.3686669
            ],
            [
              139.1587003,
              36.3687183
            ],
            [
              139.1583464,
              36.3687366
            ],
            [
              139.1575914,
              36.3687663
            ],
            [
              139.1556527,
              36.3688483
            ],
            [
              139.1544289,
              36.3688899
            ],
            [
              139.1541737,
              36.3688811
            ],
            [
              139.1539301,
              36.3688853
            ],
            [
              139.153825,
              36.3688973
            ],
            [
              139.1536347,
              36.3689154
            ],
            [
              139.1530619,
              36.3689697
            ],
            [
              139.1524002,
              36.3690163
            ],
            [
              139.1516483,
              36.3690352
            ],
            [
              139.1514824,
              36.3690436
            ],
            [
              139.1502202,
              36.3691527
            ],
            [
              139.1501061,
              36.3691632
            ],
            [
              139.1500008,
              36.3691777
            ],
            [
              139.1489931,
              36.3693191
            ],
            [
              139.1480077,
              36.3694747
            ],
            [
              139.1473346,
              36.3695715
            ],
            [
              139.1472614,
              36.3695828
            ],
            [
              139.1465674,
              36.3696876
            ],
            [
              139.1450385,
              36.3699143
            ],
            [
              139.1448609,
              36.3699415
            ],
            [
              139.1447033,
              36.3699671
            ],
            [
              139.1430459,
              36.3702274
            ],
            [
              139.1422277,
              36.370359
            ],
            [
              139.1415832,
              36.3704597
            ],
            [
              139.1411647,
              36.3705255
            ],
            [
              139.1406315,
              36.3706129
            ],
            [
              139.1396911,
              36.370762
            ],
            [
              139.1384212,
              36.3710248
            ],
            [
              139.1378646,
              36.3711434
            ],
            [
              139.1377656,
              36.3711669
            ],
            [
              139.1363503,
              36.3714735
            ],
            [
              139.1360761,
              36.3715339
            ],
            [
              139.1345185,
              36.3718769
            ],
            [
              139.1335552,
              36.3720771
            ],
            [
              139.1315399,
              36.3725217
            ],
            [
              139.1314897,
              36.3725328
            ],
            [
              139.1311408,
              36.3726137
            ],
            [
              139.1311043,
              36.3726215
            ],
            [
              139.1310431,
              36.3726352
            ],
            [
              139.1301717,
              36.3728498
            ],
            [
              139.1292232,
              36.3730696
            ],
            [
              139.1288441,
              36.3731497
            ],
            [
              139.1274407,
              36.3734572
            ],
            [
              139.1273939,
              36.3734675
            ],
            [
              139.1266006,
              36.3736429
            ],
            [
              139.1265402,
              36.3736552
            ],
            [
              139.125668,
              36.3738496
            ],
            [
              139.1253072,
              36.3739311
            ],
            [
              139.1251982,
              36.3739545
            ],
            [
              139.1250794,
              36.3739808
            ],
            [
              139.1243817,
              36.3741662
            ],
            [
              139.1236864,
              36.3743678
            ],
            [
              139.12324,
              36.3745081
            ],
            [
              139.1227979,
              36.3746532
            ],
            [
              139.1223273,
              36.3748239
            ],
            [
              139.1214645,
              36.3751442
            ],
            [
              139.1205599,
              36.3754826
            ],
            [
              139.1188907,
              36.3761246
            ],
            [
              139.1178189,
              36.3765291
            ],
            [
              139.1167246,
              36.3769382
            ],
            [
              139.1151327,
              36.3775299
            ],
            [
              139.1146351,
              36.3777167
            ],
            [
              139.1131934,
              36.3782576
            ],
            [
              139.1128877,
              36.3783678
            ],
            [
              139.112535,
              36.3785038
            ],
            [
              139.1123083,
              36.3785826
            ],
            [
              139.1119139,
              36.3787339
            ],
            [
              139.1110495,
              36.3790564
            ],
            [
              139.1106465,
              36.379211
            ],
            [
              139.1099547,
              36.379466
            ],
            [
              139.1092751,
              36.3797229
            ],
            [
              139.1090472,
              36.3798044
            ],
            [
              139.1079402,
              36.3802229
            ],
            [
              139.1077548,
              36.380293
            ],
            [
              139.1072062,
              36.3804836
            ],
            [
              139.1067338,
              36.3806337
            ],
            [
              139.1065434,
              36.3806877
            ],
            [
              139.1063506,
              36.3807399
            ],
            [
              139.1060703,
              36.380808
            ],
            [
              139.1059255,
              36.380836
            ],
            [
              139.10579,
              36.3808641
            ],
            [
              139.1052149,
              36.3809633
            ],
            [
              139.1051649,
              36.3809719
            ],
            [
              139.1041907,
              36.3811421
            ],
            [
              139.1030928,
              36.3813347
            ],
            [
              139.1029026,
              36.3813651
            ],
            [
              139.1028147,
              36.3813791
            ],
            [
              139.1023306,
              36.3814563
            ],
            [
              139.1014374,
              36.3816096
            ],
            [
              139.1011713,
              36.3816528
            ],
            [
              139.1000239,
              36.3818407
            ],
            [
              139.0992353,
              36.3819729
            ],
            [
              139.0984857,
              36.3820949
            ],
            [
              139.0983234,
              36.3820776
            ],
            [
              139.0981202,
              36.3821141
            ],
            [
              139.0974919,
              36.3822169
            ],
            [
              139.0974295,
              36.3822284
            ],
            [
              139.0969447,
              36.3823108
            ],
            [
              139.0965853,
              36.3823702
            ],
            [
              139.0960586,
              36.3824618
            ],
            [
              139.0958053,
              36.382506
            ],
            [
              139.09507,
              36.3826289
            ],
            [
              139.0941653,
              36.3827802
            ],
            [
              139.0937173,
              36.3828558
            ],
            [
              139.0928678,
              36.3830021
            ],
            [
              139.092845,
              36.3830058
            ],
            [
              139.0926445,
              36.3830404
            ],
            [
              139.0926183,
              36.3830442
            ],
            [
              139.0914126,
              36.383253
            ],
            [
              139.0910629,
              36.3833179
            ],
            [
              139.0903695,
              36.3834374
            ],
            [
              139.0901828,
              36.3834699
            ],
            [
              139.0896453,
              36.383565
            ],
            [
              139.0886438,
              36.3837423
            ],
            [
              139.0877976,
              36.3838857
            ],
            [
              139.0871351,
              36.3840001
            ],
            [
              139.0869311,
              36.3840319
            ],
            [
              139.0862228,
              36.3841423
            ],
            [
              139.0858821,
              36.384206
            ],
            [
              139.085284,
              36.3843032
            ],
            [
              139.0846832,
              36.3844123
            ],
            [
              139.0833871,
              36.3846288
            ],
            [
              139.0826564,
              36.3847409
            ],
            [
              139.0822916,
              36.3848024
            ],
            [
              139.0819698,
              36.3848528
            ],
            [
              139.0819135,
              36.3848615
            ],
            [
              139.081832,
              36.3848749
            ],
            [
              139.0807403,
              36.3850628
            ],
            [
              139.079993,
              36.3851857
            ],
            [
              139.0792534,
              36.3853074
            ],
            [
              139.0791689,
              36.3853204
            ],
            [
              139.0781631,
              36.3854823
            ],
            [
              139.0780609,
              36.3854971
            ],
            [
              139.0776578,
              36.3855557
            ],
            [
              139.0773524,
              36.3855978
            ],
            [
              139.077292,
              36.385614
            ],
            [
              139.0771888,
              36.385648
            ],
            [
              139.0767824,
              36.3859055
            ],
            [
              139.0762175,
              36.3862489
            ],
            [
              139.0755604,
              36.3866497
            ],
            [
              139.0750776,
              36.3869442
            ],
            [
              139.0744037,
              36.3873554
            ],
            [
              139.0741603,
              36.3875098
            ],
            [
              139.074108,
              36.3875562
            ],
            [
              139.074053,
              36.3876113
            ],
            [
              139.0739698,
              36.3877095
            ],
            [
              139.0738283,
              36.387883
            ],
            [
              139.0735037,
              36.3882717
            ],
            [
              139.0734662,
              36.3883073
            ],
            [
              139.0734132,
              36.3883524
            ],
            [
              139.0728156,
              36.3886702
            ],
            [
              139.0725274,
              36.3888201
            ],
            [
              139.0724563,
              36.3888568
            ],
            [
              139.0722136,
              36.3889664
            ],
            [
              139.0717633,
              36.3891854
            ],
            [
              139.0714029,
              36.3893535
            ],
            [
              139.070667,
              36.3897084
            ],
            [
              139.070564,
              36.3897581
            ],
            [
              139.0704789,
              36.3898027
            ],
            [
              139.0698561,
              36.3901023
            ],
            [
              139.0696495,
              36.3902124
            ],
            [
              139.0689804,
              36.390539
            ],
            [
              139.0688328,
              36.390621
            ],
            [
              139.0686474,
              36.3906999
            ],
            [
              139.0685171,
              36.3907512
            ],
            [
              139.0683559,
              36.3908013
            ],
            [
              139.0682269,
              36.3908336
            ],
            [
              139.0680491,
              36.390871
            ],
            [
              139.0678578,
              36.390905
            ],
            [
              139.0677062,
              36.3909277
            ]
          ],
          [
            [
              140.0745136,
              36.3525806
            ],
            [
              140.0747777,
              36.3526305
            ],
            [
              140.0751018,
              36.352708
            ],
            [
              140.075566,
              36.3528948
            ],
            [
              140.0762177,
              36.3532112
            ],
            [
              140.0764239,
              36.3533222
            ],
            [
              140.0768969,
              36.3535696
            ],
            [
              140.0773841,
              36.3538246
            ],
            [
              140.0780627,
              36.3541756
            ],
            [
              140.079044,
              36.3546772
            ],
            [
              140.0797445,
              36.3550429
            ],
            [
              140.0802546,
              36.3553069
            ],
            [
              140.0809407,
              36.355638
            ],
            [
              140.0814027,
              36.3558436
            ],
            [
              140.0814692,
              36.3558726
            ],
            [
              140.0816878,
              36.3559707
            ],
            [
              140.0820391,
              36.3561057
            ],
            [
              140.0825326,
              36.356285
            ],
            [
              140.0833912,
              36.3565869
            ],
            [
              140.0838536,
              36.3567505
            ],
            [
              140.084452,
              36.356963
            ],
            [
              140.0846766,
              36.3570408
            ],
            [
              140.0853201,
              36.3572761
            ],
            [
              140.0885481,
              36.3584056
            ],
            [
              140.0891019,
              36.3586239
            ],
            [
              140.08963,
              36.3588672
            ],
            [
              140.0900838,
              36.3591103
            ],
            [
              140.0909672,
              36.3596821
            ],
            [
              140.091537,
              36.3600685
            ],
            [
              140.0926181,
              36.3608211
            ],
            [
              140.0933135,
              36.3613115
            ],
            [
              140.093786,
              36.3616235
            ],
            [
              140.093886,
              36.3616896
            ],
            [
              140.0939392,
              36.361723
            ],
            [
              140.0940984,
              36.3618147
            ],
            [
              140.0942551,
              36.3619067
            ],
            [
              140.0946956,
              36.3621655
            ],
            [
              140.0951231,
              36.3623727
            ],
            [
              140.0952976,
              36.3624573
            ],
            [
              140.0958179,
              36.3626638
            ],
            [
              140.0960929,
              36.362764
            ],
            [
              140.0963212,
              36.3628499
            ],
            [
              140.0966593,
              36.3629653
            ],
            [
              140.0971827,
              36.3631175
            ],
            [
              140.0976309,
              36.3632287
            ],
            [
              140.0981876,
              36.3633508
            ],
            [
              140.0985883,
              36.3634336
            ],
            [
              140.1002067,
              36.3637726
            ],
            [
              140.1018189,
              36.3641013
            ],
            [
              140.1020016,
              36.364139
            ],
            [
              140.1026268,
              36.3642733
            ],
            [
              140.1027105,
              36.3642913
            ],
            [
              140.1028722,
              36.364326
            ],
            [
              140.1030324,
              36.3643576
            ],
            [
              140.1046824,
              36.3646988
            ],
            [
              140.1053942,
              36.3648022
            ],
            [
              140.1058893,
              36.3648473
            ],
            [
              140.1063112,
              36.3648744
            ],
            [
              140.1063858,
              36.364878
            ],
            [
              140.1065833,
              36.3648832
            ],
            [
              140.1073734,
              36.3648717
            ],
            [
              140.1081823,
              36.3648042
            ],
            [
              140.1092668,
              36.364671
            ],
            [
              140.1096528,
              36.3646064
            ],
            [
              140.109739,
              36.3645907
            ],
            [
              140.1103425,
              36.3644571
            ],
            [
              140.1109414,
              36.3642877
            ],
            [
              140.1118182,
              36.3639934
            ],
            [
              140.1120949,
              36.3638917
            ],
            [
              140.1127971,
              36.3636333
            ],
            [
              140.1129232,
              36.3635861
            ],
            [
              140.116406,
              36.3622738
            ],
            [
              140.117441,
              36.3618767
            ],
            [
              140.1184184,
              36.3615278
            ],
            [
              140.1192547,
              36.3612056
            ],
            [
              140.1194157,
              36.3611472
            ],
            [
              140.120035,
              36.3609245
            ],
            [
              140.1205931,
              36.3607196
            ],
            [
              140.1214664,
              36.3604267
            ],
            [
              140.1221986,
              36.3601458
            ],
            [
              140.1228542,
              36.3598844
            ],
            [
              140.1232736,
              36.3597273
            ],
            [
              140.1237388,
              36.3595591
            ],
            [
              140.1241042,
              36.3594506
            ],
            [
              140.1243709,
              36.3593737
            ],
            [
              140.124559,
              36.3593229
            ],
            [
              140.1250413,
              36.3592007
            ],
            [
              140.1257019,
              36.3590869
            ],
            [
              140.1266736,
              36.3589677
            ],
            [
              140.1272597,
              36.3589208
            ],
            [
              140.1285929,
              36.35882
            ],
            [
              140.1289635,
              36.3587938
            ],
            [
              140.1294692,
              36.3587551
            ],
            [
              140.1310432,
              36.3586338
            ],
            [
              140.1314609,
              36.3586127
            ],
            [
              140.133447,
              36.3584762
            ],
            [
              140.1345923,
              36.3584308
            ],
            [
              140.1362569,
              36.3583279
            ],
            [
              140.1381198,
              36.3582475
            ],
            [
              140.1399955,
              36.3581426
            ],
            [
              140.1415418,
              36.3580561
            ],
            [
              140.1437266,
              36.3579404
            ],
            [
              140.1441281,
              36.3579347
            ],
            [
              140.1444673,
              36.3579304
            ],
            [
              140.1453006,
              36.3579086
            ],
            [
              140.1453667,
              36.3579057
            ],
            [
              140.1456285,
              36.3578999
            ],
            [
              140.1457075,
              36.3578962
            ],
            [
              140.1463415,
              36.3578785
            ],
            [
              140.1464795,
              36.3578749
            ],
            [
              140.1486596,
              36.3578149
            ],
            [
              140.1510252,
              36.357756
            ],
            [
              140.1519596,
              36.3577318
            ],
            [
              140.1520617,
              36.3577299
            ],
            [
              140.1522518,
              36.3577274
            ],
            [
              140.1538462,
              36.357686
            ],
            [
              140.1543208,
              36.3576521
            ],
            [
              140.1547573,
              36.3576086
            ],
            [
              140.1552775,
              36.3575264
            ],
            [
              140.1559343,
              36.3573654
            ],
            [
              140.1563729,
              36.3572365
            ],
            [
              140.1568145,
              36.3570796
            ],
            [
              140.1573979,
              36.3568307
            ],
            [
              140.1579925,
              36.3565231
            ],
            [
              140.1590532,
              36.3558155
            ],
            [
              140.1592256,
              36.3556972
            ],
            [
              140.1608317,
              36.354572
            ],
            [
              140.1621486,
              36.3536496
            ],
            [
              140.1630047,
              36.353056
            ],
            [
              140.1645302,
              36.3519695
            ],
            [
              140.1649803,
              36.3516236
            ],
            [
              140.1654635,
              36.3512047
            ],
            [
              140.1663407,
              36.3504613
            ],
            [
              140.1664965,
              36.350344
            ],
            [
              140.1668028,
              36.3501429
            ],
            [
              140.1669761,
              36.3500379
            ],
            [
              140.1672847,
              36.3498735
            ],
            [
              140.167716,
              36.3496766
            ],
            [
              140.1681102,
              36.3495444
            ],
            [
              140.1684217,
              36.3494493
            ],
            [
              140.1687536,
              36.3493691
            ],
            [
              140.1690672,
              36.3493101
            ],
            [
              140.1693837,
              36.3492578
            ],
            [
              140.1697245,
              36.3492265
            ],
            [
              140.1705637,
              36.3491816
            ],
            [
              140.1714576,
              36.3491702
            ],
            [
              140.171991,
              36.3491833
            ],
            [
              140.1723719,
              36.3492049
            ],
            [
              140.1726857,
              36.3492344
            ],
            [
              140.1729211,
              36.3492653
            ],
            [
              140.1731614,
              36.349302
            ],
            [
              140.1735257,
              36.3493678
            ],
            [
              140.1738095,
              36.3494296
            ],
            [
              140.1745354,
              36.3496113
            ],
            [
              140.1759838,
              36.3499992
            ],
            [
              140.1774523,
              36.3503924
            ],
            [
              140.1778406,
              36.3504963
            ],
            [
              140.1779042,
              36.3505134
            ],
            [
              140.1780829,
              36.3505612
            ],
            [
              140.1782457,
              36.3506041
            ],
            [
              140.1783118,
              36.3506215
            ],
            [
              140.1787861,
              36.3507466
            ],
            [
              140.1791464,
              36.3508415
            ],
            [
              140.1814592,
              36.3514512
            ],
            [
              140.1826094,
              36.3517544
            ],
            [
              140.1826971,
              36.3517776
            ],
            [
              140.1833212,
              36.3519421
            ],
            [
              140.183512,
              36.3519924
            ],
            [
              140.1837488,
              36.3520581
            ],
            [
              140.1841869,
              36.3521757
            ],
            [
              140.184625,
              36.3522933
            ],
            [
              140.1872318,
              36.3529771
            ],
            [
              140.1879488,
              36.3531697
            ],
            [
              140.1882676,
              36.3532742
            ],
            [
              140.1886295,
              36.3533936
            ],
            [
              140.1891526,
              36.3535922
            ],
            [
              140.1893548,
              36.3536764
            ],
            [
              140.189584,
              36.3537732
            ],
            [
              140.1898133,
              36.3538774
            ],
            [
              140.1899736,
              36.3539538
            ],
            [
              140.1901293,
              36.3540376
            ],
            [
              140.1903877,
              36.3541728
            ],
            [
              140.1906406,
              36.354318
            ],
            [
              140.1915955,
              36.3549221
            ],
            [
              140.1943304,
              36.356793
            ],
            [
              140.1960354,
              36.3579464
            ],
            [
              140.1961903,
              36.3580512
            ],
            [
              140.1963692,
              36.3581722
            ],
            [
              140.1966241,
              36.3583439
            ],
            [
              140.1967561,
              36.3584329
            ],
            [
              140.1969889,
              36.3585893
            ],
            [
              140.1972449,
              36.3587612
            ],
            [
              140.1984081,
              36.3595632
            ],
            [
              140.1993576,
              36.3602053
            ],
            [
              140.1996787,
              36.3604231
            ],
            [
              140.2003688,
              36.3608913
            ],
            [
              140.2008431,
              36.361209
            ],
            [
              140.2011421,
              36.3614056
            ],
            [
              140.2021493,
              36.3620502
            ],
            [
              140.2025792,
              36.362315
            ],
            [
              140.2040808,
              36.3632294
            ],
            [
              140.2042292,
              36.3633298
            ],
            [
              140.2044377,
              36.3634681
            ],
            [
              140.2046623,
              36.3636454
            ],
            [
              140.2048293,
              36.3637894
            ],
            [
              140.2050848,
              36.3640335
            ],
            [
              140.2056376,
              36.3646286
            ],
            [
              140.2060072,
              36.3650519
            ],
            [
              140.2061409,
              36.3651934
            ],
            [
              140.2072808,
              36.3664379
            ],
            [
              140.2082403,
              36.3674833
            ],
            [
              140.2095132,
              36.3688786
            ],
            [
              140.2096599,
              36.3690286
            ],
            [
              140.2098051,
              36.3691592
            ],
            [
              140.2099442,
              36.3692834
            ],
            [
              140.2101581,
              36.3694441
            ],
            [
              140.2104263,
              36.3696271
            ],
            [
              140.2106322,
              36.3697575
            ],
            [
              140.2108081,
              36.3698623
            ],
            [
              140.2109766,
              36.3699654
            ],
            [
              140.2115273,
              36.3702715
            ],
            [
              140.212202,
              36.3706612
            ],
            [
              140.212311,
              36.3707242
            ],
            [
              140.2123963,
              36.3707735
            ],
            [
              140.212549,
              36.3708659
            ],
            [
              140.2127509,
              36.3709891
            ],
            [
              140.2127938,
              36.3710163
            ],
            [
              140.2129498,
              36.3711063
            ],
            [
              140.2137488,
              36.3715499
            ],
            [
              140.2137779,
              36.371566
            ],
            [
              140.2140042,
              36.3716953
            ],
            [
              140.2146015,
              36.3720358
            ],
            [
              140.2159269,
              36.3727917
            ],
            [
              140.2164654,
              36.373097
            ],
            [
              140.2169773,
              36.3733948
            ],
            [
              140.2175325,
              36.3737202
            ],
            [
              140.2176358,
              36.3737756
            ],
            [
              140.218269,
              36.3741312
            ],
            [
              140.2189451,
              36.3745079
            ],
            [
              140.219045,
              36.3745667
            ],
            [
              140.2195643,
              36.3748633
            ],
            [
              140.2198991,
              36.3750546
            ],
            [
              140.2204683,
              36.3753939
            ],
            [
              140.2206176,
              36.3754889
            ],
            [
              140.2210343,
              36.3757528
            ],
            [
              140.221449,
              36.3760241
            ],
            [
              140.2224675,
              36.3767158
            ],
            [
              140.222839,
              36.3769797
            ],
            [
              140.2229682,
              36.3770715
            ],
            [
              140.2232079,
              36.3772418
            ],
            [
              140.2237561,
              36.3776462
            ],
            [
              140.2244097,
              36.3781622
            ],
            [
              140.2249073,
              36.3785478
            ],
            [
              140.2254568,
              36.3789974
            ],
            [
              140.2264812,
              36.3798356
            ],
            [
              140.2283288,
              36.3813788
            ],
            [
              140.2292535,
              36.3821383
            ],
            [
              140.230152,
              36.3828724
            ],
            [
              140.2306228,
              36.3832669
            ],
            [
              140.2311753,
              36.3837156
            ],
            [
              140.2314161,
              36.3839111
            ],
            [
              140.2314545,
              36.3839422
            ],
            [
              140.2316184,
              36.384074
            ],
            [
              140.231838,
              36.3842574
            ],
            [
              140.2318805,
              36.3842926
            ],
            [
              140.2320826,
              36.3844598
            ],
            [
              140.2330124,
              36.385258
            ],
            [
              140.2331394,
              36.3853596
            ],
            [
              140.2340581,
              36.3860944
            ],
            [
              140.2342216,
              36.3862992
            ],
            [
              140.2364277,
              36.3881028
            ],
            [
              140.2368839,
              36.3884885
            ],
            [
              140.2369291,
              36.3885266
            ],
            [
              140.2371227,
              36.3886903
            ],
            [
              140.2372982,
              36.3888347
            ],
            [
              140.2376785,
              36.3891475
            ],
            [
              140.2382296,
              36.389591
            ],
            [
              140.2384201,
              36.3897337
            ],
            [
              140.2386668,
              36.3899015
            ],
            [
              140.2389192,
              36.3900638
            ],
            [
              140.2391429,
              36.3901997
            ],
            [
              140.2392931,
              36.3902868
            ],
            [
              140.2393303,
              36.3903088
            ],
            [
              140.2395603,
              36.390441
            ],
            [
              140.2397318,
              36.3905334
            ],
            [
              140.2398279,
              36.3905828
            ],
            [
              140.2400751,
              36.3907039
            ],
            [
              140.2403143,
              36.3908196
            ],
            [
              140.2406027,
              36.3909462
            ],
            [
              140.2409533,
              36.3910862
            ],
            [
              140.2412409,
              36.3911922
            ],
            [
              140.2426493,
              36.3916832
            ],
            [
              140.2439981,
              36.3921347
            ],
            [
              140.2458657,
              36.3927823
            ],
            [
              140.246632,
              36.3930445
            ],
            [
              140.2474665,
              36.393339
            ],
            [
              140.2476225,
              36.3933929
            ],
            [
              140.2479967,
              36.3935077
            ],
            [
              140.2483923,
              36.3936197
            ],
            [
              140.2486928,
              36.3936986
            ],
            [
              140.2489995,
              36.393765
            ],
            [
              140.249425,
              36.3938521
            ],
            [
              140.2497348,
              36.393904
            ],
            [
              140.2498014,
              36.3939129
            ],
            [
              140.2502194,
              36.3939618
            ],
            [
              140.2507984,
              36.3940216
            ],
            [
              140.2508593,
              36.3940266
            ],
            [
              140.2510783,
              36.3940395
            ],
            [
              140.2512792,
              36.3940464
            ],
            [
              140.2516426,
              36.3940566
            ],
            [
              140.2519206,
              36.3940589
            ],
            [
              140.2521809,
              36.3940584
            ],
            [
              140.2524838,
              36.394049
            ],
            [
              140.2527619,
              36.394034
            ],
            [
              140.2532896,
              36.3939887
            ],
            [
              140.2537645,
              36.3939418
            ],
            [
              140.2545781,
              36.3938524
            ],
            [
              140.254785,
              36.3938287
            ],
            [
              140.254945,
              36.3938135
            ],
            [
              140.2563459,
              36.3936626
            ],
            [
              140.2578622,
              36.3935064
            ],
            [
              140.2584686,
              36.3934464
            ],
            [
              140.2585394,
              36.3934394
            ],
            [
              140.2587121,
              36.3934223
            ],
            [
              140.2588801,
              36.3934065
            ],
            [
              140.25937,
              36.3933604
            ],
            [
              140.2597227,
              36.3933228
            ],
            [
              140.26094,
              36.3931944
            ],
            [
              140.2617554,
              36.393108
            ],
            [
              140.2618218,
              36.393101
            ],
            [
              140.2620135,
              36.3930434
            ],
            [
              140.2622245,
              36.3930223
            ],
            [
              140.2622857,
              36.3930161
            ],
            [
              140.2630623,
              36.3929381
            ],
            [
              140.2643453,
              36.3927923
            ],
            [
              140.2651868,
              36.3927093
            ],
            [
              140.2665336,
              36.3925699
            ],
            [
              140.2683874,
              36.3923697
            ],
            [
              140.2700333,
              36.3922204
            ],
            [
              140.2742546,
              36.3917672
            ],
            [
              140.274508,
              36.3917398
            ],
            [
              140.2776995,
              36.3914101
            ],
            [
              140.2816241,
              36.3910219
            ],
            [
              140.2818988,
              36.390996
            ],
            [
              140.2840398,
              36.3907762
            ],
            [
              140.2845574,
              36.3907207
            ],
            [
              140.2851292,
              36.3906609
            ],
            [
              140.2853675,
              36.3906266
            ],
            [
              140.2855852,
              36.3905918
            ],
            [
              140.2857116,
              36.3905656
            ],
            [
              140.2858278,
              36.3905399
            ],
            [
              140.2861523,
              36.3904612
            ],
            [
              140.2862522,
              36.390437
            ],
            [
              140.2866499,
              36.390331
            ],
            [
              140.286978,
              36.3902371
            ],
            [
              140.2874692,
              36.3900616
            ],
            [
              140.2878398,
              36.3899109
            ],
            [
              140.2881762,
              36.3897605
            ],
            [
              140.2887032,
              36.389493
            ],
            [
              140.2890547,
              36.38929
            ],
            [
              140.2893929,
              36.3890759
            ],
            [
              140.2900986,
              36.3885539
            ],
            [
              140.290578,
              36.3881952
            ],
            [
              140.2908954,
              36.3879551
            ],
            [
              140.2910523,
              36.387836
            ],
            [
              140.2912978,
              36.3876522
            ],
            [
              140.2926395,
              36.3866456
            ],
            [
              140.2937722,
              36.3858017
            ],
            [
              140.2956019,
              36.3844346
            ],
            [
              140.2957991,
              36.3843019
            ],
            [
              140.2960218,
              36.384156
            ],
            [
              140.2962323,
              36.3840323
            ],
            [
              140.296475,
              36.3839025
            ],
            [
              140.2967472,
              36.3837628
            ],
            [
              140.2970448,
              36.3836377
            ],
            [
              140.2973494,
              36.3835224
            ],
            [
              140.297654,
              36.383417
            ],
            [
              140.2979234,
              36.3833389
            ],
            [
              140.2981414,
              36.3832741
            ],
            [
              140.2982738,
              36.3832441
            ],
            [
              140.2984065,
              36.3832207
            ],
            [
              140.2988541,
              36.383151
            ],
            [
              140.2993423,
              36.3830857
            ],
            [
              140.2998534,
              36.3830524
            ],
            [
              140.3000274,
              36.3830524
            ],
            [
              140.3001548,
              36.3830525
            ],
            [
              140.3003721,
              36.3830525
            ],
            [
              140.3008465,
              36.3831017
            ],
            [
              140.301578,
              36.3831904
            ],
            [
              140.3019905,
              36.3832429
            ],
            [
              140.3029742,
              36.3833555
            ],
            [
              140.3033651,
              36.3834018
            ],
            [
              140.303766,
              36.3834223
            ],
            [
              140.3043986,
              36.3834385
            ],
            [
              140.30513,
              36.3834213
            ],
            [
              140.3058462,
              36.3833414
            ],
            [
              140.306362,
              36.3832667
            ],
            [
              140.3069719,
              36.3831508
            ],
            [
              140.3076272,
              36.3829743
            ],
            [
              140.3081754,
              36.3827973
            ],
            [
              140.3087993,
              36.3825813
            ],
            [
              140.3093596,
              36.3823354
            ],
            [
              140.3116347,
              36.3811381
            ],
            [
              140.3120016,
              36.3809417
            ],
            [
              140.3122414,
              36.380864
            ],
            [
              140.3128269,
              36.3807164
            ],
            [
              140.3128858,
              36.3807051
            ],
            [
              140.3138749,
              36.380543
            ],
            [
              140.3142379,
              36.380526
            ],
            [
              140.3148094,
              36.3805268
            ],
            [
              140.3153884,
              36.3805672
            ],
            [
              140.3156735,
              36.3806063
            ],
            [
              140.3161662,
              36.380678
            ],
            [
              140.316672,
              36.3808145
            ],
            [
              140.3176141,
              36.3810817
            ],
            [
              140.3184381,
              36.3813231
            ],
            [
              140.3195566,
              36.3816524
            ],
            [
              140.3203124,
              36.3818712
            ],
            [
              140.3205425,
              36.3819374
            ],
            [
              140.3209072,
              36.3820108
            ],
            [
              140.3213809,
              36.3820675
            ],
            [
              140.3217358,
              36.3820935
            ],
            [
              140.3221024,
              36.3820955
            ],
            [
              140.3233583,
              36.3820004
            ],
            [
              140.3243007,
              36.3819291
            ],
            [
              140.3246212,
              36.3818915
            ],
            [
              140.3249344,
              36.3818226
            ],
            [
              140.3251907,
              36.3817452
            ],
            [
              140.3254214,
              36.3816545
            ],
            [
              140.3256107,
              36.3815608
            ],
            [
              140.3258049,
              36.3814408
            ],
            [
              140.3260226,
              36.3812701
            ],
            [
              140.3262673,
              36.3810422
            ],
            [
              140.3269596,
              36.3803006
            ],
            [
              140.3273738,
              36.3798866
            ],
            [
              140.3276116,
              36.3796731
            ],
            [
              140.3279293,
              36.3794087
            ],
            [
              140.3282645,
              36.3791582
            ],
            [
              140.3285117,
              36.3789735
            ],
            [
              140.3288358,
              36.3787652
            ],
            [
              140.3290585,
              36.3786248
            ],
            [
              140.3294117,
              36.3784209
            ],
            [
              140.3297371,
              36.3782491
            ],
            [
              140.3301957,
              36.3780245
            ],
            [
              140.3325943,
              36.3770275
            ],
            [
              140.3330603,
              36.3768368
            ],
            [
              140.3334187,
              36.3766771
            ],
            [
              140.3339937,
              36.3764416
            ],
            [
              140.3344175,
              36.3762839
            ],
            [
              140.3347823,
              36.3761587
            ],
            [
              140.3350452,
              36.3760754
            ],
            [
              140.3353482,
              36.3759816
            ],
            [
              140.3357865,
              36.3758536
            ],
            [
              140.3362763,
              36.3757268
            ],
            [
              140.3363809,
              36.3757008
            ],
            [
              140.3367569,
              36.3756208
            ],
            [
              140.3372327,
              36.375546
            ],
            [
              140.3375325,
              36.3755384
            ],
            [
              140.33773,
              36.3755338
            ],
            [
              140.3381766,
              36.3755442
            ],
            [
              140.3389719,
              36.375541
            ],
            [
              140.3392685,
              36.3755436
            ],
            [
              140.3396988,
              36.3755454
            ],
            [
              140.3409776,
              36.3755334
            ],
            [
              140.3420731,
              36.375525
            ],
            [
              140.343176,
              36.3755242
            ],
            [
              140.3437541,
              36.3754951
            ],
            [
              140.3439796,
              36.3754763
            ],
            [
              140.3441677,
              36.3754514
            ],
            [
              140.3443984,
              36.3754066
            ],
            [
              140.3453242,
              36.3751429
            ],
            [
              140.3456956,
              36.3749693
            ],
            [
              140.3471119,
              36.3742326
            ],
            [
              140.3477608,
              36.3739484
            ],
            [
              140.3482356,
              36.3738047
            ],
            [
              140.3488795,
              36.3736379
            ],
            [
              140.3491643,
              36.3735952
            ],
            [
              140.3494724,
              36.3735554
            ],
            [
              140.3497651,
              36.3735348
            ],
            [
              140.3499864,
              36.3735283
            ],
            [
              140.3502287,
              36.3735232
            ],
            [
              140.3505121,
              36.3735326
            ],
            [
              140.3507882,
              36.3735524
            ],
            [
              140.3510392,
              36.3735834
            ],
            [
              140.3513476,
              36.3736309
            ],
            [
              140.3516436,
              36.3736919
            ],
            [
              140.3520276,
              36.3737918
            ],
            [
              140.3521942,
              36.3738421
            ],
            [
              140.3523132,
              36.3738781
            ],
            [
              140.352599,
              36.3739759
            ],
            [
              140.3528872,
              36.3740812
            ],
            [
              140.3536268,
              36.3743781
            ],
            [
              140.3539661,
              36.3745199
            ],
            [
              140.3557285,
              36.3752015
            ],
            [
              140.3560455,
              36.3753261
            ],
            [
              140.3574584,
              36.3758739
            ],
            [
              140.3583348,
              36.3762175
            ],
            [
              140.3586727,
              36.37635
            ],
            [
              140.3591703,
              36.3765439
            ],
            [
              140.3597718,
              36.3767782
            ],
            [
              140.3598362,
              36.3768033
            ],
            [
              140.3599983,
              36.3768665
            ],
            [
              140.3601708,
              36.3769349
            ],
            [
              140.3606471,
              36.3771237
            ],
            [
              140.3615291,
              36.3774698
            ],
            [
              140.3622273,
              36.3777413
            ],
            [
              140.3631909,
              36.3781221
            ],
            [
              140.3636651,
              36.3783025
            ],
            [
              140.3647917,
              36.3787311
            ],
            [
              140.3673591,
              36.3797467
            ],
            [
              140.3676702,
              36.3798687
            ],
            [
              140.3688795,
              36.38034
            ],
            [
              140.3692661,
              36.3805111
            ],
            [
              140.3694579,
              36.3806062
            ],
            [
              140.3696376,
              36.3807055
            ],
            [
              140.3700828,
              36.3809684
            ],
            [
              140.3702668,
              36.3810867
            ],
            [
              140.3709468,
              36.3816522
            ],
            [
              140.3710968,
              36.3817807
            ],
            [
              140.3714905,
              36.3822143
            ],
            [
              140.3717761,
              36.3825986
            ],
            [
              140.3719148,
              36.3828235
            ],
            [
              140.372065,
              36.3830992
            ],
            [
              140.372183,
              36.3833475
            ],
            [
              140.3724265,
              36.3839103
            ],
            [
              140.3726618,
              36.3844973
            ],
            [
              140.3728306,
              36.384901
            ],
            [
              140.3729146,
              36.3850611
            ],
            [
              140.3730625,
              36.3853243
            ],
            [
              140.3731647,
              36.3854788
            ],
            [
              140.373285,
              36.3856378
            ],
            [
              140.3733063,
              36.3856636
            ],
            [
              140.3733431,
              36.3857076
            ],
            [
              140.373386,
              36.3857605
            ],
            [
              140.3735049,
              36.3858929
            ],
            [
              140.3736663,
              36.386037
            ],
            [
              140.3737836,
              36.3861428
            ],
            [
              140.3741372,
              36.3864286
            ],
            [
              140.3743985,
              36.3865888
            ],
            [
              140.3746341,
              36.3867242
            ],
            [
              140.3749916,
              36.3868886
            ],
            [
              140.3754117,
              36.3870306
            ],
            [
              140.3756766,
              36.3871068
            ],
            [
              140.3759682,
              36.3871796
            ],
            [
              140.3762764,
              36.3872431
            ],
            [
              140.3770916,
              36.387404
            ],
            [
              140.3771534,
              36.3874161
            ],
            [
              140.3773238,
              36.3874498
            ],
            [
              140.377501,
              36.3874734
            ],
            [
              140.3780359,
              36.3875441
            ],
            [
              140.3782328,
              36.3875681
            ],
            [
              140.3784579,
              36.3875925
            ],
            [
              140.3787357,
              36.38761
            ],
            [
              140.3790156,
              36.3876175
            ],
            [
              140.379076,
              36.3876193
            ],
            [
              140.3791545,
              36.3876212
            ],
            [
              140.3795971,
              36.3876184
            ],
            [
              140.3801091,
              36.3875621
            ],
            [
              140.3805503,
              36.3875078
            ],
            [
              140.3808627,
              36.3874566
            ],
            [
              140.3822711,
              36.3872337
            ],
            [
              140.38294,
              36.3871295
            ],
            [
              140.3837219,
              36.3870043
            ],
            [
              140.3840662,
              36.3869486
            ],
            [
              140.3846094,
              36.3868654
            ],
            [
              140.3848856,
              36.3868281
            ],
            [
              140.3851695,
              36.3867868
            ],
            [
              140.3855404,
              36.3867376
            ],
            [
              140.3860863,
              36.3866759
            ],
            [
              140.3861345,
              36.3866704
            ],
            [
              140.3863265,
              36.3866515
            ],
            [
              140.3871948,
              36.3865736
            ],
            [
              140.3875949,
              36.3865435
            ],
            [
              140.3878444,
              36.3865195
            ],
            [
              140.3880047,
              36.3865058
            ],
            [
              140.3889784,
              36.3864236
            ],
            [
              140.3890954,
              36.3864135
            ],
            [
              140.3898632,
              36.3863472
            ],
            [
              140.3911529,
              36.3862377
            ],
            [
              140.3925261,
              36.386117
            ],
            [
              140.3930167,
              36.3860739
            ],
            [
              140.3932372,
              36.3860524
            ],
            [
              140.3935334,
              36.386018
            ],
            [
              140.393925,
              36.3859505
            ],
            [
              140.3944302,
              36.3858415
            ],
            [
              140.3947565,
              36.3857454
            ],
            [
              140.3949943,
              36.3856634
            ],
            [
              140.3952916,
              36.3855478
            ],
            [
              140.3954646,
              36.3854701
            ],
            [
              140.3956446,
              36.3853848
            ],
            [
              140.396108,
              36.3851512
            ],
            [
              140.3962851,
              36.3850589
            ],
            [
              140.3964582,
              36.3849784
            ],
            [
              140.3968057,
              36.3848688
            ],
            [
              140.3973261,
              36.384628
            ],
            [
              140.3976905,
              36.3844496
            ],
            [
              140.3987789,
              36.383909
            ],
            [
              140.3990958,
              36.3837529
            ],
            [
              140.3993242,
              36.3836403
            ],
            [
              140.3993769,
              36.3836144
            ],
            [
              140.3994833,
              36.3835621
            ],
            [
              140.3996864,
              36.383457
            ],
            [
              140.3998728,
              36.3833421
            ],
            [
              140.4000684,
              36.38323
            ],
            [
              140.4001887,
              36.3831515
            ],
            [
              140.4002237,
              36.3831642
            ],
            [
              140.4002751,
              36.3831791
            ],
            [
              140.4003301,
              36.3831909
            ],
            [
              140.4004468,
              36.3832042
            ],
            [
              140.4007808,
              36.3831426
            ],
            [
              140.4010711,
              36.3830927
            ],
            [
              140.4016032,
              36.3830106
            ],
            [
              140.4016444,
              36.3830042
            ],
            [
              140.4021918,
              36.3829184
            ],
            [
              140.4022372,
              36.3829113
            ],
            [
              140.4024906,
              36.3828757
            ],
            [
              140.4027387,
              36.3828508
            ],
            [
              140.4028714,
              36.3828413
            ],
            [
              140.4029402,
              36.3828363
            ],
            [
              140.4031511,
              36.3828265
            ],
            [
              140.4033677,
              36.3828293
            ],
            [
              140.4035729,
              36.3828401
            ],
            [
              140.4037516,
              36.3828624
            ],
            [
              140.4038654,
              36.382877
            ],
            [
              140.4039793,
              36.382898
            ],
            [
              140.4041448,
              36.382933
            ],
            [
              140.4044453,
              36.3830122
            ],
            [
              140.4052471,
              36.3832395
            ],
            [
              140.4053301,
              36.3832623
            ],
            [
              140.4054115,
              36.3832846
            ],
            [
              140.4054823,
              36.3833052
            ],
            [
              140.4057984,
              36.3833973
            ],
            [
              140.4060047,
              36.3834544
            ],
            [
              140.4064492,
              36.3835769
            ],
            [
              140.4065768,
              36.3836133
            ],
            [
              140.4074999,
              36.3838823
            ],
            [
              140.4075965,
              36.3839104
            ],
            [
              140.4076674,
              36.3839311
            ],
            [
              140.4079189,
              36.3840044
            ],
            [
              140.4080395,
              36.3840388
            ],
            [
              140.4081571,
              36.3840714
            ],
            [
              140.4083412,
              36.3841225
            ],
            [
              140.4085472,
              36.3841817
            ],
            [
              140.4086085,
              36.3841993
            ],
            [
              140.4088051,
              36.3842557
            ],
            [
              140.4089266,
              36.3842905
            ],
            [
              140.4089877,
              36.3843079
            ],
            [
              140.4093992,
              36.3844257
            ],
            [
              140.4096893,
              36.3845091
            ],
            [
              140.409792,
              36.3845392
            ],
            [
              140.4104155,
              36.3847162
            ],
            [
              140.4105149,
              36.3847444
            ],
            [
              140.4106008,
              36.3847688
            ],
            [
              140.4106535,
              36.3847837
            ],
            [
              140.4110715,
              36.3849024
            ],
            [
              140.4113781,
              36.3849894
            ],
            [
              140.4116642,
              36.3850707
            ],
            [
              140.4117205,
              36.3850872
            ],
            [
              140.4118848,
              36.3851334
            ],
            [
              140.4120438,
              36.3851759
            ],
            [
              140.412079,
              36.3851871
            ],
            [
              140.4123979,
              36.3852792
            ],
            [
              140.4126835,
              36.3853617
            ],
            [
              140.4130518,
              36.3854788
            ],
            [
              140.4135986,
              36.3856608
            ],
            [
              140.4149997,
              36.3861806
            ],
            [
              140.4151493,
              36.3862361
            ],
            [
              140.4154251,
              36.3863298
            ],
            [
              140.4155184,
              36.3863663
            ],
            [
              140.4156837,
              36.3864259
            ],
            [
              140.4157739,
              36.3864588
            ],
            [
              140.4159365,
              36.3865154
            ],
            [
              140.4160151,
              36.3865444
            ],
            [
              140.4163752,
              36.3866768
            ],
            [
              140.4167848,
              36.3868274
            ],
            [
              140.4171905,
              36.3869764
            ],
            [
              140.4177243,
              36.3871714
            ],
            [
              140.4177993,
              36.3871988
            ],
            [
              140.4178971,
              36.3872345
            ],
            [
              140.4180474,
              36.3872892
            ],
            [
              140.4194255,
              36.3877913
            ],
            [
              140.4198905,
              36.3879577
            ],
            [
              140.4199509,
              36.3879793
            ],
            [
              140.4199941,
              36.3879947
            ],
            [
              140.4201977,
              36.3880664
            ],
            [
              140.4203373,
              36.3881167
            ],
            [
              140.4204768,
              36.3881669
            ],
            [
              140.4206987,
              36.3882468
            ],
            [
              140.4210596,
              36.3883825
            ],
            [
              140.4212937,
              36.3884682
            ],
            [
              140.4214397,
              36.3885132
            ],
            [
              140.4217046,
              36.3885892
            ],
            [
              140.4219366,
              36.388651
            ],
            [
              140.422136,
              36.3886942
            ],
            [
              140.4223136,
              36.3887215
            ],
            [
              140.4226193,
              36.3887608
            ],
            [
              140.4228346,
              36.388786
            ],
            [
              140.4230593,
              36.3887999
            ],
            [
              140.4233451,
              36.3888104
            ],
            [
              140.4237314,
              36.3888078
            ],
            [
              140.4237637,
              36.3888075
            ],
            [
              140.4239526,
              36.3888056
            ],
            [
              140.4241175,
              36.3888039
            ],
            [
              140.4245303,
              36.3888057
            ],
            [
              140.4248601,
              36.3888071
            ],
            [
              140.4249378,
              36.3888074
            ],
            [
              140.4251081,
              36.3888081
            ],
            [
              140.4252137,
              36.3888101
            ],
            [
              140.4253135,
              36.3888119
            ],
            [
              140.426372,
              36.3888315
            ],
            [
              140.4264346,
              36.3888327
            ],
            [
              140.4265661,
              36.3888354
            ],
            [
              140.4266375,
              36.3888369
            ],
            [
              140.4271127,
              36.3888469
            ],
            [
              140.4275966,
              36.388857
            ],
            [
              140.4278786,
              36.3888729
            ],
            [
              140.4281151,
              36.3889012
            ],
            [
              140.4286808,
              36.3890131
            ],
            [
              140.4289684,
              36.3890737
            ],
            [
              140.4292913,
              36.3891333
            ],
            [
              140.4295085,
              36.3891581
            ],
            [
              140.4296443,
              36.3891648
            ],
            [
              140.429766,
              36.3891678
            ],
            [
              140.4299694,
              36.3891627
            ],
            [
              140.4300239,
              36.3891611
            ],
            [
              140.4303793,
              36.3891422
            ],
            [
              140.4304481,
              36.3891386
            ],
            [
              140.4306025,
              36.3891304
            ],
            [
              140.4306967,
              36.3891247
            ],
            [
              140.4309038,
              36.3891131
            ],
            [
              140.4310105,
              36.3891095
            ],
            [
              140.4311925,
              36.3891112
            ],
            [
              140.431332,
              36.3891254
            ],
            [
              140.4319477,
              36.3892254
            ],
            [
              140.4320135,
              36.3892359
            ],
            [
              140.4320895,
              36.3892477
            ],
            [
              140.4321317,
              36.3892488
            ],
            [
              140.432175,
              36.3892436
            ],
            [
              140.4322044,
              36.3892332
            ],
            [
              140.4323593,
              36.3891538
            ],
            [
              140.4324337,
              36.3891113
            ],
            [
              140.4325679,
              36.3890467
            ],
            [
              140.4327109,
              36.3889858
            ],
            [
              140.4328291,
              36.3889476
            ],
            [
              140.4330632,
              36.3888939
            ],
            [
              140.4332781,
              36.3888576
            ],
            [
              140.4334474,
              36.3888342
            ],
            [
              140.4336211,
              36.3888187
            ],
            [
              140.433833,
              36.388816
            ],
            [
              140.4349766,
              36.3888446
            ],
            [
              140.4351203,
              36.3888482
            ],
            [
              140.4351576,
              36.3888494
            ],
            [
              140.4353025,
              36.3888544
            ],
            [
              140.4354847,
              36.3888606
            ],
            [
              140.4356383,
              36.3888629
            ],
            [
              140.4358013,
              36.3888614
            ],
            [
              140.4359055,
              36.3888533
            ],
            [
              140.4359525,
              36.388848
            ],
            [
              140.4362373,
              36.3887966
            ],
            [
              140.436535,
              36.3887509
            ],
            [
              140.4369025,
              36.3886996
            ],
            [
              140.4369422,
              36.3886943
            ],
            [
              140.4369623,
              36.3886916
            ],
            [
              140.4371761,
              36.3886615
            ],
            [
              140.4373567,
              36.3886356
            ],
            [
              140.4374526,
              36.3886153
            ],
            [
              140.4375485,
              36.388587
            ],
            [
              140.4376095,
              36.3885611
            ],
            [
              140.4376678,
              36.3885331
            ],
            [
              140.4377928,
              36.3884551
            ],
            [
              140.4379889,
              36.388317
            ],
            [
              140.4383301,
              36.3880653
            ],
            [
              140.4386712,
              36.3878136
            ],
            [
              140.4387158,
              36.3877808
            ],
            [
              140.4388279,
              36.387698
            ],
            [
              140.4389937,
              36.387586
            ],
            [
              140.4390139,
              36.3875736
            ],
            [
              140.4390608,
              36.3875446
            ],
            [
              140.4391755,
              36.387474
            ],
            [
              140.4393308,
              36.3873929
            ],
            [
              140.4395898,
              36.3872645
            ],
            [
              140.4396554,
              36.3872289
            ],
            [
              140.4397894,
              36.387149
            ],
            [
              140.4398872,
              36.3870833
            ],
            [
              140.4399522,
              36.3870283
            ],
            [
              140.4401711,
              36.386829
            ],
            [
              140.4402563,
              36.3867471
            ],
            [
              140.4404653,
              36.3865606
            ],
            [
              140.4405931,
              36.3864542
            ],
            [
              140.440641,
              36.3864202
            ],
            [
              140.440696,
              36.3863863
            ],
            [
              140.4408355,
              36.386309
            ],
            [
              140.4410142,
              36.3862243
            ],
            [
              140.4414196,
              36.386041
            ],
            [
              140.4417328,
              36.3858919
            ],
            [
              140.4421344,
              36.3857055
            ],
            [
              140.4428822,
              36.3853542
            ],
            [
              140.4429581,
              36.3853185
            ],
            [
              140.4430516,
              36.3852747
            ],
            [
              140.4431571,
              36.3852238
            ],
            [
              140.4432061,
              36.3852001
            ],
            [
              140.4434355,
              36.3850915
            ],
            [
              140.4440003,
              36.3848241
            ],
            [
              140.4443539,
              36.3846566
            ],
            [
              140.4444901,
              36.3845949
            ],
            [
              140.4448131,
              36.3844518
            ],
            [
              140.4449929,
              36.3843742
            ],
            [
              140.4459039,
              36.3840022
            ],
            [
              140.4460074,
              36.3839599
            ],
            [
              140.446113,
              36.3839196
            ],
            [
              140.446164,
              36.3839001
            ],
            [
              140.4479359,
              36.3831695
            ],
            [
              140.448266,
              36.3830219
            ],
            [
              140.4485673,
              36.3828819
            ],
            [
              140.4486113,
              36.3828603
            ],
            [
              140.448855,
              36.3827403
            ],
            [
              140.449006,
              36.3826772
            ],
            [
              140.4490647,
              36.3826626
            ],
            [
              140.4492254,
              36.3826379
            ],
            [
              140.4500332,
              36.382525
            ],
            [
              140.4500932,
              36.3825166
            ],
            [
              140.4502879,
              36.3824893
            ],
            [
              140.450497,
              36.3824609
            ],
            [
              140.450549,
              36.3824538
            ],
            [
              140.4508906,
              36.3824073
            ],
            [
              140.4511279,
              36.382375
            ],
            [
              140.4513085,
              36.3823504
            ],
            [
              140.451791,
              36.3822851
            ],
            [
              140.4519556,
              36.3822546
            ],
            [
              140.452776,
              36.3820227
            ],
            [
              140.4532797,
              36.3818906
            ],
            [
              140.4533361,
              36.381876
            ],
            [
              140.4534021,
              36.3818584
            ],
            [
              140.4534455,
              36.381847
            ],
            [
              140.4541273,
              36.3816764
            ],
            [
              140.4548412,
              36.3814908
            ],
            [
              140.4551062,
              36.3814276
            ],
            [
              140.4552504,
              36.3813926
            ],
            [
              140.4553071,
              36.3813788
            ],
            [
              140.4554479,
              36.381346
            ],
            [
              140.4555671,
              36.3813205
            ],
            [
              140.4556207,
              36.3813091
            ],
            [
              140.4563275,
              36.3811571
            ],
            [
              140.4572588,
              36.3809569
            ],
            [
              140.4574784,
              36.3809091
            ],
            [
              140.4578715,
              36.3808198
            ],
            [
              140.4579361,
              36.3808029
            ],
            [
              140.458046,
              36.3807629
            ],
            [
              140.4581188,
              36.3807268
            ],
            [
              140.4581743,
              36.3806915
            ],
            [
              140.4582094,
              36.380664
            ],
            [
              140.458298,
              36.3805835
            ],
            [
              140.4583756,
              36.3805251
            ],
            [
              140.4584592,
              36.3804809
            ],
            [
              140.4585547,
              36.3804396
            ],
            [
              140.4590691,
              36.3802702
            ],
            [
              140.4593279,
              36.3801909
            ],
            [
              140.4594168,
              36.3801615
            ],
            [
              140.4594726,
              36.3801431
            ],
            [
              140.4596048,
              36.3800995
            ],
            [
              140.4597129,
              36.3800637
            ],
            [
              140.4597719,
              36.3800442
            ],
            [
              140.459846,
              36.3800207
            ],
            [
              140.4604028,
              36.3798365
            ],
            [
              140.460751,
              36.3797236
            ],
            [
              140.4608045,
              36.3797063
            ],
            [
              140.460908,
              36.3796727
            ],
            [
              140.4610472,
              36.3796268
            ],
            [
              140.4611101,
              36.3796059
            ],
            [
              140.4614637,
              36.3794889
            ],
            [
              140.4617271,
              36.3794018
            ],
            [
              140.4619789,
              36.3793186
            ],
            [
              140.4620355,
              36.379301
            ],
            [
              140.462188,
              36.3792574
            ],
            [
              140.462346,
              36.3792061
            ],
            [
              140.4624046,
              36.3791884
            ],
            [
              140.4627213,
              36.3790926
            ],
            [
              140.4632691,
              36.3789268
            ],
            [
              140.4635498,
              36.3788441
            ],
            [
              140.4638638,
              36.3787516
            ],
            [
              140.4639202,
              36.3787349
            ],
            [
              140.4640318,
              36.3786954
            ],
            [
              140.4642132,
              36.3786499
            ],
            [
              140.4642798,
              36.3786307
            ],
            [
              140.4647754,
              36.3784884
            ],
            [
              140.464976,
              36.3784277
            ],
            [
              140.4655697,
              36.3782453
            ],
            [
              140.4656902,
              36.3781971
            ],
            [
              140.4657998,
              36.3781414
            ],
            [
              140.4660262,
              36.3780004
            ],
            [
              140.4663507,
              36.377801
            ],
            [
              140.4666769,
              36.3776069
            ],
            [
              140.4667618,
              36.3775601
            ],
            [
              140.4668484,
              36.3775147
            ],
            [
              140.4670427,
              36.3774281
            ],
            [
              140.4670961,
              36.3774049
            ],
            [
              140.4673905,
              36.3772815
            ],
            [
              140.4677019,
              36.3771537
            ],
            [
              140.4689148,
              36.3766508
            ],
            [
              140.4692899,
              36.3764953
            ],
            [
              140.4693442,
              36.3764727
            ],
            [
              140.4694112,
              36.376445
            ],
            [
              140.469516,
              36.3764026
            ],
            [
              140.4695987,
              36.3763684
            ],
            [
              140.4698961,
              36.3762469
            ],
            [
              140.4715669,
              36.3755644
            ],
            [
              140.4719678,
              36.3754
            ],
            [
              140.4720061,
              36.3753843
            ],
            [
              140.4720913,
              36.3753493
            ],
            [
              140.4721721,
              36.3753167
            ],
            [
              140.4722208,
              36.3752972
            ],
            [
              140.4724939,
              36.3751873
            ],
            [
              140.4728698,
              36.3750344
            ],
            [
              140.4729436,
              36.3749968
            ],
            [
              140.4729999,
              36.3749596
            ],
            [
              140.4730336,
              36.3749339
            ],
            [
              140.473069,
              36.3749038
            ],
            [
              140.4731792,
              36.3747853
            ],
            [
              140.4732236,
              36.3747358
            ],
            [
              140.4732481,
              36.3747085
            ],
            [
              140.4735758,
              36.3743431
            ],
            [
              140.4737622,
              36.3741353
            ],
            [
              140.4741587,
              36.3736931
            ],
            [
              140.4746533,
              36.3731417
            ],
            [
              140.4746897,
              36.3731011
            ],
            [
              140.4749321,
              36.3728308
            ],
            [
              140.4749712,
              36.3727872
            ],
            [
              140.4750763,
              36.37267
            ],
            [
              140.475184,
              36.3725462
            ],
            [
              140.4753222,
              36.3723961
            ],
            [
              140.4754041,
              36.3723042
            ],
            [
              140.4754709,
              36.3722368
            ],
            [
              140.4755449,
              36.3721705
            ],
            [
              140.47559,
              36.3721368
            ],
            [
              140.4756211,
              36.3721167
            ],
            [
              140.4756548,
              36.3720955
            ]
          ],
          [
            [
              140.4001887,
              36.3831515
            ],
            [
              140.4000565,
              36.3830986
            ],
            [
              140.3999189,
              36.3830247
            ],
            [
              140.3997349,
              36.3831461
            ],
            [
              140.3996478,
              36.3831998
            ],
            [
              140.3994584,
              36.3833025
            ],
            [
              140.3993094,
              36.383379
            ],
            [
              140.3992231,
              36.3834223
            ],
            [
              140.3978393,
              36.3840995
            ],
            [
              140.3975429,
              36.3842572
            ],
            [
              140.3967186,
              36.3846729
            ],
            [
              140.3963831,
              36.384868
            ],
            [
              140.3962046,
              36.3849706
            ],
            [
              140.3960446,
              36.385057
            ],
            [
              140.3957907,
              36.385193
            ],
            [
              140.3955974,
              36.3852941
            ],
            [
              140.3954191,
              36.3853768
            ],
            [
              140.3952339,
              36.3854571
            ],
            [
              140.3949402,
              36.3855705
            ],
            [
              140.3947203,
              36.3856472
            ],
            [
              140.3943989,
              36.3857459
            ],
            [
              140.393915,
              36.3858582
            ],
            [
              140.3935308,
              36.3859235
            ],
            [
              140.3932234,
              36.3859645
            ],
            [
              140.3929916,
              36.3859884
            ],
            [
              140.3924776,
              36.3860355
            ],
            [
              140.3919607,
              36.3860753
            ],
            [
              140.3911047,
              36.3861427
            ],
            [
              140.3907373,
              36.3861721
            ],
            [
              140.3898496,
              36.3862526
            ],
            [
              140.3890593,
              36.3863184
            ],
            [
              140.3889682,
              36.3863273
            ],
            [
              140.3878471,
              36.3864159
            ],
            [
              140.3875968,
              36.3864391
            ],
            [
              140.3872852,
              36.3864646
            ],
            [
              140.3865082,
              36.3865359
            ],
            [
              140.3863278,
              36.3865506
            ],
            [
              140.3861193,
              36.3865744
            ],
            [
              140.3855297,
              36.3866448
            ],
            [
              140.38492,
              36.386724
            ],
            [
              140.3845802,
              36.3867765
            ],
            [
              140.3840518,
              36.3868618
            ],
            [
              140.3836991,
              36.3869158
            ],
            [
              140.3830062,
              36.3870252
            ],
            [
              140.3822477,
              36.3871435
            ],
            [
              140.3808573,
              36.3873692
            ],
            [
              140.3801736,
              36.3874634
            ],
            [
              140.3800432,
              36.3874783
            ],
            [
              140.379751,
              36.3875089
            ],
            [
              140.3794438,
              36.3875236
            ],
            [
              140.3792396,
              36.3875246
            ],
            [
              140.379152,
              36.3875251
            ],
            [
              140.3790781,
              36.3875236
            ],
            [
              140.3787497,
              36.3875112
            ],
            [
              140.3784662,
              36.3874935
            ],
            [
              140.3780459,
              36.3874554
            ],
            [
              140.3775923,
              36.3873845
            ],
            [
              140.3775325,
              36.3873752
            ],
            [
              140.3773468,
              36.3873462
            ],
            [
              140.3771797,
              36.3873169
            ],
            [
              140.3769788,
              36.3872817
            ],
            [
              140.3765434,
              36.3871989
            ],
            [
              140.3761971,
              36.3871241
            ],
            [
              140.3760063,
              36.3870819
            ],
            [
              140.3757182,
              36.3870064
            ],
            [
              140.3754403,
              36.3869262
            ],
            [
              140.3751094,
              36.3868046
            ],
            [
              140.3749176,
              36.3867245
            ],
            [
              140.3747302,
              36.3866389
            ],
            [
              140.3745023,
              36.3865059
            ],
            [
              140.3742284,
              36.3863441
            ],
            [
              140.3739384,
              36.3861238
            ],
            [
              140.3737897,
              36.385997
            ],
            [
              140.373721,
              36.385932
            ],
            [
              140.3736184,
              36.3858348
            ],
            [
              140.3734946,
              36.3857001
            ],
            [
              140.3734532,
              36.3856501
            ],
            [
              140.3733949,
              36.3855798
            ],
            [
              140.37328,
              36.3854334
            ],
            [
              140.3731738,
              36.3852744
            ],
            [
              140.3730194,
              36.3850193
            ],
            [
              140.3729397,
              36.3848713
            ],
            [
              140.3727677,
              36.3844758
            ],
            [
              140.3725416,
              36.3839054
            ],
            [
              140.372301,
              36.3833173
            ],
            [
              140.372184,
              36.3830584
            ],
            [
              140.3719107,
              36.3825772
            ],
            [
              140.3717082,
              36.3823052
            ],
            [
              140.3715904,
              36.382147
            ],
            [
              140.3712396,
              36.3817298
            ],
            [
              140.3710316,
              36.3815484
            ],
            [
              140.3706469,
              36.3812128
            ],
            [
              140.3701872,
              36.3808959
            ],
            [
              140.3697047,
              36.3806245
            ],
            [
              140.3695142,
              36.3805273
            ],
            [
              140.3693104,
              36.3804291
            ],
            [
              140.3689391,
              36.3802636
            ],
            [
              140.3677332,
              36.3797888
            ],
            [
              140.3674422,
              36.3796744
            ],
            [
              140.365959,
              36.37909
            ],
            [
              140.3648095,
              36.3786371
            ],
            [
              140.3622309,
              36.377624
            ],
            [
              140.3611325,
              36.3771942
            ],
            [
              140.3602884,
              36.3768661
            ],
            [
              140.3602268,
              36.3768422
            ],
            [
              140.3600557,
              36.3767757
            ],
            [
              140.3598895,
              36.3767102
            ],
            [
              140.3598207,
              36.3766832
            ],
            [
              140.3586652,
              36.3762343
            ],
            [
              140.3575112,
              36.375784
            ],
            [
              140.3568169,
              36.3755237
            ],
            [
              140.3547297,
              36.3746937
            ],
            [
              140.3545432,
              36.3746195
            ],
            [
              140.3540288,
              36.3744253
            ],
            [
              140.3536343,
              36.374274
            ],
            [
              140.3526675,
              36.3738895
            ],
            [
              140.3523575,
              36.3737885
            ],
            [
              140.3522124,
              36.3737398
            ],
            [
              140.3520732,
              36.3736967
            ],
            [
              140.3516783,
              36.3735938
            ],
            [
              140.3513825,
              36.3735315
            ],
            [
              140.3510579,
              36.3734775
            ],
            [
              140.3507959,
              36.3734445
            ],
            [
              140.3505296,
              36.3734311
            ],
            [
              140.3502284,
              36.3734223
            ],
            [
              140.3499864,
              36.3734235
            ],
            [
              140.3497577,
              36.3734332
            ],
            [
              140.34946,
              36.3734563
            ],
            [
              140.3491428,
              36.3734937
            ],
            [
              140.3488552,
              36.3735453
            ],
            [
              140.3483348,
              36.3736449
            ],
            [
              140.3479828,
              36.3737637
            ],
            [
              140.3477367,
              36.3738551
            ],
            [
              140.3475057,
              36.3739448
            ],
            [
              140.3471521,
              36.3740998
            ],
            [
              140.3452561,
              36.3750348
            ],
            [
              140.3443964,
              36.375302
            ],
            [
              140.3442229,
              36.3753329
            ],
            [
              140.3439984,
              36.3753726
            ],
            [
              140.3437516,
              36.3753985
            ],
            [
              140.3432666,
              36.3754194
            ],
            [
              140.3420266,
              36.3754377
            ],
            [
              140.3410011,
              36.3754341
            ],
            [
              140.3404881,
              36.3754364
            ],
            [
              140.3396733,
              36.3754363
            ],
            [
              140.3391323,
              36.3754362
            ],
            [
              140.3389075,
              36.375432
            ],
            [
              140.3381712,
              36.3754372
            ],
            [
              140.3377291,
              36.375461
            ],
            [
              140.3375425,
              36.37548
            ],
            [
              140.3372327,
              36.375546
            ]
          ],
          [
            [
              140.2620135,
              36.3930434
            ],
            [
              140.2618069,
              36.3930127
            ],
            [
              140.2595765,
              36.3932366
            ],
            [
              140.259218,
              36.3932737
            ],
            [
              140.2589241,
              36.393305
            ],
            [
              140.258866,
              36.3933111
            ],
            [
              140.2586881,
              36.3933296
            ],
            [
              140.2585239,
              36.3933468
            ],
            [
              140.2572273,
              36.3934843
            ],
            [
              140.2559256,
              36.3936204
            ],
            [
              140.2549946,
              36.3937086
            ],
            [
              140.2549284,
              36.3937149
            ],
            [
              140.2547753,
              36.3937283
            ],
            [
              140.2534966,
              36.3938646
            ],
            [
              140.2527571,
              36.3939322
            ],
            [
              140.2524643,
              36.3939479
            ],
            [
              140.2521878,
              36.3939598
            ],
            [
              140.2516611,
              36.3939667
            ],
            [
              140.2513218,
              36.3939551
            ],
            [
              140.251285,
              36.3939535
            ],
            [
              140.2510876,
              36.3939449
            ],
            [
              140.2508687,
              36.3939285
            ],
            [
              140.2501555,
              36.393865
            ],
            [
              140.2498974,
              36.3938251
            ],
            [
              140.2495999,
              36.3937804
            ],
            [
              140.2492478,
              36.3937155
            ],
            [
              140.2490451,
              36.3936741
            ],
            [
              140.2488241,
              36.3936256
            ],
            [
              140.2486262,
              36.3935771
            ],
            [
              140.2484205,
              36.3935256
            ],
            [
              140.2480397,
              36.3934181
            ],
            [
              140.2478225,
              36.3933544
            ],
            [
              140.24763,
              36.3932968
            ],
            [
              140.2468606,
              36.3930354
            ],
            [
              140.245895,
              36.3927045
            ],
            [
              140.2444934,
              36.3922185
            ],
            [
              140.2431059,
              36.3917352
            ],
            [
              140.2426973,
              36.3915933
            ],
            [
              140.24199,
              36.3913611
            ],
            [
              140.2412613,
              36.3910991
            ],
            [
              140.2409969,
              36.3910022
            ],
            [
              140.2406452,
              36.3908578
            ],
            [
              140.2403672,
              36.3907311
            ],
            [
              140.2401364,
              36.390622
            ],
            [
              140.2398479,
              36.3904775
            ],
            [
              140.2397933,
              36.3904463
            ],
            [
              140.2395875,
              36.3903287
            ],
            [
              140.2394048,
              36.3902265
            ],
            [
              140.2392938,
              36.3901594
            ],
            [
              140.2390748,
              36.3900166
            ],
            [
              140.2387445,
              36.3898069
            ],
            [
              140.2384185,
              36.3895943
            ],
            [
              140.2380753,
              36.3893375
            ],
            [
              140.2377616,
              36.3890785
            ],
            [
              140.2374344,
              36.3887999
            ],
            [
              140.2373871,
              36.3887617
            ],
            [
              140.2372684,
              36.3886658
            ],
            [
              140.2370182,
              36.388457
            ],
            [
              140.236513,
              36.3880351
            ],
            [
              140.2361363,
              36.3877228
            ],
            [
              140.2343238,
              36.3862398
            ],
            [
              140.2340581,
              36.3860944
            ]
          ],
          [
            [
              140.1221986,
              36.3601458
            ],
            [
              140.1214421,
              36.3603804
            ],
            [
              140.1205006,
              36.3606784
            ],
            [
              140.1199333,
              36.3608621
            ],
            [
              140.1193795,
              36.3610533
            ],
            [
              140.1192031,
              36.3611168
            ],
            [
              140.1183526,
              36.3614368
            ],
            [
              140.1174058,
              36.3617811
            ],
            [
              140.1137895,
              36.3631423
            ],
            [
              140.1128707,
              36.3634881
            ],
            [
              140.1127366,
              36.3635404
            ],
            [
              140.1117768,
              36.3638905
            ],
            [
              140.110893,
              36.3641958
            ],
            [
              140.1102784,
              36.3643631
            ],
            [
              140.1097437,
              36.364486
            ],
            [
              140.1092587,
              36.3645685
            ],
            [
              140.108777,
              36.3646359
            ],
            [
              140.1083156,
              36.364687
            ],
            [
              140.1076835,
              36.3647351
            ],
            [
              140.1070022,
              36.364751
            ],
            [
              140.1067298,
              36.3647484
            ],
            [
              140.1065561,
              36.3647462
            ],
            [
              140.1063713,
              36.3647368
            ],
            [
              140.1060055,
              36.3647127
            ],
            [
              140.1054427,
              36.3646579
            ],
            [
              140.1047427,
              36.3645517
            ],
            [
              140.1044346,
              36.3644975
            ],
            [
              140.1039826,
              36.3644022
            ],
            [
              140.1031111,
              36.3642331
            ],
            [
              140.1030396,
              36.364218
            ],
            [
              140.1028774,
              36.364187
            ],
            [
              140.1027107,
              36.3641559
            ],
            [
              140.1018418,
              36.3639934
            ],
            [
              140.0987509,
              36.3633667
            ],
            [
              140.0983391,
              36.3632809
            ],
            [
              140.0977916,
              36.3631642
            ],
            [
              140.0972622,
              36.3630356
            ],
            [
              140.0966976,
              36.3628722
            ],
            [
              140.0962647,
              36.3627272
            ],
            [
              140.0959205,
              36.362597
            ],
            [
              140.0953273,
              36.3623474
            ],
            [
              140.0952325,
              36.3623014
            ],
            [
              140.0947985,
              36.3620909
            ],
            [
              140.0943789,
              36.3618482
            ],
            [
              140.0943271,
              36.361818
            ],
            [
              140.0941985,
              36.361743
            ],
            [
              140.0941802,
              36.3617323
            ],
            [
              140.0940199,
              36.3616376
            ],
            [
              140.0936384,
              36.3614043
            ],
            [
              140.0926697,
              36.3607217
            ],
            [
              140.0915592,
              36.3599308
            ],
            [
              140.0910584,
              36.3595759
            ],
            [
              140.0905577,
              36.3592699
            ],
            [
              140.0901574,
              36.3590253
            ],
            [
              140.0896877,
              36.3587795
            ],
            [
              140.089153,
              36.3585393
            ],
            [
              140.0885991,
              36.3583225
            ],
            [
              140.086267,
              36.3574961
            ],
            [
              140.0853237,
              36.3571619
            ],
            [
              140.0846925,
              36.3569367
            ],
            [
              140.0844685,
              36.3568557
            ],
            [
              140.0841421,
              36.3567364
            ],
            [
              140.0836427,
              36.3565635
            ],
            [
              140.0831512,
              36.3563951
            ],
            [
              140.0825506,
              36.3561815
            ],
            [
              140.082082,
              36.3560182
            ],
            [
              140.0817306,
              36.3558822
            ],
            [
              140.08149,
              36.3557785
            ],
            [
              140.0809757,
              36.3555556
            ],
            [
              140.0803218,
              36.3552336
            ],
            [
              140.0797981,
              36.3549626
            ],
            [
              140.07909,
              36.3545947
            ],
            [
              140.0781285,
              36.3540938
            ],
            [
              140.0774363,
              36.3537375
            ],
            [
              140.076963,
              36.353493
            ],
            [
              140.07648,
              36.3532398
            ],
            [
              140.0762801,
              36.3531419
            ],
            [
              140.0756076,
              36.352816
            ],
            [
              140.07523,
              36.3526841
            ],
            [
              140.0748947,
              36.3525739
            ],
            [
              140.0746756,
              36.3525159
            ],
            [
              140.0745386,
              36.3524751
            ],
            [
              140.0740969,
              36.3524133
            ],
            [
              140.0737842,
              36.3523582
            ],
            [
              140.0734922,
              36.3523178
            ],
            [
              140.0731745,
              36.3522778
            ],
            [
              140.0725621,
              36.3522179
            ],
            [
              140.0687679,
              36.3519066
            ],
            [
              140.0661218,
              36.3516636
            ],
            [
              140.0655501,
              36.3516023
            ],
            [
              140.0634195,
              36.3513904
            ],
            [
              140.0628267,
              36.3513401
            ],
            [
              140.0616342,
              36.3512226
            ],
            [
              140.0611004,
              36.3511664
            ],
            [
              140.0605826,
              36.3510948
            ],
            [
              140.0602582,
              36.3510411
            ],
            [
              140.0598119,
              36.3509516
            ],
            [
              140.0589083,
              36.350753
            ],
            [
              140.0582321,
              36.3505985
            ],
            [
              140.0572105,
              36.3503863
            ],
            [
              140.0560852,
              36.3501371
            ],
            [
              140.0552082,
              36.3499463
            ],
            [
              140.0544137,
              36.349774
            ],
            [
              140.0541161,
              36.3497056
            ],
            [
              140.0538343,
              36.3496283
            ],
            [
              140.0536144,
              36.3495592
            ],
            [
              140.0531966,
              36.3493852
            ],
            [
              140.0526867,
              36.3491359
            ],
            [
              140.0519007,
              36.3487602
            ],
            [
              140.0515614,
              36.3486015
            ],
            [
              140.0508704,
              36.3482725
            ],
            [
              140.0500762,
              36.3478936
            ],
            [
              140.0498047,
              36.3477624
            ],
            [
              140.0486681,
              36.3472382
            ],
            [
              140.0476226,
              36.346754
            ],
            [
              140.0449603,
              36.3455088
            ],
            [
              140.0441206,
              36.3451074
            ],
            [
              140.0433781,
              36.3447164
            ],
            [
              140.043078,
              36.3445076
            ],
            [
              140.0416473,
              36.3435467
            ],
            [
              140.0411902,
              36.3432743
            ],
            [
              140.0408873,
              36.3431322
            ],
            [
              140.0406609,
              36.3430416
            ],
            [
              140.040237,
              36.3429301
            ],
            [
              140.0399229,
              36.3428837
            ],
            [
              140.0395179,
              36.3428418
            ],
            [
              140.0386669,
              36.342746
            ],
            [
              140.0380175,
              36.342663
            ],
            [
              140.0373838,
              36.3425761
            ],
            [
              140.0366397,
              36.3424609
            ],
            [
              140.0359252,
              36.3423644
            ],
            [
              140.0355164,
              36.3423105
            ],
            [
              140.0352369,
              36.3422659
            ],
            [
              140.0350991,
              36.3422355
            ],
            [
              140.0348977,
              36.3421843
            ],
            [
              140.0345391,
              36.3420553
            ],
            [
              140.0343059,
              36.3419445
            ],
            [
              140.0341377,
              36.3418368
            ],
            [
              140.0339946,
              36.341738
            ],
            [
              140.0337596,
              36.3415457
            ],
            [
              140.0335134,
              36.34128
            ],
            [
              140.0333771,
              36.3410904
            ],
            [
              140.0332812,
              36.3409365
            ],
            [
              140.0321188,
              36.3389001
            ],
            [
              140.0320483,
              36.3387766
            ],
            [
              140.0319182,
              36.3385488
            ],
            [
              140.0316343,
              36.3380607
            ],
            [
              140.0315559,
              36.3379176
            ],
            [
              140.0314448,
              36.3377538
            ],
            [
              140.031311,
              36.3376086
            ],
            [
              140.0311537,
              36.3374862
            ],
            [
              140.0308491,
              36.3372939
            ],
            [
              140.0305188,
              36.3371362
            ],
            [
              140.0298433,
              36.3367725
            ],
            [
              140.0291798,
              36.3363947
            ],
            [
              140.0286586,
              36.3360639
            ],
            [
              140.0276937,
              36.3354112
            ],
            [
              140.0267537,
              36.3347313
            ],
            [
              140.0263131,
              36.3344236
            ],
            [
              140.0248029,
              36.333355
            ],
            [
              140.0246103,
              36.333218
            ],
            [
              140.0240444,
              36.3328155
            ],
            [
              140.0230619,
              36.3321266
            ],
            [
              140.0228517,
              36.3319799
            ],
            [
              140.0210153,
              36.3306634
            ],
            [
              140.0205197,
              36.3303144
            ],
            [
              140.0182226,
              36.328706
            ],
            [
              140.0181821,
              36.3286776
            ],
            [
              140.0172651,
              36.3280138
            ],
            [
              140.0165261,
              36.3275265
            ],
            [
              140.015492,
              36.3267934
            ],
            [
              140.0150778,
              36.3265086
            ],
            [
              140.0149091,
              36.3263834
            ],
            [
              140.0140077,
              36.3257485
            ],
            [
              140.0137277,
              36.3255541
            ],
            [
              140.0128134,
              36.324905
            ],
            [
              140.012516,
              36.3246938
            ],
            [
              140.0124699,
              36.3246624
            ],
            [
              140.0123038,
              36.3245492
            ],
            [
              140.0121848,
              36.3244705
            ],
            [
              140.0121269,
              36.3244321
            ],
            [
              140.011827,
              36.3242337
            ],
            [
              140.0113513,
              36.3239076
            ],
            [
              140.0106659,
              36.3234656
            ],
            [
              140.0105654,
              36.3234008
            ],
            [
              140.0102082,
              36.3231972
            ],
            [
              140.0100856,
              36.3231274
            ],
            [
              140.0098461,
              36.3229939
            ],
            [
              140.0095931,
              36.3228566
            ],
            [
              140.0091968,
              36.3226581
            ],
            [
              140.0089559,
              36.3225474
            ],
            [
              140.0089045,
              36.3225267
            ],
            [
              140.0088242,
              36.3224941
            ],
            [
              140.0086727,
              36.3224369
            ],
            [
              140.0086168,
              36.3224157
            ],
            [
              140.0083207,
              36.3223038
            ],
            [
              140.0080245,
              36.3221919
            ],
            [
              140.0076319,
              36.3220624
            ],
            [
              140.0073068,
              36.321972
            ],
            [
              140.0067589,
              36.3218232
            ],
            [
              140.0062466,
              36.321707
            ],
            [
              140.0058294,
              36.3216301
            ],
            [
              140.0053654,
              36.3215619
            ],
            [
              140.0047778,
              36.3214961
            ],
            [
              140.0041097,
              36.3214605
            ],
            [
              140.0038032,
              36.3214539
            ],
            [
              140.0037277,
              36.3214553
            ],
            [
              140.003483,
              36.3214559
            ],
            [
              140.0032378,
              36.3214579
            ],
            [
              140.00292,
              36.321468
            ],
            [
              140.0026591,
              36.3214817
            ],
            [
              140.0024247,
              36.3214985
            ],
            [
              140.0021716,
              36.3215224
            ],
            [
              140.0019025,
              36.3215511
            ],
            [
              140.0017431,
              36.3215714
            ],
            [
              140.0014437,
              36.3216143
            ],
            [
              140.0011879,
              36.3216584
            ],
            [
              140.0009322,
              36.3217042
            ],
            [
              140.0006077,
              36.3217744
            ],
            [
              140.0005539,
              36.3217857
            ],
            [
              140.0005106,
              36.3217947
            ],
            [
              140.0001442,
              36.3218812
            ],
            [
              139.9997547,
              36.3220007
            ],
            [
              139.9992958,
              36.3221567
            ],
            [
              139.998821,
              36.3223286
            ],
            [
              139.9979455,
              36.3226853
            ],
            [
              139.9964641,
              36.3232876
            ],
            [
              139.9958645,
              36.3235337
            ],
            [
              139.9957831,
              36.3235659
            ],
            [
              139.9955711,
              36.3236542
            ],
            [
              139.9954004,
              36.3237237
            ],
            [
              139.9952937,
              36.3237654
            ],
            [
              139.994808,
              36.32396
            ],
            [
              139.9946254,
              36.3240271
            ],
            [
              139.9944741,
              36.3240827
            ],
            [
              139.994113,
              36.3242086
            ],
            [
              139.9936495,
              36.3243548
            ],
            [
              139.993352,
              36.3244422
            ],
            [
              139.992887,
              36.3245681
            ],
            [
              139.9924271,
              36.3246645
            ],
            [
              139.9919943,
              36.3247409
            ],
            [
              139.9917933,
              36.3247677
            ],
            [
              139.9916548,
              36.3247876
            ],
            [
              139.9913062,
              36.3248281
            ],
            [
              139.9911572,
              36.3248424
            ],
            [
              139.991052,
              36.3248518
            ],
            [
              139.9909476,
              36.3248582
            ],
            [
              139.990382,
              36.3248929
            ],
            [
              139.9900745,
              36.3249117
            ],
            [
              139.9890568,
              36.3249613
            ],
            [
              139.9869984,
              36.3250065
            ],
            [
              139.9838194,
              36.3250595
            ],
            [
              139.9807516,
              36.3251159
            ],
            [
              139.9792392,
              36.3251453
            ],
            [
              139.9782388,
              36.3251926
            ],
            [
              139.977149,
              36.3252597
            ],
            [
              139.9760587,
              36.3253534
            ],
            [
              139.9756554,
              36.3253914
            ],
            [
              139.9753081,
              36.3254242
            ],
            [
              139.975244,
              36.3254308
            ],
            [
              139.9750151,
              36.3254542
            ],
            [
              139.9748169,
              36.3254978
            ],
            [
              139.9744008,
              36.3255491
            ],
            [
              139.9739294,
              36.3256072
            ],
            [
              139.9729567,
              36.3257128
            ],
            [
              139.9721938,
              36.325776
            ],
            [
              139.9715418,
              36.325811
            ],
            [
              139.971423,
              36.3258269
            ],
            [
              139.9691592,
              36.326086
            ],
            [
              139.9683746,
              36.3261792
            ],
            [
              139.9682026,
              36.326201
            ],
            [
              139.9663737,
              36.3264145
            ],
            [
              139.9647346,
              36.326626
            ],
            [
              139.9642375,
              36.3266553
            ],
            [
              139.9637801,
              36.3266683
            ],
            [
              139.9633825,
              36.3266671
            ],
            [
              139.9631036,
              36.3266543
            ],
            [
              139.9627862,
              36.326633
            ],
            [
              139.9623114,
              36.3265818
            ],
            [
              139.9620469,
              36.3265392
            ],
            [
              139.9618001,
              36.326491
            ],
            [
              139.9615032,
              36.3264258
            ],
            [
              139.9612818,
              36.3263671
            ],
            [
              139.961032,
              36.3262954
            ],
            [
              139.9607582,
              36.3262065
            ],
            [
              139.9605189,
              36.3261277
            ],
            [
              139.9599382,
              36.3259272
            ],
            [
              139.9595016,
              36.3257127
            ],
            [
              139.9590047,
              36.3254357
            ],
            [
              139.9584673,
              36.3250781
            ],
            [
              139.9579814,
              36.3246785
            ],
            [
              139.9578005,
              36.3245192
            ],
            [
              139.9576038,
              36.3243351
            ],
            [
              139.9573928,
              36.3241089
            ],
            [
              139.9571554,
              36.3238353
            ],
            [
              139.9569046,
              36.3235039
            ],
            [
              139.9566963,
              36.3231886
            ],
            [
              139.9565971,
              36.3230232
            ],
            [
              139.9564514,
              36.3227453
            ],
            [
              139.9563307,
              36.3224774
            ],
            [
              139.9562397,
              36.3222173
            ],
            [
              139.9561275,
              36.3218428
            ],
            [
              139.9559739,
              36.321265
            ],
            [
              139.9558158,
              36.3205964
            ],
            [
              139.9555333,
              36.3192973
            ],
            [
              139.9554665,
              36.3188532
            ],
            [
              139.9553221,
              36.318123
            ],
            [
              139.9548983,
              36.3159327
            ],
            [
              139.954836,
              36.3156115
            ],
            [
              139.9545832,
              36.3141614
            ],
            [
              139.9545275,
              36.3138341
            ],
            [
              139.9543183,
              36.3127696
            ],
            [
              139.9540223,
              36.3113082
            ],
            [
              139.9539646,
              36.3110329
            ],
            [
              139.9539475,
              36.3109262
            ],
            [
              139.953927,
              36.3107995
            ],
            [
              139.9538941,
              36.3105657
            ],
            [
              139.953877,
              36.3103599
            ],
            [
              139.9538738,
              36.3101325
            ],
            [
              139.9538751,
              36.3099474
            ],
            [
              139.9538818,
              36.309711
            ],
            [
              139.9539006,
              36.3094581
            ],
            [
              139.9539314,
              36.3092234
            ],
            [
              139.9539796,
              36.3089532
            ],
            [
              139.9546475,
              36.3056905
            ],
            [
              139.9548857,
              36.3044623
            ],
            [
              139.9549413,
              36.304169
            ],
            [
              139.9549735,
              36.303942
            ],
            [
              139.9550003,
              36.303674
            ],
            [
              139.9550266,
              36.3033152
            ],
            [
              139.9550486,
              36.3031487
            ],
            [
              139.9550954,
              36.3030212
            ],
            [
              139.9551675,
              36.3029073
            ],
            [
              139.9552783,
              36.302779
            ],
            [
              139.9553558,
              36.3027103
            ],
            [
              139.9554079,
              36.3026712
            ],
            [
              139.9554825,
              36.3026237
            ],
            [
              139.9556301,
              36.3025543
            ],
            [
              139.9555372,
              36.3024371
            ],
            [
              139.955391,
              36.3021934
            ],
            [
              139.955091,
              36.301712
            ],
            [
              139.9548255,
              36.3012861
            ],
            [
              139.9543123,
              36.3004586
            ],
            [
              139.9542406,
              36.3003524
            ],
            [
              139.9541614,
              36.3002446
            ],
            [
              139.9540175,
              36.3000808
            ],
            [
              139.9539036,
              36.2999584
            ],
            [
              139.9537698,
              36.2998417
            ],
            [
              139.9534052,
              36.2995622
            ],
            [
              139.9528621,
              36.2991465
            ],
            [
              139.9512833,
              36.2978825
            ],
            [
              139.9508962,
              36.2975297
            ],
            [
              139.9505131,
              36.2972486
            ],
            [
              139.9501951,
              36.2970337
            ],
            [
              139.9495308,
              36.2966761
            ],
            [
              139.9491077,
              36.2964976
            ],
            [
              139.9486745,
              36.2963383
            ],
            [
              139.9481061,
              36.2961724
            ],
            [
              139.9475746,
              36.2960571
            ],
            [
              139.9451317,
              36.2956943
            ],
            [
              139.9429971,
              36.2953772
            ],
            [
              139.9418919,
              36.2952053
            ],
            [
              139.9412153,
              36.2951044
            ],
            [
              139.9400578,
              36.2949303
            ],
            [
              139.9394762,
              36.2948432
            ],
            [
              139.9373546,
              36.2945257
            ],
            [
              139.9373294,
              36.2945218
            ],
            [
              139.9372824,
              36.2945147
            ],
            [
              139.9346082,
              36.2941112
            ],
            [
              139.9299632,
              36.2934127
            ],
            [
              139.9290725,
              36.2932787
            ],
            [
              139.9275363,
              36.2930446
            ],
            [
              139.9274651,
              36.2930334
            ],
            [
              139.9268915,
              36.2929409
            ],
            [
              139.9254299,
              36.2927171
            ],
            [
              139.924998,
              36.292659
            ],
            [
              139.9249369,
              36.2926507
            ],
            [
              139.9247501,
              36.2926256
            ]
          ],
          [
            [
              139.9750151,
              36.3254542
            ],
            [
              139.9748284,
              36.3254321
            ],
            [
              139.9744197,
              36.3254566
            ],
            [
              139.9736263,
              36.3255351
            ],
            [
              139.9729297,
              36.3256064
            ],
            [
              139.9721743,
              36.3257025
            ],
            [
              139.9715418,
              36.325811
            ]
          ],
          [
            [
              139.9512833,
              36.2978825
            ],
            [
              139.9527119,
              36.299426
            ],
            [
              139.9529358,
              36.2996637
            ],
            [
              139.9537361,
              36.3005291
            ],
            [
              139.9543325,
              36.3011754
            ],
            [
              139.9545094,
              36.3014087
            ],
            [
              139.9546221,
              36.3015967
            ],
            [
              139.9547321,
              36.3018129
            ],
            [
              139.954834,
              36.3021047
            ],
            [
              139.9549091,
              36.3023879
            ],
            [
              139.9549735,
              36.3027164
            ],
            [
              139.9550164,
              36.3030212
            ]
          ],
          [
            [
              139.4443524,
              36.3095551
            ],
            [
              139.4438578,
              36.3096686
            ],
            [
              139.4430205,
              36.3098971
            ],
            [
              139.442269,
              36.3101086
            ],
            [
              139.4415627,
              36.3103097
            ],
            [
              139.4410233,
              36.3104653
            ],
            [
              139.4394859,
              36.3109166
            ]
          ],
          [
            [
              139.1606178,
              36.3685841
            ],
            [
              139.1602711,
              36.3685262
            ],
            [
              139.1588855,
              36.3685909
            ],
            [
              139.1576084,
              36.3686405
            ],
            [
              139.1556744,
              36.3687311
            ],
            [
              139.1546852,
              36.3687829
            ],
            [
              139.1544324,
              36.3687905
            ],
            [
              139.1542225,
              36.3687968
            ],
            [
              139.153818,
              36.3688166
            ],
            [
              139.1537029,
              36.3688261
            ],
            [
              139.1534152,
              36.3688378
            ],
            [
              139.1523936,
              36.368888
            ],
            [
              139.1516425,
              36.3689321
            ],
            [
              139.1513922,
              36.3689441
            ],
            [
              139.1512309,
              36.3689582
            ],
            [
              139.1506972,
              36.3690063
            ],
            [
              139.1501916,
              36.3690616
            ],
            [
              139.1500738,
              36.3690728
            ],
            [
              139.1499692,
              36.3690881
            ],
            [
              139.1486625,
              36.3692784
            ],
            [
              139.1481814,
              36.3693437
            ],
            [
              139.1480892,
              36.369358
            ],
            [
              139.1473845,
              36.3694641
            ],
            [
              139.146531,
              36.3695917
            ],
            [
              139.1450083,
              36.3698251
            ],
            [
              139.1448436,
              36.3698454
            ],
            [
              139.144679,
              36.3698714
            ],
            [
              139.1430287,
              36.3701292
            ],
            [
              139.1422282,
              36.370253
            ],
            [
              139.1412575,
              36.3704075
            ],
            [
              139.1406132,
              36.3705122
            ],
            [
              139.1396553,
              36.3706731
            ],
            [
              139.1378292,
              36.3710411
            ],
            [
              139.1377276,
              36.3710661
            ],
            [
              139.1363334,
              36.3713701
            ],
            [
              139.134478,
              36.371783
            ],
            [
              139.1335604,
              36.3719846
            ],
            [
              139.1325817,
              36.3722187
            ],
            [
              139.131585,
              36.3724331
            ],
            [
              139.1315204,
              36.372447
            ],
            [
              139.1311755,
              36.3725247
            ],
            [
              139.1311369,
              36.3725336
            ],
            [
              139.1310962,
              36.3725426
            ],
            [
              139.1300285,
              36.3727788
            ],
            [
              139.1292604,
              36.3729471
            ],
            [
              139.1290153,
              36.3730094
            ],
            [
              139.1274057,
              36.3733651
            ],
            [
              139.1273718,
              36.3733726
            ],
            [
              139.1265762,
              36.3735489
            ],
            [
              139.1265284,
              36.3735591
            ],
            [
              139.1265121,
              36.3735626
            ],
            [
              139.125668,
              36.3737451
            ],
            [
              139.125378,
              36.373806
            ],
            [
              139.1252052,
              36.3738492
            ],
            [
              139.1248765,
              36.3739324
            ],
            [
              139.1242656,
              36.3740914
            ],
            [
              139.1237265,
              36.3742493
            ],
            [
              139.1232488,
              36.3743991
            ],
            [
              139.1227546,
              36.3745624
            ],
            [
              139.1212001,
              36.3751383
            ],
            [
              139.120526,
              36.3753895
            ],
            [
              139.1188877,
              36.3760101
            ],
            [
              139.1180423,
              36.3763169
            ],
            [
              139.1166749,
              36.3768442
            ],
            [
              139.1160246,
              36.3770886
            ],
            [
              139.1146177,
              36.3776173
            ],
            [
              139.113126,
              36.3781685
            ],
            [
              139.1129521,
              36.3782328
            ],
            [
              139.1126423,
              36.3783537
            ],
            [
              139.112299,
              36.3784833
            ],
            [
              139.1118644,
              36.378642
            ],
            [
              139.1116338,
              36.3787293
            ],
            [
              139.1105124,
              36.3791538
            ],
            [
              139.1099781,
              36.3793467
            ],
            [
              139.1096031,
              36.3794891
            ],
            [
              139.1092973,
              36.3796068
            ],
            [
              139.1091143,
              36.3796721
            ],
            [
              139.1077015,
              36.3801996
            ],
            [
              139.1074493,
              36.380293
            ],
            [
              139.1072829,
              36.3803497
            ],
            [
              139.1071764,
              36.3803859
            ],
            [
              139.1068143,
              36.3805002
            ],
            [
              139.106643,
              36.3805542
            ],
            [
              139.106301,
              36.3806514
            ],
            [
              139.1057632,
              36.380768
            ],
            [
              139.1052268,
              36.3808664
            ],
            [
              139.1049346,
              36.3809149
            ],
            [
              139.1041706,
              36.3810417
            ],
            [
              139.1032785,
              36.3811941
            ],
            [
              139.1030937,
              36.3812285
            ],
            [
              139.102352,
              36.381349
            ],
            [
              139.1017986,
              36.3814464
            ],
            [
              139.1016366,
              36.3814749
            ],
            [
              139.1014119,
              36.3815146
            ],
            [
              139.1008453,
              36.3816031
            ],
            [
              139.1000038,
              36.3817478
            ],
            [
              139.0992353,
              36.3818746
            ],
            [
              139.0984508,
              36.3819977
            ],
            [
              139.0983234,
              36.3820776
            ]
          ]
        ]
      },
      "id": "relation/2954632"
    },
    {
      "type": "Feature",
      "properties": {
        "@id": "relation/9315585",
        "name": "笠間バイパス（国道50号）",
        "name:en": "Kasama By-Pass",
        "network": "JP:national",
        "ref": "50",
        "route": "road",
        "type": "route",
        "wikipedia": "ja:笠間バイパス"
      },
      "geometry": {
        "type": "LineString",
        "coordinates": [
          [
            140.2316184,
            36.384074
          ],
          [
            140.231838,
            36.3842574
          ],
          [
            140.2318805,
            36.3842926
          ],
          [
            140.2320826,
            36.3844598
          ],
          [
            140.2330124,
            36.385258
          ],
          [
            140.2331394,
            36.3853596
          ],
          [
            140.2340581,
            36.3860944
          ],
          [
            140.2342216,
            36.3862992
          ],
          [
            140.2364277,
            36.3881028
          ],
          [
            140.2368839,
            36.3884885
          ],
          [
            140.2369291,
            36.3885266
          ],
          [
            140.2371227,
            36.3886903
          ],
          [
            140.2372982,
            36.3888347
          ],
          [
            140.2376785,
            36.3891475
          ],
          [
            140.2382296,
            36.389591
          ],
          [
            140.2384201,
            36.3897337
          ],
          [
            140.2386668,
            36.3899015
          ],
          [
            140.2389192,
            36.3900638
          ],
          [
            140.2391429,
            36.3901997
          ],
          [
            140.2392931,
            36.3902868
          ],
          [
            140.2393303,
            36.3903088
          ],
          [
            140.2395603,
            36.390441
          ],
          [
            140.2397318,
            36.3905334
          ],
          [
            140.2398279,
            36.3905828
          ],
          [
            140.2400751,
            36.3907039
          ],
          [
            140.2403143,
            36.3908196
          ],
          [
            140.2406027,
            36.3909462
          ],
          [
            140.2409533,
            36.3910862
          ],
          [
            140.2412409,
            36.3911922
          ],
          [
            140.2426493,
            36.3916832
          ],
          [
            140.2439981,
            36.3921347
          ],
          [
            140.2458657,
            36.3927823
          ],
          [
            140.246632,
            36.3930445
          ],
          [
            140.2474665,
            36.393339
          ],
          [
            140.2476225,
            36.3933929
          ],
          [
            140.2479967,
            36.3935077
          ],
          [
            140.2483923,
            36.3936197
          ],
          [
            140.2486928,
            36.3936986
          ],
          [
            140.2489995,
            36.393765
          ],
          [
            140.249425,
            36.3938521
          ],
          [
            140.2497348,
            36.393904
          ],
          [
            140.2498014,
            36.3939129
          ],
          [
            140.2502194,
            36.3939618
          ],
          [
            140.2507984,
            36.3940216
          ],
          [
            140.2508593,
            36.3940266
          ],
          [
            140.2510783,
            36.3940395
          ],
          [
            140.2512792,
            36.3940464
          ],
          [
            140.2516426,
            36.3940566
          ],
          [
            140.2519206,
            36.3940589
          ],
          [
            140.2521809,
            36.3940584
          ],
          [
            140.2524838,
            36.394049
          ],
          [
            140.2527619,
            36.394034
          ],
          [
            140.2532896,
            36.3939887
          ],
          [
            140.2537645,
            36.3939418
          ],
          [
            140.2545781,
            36.3938524
          ],
          [
            140.254785,
            36.3938287
          ],
          [
            140.254945,
            36.3938135
          ],
          [
            140.2563459,
            36.3936626
          ],
          [
            140.2578622,
            36.3935064
          ],
          [
            140.2584686,
            36.3934464
          ],
          [
            140.2585394,
            36.3934394
          ],
          [
            140.2587121,
            36.3934223
          ],
          [
            140.2588801,
            36.3934065
          ],
          [
            140.25937,
            36.3933604
          ],
          [
            140.2597227,
            36.3933228
          ],
          [
            140.26094,
            36.3931944
          ],
          [
            140.2617554,
            36.393108
          ],
          [
            140.2618218,
            36.393101
          ],
          [
            140.2620135,
            36.3930434
          ],
          [
            140.2618069,
            36.3930127
          ],
          [
            140.2595765,
            36.3932366
          ],
          [
            140.259218,
            36.3932737
          ],
          [
            140.2589241,
            36.393305
          ],
          [
            140.258866,
            36.3933111
          ],
          [
            140.2586881,
            36.3933296
          ],
          [
            140.2585239,
            36.3933468
          ],
          [
            140.2572273,
            36.3934843
          ],
          [
            140.2559256,
            36.3936204
          ],
          [
            140.2549946,
            36.3937086
          ],
          [
            140.2549284,
            36.3937149
          ],
          [
            140.2547753,
            36.3937283
          ],
          [
            140.2534966,
            36.3938646
          ],
          [
            140.2527571,
            36.3939322
          ],
          [
            140.2524643,
            36.3939479
          ],
          [
            140.2521878,
            36.3939598
          ],
          [
            140.2516611,
            36.3939667
          ],
          [
            140.2513218,
            36.3939551
          ],
          [
            140.251285,
            36.3939535
          ],
          [
            140.2510876,
            36.3939449
          ],
          [
            140.2508687,
            36.3939285
          ],
          [
            140.2501555,
            36.393865
          ],
          [
            140.2498974,
            36.3938251
          ],
          [
            140.2495999,
            36.3937804
          ],
          [
            140.2492478,
            36.3937155
          ],
          [
            140.2490451,
            36.3936741
          ],
          [
            140.2488241,
            36.3936256
          ],
          [
            140.2486262,
            36.3935771
          ],
          [
            140.2484205,
            36.3935256
          ],
          [
            140.2480397,
            36.3934181
          ],
          [
            140.2478225,
            36.3933544
          ],
          [
            140.24763,
            36.3932968
          ],
          [
            140.2468606,
            36.3930354
          ],
          [
            140.245895,
            36.3927045
          ],
          [
            140.2444934,
            36.3922185
          ],
          [
            140.2431059,
            36.3917352
          ],
          [
            140.2426973,
            36.3915933
          ],
          [
            140.24199,
            36.3913611
          ],
          [
            140.2412613,
            36.3910991
          ],
          [
            140.2409969,
            36.3910022
          ],
          [
            140.2406452,
            36.3908578
          ],
          [
            140.2403672,
            36.3907311
          ],
          [
            140.2401364,
            36.390622
          ],
          [
            140.2398479,
            36.3904775
          ],
          [
            140.2397933,
            36.3904463
          ],
          [
            140.2395875,
            36.3903287
          ],
          [
            140.2394048,
            36.3902265
          ],
          [
            140.2392938,
            36.3901594
          ],
          [
            140.2390748,
            36.3900166
          ],
          [
            140.2387445,
            36.3898069
          ],
          [
            140.2384185,
            36.3895943
          ],
          [
            140.2380753,
            36.3893375
          ],
          [
            140.2377616,
            36.3890785
          ],
          [
            140.2374344,
            36.3887999
          ],
          [
            140.2373871,
            36.3887617
          ],
          [
            140.2372684,
            36.3886658
          ],
          [
            140.2370182,
            36.388457
          ],
          [
            140.236513,
            36.3880351
          ],
          [
            140.2361363,
            36.3877228
          ],
          [
            140.2343238,
            36.3862398
          ],
          [
            140.2340581,
            36.3860944
          ]
        ]
      },
      "id": "relation/9315585"
    },
    {
      "type": "Feature",
      "properties": {
        "@id": "relation/17497052",
        "name": "国道50号桜川筑西インターチェンジ関連事業（延伸部）",
        "network": "JP:national",
        "ref": "50",
        "route": "road",
        "source": "https://www.ktr.mlit.go.jp/hitachi/hitachi00147.html",
        "type": "route"
      },
      "geometry": {
        "type": "MultiLineString",
        "coordinates": [
          [
            [
              140.0745136,
              36.3525806
            ],
            [
              140.0747777,
              36.3526305
            ],
            [
              140.0751018,
              36.352708
            ],
            [
              140.075566,
              36.3528948
            ],
            [
              140.0762177,
              36.3532112
            ],
            [
              140.0764239,
              36.3533222
            ]
          ],
          [
            [
              140.07648,
              36.3532398
            ],
            [
              140.0762801,
              36.3531419
            ],
            [
              140.0756076,
              36.352816
            ],
            [
              140.07523,
              36.3526841
            ],
            [
              140.0748947,
              36.3525739
            ],
            [
              140.0746756,
              36.3525159
            ],
            [
              140.0745386,
              36.3524751
            ],
            [
              140.0740969,
              36.3524133
            ],
            [
              140.0737842,
              36.3523582
            ],
            [
              140.0734922,
              36.3523178
            ],
            [
              140.0731745,
              36.3522778
            ],
            [
              140.0725621,
              36.3522179
            ],
            [
              140.0687679,
              36.3519066
            ],
            [
              140.0661218,
              36.3516636
            ],
            [
              140.0655501,
              36.3516023
            ],
            [
              140.0634195,
              36.3513904
            ],
            [
              140.0628267,
              36.3513401
            ],
            [
              140.0616342,
              36.3512226
            ],
            [
              140.0611004,
              36.3511664
            ],
            [
              140.0605826,
              36.3510948
            ],
            [
              140.0602582,
              36.3510411
            ],
            [
              140.0598119,
              36.3509516
            ]
          ]
        ]
      },
      "id": "relation/17497052"
    },
    {
      "type": "Feature",
      "properties": {
        "@id": "relation/17497053",
        "name": "国道50号桜川筑西インターチェンジ関連事業",
        "network": "JP:national",
        "ref": "50",
        "route": "road",
        "source": "https://www.ktr.mlit.go.jp/hitachi/hitachi00147.html",
        "type": "route"
      },
      "geometry": {
        "type": "MultiLineString",
        "coordinates": [
          [
            [
              140.0901574,
              36.3590253
            ],
            [
              140.0896877,
              36.3587795
            ],
            [
              140.089153,
              36.3585393
            ],
            [
              140.0885991,
              36.3583225
            ],
            [
              140.086267,
              36.3574961
            ],
            [
              140.0853237,
              36.3571619
            ],
            [
              140.0846925,
              36.3569367
            ],
            [
              140.0844685,
              36.3568557
            ],
            [
              140.0841421,
              36.3567364
            ],
            [
              140.0836427,
              36.3565635
            ],
            [
              140.0831512,
              36.3563951
            ],
            [
              140.0825506,
              36.3561815
            ],
            [
              140.082082,
              36.3560182
            ],
            [
              140.0817306,
              36.3558822
            ],
            [
              140.08149,
              36.3557785
            ],
            [
              140.0809757,
              36.3555556
            ],
            [
              140.0803218,
              36.3552336
            ],
            [
              140.0797981,
              36.3549626
            ],
            [
              140.07909,
              36.3545947
            ],
            [
              140.0781285,
              36.3540938
            ],
            [
              140.0774363,
              36.3537375
            ],
            [
              140.076963,
              36.353493
            ],
            [
              140.07648,
              36.3532398
            ]
          ],
          [
            [
              140.0764239,
              36.3533222
            ],
            [
              140.0768969,
              36.3535696
            ],
            [
              140.0773841,
              36.3538246
            ],
            [
              140.0780627,
              36.3541756
            ],
            [
              140.079044,
              36.3546772
            ],
            [
              140.0797445,
              36.3550429
            ],
            [
              140.0802546,
              36.3553069
            ],
            [
              140.0809407,
              36.355638
            ],
            [
              140.0814027,
              36.3558436
            ],
            [
              140.0814692,
              36.3558726
            ],
            [
              140.0816878,
              36.3559707
            ],
            [
              140.0820391,
              36.3561057
            ],
            [
              140.0825326,
              36.356285
            ],
            [
              140.0833912,
              36.3565869
            ],
            [
              140.0838536,
              36.3567505
            ],
            [
              140.084452,
              36.356963
            ],
            [
              140.0846766,
              36.3570408
            ],
            [
              140.0853201,
              36.3572761
            ],
            [
              140.0885481,
              36.3584056
            ],
            [
              140.0891019,
              36.3586239
            ],
            [
              140.08963,
              36.3588672
            ],
            [
              140.0900838,
              36.3591103
            ]
          ]
        ]
      },
      "id": "relation/17497053"
    }
  ]
}